contrast_id	human_source_symbol	human_gene_id	human_symbol_mapping_method	human_direction	human_avg_log2FC	rat_gene_id	rat_official_symbol	reciprocal_one_to_one	present_in_rat_matrix	passes_rat_expression_filter
early_allcell_diabetes_vs_control	ABI3	51225	official_exact	down	-0.764865395	303476	Abi3	True	True	False
early_allcell_diabetes_vs_control	ABTB3	121551	official_exact	down	-1.44353696	314675	Abtb3	True	True	False
early_allcell_diabetes_vs_control	ACACB	32	official_exact	up	0.611960026	116719	Acacb	True	True	False
early_allcell_diabetes_vs_control	ACAD11	84129	official_exact	up	0.769777587	315973	Acad11	True	True	True
early_allcell_diabetes_vs_control	ACAP1	9744	official_exact	down	-0.822667821	287443	Acap1	True	True	False
early_allcell_diabetes_vs_control	ACKR2	1238	official_exact	up	0.849663294	140473	Ackr2	True	True	False
early_allcell_diabetes_vs_control	ACTMAP	284325	official_exact	down	-0.920982195	499106	Actmap	True	True	True
early_allcell_diabetes_vs_control	ADAM20	8748	official_exact	up	0.700878168			False	False	False
early_allcell_diabetes_vs_control	ADAMTS14	140766	official_exact	up	0.619310727	309837	Adamts14	True	True	False
early_allcell_diabetes_vs_control	ADGRG5	221188	official_exact	down	-1.169518496	307645	Adgrg5	True	True	False
early_allcell_diabetes_vs_control	ADH1C	126	official_exact	up	0.75116084	24172	Adh1c	True	False	False
early_allcell_diabetes_vs_control	ADHFE1	137872	official_exact	up	0.638690693	362474	Adhfe1	True	True	False
early_allcell_diabetes_vs_control	ADIPOR2	79602	official_exact	up	0.662443164	312670	Adipor2	True	True	True
early_allcell_diabetes_vs_control	ADSS2	159	official_exact	down	-1.766576184	289276	Adss2	True	True	True
early_allcell_diabetes_vs_control	AEN	64782	official_exact	down	-0.629090631	361594	Aen	True	True	True
early_allcell_diabetes_vs_control	AIF1	199	official_exact	down	-1.380830602	29427	Aif1	True	True	True
early_allcell_diabetes_vs_control	AKAP9	10142	official_exact	up	0.605440542	246150	Akap9	True	True	True
early_allcell_diabetes_vs_control	AKR1A1	10327	official_exact	down	-0.745850322	78959	Akr1a1	True	True	True
early_allcell_diabetes_vs_control	ALCAM	214	official_exact	up	0.606839771	79559	Alcam	True	True	True
early_allcell_diabetes_vs_control	ALKAL2	285016	official_exact	up	0.608573711	679566	Alkal2	True	True	True
early_allcell_diabetes_vs_control	ALYREF	10189	official_exact	down	-0.727540562	690585	Alyref	True	True	True
early_allcell_diabetes_vs_control	ANAPC16	119504	official_exact	up	0.627094769	100360936	Anapc16	True	True	True
early_allcell_diabetes_vs_control	ANGEL2	90806	official_exact	up	0.890963924	305035	Angel2	True	True	True
early_allcell_diabetes_vs_control	ANGPTL2	23452	official_exact	down	-0.69704034	171100	Angptl2	True	True	False
early_allcell_diabetes_vs_control	ANGPTL4	51129	official_exact	up	1.147547428	362850	Angptl4	True	True	True
early_allcell_diabetes_vs_control	ANKAR	150709	official_exact	up	0.890805713	501138	Ankar	True	True	False
early_allcell_diabetes_vs_control	ANKRD12	23253	official_exact	up	0.891222044	316775	Ankrd12	True	True	True
early_allcell_diabetes_vs_control	ANKRD26	22852	official_exact	up	0.759606069	312667	Ankrd26	True	True	True
early_allcell_diabetes_vs_control	ANKS1B	56899	official_exact	up	0.99962149	314721	Anks1b	True	True	True
early_allcell_diabetes_vs_control	ANP32A	8125	official_exact	down	-0.824511081	25379	Anp32a	True	True	True
early_allcell_diabetes_vs_control	AP1S3	130340	official_exact	up	0.646010324	367304	Ap1s3	True	True	True
early_allcell_diabetes_vs_control	APBB2	323	official_exact	up	0.591704506	305338	Apbb2	True	True	False
early_allcell_diabetes_vs_control	APOL4	80832	official_exact	up	1.185044825			False	False	False
early_allcell_diabetes_vs_control	APPBP2	10513	official_exact	up	0.619386026	303396	Appbp2	True	True	True
early_allcell_diabetes_vs_control	AQP3	360	official_exact	up	0.691257068	65133	Aqp3	True	True	False
early_allcell_diabetes_vs_control	ARHGAP10	79658	official_exact	up	1.059624117	688429	Arhgap10	True	True	True
early_allcell_diabetes_vs_control	ARHGAP21	57584	official_exact	up	0.767393772	307178	Arhgap21	True	True	True
early_allcell_diabetes_vs_control	ARHGAP4	393	official_exact	down	-0.963021959	246249	Arhgap4	True	True	False
early_allcell_diabetes_vs_control	ARL4A	10124	official_exact	up	0.755171183	29308	Arl4a	True	True	True
early_allcell_diabetes_vs_control	ARSI	340075	official_exact	down	-0.664551702	307404	Arsi	True	True	False
early_allcell_diabetes_vs_control	ARSL	415	official_exact	down	-1.340515148			False	False	False
early_allcell_diabetes_vs_control	ATOSA	56204	official_exact	down	-2.08642949	300836	Atosa	True	True	True
early_allcell_diabetes_vs_control	ATP10A	57194	official_exact	up	0.733001655	365266	Atp10a	True	True	False
early_allcell_diabetes_vs_control	AVPI1	60370	official_exact	up	0.59745538	171386	Avpi1	True	True	True
early_allcell_diabetes_vs_control	B3GALT1	8708	official_exact	up	0.748201261	366064	B3galt1	True	True	True
early_allcell_diabetes_vs_control	B3GALT9	100288842	official_exact	down	-1.543029326	103691796	B3galt9	True	False	False
early_allcell_diabetes_vs_control	BARD1	580	official_exact	up	0.761493052	64557	Bard1	True	True	False
early_allcell_diabetes_vs_control	BBS2	583	official_exact	up	0.730822123	113948	Bbs2	True	True	True
early_allcell_diabetes_vs_control	BCKDHB	594	official_exact	up	0.601245126	29711	Bckdhb	True	True	True
early_allcell_diabetes_vs_control	BCL6	604	official_exact	up	0.768697351	303836	Bcl6	True	True	True
early_allcell_diabetes_vs_control	BCO2	83875	official_exact	up	0.633033469	315644	Bco2	True	True	False
early_allcell_diabetes_vs_control	BLOC1S2	282991	official_exact	down	-0.816293779	293938	Bloc1s2	True	True	True
early_allcell_diabetes_vs_control	BLTP1	84162	official_exact	down	-1.730743843	294978	Bltp1	True	True	True
early_allcell_diabetes_vs_control	BMAL1	406	official_exact	down	-1.468103203	29657	Bmal1	True	True	True
early_allcell_diabetes_vs_control	BPNT2	54928	official_exact	down	-1.99139835	312952	Bpnt2	True	False	False
early_allcell_diabetes_vs_control	BRCA1	672	official_exact	down	-0.74840215	497672	Brca1	True	True	True
early_allcell_diabetes_vs_control	BRINP2	57795	official_exact	up	0.670167138	286895	Brinp2	True	True	True
early_allcell_diabetes_vs_control	BTBD3	22903	official_exact	up	0.634379138	311462	Btbd3	True	True	True
early_allcell_diabetes_vs_control	C12orf57	113246	official_exact	down	-0.688888525	100362005	Grcc10	True	True	False
early_allcell_diabetes_vs_control	C19orf44	84167	official_exact	up	0.588210222	290615	C16h19orf44	True	True	True
early_allcell_diabetes_vs_control	C1QTNF1	114897	official_exact	down	-0.593599664	303701	C1qtnf1	True	True	True
early_allcell_diabetes_vs_control	C2CD3	26005	official_exact	up	0.719113436	293148	C2cd3	True	True	True
early_allcell_diabetes_vs_control	C5	727	official_exact	up	0.650617691	362119	C5	True	True	True
early_allcell_diabetes_vs_control	C6orf52	347744	official_exact	up	0.608020144	498729	C17h6orf52	True	True	True
early_allcell_diabetes_vs_control	C7	730	official_exact	up	0.67210223	117517	C7	True	True	False
early_allcell_diabetes_vs_control	CACNA2D1	781	official_exact	up	0.655684521	25399	Cacna2d1	True	True	True
early_allcell_diabetes_vs_control	CACNA2D3	55799	official_exact	up	0.608213575	306243	Cacna2d3	True	True	True
early_allcell_diabetes_vs_control	CACNA2D4	93589	official_exact	down	-0.898982397	312668	Cacna2d4	True	True	False
early_allcell_diabetes_vs_control	CAPN15	6650	official_exact	down	-0.619833937	303000	Capn15	True	True	True
early_allcell_diabetes_vs_control	CAPN7	23473	official_exact	up	0.623764777	306260	Capn7	True	True	True
early_allcell_diabetes_vs_control	CARS1	833	official_exact	down	-2.226978788	293638	Cars1	True	True	True
early_allcell_diabetes_vs_control	CASTOR1	652968	official_exact	up	0.899554778	360969	Castor1	True	True	True
early_allcell_diabetes_vs_control	CBLN2	147381	official_exact	up	0.716994109	291388	Cbln2	True	True	True
early_allcell_diabetes_vs_control	CCAR1	55749	official_exact	up	0.645899152	361849	Ccar1	True	True	True
early_allcell_diabetes_vs_control	CCDC110	256309	official_exact	down	-0.611897281	290755	Ccdc110	True	False	False
early_allcell_diabetes_vs_control	CCDC14	64770	official_exact	up	0.920291825	288054	Ccdc14	True	True	False
early_allcell_diabetes_vs_control	CCDC88B	283234	official_exact	down	-0.634993603	293698	Ccdc88b	True	True	False
early_allcell_diabetes_vs_control	CCL14	6358	official_exact	down	-0.714017319			False	False	False
early_allcell_diabetes_vs_control	CCN2	1490	official_exact	up	0.998152184	64032	Ccn2	True	True	True
early_allcell_diabetes_vs_control	CCN4	8840	official_exact	up	0.917746306	65154	Ccn4	True	True	True
early_allcell_diabetes_vs_control	CCN5	8839	official_exact	down	-0.94885516	29576	Ccn5	True	True	False
early_allcell_diabetes_vs_control	CCSER1	401145	official_exact	up	0.743769143	500153	Ccser1	True	True	True
early_allcell_diabetes_vs_control	CD248	57124	official_exact	down	-1.300509258	293669	Cd248	True	False	False
early_allcell_diabetes_vs_control	CD58	965	official_exact	up	0.624424563			False	False	False
early_allcell_diabetes_vs_control	CD74	972	official_exact	down	-0.808713879	25599	Cd74	True	True	True
early_allcell_diabetes_vs_control	CD93	22918	official_exact	down	-0.921945946	84398	Cd93	True	True	True
early_allcell_diabetes_vs_control	CDC42BPA	8476	official_exact	up	0.626606371	114116	Cdc42bpa	True	True	True
early_allcell_diabetes_vs_control	CDC42EP1	11135	official_exact	down	-0.80192052	315121	Cdc42ep1	True	True	True
early_allcell_diabetes_vs_control	CDC42EP3	10602	official_exact	up	0.879288248	313838	Cdc42ep3	True	True	True
early_allcell_diabetes_vs_control	CDC6	990	official_exact	down	-1.198744413	360621	Cdc6	True	True	True
early_allcell_diabetes_vs_control	CDKN2A	1029	official_exact	down	-0.862776173			False	False	False
early_allcell_diabetes_vs_control	CENATAC	338657	official_exact	down	-1.139426922	689046	Cenatac	True	True	True
early_allcell_diabetes_vs_control	CENPP	401541	official_exact	down	-0.674176604	679342	Cenpp	True	False	False
early_allcell_diabetes_vs_control	CEP131	22994	official_exact	down	-0.662519912	360672	Cep131	True	True	True
early_allcell_diabetes_vs_control	CEP43	11116	official_exact	down	-1.72961874	683722	Cep43	True	True	True
early_allcell_diabetes_vs_control	CFAP69	79846	official_exact	up	0.602627198	100910867	Cfap69	True	True	True
early_allcell_diabetes_vs_control	CFAP91	89876	official_exact	down	-0.999415965	303920	Cfap91	True	True	False
early_allcell_diabetes_vs_control	CHD9	80205	official_exact	up	0.600596431	307726	Chd9	True	True	True
early_allcell_diabetes_vs_control	CHD9NB	105371267	official_exact	down	-1.223694914	134483616	Chd9nb	True	False	False
early_allcell_diabetes_vs_control	CHI3L1	1116	official_exact	up	0.787719975	89824	Chi3l1	True	True	False
early_allcell_diabetes_vs_control	CHST7	56548	official_exact	up	0.794099256	302302	Chst7	True	True	False
early_allcell_diabetes_vs_control	CIITA	4261	official_exact	down	-0.617537716	85483	Ciita	True	True	False
early_allcell_diabetes_vs_control	CITED2	10370	official_exact	up	0.767766466	114490	Cited2	True	True	True
early_allcell_diabetes_vs_control	CLDN1	9076	official_exact	up	1.043238705	65129	Cldn1	True	True	True
early_allcell_diabetes_vs_control	CLDN11	5010	official_exact	up	0.923169767	84588	Cldn11	True	True	False
early_allcell_diabetes_vs_control	CLDN12	9069	official_exact	up	0.602409044	500000	Cldn12	True	True	True
early_allcell_diabetes_vs_control	CLDN19	149461	official_exact	down	-0.616356448	298487	Cldn19	True	True	True
early_allcell_diabetes_vs_control	CLEC1A	51267	official_exact	up	0.770832241	500337	Clec1a	True	True	True
early_allcell_diabetes_vs_control	CLIP4	79745	official_exact	up	0.756280995	298801	Clip4	True	True	True
early_allcell_diabetes_vs_control	CLK1	1195	official_exact	up	0.638790887	301434	Clk1	True	True	True
early_allcell_diabetes_vs_control	CLK2	1196	official_exact	up	0.806985154	365842	Clk2	True	False	False
early_allcell_diabetes_vs_control	CLOCK	9575	official_exact	up	0.612397107	60447	Clock	True	True	True
early_allcell_diabetes_vs_control	CMPK2	129607	official_exact	up	0.659789484	314004	Cmpk2	True	True	True
early_allcell_diabetes_vs_control	CNOT1	23019	official_exact	up	0.650949257	291841	Cnot1	True	True	True
early_allcell_diabetes_vs_control	COBLL1	22837	official_exact	up	0.849795136	311088	Cobll1	True	True	True
early_allcell_diabetes_vs_control	COL12A1	1303	official_exact	up	0.657332977	25683	Col12a1	True	True	True
early_allcell_diabetes_vs_control	COL15A1	1306	official_exact	down	-0.902368184	298069	Col15a1	True	True	False
early_allcell_diabetes_vs_control	COL1A1	1277	official_exact	down	-0.58600467	29393	Col1a1	True	True	True
early_allcell_diabetes_vs_control	COL6A3	1293	official_exact	down	-1.175054498	367313	Col6a3	True	False	False
early_allcell_diabetes_vs_control	CORO1A	11151	official_exact	down	-0.808000572	155151	Coro1a	True	True	True
early_allcell_diabetes_vs_control	CPLANE1	65250	official_exact	up	0.764054706	310137	Cplane1	True	True	True
early_allcell_diabetes_vs_control	CPNE4	131034	official_exact	down	-0.873277843	367160	Cpne4	True	True	True
early_allcell_diabetes_vs_control	CPSF1	29894	official_exact	up	0.702091516	366952	Cpsf1	True	True	True
early_allcell_diabetes_vs_control	CREB3L2	64764	official_exact	down	-0.925346161	362339	Creb3l2	True	True	True
early_allcell_diabetes_vs_control	CRYAB	1410	official_exact	down	-0.766059369	25420	Cryab	True	True	True
early_allcell_diabetes_vs_control	CRYBG3	131544	official_exact	up	0.709740406	288204	Crybg3	True	True	True
early_allcell_diabetes_vs_control	CSGALNACT2	55454	official_exact	up	0.690054752	297554	Csgalnact2	True	True	True
early_allcell_diabetes_vs_control	CSPG4	1464	official_exact	down	-0.586328343	81651	Cspg4	True	True	True
early_allcell_diabetes_vs_control	CTDSPL2	51496	official_exact	up	0.599442419	311368	Ctdspl2	True	True	True
early_allcell_diabetes_vs_control	CTNNB1	1499	official_exact	up	0.657447131	84353	Ctnnb1	True	True	True
early_allcell_diabetes_vs_control	CXCL12	6387	official_exact	down	-0.66500107	24772	Cxcl12	True	True	True
early_allcell_diabetes_vs_control	CYB561D2	11068	official_exact	down	-0.653867129	363137	Cyb561d2	True	True	True
early_allcell_diabetes_vs_control	CYB5R2	51700	official_exact	down	-0.701100889	365345	Cyb5r2	True	True	True
early_allcell_diabetes_vs_control	CYBA	1535	official_exact	down	-0.887009051	79129	Cyba	True	True	True
early_allcell_diabetes_vs_control	CYP20A1	57404	official_exact	up	0.596158505	316435	Cyp20a1	True	True	True
early_allcell_diabetes_vs_control	CYP2W1	54905	official_exact	up	1.132149388	288517	Cyp2w1	True	False	False
early_allcell_diabetes_vs_control	CYRIB	51571	official_exact	down	-2.668069702	299909	Cyrib	True	True	True
early_allcell_diabetes_vs_control	DARS1	1615	official_exact	down	-1.748652435	116483	Dars1	True	True	True
early_allcell_diabetes_vs_control	DCLK3	85443	official_exact	down	-1.012907587	316023	Dclk3	True	True	True
early_allcell_diabetes_vs_control	DDTL	100037417	official_exact	down	-0.951488882			False	False	False
early_allcell_diabetes_vs_control	DDX17	10521	official_exact	up	0.825313323	315133	Ddx17	True	True	True
early_allcell_diabetes_vs_control	DDX3Y	8653	official_exact	up	0.588356778	100312982	Ddx3y	True	True	False
early_allcell_diabetes_vs_control	DDX43	55510	official_exact	up	0.987320448	682138	Ddx43	True	True	False
early_allcell_diabetes_vs_control	DEF6	50619	official_exact	down	-0.734326619	309642	Def6	True	True	True
early_allcell_diabetes_vs_control	DENND2B	6764	official_exact	down	-1.546435547	308944	Dennd2b	True	True	True
early_allcell_diabetes_vs_control	DENND3	22898	official_exact	down	-0.658201452	315055	Dennd3	True	True	True
early_allcell_diabetes_vs_control	DET1	55070	official_exact	up	0.663033113	308775	Det1	True	True	True
early_allcell_diabetes_vs_control	DGAT1	8694	official_exact	down	-0.708965273	84497	Dgat1	True	True	True
early_allcell_diabetes_vs_control	DIAPH2	1730	official_exact	up	0.632175408	317189	Diaph2	True	True	True
early_allcell_diabetes_vs_control	DIPK1A	388650	official_exact	up	0.662159863	360906	Dipk1a	True	True	True
early_allcell_diabetes_vs_control	DMKN	93099	official_exact	up	0.738039777	361548	Dmkn	True	True	False
early_allcell_diabetes_vs_control	DNAAF10	116143	official_exact	down	-1.824660464	498418	Dnaaf10	True	True	True
early_allcell_diabetes_vs_control	DNAAF9	25943	official_exact	down	-1.864109726	499891	Dnaaf9	True	True	True
early_allcell_diabetes_vs_control	DNAI4	79819	official_exact	down	-1.362740154	313417	Dnai4	True	True	True
early_allcell_diabetes_vs_control	DOCK9	23348	official_exact	up	0.720013464	259237	Dock9	True	True	True
early_allcell_diabetes_vs_control	DRP2	1821	official_exact	down	-0.769314988	66027	Drp2	True	True	True
early_allcell_diabetes_vs_control	DST	667	official_exact	up	0.594527658	316313	Dst	True	True	True
early_allcell_diabetes_vs_control	DUSP5	1847	official_exact	up	0.756009724	171109	Dusp5	True	True	True
early_allcell_diabetes_vs_control	DYNC2I1	55112	official_exact	down	-1.149559923	314523	Dync2i1	True	True	True
early_allcell_diabetes_vs_control	DYNC2I2	89891	official_exact	down	-1.829930172	296618	Dync2i2	True	True	True
early_allcell_diabetes_vs_control	DYNLT2B	255758	official_exact	down	-1.517434364	498095	Dynlt2b	True	True	True
early_allcell_diabetes_vs_control	EEIG1	399665	official_exact	down	-1.488220348	687750	Eeig1	True	True	True
early_allcell_diabetes_vs_control	EFCAB13	124989	official_exact	up	0.598962178			False	False	False
early_allcell_diabetes_vs_control	EFHC1	114327	official_exact	up	0.895441821	301295	Efhc1	True	True	True
early_allcell_diabetes_vs_control	EGR1	1958	official_exact	down	-1.107408999	24330	Egr1	True	True	True
early_allcell_diabetes_vs_control	EGR3	1960	official_exact	down	-0.877183856	25148	Egr3	True	True	True
early_allcell_diabetes_vs_control	EHBP1L1	254102	official_exact	down	-0.744728136	309169	Ehbp1l1	True	True	True
early_allcell_diabetes_vs_control	EIF1	10209	official_exact	down	-0.696896168	287703	Eif1	True	True	True
early_allcell_diabetes_vs_control	ELAPOR1	57535	official_exact	down	-1.571956121	362019	Elapor1	True	False	False
early_allcell_diabetes_vs_control	ELAPOR2	222223	official_exact	down	-1.745095127	502727	Elapor2	True	True	True
early_allcell_diabetes_vs_control	EMID1	129080	official_exact	down	-1.246983076	685462	Emid1	True	True	True
early_allcell_diabetes_vs_control	EMILIN2	84034	official_exact	down	-0.740959909	316736	Emilin2	True	True	False
early_allcell_diabetes_vs_control	ENG	2022	official_exact	down	-0.728034658	497010	Eng	True	True	True
early_allcell_diabetes_vs_control	ENPP1	5167	official_exact	up	0.668794924	85496	Enpp1	True	True	True
early_allcell_diabetes_vs_control	ENPP5	59084	official_exact	up	0.705145336	316249	Enpp5	True	True	True
early_allcell_diabetes_vs_control	ENPP6	133121	official_exact	up	0.634993028	306460	Enpp6	True	True	True
early_allcell_diabetes_vs_control	ENSG00000108448		unresolved_or_ambiguous	down	-1.350221582			False	False	False
early_allcell_diabetes_vs_control	ENSG00000125122		unresolved_or_ambiguous	down	-1.894988557			False	False	False
early_allcell_diabetes_vs_control	ENSG00000130723		unresolved_or_ambiguous	down	-1.748347998			False	False	False
early_allcell_diabetes_vs_control	ENSG00000167747		unresolved_or_ambiguous	down	-2.37995702			False	False	False
early_allcell_diabetes_vs_control	ENSG00000170846		unresolved_or_ambiguous	down	-2.00402198			False	False	False
early_allcell_diabetes_vs_control	ENSG00000182584		unresolved_or_ambiguous	down	-1.612033338			False	False	False
early_allcell_diabetes_vs_control	ENSG00000188707		unresolved_or_ambiguous	down	-1.067950242			False	False	False
early_allcell_diabetes_vs_control	ENSG00000196381		unresolved_or_ambiguous	down	-2.010608249			False	False	False
early_allcell_diabetes_vs_control	ENSG00000198019		unresolved_or_ambiguous	down	-3.210506844			False	False	False
early_allcell_diabetes_vs_control	ENSG00000205212		unresolved_or_ambiguous	down	-2.676989203			False	False	False
early_allcell_diabetes_vs_control	ENSG00000215271		unresolved_or_ambiguous	down	-2.163488503			False	False	False
early_allcell_diabetes_vs_control	ENSG00000221995		unresolved_or_ambiguous	down	-1.972528253			False	False	False
early_allcell_diabetes_vs_control	ENSG00000284976		unresolved_or_ambiguous	down	-2.477319019			False	False	False
early_allcell_diabetes_vs_control	ENSG00000285269		unresolved_or_ambiguous	down	-1.489790331			False	False	False
early_allcell_diabetes_vs_control	ENSG00000285566		unresolved_or_ambiguous	down	-1.431079535			False	False	False
early_allcell_diabetes_vs_control	ENTREP1	9413	official_exact	down	-0.781628399	309415	Entrep1	True	True	False
early_allcell_diabetes_vs_control	ENTREP3	10712	official_exact	down	-2.064051379	310640	Entrep3	True	True	True
early_allcell_diabetes_vs_control	EPRS1	2058	official_exact	down	-1.851090948	289352	Eprs1	True	True	True
early_allcell_diabetes_vs_control	ESAM	90952	official_exact	down	-0.694184791	300519	Esam	True	True	True
early_allcell_diabetes_vs_control	ETV6	2120	official_exact	down	-0.644691446	312777	Etv6	True	True	True
early_allcell_diabetes_vs_control	EVA1C	59271	official_exact	up	0.720102571	360695	Eva1c	True	True	True
early_allcell_diabetes_vs_control	EVL	51466	official_exact	down	-0.58556188	79115	Evl	True	True	True
early_allcell_diabetes_vs_control	FA2H	79152	official_exact	down	-0.980085502	307855	Fa2h	True	True	True
early_allcell_diabetes_vs_control	FABP4	2167	official_exact	down	-1.043821698	79451	Fabp4	True	True	False
early_allcell_diabetes_vs_control	FAM118A	55007	unique_synonym	down	-0.628865414	300120	Siral2	True	True	True
early_allcell_diabetes_vs_control	FAM135A	57579	official_exact	up	0.595874841	367235	Fam135a	True	True	True
early_allcell_diabetes_vs_control	FAM200C	63920	unique_synonym	down	-1.166399673			False	False	False
early_allcell_diabetes_vs_control	FAM83H	286077	unique_synonym	down	-0.596304884	362937	Sack1h	True	True	True
early_allcell_diabetes_vs_control	FCER1G	2207	official_exact	down	-1.052833064	25441	Fcer1g	True	True	True
early_allcell_diabetes_vs_control	FCGBP	8857	official_exact	down	-0.773053605			False	False	False
early_allcell_diabetes_vs_control	FGD2	221472	official_exact	down	-0.712658306	309653	Fgd2	True	True	False
early_allcell_diabetes_vs_control	FGF7	2252	official_exact	up	0.759752522	29348	Fgf7	True	True	True
early_allcell_diabetes_vs_control	FGFBP2	83888	official_exact	down	-0.70966291			False	False	False
early_allcell_diabetes_vs_control	FGFR1OP2	26127	official_exact	up	0.600297808	362463	Fgfr1op2	True	True	True
early_allcell_diabetes_vs_control	FHDC1	85462	official_exact	up	0.66663661	295161	Fhdc1	True	True	True
early_allcell_diabetes_vs_control	FHIP1A	729830	official_exact	down	-1.376560563	365834	Fhip1a	True	False	False
early_allcell_diabetes_vs_control	FHIP1B	84067	official_exact	down	-2.000591492	293343	Fhip1b	True	True	True
early_allcell_diabetes_vs_control	FHIP2B	64760	official_exact	down	-0.997929703	306015	Fhip2b	True	True	True
early_allcell_diabetes_vs_control	FHL1	2273	official_exact	down	-0.813729327	25177	Fhl1	True	True	True
early_allcell_diabetes_vs_control	FHL2	2274	official_exact	up	0.604967889	63839	Fhl2	True	True	True
early_allcell_diabetes_vs_control	FHL3	2275	official_exact	down	-0.714002543	313582	Fhl3	True	True	True
early_allcell_diabetes_vs_control	FIBIN	387758	official_exact	up	0.918614923	499856	Fibin	True	True	True
early_allcell_diabetes_vs_control	FKBP5	2289	official_exact	up	1.211788005	361810	Fkbp5	True	True	True
early_allcell_diabetes_vs_control	FMOD	2331	official_exact	up	0.862625948	64507	Fmod	True	True	True
early_allcell_diabetes_vs_control	FNDC3A	22862	official_exact	up	0.636594681	306022	Fndc3a	True	True	True
early_allcell_diabetes_vs_control	FOSB	2354	official_exact	down	-0.713357691	100360880	Fosb	True	True	True
early_allcell_diabetes_vs_control	FOXO1	2308	official_exact	up	1.027739792	84482	Foxo1	True	True	True
early_allcell_diabetes_vs_control	FOXO3	2309	official_exact	up	0.758033636	294515	Foxo3	True	True	True
early_allcell_diabetes_vs_control	FPR1	2357	official_exact	down	-1.586977291	292409	Fpr1	True	True	False
early_allcell_diabetes_vs_control	FRG1	2483	official_exact	down	-0.659364026	686103	Frg1	True	True	True
early_allcell_diabetes_vs_control	FSCN1	6624	official_exact	down	-0.849314649	683788	Fscn1	True	True	True
early_allcell_diabetes_vs_control	FTL	2512	official_exact	down	-0.746452531	29292	Ftl1	True	True	True
early_allcell_diabetes_vs_control	FZD1	8321	official_exact	up	0.816248088	58868	Fzd1	True	True	True
early_allcell_diabetes_vs_control	FZD6	8323	official_exact	up	0.81239782	282581	Fzd6	True	True	False
early_allcell_diabetes_vs_control	G0S2	50486	official_exact	down	-0.819090799	289388	G0s2	True	True	True
early_allcell_diabetes_vs_control	GABARAP	11337	official_exact	down	-0.590073693	58974	Gabarap	True	True	True
early_allcell_diabetes_vs_control	GABRE	2564	official_exact	up	0.740270574	65191	Gabre	True	True	False
early_allcell_diabetes_vs_control	GAL3ST4	79690	official_exact	down	-0.59749721	498166	Gal3st4	True	True	True
early_allcell_diabetes_vs_control	GARIN1A	346653	official_exact	down	-2.127884214	500060	Garin1a	True	False	False
early_allcell_diabetes_vs_control	GARRE1	9710	official_exact	down	-1.393934295	308509	Garre1	True	True	True
early_allcell_diabetes_vs_control	GBA1	2629	official_exact	down	-1.89893437	684536	Gba1	True	True	True
early_allcell_diabetes_vs_control	GDPD2	54857	official_exact	up	0.745105195	302421	Gdpd2	True	True	True
early_allcell_diabetes_vs_control	GEM	2669	official_exact	up	0.653608067	297902	Gem	True	True	True
early_allcell_diabetes_vs_control	GFAP	2670	official_exact	up	2.658631752	24387	Gfap	True	True	True
early_allcell_diabetes_vs_control	GHR	2690	official_exact	up	0.63468836	25235	Ghr	True	True	True
early_allcell_diabetes_vs_control	GINS2	51659	official_exact	down	-1.155050419	292058	Gins2	True	True	True
early_allcell_diabetes_vs_control	GMFB	2764	official_exact	down	-0.682865738	81661	Gmfb	True	True	True
early_allcell_diabetes_vs_control	GOLGA8B	440270	official_exact	up	1.605217591			False	False	False
early_allcell_diabetes_vs_control	GPNMB	10457	official_exact	down	-0.821917542	113955	Gpnmb	True	True	True
early_allcell_diabetes_vs_control	GPR12	2835	official_exact	up	1.723986617	80840	Gpr12	True	True	False
early_allcell_diabetes_vs_control	GPR83	10888	official_exact	up	0.965031677	140595	Gpr83	True	True	False
early_allcell_diabetes_vs_control	GPSM3	63940	official_exact	down	-0.767922876	406163	Gpsm3	True	True	True
early_allcell_diabetes_vs_control	GRIA4	2893	official_exact	down	-1.576840064	29629	Gria4	True	True	True
early_allcell_diabetes_vs_control	GRIN2C	2905	official_exact	down	-0.910468734	24411	Grin2c	True	False	False
early_allcell_diabetes_vs_control	H1-0	3005	official_exact	down	-1.498733543	24437	H1f0	True	False	False
early_allcell_diabetes_vs_control	H1-10	8971	official_exact	down	-1.251334191	500252	H1f10	True	True	True
early_allcell_diabetes_vs_control	H1-2	3006	official_exact	down	-1.805213134	684681	H1f2	True	False	False
early_allcell_diabetes_vs_control	H1-5	3009	official_exact	down	-2.943796969	680522	H1f5	True	True	True
early_allcell_diabetes_vs_control	H2AJ	55766	official_exact	down	-1.407137889	690795	H2aj	True	True	False
early_allcell_diabetes_vs_control	H2AX	3014	official_exact	down	-2.339048202	500987	H2ax	True	False	False
early_allcell_diabetes_vs_control	H2BC21	8349	official_exact	down	-3.283160688	295274	H2bc21	True	True	False
early_allcell_diabetes_vs_control	H3-3A	3020	official_exact	down	-1.530370564	100361558	H3f3a	True	True	True
early_allcell_diabetes_vs_control	H3-3B	3021	official_exact	down	-1.394558036	117056	H3f3b	True	True	True
early_allcell_diabetes_vs_control	H4C3	8364	official_exact	down	-2.515581402			False	False	False
early_allcell_diabetes_vs_control	HBEGF	1839	official_exact	down	-0.808592824	25433	Hbegf	True	True	True
early_allcell_diabetes_vs_control	HIF3A	64344	official_exact	up	0.674109007	64345	Hif3a	True	True	False
early_allcell_diabetes_vs_control	HILPDA	29923	official_exact	up	0.941598526	100361568	Hilpda	True	True	True
early_allcell_diabetes_vs_control	HIRIP3	8479	official_exact	down	-0.665603736	361650	Hirip3	True	True	True
early_allcell_diabetes_vs_control	HK3	3101	official_exact	down	-0.661886187	25060	Hk3	True	True	False
early_allcell_diabetes_vs_control	HMOX1	3162	official_exact	down	-1.401883644	24451	Hmox1	True	True	True
early_allcell_diabetes_vs_control	HOXC9	3225	official_exact	up	0.862900113	368178	Hoxc9	True	True	True
early_allcell_diabetes_vs_control	HSP90B1	7184	official_exact	down	-0.98655933	362862	Hsp90b1	True	True	True
early_allcell_diabetes_vs_control	HYCC1	84668	official_exact	down	-1.837345284	499975	Hycc1	True	True	True
early_allcell_diabetes_vs_control	HYCC2	285172	official_exact	down	-2.078239545	316415	Hycc2	True	True	True
early_allcell_diabetes_vs_control	IARS1	3376	official_exact	down	-1.870087359	306804	Iars1	True	True	True
early_allcell_diabetes_vs_control	IER2	9592	official_exact	down	-0.63333925	494344	Ier2	True	True	True
early_allcell_diabetes_vs_control	IER5	51278	official_exact	down	-0.591003147	498256	Ier5	True	True	True
early_allcell_diabetes_vs_control	IFI30	10437	official_exact	down	-1.047457206	290644	Ifi30	True	True	True
early_allcell_diabetes_vs_control	IFT25	51668	official_exact	down	-1.574075599	685284	Ift25	True	True	True
early_allcell_diabetes_vs_control	IGF1	3479	official_exact	down	-1.615320471	24482	Igf1	True	True	True
early_allcell_diabetes_vs_control	IGSF11	152404	official_exact	up	0.641316352	303926	Igsf11	True	True	True
early_allcell_diabetes_vs_control	IL16	3603	official_exact	down	-0.655552758	116996	Il16	True	True	True
early_allcell_diabetes_vs_control	ILVBL	10994	unique_synonym	down	-0.60910661	362843	Hacl2	True	True	True
early_allcell_diabetes_vs_control	INAFM2	100505573	official_exact	down	-0.934228801	108350443	Inafm2	True	False	False
early_allcell_diabetes_vs_control	INSR	3643	official_exact	up	0.60515215	24954	Insr	True	True	True
early_allcell_diabetes_vs_control	INTS15	79034	official_exact	down	-1.771036661	683674	Ints15	True	False	False
early_allcell_diabetes_vs_control	IQUB	154865	official_exact	up	0.781054881	296936	Iqub	True	True	True
early_allcell_diabetes_vs_control	IRAG2	4033	official_exact	down	-2.971433583	500361	Irag2	True	False	False
early_allcell_diabetes_vs_control	IRF1	3659	official_exact	down	-0.669366913	24508	Irf1	True	True	True
early_allcell_diabetes_vs_control	ISL2	64843	official_exact	down	-0.628027001	57233	Isl2	True	True	True
early_allcell_diabetes_vs_control	ITGA10	8515	official_exact	up	0.768444829	310683	Itga10	True	True	True
early_allcell_diabetes_vs_control	ITGB2	3689	official_exact	down	-0.839646283	309684	Itgb2	True	True	False
early_allcell_diabetes_vs_control	ITGB4	3691	official_exact	down	-0.648751688	25724	Itgb4	True	True	True
early_allcell_diabetes_vs_control	ITPKC	80271	official_exact	up	0.657010999	308451	Itpkc	True	True	True
early_allcell_diabetes_vs_control	JAK3	3718	official_exact	down	-0.793070248	25326	Jak3	True	True	True
early_allcell_diabetes_vs_control	JMJD8	339123	official_exact	down	-0.687447618	360498	Jmjd8	True	True	True
early_allcell_diabetes_vs_control	KANSL1L	151050	official_exact	up	0.858446772	367289	Kansl1l	True	True	True
early_allcell_diabetes_vs_control	KAT2A	2648	official_exact	up	0.59256935	303539	Kat2a	True	True	True
early_allcell_diabetes_vs_control	KATNIP	23247	official_exact	down	-1.926188926	361646	Katnip	True	False	False
early_allcell_diabetes_vs_control	KCNH8	131096	official_exact	up	0.698073292	246325	Kcnh8	True	True	True
early_allcell_diabetes_vs_control	KCNJ3	3760	official_exact	up	0.619543021	50599	Kcnj3	True	True	False
early_allcell_diabetes_vs_control	KCNK12	56660	official_exact	down	-0.816427003	64119	Kcnk12	True	True	True
early_allcell_diabetes_vs_control	KCNK5	8645	official_exact	down	-0.662074962	364241	Kcnk5	True	True	False
early_allcell_diabetes_vs_control	KCNMA1	3778	official_exact	up	0.780072028	83731	Kcnma1	True	True	True
early_allcell_diabetes_vs_control	KCNV1	27012	official_exact	down	-0.616259789	60326	Kcnv1	True	True	True
early_allcell_diabetes_vs_control	KCTD11	147040	official_exact	down	-0.774467246	363634	Kctd11	True	True	True
early_allcell_diabetes_vs_control	KDM5D	8284	official_exact	up	0.714994496	100312983	Kdm5d	True	True	True
early_allcell_diabetes_vs_control	KIAA0825	285600	official_exact	up	0.753164431	294603	Kiaa0825	True	True	True
early_allcell_diabetes_vs_control	KICS2	144577	official_exact	down	-2.099847044	500843	Kics2	True	True	True
early_allcell_diabetes_vs_control	KLF5	688	official_exact	up	0.703232443	84410	Klf5	True	True	True
early_allcell_diabetes_vs_control	KLF9	687	official_exact	up	0.657569152	117560	Klf9	True	True	True
early_allcell_diabetes_vs_control	KLHL9	55958	official_exact	up	0.851215139	313348	Klhl9	True	True	True
early_allcell_diabetes_vs_control	LAMTOR5	10542	official_exact	down	-0.65879221	295357	Lamtor5	True	True	True
early_allcell_diabetes_vs_control	LAPTM5	7805	official_exact	down	-0.916411979	89783	Laptm5	True	True	True
early_allcell_diabetes_vs_control	LARS1	51520	official_exact	down	-2.22150508	291624	Lars1	True	True	True
early_allcell_diabetes_vs_control	LCP1	3936	official_exact	down	-0.651889162	306071	Lcp1	True	True	True
early_allcell_diabetes_vs_control	LEPR	3953	official_exact	up	1.114517316	24536	Lepr	True	True	True
early_allcell_diabetes_vs_control	LGALS9	3965	official_exact	down	-0.62376434	25476	Lgals9	True	True	True
early_allcell_diabetes_vs_control	LGR5	8549	official_exact	up	0.644879014	299802	Lgr5	True	True	True
early_allcell_diabetes_vs_control	LIFR	3977	official_exact	up	0.702437862	81680	Lifr	True	True	True
early_allcell_diabetes_vs_control	LMLN	89782	official_exact	up	0.710723388	363795	Lmln	True	True	True
early_allcell_diabetes_vs_control	LMNB1	4001	official_exact	down	-0.968201527	116685	Lmnb1	True	True	True
early_allcell_diabetes_vs_control	LOXL4	84171	official_exact	down	-0.595585379	309380	Loxl4	True	True	False
early_allcell_diabetes_vs_control	LRGUK	136332	official_exact	up	0.605991805	296968	Lrguk	True	True	False
early_allcell_diabetes_vs_control	LRRC32	2615	official_exact	down	-0.88735141	293135	Lrrc32	True	True	False
early_allcell_diabetes_vs_control	LRRC3B	116135	official_exact	up	1.17640813	305705	Lrrc3b	True	True	True
early_allcell_diabetes_vs_control	LRRC51	120356739	official_exact	down	-1.071729635	293156	Lrrc51	True	True	True
early_allcell_diabetes_vs_control	LRRK1	79705	official_exact	down	-0.66631347	308703	Lrrk1	True	True	True
early_allcell_diabetes_vs_control	LSP1	4046	official_exact	down	-1.032290135	361680	Lsp1	True	True	True
early_allcell_diabetes_vs_control	LUC7L3	51747	official_exact	up	0.732271438	360602	Luc7l3	True	True	True
early_allcell_diabetes_vs_control	LY86	9450	official_exact	down	-0.815124276	291359	Ly86	True	True	True
early_allcell_diabetes_vs_control	LYN	4067	official_exact	down	-0.807479371	81515	Lyn	True	True	True
early_allcell_diabetes_vs_control	LYSET	26175	official_exact	down	-1.733112607	100360358	Lyset	True	True	True
early_allcell_diabetes_vs_control	LYZ	4069	official_exact	down	-0.703111808			False	False	False
early_allcell_diabetes_vs_control	MACROH2A1	9555	official_exact	down	-2.602050732	29384	Macroh2a1	True	True	True
early_allcell_diabetes_vs_control	MACROH2A2	55506	official_exact	down	-1.334843573	361844	Macroh2a2	True	True	True
early_allcell_diabetes_vs_control	MAGI2	9863	official_exact	up	0.596608772	113970	Magi2	True	True	True
early_allcell_diabetes_vs_control	MAL	4118	official_exact	down	-0.881968585	25263	Mal	True	True	True
early_allcell_diabetes_vs_control	MALT1	10892	official_exact	up	0.635620763	307366	Malt1	True	True	True
early_allcell_diabetes_vs_control	MANF	7873	official_exact	down	-0.687016074	315989	Manf	True	True	True
early_allcell_diabetes_vs_control	MAP3K1	4214	official_exact	up	0.622578456	116667	Map3k1	True	True	False
early_allcell_diabetes_vs_control	MAP4K5	11183	official_exact	up	0.607281888	503027	Map4k5	True	True	True
early_allcell_diabetes_vs_control	MARCHF7	64844	official_exact	down	-1.421034498	311059	Marchf7	True	True	True
early_allcell_diabetes_vs_control	MARCHF9	92979	official_exact	down	-1.714638904	679272	Marchf9	True	False	False
early_allcell_diabetes_vs_control	MARCKS	4082	official_exact	down	-0.675838884	25603	Marcks	True	True	True
early_allcell_diabetes_vs_control	MATCAP2	23366	official_exact	down	-1.256361179	315473	Matcap2	True	True	True
early_allcell_diabetes_vs_control	MCF2L	23263	official_exact	down	-0.718541068	117020	Mcf2l	True	True	True
early_allcell_diabetes_vs_control	MCM5	4174	official_exact	down	-1.034511714	291885	Mcm5	True	True	False
early_allcell_diabetes_vs_control	MCM6	4175	official_exact	down	-0.912713153	29685	Mcm6	True	True	False
early_allcell_diabetes_vs_control	MET	4233	official_exact	up	0.647615037	24553	Met	True	True	True
early_allcell_diabetes_vs_control	METRNL	284207	official_exact	down	-0.904341372	316842	Metrnl	True	True	True
early_allcell_diabetes_vs_control	METTL13	51603	official_exact	down	-1.643848921	289159	Mettl13	True	True	True
early_allcell_diabetes_vs_control	METTL25B	51093	official_exact	down	-1.045299292	361976	Mettl25b	True	True	True
early_allcell_diabetes_vs_control	MEX3D	399664	official_exact	down	-0.603779148	299613	Mex3d	True	True	False
early_allcell_diabetes_vs_control	MFAP5	8076	official_exact	up	0.676483612	362429	Mfap5	True	True	True
early_allcell_diabetes_vs_control	MIDEAS	91748	official_exact	down	-1.797714036	314306	Mideas	True	True	True
early_allcell_diabetes_vs_control	MIS12	79003	official_exact	up	0.676236446	501706	Mis12	True	True	True
early_allcell_diabetes_vs_control	MISFA	100506540	official_exact	down	-1.684876658	100911574	Misfa	True	False	False
early_allcell_diabetes_vs_control	MLIP	90523	official_exact	down	-0.594977128	681849	Mlip	True	True	True
early_allcell_diabetes_vs_control	MMACHC	25974	official_exact	down	-0.590672398	313520	Mmachc	True	True	True
early_allcell_diabetes_vs_control	MME	4311	official_exact	down	-0.626129245	24590	Mme	True	True	True
early_allcell_diabetes_vs_control	MMP2	4313	official_exact	down	-0.841223035	81686	Mmp2	True	True	True
early_allcell_diabetes_vs_control	MMRN2	79812	official_exact	down	-0.699625876	306288	Mmrn2	True	True	True
early_allcell_diabetes_vs_control	MON2	23041	official_exact	up	0.62506719	314894	Mon2	True	True	True
early_allcell_diabetes_vs_control	MPZ	4359	official_exact	down	-0.623752184	24564	Mpz	True	True	True
early_allcell_diabetes_vs_control	MRC2	9902	official_exact	down	-0.647209717	498011	Mrc2	True	True	False
early_allcell_diabetes_vs_control	MSANTD2	79684	official_exact	up	0.658983148	500974	Msantd2	True	True	True
early_allcell_diabetes_vs_control	MSANTD7	100421372	official_exact	down	-1.802663614	102547897	Msantd7	True	False	False
early_allcell_diabetes_vs_control	MT-ND3		unresolved_or_ambiguous	down	-0.724446326			False	False	False
early_allcell_diabetes_vs_control	MT1E	4493	official_exact	up	0.94289386			False	False	False
early_allcell_diabetes_vs_control	MTARC1	64757	official_exact	down	-1.590395809	690745	Mtarc1	True	False	False
early_allcell_diabetes_vs_control	MTARC2	54996	official_exact	down	-1.373725027	171451	Mtarc2	True	True	True
early_allcell_diabetes_vs_control	MYO1F	4542	official_exact	down	-0.670009762	314654	Myo1f	True	True	False
early_allcell_diabetes_vs_control	MYO1G	64005	official_exact	down	-0.883590432	289785	Myo1g	True	True	False
early_allcell_diabetes_vs_control	N4BP2L1	90634	official_exact	up	1.041450342	498131	N4bp2l1	True	True	True
early_allcell_diabetes_vs_control	NAA40	79829	official_exact	down	-0.716014266	361718	Naa40	True	True	True
early_allcell_diabetes_vs_control	NALF1	728215	official_exact	down	-0.848829873	498667	Nalf1	True	False	False
early_allcell_diabetes_vs_control	NAPEPLD	222236	official_exact	up	0.664413039	296757	Napepld	True	True	True
early_allcell_diabetes_vs_control	NCF4	4689	official_exact	down	-0.65479082	500904	Ncf4	True	True	False
early_allcell_diabetes_vs_control	NCMAP	400746	official_exact	down	-0.894441898	689826	Ncmap	True	True	False
early_allcell_diabetes_vs_control	NEO1	4756	official_exact	up	0.714678738	81735	Neo1	True	True	True
early_allcell_diabetes_vs_control	NET1	10276	official_exact	up	0.819774067	307098	Net1	True	True	True
early_allcell_diabetes_vs_control	NETO1	81832	official_exact	up	0.779939126	307206	Neto1	True	True	False
early_allcell_diabetes_vs_control	NFATC3	4775	official_exact	up	0.688309328	361400	Nfatc3	True	True	True
early_allcell_diabetes_vs_control	NKAP	79576	official_exact	down	-0.838486095	298342	Nkap	True	True	True
early_allcell_diabetes_vs_control	NLGN4Y	22829	official_exact	up	0.724684448			False	False	False
early_allcell_diabetes_vs_control	NLRX1	79671	official_exact	down	-0.673894753	315599	Nlrx1	True	True	False
early_allcell_diabetes_vs_control	NPNT	255743	official_exact	up	0.792861441	686753	Npnt	True	True	False
early_allcell_diabetes_vs_control	NPR1	4881	official_exact	down	-0.624063194	24603	Npr1	True	True	False
early_allcell_diabetes_vs_control	NQO1	1728	official_exact	down	-0.749071728	24314	Nqo1	True	True	True
early_allcell_diabetes_vs_control	NR2C2AP	126382	official_exact	down	-0.742703504	361128	Nr2c2ap	True	True	True
early_allcell_diabetes_vs_control	NR4A1	3164	official_exact	up	0.587592614	79240	Nr4a1	True	True	True
early_allcell_diabetes_vs_control	NR6A1	2649	official_exact	up	0.66377409	362125	Nr6a1	True	True	False
early_allcell_diabetes_vs_control	NRM	11270	official_exact	down	-0.809904612	361791	Nrm	True	True	True
early_allcell_diabetes_vs_control	NSD3	54904	official_exact	up	1.020699865	290831	Nsd3	True	True	True
early_allcell_diabetes_vs_control	NSUN5	55695	official_exact	down	-0.594760288	288595	Nsun5	True	True	True
early_allcell_diabetes_vs_control	NTNG1	22854	official_exact	down	-0.763591728	295382	Ntng1	True	True	False
early_allcell_diabetes_vs_control	OAF	220323	official_exact	down	-0.646100633	315594	Oaf	True	True	True
early_allcell_diabetes_vs_control	OGT	8473	official_exact	up	0.655711267	26295	Ogt	True	True	True
early_allcell_diabetes_vs_control	OLFM4	10562	official_exact	down	-1.163348145	290409	Olfm4	True	True	False
early_allcell_diabetes_vs_control	OLFML3	56944	official_exact	down	-0.652252223	310743	Olfml3	True	True	True
early_allcell_diabetes_vs_control	OLR1	4973	official_exact	down	-0.899650079	140914	Olr1	True	True	False
early_allcell_diabetes_vs_control	OMA1	115209	official_exact	up	0.708765238	298282	Oma1	True	True	True
early_allcell_diabetes_vs_control	OMD	4958	official_exact	up	0.876049509	83717	Omd	True	False	False
early_allcell_diabetes_vs_control	OMP	4975	official_exact	up	1.070635683	24612	Omp	True	False	False
early_allcell_diabetes_vs_control	ORAI1	84876	official_exact	down	-0.699701513	304496	Orai1	True	True	True
early_allcell_diabetes_vs_control	OSGIN2	734	official_exact	up	0.962014566	313085	Osgin2	True	True	True
early_allcell_diabetes_vs_control	OSR1	130497	official_exact	up	0.720480151	298878	Osr1	True	False	False
early_allcell_diabetes_vs_control	P2RY11	5032	official_exact	down	-0.61132823			False	False	False
early_allcell_diabetes_vs_control	PABIR2	159090	official_exact	down	-1.396729641	501647	Pabir2	True	True	False
early_allcell_diabetes_vs_control	PABIR3	159091	official_exact	down	-1.441549617	685701	Pabir3	True	False	False
early_allcell_diabetes_vs_control	PALMD	54873	official_exact	up	0.586036158	310811	Palmd	True	True	True
early_allcell_diabetes_vs_control	PALS1	64398	official_exact	down	-1.692860594	314259	Pals1	True	True	True
early_allcell_diabetes_vs_control	PALS2	51678	official_exact	down	-0.925906758	362359	Pals2	True	True	True
early_allcell_diabetes_vs_control	PARD3	56288	official_exact	up	0.947618021	81918	Pard3	True	True	True
early_allcell_diabetes_vs_control	PARP14	54625	official_exact	up	0.936265621	303903	Parp14	True	True	True
early_allcell_diabetes_vs_control	PAWR	5074	official_exact	up	1.026426456	64513	Pawr	True	True	True
early_allcell_diabetes_vs_control	PCDH11Y	83259	official_exact	up	0.947203176			False	False	False
early_allcell_diabetes_vs_control	PCDH7	5099	official_exact	up	0.607495082	360942	Pcdh7	True	True	True
early_allcell_diabetes_vs_control	PCDH9	5101	official_exact	up	0.599076921	306091	Pcdh9	True	True	True
early_allcell_diabetes_vs_control	PCDHB7	56129	official_exact	up	0.600025902			False	False	False
early_allcell_diabetes_vs_control	PCDHGA11	56105	official_exact	up	0.655624554	252897	Pcdhga11	True	True	False
early_allcell_diabetes_vs_control	PDE3B	5140	official_exact	up	0.593620264	29516	Pde3b	True	True	True
early_allcell_diabetes_vs_control	PDK4	5166	official_exact	up	1.141413451	89813	Pdk4	True	True	True
early_allcell_diabetes_vs_control	PDS5A	23244	official_exact	up	0.592130929	305343	Pds5a	True	True	True
early_allcell_diabetes_vs_control	PDZRN4	29951	official_exact	up	1.282884953	315250	Pdzrn4	True	True	True
early_allcell_diabetes_vs_control	PEDS1	387521	official_exact	down	-1.573103405	362278	Peds1	True	True	True
early_allcell_diabetes_vs_control	PELI1	57162	official_exact	up	0.681175751	305549	Peli1	True	True	True
early_allcell_diabetes_vs_control	PFN1	5216	official_exact	down	-0.613753985	64303	Pfn1	True	True	True
early_allcell_diabetes_vs_control	PGAP4	84302	official_exact	down	-1.761166064	362518	Pgap4	True	True	True
early_allcell_diabetes_vs_control	PGBD5	79605	official_exact	down	-0.769453863	292098	Pgbd5	True	True	False
early_allcell_diabetes_vs_control	PGGHG	80162	official_exact	down	-0.709864705	309103	Pgghg	True	True	False
early_allcell_diabetes_vs_control	PHAF1	80262	official_exact	down	-1.805440567	207123	Phaf1	True	True	True
early_allcell_diabetes_vs_control	PHB1	5245	official_exact	down	-1.982369783	25344	Phb1	True	True	True
early_allcell_diabetes_vs_control	PHC1	1911	official_exact	up	0.665239749	312690	Phc1	True	True	True
early_allcell_diabetes_vs_control	PIAS1	8554	official_exact	up	0.933047808	300772	Pias1	True	True	True
early_allcell_diabetes_vs_control	PIK3AP1	118788	official_exact	down	-0.720373159	294048	Pik3ap1	True	True	False
early_allcell_diabetes_vs_control	PKN1	5585	official_exact	down	-0.646681538	29355	Pkn1	True	True	True
early_allcell_diabetes_vs_control	PKP2	5318	official_exact	up	0.674748217	287925	Pkp2	True	False	False
early_allcell_diabetes_vs_control	PLA2G2A	5320	official_exact	down	-2.000837458	29692	Pla2g2a	True	True	False
early_allcell_diabetes_vs_control	PLAAT3	11145	official_exact	down	-0.60562234	24913	Plaat3	True	True	True
early_allcell_diabetes_vs_control	PLCB2	5330	official_exact	down	-0.653170294	85240	Plcb2	True	True	False
early_allcell_diabetes_vs_control	PLCE1	51196	official_exact	up	0.82715021	114633	Plce1	True	True	True
early_allcell_diabetes_vs_control	PLCXD1	55344	official_exact	down	-0.604137392	100909600	Plcxd1	True	True	False
early_allcell_diabetes_vs_control	PLEKHA7	144100	official_exact	down	-0.647101521	499249	Plekha7	True	True	False
early_allcell_diabetes_vs_control	PLEKHG3	26030	official_exact	down	-0.922841854	314249	Plekhg3	True	True	False
early_allcell_diabetes_vs_control	PLEKHG5	57449	official_exact	down	-0.623873144	310999	Plekhg5	True	True	False
early_allcell_diabetes_vs_control	PLK3	1263	official_exact	down	-0.788332457	58936	Plk3	True	True	True
early_allcell_diabetes_vs_control	PLPP2	8612	official_exact	down	-1.623621401	246115	Plpp2	True	True	True
early_allcell_diabetes_vs_control	PLTP	5360	official_exact	down	-0.791328123	296371	Pltp	True	True	True
early_allcell_diabetes_vs_control	PLXDC1	57125	official_exact	down	-0.587805267	303505	Plxdc1	True	True	False
early_allcell_diabetes_vs_control	PM20D1	148811	official_exact	up	0.734963231	498226	Pm20d1	True	True	False
early_allcell_diabetes_vs_control	PNISR	25957	official_exact	up	0.620748462	297942	Pnisr	True	True	True
early_allcell_diabetes_vs_control	POLD1	5424	official_exact	down	-0.692664115	59294	Pold1	True	True	False
early_allcell_diabetes_vs_control	POLE3	54107	official_exact	down	-0.656386302	298098	Pole3	True	True	True
early_allcell_diabetes_vs_control	POLR1G	10849	official_exact	down	-1.697695832	680493	Polr1g	True	True	True
early_allcell_diabetes_vs_control	POLR1H	30834	official_exact	down	-1.734561206	361784	Polr1h	True	True	True
early_allcell_diabetes_vs_control	PPARGC1A	10891	official_exact	down	-0.658914194	83516	Ppargc1a	True	True	True
early_allcell_diabetes_vs_control	PPEF1	5475	official_exact	down	-0.5894406	317498	Ppef1	True	True	True
early_allcell_diabetes_vs_control	PPIE	10450	official_exact	down	-0.66704312	298508	Ppie	True	True	True
early_allcell_diabetes_vs_control	PPP1R14A	94274	official_exact	down	-0.5872896	114004	Ppp1r14a	True	True	True
early_allcell_diabetes_vs_control	PRDM10	56980	official_exact	up	0.598727134	500964	Prdm10	True	True	True
early_allcell_diabetes_vs_control	PRELID3A	10650	official_exact	up	0.594248527	690253	Prelid3a	True	True	True
early_allcell_diabetes_vs_control	PROSER1	80209	official_exact	up	0.61262596	310417	Proser1	True	True	True
early_allcell_diabetes_vs_control	PROSER2	254427	official_exact	up	0.687588453	683460	Proser2	True	True	True
early_allcell_diabetes_vs_control	PRX	57716	official_exact	down	-1.212669987	78960	Prx	True	True	True
early_allcell_diabetes_vs_control	PSME3IP1	80011	official_exact	down	-1.220056623	307652	Psme3ip1	True	True	True
early_allcell_diabetes_vs_control	PTGR3	284273	official_exact	down	-2.012596422	291403	Ptgr3	True	True	True
early_allcell_diabetes_vs_control	PTPN12	5782	official_exact	up	0.662570662	117255	Ptpn12	True	True	True
early_allcell_diabetes_vs_control	PTPN6	5777	official_exact	down	-0.6511073	116689	Ptpn6	True	True	True
early_allcell_diabetes_vs_control	PUSL1	126789	official_exact	down	-0.890043949	362681	Pusl1	True	True	True
early_allcell_diabetes_vs_control	RAB20	55647	official_exact	down	-0.604429841	689377	Rab20	True	True	True
early_allcell_diabetes_vs_control	RAB3IL1	5866	official_exact	down	-0.922047769	171452	Rab3il1	True	True	False
early_allcell_diabetes_vs_control	RAB5C	5878	official_exact	down	-0.885687097	287709	Rab5c	True	True	True
early_allcell_diabetes_vs_control	RAI2	10742	official_exact	up	0.607479135	501555	Rai2	True	True	True
early_allcell_diabetes_vs_control	RASA2	5922	official_exact	up	0.684113711	25597	Rasa2	True	True	True
early_allcell_diabetes_vs_control	RASEF	158158	official_exact	up	0.873501916	298138	Rasef	True	True	True
early_allcell_diabetes_vs_control	RASGEF1C	255426	official_exact	down	-0.9116678	360519	Rasgef1c	True	True	True
early_allcell_diabetes_vs_control	RASGRF2	5924	official_exact	up	0.618931633	114513	Rasgrf2	True	False	False
early_allcell_diabetes_vs_control	RASIP1	54922	official_exact	down	-0.759692658	292912	Rasip1	True	True	True
early_allcell_diabetes_vs_control	RBM5	10181	official_exact	up	0.585520248	300996	Rbm5	True	True	True
early_allcell_diabetes_vs_control	RBMS3	27303	official_exact	up	0.678476841	680726	Rbms3	True	True	True
early_allcell_diabetes_vs_control	RCAN1	1827	official_exact	down	-0.699486662	266766	Rcan1	True	True	True
early_allcell_diabetes_vs_control	RECQL4	9401	official_exact	down	-0.845467519	300057	Recql4	True	True	True
early_allcell_diabetes_vs_control	RELB	5971	official_exact	down	-0.78259173	100360982	Relb	True	True	True
early_allcell_diabetes_vs_control	RGS1	5996	official_exact	down	-0.850010402	54289	Rgs1	True	True	True
early_allcell_diabetes_vs_control	RIGI	23586	official_exact	down	-1.860317809	297989	Rig1	True	True	True
early_allcell_diabetes_vs_control	RILPL2	196383	official_exact	down	-0.615244718	288652	Rilpl2	True	True	True
early_allcell_diabetes_vs_control	RIN3	79890	official_exact	down	-0.872940404	314397	Rin3	True	True	True
early_allcell_diabetes_vs_control	RLF	6018	official_exact	up	0.64261253	313566	Rlf	True	True	True
early_allcell_diabetes_vs_control	RNASE1	6035	official_exact	down	-0.864936101	364304	Rnase1	True	False	False
early_allcell_diabetes_vs_control	RNF122	79845	official_exact	down	-0.726617744	502091	Rnf122	True	False	False
early_allcell_diabetes_vs_control	RNF4	6047	official_exact	down	-0.611755666	29274	Rnf4	True	True	True
early_allcell_diabetes_vs_control	RNH1	6050	official_exact	down	-0.628551645	100360501	Rnh1	True	True	True
early_allcell_diabetes_vs_control	RRAD	6236	official_exact	up	1.23796014	83521	Rrad	True	True	True
early_allcell_diabetes_vs_control	RTTN	25914	official_exact	up	0.667146365	291377	Rttn	True	True	True
early_allcell_diabetes_vs_control	RUSF1	64755	official_exact	down	-1.826253718	361654	Rusf1	True	True	True
early_allcell_diabetes_vs_control	RWDD4	201965	official_exact	up	0.600393538	502084	Rwdd4	True	True	True
early_allcell_diabetes_vs_control	S100A1	6271	official_exact	down	-0.794192411	295214	S100a1	True	True	True
early_allcell_diabetes_vs_control	S100A4	6275	official_exact	down	-0.663413574	24615	S100a4	True	True	True
early_allcell_diabetes_vs_control	S100A8	6279	official_exact	down	-2.014003808	116547	S100a8	True	True	True
early_allcell_diabetes_vs_control	S1PR3	1903	official_exact	down	-0.637634017	306792	S1pr3	True	True	True
early_allcell_diabetes_vs_control	SANBR	84542	official_exact	down	-1.380639673	305579	Sanbr	True	True	True
early_allcell_diabetes_vs_control	SAP25	100316904	official_exact	up	0.683385556	288559	Sap25	True	True	False
early_allcell_diabetes_vs_control	SCO2	9997	official_exact	down	-0.896231049			False	False	False
early_allcell_diabetes_vs_control	SEC14L5	9717	official_exact	down	-0.77428539	287060	Sec14l5	True	False	False
early_allcell_diabetes_vs_control	SEC24B	10427	official_exact	up	0.740369899	295461	Sec24b	True	True	True
early_allcell_diabetes_vs_control	SENP7	57337	official_exact	up	0.644373805	288167	Senp7	True	True	True
early_allcell_diabetes_vs_control	SERPINA3	12	official_exact	down	-1.052451569			False	False	False
early_allcell_diabetes_vs_control	SERTAD1	29950	official_exact	down	-0.827899296	361526	Sertad1	True	True	True
early_allcell_diabetes_vs_control	SF3B1	23451	official_exact	up	0.691808828	84486	Sf3b1	True	True	True
early_allcell_diabetes_vs_control	SF3B5	83443	official_exact	down	-0.689486301	680891	Sf3b5	True	True	True
early_allcell_diabetes_vs_control	SFT2D2	375035	official_exact	down	-0.606260655	360868	Sft2d2	True	True	True
early_allcell_diabetes_vs_control	SGIP1	84251	official_exact	up	0.686406536	313413	Sgip1	True	True	True
early_allcell_diabetes_vs_control	SH2B3	10019	official_exact	down	-0.817164245	58838	Sh2b3	True	True	True
early_allcell_diabetes_vs_control	SH3BP1	23616	official_exact	down	-0.855272428	300067	Sh3bp1	True	True	False
early_allcell_diabetes_vs_control	SH3TC1	54436	official_exact	down	-0.632546648	305441	Sh3tc1	True	True	False
early_allcell_diabetes_vs_control	SIDT2	51092	official_exact	up	0.977091978	315617	Sidt2	True	True	True
early_allcell_diabetes_vs_control	SIPA1	6494	official_exact	down	-0.969469344	361710	Sipa1	True	True	True
early_allcell_diabetes_vs_control	SKIC2	6499	official_exact	down	-1.726473182	294260	Skic2	True	True	True
early_allcell_diabetes_vs_control	SKIC3	9652	official_exact	down	-1.903149572	294595	Skic3	True	True	True
early_allcell_diabetes_vs_control	SLC16A3	9123	official_exact	down	-0.832853784	80878	Slc16a3	True	True	False
early_allcell_diabetes_vs_control	SLC17A7	57030	official_exact	up	0.686118936	116638	Slc17a7	True	True	False
early_allcell_diabetes_vs_control	SLC19A2	10560	official_exact	up	0.632846888	289175	Slc19a2	True	True	True
early_allcell_diabetes_vs_control	SLC24A4	123041	official_exact	up	1.115395216	314396	Slc24a4	True	True	False
early_allcell_diabetes_vs_control	SLC25A19	60386	official_exact	down	-1.04516236	303676	Slc25a19	True	True	True
early_allcell_diabetes_vs_control	SLC25A45	283130	official_exact	down	-0.754702492	689625	Slc25a45	True	True	True
early_allcell_diabetes_vs_control	SLC29A3	55315	official_exact	down	-0.695718108	353307	Slc29a3	True	True	True
early_allcell_diabetes_vs_control	SLC2A5	6518	official_exact	down	-0.737155895	65197	Slc2a5	True	True	False
early_allcell_diabetes_vs_control	SLC35G1	159371	official_exact	up	0.588199157	294072	Slc35g1	True	True	False
early_allcell_diabetes_vs_control	SLC36A2	153201	official_exact	down	-1.020797682	246235	Slc36a2	True	True	False
early_allcell_diabetes_vs_control	SLC38A2	54407	official_exact	up	0.859997783	29642	Slc38a2	True	True	True
early_allcell_diabetes_vs_control	SLC49A3	84179	official_exact	down	-0.607400942	305625	Slc49a3	True	True	True
early_allcell_diabetes_vs_control	SLC4A10	57282	official_exact	up	0.65592897	295645	Slc4a10	True	True	False
early_allcell_diabetes_vs_control	SLC6A13	6540	official_exact	up	0.795336339	171163	Slc6a13	True	False	False
early_allcell_diabetes_vs_control	SLITRK2	84631	official_exact	up	0.623873939	309349	Slitrk2	True	True	True
early_allcell_diabetes_vs_control	SMARCC2	6601	official_exact	up	0.823450667	685179	Smarcc2	True	True	True
early_allcell_diabetes_vs_control	SMC5	23137	official_exact	up	0.605291884	293967	Smc5	True	True	True
early_allcell_diabetes_vs_control	SMCO3	440087	official_exact	down	-0.915321545	108348150	Smco3	True	False	False
early_allcell_diabetes_vs_control	SMG1	23049	official_exact	up	0.726496818	691397	Smg1	True	True	True
early_allcell_diabetes_vs_control	SPACDR	402573	official_exact	down	-0.981534323	100362783	Spacdr	True	False	False
early_allcell_diabetes_vs_control	SPATA6	54558	official_exact	up	0.666287643	171413	Spata6	True	True	True
early_allcell_diabetes_vs_control	SPATC1L	84221	official_exact	up	0.822353409	499418	Spatc1l	True	False	False
early_allcell_diabetes_vs_control	SPEF2	79925	official_exact	up	0.777957571	64555	Spef2	True	True	True
early_allcell_diabetes_vs_control	SPHKAP	80309	official_exact	down	-0.851332686	316561	Sphkap	True	True	True
early_allcell_diabetes_vs_control	SPI1	6688	official_exact	down	-0.627388012	366126	Spi1	True	True	False
early_allcell_diabetes_vs_control	SPOCD1	90853	official_exact	up	1.002568942	313060	Spocd1	True	False	False
early_allcell_diabetes_vs_control	SRRM2	23524	official_exact	up	0.766646553	302969	Srrm2	True	True	True
early_allcell_diabetes_vs_control	SSBP4	170463	official_exact	down	-0.631169709	364534	Ssbp4	True	True	True
early_allcell_diabetes_vs_control	STEAP2	261729	official_exact	up	0.871442154	312052	Steap2	True	True	True
early_allcell_diabetes_vs_control	STEAP4	79689	official_exact	up	0.620379867	499991	Steap4	True	True	False
early_allcell_diabetes_vs_control	STEEP1	63932	official_exact	down	-2.068609389	313433	Steep1	True	True	True
early_allcell_diabetes_vs_control	STING1	340061	official_exact	down	-1.980607905	498840	Sting1	True	True	True
early_allcell_diabetes_vs_control	SUB1	10923	official_exact	down	-0.78521004	192269	Sub1	True	True	True
early_allcell_diabetes_vs_control	SULF1	23213	official_exact	up	1.032777874	171396	Sulf1	True	True	True
early_allcell_diabetes_vs_control	SYNPR	132204	official_exact	down	-0.640309508	66030	Synpr	True	True	True
early_allcell_diabetes_vs_control	TAC1	6863	official_exact	up	0.683231059	24806	Tac1	True	True	True
early_allcell_diabetes_vs_control	TAFAZZIN	6901	official_exact	down	-1.359556001	363521	Tafazzin	True	True	True
early_allcell_diabetes_vs_control	TAGLN3	29114	official_exact	down	-0.649501761	63837	Tagln3	True	True	False
early_allcell_diabetes_vs_control	TAMALIN	160622	official_exact	down	-1.249747546	192254	Tamalin	True	True	True
early_allcell_diabetes_vs_control	TARS1	6897	official_exact	down	-1.376761854	294810	Tars1	True	True	True
early_allcell_diabetes_vs_control	TBRG1	84897	official_exact	up	0.58710534	300521	Tbrg1	True	True	True
early_allcell_diabetes_vs_control	TCF19	6941	official_exact	down	-1.053212487	406195	Tcf19	True	True	True
early_allcell_diabetes_vs_control	TELO2	9894	official_exact	down	-0.747972171	302986	Telo2	True	True	True
early_allcell_diabetes_vs_control	TET2	54790	official_exact	up	0.827962348	310859	Tet2	True	True	True
early_allcell_diabetes_vs_control	TF	7018	official_exact	up	0.70876516	24825	Tf	True	True	True
early_allcell_diabetes_vs_control	TGM2	7052	official_exact	down	-0.923225578	56083	Tgm2	True	True	True
early_allcell_diabetes_vs_control	THBS1	7057	official_exact	up	0.980652805	445442	Thbs1	True	True	True
early_allcell_diabetes_vs_control	THEM4	117145	official_exact	up	0.591724959	361992	Them4	True	True	True
early_allcell_diabetes_vs_control	THSD4	79875	official_exact	up	0.97009719	315728	Thsd4	True	True	True
early_allcell_diabetes_vs_control	TIGD2	166815	official_exact	up	0.589101983	100912924	Tigd2	True	True	True
early_allcell_diabetes_vs_control	TIMELESS	8914	official_exact	down	-0.638073104	83508	Timeless	True	True	True
early_allcell_diabetes_vs_control	TJP1	7082	official_exact	up	0.710293811	292994	Tjp1	True	True	True
early_allcell_diabetes_vs_control	TMBIM6	7009	official_exact	down	-1.142748277	24822	Tmbim6	True	True	True
early_allcell_diabetes_vs_control	TMC8	147138	official_exact	down	-0.587269248	688276	Tmc8	True	True	False
early_allcell_diabetes_vs_control	TMEM267	64417	official_exact	up	0.586446568	499532	Tmem267	True	True	False
early_allcell_diabetes_vs_control	TMEM91	641649	official_exact	up	0.703481655	100359879	Tmem91	True	True	True
early_allcell_diabetes_vs_control	TNFSF14	8740	official_exact	down	-0.649437268	301133	Tnfsf14	True	True	False
early_allcell_diabetes_vs_control	TNKS2	80351	official_exact	up	0.774588391	309512	Tnks2	True	True	True
early_allcell_diabetes_vs_control	TOX	9760	official_exact	down	-0.819877186	362481	Tox	True	True	True
early_allcell_diabetes_vs_control	TRAF7	84231	official_exact	down	-0.63619852	360491	Traf7	True	True	True
early_allcell_diabetes_vs_control	TRAPPC3L	100128327	official_exact	down	-0.688611853	100362279	Trappc3l	True	True	True
early_allcell_diabetes_vs_control	TRDN	10345	official_exact	up	0.870573498	59299	Trdn	True	True	False
early_allcell_diabetes_vs_control	TRIM46	80128	official_exact	up	0.596963442	310641	Trim46	True	True	True
early_allcell_diabetes_vs_control	TRIM62	55223	official_exact	up	0.658949938	313045	Trim62	True	True	False
early_allcell_diabetes_vs_control	TRIP11	9321	official_exact	up	0.734530663	314393	Trip11	True	True	True
early_allcell_diabetes_vs_control	TRPC1	7220	official_exact	up	0.685717715	89821	Trpc1	True	True	True
early_allcell_diabetes_vs_control	TRPM2	7226	official_exact	down	-0.65963167	294329	Trpm2	True	True	False
early_allcell_diabetes_vs_control	TSC22D3	1831	official_exact	up	0.865226816	83514	Tsc22d3	True	True	True
early_allcell_diabetes_vs_control	TSEN2	80746	official_exact	up	0.646552046	312649	Tsen2	True	True	True
early_allcell_diabetes_vs_control	TTC4	7268	official_exact	down	-0.632319248	362556	Ttc4	True	True	True
early_allcell_diabetes_vs_control	TUBA1B	10376	official_exact	down	-2.345085109	500929	Tuba1b	True	True	True
early_allcell_diabetes_vs_control	TUT4	23318	official_exact	up	0.865752477	313481	Tut4	True	True	True
early_allcell_diabetes_vs_control	TYMP	1890	official_exact	down	-1.485972678	315219	Tymp	True	True	True
early_allcell_diabetes_vs_control	TYROBP	7305	official_exact	down	-0.862466432	361537	Tyrobp	True	True	True
early_allcell_diabetes_vs_control	TYRP1	7306	official_exact	down	-0.657278354	298182	Tyrp1	True	True	True
early_allcell_diabetes_vs_control	TYW5	129450	official_exact	up	0.863309082	301419	Tyw5	True	True	True
early_allcell_diabetes_vs_control	UBQLNL	143630	official_exact	up	0.843114172	293287	Ubqlnl	True	False	False
early_allcell_diabetes_vs_control	UNC80	285175	official_exact	up	0.700558925	689991	Unc80	True	True	True
early_allcell_diabetes_vs_control	UQCC5	440957	official_exact	down	-2.06967303	361111	Uqcc5	True	False	False
early_allcell_diabetes_vs_control	USP53	54532	official_exact	up	1.410006238	295425	Usp53	True	True	True
early_allcell_diabetes_vs_control	USP54	159195	official_exact	up	0.667510744	408223	Usp54	True	True	True
early_allcell_diabetes_vs_control	USP9Y	8287	official_exact	up	1.506266453			False	False	False
early_allcell_diabetes_vs_control	USPL1	10208	official_exact	up	0.606085524	288447	Uspl1	True	True	True
early_allcell_diabetes_vs_control	UTY	7404	official_exact	up	0.758092717			False	False	False
early_allcell_diabetes_vs_control	VAMP8	8673	official_exact	down	-1.07878031	83730	Vamp8	True	True	True
early_allcell_diabetes_vs_control	VGF	7425	official_exact	up	0.890514193	29461	Vgf	True	True	True
early_allcell_diabetes_vs_control	VPS13A	23230	official_exact	up	0.752300833	309243	Vps13a	True	True	True
early_allcell_diabetes_vs_control	VPS54	51542	official_exact	up	0.70358701	286932	Vps54	True	True	True
early_allcell_diabetes_vs_control	VWA1	64856	official_exact	down	-0.675206819	298683	Vwa1	True	True	True
early_allcell_diabetes_vs_control	VWC2	375567	official_exact	up	0.907346766	501231	Vwc2	True	True	True
early_allcell_diabetes_vs_control	VWF	7450	official_exact	down	-0.815948362	116669	Vwf	True	True	True
early_allcell_diabetes_vs_control	WASF1	8936	official_exact	up	0.624183393	294568	Wasf1	True	True	True
early_allcell_diabetes_vs_control	WBP1L	54838	official_exact	up	0.688378226	309456	Wbp1l	True	True	True
early_allcell_diabetes_vs_control	WDR19	57728	official_exact	up	0.820412091	305349	Wdr19	True	True	True
early_allcell_diabetes_vs_control	WDR27	253769	official_exact	up	0.619591359	308222	Wdr27	True	True	True
early_allcell_diabetes_vs_control	WDR35	57539	official_exact	up	0.662569091	503018	Wdr35	True	True	True
early_allcell_diabetes_vs_control	WNT5A	7474	official_exact	down	-0.586046681	64566	Wnt5a	True	True	False
early_allcell_diabetes_vs_control	XNDC1N	100133315	official_exact	down	-2.097444896	102549471	Xndc1n	True	False	False
early_allcell_diabetes_vs_control	XPNPEP3	63929	official_exact	up	0.671619796	685823	Xpnpep3	True	True	True
early_allcell_diabetes_vs_control	XPO1	7514	official_exact	up	0.717953784	85252	Xpo1	True	True	True
early_allcell_diabetes_vs_control	YJU2B	81576	official_exact	down	-1.571402655	304656	Yju2b	True	True	True
early_allcell_diabetes_vs_control	ZBTB1	22890	official_exact	up	0.788144912	314246	Zbtb1	True	True	True
early_allcell_diabetes_vs_control	ZC3H12B	340554	official_exact	up	0.634216777	296864	Zc3h12b	True	True	False
early_allcell_diabetes_vs_control	ZC3H12C	85463	official_exact	up	0.79370594	315658	Zc3h12c	True	True	False
early_allcell_diabetes_vs_control	ZFAND4	93550	official_exact	up	0.707583638	286998	Zfand4	True	True	True
early_allcell_diabetes_vs_control	ZFY	7544	official_exact	up	1.276146567			False	False	False
early_allcell_diabetes_vs_control	ZHX3	23051	official_exact	up	0.864911032	311604	Zhx3	True	True	True
early_allcell_diabetes_vs_control	ZMAT1	84460	official_exact	up	0.608379695	308654	Zmat1	True	True	True
early_allcell_diabetes_vs_control	ZNF117	51351	official_exact	up	0.672657805			False	False	False
early_allcell_diabetes_vs_control	ZNF132	7691	official_exact	up	0.68711991			False	False	False
early_allcell_diabetes_vs_control	ZNF154	7710	official_exact	up	0.952150744			False	False	False
early_allcell_diabetes_vs_control	ZNF207	7756	official_exact	up	0.955080759	303763	Zfp207	True	True	True
early_allcell_diabetes_vs_control	ZNF211	10520	official_exact	up	0.693988275			False	False	False
early_allcell_diabetes_vs_control	ZNF214	7761	official_exact	up	0.598116127			False	False	False
early_allcell_diabetes_vs_control	ZNF260	339324	official_exact	up	0.592711864	53982	Zfp260	True	True	True
early_allcell_diabetes_vs_control	ZNF274	10782	official_exact	up	0.709164271	308362	Zfp110	True	True	True
early_allcell_diabetes_vs_control	ZNF280C	55609	official_exact	up	0.746323476	302812	Zfp280c	True	True	True
early_allcell_diabetes_vs_control	ZNF281	23528	official_exact	up	0.65623028	305083	Zfp281	True	True	True
early_allcell_diabetes_vs_control	ZNF346	23567	official_exact	up	0.830717917	306765	Zfp346	True	True	True
early_allcell_diabetes_vs_control	ZNF354A	6940	official_exact	up	0.61130888			False	False	False
early_allcell_diabetes_vs_control	ZNF382	84911	official_exact	up	0.662664798			False	False	False
early_allcell_diabetes_vs_control	ZNF439	90594	official_exact	up	0.704935329			False	False	False
early_allcell_diabetes_vs_control	ZNF451	26036	official_exact	up	0.637669707	316312	Zfp451	True	True	True
early_allcell_diabetes_vs_control	ZNF460	10794	official_exact	up	0.949755818			False	False	False
early_allcell_diabetes_vs_control	ZNF514	84874	official_exact	up	0.804812939			False	False	False
early_allcell_diabetes_vs_control	ZNF518A	9849	official_exact	up	0.749299211	309478	Zfp518a	True	True	True
early_allcell_diabetes_vs_control	ZNF567	163081	official_exact	up	0.935386784			False	False	False
early_allcell_diabetes_vs_control	ZNF600	162966	official_exact	up	0.688175415			False	False	False
early_allcell_diabetes_vs_control	ZNF605	100289635	official_exact	up	0.650756764			False	False	False
early_allcell_diabetes_vs_control	ZNF638	27332	official_exact	up	0.689136288	312491	Zfp638	True	True	True
early_allcell_diabetes_vs_control	ZNF639	51193	official_exact	up	0.677811092	683504	Zfp639	True	True	True
early_allcell_diabetes_vs_control	ZNF669	79862	official_exact	up	0.734851654			False	False	False
early_allcell_diabetes_vs_control	ZNF774	342132	official_exact	up	0.66402607			False	False	False
early_allcell_diabetes_vs_control	ZNF776	284309	official_exact	up	0.77116559			False	False	False
early_allcell_diabetes_vs_control	ZNF782	158431	official_exact	up	0.70191131			False	False	False
early_allcell_diabetes_vs_control	ZNF841	284371	official_exact	up	0.639288367			False	False	False
early_allcell_diabetes_vs_control	ZNF892	344065	official_exact	down	-1.1063138	134486435	Znf892	True	False	False
early_allcell_diabetes_vs_control	ZSWIM6	57688	official_exact	up	0.621424371	310062	Zswim6	True	True	False
early_allcell_diabetes_vs_control	ZZZ3	26009	official_exact	down	-1.234977889	310958	Zzz3	True	True	True
late_allcell_DPN_vs_diabetes	ABCA1	19	official_exact	up	0.600895862	313210	Abca1	True	True	True
late_allcell_DPN_vs_diabetes	ABCB1	5243	official_exact	down	-0.712831926			False	False	False
late_allcell_DPN_vs_diabetes	ABCB11	8647	official_exact	up	2.017841881	83569	Abcb11	True	True	False
late_allcell_DPN_vs_diabetes	ABCC1	4363	official_exact	up	0.624632725	24565	Abcc1	True	True	True
late_allcell_DPN_vs_diabetes	ABCC2	1244	official_exact	up	1.007686182	25303	Abcc2	True	True	True
late_allcell_DPN_vs_diabetes	ABCC3	8714	official_exact	up	0.817086459	140668	Abcc3	True	True	False
late_allcell_DPN_vs_diabetes	ABCC5	10057	official_exact	up	0.994007614	116721	Abcc5	True	True	True
late_allcell_DPN_vs_diabetes	ABCC8	6833	official_exact	down	-0.622742434	25559	Abcc8	True	True	True
late_allcell_DPN_vs_diabetes	ABCD1	215	official_exact	up	0.76105119	363516	Abcd1	True	True	True
late_allcell_DPN_vs_diabetes	ABCG2	9429	official_exact	down	-0.59453586	312382	Abcg2	True	True	True
late_allcell_DPN_vs_diabetes	ABCG4	64137	official_exact	down	-0.913317735	300664	Abcg4	True	True	False
late_allcell_DPN_vs_diabetes	ABHD13	84945	official_exact	down	-0.790912864	306630	Abhd13	True	True	True
late_allcell_DPN_vs_diabetes	ABHD14A	25864	official_exact	down	-0.899689637	300982	Abhd14a	True	True	True
late_allcell_DPN_vs_diabetes	ABHD17B	51104	official_exact	down	-0.857334464	309399	Abhd17b	True	True	True
late_allcell_DPN_vs_diabetes	ABHD2	11057	official_exact	down	-0.932702407	293050	Abhd2	True	True	True
late_allcell_DPN_vs_diabetes	ABI3	51225	official_exact	down	-0.612352145	303476	Abi3	True	True	False
late_allcell_DPN_vs_diabetes	ABO	28	official_exact	up	0.654485986	100301568	Abo	True	True	True
late_allcell_DPN_vs_diabetes	ABTB1	80325	official_exact	up	0.667663195	297432	Abtb1	True	True	True
late_allcell_DPN_vs_diabetes	ABTB3	121551	official_exact	up	0.629555072	314675	Abtb3	True	True	False
late_allcell_DPN_vs_diabetes	AC007244.1		unresolved_or_ambiguous	down	-0.985545238			False	False	False
late_allcell_DPN_vs_diabetes	AC007906.2		unresolved_or_ambiguous	up	0.721329196			False	False	False
late_allcell_DPN_vs_diabetes	AC008397.1		unresolved_or_ambiguous	up	0.881857255			False	False	False
late_allcell_DPN_vs_diabetes	AC015871.1		unresolved_or_ambiguous	down	-0.965121145			False	False	False
late_allcell_DPN_vs_diabetes	AC091057.6		unresolved_or_ambiguous	down	-1.512183067			False	False	False
late_allcell_DPN_vs_diabetes	AC233723.1		unresolved_or_ambiguous	up	1.070397618			False	False	False
late_allcell_DPN_vs_diabetes	ACACA	31	official_exact	down	-0.778974091	60581	Acaca	True	True	True
late_allcell_DPN_vs_diabetes	ACACB	32	official_exact	up	0.730493248	116719	Acacb	True	True	False
late_allcell_DPN_vs_diabetes	ACAN	176	official_exact	up	1.121834558	58968	Acan	True	True	False
late_allcell_DPN_vs_diabetes	ACAP1	9744	official_exact	up	0.704027037	287443	Acap1	True	True	False
late_allcell_DPN_vs_diabetes	ACAT1	38	official_exact	down	-0.634528784	25014	Acat1	True	True	True
late_allcell_DPN_vs_diabetes	ACAT2	39	official_exact	down	-1.151971944	308100	Acat2	True	True	True
late_allcell_DPN_vs_diabetes	ACE	1636	official_exact	up	1.11664387	24310	Ace	True	True	False
late_allcell_DPN_vs_diabetes	ACER3	55331	official_exact	down	-0.736660122	499210	Acer3	True	True	True
late_allcell_DPN_vs_diabetes	ACIN1	22985	official_exact	up	1.006163377	305884	Acin1	True	True	True
late_allcell_DPN_vs_diabetes	ACLY	47	official_exact	down	-0.605743151	24159	Acly	True	True	True
late_allcell_DPN_vs_diabetes	ACP3	55	official_exact	down	-0.710133282	56780	Acp3	True	True	True
late_allcell_DPN_vs_diabetes	ACP6	51205	official_exact	up	0.804896459	295305	Acp6	True	True	True
late_allcell_DPN_vs_diabetes	ACPP	55	unique_synonym	down	-0.787411993	56780	Acp3	True	True	True
late_allcell_DPN_vs_diabetes	ACSBG1	23205	official_exact	down	-0.673981427	171410	Acsbg1	True	True	True
late_allcell_DPN_vs_diabetes	ACSF2	80221	official_exact	up	0.82737712	619561	Acsf2	True	True	True
late_allcell_DPN_vs_diabetes	ACSL1	2180	official_exact	up	0.977973734	25288	Acsl1	True	True	True
late_allcell_DPN_vs_diabetes	ACSL3	2181	official_exact	down	-0.734441087	114024	Acsl3	True	True	True
late_allcell_DPN_vs_diabetes	ACSL6	23305	official_exact	down	-1.096075976	117243	Acsl6	True	True	True
late_allcell_DPN_vs_diabetes	ACTA1	58	official_exact	up	0.672533206	29437	Acta1	True	True	True
late_allcell_DPN_vs_diabetes	ACTG2	72	official_exact	up	1.116997407	25365	Actg2	True	True	False
late_allcell_DPN_vs_diabetes	ACTL6B	51412	official_exact	down	-0.790277885	288563	Actl6b	True	True	True
late_allcell_DPN_vs_diabetes	ACTR10	55860	official_exact	down	-0.70312076	299121	Actr10	True	True	True
late_allcell_DPN_vs_diabetes	ACVR1C	130399	official_exact	up	2.984243065	245921	Acvr1c	True	True	False
late_allcell_DPN_vs_diabetes	ACVRL1	94	official_exact	up	0.655867812	25237	Acvrl1	True	True	False
late_allcell_DPN_vs_diabetes	ADA	100	official_exact	up	0.66398016	24165	Ada	True	True	True
late_allcell_DPN_vs_diabetes	ADAM28	10863	official_exact	down	-1.354206758	290344	Adam28	True	True	False
late_allcell_DPN_vs_diabetes	ADAMTS10	81794	official_exact	up	0.634171583	314655	Adamts10	True	True	True
late_allcell_DPN_vs_diabetes	ADAMTS12	81792	official_exact	up	1.063494624	294809	Adamts12	True	True	False
late_allcell_DPN_vs_diabetes	ADAMTS15	170689	official_exact	up	0.908840308	300474	Adamts15	True	True	True
late_allcell_DPN_vs_diabetes	ADAMTS16	170690	official_exact	down	-1.26968334	306664	Adamts16	True	True	True
late_allcell_DPN_vs_diabetes	ADAMTS17	170691	official_exact	up	0.871404844	293004	Adamts17	True	True	True
late_allcell_DPN_vs_diabetes	ADAMTS2	9509	official_exact	up	0.667019233	287899	Adamts2	True	True	False
late_allcell_DPN_vs_diabetes	ADAMTS20	80070	official_exact	down	-3.370614851	315263	Adamts20	True	True	True
late_allcell_DPN_vs_diabetes	ADAMTS4	9507	official_exact	up	1.110595698	66015	Adamts4	True	True	True
late_allcell_DPN_vs_diabetes	ADAMTS9	56999	official_exact	up	0.674602552	312566	Adamts9	True	True	True
late_allcell_DPN_vs_diabetes	ADAMTSL4	54507	official_exact	up	0.80876515	310670	Adamtsl4	True	True	True
late_allcell_DPN_vs_diabetes	ADAP2	55803	official_exact	up	0.708608301	56826	Adap2	True	True	False
late_allcell_DPN_vs_diabetes	ADCY4	196883	official_exact	up	1.134831351	54223	Adcy4	True	True	True
late_allcell_DPN_vs_diabetes	ADCY6	112	official_exact	up	0.677516293	25289	Adcy6	True	True	True
late_allcell_DPN_vs_diabetes	ADD2	119	official_exact	down	-0.721977801	24171	Add2	True	True	True
late_allcell_DPN_vs_diabetes	ADGRA3	166647	official_exact	down	-0.730422603	305408	Adgra3	True	True	True
late_allcell_DPN_vs_diabetes	ADGRB2	576	official_exact	down	-0.904347616	313058	Adgrb2	True	True	False
late_allcell_DPN_vs_diabetes	ADGRB3	577	official_exact	down	-1.22307743	301309	Adgrb3	True	True	True
late_allcell_DPN_vs_diabetes	ADGRE1	2015	official_exact	down	-0.674077597	316137	Adgre1	True	True	False
late_allcell_DPN_vs_diabetes	ADGRE5	976	official_exact	up	0.756551814	361383	Adgre5	True	True	False
late_allcell_DPN_vs_diabetes	ADGRF5	221395	official_exact	up	0.771742712	245977	Adgrf5	True	True	True
late_allcell_DPN_vs_diabetes	ADGRL3	23284	official_exact	down	-0.602564252	170641	Adgrl3	True	True	True
late_allcell_DPN_vs_diabetes	ADGRV1	84059	official_exact	down	-1.130488592	100362255	Adgrv1	True	True	True
late_allcell_DPN_vs_diabetes	ADH1A	124	official_exact	up	1.771796874			False	False	False
late_allcell_DPN_vs_diabetes	ADH1B	125	official_exact	up	0.620408841			False	False	False
late_allcell_DPN_vs_diabetes	ADH5	128	official_exact	down	-0.63844531	100145871	Adh5	True	False	False
late_allcell_DPN_vs_diabetes	ADIPOQ	9370	official_exact	up	3.094254886	246253	Adipoq	True	True	False
late_allcell_DPN_vs_diabetes	ADIPOR2	79602	official_exact	down	-0.837900919	312670	Adipor2	True	True	True
late_allcell_DPN_vs_diabetes	ADM	133	official_exact	up	0.772539582	25026	Adm	True	True	True
late_allcell_DPN_vs_diabetes	ADNP	23394	official_exact	down	-0.685564968	64622	Adnp	True	True	True
late_allcell_DPN_vs_diabetes	ADORA1	134	official_exact	down	-0.69457047	29290	Adora1	True	True	True
late_allcell_DPN_vs_diabetes	ADORA2B	136	official_exact	down	-1.814139957	29316	Adora2b	True	True	True
late_allcell_DPN_vs_diabetes	ADRA1A	148	official_exact	up	2.741848229	29412	Adra1a	True	True	False
late_allcell_DPN_vs_diabetes	ADRA1D	146	official_exact	up	1.162328826	29413	Adra1d	True	True	False
late_allcell_DPN_vs_diabetes	ADRB2	154	official_exact	up	0.667850389	24176	Adrb2	True	True	True
late_allcell_DPN_vs_diabetes	ADSS	159	unique_synonym	down	-0.843535702	289276	Adss2	True	True	True
late_allcell_DPN_vs_diabetes	ADSS1	122622	official_exact	up	1.054266304	684425	Adss1	True	True	False
late_allcell_DPN_vs_diabetes	AEBP1	165	official_exact	up	0.810952556	305494	Aebp1	True	True	True
late_allcell_DPN_vs_diabetes	AEN	64782	official_exact	up	0.847424022	361594	Aen	True	True	True
late_allcell_DPN_vs_diabetes	AFF2	2334	official_exact	down	-1.051864316	293922	Aff2	True	True	True
late_allcell_DPN_vs_diabetes	AGO3	192669	official_exact	down	-0.64272378	313593	Ago3	True	True	True
late_allcell_DPN_vs_diabetes	AHNAK2	113146	official_exact	down	-0.750624157	314478	Ahnak2	True	False	False
late_allcell_DPN_vs_diabetes	AIM2	9447	official_exact	down	-0.879759613	304987	Aim2	True	True	False
late_allcell_DPN_vs_diabetes	AJAP1	55966	official_exact	down	-0.610898719	687031	Ajap1	True	True	False
late_allcell_DPN_vs_diabetes	AK1	203	official_exact	up	0.772144202	24183	Ak1	True	False	False
late_allcell_DPN_vs_diabetes	AK5	26289	official_exact	down	-0.824214103	365985	Ak5	True	True	True
late_allcell_DPN_vs_diabetes	AK6	102157402	official_exact	down	-0.767177508	102238592	Ak6	True	True	True
late_allcell_DPN_vs_diabetes	AKAIN1	642597	official_exact	down	-0.861886796	100362606	Akain1	True	True	True
late_allcell_DPN_vs_diabetes	AKAP11	11215	official_exact	down	-0.798240281	498549	Akap11	True	True	True
late_allcell_DPN_vs_diabetes	AKAP7	9465	official_exact	down	-0.586183635	361458	Akap7	True	True	True
late_allcell_DPN_vs_diabetes	AKIRIN1	79647	official_exact	down	-0.803233004	595134	Akirin1	True	True	True
late_allcell_DPN_vs_diabetes	AKR1B10	57016	official_exact	up	1.125975758			False	False	False
late_allcell_DPN_vs_diabetes	AKR1C2	1646	official_exact	up	0.880070275			False	False	False
late_allcell_DPN_vs_diabetes	AKR1C8P	340811	unique_synonym	up	2.080874851			False	False	False
late_allcell_DPN_vs_diabetes	AKT2	208	official_exact	up	0.936717357	25233	Akt2	True	True	False
late_allcell_DPN_vs_diabetes	AKTIP	64400	official_exact	down	-0.667240911	291906	Aktip	True	True	True
late_allcell_DPN_vs_diabetes	AL445238.1		unresolved_or_ambiguous	down	-0.768337435			False	False	False
late_allcell_DPN_vs_diabetes	AL845331.2		unresolved_or_ambiguous	up	1.597321618			False	False	False
late_allcell_DPN_vs_diabetes	ALCAM	214	official_exact	down	-1.491617481	79559	Alcam	True	True	True
late_allcell_DPN_vs_diabetes	ALDH16A1	126133	official_exact	up	0.701580349	361571	Aldh16a1	True	True	True
late_allcell_DPN_vs_diabetes	ALDH18A1	5832	official_exact	down	-0.606400977	361755	Aldh18a1	True	True	False
late_allcell_DPN_vs_diabetes	ALDH1L1	10840	official_exact	up	1.482027183	64392	Aldh1l1	True	True	False
late_allcell_DPN_vs_diabetes	ALDH4A1	8659	official_exact	down	-0.925803026	641316	Aldh4a1	True	False	False
late_allcell_DPN_vs_diabetes	ALG11	440138	official_exact	down	-0.677104314	361174	Alg11	True	True	True
late_allcell_DPN_vs_diabetes	ALG5	29880	official_exact	down	-0.882318906	295051	Alg5	True	True	True
late_allcell_DPN_vs_diabetes	ALG6	29929	official_exact	down	-0.725101279	362547	Alg6	True	True	True
late_allcell_DPN_vs_diabetes	ALG8	79053	official_exact	down	-0.646702442	293129	Alg8	True	True	True
late_allcell_DPN_vs_diabetes	ALKAL2	285016	official_exact	down	-0.689610431	679566	Alkal2	True	True	True
late_allcell_DPN_vs_diabetes	ALPK1	80216	official_exact	down	-0.760066082	310879	Alpk1	True	True	True
late_allcell_DPN_vs_diabetes	ALPK3	57538	official_exact	up	0.892003771	365298	Alpk3	True	True	False
late_allcell_DPN_vs_diabetes	ALPL	249	official_exact	down	-0.947236199	25586	Alpl	True	True	True
late_allcell_DPN_vs_diabetes	ALS2CL	259173	official_exact	up	0.975442208	316017	Als2cl	True	False	False
late_allcell_DPN_vs_diabetes	AMER2	219287	official_exact	down	-0.773476756	498529	Amer2	True	True	True
late_allcell_DPN_vs_diabetes	AMER3	205147	official_exact	down	-0.67051171	501122	Amer3	True	True	False
late_allcell_DPN_vs_diabetes	AMN	81693	official_exact	up	2.015583887	314459	Amn	True	True	False
late_allcell_DPN_vs_diabetes	ANAPC10	10393	official_exact	down	-0.59357631	361389	Anapc10	True	True	True
late_allcell_DPN_vs_diabetes	ANAPC13	25847	official_exact	down	-0.791271803	685029	Anapc13	True	True	True
late_allcell_DPN_vs_diabetes	ANGEL2	90806	official_exact	down	-1.08446184	305035	Angel2	True	True	True
late_allcell_DPN_vs_diabetes	ANGPT1	284	official_exact	up	0.964501181	89807	Angpt1	True	True	True
late_allcell_DPN_vs_diabetes	ANGPT4	51378	official_exact	up	1.411938592	296269	Angpt4	True	True	False
late_allcell_DPN_vs_diabetes	ANGPTL1	9068	official_exact	up	1.085022183	679942	Angptl1	True	True	True
late_allcell_DPN_vs_diabetes	ANGPTL6	83854	official_exact	down	-1.893480539	298698	Angptl6	True	True	True
late_allcell_DPN_vs_diabetes	ANK1	286	official_exact	down	-0.808162963	306570	Ank1	True	True	True
late_allcell_DPN_vs_diabetes	ANK2	287	official_exact	down	-0.839019081	362036	Ank2	True	True	True
late_allcell_DPN_vs_diabetes	ANKAR	150709	official_exact	down	-0.5938137	501138	Ankar	True	True	False
late_allcell_DPN_vs_diabetes	ANKRD12	23253	official_exact	down	-0.997256483	316775	Ankrd12	True	True	True
late_allcell_DPN_vs_diabetes	ANKRD2	26287	official_exact	up	2.875577324	309374	Ankrd2	True	True	False
late_allcell_DPN_vs_diabetes	ANKRD46	157567	official_exact	down	-0.620183373	299982	Ankrd46	True	True	True
late_allcell_DPN_vs_diabetes	ANKRD53	79998	official_exact	up	1.777014049	500230	Ankrd53	True	False	False
late_allcell_DPN_vs_diabetes	ANKS1B	56899	official_exact	down	-0.940892872	314721	Anks1b	True	True	True
late_allcell_DPN_vs_diabetes	ANKZF1	55139	official_exact	up	0.61758408	363255	Ankzf1	True	True	True
late_allcell_DPN_vs_diabetes	ANLN	54443	official_exact	down	-0.805891041	363031	Anln	True	True	True
late_allcell_DPN_vs_diabetes	ANO2	57101	official_exact	up	0.958034082	100361584	Ano2	True	True	False
late_allcell_DPN_vs_diabetes	ANO3	63982	official_exact	down	-1.30335752	311287	Ano3	True	True	True
late_allcell_DPN_vs_diabetes	ANO4	121601	official_exact	down	-0.878485062	299714	Ano4	True	True	True
late_allcell_DPN_vs_diabetes	ANO5	203859	official_exact	down	-0.925266779	308637	Ano5	True	True	False
late_allcell_DPN_vs_diabetes	ANOS1	3730	official_exact	down	-0.951047554			False	False	False
late_allcell_DPN_vs_diabetes	ANP32B	10541	official_exact	down	-0.596255876	170724	Anp32b	True	True	True
late_allcell_DPN_vs_diabetes	ANXA2R	389289	official_exact	up	0.74332855			False	False	False
late_allcell_DPN_vs_diabetes	AOC3	8639	official_exact	up	0.887002556	29473	Aoc3	True	True	True
late_allcell_DPN_vs_diabetes	AP1G2	8906	official_exact	up	0.846277791	100362547	Ap1g2	True	True	True
late_allcell_DPN_vs_diabetes	AP1S2	8905	official_exact	down	-1.020764054	302671	Ap1s2	True	True	True
late_allcell_DPN_vs_diabetes	AP3B2	8120	official_exact	down	-0.782007391	308777	Ap3b2	True	True	True
late_allcell_DPN_vs_diabetes	AP4S1	11154	official_exact	down	-0.880640248	366618	Ap4s1	True	True	True
late_allcell_DPN_vs_diabetes	AP5M1	55745	official_exact	down	-0.598809106	305861	Ap5m1	True	True	True
late_allcell_DPN_vs_diabetes	AP5Z1	9907	official_exact	up	0.682389155	641386	Ap5z1	True	False	False
late_allcell_DPN_vs_diabetes	APBA2	321	official_exact	down	-0.70155927	83610	Apba2	True	True	True
late_allcell_DPN_vs_diabetes	APBB1	322	official_exact	down	-0.613331093	29722	Apbb1	True	True	True
late_allcell_DPN_vs_diabetes	APBB1IP	54518	official_exact	down	-0.618466762	307171	Apbb1ip	True	True	True
late_allcell_DPN_vs_diabetes	APBB3	10307	official_exact	up	0.653840319	117026	Apbb3	True	True	True
late_allcell_DPN_vs_diabetes	APC	324	official_exact	down	-0.889386925	24205	Apc	True	True	True
late_allcell_DPN_vs_diabetes	APEX1	328	official_exact	down	-0.777961042	79116	Apex1	True	True	True
late_allcell_DPN_vs_diabetes	APIP	51074	official_exact	down	-1.324504874	295961	Apip	True	True	True
late_allcell_DPN_vs_diabetes	APLNR	187	official_exact	down	-0.599950635	83518	Aplnr	True	True	False
late_allcell_DPN_vs_diabetes	APLP1	333	official_exact	down	-0.709440617	502317	Aplp1	True	True	True
late_allcell_DPN_vs_diabetes	APOC1	341	official_exact	down	-1.382971637	25292	Apoc1	True	True	True
late_allcell_DPN_vs_diabetes	APOC2	344	official_exact	down	-1.100613832	292697	Apoc2	True	True	False
late_allcell_DPN_vs_diabetes	APOD	347	official_exact	down	-0.757951641	25239	Apod	True	True	True
late_allcell_DPN_vs_diabetes	APOL3	80833	official_exact	up	1.042332041			False	False	False
late_allcell_DPN_vs_diabetes	APOL6	80830	official_exact	up	0.594111343			False	False	False
late_allcell_DPN_vs_diabetes	APPBP2	10513	official_exact	down	-0.602774514	303396	Appbp2	True	True	True
late_allcell_DPN_vs_diabetes	AQP1	358	official_exact	down	-0.981136539	25240	Aqp1	True	True	True
late_allcell_DPN_vs_diabetes	AQP4	361	official_exact	down	-1.828696219	25293	Aqp4	True	True	False
late_allcell_DPN_vs_diabetes	AQP7	364	official_exact	up	2.406783789	29171	Aqp7	True	True	False
late_allcell_DPN_vs_diabetes	AR	367	official_exact	up	1.042951404	24208	Ar	True	True	True
late_allcell_DPN_vs_diabetes	ARAP3	64411	official_exact	up	1.227357913	361314	Arap3	True	True	False
late_allcell_DPN_vs_diabetes	ARFGEF3	57221	official_exact	down	-0.686799198	292947	Arfgef3	True	True	True
late_allcell_DPN_vs_diabetes	ARG2	384	official_exact	down	-0.977568537	29215	Arg2	True	True	True
late_allcell_DPN_vs_diabetes	ARHGAP19	84986	official_exact	down	-1.141140047	679082	Arhgap19	True	True	True
late_allcell_DPN_vs_diabetes	ARHGAP21	57584	official_exact	down	-0.58604031	307178	Arhgap21	True	True	True
late_allcell_DPN_vs_diabetes	ARHGAP28	79822	official_exact	up	0.979511493	301709	Arhgap28	True	True	True
late_allcell_DPN_vs_diabetes	ARHGAP4	393	official_exact	up	0.634751309	246249	Arhgap4	True	True	False
late_allcell_DPN_vs_diabetes	ARHGAP42	143872	official_exact	down	-1.027856626	500943	Arhgap42	True	True	True
late_allcell_DPN_vs_diabetes	ARHGAP5	394	official_exact	down	-0.889513471	299012	Arhgap5	True	True	True
late_allcell_DPN_vs_diabetes	ARHGDIG	398	official_exact	down	-0.610365825	360500	Arhgdig	True	False	False
late_allcell_DPN_vs_diabetes	ARHGEF10L	55160	official_exact	up	0.801995599	684811	Arhgef10l	True	True	True
late_allcell_DPN_vs_diabetes	ARHGEF15	22899	official_exact	up	1.06499612	287418	Arhgef15	True	True	True
late_allcell_DPN_vs_diabetes	ARHGEF37	389337	official_exact	up	1.076735255	307398	Arhgef37	True	True	True
late_allcell_DPN_vs_diabetes	ARID3A	1820	official_exact	up	0.761049339	314616	Arid3a	True	True	True
late_allcell_DPN_vs_diabetes	ARID5A	10865	official_exact	up	0.854951162	316327	Arid5a	True	True	True
late_allcell_DPN_vs_diabetes	ARL2BP	23568	official_exact	down	-0.704125775	498910	Arl2bp	True	True	True
late_allcell_DPN_vs_diabetes	ARL4A	10124	official_exact	down	-0.655064493	29308	Arl4a	True	True	True
late_allcell_DPN_vs_diabetes	ARL6IP1	23204	official_exact	down	-0.847815992	293551	Arl6ip1	True	True	True
late_allcell_DPN_vs_diabetes	ARL6IP5	10550	official_exact	down	-0.913902723	66028	Arl6ip5	True	True	True
late_allcell_DPN_vs_diabetes	ARMC10	83787	official_exact	down	-1.50844381	296758	Armc10	True	True	True
late_allcell_DPN_vs_diabetes	ARMCX3	51566	official_exact	down	-1.383818086	367902	Armcx3	True	True	True
late_allcell_DPN_vs_diabetes	ARMCX5	64860	official_exact	down	-0.919927465	102552920	Armcx5	True	True	True
late_allcell_DPN_vs_diabetes	ARMH4	145407	official_exact	down	-0.622616335	361032	Armh4	True	True	True
late_allcell_DPN_vs_diabetes	ARMT1	79624	unique_synonym	down	-1.035367754	292267	Dcph1	True	True	True
late_allcell_DPN_vs_diabetes	ARNT2	9915	official_exact	down	-0.764939015	25243	Arnt2	True	True	True
late_allcell_DPN_vs_diabetes	ARNTL	406	unique_synonym	down	-0.607225084	29657	Bmal1	True	True	True
late_allcell_DPN_vs_diabetes	ARPC1A	10552	official_exact	down	-0.603792405	81824	Arpc1a	True	True	True
late_allcell_DPN_vs_diabetes	ARPC5	10092	official_exact	down	-0.715541287	360854	Arpc5	True	True	True
late_allcell_DPN_vs_diabetes	ARPP19	10776	official_exact	down	-0.884036451	60336	Arpp19	True	True	True
late_allcell_DPN_vs_diabetes	ARPP21	10777	official_exact	up	0.593399675	363153	Arpp21	True	True	True
late_allcell_DPN_vs_diabetes	ARSB	411	official_exact	down	-0.79974672	25227	Arsb	True	True	True
late_allcell_DPN_vs_diabetes	ARSE	415	unique_synonym	down	-1.029912598			False	False	False
late_allcell_DPN_vs_diabetes	ARSL	415	official_exact	down	-0.652806724			False	False	False
late_allcell_DPN_vs_diabetes	ARV1	64801	official_exact	down	-0.588288176	292097	Arv1	True	True	True
late_allcell_DPN_vs_diabetes	ASB12	142689	official_exact	down	-1.052033774	503446	Asb12	True	True	False
late_allcell_DPN_vs_diabetes	ASB8	140461	official_exact	down	-0.692532863	315287	Asb8	True	True	True
late_allcell_DPN_vs_diabetes	ASB9	140462	official_exact	up	0.687151251	367785	Asb9	True	True	True
late_allcell_DPN_vs_diabetes	ASPDH	554235	official_exact	down	-1.030147353	292875	Aspdh	True	True	False
late_allcell_DPN_vs_diabetes	ASPHD2	57168	official_exact	down	-0.629288811	364948	Asphd2	True	True	True
late_allcell_DPN_vs_diabetes	ASPN	54829	official_exact	down	-0.770981402	306805	Aspn	True	False	False
late_allcell_DPN_vs_diabetes	ASTE1	28990	official_exact	down	-0.752826327	363130	Aste1	True	True	True
late_allcell_DPN_vs_diabetes	ASTN1	460	official_exact	down	-1.534417576	304900	Astn1	True	True	True
late_allcell_DPN_vs_diabetes	ASTN2	23245	official_exact	down	-0.885752431	100361323	Astn2	True	True	True
late_allcell_DPN_vs_diabetes	ASXL2	55252	official_exact	down	-0.609766737	313922	Asxl2	True	True	True
late_allcell_DPN_vs_diabetes	ATAD1	84896	official_exact	down	-0.857740057	309532	Atad1	True	True	True
late_allcell_DPN_vs_diabetes	ATCAY	85300	official_exact	down	-0.788596507	362826	Atcay	True	True	True
late_allcell_DPN_vs_diabetes	ATF3	467	official_exact	up	0.833494789	25389	Atf3	True	True	True
late_allcell_DPN_vs_diabetes	ATG12	9140	official_exact	down	-0.792234063	361321	Atg12	True	True	True
late_allcell_DPN_vs_diabetes	ATG16L2	89849	official_exact	up	0.71053983	308865	Atg16l2	True	True	True
late_allcell_DPN_vs_diabetes	ATG3	64422	official_exact	down	-0.776782415	171415	Atg3	True	True	True
late_allcell_DPN_vs_diabetes	ATL1	51062	official_exact	down	-0.864789238	362750	Atl1	True	True	True
late_allcell_DPN_vs_diabetes	ATMIN	23300	official_exact	down	-0.737484234	315037	Atmin	True	False	False
late_allcell_DPN_vs_diabetes	ATOH8	84913	official_exact	up	0.704313829	500200	Atoh8	True	True	False
late_allcell_DPN_vs_diabetes	ATOX1	475	official_exact	down	-0.672748411	84355	Atox1	True	True	True
late_allcell_DPN_vs_diabetes	ATP1A1	476	official_exact	down	-0.95973158	24211	Atp1a1	True	True	True
late_allcell_DPN_vs_diabetes	ATP1A2	477	official_exact	down	-0.689726517	24212	Atp1a2	True	True	True
late_allcell_DPN_vs_diabetes	ATP1A3	478	official_exact	down	-0.893398459	24213	Atp1a3	True	True	True
late_allcell_DPN_vs_diabetes	ATP1B1	481	official_exact	down	-0.626901615	25650	Atp1b1	True	True	True
late_allcell_DPN_vs_diabetes	ATP1B3	483	official_exact	down	-0.755446186	25390	Atp1b3	True	True	True
late_allcell_DPN_vs_diabetes	ATP2A3	489	official_exact	up	0.977269198	25391	Atp2a3	True	True	True
late_allcell_DPN_vs_diabetes	ATP2B2	491	official_exact	down	-0.94070179	24215	Atp2b2	True	True	True
late_allcell_DPN_vs_diabetes	ATP2B3	492	official_exact	down	-1.008262421	29599	Atp2b3	True	True	True
late_allcell_DPN_vs_diabetes	ATP5F1A	498	official_exact	down	-0.872310899	65262	Atp5f1a	True	True	True
late_allcell_DPN_vs_diabetes	ATP5F1C	509	official_exact	down	-0.824593502	116550	Atp5f1c	True	True	True
late_allcell_DPN_vs_diabetes	ATP5MC1	516	official_exact	down	-0.88520383	29754	Atp5mc1	True	True	True
late_allcell_DPN_vs_diabetes	ATP5MD	84833	unique_synonym	down	-1.109901425	171069	Atp5mk	True	True	True
late_allcell_DPN_vs_diabetes	ATP5MF	9551	official_exact	down	-0.768164685	690441	Atp5mf	True	True	True
late_allcell_DPN_vs_diabetes	ATP5PB	515	official_exact	down	-0.607627957	171375	Atp5pb	True	True	False
late_allcell_DPN_vs_diabetes	ATP5PD	10476	official_exact	down	-0.804922237	641434	Atp5pd	True	True	True
late_allcell_DPN_vs_diabetes	ATP5PF	522	official_exact	down	-0.879677978	94271	Atp5pf	True	True	True
late_allcell_DPN_vs_diabetes	ATP6AP1L	92270	official_exact	down	-0.962487854			False	False	False
late_allcell_DPN_vs_diabetes	ATP6AP2	10159	official_exact	down	-1.321187358	302526	Atp6ap2	True	True	True
late_allcell_DPN_vs_diabetes	ATP6V0A1	535	official_exact	down	-0.664918608	29757	Atp6v0a1	True	True	True
late_allcell_DPN_vs_diabetes	ATP6V0B	533	official_exact	down	-0.626325893	298451	Atp6v0b	True	True	True
late_allcell_DPN_vs_diabetes	ATP6V0C	527	official_exact	down	-0.661689719	170667	Atp6v0c	True	True	True
late_allcell_DPN_vs_diabetes	ATP6V0E1	8992	official_exact	down	-0.673387798	94170	Atp6v0e1	True	True	True
late_allcell_DPN_vs_diabetes	ATP6V0E2	155066	official_exact	down	-1.142076127	436582	Atp6v0e2	True	True	True
late_allcell_DPN_vs_diabetes	ATP6V1A	523	official_exact	down	-0.768311737	685232	Atp6v1a	True	True	True
late_allcell_DPN_vs_diabetes	ATP6V1E1	529	official_exact	down	-0.835269935	297566	Atp6v1e1	True	True	True
late_allcell_DPN_vs_diabetes	ATP6V1F	9296	official_exact	down	-0.660129626	116664	Atp6v1f	True	True	True
late_allcell_DPN_vs_diabetes	ATP6V1G1	9550	official_exact	down	-0.775379165	298103	Atp6v1g1	True	True	True
late_allcell_DPN_vs_diabetes	ATP6V1G2	534	official_exact	down	-1.33711486	368044	Atp6v1g2	True	True	True
late_allcell_DPN_vs_diabetes	ATP8A2	51761	official_exact	down	-0.862157575	691889	Atp8a2	True	True	True
late_allcell_DPN_vs_diabetes	ATP8B4	79895	official_exact	down	-0.890803358	311396	Atp8b4	True	False	False
late_allcell_DPN_vs_diabetes	ATRNL1	26033	official_exact	down	-1.481144865	307992	Atrnl1	True	True	True
late_allcell_DPN_vs_diabetes	AUP1	550	official_exact	up	0.694170564	680423	Aup1	True	True	True
late_allcell_DPN_vs_diabetes	AVIL	10677	official_exact	down	-0.992610825	79253	Avil	True	True	True
late_allcell_DPN_vs_diabetes	AZIN1	51582	official_exact	down	-0.681885061	58961	Azin1	True	True	True
late_allcell_DPN_vs_diabetes	AZU1	566	official_exact	up	0.595623572			False	False	False
late_allcell_DPN_vs_diabetes	B3GALNT1	8706	official_exact	down	-0.685161886	310508	B3galnt1	True	True	True
late_allcell_DPN_vs_diabetes	B3GALT1	8708	official_exact	down	-1.448031635	366064	B3galt1	True	True	True
late_allcell_DPN_vs_diabetes	B3GALT2	8707	official_exact	down	-0.795493811	686081	B3galt2	True	True	True
late_allcell_DPN_vs_diabetes	B3GALT5	10317	official_exact	down	-1.366026515	288161	B3galt5	True	True	False
late_allcell_DPN_vs_diabetes	B3GALT9	100288842	official_exact	up	0.700294218	103691796	B3galt9	True	False	False
late_allcell_DPN_vs_diabetes	B3GAT1	27087	official_exact	down	-0.597184781	117108	B3gat1	True	True	False
late_allcell_DPN_vs_diabetes	B3GAT2	135152	official_exact	down	-1.276667929	64544	B3gat2	True	True	True
late_allcell_DPN_vs_diabetes	B3GNT10	100288842	unique_synonym	down	-0.628723003	103691796	B3galt9	True	False	False
late_allcell_DPN_vs_diabetes	B3GNT2	10678	official_exact	down	-0.593325564	305571	B3gnt2	True	True	True
late_allcell_DPN_vs_diabetes	B3GNT5	84002	official_exact	down	-0.617552576	116740	B3gnt5	True	True	True
late_allcell_DPN_vs_diabetes	B4GALT6	9331	official_exact	down	-0.920670925	65196	B4galt6	True	True	True
late_allcell_DPN_vs_diabetes	B4GAT1	11041	official_exact	down	-0.852532907	293667	B4gat1	True	False	False
late_allcell_DPN_vs_diabetes	BAG4	9530	official_exact	down	-0.971209274	361167	Bag4	True	True	True
late_allcell_DPN_vs_diabetes	BAHCC1	57597	official_exact	up	0.756194292	360674	Bahcc1	True	True	False
late_allcell_DPN_vs_diabetes	BAX	581	official_exact	up	0.681536317	24887	Bax	True	True	True
late_allcell_DPN_vs_diabetes	BBIP1	92482	official_exact	down	-0.970645927	100910342	Bbip1	True	True	True
late_allcell_DPN_vs_diabetes	BBOF1	80127	official_exact	up	0.590989199	500693	Bbof1	True	True	True
late_allcell_DPN_vs_diabetes	BBS1	582	official_exact	up	0.659373459	309156	Bbs1	True	True	True
late_allcell_DPN_vs_diabetes	BBS10	79738	official_exact	down	-1.019397455	500832	Bbs10	True	True	True
late_allcell_DPN_vs_diabetes	BBS12	166379	official_exact	down	-0.640659014	365770	Bbs12	True	True	True
late_allcell_DPN_vs_diabetes	BBS2	583	official_exact	down	-0.65040429	113948	Bbs2	True	True	True
late_allcell_DPN_vs_diabetes	BBS5	129880	official_exact	down	-0.696132964	362142	Bbs5	True	True	True
late_allcell_DPN_vs_diabetes	BCAN	63827	official_exact	down	-2.065584634	25393	Bcan	True	True	True
late_allcell_DPN_vs_diabetes	BCAR1	9564	official_exact	up	0.59160132	25414	Bcar1	True	True	True
late_allcell_DPN_vs_diabetes	BCHE	590	official_exact	down	-1.754438048	65036	Bche	True	True	True
late_allcell_DPN_vs_diabetes	BCO1	53630	official_exact	down	-2.297283073	114106	Bco1	True	True	True
late_allcell_DPN_vs_diabetes	BDH1	622	official_exact	down	-0.610293314	117099	Bdh1	True	True	True
late_allcell_DPN_vs_diabetes	BDH2	56898	official_exact	down	-0.591406669	295458	Bdh2	True	True	True
late_allcell_DPN_vs_diabetes	BDKRB2	624	official_exact	down	-0.88664213	25245	Bdkrb2	True	True	True
late_allcell_DPN_vs_diabetes	BDNF	627	official_exact	down	-1.05474748	24225	Bdnf	True	True	True
late_allcell_DPN_vs_diabetes	BEND5	79656	official_exact	down	-0.799848286	362564	Bend5	True	True	True
late_allcell_DPN_vs_diabetes	BEX4	56271	official_exact	down	-0.891046744	501624	Bex4	True	False	False
late_allcell_DPN_vs_diabetes	BEX5	340542	official_exact	down	-0.969628026			False	False	False
late_allcell_DPN_vs_diabetes	BHLHE40	8553	official_exact	up	0.748260481	79431	Bhlhe40	True	True	True
late_allcell_DPN_vs_diabetes	BHMT2	23743	official_exact	up	0.704191939	365972	Bhmt2	True	True	False
late_allcell_DPN_vs_diabetes	BICC1	80114	official_exact	up	0.608878636	361832	Bicc1	True	True	True
late_allcell_DPN_vs_diabetes	BICD2	23299	official_exact	up	0.604659491	306809	Bicd2	True	True	True
late_allcell_DPN_vs_diabetes	BICRA	29998	official_exact	up	0.587309716	292622	Bicra	True	True	True
late_allcell_DPN_vs_diabetes	BIN1	274	official_exact	up	0.727548571	117028	Bin1	True	True	True
late_allcell_DPN_vs_diabetes	BIN3	55909	official_exact	down	-0.590921743	361065	Bin3	True	True	True
late_allcell_DPN_vs_diabetes	BIRC2	329	official_exact	down	-0.712263046	60371	Birc2	True	True	True
late_allcell_DPN_vs_diabetes	BLOC1S3	388552	official_exact	up	0.790423115	680476	Bloc1s3	True	True	True
late_allcell_DPN_vs_diabetes	BMF	90427	official_exact	up	0.893804491	246142	Bmf	True	True	False
late_allcell_DPN_vs_diabetes	BMP1	649	official_exact	up	0.599481589	83470	Bmp1	True	True	True
late_allcell_DPN_vs_diabetes	BMP2K	55589	official_exact	down	-0.627251566	498333	Bmp2k	True	False	False
late_allcell_DPN_vs_diabetes	BMP3	651	official_exact	down	-1.216644808	25667	Bmp3	True	True	False
late_allcell_DPN_vs_diabetes	BMP4	652	official_exact	up	1.474307218	25296	Bmp4	True	True	False
late_allcell_DPN_vs_diabetes	BMP5	653	official_exact	up	1.320204544	315824	Bmp5	True	True	False
late_allcell_DPN_vs_diabetes	BMP6	654	official_exact	up	1.068949784	25644	Bmp6	True	True	False
late_allcell_DPN_vs_diabetes	BMT2	154743	unique_synonym	down	-0.683080555	500034	Samtor	True	True	True
late_allcell_DPN_vs_diabetes	BMX	660	official_exact	up	1.30633998	367786	Bmx	True	True	False
late_allcell_DPN_vs_diabetes	BNIPL	149428	official_exact	up	0.789002261	361994	Bnipl	True	True	False
late_allcell_DPN_vs_diabetes	BOC	91653	official_exact	up	0.585764003	360715	Boc	True	True	True
late_allcell_DPN_vs_diabetes	BOD1L1	259282	official_exact	down	-0.742777498	207118	Bod1l1	True	True	True
late_allcell_DPN_vs_diabetes	BOK	666	official_exact	up	0.889529358	29884	Bok	True	True	True
late_allcell_DPN_vs_diabetes	BOLA3	388962	official_exact	down	-1.254529816	297388	Bola3	True	True	True
late_allcell_DPN_vs_diabetes	BPHL	670	official_exact	up	0.780791891	361239	Bphl	True	True	True
late_allcell_DPN_vs_diabetes	BPIFC	254240	official_exact	up	0.678792271	299685	Bpifc	True	True	False
late_allcell_DPN_vs_diabetes	BRAF	673	official_exact	down	-1.051934613	114486	Braf	True	True	True
late_allcell_DPN_vs_diabetes	BRAP	8315	official_exact	down	-0.709733602	687346	Brap	True	True	True
late_allcell_DPN_vs_diabetes	BRCA1	672	official_exact	up	0.669564343	497672	Brca1	True	True	True
late_allcell_DPN_vs_diabetes	BRD9	65980	official_exact	up	0.733702053	308067	Brd9	True	True	True
late_allcell_DPN_vs_diabetes	BRICD5	283870	official_exact	down	-0.68735968	681370	Bricd5	True	True	True
late_allcell_DPN_vs_diabetes	BRINP1	1620	official_exact	down	-1.085093999	140610	Brinp1	True	True	True
late_allcell_DPN_vs_diabetes	BRINP2	57795	official_exact	down	-1.09924927	286895	Brinp2	True	True	True
late_allcell_DPN_vs_diabetes	BRSK2	9024	official_exact	down	-0.676662751	293631	Brsk2	True	True	True
late_allcell_DPN_vs_diabetes	BSCL2	26580	official_exact	down	-0.840278439	361722	Bscl2	True	True	True
late_allcell_DPN_vs_diabetes	BSN	8927	official_exact	down	-0.972300394	29138	Bsn	True	True	True
late_allcell_DPN_vs_diabetes	BSPRY	54836	official_exact	down	-0.599455523	64027	Bspry	True	True	True
late_allcell_DPN_vs_diabetes	BTBD11	121551	unique_synonym	down	-1.927504354	314675	Abtb3	True	True	False
late_allcell_DPN_vs_diabetes	BTBD3	22903	official_exact	down	-0.63676237	311462	Btbd3	True	True	True
late_allcell_DPN_vs_diabetes	BTC	685	official_exact	up	0.984059902	64022	Btc	True	True	True
late_allcell_DPN_vs_diabetes	BTN2A2	10385	official_exact	up	0.669788163	306957	Btn2a2	True	True	False
late_allcell_DPN_vs_diabetes	BUB1	699	official_exact	down	-0.968241745	296137	Bub1	True	True	True
late_allcell_DPN_vs_diabetes	BVES	11149	unique_synonym	down	-0.890009956	365603	Popdc1	True	True	True
late_allcell_DPN_vs_diabetes	C10orf142	100130539	unique_synonym	up	1.105688304			False	False	False
late_allcell_DPN_vs_diabetes	C10orf62	414157	official_exact	up	1.000000118	682010	C1h10orf62	True	False	False
late_allcell_DPN_vs_diabetes	C10orf71	118461	official_exact	up	2.013047955	498579	C16h10orf71	True	True	False
late_allcell_DPN_vs_diabetes	C11orf24	53838	official_exact	down	-0.636788148	309145	C1h11orf24	True	True	True
late_allcell_DPN_vs_diabetes	C11orf52	91894	official_exact	up	0.701304207	689959	C8h11orf52	True	False	False
late_allcell_DPN_vs_diabetes	C11orf87	399947	official_exact	down	-0.642339956	100125362	C8h11orf87	True	False	False
late_allcell_DPN_vs_diabetes	C11orf91	100131378	official_exact	up	1.172309427	362175	C3h11orf91	True	True	False
late_allcell_DPN_vs_diabetes	C12orf10	60314	unique_synonym	down	-0.693800875	300258	Myg1	True	True	True
late_allcell_DPN_vs_diabetes	C12orf49	79794	unique_synonym	down	-1.588484859	498188	Spring1	True	True	True
late_allcell_DPN_vs_diabetes	C12orf57	113246	official_exact	down	-0.955100531	100362005	Grcc10	True	True	False
late_allcell_DPN_vs_diabetes	C12orf60	144608	official_exact	down	-0.856013064	500354	C4h12orf60	True	False	False
late_allcell_DPN_vs_diabetes	C12orf74	440107	unique_synonym	up	1.080856959	102549681	Plekhg7	True	False	False
late_allcell_DPN_vs_diabetes	C14orf132	56967	official_exact	down	-0.599462494	100909954	C6h14orf132	True	False	False
late_allcell_DPN_vs_diabetes	C14orf180	400258	official_exact	up	1.388718048	691485	C6h14orf180	True	False	False
late_allcell_DPN_vs_diabetes	C14orf28	122525	unique_synonym	down	-1.298139508	314168	Dorip1	True	True	True
late_allcell_DPN_vs_diabetes	C14orf39	317761	official_exact	down	-1.232211075	500673	Six6os1	True	True	False
late_allcell_DPN_vs_diabetes	C15orf61	145853	official_exact	down	-0.77186697	363074	C8h15orf61	True	True	True
late_allcell_DPN_vs_diabetes	C15orf65	145788	unique_synonym	down	-1.059304594	691849	Pierce2	True	True	True
late_allcell_DPN_vs_diabetes	C16orf91	283951	unique_synonym	down	-0.586563481	497874	Uqcc4	True	True	True
late_allcell_DPN_vs_diabetes	C17orf107	100130311	official_exact	up	1.170716229	687707	C10h17orf107	True	False	False
late_allcell_DPN_vs_diabetes	C17orf53	78995	unique_synonym	down	-1.273989552	303566	Hrob	True	False	False
late_allcell_DPN_vs_diabetes	C17orf97	400566	unique_synonym	up	0.649778158	497957	Liat1	True	True	False
late_allcell_DPN_vs_diabetes	C19orf33	64073	official_exact	down	-0.895753728	100361913	C1h19orf33	True	False	False
late_allcell_DPN_vs_diabetes	C19orf57	79173	unique_synonym	up	1.097075479	304654	Brme1	True	True	True
late_allcell_DPN_vs_diabetes	C19orf71	100128569	unique_synonym	down	-0.824188833	690617	Tektip1	True	False	False
late_allcell_DPN_vs_diabetes	C1GALT1C1	29071	official_exact	down	-0.669231966	302499	C1galt1c1	True	True	True
late_allcell_DPN_vs_diabetes	C1QB	713	official_exact	down	-0.66036818	29687	C1qb	True	True	True
late_allcell_DPN_vs_diabetes	C1QBP	708	official_exact	down	-1.153508126	29681	C1qbp	True	True	True
late_allcell_DPN_vs_diabetes	C1QC	714	official_exact	down	-0.642222371	362634	C1qc	True	True	True
late_allcell_DPN_vs_diabetes	C1QTNF1	114897	official_exact	up	0.772274007	303701	C1qtnf1	True	True	True
late_allcell_DPN_vs_diabetes	C1QTNF6	114904	official_exact	up	0.869172803	315114	C1qtnf6	True	True	False
late_allcell_DPN_vs_diabetes	C1QTNF7	114905	official_exact	up	0.924899275	305423	C1qtnf7	True	True	False
late_allcell_DPN_vs_diabetes	C1orf162	128346	official_exact	down	-0.644215842	100363228	C2h1orf162	True	False	False
late_allcell_DPN_vs_diabetes	C1orf53	388722	official_exact	down	-0.636762557	360851	C13h1orf53	True	True	True
late_allcell_DPN_vs_diabetes	C20orf204	284739	official_exact	up	0.793905432	499958	Linc00176	True	True	False
late_allcell_DPN_vs_diabetes	C20orf27	54976	unique_synonym	down	-1.43636554	311428	Adissp	True	True	True
late_allcell_DPN_vs_diabetes	C2orf81	388963	official_exact	up	0.642401851	500227	C4h2orf81	True	False	False
late_allcell_DPN_vs_diabetes	C2orf83	56918	unique_synonym	up	1.847234469			False	False	False
late_allcell_DPN_vs_diabetes	C3	718	official_exact	down	-0.908995676	24232	C3	True	True	False
late_allcell_DPN_vs_diabetes	C3orf14	57415	unique_synonym	down	-0.60400929	289928	Cep15	True	True	True
late_allcell_DPN_vs_diabetes	C3orf80	401097	official_exact	down	-1.168084744	100362176	C2h3orf80	True	False	False
late_allcell_DPN_vs_diabetes	C4B	721	official_exact	down	-1.829625085			False	False	False
late_allcell_DPN_vs_diabetes	C4orf19	55286	unique_synonym	down	-0.876675282	498368	Pgcka1	True	False	False
late_allcell_DPN_vs_diabetes	C4orf46	201725	official_exact	down	-0.96556152	310537	C2h4orf46	True	True	True
late_allcell_DPN_vs_diabetes	C4orf48	401115	unique_synonym	down	-0.797933684	289728	Nicol1	True	True	True
late_allcell_DPN_vs_diabetes	C5AR1	728	official_exact	up	0.692664774	113959	C5ar1	True	True	False
late_allcell_DPN_vs_diabetes	C5orf30	90355	unique_synonym	down	-0.672277612	501195	Macir	True	True	True
late_allcell_DPN_vs_diabetes	C5orf51	285636	unique_synonym	down	-0.682945611	310362	Rimoc1	True	True	True
late_allcell_DPN_vs_diabetes	C6	729	official_exact	up	1.909544083	24237	C6	True	True	True
late_allcell_DPN_vs_diabetes	C6orf132	647024	official_exact	up	1.281293623	301232	C9h6orf132	True	True	False
late_allcell_DPN_vs_diabetes	C6orf141	135398	official_exact	up	1.435970827	688459	C9h6orf141	True	False	False
late_allcell_DPN_vs_diabetes	C6orf223	221416	unique_synonym	down	-1.255695903			False	False	False
late_allcell_DPN_vs_diabetes	C7	730	official_exact	down	-0.612229114	117517	C7	True	True	False
late_allcell_DPN_vs_diabetes	C7orf61	402573	unique_synonym	down	-0.776700532	100362783	Spacdr	True	False	False
late_allcell_DPN_vs_diabetes	C8orf34	116328	official_exact	down	-1.957084496	500390	C5h8orf34	True	True	True
late_allcell_DPN_vs_diabetes	C8orf88	100127983	official_exact	up	1.076474308	100912373	C5h8orf88	True	False	False
late_allcell_DPN_vs_diabetes	C9orf116	138162	unique_synonym	down	-0.761755753	296608	Pierce1	True	True	False
late_allcell_DPN_vs_diabetes	C9orf16	79095	unique_synonym	down	-0.824870203	499780	Bbln	True	True	True
late_allcell_DPN_vs_diabetes	C9orf72	203228	official_exact	down	-1.041855507	313155	C9orf72	True	True	True
late_allcell_DPN_vs_diabetes	CA10	56934	official_exact	down	-0.97484918	100360015	Ca10	True	True	True
late_allcell_DPN_vs_diabetes	CA2	760	official_exact	down	-1.219988285	54231	Ca2	True	True	True
late_allcell_DPN_vs_diabetes	CABYR	26256	official_exact	down	-0.83224001	686189	Cabyr	True	True	False
late_allcell_DPN_vs_diabetes	CACHD1	57685	official_exact	up	0.767175232	298267	Cachd1	True	True	False
late_allcell_DPN_vs_diabetes	CACNA1B	774	official_exact	down	-0.68975898	257648	Cacna1b	True	True	True
late_allcell_DPN_vs_diabetes	CACNA1D	776	official_exact	down	-1.067997101	29716	Cacna1d	True	True	True
late_allcell_DPN_vs_diabetes	CACNA1E	777	official_exact	down	-0.593245843	54234	Cacna1e	True	True	False
late_allcell_DPN_vs_diabetes	CACNA1H	8912	official_exact	up	0.902280649	114862	Cacna1h	True	True	True
late_allcell_DPN_vs_diabetes	CACNA2D2	9254	official_exact	down	-0.777818096	300992	Cacna2d2	True	True	True
late_allcell_DPN_vs_diabetes	CACNA2D3	55799	official_exact	down	-1.211954334	306243	Cacna2d3	True	True	True
late_allcell_DPN_vs_diabetes	CACNB2	783	official_exact	down	-1.220348506	116600	Cacnb2	True	True	False
late_allcell_DPN_vs_diabetes	CACNG2	10369	official_exact	down	-0.598590662	84347	Cacng2	True	True	True
late_allcell_DPN_vs_diabetes	CACNG3	10368	official_exact	down	-1.073210958	140724	Cacng3	True	True	True
late_allcell_DPN_vs_diabetes	CACNG4	27092	official_exact	down	-0.810162073	140725	Cacng4	True	True	True
late_allcell_DPN_vs_diabetes	CACNG5	27091	official_exact	down	-1.825725613	140726	Cacng5	True	True	False
late_allcell_DPN_vs_diabetes	CACNG7	59284	official_exact	down	-0.788157527	140728	Cacng7	True	True	False
late_allcell_DPN_vs_diabetes	CADM2	253559	official_exact	down	-1.086983345	360687	Cadm2	True	True	True
late_allcell_DPN_vs_diabetes	CADM3	57863	official_exact	down	-0.707885249	360882	Cadm3	True	True	True
late_allcell_DPN_vs_diabetes	CADPS	8618	official_exact	down	-0.902252493	26989	Cadps	True	True	True
late_allcell_DPN_vs_diabetes	CALCA	796	official_exact	down	-0.894061502	24241	Calca	True	True	True
late_allcell_DPN_vs_diabetes	CALCB	797	official_exact	down	-0.969905143	171519	Calcb	True	True	True
late_allcell_DPN_vs_diabetes	CALHM6	441168	official_exact	down	-0.80438177	294430	Calhm6	True	True	False
late_allcell_DPN_vs_diabetes	CALML6	163688	official_exact	up	0.64909856			False	False	False
late_allcell_DPN_vs_diabetes	CALY	50632	official_exact	down	-0.633520438	192349	Caly	True	True	True
late_allcell_DPN_vs_diabetes	CAMK2A	815	official_exact	down	-0.773951396	25400	Camk2a	True	True	True
late_allcell_DPN_vs_diabetes	CAMK2N2	94032	official_exact	down	-0.865389817	59314	Camk2n2	True	True	False
late_allcell_DPN_vs_diabetes	CAMLG	819	official_exact	down	-0.702641728	81715	Camlg	True	True	True
late_allcell_DPN_vs_diabetes	CAMSAP2	23271	official_exact	down	-0.707130349	289400	Camsap2	True	True	True
late_allcell_DPN_vs_diabetes	CAMSAP3	57662	official_exact	down	-0.882824256	689074	Camsap3	True	True	True
late_allcell_DPN_vs_diabetes	CAMTA2	23125	official_exact	up	0.652314451	287462	Camta2	True	True	True
late_allcell_DPN_vs_diabetes	CAND1	55832	official_exact	down	-0.817774164	117152	Cand1	True	True	True
late_allcell_DPN_vs_diabetes	CANX	821	official_exact	down	-0.646320714	29144	Canx	True	True	True
late_allcell_DPN_vs_diabetes	CAP1	10487	official_exact	down	-1.651023817	64185	Cap1	True	True	True
late_allcell_DPN_vs_diabetes	CAPN13	92291	official_exact	down	-0.794794567	362701	Capn13	True	True	False
late_allcell_DPN_vs_diabetes	CAPN15	6650	official_exact	up	0.832902899	303000	Capn15	True	True	True
late_allcell_DPN_vs_diabetes	CAPN2	824	official_exact	up	0.613126736	29154	Capn2	True	True	True
late_allcell_DPN_vs_diabetes	CAPS	828	official_exact	up	0.861230272	120094827	Caps	True	False	False
late_allcell_DPN_vs_diabetes	CARD10	29775	official_exact	up	0.689875798	315120	Card10	True	True	False
late_allcell_DPN_vs_diabetes	CARMIL3	90668	official_exact	down	-0.586159584	361041	Carmil3	True	True	True
late_allcell_DPN_vs_diabetes	CARS1	833	official_exact	up	1.061130604	293638	Cars1	True	True	True
late_allcell_DPN_vs_diabetes	CASC4	113201	unique_synonym	down	-1.420919725	362204	Golm2	True	True	True
late_allcell_DPN_vs_diabetes	CASP3	836	official_exact	down	-0.631344008	25402	Casp3	True	True	True
late_allcell_DPN_vs_diabetes	CASP9	842	official_exact	up	0.793413979	58918	Casp9	True	True	True
late_allcell_DPN_vs_diabetes	CASTOR1	652968	official_exact	down	-0.653053463	360969	Castor1	True	True	True
late_allcell_DPN_vs_diabetes	CBFA2T3	863	official_exact	up	0.884208726	361431	Cbfa2t3	True	True	True
late_allcell_DPN_vs_diabetes	CBLB	868	official_exact	up	1.074728038	171136	Cblb	True	True	True
late_allcell_DPN_vs_diabetes	CBLN2	147381	official_exact	down	-1.789306413	291388	Cbln2	True	True	True
late_allcell_DPN_vs_diabetes	CBLN3	643866	official_exact	up	0.758275123	501998	Cbln3	True	True	False
late_allcell_DPN_vs_diabetes	CBLN4	140689	official_exact	down	-1.404766273	499947	Cbln4	True	True	True
late_allcell_DPN_vs_diabetes	CBX3	11335	official_exact	down	-1.242911328	297093	Cbx3	True	True	True
late_allcell_DPN_vs_diabetes	CBX8	57332	official_exact	up	0.707732326	303731	Cbx8	True	True	True
late_allcell_DPN_vs_diabetes	CC2D1A	54862	official_exact	up	0.719005273	288908	Cc2d1a	True	True	True
late_allcell_DPN_vs_diabetes	CC2D2B	387707	official_exact	down	-0.66347614	294054	Cc2d2b	True	False	False
late_allcell_DPN_vs_diabetes	CCAR1	55749	official_exact	down	-0.951806762	361849	Ccar1	True	True	True
late_allcell_DPN_vs_diabetes	CCBE1	147372	official_exact	up	1.215650988	361341	Ccbe1	True	False	False
late_allcell_DPN_vs_diabetes	CCDC102B	79839	official_exact	up	0.844017281			False	False	False
late_allcell_DPN_vs_diabetes	CCDC114	93233	unique_synonym	up	0.864531078	308594	Odad1	True	True	False
late_allcell_DPN_vs_diabetes	CCDC126	90693	official_exact	down	-0.868218291	500117	Ccdc126	True	True	True
late_allcell_DPN_vs_diabetes	CCDC13	152206	official_exact	up	0.747245347	686091	Ccdc13	True	True	False
late_allcell_DPN_vs_diabetes	CCDC14	64770	official_exact	down	-0.71429168	288054	Ccdc14	True	True	False
late_allcell_DPN_vs_diabetes	CCDC141	285025	official_exact	up	1.187578486	311134	Ccdc141	True	True	True
late_allcell_DPN_vs_diabetes	CCDC142	84865	official_exact	up	1.21880774	297380	Ccdc142	True	False	False
late_allcell_DPN_vs_diabetes	CCDC151	115948	unique_synonym	up	0.662067833	315465	Odad3	True	True	False
late_allcell_DPN_vs_diabetes	CCDC160	347475	official_exact	down	-0.703190085	683891	Ccdc160	True	True	True
late_allcell_DPN_vs_diabetes	CCDC163	126661	official_exact	up	1.263754405	298442	Ccdc163	True	True	True
late_allcell_DPN_vs_diabetes	CCDC173	129881	unique_synonym	down	-1.587257999	311113	Cfap210	True	True	True
late_allcell_DPN_vs_diabetes	CCDC177	56936	official_exact	down	-0.716130185	500686	Ccdc177	True	True	False
late_allcell_DPN_vs_diabetes	CCDC189	90835	unique_synonym	down	-0.730867286	691909	Cfap119	True	True	True
late_allcell_DPN_vs_diabetes	CCDC194	110806280	official_exact	up	0.781034516	108353095	Ccdc194	True	False	False
late_allcell_DPN_vs_diabetes	CCDC3	83643	official_exact	down	-0.626300314	498795	Ccdc3	True	False	False
late_allcell_DPN_vs_diabetes	CCDC36	339834	unique_synonym	up	0.951144282	680018	Iho1	True	True	False
late_allcell_DPN_vs_diabetes	CCDC47	57003	official_exact	down	-0.643121116	303606	Ccdc47	True	True	True
late_allcell_DPN_vs_diabetes	CCDC51	79714	official_exact	down	-0.823887582	316008	Ccdc51	True	True	True
late_allcell_DPN_vs_diabetes	CCDC69	26112	official_exact	up	0.822590763	497906	Ccdc69	True	True	False
late_allcell_DPN_vs_diabetes	CCDC78	124093	official_exact	up	1.033119554	302996	Ccdc78	True	True	False
late_allcell_DPN_vs_diabetes	CCDC88C	440193	official_exact	up	1.107450317	362770	Ccdc88c	True	True	True
late_allcell_DPN_vs_diabetes	CCDC89	220388	official_exact	up	0.640502298	293107	Ccdc89	True	False	False
late_allcell_DPN_vs_diabetes	CCDC9	26093	official_exact	up	0.728146764	684934	Ccdc9	True	True	True
late_allcell_DPN_vs_diabetes	CCHCR1	54535	official_exact	up	0.645330631	406196	Cchcr1	True	True	True
late_allcell_DPN_vs_diabetes	CCIN	881	official_exact	up	0.615082934	298392	Ccin	True	True	False
late_allcell_DPN_vs_diabetes	CCK	885	official_exact	down	-1.6768748	25298	Cck	True	True	False
late_allcell_DPN_vs_diabetes	CCKAR	886	official_exact	down	-0.952652362	24889	Cckar	True	True	False
late_allcell_DPN_vs_diabetes	CCL13	6357	official_exact	down	-0.6486812			False	False	False
late_allcell_DPN_vs_diabetes	CCL16	6360	official_exact	up	1.736229635			False	False	False
late_allcell_DPN_vs_diabetes	CCL2	6347	official_exact	down	-0.746666594			False	False	False
late_allcell_DPN_vs_diabetes	CCM2L	140706	official_exact	up	0.932600708	311550	Ccm2l	True	True	False
late_allcell_DPN_vs_diabetes	CCN1	3491	official_exact	down	-0.744525286	83476	Ccn1	True	True	True
late_allcell_DPN_vs_diabetes	CCN2	1490	official_exact	down	-1.3818421	64032	Ccn2	True	True	True
late_allcell_DPN_vs_diabetes	CCN3	4856	official_exact	down	-0.625988161	81526	Ccn3	True	True	True
late_allcell_DPN_vs_diabetes	CCN5	8839	official_exact	up	1.442001491	29576	Ccn5	True	True	False
late_allcell_DPN_vs_diabetes	CCNA1	8900	official_exact	down	-0.896742672	295052	Ccna1	True	True	False
late_allcell_DPN_vs_diabetes	CCNB1	891	official_exact	down	-0.646497528	25203	Ccnb1	True	True	True
late_allcell_DPN_vs_diabetes	CCNF	899	official_exact	up	0.67500102	117524	Ccnf	True	True	False
late_allcell_DPN_vs_diabetes	CCNQ	92002	official_exact	down	-0.614912893	303321	Ccnq	True	True	True
late_allcell_DPN_vs_diabetes	CCR6	1235	official_exact	down	-1.068436481	308163	Ccr6	True	True	False
late_allcell_DPN_vs_diabetes	CCSER2	54462	official_exact	down	-0.661180129	306306	Ccser2	True	True	True
late_allcell_DPN_vs_diabetes	CCT2	10576	official_exact	down	-0.59755298	299809	Cct2	True	True	True
late_allcell_DPN_vs_diabetes	CCZ1	51622	official_exact	down	-1.856946881	360768	Ccz1	True	True	True
late_allcell_DPN_vs_diabetes	CD14	929	official_exact	down	-0.856233684	60350	Cd14	True	True	True
late_allcell_DPN_vs_diabetes	CD1D	912	official_exact	down	-0.626208421			False	False	False
late_allcell_DPN_vs_diabetes	CD209	30835	official_exact	up	1.687050805	288375	Cd209a	True	False	False
late_allcell_DPN_vs_diabetes	CD248	57124	official_exact	up	1.08159507	293669	Cd248	True	False	False
late_allcell_DPN_vs_diabetes	CD302	9936	official_exact	down	-0.660102555	295629	Cd302	True	True	True
late_allcell_DPN_vs_diabetes	CD36	948	official_exact	up	1.504417125			False	False	False
late_allcell_DPN_vs_diabetes	CD4	920	official_exact	down	-0.604001027	24932	Cd4	True	True	False
late_allcell_DPN_vs_diabetes	CD47	961	official_exact	down	-0.902837254	29364	Cd47	True	True	True
late_allcell_DPN_vs_diabetes	CD58	965	official_exact	down	-0.808040129			False	False	False
late_allcell_DPN_vs_diabetes	CD81	975	official_exact	down	-1.28436682	25621	Cd81	True	True	True
late_allcell_DPN_vs_diabetes	CD83	9308	official_exact	up	1.699903202	361226	Cd83	True	True	True
late_allcell_DPN_vs_diabetes	CD93	22918	official_exact	up	1.101608287	84398	Cd93	True	True	True
late_allcell_DPN_vs_diabetes	CDAN1	146059	official_exact	up	0.621133439	311348	Cdan1	True	True	True
late_allcell_DPN_vs_diabetes	CDC27	996	official_exact	down	-0.872893135	360643	Cdc27	True	True	True
late_allcell_DPN_vs_diabetes	CDC42BPA	8476	official_exact	down	-0.593500484	114116	Cdc42bpa	True	True	True
late_allcell_DPN_vs_diabetes	CDC42EP1	11135	official_exact	up	0.805577663	315121	Cdc42ep1	True	True	True
late_allcell_DPN_vs_diabetes	CDC7	8317	official_exact	down	-0.629700161	360908	Cdc7	True	True	True
late_allcell_DPN_vs_diabetes	CDH10	1008	official_exact	down	-0.98773407	29181	Cdh10	True	True	True
late_allcell_DPN_vs_diabetes	CDH11	1009	official_exact	down	-0.661444767	84407	Cdh11	True	True	True
late_allcell_DPN_vs_diabetes	CDH18	1016	official_exact	down	-1.095514417	310174	Cdh18	True	True	True
late_allcell_DPN_vs_diabetes	CDH2	1000	official_exact	down	-0.961961727	83501	Cdh2	True	True	True
late_allcell_DPN_vs_diabetes	CDH20	28316	official_exact	down	-0.69021424	363948	Cdh20	True	True	False
late_allcell_DPN_vs_diabetes	CDH24	64403	official_exact	up	0.676983675	498515	Cdh24	True	True	False
late_allcell_DPN_vs_diabetes	CDH4	1002	official_exact	down	-1.703183602	114588	Cdh4	True	True	True
late_allcell_DPN_vs_diabetes	CDH7	1005	official_exact	down	-0.736943474	29162	Cdh7	True	True	True
late_allcell_DPN_vs_diabetes	CDH8	1006	official_exact	down	-0.660967851	84408	Cdh8	True	True	True
late_allcell_DPN_vs_diabetes	CDH9	1007	official_exact	up	0.646685672	29163	Cdh9	True	True	True
late_allcell_DPN_vs_diabetes	CDK3	1018	official_exact	up	0.704108479			False	False	False
late_allcell_DPN_vs_diabetes	CDK5R2	8941	official_exact	down	-0.664647394	501164	Cdk5r2	True	True	True
late_allcell_DPN_vs_diabetes	CDKL2	8999	official_exact	down	-0.635295627	305242	Cdkl2	True	True	True
late_allcell_DPN_vs_diabetes	CDKN2AIPNL	91368	unique_synonym	down	-0.745524824	287278	Xtbd1	True	True	True
late_allcell_DPN_vs_diabetes	CDKN2B	1030	official_exact	up	1.431229404	25164	Cdkn2b	True	True	False
late_allcell_DPN_vs_diabetes	CDKN2D	1032	official_exact	down	-0.648757828	494444	Cdkn2d	True	False	False
late_allcell_DPN_vs_diabetes	CDKN3	1033	official_exact	down	-1.130144026	289993	Cdkn3	True	True	True
late_allcell_DPN_vs_diabetes	CDS1	1040	official_exact	down	-0.720174391	81925	Cds1	True	True	True
late_allcell_DPN_vs_diabetes	CDT1	81620	official_exact	up	0.630480325	292071	Cdt1	True	True	True
late_allcell_DPN_vs_diabetes	CEACAM21	90273	official_exact	down	-0.646277926			False	False	False
late_allcell_DPN_vs_diabetes	CEBPA	1050	official_exact	up	0.748299477	24252	Cebpa	True	True	False
late_allcell_DPN_vs_diabetes	CEL	1056	official_exact	up	0.770084703	24254	Cel	True	True	False
late_allcell_DPN_vs_diabetes	CELF6	60677	official_exact	up	0.902814996	300758	Celf6	True	True	True
late_allcell_DPN_vs_diabetes	CEMIP	57214	official_exact	down	-1.121415135	308797	Cemip	True	True	False
late_allcell_DPN_vs_diabetes	CEMIP2	23670	official_exact	up	0.650099018	309400	Cemip2	True	True	True
late_allcell_DPN_vs_diabetes	CEND1	51286	official_exact	down	-0.759581855	361675	Cend1	True	False	False
late_allcell_DPN_vs_diabetes	CENPP	401541	official_exact	up	0.665729985	679342	Cenpp	True	False	False
late_allcell_DPN_vs_diabetes	CEP131	22994	official_exact	up	0.798963024	360672	Cep131	True	True	True
late_allcell_DPN_vs_diabetes	CEP250	11190	official_exact	up	0.612011756	311573	Cep250	True	True	True
late_allcell_DPN_vs_diabetes	CEP295NL	100653515	official_exact	up	0.87337546	498028	Cep295nl	True	True	False
late_allcell_DPN_vs_diabetes	CERCAM	51148	official_exact	up	0.635850345	296616	Cercam	True	True	False
late_allcell_DPN_vs_diabetes	CFAP210	129881	official_exact	down	-0.718894761	311113	Cfap210	True	True	True
late_allcell_DPN_vs_diabetes	CFAP418	157657	official_exact	up	0.711796287	362483	Cfap418	True	False	False
late_allcell_DPN_vs_diabetes	CFAP61	26074	official_exact	up	0.80884193	311496	Cfap61	True	False	False
late_allcell_DPN_vs_diabetes	CFB	629	official_exact	down	-0.814056136	294257	Cfb	True	False	False
late_allcell_DPN_vs_diabetes	CFD	1675	official_exact	up	1.339404304	54249	Cfd	True	True	False
late_allcell_DPN_vs_diabetes	CGNL1	84952	official_exact	up	1.192845747	315795	Cgnl1	True	True	True
late_allcell_DPN_vs_diabetes	CHADL	150356	official_exact	down	-0.696129786	100910434	Chadl	True	True	True
late_allcell_DPN_vs_diabetes	CHAF1A	10036	official_exact	up	0.614769154	363333	Chaf1a	True	True	True
late_allcell_DPN_vs_diabetes	CHCHD10	400916	official_exact	down	-0.82672821	361824	Chchd10	True	False	False
late_allcell_DPN_vs_diabetes	CHGB	1114	official_exact	down	-0.887996328	24259	Chgb	True	True	True
late_allcell_DPN_vs_diabetes	CHI3L1	1116	official_exact	down	-0.983949795	89824	Chi3l1	True	True	False
late_allcell_DPN_vs_diabetes	CHMP6	79643	official_exact	up	0.746584528	287873	Chmp6	True	True	True
late_allcell_DPN_vs_diabetes	CHP2	63928	official_exact	down	-1.227800285	308965	Chp2	True	True	True
late_allcell_DPN_vs_diabetes	CHPF	79586	official_exact	down	-0.720029159	316533	Chpf	True	True	True
late_allcell_DPN_vs_diabetes	CHRD	8646	official_exact	up	1.196181154	117275	Chrd	True	True	False
late_allcell_DPN_vs_diabetes	CHRNA3	1136	official_exact	down	-0.64362257	25101	Chrna3	True	True	True
late_allcell_DPN_vs_diabetes	CHRNA6	8973	official_exact	down	-0.717450631	81721	Chrna6	True	True	True
late_allcell_DPN_vs_diabetes	CHRNA7	1139	official_exact	down	-1.135607487	25302	Chrna7	True	True	True
late_allcell_DPN_vs_diabetes	CHRNB2	1141	official_exact	down	-0.701202616	54239	Chrnb2	True	True	True
late_allcell_DPN_vs_diabetes	CHRNB3	1142	official_exact	down	-0.757951762	171131	Chrnb3	True	True	True
late_allcell_DPN_vs_diabetes	CHST3	9469	official_exact	up	0.851298646	84468	Chst3	True	True	True
late_allcell_DPN_vs_diabetes	CHST8	64377	official_exact	down	-0.908199569	308511	Chst8	True	True	True
late_allcell_DPN_vs_diabetes	CHST9	83539	official_exact	down	-0.989339864	291770	Chst9	True	True	True
late_allcell_DPN_vs_diabetes	CIDEA	1149	official_exact	up	2.614999135	291541	Cidea	True	True	False
late_allcell_DPN_vs_diabetes	CIDEC	63924	official_exact	up	2.728786584	500292	Cidec	True	True	False
late_allcell_DPN_vs_diabetes	CIITA	4261	official_exact	up	0.885289978	85483	Ciita	True	True	False
late_allcell_DPN_vs_diabetes	CISH	1154	official_exact	up	0.993796536	83681	Cish	True	True	True
late_allcell_DPN_vs_diabetes	CITED2	10370	official_exact	down	-0.720537558	114490	Cited2	True	True	True
late_allcell_DPN_vs_diabetes	CKS2	1164	official_exact	down	-1.302112979	498709	Cks2	True	True	True
late_allcell_DPN_vs_diabetes	CLCF1	23529	official_exact	up	1.469845216	365395	Clcf1	True	True	True
late_allcell_DPN_vs_diabetes	CLCN3	1182	official_exact	down	-0.659788678	84360	Clcn3	True	True	True
late_allcell_DPN_vs_diabetes	CLCN4	1183	official_exact	down	-0.609669353	60586	Clcn4	True	True	True
late_allcell_DPN_vs_diabetes	CLDN1	9076	official_exact	down	-1.350753052	65129	Cldn1	True	True	True
late_allcell_DPN_vs_diabetes	CLDN12	9069	official_exact	down	-0.951408795	500000	Cldn12	True	True	True
late_allcell_DPN_vs_diabetes	CLDN23	137075	official_exact	up	0.666037947	290789	Cldn23	True	True	True
late_allcell_DPN_vs_diabetes	CLDN3	1365	official_exact	down	-0.664155654	65130	Cldn3	True	True	True
late_allcell_DPN_vs_diabetes	CLEC10A	10462	official_exact	up	1.494508044	64195	Clec10a	True	True	True
late_allcell_DPN_vs_diabetes	CLEC12A	160364	official_exact	down	-2.019799767	680338	Clec12a	True	True	False
late_allcell_DPN_vs_diabetes	CLEC2L	154790	official_exact	down	-0.935724744	296985	Clec2l	True	True	True
late_allcell_DPN_vs_diabetes	CLEC4G	339390	official_exact	up	2.280231524	689004	Clec4g	True	False	False
late_allcell_DPN_vs_diabetes	CLEC7A	64581	official_exact	down	-0.654459697	502902	Clec7a	True	True	True
late_allcell_DPN_vs_diabetes	CLECL1	160365	official_exact	down	-1.430532318			False	False	False
late_allcell_DPN_vs_diabetes	CLGN	1047	official_exact	down	-1.091941268	685504	Clgn	True	True	True
late_allcell_DPN_vs_diabetes	CLIC4	25932	official_exact	down	-0.714328189	83718	Clic4	True	True	True
late_allcell_DPN_vs_diabetes	CLIC6	54102	official_exact	up	1.321281779	304081	Clic6	True	True	True
late_allcell_DPN_vs_diabetes	CLIP3	25999	official_exact	down	-0.600009246	308493	Clip3	True	True	False
late_allcell_DPN_vs_diabetes	CLK1	1195	official_exact	down	-0.697108203	301434	Clk1	True	True	True
late_allcell_DPN_vs_diabetes	CLMP	79827	official_exact	up	0.666724328	286939	Clmp	True	True	True
late_allcell_DPN_vs_diabetes	CLNS1A	1207	official_exact	down	-0.874965702	65160	Clns1a	True	True	True
late_allcell_DPN_vs_diabetes	CLTA	1211	official_exact	down	-0.746396793	83800	Clta	True	True	True
late_allcell_DPN_vs_diabetes	CLTC	1213	official_exact	down	-1.052717939	54241	Cltc	True	True	True
late_allcell_DPN_vs_diabetes	CLUL1	27098	official_exact	down	-0.738824493	367345	Clul1	True	False	False
late_allcell_DPN_vs_diabetes	CMC2	56942	official_exact	down	-0.62168077	100363376	Cmc2	True	True	True
late_allcell_DPN_vs_diabetes	CMPK2	129607	official_exact	down	-1.532665742	314004	Cmpk2	True	True	True
late_allcell_DPN_vs_diabetes	CMTM6	54918	official_exact	down	-0.789416833	316035	Cmtm6	True	True	True
late_allcell_DPN_vs_diabetes	CMTR2	55783	official_exact	down	-1.139107068	292016	Cmtr2	True	True	True
late_allcell_DPN_vs_diabetes	CMYA5	202333	official_exact	down	-0.734686772	688915	Cmya5	True	True	True
late_allcell_DPN_vs_diabetes	CNBD1	168975	official_exact	down	-1.291483217	689462	Cnbd1	True	False	False
late_allcell_DPN_vs_diabetes	CNDP1	84735	official_exact	down	-1.463842699	307212	Cndp1	True	True	True
late_allcell_DPN_vs_diabetes	CNEP1R1	255919	official_exact	down	-0.885089657	291914	Cnep1r1	True	True	True
late_allcell_DPN_vs_diabetes	CNFN	84518	official_exact	down	-0.759039357	365217	Cnfn	True	True	False
late_allcell_DPN_vs_diabetes	CNIH1	10175	official_exact	down	-1.004643014	289994	Cnih1	True	True	True
late_allcell_DPN_vs_diabetes	CNIH3	149111	official_exact	up	0.879667206	690252	Cnih3	True	False	False
late_allcell_DPN_vs_diabetes	CNKSR1	10256	official_exact	up	0.631705547	298545	Cnksr1	True	True	True
late_allcell_DPN_vs_diabetes	CNMD	11061	official_exact	down	-1.447319088	81512	Cnmd	True	True	True
late_allcell_DPN_vs_diabetes	CNN1	1264	official_exact	up	1.117593501	65204	Cnn1	True	True	False
late_allcell_DPN_vs_diabetes	CNNM1	26507	official_exact	down	-0.7236088	309387	Cnnm1	True	True	False
late_allcell_DPN_vs_diabetes	CNOT7	29883	official_exact	down	-0.591295167	306492	Cnot7	True	True	True
late_allcell_DPN_vs_diabetes	CNR1	1268	official_exact	up	1.709351482	25248	Cnr1	True	True	True
late_allcell_DPN_vs_diabetes	CNTN1	1272	official_exact	down	-0.857481764	117258	Cntn1	True	True	True
late_allcell_DPN_vs_diabetes	CNTN2	6900	official_exact	down	-1.022900136	25356	Cntn2	True	True	True
late_allcell_DPN_vs_diabetes	CNTN3	5067	official_exact	up	0.929586759	54279	Cntn3	True	True	True
late_allcell_DPN_vs_diabetes	CNTN5	53942	official_exact	down	-0.94361349	114589	Cntn5	True	True	False
late_allcell_DPN_vs_diabetes	CNTN6	27255	official_exact	down	-1.72301051	27256	Cntn6	True	True	True
late_allcell_DPN_vs_diabetes	CNTNAP2	26047	official_exact	down	-0.636012283	500105	Cntnap2	True	False	False
late_allcell_DPN_vs_diabetes	CNTNAP3B	728577	official_exact	down	-1.062699737			False	False	False
late_allcell_DPN_vs_diabetes	CNTNAP5	129684	official_exact	down	-0.802556967			False	False	False
late_allcell_DPN_vs_diabetes	COL11A1	1301	official_exact	down	-0.661590779	25654	Col11a1	True	True	True
late_allcell_DPN_vs_diabetes	COL1A1	1277	official_exact	up	0.730799815	29393	Col1a1	True	True	True
late_allcell_DPN_vs_diabetes	COL21A1	81578	official_exact	up	0.803961238			False	False	False
late_allcell_DPN_vs_diabetes	COL22A1	169044	official_exact	down	-0.6922049	315071	Col22a1	True	True	True
late_allcell_DPN_vs_diabetes	COL24A1	255631	official_exact	up	0.818520086	499723	Col24a1	True	True	False
late_allcell_DPN_vs_diabetes	COL25A1	84570	official_exact	down	-1.231957287	687064	Col25a1	True	True	True
late_allcell_DPN_vs_diabetes	COL26A1	136227	official_exact	down	-0.739001575	685612	Col26a1	True	True	False
late_allcell_DPN_vs_diabetes	COL28A1	340267	official_exact	down	-1.094362019	312115	Col28a1	True	True	True
late_allcell_DPN_vs_diabetes	COL3A1	1281	official_exact	up	0.818395744	84032	Col3a1	True	True	True
late_allcell_DPN_vs_diabetes	COL4A3	1285	official_exact	up	0.620297939	363265	Col4a3	True	True	False
late_allcell_DPN_vs_diabetes	COL4A4	1286	official_exact	up	0.834549495	301562	Col4a4	True	True	True
late_allcell_DPN_vs_diabetes	COL5A1	1289	official_exact	up	0.890630181	85490	Col5a1	True	True	False
late_allcell_DPN_vs_diabetes	COL6A1	1291	official_exact	up	0.790264858	294337	Col6a1	True	True	False
late_allcell_DPN_vs_diabetes	COL6A2	1292	official_exact	up	0.689028171	361821	Col6a2	True	True	False
late_allcell_DPN_vs_diabetes	COL6A3	1293	official_exact	up	1.739563392	367313	Col6a3	True	False	False
late_allcell_DPN_vs_diabetes	COL6A6	131873	official_exact	down	-1.213177381	315979	Col6a6	True	True	False
late_allcell_DPN_vs_diabetes	COL7A1	1294	official_exact	up	1.268573213	301012	Col7a1	True	True	False
late_allcell_DPN_vs_diabetes	COL9A1	1297	official_exact	down	-0.746432779	305104	Col9a1	True	True	False
late_allcell_DPN_vs_diabetes	COLGALT1	79709	official_exact	up	0.813632381	290637	Colgalt1	True	True	True
late_allcell_DPN_vs_diabetes	COMMD10	51397	official_exact	up	0.639218213	361323	Commd10	True	True	True
late_allcell_DPN_vs_diabetes	COMMD6	170622	official_exact	down	-0.928133012	498559	Commd6	True	True	True
late_allcell_DPN_vs_diabetes	COMMD8	54951	official_exact	down	-0.994296406	289603	Commd8	True	True	True
late_allcell_DPN_vs_diabetes	COPRS	55352	official_exact	down	-0.630957412	290925	Coprs	True	True	True
late_allcell_DPN_vs_diabetes	COPS4	51138	official_exact	down	-0.595037209	360915	Cops4	True	True	True
late_allcell_DPN_vs_diabetes	COPS9	150678	official_exact	down	-0.828783352	681389	Cops9	True	True	True
late_allcell_DPN_vs_diabetes	COQ10B	80219	official_exact	down	-0.959253166	301416	Coq10b	True	True	True
late_allcell_DPN_vs_diabetes	COQ2	27235	official_exact	down	-0.828465943	498332	Coq2	True	True	True
late_allcell_DPN_vs_diabetes	COQ8A	56997	official_exact	up	0.681397713	360887	Coq8a	True	True	True
late_allcell_DPN_vs_diabetes	CORO2B	10391	official_exact	down	-0.680601769	300768	Coro2b	True	True	True
late_allcell_DPN_vs_diabetes	COX5B	1329	official_exact	down	-0.644314635	94194	Cox5b	True	True	True
late_allcell_DPN_vs_diabetes	COX6A1	1337	official_exact	down	-0.895358095	25282	Cox6a1	True	True	True
late_allcell_DPN_vs_diabetes	COX6C	1345	official_exact	down	-0.779462883	54322	Cox6c	True	True	True
late_allcell_DPN_vs_diabetes	COX7B	1349	official_exact	down	-0.752589294	303393	Cox7b	True	True	True
late_allcell_DPN_vs_diabetes	COX7C	1350	official_exact	down	-0.996836744	100188937	Cox7c	True	True	True
late_allcell_DPN_vs_diabetes	CP	1356	official_exact	up	0.948721878	24268	Cp	True	True	True
late_allcell_DPN_vs_diabetes	CPAMD8	27151	official_exact	down	-0.737310218			False	False	False
late_allcell_DPN_vs_diabetes	CPD	1362	official_exact	down	-1.165248689	25306	Cpd	True	True	True
late_allcell_DPN_vs_diabetes	CPLX2	10814	official_exact	down	-0.605066584	116657	Cplx2	True	True	True
late_allcell_DPN_vs_diabetes	CPNE4	131034	official_exact	down	-0.87733536	367160	Cpne4	True	True	True
late_allcell_DPN_vs_diabetes	CPNE5	57699	official_exact	down	-1.38559596	309650	Cpne5	True	True	True
late_allcell_DPN_vs_diabetes	CPNE6	9362	official_exact	down	-1.047803475	691478	Cpne6	True	True	True
late_allcell_DPN_vs_diabetes	CPNE9	151835	official_exact	down	-0.900914761	297516	Cpne9	True	True	True
late_allcell_DPN_vs_diabetes	CRACDL	343990	official_exact	up	0.858350487	301351	Cracdl	True	True	False
late_allcell_DPN_vs_diabetes	CRACR2A	84766	official_exact	up	0.619105629	500324	Cracr2a	True	True	False
late_allcell_DPN_vs_diabetes	CRACR2B	283229	official_exact	up	1.24227914	309112	Cracr2b	True	False	False
late_allcell_DPN_vs_diabetes	CREB3L2	64764	official_exact	up	0.79327147	362339	Creb3l2	True	True	True
late_allcell_DPN_vs_diabetes	CREB5	9586	official_exact	up	0.904446579	500131	Creb5	True	True	True
late_allcell_DPN_vs_diabetes	CRHR1	1394	official_exact	up	0.616623559	58959	Crhr1	True	True	False
late_allcell_DPN_vs_diabetes	CRISPLD1	83690	official_exact	down	-0.852382752	316482	Crispld1	True	True	False
late_allcell_DPN_vs_diabetes	CRISPLD2	83716	official_exact	up	0.859775558	171547	Crispld2	True	True	True
late_allcell_DPN_vs_diabetes	CRLF1	9244	official_exact	up	0.996096676	290655	Crlf1	True	True	True
late_allcell_DPN_vs_diabetes	CROCC	9696	official_exact	up	0.690833844	313663	Crocc	True	True	False
late_allcell_DPN_vs_diabetes	CROCC2	728763	official_exact	up	3.010713746	102551034	Crocc2	True	False	False
late_allcell_DPN_vs_diabetes	CRTAC1	55118	official_exact	down	-0.606539859	171438	Crtac1	True	True	True
late_allcell_DPN_vs_diabetes	CRYBB3	1417	official_exact	up	0.751363618	64349	Crybb3	True	True	False
late_allcell_DPN_vs_diabetes	CRYM	1428	official_exact	up	0.666281824	117024	Crym	True	True	True
late_allcell_DPN_vs_diabetes	CRYZL1	9946	official_exact	up	0.743016341	288256	Cryzl1	True	True	True
late_allcell_DPN_vs_diabetes	CSAD	51380	official_exact	up	0.73913512	60356	Csad	True	True	True
late_allcell_DPN_vs_diabetes	CSF2RB	1439	official_exact	up	1.118538818	171081	Csf2rb	True	True	False
late_allcell_DPN_vs_diabetes	CSKMT	751071	official_exact	up	0.724370005			False	False	False
late_allcell_DPN_vs_diabetes	CSMD1	64478	official_exact	down	-0.751728089	364634	Csmd1	True	True	True
late_allcell_DPN_vs_diabetes	CSNK1E	1454	official_exact	up	0.62251153	58822	Csnk1e	True	True	True
late_allcell_DPN_vs_diabetes	CSPG4	1464	official_exact	up	0.842239575	81651	Cspg4	True	True	True
late_allcell_DPN_vs_diabetes	CSPG5	10675	official_exact	down	-1.700135024	50568	Cspg5	True	True	False
late_allcell_DPN_vs_diabetes	CSRNP1	64651	official_exact	up	0.660378015	363165	Csrnp1	True	True	True
late_allcell_DPN_vs_diabetes	CST5	1473	official_exact	down	-0.866217319			False	False	False
late_allcell_DPN_vs_diabetes	CTLA4	1493	official_exact	up	1.021634198	63835	Ctla4	True	True	False
late_allcell_DPN_vs_diabetes	CTNNA2	1496	official_exact	down	-0.715180313	297357	Ctnna2	True	True	True
late_allcell_DPN_vs_diabetes	CTNNB1	1499	official_exact	down	-0.680802265	84353	Ctnnb1	True	True	True
late_allcell_DPN_vs_diabetes	CTNND2	1501	official_exact	down	-1.013895925	114028	Ctnnd2	True	True	True
late_allcell_DPN_vs_diabetes	CTSD	1509	official_exact	down	-0.627853565	171293	Ctsd	True	True	True
late_allcell_DPN_vs_diabetes	CTSO	1519	official_exact	down	-0.934008232	684529	Ctso	True	False	False
late_allcell_DPN_vs_diabetes	CTSV	1515	official_exact	down	-0.77836347			False	False	False
late_allcell_DPN_vs_diabetes	CTTN	2017	official_exact	up	0.672564227	60465	Cttn	True	True	False
late_allcell_DPN_vs_diabetes	CTXN2	399697	official_exact	down	-0.779407544	100302373	Ctxn2	True	True	True
late_allcell_DPN_vs_diabetes	CUTA	51596	official_exact	down	-0.642460499	294288	Cuta	True	True	True
late_allcell_DPN_vs_diabetes	CX3CL1	6376	official_exact	up	0.844292786	89808	Cx3cl1	True	True	True
late_allcell_DPN_vs_diabetes	CX3CR1	1524	official_exact	down	-1.769164172	171056	Cx3cr1	True	True	False
late_allcell_DPN_vs_diabetes	CXADR	1525	official_exact	down	-1.611398588	89843	Cxadr	True	True	False
late_allcell_DPN_vs_diabetes	CXCL12	6387	official_exact	up	1.286433047	24772	Cxcl12	True	True	True
late_allcell_DPN_vs_diabetes	CXCL13	10563	official_exact	down	-1.913285124	498335	Cxcl13	True	True	False
late_allcell_DPN_vs_diabetes	CXCL2	2920	official_exact	up	1.125609133	114105	Cxcl2	True	True	True
late_allcell_DPN_vs_diabetes	CXXC5	51523	official_exact	up	0.606110319	291670	Cxxc5	True	True	True
late_allcell_DPN_vs_diabetes	CYB5A	1528	official_exact	up	0.787965631	64001	Cyb5a	True	True	True
late_allcell_DPN_vs_diabetes	CYB5R1	51706	official_exact	down	-0.71599317	304805	Cyb5r1	True	True	True
late_allcell_DPN_vs_diabetes	CYB5R2	51700	official_exact	up	0.796811101	365345	Cyb5r2	True	True	True
late_allcell_DPN_vs_diabetes	CYBRD1	79901	official_exact	down	-0.938630556	295669	Cybrd1	True	True	True
late_allcell_DPN_vs_diabetes	CYCS	54205	official_exact	down	-0.770364752	25309	Cycs	True	True	True
late_allcell_DPN_vs_diabetes	CYFIP2	26999	official_exact	down	-0.646894642	303073	Cyfip2	True	True	True
late_allcell_DPN_vs_diabetes	CYGB	114757	official_exact	up	0.738086984	170520	Cygb	True	True	True
late_allcell_DPN_vs_diabetes	CYP26B1	56603	official_exact	up	1.124702766	312495	Cyp26b1	True	True	False
late_allcell_DPN_vs_diabetes	CYP27C1	339761	official_exact	down	-1.05996105			False	False	False
late_allcell_DPN_vs_diabetes	CYP2J2	1573	official_exact	down	-0.596188231			False	False	False
late_allcell_DPN_vs_diabetes	CYP2U1	113612	official_exact	down	-0.653087522	310848	Cyp2u1	True	True	True
late_allcell_DPN_vs_diabetes	CYP3A5	1577	official_exact	down	-0.711310089			False	False	False
late_allcell_DPN_vs_diabetes	CYP7B1	9420	official_exact	down	-0.65544742	25429	Cyp7b1	True	True	False
late_allcell_DPN_vs_diabetes	CYSLTR1	10800	official_exact	down	-0.894908216	114099	Cysltr1	True	True	False
late_allcell_DPN_vs_diabetes	CYSLTR2	57105	official_exact	down	-0.636132059	170926	Cysltr2	True	True	True
late_allcell_DPN_vs_diabetes	CYTH4	27128	official_exact	up	0.846239786	500906	Cyth4	True	True	False
late_allcell_DPN_vs_diabetes	DACH1	1602	official_exact	up	0.939546039	306096	Dach1	True	True	False
late_allcell_DPN_vs_diabetes	DAD1	1603	official_exact	down	-0.734152183	192275	Dad1	True	True	True
late_allcell_DPN_vs_diabetes	DAPK2	23604	official_exact	up	0.668383191	300799	Dapk2	True	True	True
late_allcell_DPN_vs_diabetes	DAZAP2	9802	official_exact	down	-0.893518915	300235	Dazap2	True	True	True
late_allcell_DPN_vs_diabetes	DBNDD1	79007	official_exact	down	-0.672415338	361437	Dbndd1	True	True	True
late_allcell_DPN_vs_diabetes	DBT	1629	official_exact	down	-0.731782534	29611	Dbt	True	True	True
late_allcell_DPN_vs_diabetes	DCAF12L2	340578	official_exact	down	-0.598550186			False	False	False
late_allcell_DPN_vs_diabetes	DCAF16	54876	official_exact	down	-0.807973935			False	False	False
late_allcell_DPN_vs_diabetes	DCHS1	8642	official_exact	up	0.757593284	308912	Dchs1	True	True	False
late_allcell_DPN_vs_diabetes	DCHS2	54798	official_exact	down	-1.547719734	310550	Dchs2	True	False	False
late_allcell_DPN_vs_diabetes	DCLK3	85443	official_exact	up	0.86274816	316023	Dclk3	True	True	True
late_allcell_DPN_vs_diabetes	DCST2	127579	official_exact	up	0.825533811	295247	Dcst2	True	True	False
late_allcell_DPN_vs_diabetes	DCX	1641	official_exact	down	-0.863018009	84394	Dcx	True	True	True
late_allcell_DPN_vs_diabetes	DDAH1	23576	official_exact	down	-0.793656717	64157	Ddah1	True	True	True
late_allcell_DPN_vs_diabetes	DDB2	1643	official_exact	up	0.655077793	100362121	Ddb2	True	True	True
late_allcell_DPN_vs_diabetes	DDIT3	1649	official_exact	up	0.786961379	29467	Ddit3	True	True	True
late_allcell_DPN_vs_diabetes	DDTL	100037417	official_exact	up	1.50143571			False	False	False
late_allcell_DPN_vs_diabetes	DDX11	1663	official_exact	up	0.708684896			False	False	False
late_allcell_DPN_vs_diabetes	DDX27	55661	official_exact	up	0.604501122	362274	Ddx27	True	True	True
late_allcell_DPN_vs_diabetes	DDX39A	10212	official_exact	up	0.607168835	89827	Ddx39a	True	True	True
late_allcell_DPN_vs_diabetes	DDX3X	1654	official_exact	down	-0.802332736	317335	Ddx3x	True	True	True
late_allcell_DPN_vs_diabetes	DDX51	317781	official_exact	up	0.751078404	304570	Ddx51	True	True	True
late_allcell_DPN_vs_diabetes	DDX60	55601	official_exact	down	-0.831976315	100360801	Ddx60	True	True	True
late_allcell_DPN_vs_diabetes	DEGS1	8560	official_exact	down	-0.994125179	58970	Degs1	True	True	True
late_allcell_DPN_vs_diabetes	DENND1A	57706	official_exact	up	0.660506523	311913	Dennd1a	True	True	True
late_allcell_DPN_vs_diabetes	DENND4B	9909	official_exact	up	0.601228823	361987	Dennd4b	True	True	False
late_allcell_DPN_vs_diabetes	DEPDC4	120863	official_exact	down	-0.63799465			False	False	False
late_allcell_DPN_vs_diabetes	DEPDC7	91614	official_exact	down	-0.704302094	295971	Depdc7	True	True	True
late_allcell_DPN_vs_diabetes	DEPP1	11067	official_exact	up	1.180625448	500300	Depp1	True	True	True
late_allcell_DPN_vs_diabetes	DEPTOR	64798	official_exact	up	0.882243209	314979	Deptor	True	True	True
late_allcell_DPN_vs_diabetes	DES	1674	official_exact	up	1.786265924	64362	Des	True	True	True
late_allcell_DPN_vs_diabetes	DET1	55070	official_exact	down	-0.610628935	308775	Det1	True	True	True
late_allcell_DPN_vs_diabetes	DGAT1	8694	official_exact	up	1.011198812	84497	Dgat1	True	True	True
late_allcell_DPN_vs_diabetes	DGAT2	84649	official_exact	up	0.803454514	252900	Dgat2	True	True	True
late_allcell_DPN_vs_diabetes	DGCR8	54487	official_exact	up	0.706296862	287954	Dgcr8	True	True	True
late_allcell_DPN_vs_diabetes	DGKD	8527	official_exact	up	0.60759921	368088	Dgkd	True	True	True
late_allcell_DPN_vs_diabetes	DGKH	160851	official_exact	down	-1.013258194	361076	Dgkh	True	True	True
late_allcell_DPN_vs_diabetes	DHCR7	1717	official_exact	down	-0.656698128	64191	Dhcr7	True	True	True
late_allcell_DPN_vs_diabetes	DHDDS	79947	official_exact	up	0.69858824	298541	Dhdds	True	True	True
late_allcell_DPN_vs_diabetes	DHODH	1723	official_exact	up	0.755821833	65156	Dhodh	True	True	True
late_allcell_DPN_vs_diabetes	DHPS	1725	official_exact	up	0.621881779	288923	Dhps	True	True	True
late_allcell_DPN_vs_diabetes	DHRSX	207063	official_exact	up	0.978344009	288525	Dhrsx	True	True	True
late_allcell_DPN_vs_diabetes	DHX34	9704	official_exact	up	0.793714388	684903	Dhx34	True	True	False
late_allcell_DPN_vs_diabetes	DHX37	57647	official_exact	up	0.590807093	288647	Dhx37	True	True	True
late_allcell_DPN_vs_diabetes	DIAPH2	1730	official_exact	down	-0.674123209	317189	Diaph2	True	True	True
late_allcell_DPN_vs_diabetes	DIPK1A	388650	official_exact	down	-0.946276937	360906	Dipk1a	True	True	True
late_allcell_DPN_vs_diabetes	DIPK1C	125704	official_exact	down	-1.381044875	498891	Dipk1c	True	True	False
late_allcell_DPN_vs_diabetes	DIPK2A	205428	official_exact	down	-0.784766175	315891	Dipk2a	True	True	True
late_allcell_DPN_vs_diabetes	DIRAS1	148252	official_exact	down	-0.801094085	366826	Diras1	True	True	True
late_allcell_DPN_vs_diabetes	DIRAS2	54769	official_exact	down	-1.806399487	291006	Diras2	True	True	True
late_allcell_DPN_vs_diabetes	DISP1	84976	official_exact	down	-0.659294967	289338	Disp1	True	True	True
late_allcell_DPN_vs_diabetes	DLC1	10395	official_exact	up	1.299594122	58834	Dlc1	True	True	True
late_allcell_DPN_vs_diabetes	DLGAP1	9229	official_exact	down	-0.691305632	65040	Dlgap1	True	True	True
late_allcell_DPN_vs_diabetes	DLGAP2	9228	official_exact	down	-0.63359538	116681	Dlgap2	True	False	False
late_allcell_DPN_vs_diabetes	DLGAP3	58512	official_exact	down	-0.692536006	286923	Dlgap3	True	True	True
late_allcell_DPN_vs_diabetes	DLK2	65989	official_exact	down	-0.691134522	316232	Dlk2	True	True	False
late_allcell_DPN_vs_diabetes	DLL1	28514	official_exact	up	0.749201072	84010	Dll1	True	True	True
late_allcell_DPN_vs_diabetes	DLL4	54567	official_exact	up	1.240748625	311332	Dll4	True	True	True
late_allcell_DPN_vs_diabetes	DMRT2	10655	official_exact	up	2.021031255	309430	Dmrt2	True	False	False
late_allcell_DPN_vs_diabetes	DNAH9	1770	official_exact	up	0.915779296	117251	Dnah9	True	True	False
late_allcell_DPN_vs_diabetes	DNAI3	126820	official_exact	down	-0.730220311	292165	Dnai3	True	True	False
late_allcell_DPN_vs_diabetes	DNAI4	79819	official_exact	down	-0.939110996	313417	Dnai4	True	True	True
late_allcell_DPN_vs_diabetes	DNAJA1	3301	official_exact	down	-0.722313406	65028	Dnaja1	True	True	True
late_allcell_DPN_vs_diabetes	DNAJB9	4189	official_exact	down	-0.677029231	24908	Dnajb9	True	True	True
late_allcell_DPN_vs_diabetes	DNASE1	1773	official_exact	up	0.771406325	25633	Dnase1	True	True	False
late_allcell_DPN_vs_diabetes	DNASE1L3	1776	official_exact	up	0.889945261	116687	Dnase1l3	True	True	False
late_allcell_DPN_vs_diabetes	DNER	92737	official_exact	down	-0.730772427	316573	Dner	True	True	True
late_allcell_DPN_vs_diabetes	DNLZ	728489	official_exact	up	0.873098957	296587	Dnlz	True	True	True
late_allcell_DPN_vs_diabetes	DOC2A	8448	official_exact	up	0.602568573	65031	Doc2a	True	True	True
late_allcell_DPN_vs_diabetes	DOCK10	55619	official_exact	down	-0.790109547	301556	Dock10	True	False	False
late_allcell_DPN_vs_diabetes	DOCK6	57572	official_exact	up	0.931217853	367039	Dock6	True	True	True
late_allcell_DPN_vs_diabetes	DOK2	9046	official_exact	up	1.219765866	290361	Dok2	True	True	False
late_allcell_DPN_vs_diabetes	DOLK	22845	official_exact	down	-0.766202908	311847	Dolk	True	True	True
late_allcell_DPN_vs_diabetes	DOLPP1	57171	official_exact	down	-0.8309889	296624	Dolpp1	True	True	True
late_allcell_DPN_vs_diabetes	DPM3	54344	official_exact	down	-0.597464528	502017	Dpm3	True	True	True
late_allcell_DPN_vs_diabetes	DPP10	57628	official_exact	down	-2.197422509	363972	Dpp10	True	True	True
late_allcell_DPN_vs_diabetes	DPP6	1804	official_exact	down	-0.769075225	29272	Dpp6	True	True	True
late_allcell_DPN_vs_diabetes	DPP9	91039	official_exact	up	0.611932579	301130	Dpp9	True	True	True
late_allcell_DPN_vs_diabetes	DPT	1805	official_exact	up	3.201590249	289178	Dpt	True	True	False
late_allcell_DPN_vs_diabetes	DPYSL3	1809	official_exact	down	-0.76022364	25418	Dpysl3	True	True	True
late_allcell_DPN_vs_diabetes	DPYSL5	56896	official_exact	down	-0.81180028	65208	Dpysl5	True	True	True
late_allcell_DPN_vs_diabetes	DRC3	83450	official_exact	up	1.023153676	287371	Drc3	True	True	True
late_allcell_DPN_vs_diabetes	DRD2	1813	official_exact	up	1.388976192	24318	Drd2	True	True	True
late_allcell_DPN_vs_diabetes	DRD4	1815	official_exact	up	0.93179918	25432	Drd4	True	True	False
late_allcell_DPN_vs_diabetes	DRGX	644168	official_exact	down	-0.762216825	252880	Drgx	True	True	True
late_allcell_DPN_vs_diabetes	DSG2	1829	official_exact	down	-0.756907692	307562	Dsg2	True	True	False
late_allcell_DPN_vs_diabetes	DST	667	official_exact	down	-0.88898963	316313	Dst	True	True	True
late_allcell_DPN_vs_diabetes	DTD2	112487	official_exact	down	-0.910924035	366619	Dtd2	True	True	True
late_allcell_DPN_vs_diabetes	DTWD2	285605	official_exact	down	-1.111492264	361326	Dtwd2	True	True	False
late_allcell_DPN_vs_diabetes	DUOXA1	90527	official_exact	up	1.719503762	311374	Duoxa1	True	True	False
late_allcell_DPN_vs_diabetes	DUS4L	11062	official_exact	down	-0.598284925	366593	Dus4l	True	True	True
late_allcell_DPN_vs_diabetes	DUSP10	11221	official_exact	up	0.694197549	63995	Dusp10	True	True	True
late_allcell_DPN_vs_diabetes	DUSP27		unresolved_or_ambiguous	up	0.983546413			False	False	False
late_allcell_DPN_vs_diabetes	DUSP8	1850	official_exact	up	0.657425815	361679	Dusp8	True	True	True
late_allcell_DPN_vs_diabetes	DXO	1797	official_exact	up	0.767731138	361799	Dxo	True	True	True
late_allcell_DPN_vs_diabetes	DYNC2I2	89891	official_exact	up	0.701928184	296618	Dync2i2	True	True	True
late_allcell_DPN_vs_diabetes	DYNLRB1	83658	official_exact	down	-0.748520303	170714	Dynlrb1	True	True	True
late_allcell_DPN_vs_diabetes	DYNLT2B	255758	official_exact	up	0.624748606	498095	Dynlt2b	True	True	True
late_allcell_DPN_vs_diabetes	DYNLT5	200132	official_exact	up	0.866655407	362553	Dynlt5	True	True	False
late_allcell_DPN_vs_diabetes	DZIP1L	199221	official_exact	up	0.768096385	315952	Dzip1l	True	True	True
late_allcell_DPN_vs_diabetes	DZIP3	9666	official_exact	down	-0.697613665	303963	Dzip3	True	True	True
late_allcell_DPN_vs_diabetes	EBF1	1879	official_exact	up	0.774336294	116543	Ebf1	True	True	True
late_allcell_DPN_vs_diabetes	EBF3	253738	official_exact	up	0.797157513	361668	Ebf3	True	True	True
late_allcell_DPN_vs_diabetes	ECE2	9718	official_exact	down	-0.991707914	408243	Ece2	True	True	True
late_allcell_DPN_vs_diabetes	ECEL1	9427	official_exact	down	-3.2095844	60417	Ecel1	True	True	True
late_allcell_DPN_vs_diabetes	ECRG4	84417	official_exact	down	-1.246053964	363225	Ecrg4	True	True	True
late_allcell_DPN_vs_diabetes	ECSCR	641700	official_exact	up	0.711299422	689248	Ecscr	True	True	True
late_allcell_DPN_vs_diabetes	EDA2R	60401	official_exact	up	0.999254085	296872	Eda2r	True	False	False
late_allcell_DPN_vs_diabetes	EDNRA	1909	official_exact	down	-0.781930197	24326	Ednra	True	True	True
late_allcell_DPN_vs_diabetes	EFCAB1		unresolved_or_ambiguous	up	1.974045023			False	False	False
late_allcell_DPN_vs_diabetes	EFCAB2	84288	unique_synonym	up	0.668378827	289280	Drc8	True	True	True
late_allcell_DPN_vs_diabetes	EFCAB8	388795	official_exact	up	0.600629569	499923	Efcab8	True	False	False
late_allcell_DPN_vs_diabetes	EGFL7	51162	official_exact	up	0.966702719	245963	Egfl7	True	True	True
late_allcell_DPN_vs_diabetes	EGLN3	112399	official_exact	up	0.643137648	54702	Egln3	True	True	True
late_allcell_DPN_vs_diabetes	EGR3	1960	official_exact	up	1.66802175	25148	Egr3	True	True	True
late_allcell_DPN_vs_diabetes	EHBP1L1	254102	official_exact	up	0.707396638	309169	Ehbp1l1	True	True	True
late_allcell_DPN_vs_diabetes	EID2	163126	official_exact	down	-0.621485051	685691	Eid2	True	True	True
late_allcell_DPN_vs_diabetes	EID3	493861	official_exact	up	0.667923337	691688	Eid3	True	False	False
late_allcell_DPN_vs_diabetes	EIF1AX	1964	official_exact	down	-0.773631191	302697	Eif1ax	True	True	True
late_allcell_DPN_vs_diabetes	EIF2B3	8891	official_exact	up	0.675296053	171145	Eif2b3	True	True	True
late_allcell_DPN_vs_diabetes	EIF3M	10480	official_exact	down	-0.81270256	295975	Eif3m	True	True	True
late_allcell_DPN_vs_diabetes	EIF4EBP3	8637	official_exact	down	-0.65272835	100365872	Eif4ebp3	True	True	True
late_allcell_DPN_vs_diabetes	ELANE	1991	official_exact	up	1.40971812	299606	Elane	True	True	False
late_allcell_DPN_vs_diabetes	ELAPOR2	222223	official_exact	up	0.658056716	502727	Elapor2	True	True	True
late_allcell_DPN_vs_diabetes	ELAVL2	1993	official_exact	down	-1.002063845	286973	Elavl2	True	True	True
late_allcell_DPN_vs_diabetes	ELAVL3	1995	official_exact	down	-0.80055136	282824	Elavl3	True	True	True
late_allcell_DPN_vs_diabetes	ELAVL4	1996	official_exact	down	-0.812655859	432358	Elavl4	True	True	True
late_allcell_DPN_vs_diabetes	ELL	8178	official_exact	up	0.875895917	306347	Ell	True	True	True
late_allcell_DPN_vs_diabetes	ELN	2006	official_exact	up	0.942235709	25043	Eln	True	True	False
late_allcell_DPN_vs_diabetes	ELOVL2	54898	official_exact	down	-1.304003573	498728	Elovl2	True	True	True
late_allcell_DPN_vs_diabetes	ELOVL4	6785	official_exact	down	-0.912463001	315851	Elovl4	True	True	True
late_allcell_DPN_vs_diabetes	ELOVL5	60481	official_exact	down	-0.59012578	171400	Elovl5	True	True	True
late_allcell_DPN_vs_diabetes	ELOVL6	79071	official_exact	down	-1.240980469	171402	Elovl6	True	True	False
late_allcell_DPN_vs_diabetes	ELOVL7	79993	official_exact	down	-0.796913376	361895	Elovl7	True	True	True
late_allcell_DPN_vs_diabetes	EMC7	56851	official_exact	down	-0.731860134	296050	Emc7	True	True	True
late_allcell_DPN_vs_diabetes	EMID1	129080	official_exact	up	1.089410769	685462	Emid1	True	True	True
late_allcell_DPN_vs_diabetes	EMILIN2	84034	official_exact	up	0.890064421	316736	Emilin2	True	True	False
late_allcell_DPN_vs_diabetes	ENHO	375704	official_exact	down	-1.024840849	100912292	Enho	True	True	True
late_allcell_DPN_vs_diabetes	ENO3	2027	official_exact	up	0.902499116	25438	Eno3	True	True	True
late_allcell_DPN_vs_diabetes	ENPEP	2028	official_exact	down	-1.025133744	64017	Enpep	True	True	False
late_allcell_DPN_vs_diabetes	ENPP2	5168	official_exact	down	-0.703655236	84050	Enpp2	True	True	True
late_allcell_DPN_vs_diabetes	ENPP4	22875	official_exact	down	-1.102721573	301261	Enpp4	True	True	True
late_allcell_DPN_vs_diabetes	ENPP5	59084	official_exact	down	-1.640836381	316249	Enpp5	True	True	True
late_allcell_DPN_vs_diabetes	ENSG00000099725		unresolved_or_ambiguous	up	2.079435501			False	False	False
late_allcell_DPN_vs_diabetes	ENSG00000125122		unresolved_or_ambiguous	up	1.063164997			False	False	False
late_allcell_DPN_vs_diabetes	ENSG00000135502		unresolved_or_ambiguous	up	1.290573063			False	False	False
late_allcell_DPN_vs_diabetes	ENSG00000167747		unresolved_or_ambiguous	up	0.596062271			False	False	False
late_allcell_DPN_vs_diabetes	ENSG00000170846		unresolved_or_ambiguous	up	0.61052182			False	False	False
late_allcell_DPN_vs_diabetes	ENSG00000196312		unresolved_or_ambiguous	up	1.479721965			False	False	False
late_allcell_DPN_vs_diabetes	ENSG00000204352		unresolved_or_ambiguous	down	-0.718902086			False	False	False
late_allcell_DPN_vs_diabetes	ENSG00000205212		unresolved_or_ambiguous	up	0.786614523			False	False	False
late_allcell_DPN_vs_diabetes	ENSG00000215271		unresolved_or_ambiguous	up	0.643472823			False	False	False
late_allcell_DPN_vs_diabetes	ENSG00000239521		unresolved_or_ambiguous	up	0.774104143			False	False	False
late_allcell_DPN_vs_diabetes	ENSG00000250803		unresolved_or_ambiguous	up	0.646782994			False	False	False
late_allcell_DPN_vs_diabetes	ENSG00000258472		unresolved_or_ambiguous	up	0.710829313			False	False	False
late_allcell_DPN_vs_diabetes	ENSG00000274897		unresolved_or_ambiguous	up	1.038643954			False	False	False
late_allcell_DPN_vs_diabetes	ENSG00000275464		unresolved_or_ambiguous	down	-0.602606492			False	False	False
late_allcell_DPN_vs_diabetes	ENSG00000275993		unresolved_or_ambiguous	up	2.352051349			False	False	False
late_allcell_DPN_vs_diabetes	ENSG00000283597		unresolved_or_ambiguous	up	1.090691789			False	False	False
late_allcell_DPN_vs_diabetes	ENSG00000284691		unresolved_or_ambiguous	up	0.815515969			False	False	False
late_allcell_DPN_vs_diabetes	ENSG00000284976		unresolved_or_ambiguous	up	1.306310609			False	False	False
late_allcell_DPN_vs_diabetes	ENSG00000285269		unresolved_or_ambiguous	up	0.896959377			False	False	False
late_allcell_DPN_vs_diabetes	ENSG00000285566		unresolved_or_ambiguous	up	0.753701501			False	False	False
late_allcell_DPN_vs_diabetes	ENSG00000286070		unresolved_or_ambiguous	down	-0.722402099			False	False	False
late_allcell_DPN_vs_diabetes	ENSG00000286265		unresolved_or_ambiguous	up	1.78773917			False	False	False
late_allcell_DPN_vs_diabetes	ENTHD1	150350	official_exact	up	1.416880152	685900	Enthd1	True	True	False
late_allcell_DPN_vs_diabetes	ENTPD3	956	official_exact	down	-1.059435865	316077	Entpd3	True	True	True
late_allcell_DPN_vs_diabetes	EP400	57634	official_exact	up	0.587998893	304569	Ep400	True	True	True
late_allcell_DPN_vs_diabetes	EPB41L4B	54566	official_exact	up	1.199927428	500464	Epb41l4b	True	True	True
late_allcell_DPN_vs_diabetes	EPDR1	54749	official_exact	down	-0.870239392	291180	Epdr1	True	True	True
late_allcell_DPN_vs_diabetes	EPHA3	2042	official_exact	up	0.748179048	29210	Epha3	True	True	False
late_allcell_DPN_vs_diabetes	EPHA4	2043	official_exact	up	0.659308924	316539	Epha4	True	True	False
late_allcell_DPN_vs_diabetes	EPHA6	285220	official_exact	down	-1.148228741	29202	Epha6	True	True	False
late_allcell_DPN_vs_diabetes	EPHB1	2047	official_exact	down	-0.65065011	24338	Ephb1	True	True	True
late_allcell_DPN_vs_diabetes	EPHB4	2050	official_exact	up	0.637577108	686310	Ephb4	True	True	False
late_allcell_DPN_vs_diabetes	EPHX2	2053	official_exact	up	0.650382674	65030	Ephx2	True	True	True
late_allcell_DPN_vs_diabetes	EPHX4	253152	official_exact	down	-0.750516981	289440	Ephx4	True	True	False
late_allcell_DPN_vs_diabetes	EPN3	55040	official_exact	down	-1.487778295	360605	Epn3	True	True	False
late_allcell_DPN_vs_diabetes	EPPK1	83481	official_exact	down	-0.826318438	680860	Eppk1	True	False	False
late_allcell_DPN_vs_diabetes	EPS8L2	64787	official_exact	up	1.317129009	361674	Eps8l2	True	True	True
late_allcell_DPN_vs_diabetes	ERBB3	2065	official_exact	down	-0.657736357	29496	Erbb3	True	True	True
late_allcell_DPN_vs_diabetes	ERBB4	2066	official_exact	down	-1.001841719	59323	Erbb4	True	True	False
late_allcell_DPN_vs_diabetes	ERC2	26059	official_exact	down	-0.666230498	259269	Erc2	True	True	True
late_allcell_DPN_vs_diabetes	ERG	2078	official_exact	up	1.131919437	170909	Erg	True	True	True
late_allcell_DPN_vs_diabetes	ERG28	11161	official_exact	down	-0.932911224	299207	Erg28	True	True	True
late_allcell_DPN_vs_diabetes	ERGIC2	51290	official_exact	down	-0.608491976	297728	Ergic2	True	True	True
late_allcell_DPN_vs_diabetes	ERICH2	285141	official_exact	down	-0.622864673	499806	Erich2	True	True	True
late_allcell_DPN_vs_diabetes	ERICH5	203111	official_exact	down	-0.641321659	681820	Erich5	True	True	False
late_allcell_DPN_vs_diabetes	ERMP1	79956	official_exact	down	-0.677494398	373544	Ermp1	True	True	True
late_allcell_DPN_vs_diabetes	ERRFI1	54206	official_exact	up	0.978654839	313729	Errfi1	True	True	True
late_allcell_DPN_vs_diabetes	ERVK3-1	105372481	official_exact	down	-1.131651855			False	False	False
late_allcell_DPN_vs_diabetes	ESAM	90952	official_exact	up	0.921398148	300519	Esam	True	True	True
late_allcell_DPN_vs_diabetes	ESR1	2099	official_exact	up	0.817323025	24890	Esr1	True	True	True
late_allcell_DPN_vs_diabetes	ESYT3	83850	official_exact	up	1.01372323	363120	Esyt3	True	True	False
late_allcell_DPN_vs_diabetes	ETS2	2114	official_exact	up	0.805267088	304063	Ets2	True	True	True
late_allcell_DPN_vs_diabetes	ETV6	2120	official_exact	up	0.652830859	312777	Etv6	True	True	True
late_allcell_DPN_vs_diabetes	EVA1C	59271	official_exact	down	-0.815993816	360695	Eva1c	True	True	True
late_allcell_DPN_vs_diabetes	EVC	2121	official_exact	up	0.734675198	289712	Evc	True	True	False
late_allcell_DPN_vs_diabetes	EXOC1L	644145	official_exact	down	-1.097341494	686911	Exoc1l	True	True	True
late_allcell_DPN_vs_diabetes	EXOC7	23265	official_exact	up	0.91154796	64632	Exoc7	True	False	False
late_allcell_DPN_vs_diabetes	EYA4	2070	official_exact	up	1.682393692	292172	Eya4	True	False	False
late_allcell_DPN_vs_diabetes	F11	2160	official_exact	down	-1.173988308	290757	F11	True	True	False
late_allcell_DPN_vs_diabetes	F8	2157	official_exact	down	-0.694378429	302470	F8	True	True	True
late_allcell_DPN_vs_diabetes	FABP3	2170	official_exact	down	-0.620245252	79131	Fabp3	True	True	True
late_allcell_DPN_vs_diabetes	FABP4	2167	official_exact	up	2.419702346	79451	Fabp4	True	True	False
late_allcell_DPN_vs_diabetes	FABP5	2171	official_exact	down	-1.006503328	140868	Fabp5	True	True	True
late_allcell_DPN_vs_diabetes	FADS1	3992	official_exact	down	-0.890919329	84575	Fads1	True	True	True
late_allcell_DPN_vs_diabetes	FADS6	283985	official_exact	down	-0.790723584	303671	Fads6	True	True	True
late_allcell_DPN_vs_diabetes	FAIM2	23017	official_exact	down	-0.810780096	246274	Faim2	True	True	True
late_allcell_DPN_vs_diabetes	FAM110B	90362	official_exact	up	0.668699362	500400	Fam110b	True	True	True
late_allcell_DPN_vs_diabetes	FAM110D	79927	official_exact	up	0.917458263	500563	Fam110d	True	True	True
late_allcell_DPN_vs_diabetes	FAM114A1	92689	official_exact	up	0.70933694	498366	Fam114a1	True	True	True
late_allcell_DPN_vs_diabetes	FAM118A	55007	unique_synonym	up	1.369579301	300120	Siral2	True	True	True
late_allcell_DPN_vs_diabetes	FAM122A	116224	unique_synonym	down	-1.098724682	309420	Pabir1	True	True	True
late_allcell_DPN_vs_diabetes	FAM126A	84668	unique_synonym	down	-1.002099306	499975	Hycc1	True	True	True
late_allcell_DPN_vs_diabetes	FAM135A	57579	official_exact	down	-1.084258739	367235	Fam135a	True	True	True
late_allcell_DPN_vs_diabetes	FAM135B	51059	official_exact	down	-0.843534415	315069	Fam135b	True	True	False
late_allcell_DPN_vs_diabetes	FAM13C	220965	official_exact	up	0.756032102	294565	Fam13c	True	True	True
late_allcell_DPN_vs_diabetes	FAM149A	25854	official_exact	down	-0.715643771	361153	Fam149a	True	True	True
late_allcell_DPN_vs_diabetes	FAM167A	83648	official_exact	down	-2.033213915	498533	Fam167a	True	True	True
late_allcell_DPN_vs_diabetes	FAM169A	26049	official_exact	down	-0.936793354	310013	Fam169a	True	True	True
late_allcell_DPN_vs_diabetes	FAM169B	283777	unique_synonym	up	1.383241936	680906	Fam169b	True	True	False
late_allcell_DPN_vs_diabetes	FAM189B	10712	unique_synonym	down	-0.603222096	310640	Entrep3	True	True	True
late_allcell_DPN_vs_diabetes	FAM20B	9917	official_exact	down	-0.596091741	304885	Fam20b	True	True	True
late_allcell_DPN_vs_diabetes	FAM210B	116151	unique_synonym	down	-0.658961509	296408	Mims2	True	True	True
late_allcell_DPN_vs_diabetes	FAM228A	653140	official_exact	down	-0.638339758	313936	Fam228a	True	True	False
late_allcell_DPN_vs_diabetes	FAM32A	26017	official_exact	down	-0.609406696	498600	Fam32a	True	True	True
late_allcell_DPN_vs_diabetes	FAM3C	10447	official_exact	down	-0.598475922	312159	Fam3c	True	True	True
late_allcell_DPN_vs_diabetes	FAM43A	131583	official_exact	up	0.706931325	288031	Fam43a	True	True	True
late_allcell_DPN_vs_diabetes	FAM49A	81553	unique_synonym	up	0.668230185	298890	Cyria	True	True	True
late_allcell_DPN_vs_diabetes	FAM50A	9130	official_exact	up	0.895420023	293862	Fam50a	True	True	True
late_allcell_DPN_vs_diabetes	FAM53B	9679	official_exact	up	0.597787481	309060	Fam53b	True	True	True
late_allcell_DPN_vs_diabetes	FAM71D	161142	unique_synonym	down	-0.875651465	366671	Garin2	True	True	False
late_allcell_DPN_vs_diabetes	FAM83F	113828	unique_synonym	up	0.707561002	315145	Sack1f	True	True	True
late_allcell_DPN_vs_diabetes	FANCE	2178	official_exact	up	0.874522143	309643	Fance	True	True	True
late_allcell_DPN_vs_diabetes	FANCG	2189	official_exact	up	0.75875535	691105	Fancg	True	True	False
late_allcell_DPN_vs_diabetes	FANCM	57697	official_exact	down	-0.675771877	314172	Fancm	True	True	True
late_allcell_DPN_vs_diabetes	FARP1	10160	official_exact	up	1.020218479	306183	Farp1	True	True	True
late_allcell_DPN_vs_diabetes	FARS2	10667	official_exact	up	0.739189931	306879	Fars2	True	True	True
late_allcell_DPN_vs_diabetes	FAT3	120114	official_exact	down	-0.70084995	191571	Fat3	True	True	False
late_allcell_DPN_vs_diabetes	FAXC	84553	official_exact	down	-0.619279285	366333	Faxc	True	True	True
late_allcell_DPN_vs_diabetes	FBLN5	10516	official_exact	down	-0.807335603	29158	Fbln5	True	True	True
late_allcell_DPN_vs_diabetes	FBN1	2200	official_exact	up	0.719612576	83727	Fbn1	True	True	True
late_allcell_DPN_vs_diabetes	FBXL16	146330	official_exact	down	-0.718456813	494223	Fbxl16	True	True	False
late_allcell_DPN_vs_diabetes	FBXL19	54620	official_exact	up	0.739977532	308999	Fbxl19	True	True	True
late_allcell_DPN_vs_diabetes	FBXL22	283807	official_exact	up	1.012847249	363083	Fbxl22	True	True	False
late_allcell_DPN_vs_diabetes	FBXL6	26233	official_exact	up	0.736416015	362941	Fbxl6	True	True	True
late_allcell_DPN_vs_diabetes	FBXL8	55336	official_exact	up	0.63643647	498941	Fbxl8	True	True	True
late_allcell_DPN_vs_diabetes	FBXO30	84085	official_exact	down	-1.028340186	308283	Fbxo30	True	True	True
late_allcell_DPN_vs_diabetes	FBXO36	130888	official_exact	down	-1.304902699	363268	Fbxo36	True	True	True
late_allcell_DPN_vs_diabetes	FBXW10B	374286	official_exact	up	1.088161804			False	False	False
late_allcell_DPN_vs_diabetes	FCGR1B	2210	unique_synonym	down	-0.792713924			False	False	False
late_allcell_DPN_vs_diabetes	FCGR3B	2215	official_exact	down	-0.798600347			False	False	False
late_allcell_DPN_vs_diabetes	FCGRT	2217	official_exact	up	0.914812236	29558	Fcgrt	True	True	True
late_allcell_DPN_vs_diabetes	FCHO2	115548	official_exact	up	0.591505068	309129	Fcho2	True	True	True
late_allcell_DPN_vs_diabetes	FCHSD1	89848	official_exact	up	0.629017789	307482	Fchsd1	True	True	True
late_allcell_DPN_vs_diabetes	FCN2	2220	official_exact	up	0.931933499			False	False	False
late_allcell_DPN_vs_diabetes	FCN3	8547	official_exact	up	1.528416471			False	False	False
late_allcell_DPN_vs_diabetes	FCRLA	84824	official_exact	down	-0.989310527	304965	Fcrla	True	True	False
late_allcell_DPN_vs_diabetes	FDFT1	2222	official_exact	down	-0.80950236	29580	Fdft1	True	True	True
late_allcell_DPN_vs_diabetes	FDPS	2224	official_exact	down	-0.738011563	83791	Fdps	True	True	True
late_allcell_DPN_vs_diabetes	FDXR	2232	official_exact	up	0.655662027	79122	Fdxr	True	True	True
late_allcell_DPN_vs_diabetes	FEM1B	10116	official_exact	down	-0.747403956	315745	Fem1b	True	True	True
late_allcell_DPN_vs_diabetes	FEN1	2237	official_exact	down	-0.694769244	84490	Fen1	True	True	True
late_allcell_DPN_vs_diabetes	FERD3L	222894	official_exact	up	0.653688528	366598	Ferd3l	True	True	True
late_allcell_DPN_vs_diabetes	FERMT1	55612	official_exact	up	1.066190334	296179	Fermt1	True	True	False
late_allcell_DPN_vs_diabetes	FERMT3	83706	official_exact	up	0.857136156	309186	Fermt3	True	True	False
late_allcell_DPN_vs_diabetes	FES	2242	official_exact	up	0.74742873	361597	Fes	True	True	False
late_allcell_DPN_vs_diabetes	FFAR4	338557	official_exact	down	-0.62298543	294075	Ffar4	True	True	False
late_allcell_DPN_vs_diabetes	FGD2	221472	official_exact	up	1.028920855	309653	Fgd2	True	True	False
late_allcell_DPN_vs_diabetes	FGD3	89846	official_exact	up	0.679880364	361223	Fgd3	True	True	True
late_allcell_DPN_vs_diabetes	FGD5	152273	official_exact	up	0.748967369	362402	Fgd5	True	True	True
late_allcell_DPN_vs_diabetes	FGF12	2257	official_exact	down	-0.709507935	170630	Fgf12	True	True	True
late_allcell_DPN_vs_diabetes	FGF13	2258	official_exact	down	-0.884472969	84488	Fgf13	True	True	True
late_allcell_DPN_vs_diabetes	FGF2	2247	official_exact	up	0.608863642	54250	Fgf2	True	True	True
late_allcell_DPN_vs_diabetes	FGF22	27006	official_exact	up	0.696336466	170579	Fgf22	True	True	False
late_allcell_DPN_vs_diabetes	FGF9	2254	official_exact	down	-1.229502288	25444	Fgf9	True	True	True
late_allcell_DPN_vs_diabetes	FGFBP2	83888	official_exact	up	0.762560487			False	False	False
late_allcell_DPN_vs_diabetes	FGFBP3	143282	official_exact	down	-0.988665955	499349	Fgfbp3	True	True	True
late_allcell_DPN_vs_diabetes	FGFR2	2263	official_exact	up	0.725392463	25022	Fgfr2	True	True	False
late_allcell_DPN_vs_diabetes	FGGY	55277	official_exact	down	-0.674469348	298250	Fggy	True	True	True
late_allcell_DPN_vs_diabetes	FGL2	10875	official_exact	down	-0.694642903	84586	Fgl2	True	True	True
late_allcell_DPN_vs_diabetes	FHDC1	85462	official_exact	down	-0.788984671	295161	Fhdc1	True	True	True
late_allcell_DPN_vs_diabetes	FHIP2A	57700	official_exact	up	0.740940242	361774	Fhip2a	True	True	True
late_allcell_DPN_vs_diabetes	FHL3	2275	official_exact	up	0.922266604	313582	Fhl3	True	True	True
late_allcell_DPN_vs_diabetes	FHL5	9457	official_exact	up	0.925487623	297954	Fhl5	True	True	False
late_allcell_DPN_vs_diabetes	FHOD1	29109	official_exact	up	0.682526603	291964	Fhod1	True	True	True
late_allcell_DPN_vs_diabetes	FIBIN	387758	official_exact	down	-1.249866208	499856	Fibin	True	True	True
late_allcell_DPN_vs_diabetes	FJX1	24147	official_exact	down	-0.739718869	366140	Fjx1	True	True	True
late_allcell_DPN_vs_diabetes	FLCN	201163	official_exact	up	1.23206324	303185	Flcn	True	True	True
late_allcell_DPN_vs_diabetes	FLNC	2318	official_exact	up	2.102115867	362332	Flnc	True	True	False
late_allcell_DPN_vs_diabetes	FLRT3	23767	official_exact	down	-0.665704805	366205	Flrt3	True	True	True
late_allcell_DPN_vs_diabetes	FLT3	2322	official_exact	down	-0.886896498	140635	Flt3	True	True	False
late_allcell_DPN_vs_diabetes	FLT3LG	2323	official_exact	up	0.796290022	103691134	Flt3lg	True	True	True
late_allcell_DPN_vs_diabetes	FLT4	2324	official_exact	up	0.668632333	114110	Flt4	True	True	False
late_allcell_DPN_vs_diabetes	FLVCR1	28982	official_exact	down	-0.686826101	108348225	Flvcr1	True	True	False
late_allcell_DPN_vs_diabetes	FLVCR2	55640	official_exact	down	-1.169185395	314323	Flvcr2	True	True	True
late_allcell_DPN_vs_diabetes	FMO5	2330	official_exact	up	0.741201252	246248	Fmo5	True	True	False
late_allcell_DPN_vs_diabetes	FMOD	2331	official_exact	down	-1.230635596	64507	Fmod	True	True	True
late_allcell_DPN_vs_diabetes	FNDC10	643988	official_exact	down	-0.959780237	680656	Fndc10	True	False	False
late_allcell_DPN_vs_diabetes	FNDC3B	64778	official_exact	up	0.682461343	294925	Fndc3b	True	True	True
late_allcell_DPN_vs_diabetes	FNDC9	408263	official_exact	up	0.605023492	100362205	Fndc9	True	True	False
late_allcell_DPN_vs_diabetes	FOLH1	2346	official_exact	down	-0.637332335	85309	Folh1	True	True	True
late_allcell_DPN_vs_diabetes	FOSB	2354	official_exact	up	0.725900374	100360880	Fosb	True	True	True
late_allcell_DPN_vs_diabetes	FOSL1	8061	official_exact	up	0.814966914	25445	Fosl1	True	True	True
late_allcell_DPN_vs_diabetes	FOXD2	2306	official_exact	up	0.683998742	313504	Foxd2	True	False	False
late_allcell_DPN_vs_diabetes	FOXL1	2300	official_exact	up	0.881371329	687553	Foxl1	True	False	False
late_allcell_DPN_vs_diabetes	FOXM1	2305	official_exact	down	-0.653985054	58921	Foxm1	True	True	False
late_allcell_DPN_vs_diabetes	FOXO1	2308	official_exact	down	-0.609895765	84482	Foxo1	True	True	True
late_allcell_DPN_vs_diabetes	FOXQ1	94234	official_exact	down	-1.031728564	64826	Foxq1	True	True	False
late_allcell_DPN_vs_diabetes	FRA10AC1	118924	official_exact	up	0.768360699	365458	Fra10ac1	True	True	True
late_allcell_DPN_vs_diabetes	FREM1	158326	official_exact	up	1.233017925	298185	Frem1	True	True	False
late_allcell_DPN_vs_diabetes	FRMD8	83786	official_exact	up	0.586875154	309172	Frmd8	True	True	True
late_allcell_DPN_vs_diabetes	FRMPD1	22844	official_exact	down	-0.830151157	313244	Frmpd1	True	True	True
late_allcell_DPN_vs_diabetes	FRMPD4	9758	official_exact	down	-0.671565866	302656	Frmpd4	True	True	True
late_allcell_DPN_vs_diabetes	FSD1L	83856	official_exact	down	-0.631186193	313208	Fsd1l	True	True	True
late_allcell_DPN_vs_diabetes	FSTL1	11167	official_exact	down	-0.631954606	79210	Fstl1	True	True	True
late_allcell_DPN_vs_diabetes	FSTL4	23105	official_exact	down	-0.947136925	303130	Fstl4	True	True	False
late_allcell_DPN_vs_diabetes	FSTL5	56884	official_exact	down	-0.668604656	365823	Fstl5	True	True	True
late_allcell_DPN_vs_diabetes	FUCA2	2519	official_exact	down	-0.882481941	292485	Fuca2	True	True	True
late_allcell_DPN_vs_diabetes	FUNDC2	65991	official_exact	down	-1.111545238			False	False	False
late_allcell_DPN_vs_diabetes	FUT1	2523	official_exact	up	0.68540501	81919	Fut1	True	True	False
late_allcell_DPN_vs_diabetes	FUT9	10690	official_exact	down	-1.434342113	84597	Fut9	True	False	False
late_allcell_DPN_vs_diabetes	FXN	2395	official_exact	down	-0.625905127	499335	Fxn	True	True	True
late_allcell_DPN_vs_diabetes	FXYD2	486	official_exact	up	0.752485898	29639	Fxyd2	True	True	True
late_allcell_DPN_vs_diabetes	FXYD7	53822	official_exact	down	-1.11543906	63848	Fxyd7	True	True	True
late_allcell_DPN_vs_diabetes	FZD1	8321	official_exact	down	-1.184814567	58868	Fzd1	True	True	True
late_allcell_DPN_vs_diabetes	FZD4	8322	official_exact	up	1.00737281	64558	Fzd4	True	True	True
late_allcell_DPN_vs_diabetes	FZD7	8324	official_exact	down	-1.27175482	100360552	Fzd7	True	True	False
late_allcell_DPN_vs_diabetes	FZD8	8325	official_exact	down	-0.625278196	364754	Fzd8	True	False	False
late_allcell_DPN_vs_diabetes	G0S2	50486	official_exact	up	2.019681918	289388	G0s2	True	True	True
late_allcell_DPN_vs_diabetes	GAB2	9846	official_exact	up	0.743531832	84477	Gab2	True	True	True
late_allcell_DPN_vs_diabetes	GABBR2	9568	official_exact	down	-0.939444675	83633	Gabbr2	True	True	True
late_allcell_DPN_vs_diabetes	GABPA	2551	official_exact	down	-0.851566497	363735	Gabpa	True	True	True
late_allcell_DPN_vs_diabetes	GABRA2	2555	official_exact	down	-0.646918994	289606	Gabra2	True	True	True
late_allcell_DPN_vs_diabetes	GABRA5	2558	official_exact	down	-0.707909664	29707	Gabra5	True	True	False
late_allcell_DPN_vs_diabetes	GABRB1	2560	official_exact	down	-0.755439183	25450	Gabrb1	True	True	False
late_allcell_DPN_vs_diabetes	GABRB3	2562	official_exact	down	-1.077533131	24922	Gabrb3	True	True	True
late_allcell_DPN_vs_diabetes	GABRE	2564	official_exact	up	0.790511098	65191	Gabre	True	True	False
late_allcell_DPN_vs_diabetes	GABRG1	2565	official_exact	down	-1.084362288	140674	Gabrg1	True	True	True
late_allcell_DPN_vs_diabetes	GABRG2	2566	official_exact	down	-1.106496507	29709	Gabrg2	True	True	True
late_allcell_DPN_vs_diabetes	GABRR2	2570	official_exact	up	1.209557954	29695	Gabrr2	True	True	False
late_allcell_DPN_vs_diabetes	GAL	51083	official_exact	down	-1.322279428	29141	Gal	True	True	True
late_allcell_DPN_vs_diabetes	GAL3ST1	9514	official_exact	down	-0.699387707	683713	Gal3st1	True	True	True
late_allcell_DPN_vs_diabetes	GALNT12	79695	official_exact	down	-0.77922347	313233	Galnt12	True	True	False
late_allcell_DPN_vs_diabetes	GALNT13	114805	official_exact	down	-1.004915605	311039	Galnt13	True	True	True
late_allcell_DPN_vs_diabetes	GALNT14	79623	official_exact	down	-1.144883892	313878	Galnt14	True	True	True
late_allcell_DPN_vs_diabetes	GALNT15	117248	official_exact	up	1.357112513	100360475	Galnt15	True	True	False
late_allcell_DPN_vs_diabetes	GALNT16	57452	official_exact	up	1.214331691	362760	Galnt16	True	True	True
late_allcell_DPN_vs_diabetes	GAREM1	64762	official_exact	down	-0.594056114	679154	Garem1	True	False	False
late_allcell_DPN_vs_diabetes	GARIN1A	346653	official_exact	up	0.766081904	500060	Garin1a	True	False	False
late_allcell_DPN_vs_diabetes	GARIN5A	112703	official_exact	down	-0.947241972	361564	Garin5a	True	True	True
late_allcell_DPN_vs_diabetes	GAS2	2620	official_exact	down	-0.585373276	499156	Gas2	True	True	True
late_allcell_DPN_vs_diabetes	GASK1A	729085	official_exact	down	-0.718534437	316090	Gask1a	True	True	False
late_allcell_DPN_vs_diabetes	GATA2	2624	official_exact	up	0.740477977	25159	Gata2	True	True	True
late_allcell_DPN_vs_diabetes	GATA3	2625	official_exact	up	1.165254844	85471	Gata3	True	True	False
late_allcell_DPN_vs_diabetes	GATA6	2627	official_exact	up	1.079777057	29300	Gata6	True	True	False
late_allcell_DPN_vs_diabetes	GATM	2628	official_exact	down	-0.781037324	81660	Gatm	True	True	True
late_allcell_DPN_vs_diabetes	GBP2	2634	official_exact	up	0.644218234	171164	Gbp2	True	True	True
late_allcell_DPN_vs_diabetes	GCGR	2642	official_exact	up	1.196167779	24953	Gcgr	True	True	True
late_allcell_DPN_vs_diabetes	GCHFR	2644	official_exact	down	-0.680861705	171128	Gchfr	True	True	True
late_allcell_DPN_vs_diabetes	GCKR	2646	official_exact	up	1.354922314	25658	Gckr	True	True	False
late_allcell_DPN_vs_diabetes	GCLM	2730	official_exact	down	-1.236835079	29739	Gclm	True	True	True
late_allcell_DPN_vs_diabetes	GDA	9615	official_exact	down	-1.139213621	83585	Gda	True	True	True
late_allcell_DPN_vs_diabetes	GDAP1	54332	official_exact	down	-0.600607682	312890	Gdap1	True	True	True
late_allcell_DPN_vs_diabetes	GDAP1L1	78997	official_exact	down	-0.708466231	311616	Gdap1l1	True	True	True
late_allcell_DPN_vs_diabetes	GDE1	51573	official_exact	down	-0.770331265	60418	Gde1	True	True	True
late_allcell_DPN_vs_diabetes	GDF10	2662	official_exact	down	-0.721410937	79216	Gdf10	True	True	False
late_allcell_DPN_vs_diabetes	GDNF	2668	official_exact	up	2.8404463	25453	Gdnf	True	True	True
late_allcell_DPN_vs_diabetes	GDPD2	54857	official_exact	down	-1.363216079	302421	Gdpd2	True	True	True
late_allcell_DPN_vs_diabetes	GDPD3	79153	official_exact	up	0.968368396	293490	Gdpd3	True	True	True
late_allcell_DPN_vs_diabetes	GEMIN4	50628	official_exact	up	0.735410796	497958	Gemin4	True	True	True
late_allcell_DPN_vs_diabetes	GET3	439	official_exact	down	-0.7714443	288919	Get3	True	True	True
late_allcell_DPN_vs_diabetes	GFAP	2670	official_exact	down	-3.670321787	24387	Gfap	True	True	True
late_allcell_DPN_vs_diabetes	GFRA2	2675	official_exact	down	-0.99694168	25136	Gfra2	True	True	True
late_allcell_DPN_vs_diabetes	GGACT	87769	official_exact	up	0.685998351	290500	Ggact	True	True	True
late_allcell_DPN_vs_diabetes	GGH	8836	official_exact	down	-1.16209019	25455	Ggh	True	True	True
late_allcell_DPN_vs_diabetes	GGPS1	9453	official_exact	down	-0.845412663	291211	Ggps1	True	True	True
late_allcell_DPN_vs_diabetes	GHITM	27069	official_exact	down	-0.84724061	290596	Ghitm	True	True	True
late_allcell_DPN_vs_diabetes	GHR	2690	official_exact	up	1.220713464	25235	Ghr	True	True	True
late_allcell_DPN_vs_diabetes	GHRL	51738	official_exact	down	-0.723651123	59301	Ghrl	True	True	False
late_allcell_DPN_vs_diabetes	GIGYF1	64599	official_exact	up	0.790669131	304378	Gigyf1	True	True	True
late_allcell_DPN_vs_diabetes	GIMAP5	55340	official_exact	up	0.987238997	246774	Gimap5	True	True	True
late_allcell_DPN_vs_diabetes	GIMAP6	474344	official_exact	up	0.650210679	297076	Gimap6	True	True	True
late_allcell_DPN_vs_diabetes	GINS3	64785	official_exact	down	-0.953822999	307639	Gins3	True	True	True
late_allcell_DPN_vs_diabetes	GINS4	84296	official_exact	up	0.836538311	290842	Gins4	True	True	True
late_allcell_DPN_vs_diabetes	GIPC2	54810	official_exact	up	0.761242611	365960	Gipc2	True	True	True
late_allcell_DPN_vs_diabetes	GJA1	2697	official_exact	down	-1.426067541	24392	Gja1	True	True	True
late_allcell_DPN_vs_diabetes	GJA5	2702	official_exact	up	0.860277504	50563	Gja5	True	True	False
late_allcell_DPN_vs_diabetes	GJB1	2705	official_exact	down	-0.951888733	29584	Gjb1	True	True	True
late_allcell_DPN_vs_diabetes	GJC1	10052	official_exact	up	1.153787003	266706	Gjc1	True	True	True
late_allcell_DPN_vs_diabetes	GJC3	349149	official_exact	down	-0.838185629	288529	Gjc3	True	True	False
late_allcell_DPN_vs_diabetes	GJD4	219770	official_exact	up	0.639113991	266707	Gjd4	True	False	False
late_allcell_DPN_vs_diabetes	GLCE	26035	official_exact	down	-1.099713942	363073	Glce	True	True	True
late_allcell_DPN_vs_diabetes	GLIS1	148979	official_exact	up	1.436483275	298732	Glis1	True	True	False
late_allcell_DPN_vs_diabetes	GLIS3	169792	official_exact	up	1.110285991	680671	Glis3	True	True	False
late_allcell_DPN_vs_diabetes	GLO1	2739	official_exact	down	-0.788860361	294320	Glo1	True	True	True
late_allcell_DPN_vs_diabetes	GLRB	2743	official_exact	down	-0.693987096	25456	Glrb	True	True	True
late_allcell_DPN_vs_diabetes	GLUD1	2746	official_exact	down	-1.225577369	24399	Glud1	True	True	True
late_allcell_DPN_vs_diabetes	GLYCTK	132158	official_exact	up	0.961138407	684314	Glyctk	True	True	True
late_allcell_DPN_vs_diabetes	GM2A	2760	official_exact	down	-0.621793441	282838	Gm2a	True	True	True
late_allcell_DPN_vs_diabetes	GMCL1	64395	official_exact	down	-0.747119961	312516	Gmcl1	True	True	True
late_allcell_DPN_vs_diabetes	GMEB2	26205	official_exact	up	0.765245254	83635	Gmeb2	True	True	True
late_allcell_DPN_vs_diabetes	GNA14	9630	official_exact	up	0.772518886	309242	Gna14	True	True	True
late_allcell_DPN_vs_diabetes	GNG4	2786	official_exact	down	-1.413374709	114118	Gng4	True	True	True
late_allcell_DPN_vs_diabetes	GNRH1	2796	official_exact	up	0.586109672	25194	Gnrh1	True	True	False
late_allcell_DPN_vs_diabetes	GOLGA8B	440270	official_exact	down	-2.474057137			False	False	False
late_allcell_DPN_vs_diabetes	GOLGA8M	653720	official_exact	up	1.721818622			False	False	False
late_allcell_DPN_vs_diabetes	GOLM1	51280	official_exact	down	-0.779063415	680692	Golm1	True	True	True
late_allcell_DPN_vs_diabetes	GOLM2	113201	official_exact	up	0.845535571	362204	Golm2	True	True	True
late_allcell_DPN_vs_diabetes	GOLT1A	127845	official_exact	down	-0.761896709	498230	Golt1a	True	True	False
late_allcell_DPN_vs_diabetes	GOT1	2805	official_exact	down	-0.638101663	24401	Got1	True	True	True
late_allcell_DPN_vs_diabetes	GOT2	2806	official_exact	down	-0.707345596	25721	Got2	True	True	True
late_allcell_DPN_vs_diabetes	GPAM	57678	official_exact	up	1.120640889	29653	Gpam	True	True	True
late_allcell_DPN_vs_diabetes	GPANK1	7918	official_exact	up	0.743792036	415064	Gpank1	True	True	True
late_allcell_DPN_vs_diabetes	GPAT2	150763	official_exact	up	0.88660216			False	False	False
late_allcell_DPN_vs_diabetes	GPAT3	84803	official_exact	up	0.965683806	305166	Gpat3	True	True	True
late_allcell_DPN_vs_diabetes	GPC3	2719	official_exact	down	-0.739142667	25236	Gpc3	True	True	True
late_allcell_DPN_vs_diabetes	GPC6	10082	official_exact	down	-1.177732126	691984	Gpc6	True	True	True
late_allcell_DPN_vs_diabetes	GPD1	2819	official_exact	up	2.903990622	60666	Gpd1	True	True	True
late_allcell_DPN_vs_diabetes	GPER1	2852	official_exact	up	0.893186658	171104	Gper1	True	True	False
late_allcell_DPN_vs_diabetes	GPI	2821	official_exact	down	-0.586190395	292804	Gpi	True	True	True
late_allcell_DPN_vs_diabetes	GPM6A	2823	official_exact	down	-1.750902667	306439	Gpm6a	True	True	True
late_allcell_DPN_vs_diabetes	GPNMB	10457	official_exact	up	1.00423602	113955	Gpnmb	True	True	True
late_allcell_DPN_vs_diabetes	GPR132	29933	official_exact	up	0.889874779	314480	Gpr132	True	True	False
late_allcell_DPN_vs_diabetes	GPR135	64582	official_exact	up	0.67786146	314213	Gpr135	True	True	True
late_allcell_DPN_vs_diabetes	GPR139	124274	official_exact	down	-1.246318412	293545	Gpr139	True	True	False
late_allcell_DPN_vs_diabetes	GPR141	353345	official_exact	down	-1.215892227	291179	Gpr141	True	True	False
late_allcell_DPN_vs_diabetes	GPR149	344758	official_exact	down	-1.089719723	192251	Gpr149	True	True	True
late_allcell_DPN_vs_diabetes	GPR150	285601	official_exact	up	0.610417892	499486	Gpr150	True	True	False
late_allcell_DPN_vs_diabetes	GPR153	387509	official_exact	up	0.624228398	619550	Gpr153	True	True	False
late_allcell_DPN_vs_diabetes	GPR155	151556	official_exact	down	-0.901985764	311730	Gpr155	True	True	True
late_allcell_DPN_vs_diabetes	GPR158	57512	official_exact	down	-0.759903456	291352	Gpr158	True	True	True
late_allcell_DPN_vs_diabetes	GPR162	27239	official_exact	up	0.775131813	362436	Gpr162	True	True	True
late_allcell_DPN_vs_diabetes	GPR26	2849	official_exact	down	-1.673391739	192153	Gpr26	True	True	False
late_allcell_DPN_vs_diabetes	GPR27	2850	official_exact	down	-0.613414371	65275	Gpr27	True	True	False
late_allcell_DPN_vs_diabetes	GPR37	2861	official_exact	down	-1.126947661	117549	Gpr37	True	True	True
late_allcell_DPN_vs_diabetes	GPR83	10888	official_exact	down	-1.152173937	140595	Gpr83	True	True	False
late_allcell_DPN_vs_diabetes	GPRC5C	55890	official_exact	down	-0.626924329	287805	Gprc5c	True	True	True
late_allcell_DPN_vs_diabetes	GPSM1	26086	official_exact	up	0.903076949	246254	Gpsm1	True	True	True
late_allcell_DPN_vs_diabetes	GPX2	2877	official_exact	down	-0.839244164	29326	Gpx2	True	True	True
late_allcell_DPN_vs_diabetes	GRAMD1A	57655	official_exact	up	0.625834382	361550	Gramd1a	True	True	True
late_allcell_DPN_vs_diabetes	GREB1L	80000	official_exact	up	0.771016291	498819	Greb1l	True	True	False
late_allcell_DPN_vs_diabetes	GREM2	64388	official_exact	down	-0.589704316	289264	Grem2	True	True	True
late_allcell_DPN_vs_diabetes	GRIA2	2891	official_exact	down	-0.775699263	29627	Gria2	True	True	True
late_allcell_DPN_vs_diabetes	GRIA4	2893	official_exact	up	1.43521037	29629	Gria4	True	True	True
late_allcell_DPN_vs_diabetes	GRIK1	2897	official_exact	down	-0.962592261	29559	Grik1	True	True	True
late_allcell_DPN_vs_diabetes	GRIN1	2902	official_exact	down	-0.685747667	24408	Grin1	True	True	True
late_allcell_DPN_vs_diabetes	GRIN2B	2904	official_exact	up	0.727864019	24410	Grin2b	True	True	True
late_allcell_DPN_vs_diabetes	GRIN2C	2905	official_exact	up	1.381796386	24411	Grin2c	True	False	False
late_allcell_DPN_vs_diabetes	GRIP1	23426	official_exact	down	-0.763370027	84016	Grip1	True	True	True
late_allcell_DPN_vs_diabetes	GRIP2	80852	official_exact	up	0.758326308	171571	Grip2	True	True	False
late_allcell_DPN_vs_diabetes	GRIPAP1	56850	official_exact	up	0.692926342	116493	Gripap1	True	True	True
late_allcell_DPN_vs_diabetes	GRK5	2869	official_exact	up	0.886684695	59075	Grk5	True	True	True
late_allcell_DPN_vs_diabetes	GSC	145258	official_exact	up	1.540498867	317715	Gsc	True	True	False
late_allcell_DPN_vs_diabetes	GSDMB	55876	official_exact	up	1.247776587			False	False	False
late_allcell_DPN_vs_diabetes	GSDMD	79792	official_exact	up	1.083604672	315084	Gsdmd	True	True	True
late_allcell_DPN_vs_diabetes	GSE1	23199	official_exact	up	0.927139988	307913	Gse1	True	True	False
late_allcell_DPN_vs_diabetes	GSTP1	2950	official_exact	down	-0.736662996	24426	Gstp1	True	True	True
late_allcell_DPN_vs_diabetes	GTF2H4	2968	official_exact	up	0.718156481	294236	Gtf2h4	True	True	True
late_allcell_DPN_vs_diabetes	GTF3C5	9328	official_exact	up	0.844950822	362095	Gtf3c5	True	True	True
late_allcell_DPN_vs_diabetes	GTPBP1	9567	official_exact	up	0.591483576	300077	Gtpbp1	True	True	True
late_allcell_DPN_vs_diabetes	GTPBP2	54676	official_exact	up	0.919367703	363195	Gtpbp2	True	True	True
late_allcell_DPN_vs_diabetes	GTPBP6	8225	official_exact	up	0.683933111	363931	Gtpbp6	True	False	False
late_allcell_DPN_vs_diabetes	GVQW3	100506127	official_exact	up	0.669356215			False	False	False
late_allcell_DPN_vs_diabetes	GYG1	2992	official_exact	down	-0.765269704	81675	Gyg1	True	True	True
late_allcell_DPN_vs_diabetes	H1-3	3007	official_exact	down	-0.614826404			False	False	False
late_allcell_DPN_vs_diabetes	H1F0	3005	unique_synonym	up	0.659129887	24437	H1f0	True	False	False
late_allcell_DPN_vs_diabetes	H2AC6	8334	official_exact	up	0.700307055			False	False	False
late_allcell_DPN_vs_diabetes	H2AFX	3014	unique_synonym	down	-0.623438423	500987	H2ax	True	False	False
late_allcell_DPN_vs_diabetes	H2AFY2	55506	unique_synonym	down	-0.596360035	361844	Macroh2a2	True	True	True
late_allcell_DPN_vs_diabetes	H2AFZ	3015	unique_synonym	down	-1.191120671	58940	H2az1	True	True	True
late_allcell_DPN_vs_diabetes	H2AX	3014	official_exact	up	0.666882229	500987	H2ax	True	False	False
late_allcell_DPN_vs_diabetes	H2BC26	128312	official_exact	up	1.063814808			False	False	False
late_allcell_DPN_vs_diabetes	H4C16	121504	official_exact	up	0.877262235			False	False	False
late_allcell_DPN_vs_diabetes	HACD3	51495	official_exact	down	-0.621933782	300783	Hacd3	True	True	True
late_allcell_DPN_vs_diabetes	HAP1	9001	official_exact	up	1.206457734	29430	Hap1	True	True	True
late_allcell_DPN_vs_diabetes	HAS1	3036	official_exact	down	-0.743777525	282821	Has1	True	True	False
late_allcell_DPN_vs_diabetes	HAS2	3037	official_exact	up	1.211353627	25694	Has2	True	True	True
late_allcell_DPN_vs_diabetes	HAUS5	23354	official_exact	up	0.760797938	100362495	Haus5	True	True	False
late_allcell_DPN_vs_diabetes	HBA2	3040	official_exact	down	-1.36299321			False	False	False
late_allcell_DPN_vs_diabetes	HBEGF	1839	official_exact	up	1.066286542	25433	Hbegf	True	True	True
late_allcell_DPN_vs_diabetes	HCAR1	27198	official_exact	up	1.955592681	689936	Hcar1	True	False	False
late_allcell_DPN_vs_diabetes	HCAR3	8843	official_exact	up	1.585227736			False	False	False
late_allcell_DPN_vs_diabetes	HCK	3055	official_exact	up	0.706581982	25734	Hck	True	True	True
late_allcell_DPN_vs_diabetes	HCN2	610	official_exact	down	-0.694788455	114244	Hcn2	True	True	True
late_allcell_DPN_vs_diabetes	HDAC10	83933	official_exact	up	0.872839985	362981	Hdac10	True	True	True
late_allcell_DPN_vs_diabetes	HDAC2	3066	official_exact	down	-0.676036805	84577	Hdac2	True	True	True
late_allcell_DPN_vs_diabetes	HDAC7	51564	official_exact	up	0.86102325	84582	Hdac7	True	True	False
late_allcell_DPN_vs_diabetes	HDDC2	51020	official_exact	down	-0.762138944	361462	Hddc2	True	True	True
late_allcell_DPN_vs_diabetes	HEATR5A	25938	official_exact	down	-0.672713509	362737	Heatr5a	True	True	True
late_allcell_DPN_vs_diabetes	HECTD3	79654	official_exact	up	0.725680814	313525	Hectd3	True	True	False
late_allcell_DPN_vs_diabetes	HECW2	57520	official_exact	up	0.675063263	316395	Hecw2	True	True	False
late_allcell_DPN_vs_diabetes	HEMK1	51409	official_exact	up	0.882323191	300989	Hemk1	True	True	True
late_allcell_DPN_vs_diabetes	HENMT1	113802	official_exact	down	-0.928671104	100363095	Henmt1	True	False	False
late_allcell_DPN_vs_diabetes	HEPACAM	220296	official_exact	down	-1.054729651	300517	Hepacam	True	True	True
late_allcell_DPN_vs_diabetes	HES1	3280	official_exact	up	0.613212762	29577	Hes1	True	True	True
late_allcell_DPN_vs_diabetes	HES5	388585	official_exact	down	-0.853558762	79225	Hes5	True	True	False
late_allcell_DPN_vs_diabetes	HES6	55502	official_exact	down	-0.610156107	316626	Hes6	True	True	True
late_allcell_DPN_vs_diabetes	HES7	84667	official_exact	up	1.167131031	287423	Hes7	True	True	False
late_allcell_DPN_vs_diabetes	HEXD	284004	official_exact	up	0.905721344	100216475	Hexd	True	True	True
late_allcell_DPN_vs_diabetes	HEY2	23493	official_exact	down	-0.636417938	155430	Hey2	True	True	True
late_allcell_DPN_vs_diabetes	HHIP	64399	official_exact	up	2.366289199	291936	Hhip	True	True	False
late_allcell_DPN_vs_diabetes	HHIPL1	84439	official_exact	up	0.957544676	362781	Hhipl1	True	True	False
late_allcell_DPN_vs_diabetes	HIC1	3090	official_exact	up	0.78802541	303310	Hic1	True	True	False
late_allcell_DPN_vs_diabetes	HIC2	23119	official_exact	up	0.886084766	287940	Hic2	True	True	False
late_allcell_DPN_vs_diabetes	HIGD2A	192286	official_exact	down	-0.619774141	290999	Higd2a	True	True	True
late_allcell_DPN_vs_diabetes	HIKESHI	51501	official_exact	up	1.250584067	293103	Hikeshi	True	True	True
late_allcell_DPN_vs_diabetes	HIP1R	9026	official_exact	up	0.970051676	81917	Hip1r	True	True	True
late_allcell_DPN_vs_diabetes	HIPK4	147746	official_exact	up	0.86309025	308449	Hipk4	True	True	False
late_allcell_DPN_vs_diabetes	HIST1H1B	3009	unique_synonym	up	0.643502354	680522	H1f5	True	True	True
late_allcell_DPN_vs_diabetes	HIST1H1D	3007	unique_synonym	up	1.321494856			False	False	False
late_allcell_DPN_vs_diabetes	HIST1H2BG		unresolved_or_ambiguous	down	-1.054925452			False	False	False
late_allcell_DPN_vs_diabetes	HIST1H2BH	8345	unique_synonym	down	-1.567649619			False	False	False
late_allcell_DPN_vs_diabetes	HIST1H4C	8364	unique_synonym	down	-1.003539004			False	False	False
late_allcell_DPN_vs_diabetes	HIST4H4	121504	unique_synonym	up	1.007280681			False	False	False
late_allcell_DPN_vs_diabetes	HK2	3099	official_exact	down	-1.168502375	25059	Hk2	True	True	True
late_allcell_DPN_vs_diabetes	HK3	3101	official_exact	up	0.65786421	25060	Hk3	True	True	False
late_allcell_DPN_vs_diabetes	HLX	3142	official_exact	up	0.801222715	364069	Hlx	True	True	True
late_allcell_DPN_vs_diabetes	HMCN1	83872	official_exact	up	1.031740355	289094	Hmcn1	True	True	True
late_allcell_DPN_vs_diabetes	HMCN2	256158	official_exact	up	2.443668876	686132	Hmcn2	True	False	False
late_allcell_DPN_vs_diabetes	HMG20B	10362	official_exact	up	0.651610093	362825	Hmg20b	True	True	True
late_allcell_DPN_vs_diabetes	HMGCR	3156	official_exact	down	-1.385188872	25675	Hmgcr	True	True	True
late_allcell_DPN_vs_diabetes	HMGCS1	3157	official_exact	down	-0.678704382	29637	Hmgcs1	True	True	True
late_allcell_DPN_vs_diabetes	HMOX1	3162	official_exact	up	1.486941182	24451	Hmox1	True	True	True
late_allcell_DPN_vs_diabetes	HNRNPL	3191	official_exact	down	-0.68922677	80846	Hnrnpl	True	True	True
late_allcell_DPN_vs_diabetes	HOGA1	112817	official_exact	up	1.157357457	293949	Hoga1	True	True	True
late_allcell_DPN_vs_diabetes	HOOK1	51361	official_exact	down	-0.82992133	313370	Hook1	True	True	True
late_allcell_DPN_vs_diabetes	HOOK2	29911	official_exact	up	0.919901341	304669	Hook2	True	True	True
late_allcell_DPN_vs_diabetes	HORMAD1	84072	official_exact	up	0.91601417	365868	Hormad1	True	True	False
late_allcell_DPN_vs_diabetes	HOXA2	3199	official_exact	up	0.604033948	103690123	Hoxa2	True	True	False
late_allcell_DPN_vs_diabetes	HOXA4	3201	official_exact	up	1.067580191	100912525	Hoxa4	True	True	False
late_allcell_DPN_vs_diabetes	HOXA5	3202	official_exact	up	0.649391281	79241	Hoxa5	True	False	False
late_allcell_DPN_vs_diabetes	HOXA6	3203	official_exact	up	1.216294394	685732	Hoxa6	True	True	False
late_allcell_DPN_vs_diabetes	HOXA9	3205	official_exact	up	0.918566581	297099	Hoxa9	True	False	False
late_allcell_DPN_vs_diabetes	HOXB2	3212	official_exact	up	0.719543547	100361765	Hoxb2	True	True	True
late_allcell_DPN_vs_diabetes	HOXB4	3214	official_exact	up	0.890917098	497988	Hoxb4	True	True	True
late_allcell_DPN_vs_diabetes	HOXB5	3215	official_exact	up	0.844592494	497987	Hoxb5	True	True	True
late_allcell_DPN_vs_diabetes	HOXB6	3216	official_exact	up	1.000869726	497986	Hoxb6	True	True	False
late_allcell_DPN_vs_diabetes	HOXD1	3231	official_exact	down	-1.006726376	288151	Hoxd1	True	True	True
late_allcell_DPN_vs_diabetes	HP1BP3	50809	official_exact	up	0.894327673	313647	Hp1bp3	True	True	True
late_allcell_DPN_vs_diabetes	HPDL	84842	official_exact	down	-1.042638668	313521	Hpdl	True	True	True
late_allcell_DPN_vs_diabetes	HPF1	54969	official_exact	down	-0.650764951	290706	Hpf1	True	True	True
late_allcell_DPN_vs_diabetes	HPGD	3248	official_exact	down	-0.633137217	79242	Hpgd	True	True	False
late_allcell_DPN_vs_diabetes	HPR	3250	official_exact	up	2.038689712			False	False	False
late_allcell_DPN_vs_diabetes	HR	55806	official_exact	up	0.761946484	60563	Hr	True	True	True
late_allcell_DPN_vs_diabetes	HRCT1	646962	official_exact	up	1.244651758	100359865	Hrct1	True	True	True
late_allcell_DPN_vs_diabetes	HRK	8739	official_exact	up	0.592137896	117271	Hrk	True	False	False
late_allcell_DPN_vs_diabetes	HS2ST1	9653	official_exact	down	-0.592335027	292155	Hs2st1	True	True	True
late_allcell_DPN_vs_diabetes	HS3ST4	9951	official_exact	down	-0.887508178	108349781	Hs3st4	True	False	False
late_allcell_DPN_vs_diabetes	HS6ST2	90161	official_exact	down	-1.038659298	302489	Hs6st2	True	True	True
late_allcell_DPN_vs_diabetes	HSD17B1	3292	official_exact	up	1.313999617	25322	Hsd17b1	True	True	False
late_allcell_DPN_vs_diabetes	HSD17B12	51144	official_exact	down	-0.594832867	84013	Hsd17b12	True	True	True
late_allcell_DPN_vs_diabetes	HSD3B7	80270	official_exact	up	0.657294818	246211	Hsd3b7	True	True	True
late_allcell_DPN_vs_diabetes	HSF4	3299	official_exact	up	0.705745438	291960	Hsf4	True	True	True
late_allcell_DPN_vs_diabetes	HSPA12B	116835	official_exact	up	0.987843542	311427	Hspa12b	True	True	False
late_allcell_DPN_vs_diabetes	HSPA13	6782	official_exact	down	-1.042342245	29734	Hspa13	True	True	True
late_allcell_DPN_vs_diabetes	HSPA1A	3303	official_exact	up	0.809443041			False	False	False
late_allcell_DPN_vs_diabetes	HSPA2	3306	official_exact	down	-0.834358276	60460	Hspa2	True	True	True
late_allcell_DPN_vs_diabetes	HSPG2	3339	official_exact	up	0.830530024	313641	Hspg2	True	True	False
late_allcell_DPN_vs_diabetes	HTR1D	3352	official_exact	down	-1.181447765	25323	Htr1d	True	True	False
late_allcell_DPN_vs_diabetes	HTR1E	3354	official_exact	down	-0.600990003			False	False	False
late_allcell_DPN_vs_diabetes	HTR3A	3359	official_exact	down	-1.3271208	79246	Htr3a	True	True	True
late_allcell_DPN_vs_diabetes	HTRA1	5654	official_exact	down	-0.9295576	65164	Htra1	True	True	True
late_allcell_DPN_vs_diabetes	HTRA3	94031	official_exact	up	1.600065543	360959	Htra3	True	True	True
late_allcell_DPN_vs_diabetes	HYCC2	285172	official_exact	up	0.798348246	316415	Hycc2	True	True	True
late_allcell_DPN_vs_diabetes	ICAM4	3386	official_exact	up	1.591828102	298702	Icam4	True	True	True
late_allcell_DPN_vs_diabetes	ICMT	23463	official_exact	down	-1.009183036	170818	Icmt	True	True	True
late_allcell_DPN_vs_diabetes	ID1	3397	official_exact	up	0.705509242	25261	Id1	True	True	True
late_allcell_DPN_vs_diabetes	IFI44	10561	official_exact	down	-0.66623874	310969	Ifi44	True	True	True
late_allcell_DPN_vs_diabetes	IFIT3	3437	official_exact	down	-0.589331737	309526	Ifit3	True	True	True
late_allcell_DPN_vs_diabetes	IFITM10	402778	official_exact	up	0.764143152	293632	Ifitm10	True	True	True
late_allcell_DPN_vs_diabetes	IFRD1	3475	official_exact	up	0.650028763	29596	Ifrd1	True	True	True
late_allcell_DPN_vs_diabetes	IFT122	55764	official_exact	up	0.600048405	312651	Ift122	True	True	True
late_allcell_DPN_vs_diabetes	IGF1	3479	official_exact	up	1.98013726	24482	Igf1	True	True	True
late_allcell_DPN_vs_diabetes	IGF1R	3480	official_exact	up	0.663612539	25718	Igf1r	True	True	True
late_allcell_DPN_vs_diabetes	IGF2BP2	10644	official_exact	up	0.681455242	303824	Igf2bp2	True	True	False
late_allcell_DPN_vs_diabetes	IGFBP5	3488	official_exact	up	0.859888369	25285	Igfbp5	True	True	True
late_allcell_DPN_vs_diabetes	IGFN1	91156	official_exact	up	2.12219146	304823	Igfn1	True	True	False
late_allcell_DPN_vs_diabetes	IGIP	492311	official_exact	down	-1.374265836	100363266	Igip	True	True	True
late_allcell_DPN_vs_diabetes	IGSF11	152404	official_exact	down	-1.244827055	303926	Igsf11	True	True	True
late_allcell_DPN_vs_diabetes	IGSF9B	22997	official_exact	up	0.863146992	315510	Igsf9b	True	True	False
late_allcell_DPN_vs_diabetes	IKBKE	9641	official_exact	up	0.869422911	363984	Ikbke	True	True	False
late_allcell_DPN_vs_diabetes	IL10RA	3587	official_exact	up	0.989315607	117539	Il10ra	True	True	False
late_allcell_DPN_vs_diabetes	IL11RA	3590	official_exact	up	0.678348926	245983	Il11ra1	True	True	True
late_allcell_DPN_vs_diabetes	IL12A	3592	official_exact	down	-0.936994721	84405	Il12a	True	True	False
late_allcell_DPN_vs_diabetes	IL15RA	3601	official_exact	up	0.695323293	690369	Il15ra	True	True	True
late_allcell_DPN_vs_diabetes	IL16	3603	official_exact	up	0.854283572	116996	Il16	True	True	True
late_allcell_DPN_vs_diabetes	IL17RC	84818	official_exact	up	0.744101912	297520	Il17rc	True	True	True
late_allcell_DPN_vs_diabetes	IL18	3606	official_exact	down	-0.660234486	29197	Il18	True	True	True
late_allcell_DPN_vs_diabetes	IL18RAP	8807	official_exact	up	1.04185478	373540	Il18rap	True	True	False
late_allcell_DPN_vs_diabetes	IL1B	3553	official_exact	up	1.128401795	24494	Il1b	True	True	True
late_allcell_DPN_vs_diabetes	IL1RAPL1	11141	official_exact	down	-0.684535615	317553	Il1rapl1	True	True	False
late_allcell_DPN_vs_diabetes	IL31RA	133396	official_exact	down	-1.655381977	688622	Il31ra	True	True	True
late_allcell_DPN_vs_diabetes	IL32	9235	official_exact	up	0.632758512			False	False	False
late_allcell_DPN_vs_diabetes	IL3RA	3563	official_exact	up	0.826049001	246144	Il3ra	True	True	True
late_allcell_DPN_vs_diabetes	IL7R	3575	official_exact	up	0.948570312	294797	Il7r	True	False	False
late_allcell_DPN_vs_diabetes	IMMT	10989	official_exact	down	-0.776468082	312444	Immt	True	True	True
late_allcell_DPN_vs_diabetes	IMPAD1	54928	unique_synonym	down	-0.931924678	312952	Bpnt2	True	False	False
late_allcell_DPN_vs_diabetes	INA	9118	official_exact	down	-0.612940013	24503	Ina	True	True	True
late_allcell_DPN_vs_diabetes	INAFM1	255783	official_exact	up	0.629749264	100192314	Inafm1	True	True	True
late_allcell_DPN_vs_diabetes	ING1	3621	official_exact	up	0.610148529	306626	Ing1	True	True	True
late_allcell_DPN_vs_diabetes	ING4	51147	official_exact	up	0.591770009	297597	Ing4	True	True	True
late_allcell_DPN_vs_diabetes	ING5	84289	official_exact	up	0.804596478	363292	Ing5	True	True	True
late_allcell_DPN_vs_diabetes	INO80B	83444	official_exact	up	0.958245364	500225	Ino80b	True	True	False
late_allcell_DPN_vs_diabetes	INO80E	283899	official_exact	up	0.612548985	293494	Ino80e	True	True	True
late_allcell_DPN_vs_diabetes	INPP5E	56623	official_exact	up	0.645216175	114089	Inpp5e	True	True	True
late_allcell_DPN_vs_diabetes	INSIG1	3638	official_exact	down	-0.712297187	64194	Insig1	True	True	True
late_allcell_DPN_vs_diabetes	INSM2	84684	official_exact	down	-0.645168281	314131	Insm2	True	True	True
late_allcell_DPN_vs_diabetes	INSRR	3645	official_exact	up	0.696410781	60663	Insrr	True	True	True
late_allcell_DPN_vs_diabetes	INSYN1	388135	official_exact	down	-0.67453236	501007	Insyn1	True	True	True
late_allcell_DPN_vs_diabetes	INTS1	26173	official_exact	up	0.825880149	288514	Ints1	True	False	False
late_allcell_DPN_vs_diabetes	INTS11	54973	official_exact	up	0.643153809	298688	Ints11	True	True	True
late_allcell_DPN_vs_diabetes	INTS13	55726	official_exact	down	-1.010073235	690728	Ints13	True	True	True
late_allcell_DPN_vs_diabetes	INTS9	55756	official_exact	up	0.655016256	290322	Ints9	True	True	False
late_allcell_DPN_vs_diabetes	IP6K2	51447	official_exact	up	0.601963952	59268	Ip6k2	True	True	True
late_allcell_DPN_vs_diabetes	IPMK	253430	official_exact	down	-0.938832126	171458	Ipmk	True	True	True
late_allcell_DPN_vs_diabetes	IQCA1	79781	unique_synonym	down	-1.129016781	316616	Drc11	True	True	False
late_allcell_DPN_vs_diabetes	IQCA1L	392843	unique_synonym	up	1.188073063	499971	Drc11l	True	True	False
late_allcell_DPN_vs_diabetes	IQCE	23288	official_exact	up	0.844911935	304318	Iqce	True	True	True
late_allcell_DPN_vs_diabetes	IQCK	124152	official_exact	up	0.791703544	100909537	Iqck	True	True	True
late_allcell_DPN_vs_diabetes	IQGAP2	10788	official_exact	up	0.727257112	100360623	Iqgap2	True	True	True
late_allcell_DPN_vs_diabetes	IQSEC1	9922	official_exact	up	0.628886401	686590	Iqsec1	True	True	False
late_allcell_DPN_vs_diabetes	IRAG1	10335	official_exact	up	1.150143319	308899	Irag1	True	True	True
late_allcell_DPN_vs_diabetes	IRAK2	3656	official_exact	up	1.075161686	362418	Irak2	True	True	True
late_allcell_DPN_vs_diabetes	IRF1	3659	official_exact	up	0.697713366	24508	Irf1	True	True	True
late_allcell_DPN_vs_diabetes	IRF3	3661	official_exact	up	0.629526815	292892	Irf3	True	True	True
late_allcell_DPN_vs_diabetes	IRF4	3662	official_exact	up	1.264059109	291100	Irf4	True	True	False
late_allcell_DPN_vs_diabetes	IRS2	8660	official_exact	up	0.842330513	29376	Irs2	True	True	True
late_allcell_DPN_vs_diabetes	IRX6	79190	official_exact	up	0.822384529	307715	Irx6	True	False	False
late_allcell_DPN_vs_diabetes	ISCA1	81689	official_exact	down	-0.61880947	290985	Isca1	True	True	True
late_allcell_DPN_vs_diabetes	ISG20	3669	official_exact	up	0.864116635	293052	Isg20	True	True	True
late_allcell_DPN_vs_diabetes	ISL1	3670	official_exact	down	-0.731852419	64444	Isl1	True	True	True
late_allcell_DPN_vs_diabetes	ISL2	64843	official_exact	down	-0.866182995	57233	Isl2	True	True	True
late_allcell_DPN_vs_diabetes	ITFG2	55846	official_exact	up	0.592935324	362441	Itfg2	True	True	True
late_allcell_DPN_vs_diabetes	ITGA2B	3674	official_exact	up	0.811696919	685269	Itga2b	True	True	True
late_allcell_DPN_vs_diabetes	ITGA5	3678	official_exact	up	0.936941758	315346	Itga5	True	True	False
late_allcell_DPN_vs_diabetes	ITGA7	3679	official_exact	up	0.924117453	81008	Itga7	True	True	True
late_allcell_DPN_vs_diabetes	ITGA8	8516	official_exact	up	1.375411085	364786	Itga8	True	True	True
late_allcell_DPN_vs_diabetes	ITGA9	3680	official_exact	up	0.683678162	685004	Itga9	True	True	False
late_allcell_DPN_vs_diabetes	ITGAX	3687	official_exact	up	0.707418172	499271	Itgax	True	True	False
late_allcell_DPN_vs_diabetes	ITGB1	3688	official_exact	down	-0.812374072	24511	Itgb1	True	True	True
late_allcell_DPN_vs_diabetes	ITGB3	3690	official_exact	up	0.798080255	29302	Itgb3	True	True	False
late_allcell_DPN_vs_diabetes	ITGB3BP	23421	official_exact	up	0.648034485	362548	Itgb3bp	True	True	True
late_allcell_DPN_vs_diabetes	ITGB4	3691	official_exact	up	0.817486392	25724	Itgb4	True	True	True
late_allcell_DPN_vs_diabetes	ITGB8	3696	official_exact	up	0.765140677	362800	Itgb8	True	True	True
late_allcell_DPN_vs_diabetes	ITIH3	3699	official_exact	up	1.358130768	50693	Itih3	True	True	True
late_allcell_DPN_vs_diabetes	ITK	3702	official_exact	up	0.74866002	363577	Itk	True	True	False
late_allcell_DPN_vs_diabetes	ITM2C	81618	official_exact	down	-0.823702586	301575	Itm2c	True	True	True
late_allcell_DPN_vs_diabetes	ITPKB	3707	official_exact	up	0.771950935	54260	Itpkb	True	True	True
late_allcell_DPN_vs_diabetes	ITPR3	3710	official_exact	up	0.792042603	25679	Itpr3	True	True	True
late_allcell_DPN_vs_diabetes	ITPRIP	85450	official_exact	up	0.771916677	100912218	Itprip	True	False	False
late_allcell_DPN_vs_diabetes	ITSN1	6453	official_exact	up	0.646165445	29491	Itsn1	True	True	True
late_allcell_DPN_vs_diabetes	IWS1	55677	official_exact	up	0.617847949	291705	Iws1	True	True	True
late_allcell_DPN_vs_diabetes	IZUMO1	284359	official_exact	up	1.291521965	499152	Izumo1	True	True	False
late_allcell_DPN_vs_diabetes	IZUMO4	113177	official_exact	up	0.663136254	362832	Izumo4	True	True	True
late_allcell_DPN_vs_diabetes	JAGN1	84522	official_exact	down	-1.08308126	502872	Jagn1	True	True	True
late_allcell_DPN_vs_diabetes	JAM3	83700	official_exact	down	-0.653565847	315509	Jam3	True	True	True
late_allcell_DPN_vs_diabetes	JMY	133746	official_exact	up	0.599997139	683593	Jmy	True	True	True
late_allcell_DPN_vs_diabetes	JPH2	57158	official_exact	up	2.324056507	296345	Jph2	True	True	False
late_allcell_DPN_vs_diabetes	JRK	8629	official_exact	up	0.601359543	315073	Jrk	True	True	False
late_allcell_DPN_vs_diabetes	JSRP1	126306	official_exact	up	1.695951086	690423	Jsrp1	True	True	False
late_allcell_DPN_vs_diabetes	KANK2	25959	official_exact	up	0.754860194	100361376	Kank2	True	True	True
late_allcell_DPN_vs_diabetes	KANK3	256949	official_exact	up	0.646544343	366848	Kank3	True	True	True
late_allcell_DPN_vs_diabetes	KAZN	23254	official_exact	up	1.221209274	313672	Kazn	True	True	True
late_allcell_DPN_vs_diabetes	KBTBD3	143879	official_exact	down	-0.652815393	315394	Kbtbd3	True	True	True
late_allcell_DPN_vs_diabetes	KBTBD6	89890	official_exact	down	-0.585695494	306073	Kbtbd6	True	True	False
late_allcell_DPN_vs_diabetes	KBTBD7	84078	official_exact	down	-0.653110488	100909827	Kbtbd7	True	False	False
late_allcell_DPN_vs_diabetes	KBTBD8	84541	official_exact	down	-0.682606738	500262	Kbtbd8	True	True	True
late_allcell_DPN_vs_diabetes	KCNA1	3736	official_exact	down	-0.900590111	24520	Kcna1	True	True	True
late_allcell_DPN_vs_diabetes	KCNA2	3737	official_exact	down	-0.840546924	25468	Kcna2	True	True	True
late_allcell_DPN_vs_diabetes	KCNA4	3739	official_exact	down	-1.008575903	25469	Kcna4	True	True	True
late_allcell_DPN_vs_diabetes	KCNAB3	9196	official_exact	up	0.883470767	58981	Kcnab3	True	True	False
late_allcell_DPN_vs_diabetes	KCNB2	9312	official_exact	down	-1.010954913	117105	Kcnb2	True	False	False
late_allcell_DPN_vs_diabetes	KCNC1	3746	official_exact	down	-0.603291935	25327	Kcnc1	True	True	True
late_allcell_DPN_vs_diabetes	KCNC2	3747	official_exact	down	-1.169751435	246153	Kcnc2	True	True	True
late_allcell_DPN_vs_diabetes	KCNC3	3748	official_exact	down	-0.88439872	117101	Kcnc3	True	True	True
late_allcell_DPN_vs_diabetes	KCNG1	3755	official_exact	down	-0.707500178	296395	Kcng1	True	True	True
late_allcell_DPN_vs_diabetes	KCNH5	27133	official_exact	down	-1.040852987	171146	Kcnh5	True	True	False
late_allcell_DPN_vs_diabetes	KCNH6	81033	official_exact	down	-0.822720326	116745	Kcnh6	True	True	True
late_allcell_DPN_vs_diabetes	KCNH7	90134	official_exact	down	-1.213125844	170739	Kcnh7	True	True	True
late_allcell_DPN_vs_diabetes	KCNH8	131096	official_exact	down	-1.262968257	246325	Kcnh8	True	True	True
late_allcell_DPN_vs_diabetes	KCNIP1	30820	official_exact	down	-1.186411551	65023	Kcnip1	True	True	True
late_allcell_DPN_vs_diabetes	KCNIP2	30819	official_exact	up	1.44859457	56817	Kcnip2	True	True	True
late_allcell_DPN_vs_diabetes	KCNJ10	3766	official_exact	down	-1.171451374	29718	Kcnj10	True	True	False
late_allcell_DPN_vs_diabetes	KCNJ13	3769	official_exact	down	-0.880132988	94341	Kcnj13	True	True	False
late_allcell_DPN_vs_diabetes	KCNJ14	3770	official_exact	up	0.676651111	276720	Kcnj14	True	True	False
late_allcell_DPN_vs_diabetes	KCNJ18	100134444	official_exact	up	0.715360022			False	False	False
late_allcell_DPN_vs_diabetes	KCNJ3	3760	official_exact	down	-0.893183311	50599	Kcnj3	True	True	False
late_allcell_DPN_vs_diabetes	KCNJ5-AS1	219833	official_exact	up	0.631427025			False	False	False
late_allcell_DPN_vs_diabetes	KCNK1	3775	official_exact	down	-1.561928234	59324	Kcnk1	True	True	True
late_allcell_DPN_vs_diabetes	KCNK10	54207	official_exact	down	-0.596388854	65272	Kcnk10	True	True	True
late_allcell_DPN_vs_diabetes	KCNK15	60598	official_exact	up	0.85937158	156873	Kcnk15	True	True	False
late_allcell_DPN_vs_diabetes	KCNK18	338567	official_exact	down	-0.914288966	445371	Kcnk18	True	True	True
late_allcell_DPN_vs_diabetes	KCNK2	3776	official_exact	up	1.404840959	170899	Kcnk2	True	True	True
late_allcell_DPN_vs_diabetes	KCNK4	50801	official_exact	down	-1.155871811	116489	Kcnk4	True	True	True
late_allcell_DPN_vs_diabetes	KCNMA1	3778	official_exact	down	-1.423633867	83731	Kcnma1	True	True	True
late_allcell_DPN_vs_diabetes	KCNMB2	10242	official_exact	down	-0.862974305	294961	Kcnmb2	True	True	True
late_allcell_DPN_vs_diabetes	KCNMB3	27094	official_exact	up	0.638612669	310303	Kcnmb3	True	False	False
late_allcell_DPN_vs_diabetes	KCNN2	3781	official_exact	down	-0.980011414	54262	Kcnn2	True	True	True
late_allcell_DPN_vs_diabetes	KCNQ2	3785	official_exact	down	-0.880053478	170848	Kcnq2	True	True	False
late_allcell_DPN_vs_diabetes	KCNQ5	56479	official_exact	down	-0.787714399	259273	Kcnq5	True	True	True
late_allcell_DPN_vs_diabetes	KCNRG	283518	official_exact	down	-0.944201351	305947	Kcnrg	True	True	False
late_allcell_DPN_vs_diabetes	KCNS1	3787	official_exact	down	-0.998717981	117023	Kcns1	True	True	False
late_allcell_DPN_vs_diabetes	KCNS3	3790	official_exact	down	-0.663072592	83588	Kcns3	True	True	True
late_allcell_DPN_vs_diabetes	KCNT1	57582	official_exact	down	-1.203964993	60444	Kcnt1	True	True	True
late_allcell_DPN_vs_diabetes	KCNV1	27012	official_exact	down	-0.740027309	60326	Kcnv1	True	True	True
late_allcell_DPN_vs_diabetes	KCTD1	284252	official_exact	down	-0.728972316	291772	Kctd1	True	True	True
late_allcell_DPN_vs_diabetes	KCTD15	79047	official_exact	up	0.924491271	499129	Kctd15	True	True	True
late_allcell_DPN_vs_diabetes	KCTD4	386618	official_exact	down	-1.14767109	691835	Kctd4	True	True	True
late_allcell_DPN_vs_diabetes	KCTD6	200845	official_exact	down	-0.806331541	305792	Kctd6	True	True	True
late_allcell_DPN_vs_diabetes	KCTD8	386617	official_exact	down	-1.133441343	364148	Kctd8	True	False	False
late_allcell_DPN_vs_diabetes	KDELR2	11014	official_exact	down	-0.696153856	304290	Kdelr2	True	True	True
late_allcell_DPN_vs_diabetes	KDELR3	11015	official_exact	down	-0.827066151	315131	Kdelr3	True	True	True
late_allcell_DPN_vs_diabetes	KHDRBS2	202559	official_exact	down	-0.594580962	170843	Khdrbs2	True	True	True
late_allcell_DPN_vs_diabetes	KHNYN	23351	official_exact	up	0.709651976	498517	Khnyn	True	True	False
late_allcell_DPN_vs_diabetes	KIAA0040	9674	official_exact	up	0.830561045	100302372	Kiaa0040	True	False	False
late_allcell_DPN_vs_diabetes	KIAA0825	285600	official_exact	down	-0.841504774	294603	Kiaa0825	True	True	True
late_allcell_DPN_vs_diabetes	KIAA0895	23366	unique_synonym	down	-1.078766188	315473	Matcap2	True	True	True
late_allcell_DPN_vs_diabetes	KIAA1143	57456	official_exact	down	-0.954230946	301079	RGD1311745	True	True	True
late_allcell_DPN_vs_diabetes	KIAA1211L	343990	unique_synonym	down	-0.844675796	301351	Cracdl	True	True	False
late_allcell_DPN_vs_diabetes	KIAA1324	57535	unique_synonym	down	-0.847013737	362019	Elapor1	True	False	False
late_allcell_DPN_vs_diabetes	KIAA1324L	222223	unique_synonym	down	-0.667079607	502727	Elapor2	True	True	True
late_allcell_DPN_vs_diabetes	KIAA1549L	25758	official_exact	down	-0.596034175	100362814	G2	True	False	False
late_allcell_DPN_vs_diabetes	KIAA1586	57691	official_exact	down	-1.142344416			False	False	False
late_allcell_DPN_vs_diabetes	KIAA1614	57710	official_exact	up	0.650493718	305101	Kiaa1614	True	True	False
late_allcell_DPN_vs_diabetes	KICS2	144577	official_exact	up	0.612391856	500843	Kics2	True	True	True
late_allcell_DPN_vs_diabetes	KIF11	3832	official_exact	down	-1.020266715	171304	Kif11	True	True	True
late_allcell_DPN_vs_diabetes	KIF17	57576	official_exact	up	0.632118633	500571	Kif17	True	True	False
late_allcell_DPN_vs_diabetes	KIF1A	547	official_exact	down	-0.704734521	363288	Kif1a	True	True	True
late_allcell_DPN_vs_diabetes	KIF1BP	26128	unique_synonym	down	-1.21923527	606294	Kifbp	True	True	True
late_allcell_DPN_vs_diabetes	KIF21A	55605	official_exact	down	-0.691007784	300158	Kif21a	True	True	True
late_allcell_DPN_vs_diabetes	KIF23	9493	official_exact	down	-1.165869632	315740	Kif23	True	True	True
late_allcell_DPN_vs_diabetes	KIF3A	11127	official_exact	down	-0.627808458	84392	Kif3a	True	True	True
late_allcell_DPN_vs_diabetes	KIFAP3	22920	official_exact	down	-0.645194045	289168	Kifap3	True	True	True
late_allcell_DPN_vs_diabetes	KIRREL3	84623	official_exact	down	-0.703163124	315546	Kirrel3	True	True	True
late_allcell_DPN_vs_diabetes	KIT	3815	official_exact	down	-1.294880222	64030	Kit	True	True	True
late_allcell_DPN_vs_diabetes	KLB	152831	official_exact	up	1.905633211	289625	Klb	True	False	False
late_allcell_DPN_vs_diabetes	KLF10	7071	official_exact	up	0.973261736	81813	Klf10	True	True	True
late_allcell_DPN_vs_diabetes	KLF11	8462	official_exact	up	0.672137207	313994	Klf11	True	True	True
late_allcell_DPN_vs_diabetes	KLF5	688	official_exact	down	-0.90252379	84410	Klf5	True	True	True
late_allcell_DPN_vs_diabetes	KLF6	1316	official_exact	up	0.913983936	58954	Klf6	True	True	True
late_allcell_DPN_vs_diabetes	KLHL11	55175	official_exact	down	-1.097080133	287706	Klhl11	True	True	True
late_allcell_DPN_vs_diabetes	KLHL17	339451	official_exact	up	0.586459878	246757	Klhl17	True	True	False
late_allcell_DPN_vs_diabetes	KLHL29	114818	official_exact	up	0.596994789	298867	Klhl29	True	True	True
late_allcell_DPN_vs_diabetes	KLHL4	56062	official_exact	up	1.053209214	317196	Klhl4	True	True	True
late_allcell_DPN_vs_diabetes	KLHL7	55975	official_exact	down	-0.640873847	362303	Klhl7	True	True	True
late_allcell_DPN_vs_diabetes	KLHL9	55958	official_exact	down	-1.451835066	313348	Klhl9	True	True	True
late_allcell_DPN_vs_diabetes	KLK10	5655	official_exact	down	-1.627899193	292850	Klk10	True	False	False
late_allcell_DPN_vs_diabetes	KLK6	5653	official_exact	down	-0.955893726	29245	Klk6	True	False	False
late_allcell_DPN_vs_diabetes	KLRD1	3824	official_exact	up	1.107714049	25110	Klrd1	True	True	False
late_allcell_DPN_vs_diabetes	KMT5C	84787	official_exact	up	0.612219112	308345	Kmt5c	True	True	True
late_allcell_DPN_vs_diabetes	KPNA5	3841	official_exact	down	-0.672050775	294392	Kpna5	True	True	True
late_allcell_DPN_vs_diabetes	KRAS	3845	official_exact	down	-0.897132874	24525	Kras	True	True	True
late_allcell_DPN_vs_diabetes	KRBOX5	124411	unique_synonym	up	0.718887205			False	False	False
late_allcell_DPN_vs_diabetes	KRI1	65095	official_exact	up	0.726858941	687183	Kri1	True	True	True
late_allcell_DPN_vs_diabetes	KRT222	125113	official_exact	up	1.049014714	497994	Krt222	True	True	True
late_allcell_DPN_vs_diabetes	KRT31	3881	official_exact	up	0.59374235			False	False	False
late_allcell_DPN_vs_diabetes	KRT34	3885	official_exact	up	0.68102534	303528	Krt34	True	False	False
late_allcell_DPN_vs_diabetes	KRT8	3856	official_exact	up	0.656206366	25626	Krt8	True	True	True
late_allcell_DPN_vs_diabetes	KRTCAP2	200185	official_exact	down	-0.86339273	295243	Krtcap2	True	True	True
late_allcell_DPN_vs_diabetes	KSR1	8844	official_exact	up	0.62377137	108348076	Ksr1	True	True	False
late_allcell_DPN_vs_diabetes	KSR2	283455	official_exact	down	-0.794623089	288691	Ksr2	True	True	False
late_allcell_DPN_vs_diabetes	KXD1	79036	official_exact	up	0.712910173	498606	Kxd1	True	True	True
late_allcell_DPN_vs_diabetes	KYAT1	883	official_exact	up	0.732445291	311844	Kyat1	True	True	True
late_allcell_DPN_vs_diabetes	L1TD1	54596	official_exact	up	2.599622038	685355	L1td1	True	False	False
late_allcell_DPN_vs_diabetes	LACTB	114294	official_exact	down	-0.927177986	300803	Lactb	True	True	True
late_allcell_DPN_vs_diabetes	LAIR1	3903	official_exact	up	0.725797992	574531	Lair1	True	True	False
late_allcell_DPN_vs_diabetes	LAMA1	284217	official_exact	down	-1.514073169	316758	Lama1	True	True	False
late_allcell_DPN_vs_diabetes	LAMA5	3911	official_exact	up	1.105242837	140433	Lama5	True	True	True
late_allcell_DPN_vs_diabetes	LAMP2	3920	official_exact	down	-0.664852806	24944	Lamp2	True	True	True
late_allcell_DPN_vs_diabetes	LAMP5	24141	official_exact	down	-1.618905042	362220	Lamp5	True	True	True
late_allcell_DPN_vs_diabetes	LAMTOR3	8649	official_exact	down	-0.880059613	362045	Lamtor3	True	True	True
late_allcell_DPN_vs_diabetes	LANCL3	347404	official_exact	down	-1.045615812	302540	Lancl3	True	True	False
late_allcell_DPN_vs_diabetes	LAPTM4A	9741	official_exact	down	-1.191802009	298875	Laptm4a	True	True	True
late_allcell_DPN_vs_diabetes	LAPTM4B	55353	official_exact	down	-0.913884243	315047	Laptm4b	True	True	True
late_allcell_DPN_vs_diabetes	LAPTM5	7805	official_exact	down	-0.702917864	89783	Laptm5	True	True	True
late_allcell_DPN_vs_diabetes	LBP	3929	official_exact	up	2.401824142	29469	Lbp	True	True	False
late_allcell_DPN_vs_diabetes	LBR	3930	official_exact	down	-0.680727228	89789	Lbr	True	True	True
late_allcell_DPN_vs_diabetes	LBX2	85474	official_exact	up	1.473609486	500224	Lbx2	True	False	False
late_allcell_DPN_vs_diabetes	LCN10	414332	official_exact	up	0.779929401	499756	Lcn10	True	False	False
late_allcell_DPN_vs_diabetes	LCN6	158062	official_exact	up	1.122564295	414138	Lcn6	True	False	False
late_allcell_DPN_vs_diabetes	LCNL1	401562	official_exact	down	-0.711157779			False	False	False
late_allcell_DPN_vs_diabetes	LDB3	11155	official_exact	up	1.272887933	498587	Ldb3	True	True	True
late_allcell_DPN_vs_diabetes	LDHB	3945	official_exact	down	-0.688246321	24534	Ldhb	True	True	True
late_allcell_DPN_vs_diabetes	LDLR	3949	official_exact	down	-0.68048454	300438	Ldlr	True	True	True
late_allcell_DPN_vs_diabetes	LDLRAD3	143458	official_exact	up	0.882319698	366138	Ldlrad3	True	True	False
late_allcell_DPN_vs_diabetes	LEF1	51176	official_exact	down	-0.750817827	161452	Lef1	True	True	True
late_allcell_DPN_vs_diabetes	LENG1	79165	official_exact	up	0.632400523	292535	Leng1	True	True	True
late_allcell_DPN_vs_diabetes	LENG9	94059	official_exact	up	0.906539458	100912286	Leng9	True	True	True
late_allcell_DPN_vs_diabetes	LEP	3952	official_exact	up	1.686768623	25608	Lep	True	True	False
late_allcell_DPN_vs_diabetes	LEPR	3953	official_exact	down	-1.21021096	24536	Lepr	True	True	True
late_allcell_DPN_vs_diabetes	LGALS12	85329	official_exact	up	2.401837811	293710	Lgals12	True	False	False
late_allcell_DPN_vs_diabetes	LGALS9	3965	official_exact	down	-0.695321457	25476	Lgals9	True	True	True
late_allcell_DPN_vs_diabetes	LGI1	9211	official_exact	down	-0.720497355	252892	Lgi1	True	True	True
late_allcell_DPN_vs_diabetes	LGI3	203190	official_exact	down	-0.959166953	306013	Lgi3	True	True	True
late_allcell_DPN_vs_diabetes	LGR5	8549	official_exact	down	-1.626867506	299802	Lgr5	True	True	True
late_allcell_DPN_vs_diabetes	LHFPL1	340596	official_exact	down	-0.61108083	300286	Lhfpl1	True	True	True
late_allcell_DPN_vs_diabetes	LHFPL3	375612	official_exact	down	-0.618362544	103692025	Lhfpl3	True	False	False
late_allcell_DPN_vs_diabetes	LHFPL4	375323	official_exact	down	-1.191503818	353230	Lhfpl4	True	True	True
late_allcell_DPN_vs_diabetes	LIFR	3977	official_exact	down	-0.681032215	81680	Lifr	True	True	True
late_allcell_DPN_vs_diabetes	LIG1	3978	official_exact	up	0.618776996	81513	Lig1	True	True	True
late_allcell_DPN_vs_diabetes	LILRA2	11027	official_exact	down	-0.681199932			False	False	False
late_allcell_DPN_vs_diabetes	LILRA6	79168	official_exact	up	1.104807359			False	False	False
late_allcell_DPN_vs_diabetes	LILRB2	10288	official_exact	up	0.620400618			False	False	False
late_allcell_DPN_vs_diabetes	LILRB4	11006	official_exact	down	-1.030405148			False	False	False
late_allcell_DPN_vs_diabetes	LILRB5	10990	official_exact	up	2.35004545			False	False	False
late_allcell_DPN_vs_diabetes	LIMA1	51474	official_exact	up	0.716636745	300228	Lima1	True	True	True
late_allcell_DPN_vs_diabetes	LIMCH1	22998	official_exact	up	0.65672207	305332	Limch1	True	True	True
late_allcell_DPN_vs_diabetes	LIMD1	8994	official_exact	up	0.674950597	316101	Limd1	True	True	True
late_allcell_DPN_vs_diabetes	LIMS2	55679	official_exact	up	0.88044496	361303	Lims2	True	True	True
late_allcell_DPN_vs_diabetes	LIN37	55957	official_exact	up	0.748650091	292787	Lin37	True	True	True
late_allcell_DPN_vs_diabetes	LIN54	132660	official_exact	down	-0.627268183	305171	Lin54	True	True	True
late_allcell_DPN_vs_diabetes	LINC03040	221416	official_exact	up	1.012221879			False	False	False
late_allcell_DPN_vs_diabetes	LINGO1	84894	official_exact	down	-0.709899478	315691	Lingo1	True	True	True
late_allcell_DPN_vs_diabetes	LINGO2	158038	official_exact	down	-0.755629818	313156	Lingo2	True	False	False
late_allcell_DPN_vs_diabetes	LINGO4	339398	official_exact	down	-0.7597432	499668	Lingo4	True	True	False
late_allcell_DPN_vs_diabetes	LIPA	3988	official_exact	down	-0.87639748	25055	Lipa	True	True	True
late_allcell_DPN_vs_diabetes	LIPE	3991	official_exact	up	1.820477639	25330	Lipe	True	True	True
late_allcell_DPN_vs_diabetes	LIPG	9388	official_exact	down	-0.93868846	291437	Lipg	True	True	True
late_allcell_DPN_vs_diabetes	LIPH	200879	official_exact	down	-0.826383189	681694	Liph	True	False	False
late_allcell_DPN_vs_diabetes	LLGL2	3993	official_exact	up	0.808696909	360661	Llgl2	True	True	True
late_allcell_DPN_vs_diabetes	LMCD1	29995	official_exact	up	0.71891184	494021	Lmcd1	True	True	True
late_allcell_DPN_vs_diabetes	LMLN2	100128908	unique_synonym	down	-2.481551747	361039	Cirop	True	True	False
late_allcell_DPN_vs_diabetes	LMO1	4004	official_exact	down	-0.824662842	245979	Lmo1	True	True	True
late_allcell_DPN_vs_diabetes	LMOD1	25802	official_exact	up	1.248586995	304816	Lmod1	True	True	True
late_allcell_DPN_vs_diabetes	LNPK	80856	official_exact	down	-0.719256549	362151	Lnpk	True	True	True
late_allcell_DPN_vs_diabetes	LPAR3	23566	official_exact	down	-1.394057811	66025	Lpar3	True	True	True
late_allcell_DPN_vs_diabetes	LPAR6	10161	official_exact	down	-0.863112057	691774	Lpar6	True	True	True
late_allcell_DPN_vs_diabetes	LPIN3	64900	official_exact	up	1.282811743	362261	Lpin3	True	True	False
late_allcell_DPN_vs_diabetes	LRFN5	145581	official_exact	down	-0.621204442	314164	Lrfn5	True	True	True
late_allcell_DPN_vs_diabetes	LRIF1	55791	official_exact	down	-0.651509426	310775	Lrif1	True	True	True
late_allcell_DPN_vs_diabetes	LRP12	29967	official_exact	down	-0.755420792	314941	Lrp12	True	True	True
late_allcell_DPN_vs_diabetes	LRP1B	53353	official_exact	down	-0.932807791	311926	Lrp1b	True	True	False
late_allcell_DPN_vs_diabetes	LRP5	4041	official_exact	up	0.754049266	293649	Lrp5	True	True	True
late_allcell_DPN_vs_diabetes	LRRC10B	390205	official_exact	up	1.15691275	309208	Lrrc10b	True	True	False
late_allcell_DPN_vs_diabetes	LRRC2	79442	official_exact	up	1.786098529	301033	Lrrc2	True	True	True
late_allcell_DPN_vs_diabetes	LRRC24	441381	official_exact	up	0.923595018	362945	Lrrc24	True	True	True
late_allcell_DPN_vs_diabetes	LRRC26	389816	official_exact	up	0.626080453	311803	Lrrc26	True	False	False
late_allcell_DPN_vs_diabetes	LRRC27	80313	official_exact	up	0.782392256	499281	Lrrc27	True	True	True
late_allcell_DPN_vs_diabetes	LRRC28	123355	official_exact	down	-0.642086487	361588	Lrrc28	True	True	True
late_allcell_DPN_vs_diabetes	LRRC32	2615	official_exact	up	1.280561727	293135	Lrrc32	True	True	False
late_allcell_DPN_vs_diabetes	LRRC39	127495	official_exact	down	-0.734437808	691307	Lrrc39	True	True	False
late_allcell_DPN_vs_diabetes	LRRC3B	116135	official_exact	down	-2.276241661	305705	Lrrc3b	True	True	True
late_allcell_DPN_vs_diabetes	LRRC45	201255	official_exact	up	0.837536797	688318	Lrrc45	True	True	True
late_allcell_DPN_vs_diabetes	LRRC49	54839	official_exact	down	-0.79955419	300763	Lrrc49	True	True	True
late_allcell_DPN_vs_diabetes	LRRC52	440699	official_exact	down	-1.077780384	289199	Lrrc52	True	True	False
late_allcell_DPN_vs_diabetes	LRRC53	105378803	official_exact	down	-0.848569464	102555624	Lrrc53	True	False	False
late_allcell_DPN_vs_diabetes	LRRC56	115399	official_exact	up	1.045665971	365389	Lrrc56	True	True	False
late_allcell_DPN_vs_diabetes	LRRC71	149499	official_exact	up	0.950701152	310689	Lrrc71	True	True	True
late_allcell_DPN_vs_diabetes	LRRC8D	55144	official_exact	down	-0.871662134	305131	Lrrc8d	True	True	True
late_allcell_DPN_vs_diabetes	LRRK1	79705	official_exact	up	0.821057147	308703	Lrrk1	True	True	True
late_allcell_DPN_vs_diabetes	LRRN1	57633	official_exact	down	-1.40854282	500280	Lrrn1	True	True	True
late_allcell_DPN_vs_diabetes	LRRTM1	347730	official_exact	down	-1.675788714	679668	Lrrtm1	True	True	True
late_allcell_DPN_vs_diabetes	LRRTM4	80059	official_exact	down	-1.16168828	500219	Lrrtm4	True	True	False
late_allcell_DPN_vs_diabetes	LSAMP	4045	official_exact	down	-1.027184766	29561	Lsamp	True	True	True
late_allcell_DPN_vs_diabetes	LSMEM2	132228	official_exact	up	0.987989798	689621	Lsmem2	True	True	False
late_allcell_DPN_vs_diabetes	LSP1	4046	official_exact	up	1.078605802	361680	Lsp1	True	True	True
late_allcell_DPN_vs_diabetes	LUM	4060	official_exact	down	-0.650699936	81682	Lum	True	True	True
late_allcell_DPN_vs_diabetes	LUZP2	338645	official_exact	down	-1.704277173	100910839	Luzp2	True	True	True
late_allcell_DPN_vs_diabetes	LVRN	206338	official_exact	up	3.00976328	502160	Lvrn	True	True	False
late_allcell_DPN_vs_diabetes	LXN	56925	official_exact	down	-0.81069168	59073	Lxn	True	True	True
late_allcell_DPN_vs_diabetes	LY6E	4061	official_exact	down	-0.708516733	362934	Ly6e	True	True	True
late_allcell_DPN_vs_diabetes	LY6H	4062	official_exact	down	-2.18672229	300025	Ly6h	True	True	True
late_allcell_DPN_vs_diabetes	LY6K	54742	official_exact	up	0.601562408	100363492	Ly6k	True	False	False
late_allcell_DPN_vs_diabetes	LYPD1	116372	official_exact	down	-1.129961372	360838	Lypd1	True	True	True
late_allcell_DPN_vs_diabetes	LYPD6B	130576	official_exact	down	-1.993177152	362133	Lypd6b	True	True	False
late_allcell_DPN_vs_diabetes	MACROD1	28992	official_exact	up	0.929082349	246233	Macrod1	True	True	True
late_allcell_DPN_vs_diabetes	MACROD2	140733	official_exact	down	-1.034242995	685695	Macrod2	True	True	True
late_allcell_DPN_vs_diabetes	MACROH2A1	9555	official_exact	up	0.99106314	29384	Macroh2a1	True	True	True
late_allcell_DPN_vs_diabetes	MADCAM1	8174	official_exact	up	0.76756606	54266	Madcam1	True	False	False
late_allcell_DPN_vs_diabetes	MAEL	84944	official_exact	down	-0.759566423	364039	Mael	True	True	False
late_allcell_DPN_vs_diabetes	MAFB	9935	official_exact	up	0.668052864	54264	Mafb	True	True	True
late_allcell_DPN_vs_diabetes	MAFK	7975	official_exact	up	0.820470543	246760	Mafk	True	True	True
late_allcell_DPN_vs_diabetes	MAGEE1	57692	official_exact	down	-0.668772228	317232	Magee1	True	True	True
late_allcell_DPN_vs_diabetes	MAGEH1	28986	official_exact	down	-0.708375824	367767	Mageh1	True	True	True
late_allcell_DPN_vs_diabetes	MAGEL2	54551	official_exact	down	-0.616104907	679875	Magel2	True	True	False
late_allcell_DPN_vs_diabetes	MAGI2	9863	official_exact	down	-0.763958381	113970	Magi2	True	True	True
late_allcell_DPN_vs_diabetes	MAGT1	84061	official_exact	down	-0.610238231	116967	Magt1	True	True	True
late_allcell_DPN_vs_diabetes	MALT1	10892	official_exact	down	-0.624058669	307366	Malt1	True	True	True
late_allcell_DPN_vs_diabetes	MAN1A2	10905	official_exact	down	-0.667984364	295319	Man1a2	True	True	True
late_allcell_DPN_vs_diabetes	MANBA	4126	official_exact	down	-0.831535403	310864	Manba	True	True	True
late_allcell_DPN_vs_diabetes	MANEAL	149175	official_exact	down	-0.755745059	366466	Maneal	True	True	True
late_allcell_DPN_vs_diabetes	MANSC1	54682	official_exact	down	-0.605524733	690606	Mansc1	True	True	False
late_allcell_DPN_vs_diabetes	MAOA	4128	official_exact	up	0.706583204	29253	Maoa	True	True	True
late_allcell_DPN_vs_diabetes	MAP1A	4130	official_exact	down	-0.785078923	25152	Map1a	True	True	True
late_allcell_DPN_vs_diabetes	MAP1LC3B	81631	official_exact	down	-0.841632204	64862	Map1lc3b	True	True	True
late_allcell_DPN_vs_diabetes	MAP1LC3C	440738	official_exact	up	2.352917259			False	False	False
late_allcell_DPN_vs_diabetes	MAP2K1	5604	official_exact	down	-0.902399036	170851	Map2k1	True	True	True
late_allcell_DPN_vs_diabetes	MAP2K3	5606	official_exact	up	0.880692151	303200	Map2k3	True	True	False
late_allcell_DPN_vs_diabetes	MAP2K4	6416	official_exact	down	-0.878921835	287398	Map2k4	True	True	True
late_allcell_DPN_vs_diabetes	MAP6	4135	official_exact	down	-0.80532411	29457	Map6	True	True	True
late_allcell_DPN_vs_diabetes	MAP7D2	256714	official_exact	down	-1.186527932	317508	Map7d2	True	True	True
late_allcell_DPN_vs_diabetes	MAPK12	6300	official_exact	up	0.630485118	60352	Mapk12	True	True	True
late_allcell_DPN_vs_diabetes	MAPK1IP1L	93487	official_exact	down	-0.867269179	361028	Mapk1ip1l	True	True	True
late_allcell_DPN_vs_diabetes	MAPK4	5596	official_exact	down	-0.650849197	54268	Mapk4	True	True	True
late_allcell_DPN_vs_diabetes	MAPK8IP1	9479	official_exact	down	-0.692913451	116457	Mapk8ip1	True	True	True
late_allcell_DPN_vs_diabetes	MAPK8IP2	23542	official_exact	down	-0.924543921	315220	Mapk8ip2	True	True	True
late_allcell_DPN_vs_diabetes	MAPT	4137	official_exact	down	-0.671876629	29477	Mapt	True	True	True
late_allcell_DPN_vs_diabetes	MARCH1	55016	unique_synonym	down	-0.952241902	361135	Marchf1	True	True	False
late_allcell_DPN_vs_diabetes	MARCH11	441061	unique_synonym	down	-1.600099835	499558	Marchf11	True	True	True
late_allcell_DPN_vs_diabetes	MARCHF10	162333	official_exact	up	0.590391007	303596	Marchf10	True	True	True
late_allcell_DPN_vs_diabetes	MARCHF3	115123	official_exact	up	0.865200036	364878	Marchf3	True	True	True
late_allcell_DPN_vs_diabetes	MARS		unresolved_or_ambiguous	down	-0.834588771			False	False	False
late_allcell_DPN_vs_diabetes	MARVELD3	91862	official_exact	down	-1.109370355	498950	Marveld3	True	True	False
late_allcell_DPN_vs_diabetes	MAST2	23139	official_exact	up	0.66340532	313819	Mast2	True	True	True
late_allcell_DPN_vs_diabetes	MATN3	4148	official_exact	down	-1.165711227	313954	Matn3	True	True	False
late_allcell_DPN_vs_diabetes	MBNL3	55796	official_exact	down	-0.622593939	302492	Mbnl3	True	True	False
late_allcell_DPN_vs_diabetes	MBOAT2	129642	official_exact	down	-1.016655165	313997	Mboat2	True	True	True
late_allcell_DPN_vs_diabetes	MBP	4155	official_exact	down	-0.733398286	24547	Mbp	True	True	True
late_allcell_DPN_vs_diabetes	MBTPS2	51360	official_exact	down	-0.767542546	302705	Mbtps2	True	True	True
late_allcell_DPN_vs_diabetes	MCC	4163	official_exact	up	0.599350236	307449	Mcc	True	True	True
late_allcell_DPN_vs_diabetes	MCM5	4174	official_exact	up	0.672073952	291885	Mcm5	True	True	False
late_allcell_DPN_vs_diabetes	MCM7	4176	official_exact	up	0.665783726	288532	Mcm7	True	True	True
late_allcell_DPN_vs_diabetes	MCOLN2	255231	official_exact	down	-1.235031842	292168	Mcoln2	True	True	True
late_allcell_DPN_vs_diabetes	MCOLN3	55283	official_exact	down	-0.622580204	308022	Mcoln3	True	True	False
late_allcell_DPN_vs_diabetes	MCTP1	79772	official_exact	up	0.713540536	309928	Mctp1	True	True	True
late_allcell_DPN_vs_diabetes	MDGA1	266727	official_exact	up	1.967672445	309659	Mdga1	True	True	True
late_allcell_DPN_vs_diabetes	MDGA2	161357	official_exact	down	-1.169086193	314180	Mdga2	True	True	True
late_allcell_DPN_vs_diabetes	MDH1	4190	official_exact	down	-0.849115147	24551	Mdh1	True	True	True
late_allcell_DPN_vs_diabetes	ME2	4200	official_exact	down	-0.685483593	307270	Me2	True	True	True
late_allcell_DPN_vs_diabetes	ME3	10873	official_exact	up	0.738949969	361602	Me3	True	True	True
late_allcell_DPN_vs_diabetes	MECOM	2122	official_exact	up	1.132180022	294924	Mecom	True	True	True
late_allcell_DPN_vs_diabetes	MED12	9968	official_exact	up	0.642730904	679693	Med12	True	True	True
late_allcell_DPN_vs_diabetes	MED22	6837	official_exact	up	0.627225529	499762	Med22	True	False	False
late_allcell_DPN_vs_diabetes	MEF2B	100271849	official_exact	up	0.792030978	498607	Mef2b	True	True	False
late_allcell_DPN_vs_diabetes	MEGF10	84466	official_exact	down	-0.786587196	291445	Megf10	True	True	True
late_allcell_DPN_vs_diabetes	MEGF9	1955	official_exact	down	-0.633779634	313270	Megf9	True	True	True
late_allcell_DPN_vs_diabetes	MEIS2	4212	official_exact	up	0.777783288	311311	Meis2	True	True	True
late_allcell_DPN_vs_diabetes	MELTF	4241	official_exact	up	1.409529927	288038	Meltf	True	True	False
late_allcell_DPN_vs_diabetes	MESP1	55897	official_exact	up	1.020369195	308766	Mesp1	True	True	False
late_allcell_DPN_vs_diabetes	MET	4233	official_exact	down	-0.637371091	24553	Met	True	True	True
late_allcell_DPN_vs_diabetes	METRN	79006	official_exact	down	-0.683982953	287151	Metrn	True	True	True
late_allcell_DPN_vs_diabetes	METRNL	284207	official_exact	up	1.049888811	316842	Metrnl	True	True	True
late_allcell_DPN_vs_diabetes	METTL22	79091	official_exact	up	0.828761789	287054	Mettl22	True	True	True
late_allcell_DPN_vs_diabetes	METTL27	155368	official_exact	up	0.788032095	688407	Mettl27	True	True	True
late_allcell_DPN_vs_diabetes	MEX3C	51320	official_exact	down	-0.958722759	307271	Mex3c	True	True	True
late_allcell_DPN_vs_diabetes	MFAP3L	9848	official_exact	down	-0.665390349	306424	Mfap3l	True	True	True
late_allcell_DPN_vs_diabetes	MFNG	4242	official_exact	up	0.651763334	315119	Mfng	True	True	True
late_allcell_DPN_vs_diabetes	MFSD14A	64645	unique_synonym	down	-1.041371792	103689987	Slc71a1	True	False	False
late_allcell_DPN_vs_diabetes	MFSD2A	84879	official_exact	down	-0.866184204	298504	Mfsd2a	True	True	True
late_allcell_DPN_vs_diabetes	MFSD4A	148808	unique_synonym	down	-0.644249469	498228	Slc60a1	True	True	False
late_allcell_DPN_vs_diabetes	MFSD8	256471	official_exact	down	-0.709192629	361939	Mfsd8	True	True	True
late_allcell_DPN_vs_diabetes	MGAM2	93432	official_exact	down	-1.80041587	312272	Mgam2	True	False	False
late_allcell_DPN_vs_diabetes	MGMT	4255	official_exact	up	0.666850834	25332	Mgmt	True	True	True
late_allcell_DPN_vs_diabetes	MGP	4256	official_exact	down	-0.851392956	25333	Mgp	True	True	True
late_allcell_DPN_vs_diabetes	MIA	8190	official_exact	down	-0.726950346	81510	Mia	True	True	True
late_allcell_DPN_vs_diabetes	MIDN	90007	official_exact	up	0.746969227	314623	Midn	True	True	True
late_allcell_DPN_vs_diabetes	MIER2	54531	official_exact	up	0.595475938	362841	Mier2	True	True	True
late_allcell_DPN_vs_diabetes	MIGA2	84895	official_exact	up	0.642782061	296623	Miga2	True	True	True
late_allcell_DPN_vs_diabetes	MINDY2	54629	official_exact	up	0.633167401	363089	Mindy2	True	True	True
late_allcell_DPN_vs_diabetes	MINDY4	84182	official_exact	up	0.807373596	312365	Mindy4	True	True	True
late_allcell_DPN_vs_diabetes	MINPP1	9562	official_exact	down	-0.654942825	29688	Minpp1	True	True	True
late_allcell_DPN_vs_diabetes	MIOS	54468	official_exact	down	-0.814972375	362324	Mios	True	True	True
late_allcell_DPN_vs_diabetes	MIPOL1	145282	official_exact	up	0.700137321	100911970	Mipol1	True	True	True
late_allcell_DPN_vs_diabetes	MIR9-1HG	10485	official_exact	down	-1.48805692			False	False	False
late_allcell_DPN_vs_diabetes	MISFA	100506540	official_exact	up	0.815363808	100911574	Misfa	True	False	False
late_allcell_DPN_vs_diabetes	MKNK1	8569	official_exact	up	0.749152231	500526	Mknk1	True	True	True
late_allcell_DPN_vs_diabetes	MLC1	23209	official_exact	down	-1.12340835	315215	Mlc1	True	True	False
late_allcell_DPN_vs_diabetes	MLKL	197259	official_exact	up	0.969498274	690743	Mlkl	True	True	True
late_allcell_DPN_vs_diabetes	MLLT1	4298	official_exact	up	0.642510716	301119	Mllt1	True	True	True
late_allcell_DPN_vs_diabetes	MLLT6	4302	official_exact	up	0.655511412	303504	Mllt6	True	True	True
late_allcell_DPN_vs_diabetes	MLPH	79083	official_exact	up	1.650752162	316620	Mlph	True	True	True
late_allcell_DPN_vs_diabetes	MLXIPL	51085	official_exact	up	1.054442154	171078	Mlxipl	True	False	False
late_allcell_DPN_vs_diabetes	MMD2	100505381	official_exact	down	-1.249679202			False	False	False
late_allcell_DPN_vs_diabetes	MMGT1	93380	official_exact	down	-0.641814311	302864	Mmgt1	True	True	True
late_allcell_DPN_vs_diabetes	MMP11	4320	official_exact	up	0.637630746	25481	Mmp11	True	True	False
late_allcell_DPN_vs_diabetes	MMP19	4327	official_exact	up	0.763498599	304608	Mmp19	True	True	True
late_allcell_DPN_vs_diabetes	MMP2	4313	official_exact	up	0.987218033	81686	Mmp2	True	True	True
late_allcell_DPN_vs_diabetes	MMP24	10893	official_exact	down	-0.798032734	83513	Mmp24	True	True	True
late_allcell_DPN_vs_diabetes	MMP3	4314	official_exact	up	2.333960341	171045	Mmp3	True	True	False
late_allcell_DPN_vs_diabetes	MMUT	4594	official_exact	down	-0.687596391	688517	Mmut	True	True	True
late_allcell_DPN_vs_diabetes	MN1	4330	official_exact	up	0.746029424	498194	Mn1	True	True	False
late_allcell_DPN_vs_diabetes	MNS1	55329	official_exact	up	0.718855661	363093	Mns1	True	True	True
late_allcell_DPN_vs_diabetes	MOB1B	92597	official_exact	down	-0.68115497	360920	Mob1b	True	True	True
late_allcell_DPN_vs_diabetes	MOB2	81532	official_exact	up	0.842999257	499288	Mob2	True	True	True
late_allcell_DPN_vs_diabetes	MOB3C	148932	official_exact	up	0.680476517	313511	Mob3c	True	True	True
late_allcell_DPN_vs_diabetes	MOCS1	4337	official_exact	up	0.722736334	301221	Mocs1	True	True	True
late_allcell_DPN_vs_diabetes	MOGAT1	116255	official_exact	up	1.901734319	363261	Mogat1	True	True	True
late_allcell_DPN_vs_diabetes	MORF4L1	10933	official_exact	down	-1.028678623	300891	Morf4l1	True	True	True
late_allcell_DPN_vs_diabetes	MOV10	4343	official_exact	up	0.670923047	310756	Mov10	True	True	True
late_allcell_DPN_vs_diabetes	MPEG1	219972	official_exact	up	0.737861848	64552	Mpeg1	True	False	False
late_allcell_DPN_vs_diabetes	MPP4	58538	official_exact	down	-1.338251902	58808	Mpp4	True	True	True
late_allcell_DPN_vs_diabetes	MPV17L	255027	official_exact	down	-0.6757333	100362572	Mpv17l	True	True	True
late_allcell_DPN_vs_diabetes	MPZL2	10205	official_exact	up	0.840853207	300679	Mpzl2	True	True	True
late_allcell_DPN_vs_diabetes	MRAP	56246	official_exact	up	0.670234232	288271	Mrap	True	True	True
late_allcell_DPN_vs_diabetes	MRC1	4360	official_exact	up	0.776978053	291327	Mrc1	True	True	True
late_allcell_DPN_vs_diabetes	MRFAP1	93621	official_exact	down	-1.486810921	282585	Mrfap1	True	True	True
late_allcell_DPN_vs_diabetes	MRGPRE	116534	official_exact	down	-0.759246755	404660	Mrgpre	True	True	False
late_allcell_DPN_vs_diabetes	MRGPRF	116535	official_exact	up	0.862667761	266762	Mrgprf	True	True	False
late_allcell_DPN_vs_diabetes	MRGPRX1	259249	official_exact	down	-0.68399695			False	False	False
late_allcell_DPN_vs_diabetes	MRI1	84245	official_exact	up	0.749564878	288912	Mri1	True	True	True
late_allcell_DPN_vs_diabetes	MRM1	79922	official_exact	up	0.725273878	363661	Mrm1	True	True	True
late_allcell_DPN_vs_diabetes	MROH1	727957	official_exact	up	0.699107956	100125385	Mroh1	True	True	True
late_allcell_DPN_vs_diabetes	MROH6	642475	official_exact	up	0.720176441	100359562	Mroh6	True	False	False
late_allcell_DPN_vs_diabetes	MRTFB	57496	official_exact	up	0.667936344	100362470	Mrtfb	True	False	False
late_allcell_DPN_vs_diabetes	MRVI1	10335	unique_synonym	up	0.92032333	308899	Irag1	True	True	True
late_allcell_DPN_vs_diabetes	MSMO1	6307	official_exact	down	-1.08552047	140910	Msmo1	True	True	True
late_allcell_DPN_vs_diabetes	MT1E	4493	official_exact	down	-0.911248055			False	False	False
late_allcell_DPN_vs_diabetes	MT3	4504	official_exact	down	-1.195659794	117038	Mt3	True	True	True
late_allcell_DPN_vs_diabetes	MTFR1	9650	official_exact	up	0.741474513	311403	Mtfr1	True	True	True
late_allcell_DPN_vs_diabetes	MTHFS	10588	official_exact	up	0.589842214	300886	Mthfs	True	True	True
late_allcell_DPN_vs_diabetes	MTMR11	10903	official_exact	up	0.729265048	689613	Mtmr11	True	True	True
late_allcell_DPN_vs_diabetes	MTMR7	9108	official_exact	down	-0.829293189	306490	Mtmr7	True	True	True
late_allcell_DPN_vs_diabetes	MTPN	136319	official_exact	down	-0.636229957	79215	Mtpn	True	True	True
late_allcell_DPN_vs_diabetes	MTRFR	91574	official_exact	up	0.638210194	498179	Mtrfr	True	True	True
late_allcell_DPN_vs_diabetes	MTSS1	9788	official_exact	up	0.916757476	362918	Mtss1	True	True	True
late_allcell_DPN_vs_diabetes	MTUS2	23281	official_exact	down	-0.960919305	498136	Mtus2	True	True	True
late_allcell_DPN_vs_diabetes	MUC4	4585	official_exact	down	-3.130326478	303887	Muc4	True	False	False
late_allcell_DPN_vs_diabetes	MUC5B	727897	official_exact	up	2.206809679	309114	Muc5b	True	True	False
late_allcell_DPN_vs_diabetes	MUSTN1	389125	official_exact	up	0.622148799	290553	Mustn1	True	True	True
late_allcell_DPN_vs_diabetes	MVK	4598	official_exact	down	-0.623574711	81727	Mvk	True	True	True
late_allcell_DPN_vs_diabetes	MX1	4599	official_exact	down	-0.839726415			False	False	False
late_allcell_DPN_vs_diabetes	MXRA5	25878	official_exact	down	-0.909833076			False	False	False
late_allcell_DPN_vs_diabetes	MYBBP1A	10514	official_exact	up	0.616674611	60571	Mybbp1a	True	True	True
late_allcell_DPN_vs_diabetes	MYBPC3	4607	official_exact	up	0.956686205	295929	Mybpc3	True	False	False
late_allcell_DPN_vs_diabetes	MYCBP	26292	official_exact	down	-0.676579682	100361133	Mycbp	True	True	True
late_allcell_DPN_vs_diabetes	MYCT1	80177	official_exact	up	0.643026374	292264	Myct1	True	True	True
late_allcell_DPN_vs_diabetes	MYH11	4629	official_exact	up	1.343177684	24582	Myh11	True	True	True
late_allcell_DPN_vs_diabetes	MYH7	4625	official_exact	up	2.121393947	29557	Myh7	True	True	False
late_allcell_DPN_vs_diabetes	MYL12A	10627	official_exact	down	-0.614529569			False	False	False
late_allcell_DPN_vs_diabetes	MYL3	4634	official_exact	up	0.853160981	24585	Myl3	True	True	False
late_allcell_DPN_vs_diabetes	MYO10	4651	official_exact	down	-0.736882822	310178	Myo10	True	True	True
late_allcell_DPN_vs_diabetes	MYO15A	51168	official_exact	up	0.749555705	501699	Myo15a	True	True	False
late_allcell_DPN_vs_diabetes	MYO1A	4640	official_exact	down	-1.043783895	299509	Myo1a	True	True	True
late_allcell_DPN_vs_diabetes	MYO1E	4643	official_exact	up	0.872858955	25484	Myo1e	True	True	True
late_allcell_DPN_vs_diabetes	MYO1G	64005	official_exact	up	0.589826187	289785	Myo1g	True	True	False
late_allcell_DPN_vs_diabetes	MYO3B	140469	official_exact	up	0.868261151	366069	Myo3b	True	True	False
late_allcell_DPN_vs_diabetes	MYO5B	4645	official_exact	down	-1.258728392	25132	Myo5b	True	True	True
late_allcell_DPN_vs_diabetes	MYO9B	4650	official_exact	up	0.651694269	25486	Myo9b	True	True	True
late_allcell_DPN_vs_diabetes	MYOC	4653	official_exact	up	1.88742601	81523	Myoc	True	True	True
late_allcell_DPN_vs_diabetes	MYOCD	93649	official_exact	up	1.320606357	246297	Myocd	True	True	False
late_allcell_DPN_vs_diabetes	MYOM1	8736	official_exact	up	1.387362668	316740	Myom1	True	True	False
late_allcell_DPN_vs_diabetes	MYORG	57462	official_exact	down	-1.041697834	366360	Myorg	True	True	True
late_allcell_DPN_vs_diabetes	MYT1	4661	official_exact	down	-0.858159054	362291	Myt1	True	True	True
late_allcell_DPN_vs_diabetes	MZF1	7593	official_exact	up	0.725126104	361508	Mzf1	True	True	True
late_allcell_DPN_vs_diabetes	N4BP2L1	90634	official_exact	down	-1.093653179	498131	N4bp2l1	True	True	True
late_allcell_DPN_vs_diabetes	NAA10	8260	official_exact	up	0.592239274	363518	Naa10	True	True	True
late_allcell_DPN_vs_diabetes	NAA40	79829	official_exact	up	0.88631005	361718	Naa40	True	True	True
late_allcell_DPN_vs_diabetes	NALF2	27112	official_exact	up	0.985091716	688841	Nalf2	True	True	True
late_allcell_DPN_vs_diabetes	NANP	140838	official_exact	down	-1.234537549	311530	Nanp	True	True	True
late_allcell_DPN_vs_diabetes	NAP1L2	4674	official_exact	down	-0.593504458	317247	Nap1l2	True	False	False
late_allcell_DPN_vs_diabetes	NAP1L3	4675	official_exact	down	-1.096070069	170914	Nap1l3	True	True	True
late_allcell_DPN_vs_diabetes	NAPSA	9476	official_exact	up	1.105455669	60575	Napsa	True	True	False
late_allcell_DPN_vs_diabetes	NAT8L	339983	unique_synonym	down	-0.787229627	289727	Nat8l	True	True	True
late_allcell_DPN_vs_diabetes	NBEAL2	23218	official_exact	up	1.113881056	316014	Nbeal2	True	True	True
late_allcell_DPN_vs_diabetes	NBL1	4681	official_exact	down	-0.641077754	50594	Nbl1	True	True	True
late_allcell_DPN_vs_diabetes	NBN	4683	official_exact	down	-0.648337622	85482	Nbn	True	True	True
late_allcell_DPN_vs_diabetes	NBPF1	55672	official_exact	up	0.688441674			False	False	False
late_allcell_DPN_vs_diabetes	NCAM1	4684	official_exact	down	-0.8716792	24586	Ncam1	True	True	True
late_allcell_DPN_vs_diabetes	NCAM2	4685	official_exact	down	-0.64185746	288280	Ncam2	True	True	True
late_allcell_DPN_vs_diabetes	NCAN	1463	official_exact	down	-1.996622571	58982	Ncan	True	True	True
late_allcell_DPN_vs_diabetes	NCBP3	55421	official_exact	up	0.632998852	360563	Ncbp3	True	True	True
late_allcell_DPN_vs_diabetes	NCR3LG1	374383	official_exact	down	-0.644729342	691092	Ncr3lg1	True	False	False
late_allcell_DPN_vs_diabetes	NDN	4692	official_exact	down	-1.173772359	308690	Ndn	True	True	True
late_allcell_DPN_vs_diabetes	NDUFAF4	29078	official_exact	down	-0.622812396	362495	Ndufaf4	True	True	True
late_allcell_DPN_vs_diabetes	NDUFB2	4708	official_exact	down	-0.684670872	362344	Ndufb2	True	True	True
late_allcell_DPN_vs_diabetes	NDUFB3	4709	official_exact	down	-0.871150965	301427	Ndufb3	True	True	True
late_allcell_DPN_vs_diabetes	NDUFB4	4710	official_exact	down	-1.041733584	288088	Ndufb4	True	True	True
late_allcell_DPN_vs_diabetes	NDUFC2	4718	official_exact	down	-0.588693506	293130	Ndufc2	True	True	True
late_allcell_DPN_vs_diabetes	NEBL	10529	official_exact	down	-0.723950511	307189	Nebl	True	True	True
late_allcell_DPN_vs_diabetes	NECTIN1	5818	official_exact	down	-0.723881806	192183	Nectin1	True	True	True
late_allcell_DPN_vs_diabetes	NEK10	152110	official_exact	up	0.823487002	305710	Nek10	True	True	False
late_allcell_DPN_vs_diabetes	NELL1	4745	official_exact	down	-0.961452493	81733	Nell1	True	True	True
late_allcell_DPN_vs_diabetes	NEO1	4756	official_exact	down	-0.859128399	81735	Neo1	True	True	True
late_allcell_DPN_vs_diabetes	NETO2	81831	official_exact	down	-0.661326379	307757	Neto2	True	True	True
late_allcell_DPN_vs_diabetes	NEU4	129807	official_exact	down	-1.245356426	316642	Neu4	True	False	False
late_allcell_DPN_vs_diabetes	NEURL2	140825	official_exact	up	0.95880441	311633	Neurl2	True	True	True
late_allcell_DPN_vs_diabetes	NFATC3	4775	official_exact	down	-0.585516672	361400	Nfatc3	True	True	True
late_allcell_DPN_vs_diabetes	NFATC4	4776	official_exact	up	0.806769858	305897	Nfatc4	True	True	False
late_allcell_DPN_vs_diabetes	NFIL3	4783	official_exact	up	0.86085532	114519	Nfil3	True	True	True
late_allcell_DPN_vs_diabetes	NFIX	4784	official_exact	up	0.622832636	81524	Nfix	True	True	True
late_allcell_DPN_vs_diabetes	NFKB2	4791	official_exact	up	0.815408305	309452	Nfkb2	True	True	True
late_allcell_DPN_vs_diabetes	NFKBID	84807	official_exact	up	0.628244125	308496	Nfkbid	True	True	False
late_allcell_DPN_vs_diabetes	NFYA	4800	official_exact	up	0.884684063	29508	Nfya	True	True	True
late_allcell_DPN_vs_diabetes	NGFR	4804	official_exact	down	-0.626915768	24596	Ngfr	True	True	True
late_allcell_DPN_vs_diabetes	NHP2	55651	official_exact	down	-0.839087941	287273	Nhp2	True	False	False
late_allcell_DPN_vs_diabetes	NHSL1	57224	official_exact	up	0.898998372	308631	Nhsl1	True	True	False
late_allcell_DPN_vs_diabetes	NIBAN3	199786	official_exact	up	1.116939053	498604	Niban3	True	True	False
late_allcell_DPN_vs_diabetes	NIPA2	81614	official_exact	down	-0.717105005	308667	Nipa2	True	True	True
late_allcell_DPN_vs_diabetes	NIPAL1	152519	official_exact	down	-0.751599717	289594	Nipal1	True	True	True
late_allcell_DPN_vs_diabetes	NIPAL3	57185	official_exact	down	-0.716631013	502990	Nipal3	True	True	True
late_allcell_DPN_vs_diabetes	NIPSNAP3B	55335	official_exact	up	1.042364519			False	False	False
late_allcell_DPN_vs_diabetes	NKAIN2	154215	official_exact	down	-0.718706296	102551716	Nkain2	True	False	False
late_allcell_DPN_vs_diabetes	NKAIN3	286183	official_exact	down	-1.113857541	689576	Nkain3	True	True	True
late_allcell_DPN_vs_diabetes	NKAIN4	128414	official_exact	down	-0.958751104	296469	Nkain4	True	True	True
late_allcell_DPN_vs_diabetes	NKD1	85407	official_exact	up	0.96280772	364952	Nkd1	True	True	True
late_allcell_DPN_vs_diabetes	NKD2	85409	official_exact	up	0.898196594	308068	Nkd2	True	True	True
late_allcell_DPN_vs_diabetes	NLGN1	22871	official_exact	down	-0.845602608	116647	Nlgn1	True	True	True
late_allcell_DPN_vs_diabetes	NLGN2	57555	official_exact	up	0.662281801	117096	Nlgn2	True	True	True
late_allcell_DPN_vs_diabetes	NLGN3	54413	official_exact	down	-1.079245433	171297	Nlgn3	True	True	True
late_allcell_DPN_vs_diabetes	NLGN4X	57502	official_exact	down	-1.036313032			False	False	False
late_allcell_DPN_vs_diabetes	NLGN4Y	22829	official_exact	down	-1.614163574			False	False	False
late_allcell_DPN_vs_diabetes	NLRC3	197358	official_exact	up	1.137470776	287070	Nlrc3	True	True	False
late_allcell_DPN_vs_diabetes	NLRC5	84166	official_exact	up	0.693148621	291861	Nlrc5	True	True	False
late_allcell_DPN_vs_diabetes	NLRP1	22861	official_exact	up	1.012502888			False	False	False
late_allcell_DPN_vs_diabetes	NLRP10	338322	official_exact	up	2.03668558	293426	Nlrp10	True	True	False
late_allcell_DPN_vs_diabetes	NLRX1	79671	official_exact	up	0.591122927	315599	Nlrx1	True	True	False
late_allcell_DPN_vs_diabetes	NMB	4828	official_exact	down	-0.783803082	499194	Nmb	True	True	True
late_allcell_DPN_vs_diabetes	NME2	4831	official_exact	down	-0.81278627	83782	Nme2	True	True	True
late_allcell_DPN_vs_diabetes	NME5	8382	official_exact	down	-0.785620912	688903	Nme5	True	True	True
late_allcell_DPN_vs_diabetes	NMNAT2	23057	official_exact	down	-0.963350463	289095	Nmnat2	True	True	True
late_allcell_DPN_vs_diabetes	NMU	10874	official_exact	up	0.803722211	63887	Nmu	True	True	True
late_allcell_DPN_vs_diabetes	NNAT	4826	official_exact	down	-0.867054551	94270	Nnat	True	True	True
late_allcell_DPN_vs_diabetes	NOD1	10392	official_exact	up	0.948212375	500133	Nod1	True	True	True
late_allcell_DPN_vs_diabetes	NOL12	79159	official_exact	up	0.728468167	362955	Nol12	True	True	True
late_allcell_DPN_vs_diabetes	NOL3	8996	official_exact	up	1.069378313	85383	Nol3	True	True	True
late_allcell_DPN_vs_diabetes	NOS1	4842	official_exact	down	-1.06996507	24598	Nos1	True	True	False
late_allcell_DPN_vs_diabetes	NOS3	4846	official_exact	up	0.843695927	24600	Nos3	True	True	True
late_allcell_DPN_vs_diabetes	NOVA2	4858	official_exact	up	0.926378006	292681	Nova2	True	True	False
late_allcell_DPN_vs_diabetes	NOX4	50507	official_exact	up	0.663321715	85431	Nox4	True	False	False
late_allcell_DPN_vs_diabetes	NPAS2	4862	official_exact	up	0.805650697	316351	Npas2	True	True	False
late_allcell_DPN_vs_diabetes	NPC2	10577	official_exact	down	-0.721731875	286898	Npc2	True	True	True
late_allcell_DPN_vs_diabetes	NPL	80896	official_exact	up	0.605759702	304860	Npl	True	True	True
late_allcell_DPN_vs_diabetes	NPPB	4879	official_exact	down	-1.48845935	25105	Nppb	True	True	True
late_allcell_DPN_vs_diabetes	NPR1	4881	official_exact	up	1.359443797	24603	Npr1	True	True	False
late_allcell_DPN_vs_diabetes	NPSR1	387129	official_exact	down	-1.34186758	300458	Npsr1	True	False	False
late_allcell_DPN_vs_diabetes	NPTX1	4884	official_exact	down	-1.113852657	266777	Nptx1	True	True	True
late_allcell_DPN_vs_diabetes	NPY2R	4887	official_exact	up	0.660315682	66024	Npy2r	True	True	False
late_allcell_DPN_vs_diabetes	NQO1	1728	official_exact	up	1.025786642	24314	Nqo1	True	True	True
late_allcell_DPN_vs_diabetes	NQO2	4835	official_exact	up	0.598922842	291084	Nqo2	True	True	True
late_allcell_DPN_vs_diabetes	NR1D1	9572	official_exact	up	0.647918344	252917	Nr1d1	True	True	True
late_allcell_DPN_vs_diabetes	NR1H3	10062	official_exact	up	0.732314795	58852	Nr1h3	True	True	False
late_allcell_DPN_vs_diabetes	NR4A1	3164	official_exact	up	0.672153065	79240	Nr4a1	True	True	True
late_allcell_DPN_vs_diabetes	NR5A2	2494	official_exact	up	0.648136025	60349	Nr5a2	True	True	True
late_allcell_DPN_vs_diabetes	NR6A1	2649	official_exact	down	-0.703327932	362125	Nr6a1	True	True	False
late_allcell_DPN_vs_diabetes	NRARP	441478	official_exact	up	0.658876328	499745	Nrarp	True	True	True
late_allcell_DPN_vs_diabetes	NRCAM	4897	official_exact	down	-0.7053715	497815	Nrcam	True	True	True
late_allcell_DPN_vs_diabetes	NRG1	3084	official_exact	down	-0.601782203	112400	Nrg1	True	True	True
late_allcell_DPN_vs_diabetes	NRG3	10718	official_exact	down	-0.859113216	498596	Nrg3	True	False	False
late_allcell_DPN_vs_diabetes	NRP1	8829	official_exact	up	0.86843964	246331	Nrp1	True	True	True
late_allcell_DPN_vs_diabetes	NRROS	375387	official_exact	up	0.65539112	303875	Nrros	True	True	False
late_allcell_DPN_vs_diabetes	NRSN1	140767	official_exact	down	-1.057267906	291129	Nrsn1	True	True	True
late_allcell_DPN_vs_diabetes	NRXN1	9378	official_exact	up	0.626867264	60391	Nrxn1	True	True	True
late_allcell_DPN_vs_diabetes	NSA2	10412	official_exact	down	-0.58902829	171456	Nsa2	True	True	True
late_allcell_DPN_vs_diabetes	NSD3	54904	official_exact	down	-0.735630093	290831	Nsd3	True	True	True
late_allcell_DPN_vs_diabetes	NSF	4905	official_exact	down	-0.944194082	60355	Nsf	True	True	True
late_allcell_DPN_vs_diabetes	NT5DC3	51559	official_exact	up	0.712410289	691922	Nt5dc3	True	True	True
late_allcell_DPN_vs_diabetes	NTM	50863	official_exact	up	1.162004298	50864	Ntm	True	True	True
late_allcell_DPN_vs_diabetes	NTNG2	84628	official_exact	down	-0.597670524	311836	Ntng2	True	True	True
late_allcell_DPN_vs_diabetes	NTRK1	4914	official_exact	down	-0.651659778	59109	Ntrk1	True	True	True
late_allcell_DPN_vs_diabetes	NTSR2	23620	official_exact	down	-1.256866744	64636	Ntsr2	True	True	False
late_allcell_DPN_vs_diabetes	NUAK1	9891	official_exact	up	0.714321181	299694	Nuak1	True	True	True
late_allcell_DPN_vs_diabetes	NUAK2	81788	official_exact	up	1.193926343	289419	Nuak2	True	True	True
late_allcell_DPN_vs_diabetes	NUDT10	170685	official_exact	down	-0.773578691			False	False	False
late_allcell_DPN_vs_diabetes	NUMA1	4926	official_exact	up	0.605035378	308870	Numa1	True	True	True
late_allcell_DPN_vs_diabetes	NUP43	348995	official_exact	down	-0.632943401	683983	Nup43	True	True	True
late_allcell_DPN_vs_diabetes	NUPR1	26471	official_exact	up	0.58936831	100912108	Nupr1	True	True	False
late_allcell_DPN_vs_diabetes	NXF3	56000	official_exact	up	1.54675319	302591	Nxf3	True	True	False
late_allcell_DPN_vs_diabetes	NXNL1	115861	official_exact	up	1.021501043	306342	Nxnl1	True	True	False
late_allcell_DPN_vs_diabetes	NXPH3	11248	official_exact	up	0.94447104	59315	Nxph3	True	True	True
late_allcell_DPN_vs_diabetes	NXT2	55916	official_exact	down	-0.586728454	315352	Nxt2	True	True	True
late_allcell_DPN_vs_diabetes	OBSCN	84033	official_exact	up	1.737463279	338458	Obscn	True	True	False
late_allcell_DPN_vs_diabetes	ODF2L	57489	official_exact	up	0.898868075	685425	Odf2l	True	True	True
late_allcell_DPN_vs_diabetes	ODF3B	440836	unique_synonym	up	0.710921721	500917	Cimap1b	True	True	True
late_allcell_DPN_vs_diabetes	ODF3L2	284451	unique_synonym	up	0.593656809	299600	Cimap1d	True	False	False
late_allcell_DPN_vs_diabetes	OGDHL	55753	official_exact	down	-0.825753651	290566	Ogdhl	True	True	False
late_allcell_DPN_vs_diabetes	OGFR	11054	official_exact	up	0.589179726	83525	Ogfr	True	True	True
late_allcell_DPN_vs_diabetes	OGFRL1	79627	official_exact	down	-0.718318561	316290	Ogfrl1	True	True	True
late_allcell_DPN_vs_diabetes	OGN	4969	official_exact	down	-1.923112956	291015	Ogn	True	True	False
late_allcell_DPN_vs_diabetes	OLFM3	118427	official_exact	down	-1.001206206	252920	Olfm3	True	True	True
late_allcell_DPN_vs_diabetes	OLR1	4973	official_exact	up	0.695416755	140914	Olr1	True	True	False
late_allcell_DPN_vs_diabetes	OMA1	115209	official_exact	down	-1.031819414	298282	Oma1	True	True	True
late_allcell_DPN_vs_diabetes	OMD	4958	official_exact	down	-1.805584398	83717	Omd	True	False	False
late_allcell_DPN_vs_diabetes	OMG	4974	official_exact	down	-1.084921208	450224	Omg	True	True	True
late_allcell_DPN_vs_diabetes	OPCML	4978	official_exact	down	-0.770912576	116597	Opcml	True	True	False
late_allcell_DPN_vs_diabetes	OPN3	23596	official_exact	down	-0.850078732	498289	Opn3	True	True	True
late_allcell_DPN_vs_diabetes	OPRD1	4985	official_exact	down	-1.08922242	24613	Oprd1	True	True	False
late_allcell_DPN_vs_diabetes	OPRK1	4986	official_exact	down	-1.542735003	29335	Oprk1	True	True	True
late_allcell_DPN_vs_diabetes	OPRM1	4988	official_exact	down	-1.324673094	25601	Oprm1	True	True	True
late_allcell_DPN_vs_diabetes	OR2AT4	341152	official_exact	down	-1.479606117			False	False	False
late_allcell_DPN_vs_diabetes	OR2L13	284521	official_exact	down	-1.172014801			False	False	False
late_allcell_DPN_vs_diabetes	OR2L2	26246	official_exact	down	-1.546473311			False	False	False
late_allcell_DPN_vs_diabetes	OR2L3	391192	official_exact	down	-1.805644177			False	False	False
late_allcell_DPN_vs_diabetes	OR2L5	81466	official_exact	down	-1.471199322			False	False	False
late_allcell_DPN_vs_diabetes	OR2M4	26245	official_exact	down	-0.684251921			False	False	False
late_allcell_DPN_vs_diabetes	OR2M5	127059	official_exact	down	-1.455877902			False	False	False
late_allcell_DPN_vs_diabetes	OR2T33	391195	official_exact	down	-0.595328114			False	False	False
late_allcell_DPN_vs_diabetes	OR4F21	441308	official_exact	up	0.652064242			False	False	False
late_allcell_DPN_vs_diabetes	OR52K2	119774	official_exact	down	-1.868501307			False	False	False
late_allcell_DPN_vs_diabetes	OR7A5	26659	official_exact	up	0.661831611			False	False	False
late_allcell_DPN_vs_diabetes	ORC6	23594	official_exact	down	-0.845386307	291927	Orc6	True	True	True
late_allcell_DPN_vs_diabetes	ORMDL3	94103	official_exact	up	0.74426381	360618	Ormdl3	True	True	True
late_allcell_DPN_vs_diabetes	OSBPL2	9885	official_exact	up	0.595182272	296461	Osbpl2	True	True	True
late_allcell_DPN_vs_diabetes	OSBPL3	26031	official_exact	down	-0.698530014	362360	Osbpl3	True	True	True
late_allcell_DPN_vs_diabetes	OSBPL5	114879	official_exact	up	0.746716223	361686	Osbpl5	True	True	True
late_allcell_DPN_vs_diabetes	OSGIN1	29948	official_exact	up	0.885343909	171493	Osgin1	True	True	True
late_allcell_DPN_vs_diabetes	OSGIN2	734	official_exact	down	-1.613384055	313085	Osgin2	True	True	True
late_allcell_DPN_vs_diabetes	OSR2	116039	official_exact	up	1.575036895	315039	Osr2	True	True	False
late_allcell_DPN_vs_diabetes	OST4	100128731	official_exact	up	0.836779756	100188932	Ost4	True	True	True
late_allcell_DPN_vs_diabetes	OSTM1	28962	official_exact	down	-0.764454304	499474	Ostm1	True	True	True
late_allcell_DPN_vs_diabetes	OTUD1	220213	official_exact	down	-1.3312168	498803	Otud1	True	True	False
late_allcell_DPN_vs_diabetes	OTULINL	54491	official_exact	down	-0.773650418	310190	Otulinl	True	True	True
late_allcell_DPN_vs_diabetes	P2RX3	5024	official_exact	down	-1.081492352	81739	P2rx3	True	True	True
late_allcell_DPN_vs_diabetes	P2RY12	64805	official_exact	down	-1.81756666	64803	P2ry12	True	True	True
late_allcell_DPN_vs_diabetes	P4HA3	283208	official_exact	up	1.191473752	361612	P4ha3	True	True	False
late_allcell_DPN_vs_diabetes	PACSIN1	29993	official_exact	down	-0.788269714	29704	Pacsin1	True	True	True
late_allcell_DPN_vs_diabetes	PAFAH1B3	5050	official_exact	down	-0.604697703	114113	Pafah1b3	True	True	True
late_allcell_DPN_vs_diabetes	PAG1	55824	official_exact	down	-0.740730285	64019	Pag1	True	True	False
late_allcell_DPN_vs_diabetes	PAICS	10606	official_exact	down	-1.300610894	140946	Paics	True	True	True
late_allcell_DPN_vs_diabetes	PAIP1	10605	official_exact	down	-0.921899329	365684	Paip1	True	True	True
late_allcell_DPN_vs_diabetes	PAIP2	51247	official_exact	down	-0.649139454	361309	Paip2	True	True	True
late_allcell_DPN_vs_diabetes	PAK5	57144	official_exact	down	-0.664659705	311450	Pak5	True	True	True
late_allcell_DPN_vs_diabetes	PAM	5066	official_exact	down	-0.599962643	25508	Pam	True	True	True
late_allcell_DPN_vs_diabetes	PANK1	53354	official_exact	down	-1.051841552	294088	Pank1	True	True	True
late_allcell_DPN_vs_diabetes	PAPPA	5069	official_exact	up	0.994872651	313262	Pappa	True	True	False
late_allcell_DPN_vs_diabetes	PAPSS1	9061	official_exact	down	-0.733494454	295443	Papss1	True	True	True
late_allcell_DPN_vs_diabetes	PAQR5	54852	official_exact	down	-1.209917861	315741	Paqr5	True	True	True
late_allcell_DPN_vs_diabetes	PAQR8	85315	official_exact	down	-1.086265071	316275	Paqr8	True	True	False
late_allcell_DPN_vs_diabetes	PAQR9	344838	official_exact	down	-0.761388419	315904	Paqr9	True	True	True
late_allcell_DPN_vs_diabetes	PARP14	54625	official_exact	down	-0.932336069	303903	Parp14	True	True	True
late_allcell_DPN_vs_diabetes	PARP2	10038	official_exact	down	-0.640375161	290027	Parp2	True	True	True
late_allcell_DPN_vs_diabetes	PARP3	10039	official_exact	up	0.910064636	300985	Parp3	True	True	True
late_allcell_DPN_vs_diabetes	PARPBP	55010	official_exact	down	-0.724067156	100310874	Parpbp	True	True	False
late_allcell_DPN_vs_diabetes	PATE2	399967	official_exact	down	-0.807662683	100361465	Pate2	True	True	True
late_allcell_DPN_vs_diabetes	PAX3	5077	official_exact	up	0.747356833	114502	Pax3	True	True	False
late_allcell_DPN_vs_diabetes	PAX8	7849	official_exact	down	-0.640307782	81819	Pax8	True	True	False
late_allcell_DPN_vs_diabetes	PAX9	5083	official_exact	up	0.858781441	362741	Pax9	True	False	False
late_allcell_DPN_vs_diabetes	PBX1	5087	official_exact	up	0.752832876	304947	Pbx1	True	True	True
late_allcell_DPN_vs_diabetes	PBX4	80714	official_exact	up	0.833153959	361131	Pbx4	True	True	True
late_allcell_DPN_vs_diabetes	PCBP2	5094	official_exact	down	-1.161309088	363005	Pcbp2	True	True	True
late_allcell_DPN_vs_diabetes	PCDH10	57575	official_exact	down	-0.610293341	361943	Pcdh10	True	True	True
late_allcell_DPN_vs_diabetes	PCDH11Y	83259	official_exact	down	-1.570577071			False	False	False
late_allcell_DPN_vs_diabetes	PCDH15	65217	official_exact	up	1.30248749	690865	Pcdh15	True	True	False
late_allcell_DPN_vs_diabetes	PCDH18	54510	official_exact	up	0.935377701	295027	Pcdh18	True	True	True
late_allcell_DPN_vs_diabetes	PCDH7	5099	official_exact	down	-0.934601089	360942	Pcdh7	True	True	True
late_allcell_DPN_vs_diabetes	PCDH9	5101	official_exact	down	-0.862820046	306091	Pcdh9	True	True	True
late_allcell_DPN_vs_diabetes	PCDHA1	56147	official_exact	down	-0.650978881	393085	Pcdha1	True	False	False
late_allcell_DPN_vs_diabetes	PCDHA10	56139	official_exact	down	-0.754716652			False	False	False
late_allcell_DPN_vs_diabetes	PCDHA6	56142	official_exact	down	-0.674811727			False	False	False
late_allcell_DPN_vs_diabetes	PCDHB7	56129	official_exact	down	-1.242314146			False	False	False
late_allcell_DPN_vs_diabetes	PCDHGA12	26025	official_exact	up	0.646558536			False	False	False
late_allcell_DPN_vs_diabetes	PCED1A	64773	official_exact	up	0.674484069	296158	Pced1a	True	True	True
late_allcell_DPN_vs_diabetes	PCGF5	84333	official_exact	down	-0.637839067	681178	Pcgf5	True	True	True
late_allcell_DPN_vs_diabetes	PCK1	5105	official_exact	up	1.834347186	362282	Pck1	True	True	False
late_allcell_DPN_vs_diabetes	PCLO	27445	official_exact	down	-1.067666741	56768	Pclo	True	True	True
late_allcell_DPN_vs_diabetes	PCMT1	5110	official_exact	down	-0.612636669	25604	Pcmt1	True	True	True
late_allcell_DPN_vs_diabetes	PCNA	5111	official_exact	down	-0.746733835	25737	Pcna	True	True	True
late_allcell_DPN_vs_diabetes	PCOLCE2	26577	official_exact	up	0.987378663	684050	Pcolce2	True	True	True
late_allcell_DPN_vs_diabetes	PCSK1	5122	official_exact	down	-0.818190675	25204	Pcsk1	True	True	True
late_allcell_DPN_vs_diabetes	PCSK1N	27344	official_exact	down	-0.734217269	246333	Pcsk1n	True	True	False
late_allcell_DPN_vs_diabetes	PCSK2	5126	official_exact	down	-1.055464677	25121	Pcsk2	True	True	True
late_allcell_DPN_vs_diabetes	PCSK7	9159	official_exact	up	0.653944871	29606	Pcsk7	True	True	True
late_allcell_DPN_vs_diabetes	PCYT1B	9468	official_exact	down	-0.900045477	286936	Pcyt1b	True	True	True
late_allcell_DPN_vs_diabetes	PDCD1LG2	80380	official_exact	up	0.672548035	309304	Pdcd1lg2	True	True	False
late_allcell_DPN_vs_diabetes	PDE10A	10846	official_exact	up	0.681083819	63885	Pde10a	True	True	True
late_allcell_DPN_vs_diabetes	PDE11A	50940	official_exact	down	-1.000201993	140928	Pde11a	True	False	False
late_allcell_DPN_vs_diabetes	PDE1A	5136	official_exact	up	0.697041255	81529	Pde1a	True	True	True
late_allcell_DPN_vs_diabetes	PDE2A	5138	official_exact	up	0.724803028	81743	Pde2a	True	True	True
late_allcell_DPN_vs_diabetes	PDE6H	5149	official_exact	down	-0.631644134	114248	Pde6h	True	True	False
late_allcell_DPN_vs_diabetes	PDE7B	27115	official_exact	down	-0.789943918	140929	Pde7b	True	True	False
late_allcell_DPN_vs_diabetes	PDGFA	5154	official_exact	up	0.602710632	25266	Pdgfa	True	True	True
late_allcell_DPN_vs_diabetes	PDGFB	5155	official_exact	up	0.697195251	24628	Pdgfb	True	True	False
late_allcell_DPN_vs_diabetes	PDGFD	80310	official_exact	down	-0.785530956	66018	Pdgfd	True	True	True
late_allcell_DPN_vs_diabetes	PDIK1L	149420	official_exact	down	-0.660081507	313609	Pdik1l	True	True	True
late_allcell_DPN_vs_diabetes	PDPN	10630	official_exact	down	-0.865138891	54320	Pdpn	True	True	True
late_allcell_DPN_vs_diabetes	PDZD2	23037	official_exact	down	-0.63674007	65034	Pdzd2	True	True	True
late_allcell_DPN_vs_diabetes	PDZD3	79849	unique_synonym	up	0.827863281	500986	Nherf4	True	True	False
late_allcell_DPN_vs_diabetes	PDZD8	118987	official_exact	down	-0.634657616	308000	Pdzd8	True	True	True
late_allcell_DPN_vs_diabetes	PDZK1	5174	official_exact	up	0.645867579	65144	Pdzk1	True	True	True
late_allcell_DPN_vs_diabetes	PDZRN4	29951	official_exact	down	-0.697696339	315250	Pdzrn4	True	True	True
late_allcell_DPN_vs_diabetes	PECAM1	5175	official_exact	up	0.599898615	29583	Pecam1	True	False	False
late_allcell_DPN_vs_diabetes	PEG10	23089	official_exact	down	-0.649943269	102553587	Peg10	True	False	False
late_allcell_DPN_vs_diabetes	PEG3	5178	official_exact	down	-0.585053299	103691034	Peg3	True	True	True
late_allcell_DPN_vs_diabetes	PELI1	57162	official_exact	down	-0.720212554	305549	Peli1	True	True	True
late_allcell_DPN_vs_diabetes	PERP	64065	official_exact	down	-0.619630162	292949	Perp	True	True	True
late_allcell_DPN_vs_diabetes	PEX2	5828	official_exact	down	-0.76132357	29534	Pex2	True	True	True
late_allcell_DPN_vs_diabetes	PEX6	5190	official_exact	up	0.592272342	117265	Pex6	True	True	True
late_allcell_DPN_vs_diabetes	PEX7	5191	official_exact	up	0.739614015	308718	Pex7	True	True	True
late_allcell_DPN_vs_diabetes	PFDN4	5203	official_exact	down	-0.746751802	100366237	Pfdn4	True	True	True
late_allcell_DPN_vs_diabetes	PFKFB1	5207	official_exact	up	2.090995858	24638	Pfkfb1	True	True	False
late_allcell_DPN_vs_diabetes	PFKFB3	5209	official_exact	up	1.142583419	117276	Pfkfb3	True	True	True
late_allcell_DPN_vs_diabetes	PFN4	375189	official_exact	up	0.658910139	494222	Pfn4	True	True	False
late_allcell_DPN_vs_diabetes	PGRMC1	10857	official_exact	down	-0.640945441	291948	Pgrmc1	True	True	True
late_allcell_DPN_vs_diabetes	PGS1	9489	official_exact	up	0.679077079	303698	Pgs1	True	True	True
late_allcell_DPN_vs_diabetes	PHB	5245	unique_synonym	down	-0.718477678	25344	Phb1	True	True	True
late_allcell_DPN_vs_diabetes	PHB1	5245	official_exact	up	1.024854352	25344	Phb1	True	True	True
late_allcell_DPN_vs_diabetes	PHETA2	150368	official_exact	up	0.710210136	688685	Pheta2	True	True	False
late_allcell_DPN_vs_diabetes	PHF24	23349	official_exact	down	-0.972057936	500446	Phf24	True	True	True
late_allcell_DPN_vs_diabetes	PHKG1	5260	official_exact	up	0.938981432	29353	Phkg1	True	True	False
late_allcell_DPN_vs_diabetes	PHLPP1	23239	official_exact	down	-0.803798285	59265	Phlpp1	True	True	True
late_allcell_DPN_vs_diabetes	PHOX2B	8929	official_exact	down	-0.941271399	364152	Phox2b	True	False	False
late_allcell_DPN_vs_diabetes	PHYHIPL	84457	official_exact	down	-0.805632679	309901	Phyhipl	True	True	True
late_allcell_DPN_vs_diabetes	PIDD1	55367	official_exact	up	0.712289554	293625	Pidd1	True	False	False
late_allcell_DPN_vs_diabetes	PIERCE1	138162	official_exact	down	-0.655807924	296608	Pierce1	True	True	False
late_allcell_DPN_vs_diabetes	PIEZO2	63895	official_exact	down	-1.402803099	307380	Piezo2	True	True	True
late_allcell_DPN_vs_diabetes	PIGC	5279	official_exact	down	-0.923559961	364032	Pigc	True	True	True
late_allcell_DPN_vs_diabetes	PIGK	10026	official_exact	down	-0.948168869	295543	Pigk	True	True	True
late_allcell_DPN_vs_diabetes	PIK3C2A	5286	official_exact	down	-0.839472657	361632	Pik3c2a	True	True	True
late_allcell_DPN_vs_diabetes	PIR	8544	official_exact	up	0.749089362	363465	Pir	True	True	True
late_allcell_DPN_vs_diabetes	PIRT	644139	official_exact	down	-1.165030941	497929	Pirt	True	True	True
late_allcell_DPN_vs_diabetes	PKD1L3	342372	official_exact	up	1.418686492	100362565	Pkd1l3	True	True	False
late_allcell_DPN_vs_diabetes	PKDCC	91461	official_exact	up	1.305827135	313860	Pkdcc	True	True	True
late_allcell_DPN_vs_diabetes	PKN1	5585	official_exact	up	0.661321427	29355	Pkn1	True	True	True
late_allcell_DPN_vs_diabetes	PKN3	29941	official_exact	up	0.901778333	296619	Pkn3	True	False	False
late_allcell_DPN_vs_diabetes	PKP3	11187	official_exact	up	0.601985439	293619	Pkp3	True	True	False
late_allcell_DPN_vs_diabetes	PLA1A	51365	official_exact	up	0.685389416	85311	Pla1a	True	True	False
late_allcell_DPN_vs_diabetes	PLA2G2A	5320	official_exact	up	1.380695552	29692	Pla2g2a	True	True	False
late_allcell_DPN_vs_diabetes	PLA2G3	50487	official_exact	down	-0.781198376	289733	Pla2g3	True	True	True
late_allcell_DPN_vs_diabetes	PLA2G4C	8605	official_exact	up	1.118756871	691810	Pla2g4c	True	False	False
late_allcell_DPN_vs_diabetes	PLA2G5	5322	official_exact	up	0.999857146	29354	Pla2g5	True	True	True
late_allcell_DPN_vs_diabetes	PLA2G6	8398	official_exact	up	0.682101985	360426	Pla2g6	True	True	True
late_allcell_DPN_vs_diabetes	PLAAT1	57110	official_exact	down	-0.713514184	288025	Plaat1	True	True	True
late_allcell_DPN_vs_diabetes	PLAG1	5324	official_exact	down	-0.846176304	297804	Plag1	True	True	False
late_allcell_DPN_vs_diabetes	PLAU	5328	official_exact	up	0.998089274	25619	Plau	True	True	False
late_allcell_DPN_vs_diabetes	PLAUR	5329	official_exact	up	0.772738858	50692	Plaur	True	True	True
late_allcell_DPN_vs_diabetes	PLCD1	5333	official_exact	up	0.667676288	24655	Plcd1	True	True	True
late_allcell_DPN_vs_diabetes	PLCE1	51196	official_exact	down	-0.724537838	114633	Plce1	True	True	True
late_allcell_DPN_vs_diabetes	PLCG1	5335	official_exact	up	0.75317457	25738	Plcg1	True	True	True
late_allcell_DPN_vs_diabetes	PLCXD1	55344	official_exact	up	1.43826544	100909600	Plcxd1	True	True	False
late_allcell_DPN_vs_diabetes	PLEK	5341	official_exact	up	0.818259288	364206	Plek	True	True	True
late_allcell_DPN_vs_diabetes	PLEKHA6	22874	official_exact	down	-1.019400534	360842	Plekha6	True	True	True
late_allcell_DPN_vs_diabetes	PLEKHD1	400224	official_exact	down	-0.950329166	500685	Plekhd1	True	True	True
late_allcell_DPN_vs_diabetes	PLEKHF1	79156	official_exact	up	0.906373519	308543	Plekhf1	True	True	True
late_allcell_DPN_vs_diabetes	PLEKHG1	57480	official_exact	up	0.769344728	679812	Plekhg1	True	True	True
late_allcell_DPN_vs_diabetes	PLEKHG3	26030	official_exact	up	0.847421041	314249	Plekhg3	True	True	False
late_allcell_DPN_vs_diabetes	PLEKHG4	25894	official_exact	up	0.88776986	307796	Plekhg4	True	True	False
late_allcell_DPN_vs_diabetes	PLEKHG5	57449	official_exact	up	1.331354596	310999	Plekhg5	True	True	False
late_allcell_DPN_vs_diabetes	PLEKHG6	55200	official_exact	up	2.057292022	100362241	Plekhg6	True	True	False
late_allcell_DPN_vs_diabetes	PLEKHH1	57475	official_exact	down	-0.599907786	314262	Plekhh1	True	True	False
late_allcell_DPN_vs_diabetes	PLEKHH2	130271	official_exact	up	0.686444342	313866	Plekhh2	True	True	True
late_allcell_DPN_vs_diabetes	PLEKHH3	79990	official_exact	up	0.780342845	360634	Plekhh3	True	True	True
late_allcell_DPN_vs_diabetes	PLIN1	5346	official_exact	up	2.169730035	25629	Plin1	True	True	False
late_allcell_DPN_vs_diabetes	PLIN4	729359	official_exact	up	2.24694828	363331	Plin4	True	True	False
late_allcell_DPN_vs_diabetes	PLIN5	440503	official_exact	up	1.532844457	501283	Plin5	True	True	False
late_allcell_DPN_vs_diabetes	PLK3	1263	official_exact	up	0.684082217	58936	Plk3	True	True	True
late_allcell_DPN_vs_diabetes	PLLP	51090	official_exact	down	-0.847340838	64364	Pllp	True	True	True
late_allcell_DPN_vs_diabetes	PLN	5350	official_exact	up	0.913171799	64672	Pln	True	True	True
late_allcell_DPN_vs_diabetes	PLPP2	8612	official_exact	up	1.033589333	246115	Plpp2	True	True	True
late_allcell_DPN_vs_diabetes	PLPP3	8613	official_exact	up	0.642252388	192270	Plpp3	True	True	True
late_allcell_DPN_vs_diabetes	PLPP4	196051	official_exact	up	0.735996087	309014	Plpp4	True	True	True
late_allcell_DPN_vs_diabetes	PLPPR1	54886	official_exact	down	-0.675987786	298062	Plppr1	True	True	False
late_allcell_DPN_vs_diabetes	PLS1	5357	official_exact	down	-0.788115591	315926	Pls1	True	True	True
late_allcell_DPN_vs_diabetes	PLTP	5360	official_exact	up	1.075029388	296371	Pltp	True	True	True
late_allcell_DPN_vs_diabetes	PLXDC1	57125	official_exact	up	1.666100543	303505	Plxdc1	True	True	False
late_allcell_DPN_vs_diabetes	PLXNA3	55558	official_exact	up	0.603332525	309280	Plxna3	True	True	True
late_allcell_DPN_vs_diabetes	PLXNB2	23654	official_exact	up	0.655007424	315217	Plxnb2	True	True	True
late_allcell_DPN_vs_diabetes	PM20D1	148811	official_exact	down	-0.8658219	498226	Pm20d1	True	True	False
late_allcell_DPN_vs_diabetes	PMF1	11243	official_exact	up	0.703583162	681050	Pmf1	True	True	True
late_allcell_DPN_vs_diabetes	PML	5371	official_exact	up	0.882127946	315713	Pml	True	True	False
late_allcell_DPN_vs_diabetes	PMM2	5373	official_exact	up	0.67700878	302915	Pmm2	True	True	True
late_allcell_DPN_vs_diabetes	PNLDC1	154197	official_exact	up	1.883939369	361478	Pnldc1	True	True	False
late_allcell_DPN_vs_diabetes	PNMA2	10687	official_exact	down	-0.672801157	305977	Pnma2	True	True	True
late_allcell_DPN_vs_diabetes	PNMA3	29944	official_exact	down	-0.899100692	293840	Pnma3	True	True	False
late_allcell_DPN_vs_diabetes	PNMA8C	110806277	official_exact	down	-0.62525693	120099770	Pnma8c	True	False	False
late_allcell_DPN_vs_diabetes	PNMT	5409	official_exact	up	2.012324616	24661	Pnmt	True	True	False
late_allcell_DPN_vs_diabetes	PNPLA2	57104	official_exact	up	1.289627602	361676	Pnpla2	True	False	False
late_allcell_DPN_vs_diabetes	PNPLA3	80339	official_exact	down	-0.953781748	362972	Pnpla3	True	True	True
late_allcell_DPN_vs_diabetes	PNPLA4	8228	official_exact	down	-0.633689066	363471	Pnpla4	True	True	True
late_allcell_DPN_vs_diabetes	PNPLA7	375775	official_exact	up	1.103907784	246246	Pnpla7	True	True	True
late_allcell_DPN_vs_diabetes	PNRC1	10957	official_exact	down	-0.736974697	286988	Pnrc1	True	True	True
late_allcell_DPN_vs_diabetes	PODN	127435	official_exact	up	0.663685499	102552895	Podn	True	False	False
late_allcell_DPN_vs_diabetes	PODNL1	79883	official_exact	up	1.549428664	288907	Podnl1	True	True	False
late_allcell_DPN_vs_diabetes	PODXL2	50512	official_exact	down	-0.717153111	297433	Podxl2	True	True	True
late_allcell_DPN_vs_diabetes	POFUT2	23275	official_exact	up	1.049933649	309686	Pofut2	True	True	True
late_allcell_DPN_vs_diabetes	POGLUT3	143888	official_exact	down	-0.890975095	315664	Poglut3	True	True	True
late_allcell_DPN_vs_diabetes	POLD1	5424	official_exact	up	0.61993356	59294	Pold1	True	True	False
late_allcell_DPN_vs_diabetes	POLE	5426	official_exact	up	0.635335333	304573	Pole	True	True	False
late_allcell_DPN_vs_diabetes	POLM	27434	official_exact	up	0.63311493	289757	Polm	True	True	True
late_allcell_DPN_vs_diabetes	POLR2I	5438	official_exact	down	-0.653555485	292778	Polr2i	True	True	False
late_allcell_DPN_vs_diabetes	POM121C	100101267	official_exact	down	-0.849685122			False	False	False
late_allcell_DPN_vs_diabetes	POMGNT2	84892	official_exact	down	-0.654373853	316091	Pomgnt2	True	True	True
late_allcell_DPN_vs_diabetes	POPDC2	64091	official_exact	up	0.614899829	360718	Popdc2	True	True	True
late_allcell_DPN_vs_diabetes	POPDC3	64208	official_exact	down	-0.632916277	641520	Popdc3	True	True	True
late_allcell_DPN_vs_diabetes	POSTN	10631	official_exact	up	0.827086857	361945	Postn	True	True	False
late_allcell_DPN_vs_diabetes	POU2AF3	120376	official_exact	up	0.851153017	315652	Pou2af3	True	True	False
late_allcell_DPN_vs_diabetes	POU2F3	25833	official_exact	down	-1.503530362	116544	Pou2f3	True	True	False
late_allcell_DPN_vs_diabetes	POU3F2	5454	official_exact	down	-0.692872541	29588	Pou3f2	True	True	True
late_allcell_DPN_vs_diabetes	POU4F1	5457	official_exact	down	-0.72499136	114503	Pou4f1	True	True	True
late_allcell_DPN_vs_diabetes	POU4F2	5458	official_exact	down	-0.77892706	171355	Pou4f2	True	True	True
late_allcell_DPN_vs_diabetes	POU4F3	5459	official_exact	down	-1.037972964	364855	Pou4f3	True	True	True
late_allcell_DPN_vs_diabetes	POU5F2	134187	official_exact	up	0.609173255	680620	Pou5f2	True	False	False
late_allcell_DPN_vs_diabetes	POU6F1	5463	official_exact	up	0.591326672	116545	Pou6f1	True	True	False
late_allcell_DPN_vs_diabetes	PPARG	5468	official_exact	up	1.567097184	25664	Pparg	True	True	True
late_allcell_DPN_vs_diabetes	PPFIA4	8497	official_exact	up	0.797973139	140592	Ppfia4	True	True	True
late_allcell_DPN_vs_diabetes	PPIA	5478	official_exact	down	-1.93660145	25518	Ppia	True	True	True
late_allcell_DPN_vs_diabetes	PPIE	10450	official_exact	up	0.668376173	298508	Ppie	True	True	True
late_allcell_DPN_vs_diabetes	PPIL1	51645	official_exact	down	-0.752349272	309651	Ppil1	True	True	True
late_allcell_DPN_vs_diabetes	PPIL4	85313	official_exact	down	-0.733080718	361449	Ppil4	True	True	True
late_allcell_DPN_vs_diabetes	PPM1D	8493	official_exact	up	0.777473516	287585	Ppm1d	True	True	True
late_allcell_DPN_vs_diabetes	PPM1E	22843	official_exact	down	-0.804289253	360593	Ppm1e	True	True	False
late_allcell_DPN_vs_diabetes	PPM1F	9647	official_exact	up	0.868441079	287931	Ppm1f	True	True	True
late_allcell_DPN_vs_diabetes	PPM1J	333926	official_exact	down	-0.700347803	295341	Ppm1j	True	True	True
late_allcell_DPN_vs_diabetes	PPM1M	132160	official_exact	up	0.697009487	686298	Ppm1m	True	True	True
late_allcell_DPN_vs_diabetes	PPME1	51400	official_exact	down	-0.75048688	361613	Ppme1	True	True	True
late_allcell_DPN_vs_diabetes	PPP1R13L	10848	official_exact	up	0.823349072	686781	Ppp1r13l	True	True	False
late_allcell_DPN_vs_diabetes	PPP1R14A	94274	official_exact	up	1.235591039	114004	Ppp1r14a	True	True	True
late_allcell_DPN_vs_diabetes	PPP1R15A	23645	official_exact	up	0.589034044	171071	Ppp1r15a	True	True	True
late_allcell_DPN_vs_diabetes	PPP1R16A	84988	official_exact	up	0.747759153	362944	Ppp1r16a	True	True	True
late_allcell_DPN_vs_diabetes	PPP1R16B	26051	official_exact	up	1.014645598	680616	Ppp1r16b	True	True	False
late_allcell_DPN_vs_diabetes	PPP1R1A	5502	official_exact	up	1.308748923	58977	Ppp1r1a	True	True	True
late_allcell_DPN_vs_diabetes	PPP1R3D	5509	official_exact	up	0.632243939	689995	Ppp1r3d	True	True	True
late_allcell_DPN_vs_diabetes	PPP2CB	5516	official_exact	down	-0.65997121	24673	Ppp2cb	True	True	True
late_allcell_DPN_vs_diabetes	PPP2R1A	5518	official_exact	down	-0.908796068	117281	Ppp2r1a	True	True	True
late_allcell_DPN_vs_diabetes	PPP2R1B	5519	official_exact	up	0.780916405	315648	Ppp2r1b	True	True	True
late_allcell_DPN_vs_diabetes	PPP4R4	57718	official_exact	down	-0.726199286	500711	Ppp4r4	True	True	True
late_allcell_DPN_vs_diabetes	PPT1	5538	official_exact	down	-0.927394334	29411	Ppt1	True	True	True
late_allcell_DPN_vs_diabetes	PRCD	768206	official_exact	up	1.474999925	100912216	Prcd	True	False	False
late_allcell_DPN_vs_diabetes	PRDM1	639	official_exact	up	0.848757626	309871	Prdm1	True	True	True
late_allcell_DPN_vs_diabetes	PRDM15	63977	official_exact	up	0.773537502	304054	Prdm15	True	True	False
late_allcell_DPN_vs_diabetes	PRDM16	63976	official_exact	up	0.621320544	100366024	Prdm16	True	True	True
late_allcell_DPN_vs_diabetes	PRDM8	56978	official_exact	up	0.859860028	305198	Prdm8	True	True	True
late_allcell_DPN_vs_diabetes	PRDX1	5052	official_exact	down	-0.694658931	117254	Prdx1	True	True	True
late_allcell_DPN_vs_diabetes	PRELID2	153768	official_exact	up	1.150644093	681037	Prelid2	True	True	True
late_allcell_DPN_vs_diabetes	PREP	5550	official_exact	down	-0.697961833	83471	Prep	True	True	True
late_allcell_DPN_vs_diabetes	PREX2	80243	official_exact	up	0.595534271	312912	Prex2	True	True	True
late_allcell_DPN_vs_diabetes	PRG2	5553	official_exact	up	1.387533826	58826	Prg2	True	True	True
late_allcell_DPN_vs_diabetes	PRICKLE2	166336	official_exact	up	0.713732135	312563	Prickle2	True	True	True
late_allcell_DPN_vs_diabetes	PRKG1	5592	official_exact	up	0.784986444	54286	Prkg1	True	False	False
late_allcell_DPN_vs_diabetes	PRKY	5616	official_exact	up	0.981832878			False	False	False
late_allcell_DPN_vs_diabetes	PRMT7	54496	official_exact	up	0.677950468	361402	Prmt7	True	True	True
late_allcell_DPN_vs_diabetes	PRMT8	56341	official_exact	down	-0.711385034	688502	Prmt8	True	True	True
late_allcell_DPN_vs_diabetes	PROB1	389333	official_exact	up	1.090754109	689207	Prob1	True	True	False
late_allcell_DPN_vs_diabetes	PROC	5624	official_exact	up	0.624459156	25268	Proc	True	True	False
late_allcell_DPN_vs_diabetes	PROS1	5627	official_exact	down	-1.031975607	81750	Pros1	True	True	True
late_allcell_DPN_vs_diabetes	PRR11	55771	official_exact	down	-0.689727273	360591	Prr11	True	True	False
late_allcell_DPN_vs_diabetes	PRR19	284338	official_exact	down	-0.650098088	681408	Prr19	True	True	False
late_allcell_DPN_vs_diabetes	PRR5L	79899	official_exact	up	0.724442855	362171	Prr5l	True	True	True
late_allcell_DPN_vs_diabetes	PRR7	80758	official_exact	down	-0.642728946	498704	Prr7	True	True	True
late_allcell_DPN_vs_diabetes	PRRC1	133619	official_exact	down	-0.690225616	291444	Prrc1	True	True	True
late_allcell_DPN_vs_diabetes	PRRT2	112476	official_exact	up	0.984904925	361651	Prrt2	True	True	True
late_allcell_DPN_vs_diabetes	PRRT4	401399	official_exact	up	2.439977249	500059	Prrt4	True	True	False
late_allcell_DPN_vs_diabetes	PRRX1	5396	official_exact	up	0.914764986	266813	Prrx1	True	True	True
late_allcell_DPN_vs_diabetes	PRSS12	8492	official_exact	down	-0.626478071	85266	Prss12	True	True	True
late_allcell_DPN_vs_diabetes	PRSS3	5646	official_exact	down	-1.027821115			False	False	False
late_allcell_DPN_vs_diabetes	PRSS35	167681	official_exact	down	-2.155917191	315866	Prss35	True	True	True
late_allcell_DPN_vs_diabetes	PRSS36	146547	official_exact	up	0.591015307	497040	Prss36	True	True	False
late_allcell_DPN_vs_diabetes	PRSS45P	377047	official_exact	up	2.082591734	408244	Prss45	True	False	False
late_allcell_DPN_vs_diabetes	PRTFDC1	56952	official_exact	up	0.646016623	291355	Prtfdc1	True	True	True
late_allcell_DPN_vs_diabetes	PRUNE2	158471	official_exact	down	-0.867634455	293823	Prune2	True	True	True
late_allcell_DPN_vs_diabetes	PRXL2C	195827	official_exact	down	-0.727206128	498685	Prxl2c	True	True	True
late_allcell_DPN_vs_diabetes	PSAT1	29968	official_exact	down	-1.45304796	293820	Psat1	True	True	True
late_allcell_DPN_vs_diabetes	PSD2	84249	official_exact	down	-0.658446597	307500	Psd2	True	True	False
late_allcell_DPN_vs_diabetes	PSMA1	5682	official_exact	down	-0.588301813	29668	Psma1	True	True	True
late_allcell_DPN_vs_diabetes	PSMA2	5683	official_exact	down	-0.703372517	29669	Psma2	True	True	True
late_allcell_DPN_vs_diabetes	PSMB2	5690	official_exact	down	-0.70172028	29675	Psmb2	True	True	True
late_allcell_DPN_vs_diabetes	PSMB3	5691	official_exact	down	-0.601309386	29676	Psmb3	True	True	True
late_allcell_DPN_vs_diabetes	PSMB5	5693	official_exact	down	-0.599407851	29425	Psmb5	True	True	True
late_allcell_DPN_vs_diabetes	PSMB6	5694	official_exact	down	-0.603787634	29666	Psmb6	True	True	True
late_allcell_DPN_vs_diabetes	PSMC1	5700	official_exact	down	-0.684561704	117263	Psmc1	True	True	True
late_allcell_DPN_vs_diabetes	PSME2	5721	official_exact	down	-0.800466608	29614	Psme2	True	True	True
late_allcell_DPN_vs_diabetes	PSORS1C1	170679	official_exact	up	0.916162401			False	False	False
late_allcell_DPN_vs_diabetes	PSRC1	84722	official_exact	up	0.686250056	691380	Psrc1	True	True	False
late_allcell_DPN_vs_diabetes	PSTPIP1	9051	official_exact	up	0.668339078	300732	Pstpip1	True	True	True
late_allcell_DPN_vs_diabetes	PTCD1	26024	official_exact	up	0.640598082	304278	Ptcd1	True	True	True
late_allcell_DPN_vs_diabetes	PTDSS1	9791	official_exact	down	-0.664828823	314553	Ptdss1	True	True	True
late_allcell_DPN_vs_diabetes	PTEN	5728	official_exact	down	-1.195794516	50557	Pten	True	True	True
late_allcell_DPN_vs_diabetes	PTGER2	5732	official_exact	down	-1.28960197	81752	Ptger2	True	True	True
late_allcell_DPN_vs_diabetes	PTGER3	5733	official_exact	up	0.859380296	24929	Ptger3	True	True	True
late_allcell_DPN_vs_diabetes	PTGES2	80142	official_exact	up	0.587904166	311865	Ptges2	True	True	True
late_allcell_DPN_vs_diabetes	PTGFR	5737	official_exact	up	0.804454329	25652	Ptgfr	True	True	False
late_allcell_DPN_vs_diabetes	PTGIS	5740	official_exact	up	0.676391673	25527	Ptgis	True	False	False
late_allcell_DPN_vs_diabetes	PTH1R	5745	official_exact	up	0.986875687	56813	Pth1r	True	True	True
late_allcell_DPN_vs_diabetes	PTK6	5753	official_exact	up	1.493900112	366275	Ptk6	True	False	False
late_allcell_DPN_vs_diabetes	PTPN18	26469	official_exact	up	0.898118334	301333	Ptpn18	True	True	True
late_allcell_DPN_vs_diabetes	PTPN5	84867	official_exact	down	-1.132463871	29644	Ptpn5	True	True	True
late_allcell_DPN_vs_diabetes	PTPRB	5787	official_exact	up	0.818730085	314843	Ptprb	True	True	True
late_allcell_DPN_vs_diabetes	PTPRC	5788	official_exact	down	-0.776652371	24699	Ptprc	True	True	True
late_allcell_DPN_vs_diabetes	PTPRD	5789	official_exact	down	-1.233496198	313278	Ptprd	True	True	True
late_allcell_DPN_vs_diabetes	PTPRJ	5795	official_exact	down	-0.794595997	29645	Ptprj	True	True	True
late_allcell_DPN_vs_diabetes	PTPRK	5796	official_exact	up	0.667305882	360302	Ptprk	True	True	True
late_allcell_DPN_vs_diabetes	PTPRR	5801	official_exact	down	-0.806466555	94202	Ptprr	True	True	True
late_allcell_DPN_vs_diabetes	PTPRT	11122	official_exact	down	-1.17033378	362263	Ptprt	True	True	False
late_allcell_DPN_vs_diabetes	PTPRZ1	5803	official_exact	down	-0.880769062	25613	Ptprz1	True	True	True
late_allcell_DPN_vs_diabetes	PTTG1	9232	official_exact	down	-0.666237141	64193	Pttg1	True	True	True
late_allcell_DPN_vs_diabetes	PTX3	5806	official_exact	up	3.207039772	689388	Ptx3	True	True	False
late_allcell_DPN_vs_diabetes	PUS1	80324	official_exact	up	0.731025629	304567	Pus1	True	True	True
late_allcell_DPN_vs_diabetes	PUS3	83480	official_exact	down	-0.785015026	315554	Pus3	True	True	True
late_allcell_DPN_vs_diabetes	PUSL1	126789	official_exact	up	1.071117712	362681	Pusl1	True	True	True
late_allcell_DPN_vs_diabetes	PVALB	5816	official_exact	down	-0.860603163	25269	Pvalb	True	True	False
late_allcell_DPN_vs_diabetes	PWWP2B	170394	official_exact	up	0.640583527	361671	Pwwp2b	True	True	True
late_allcell_DPN_vs_diabetes	PYGM	5837	official_exact	up	0.762258336	24701	Pygm	True	True	False
late_allcell_DPN_vs_diabetes	PYGO2	90780	official_exact	up	0.585318479	295251	Pygo2	True	True	True
late_allcell_DPN_vs_diabetes	PYHIN1	149628	official_exact	up	1.603091014			False	False	False
late_allcell_DPN_vs_diabetes	PYROXD2	84795	official_exact	up	1.234742675	309381	Pyroxd2	True	True	True
late_allcell_DPN_vs_diabetes	QRFPR	84109	official_exact	down	-1.82050193	310327	Qrfpr	True	False	False
late_allcell_DPN_vs_diabetes	QRICH2	84074	official_exact	up	0.667523716	501747	Qrich2	True	True	False
late_allcell_DPN_vs_diabetes	QSOX2	169714	official_exact	up	0.690364009	681023	Qsox2	True	True	True
late_allcell_DPN_vs_diabetes	QTRT1	81890	official_exact	up	0.881067831	64016	Qtrt1	True	True	True
late_allcell_DPN_vs_diabetes	R3HCC1L	27291	official_exact	up	0.586437024	293953	R3hcc1l	True	False	False
late_allcell_DPN_vs_diabetes	RAB11FIP3	9727	official_exact	up	0.725667606	303002	Rab11fip3	True	True	True
late_allcell_DPN_vs_diabetes	RAB30	27314	official_exact	up	0.740024177	308821	Rab30	True	True	True
late_allcell_DPN_vs_diabetes	RAB33A	9363	official_exact	down	-0.697081956	317580	Rab33a	True	True	True
late_allcell_DPN_vs_diabetes	RAB37	326624	official_exact	down	-0.613328737	100364984	Rab37	True	True	True
late_allcell_DPN_vs_diabetes	RAB39B	116442	official_exact	down	-0.671488813			False	False	False
late_allcell_DPN_vs_diabetes	RAB3D	9545	official_exact	down	-0.979737503	140665	Rab3d	True	True	True
late_allcell_DPN_vs_diabetes	RAB3IL1	5866	official_exact	up	1.209549527	171452	Rab3il1	True	True	False
late_allcell_DPN_vs_diabetes	RAB5C	5878	official_exact	up	0.633804318	287709	Rab5c	True	True	True
late_allcell_DPN_vs_diabetes	RAB6C	84084	official_exact	down	-3.958096467			False	False	False
late_allcell_DPN_vs_diabetes	RAB7B	338382	official_exact	up	1.731441425	501854	Rab7b	True	True	True
late_allcell_DPN_vs_diabetes	RABEP1	9135	official_exact	up	0.81846948	54190	Rabep1	True	True	True
late_allcell_DPN_vs_diabetes	RABEP2	79874	official_exact	up	0.980321281	80754	Rabep2	True	True	True
late_allcell_DPN_vs_diabetes	RAD51D	5892	official_exact	up	0.930703278	303375	Rad51d	True	True	True
late_allcell_DPN_vs_diabetes	RAD9A	5883	official_exact	up	0.910208536	100361529	Rad9a	True	True	True
late_allcell_DPN_vs_diabetes	RADIL	55698	official_exact	up	0.957010263	304299	Radil	True	True	True
late_allcell_DPN_vs_diabetes	RADX	55086	official_exact	down	-0.71321305	680663	Radx	True	False	False
late_allcell_DPN_vs_diabetes	RALGAPA1	253959	official_exact	up	0.586765375	56785	Ralgapa1	True	True	True
late_allcell_DPN_vs_diabetes	RALGAPA2	57186	official_exact	up	0.964759218	296211	Ralgapa2	True	True	False
late_allcell_DPN_vs_diabetes	RALYL	138046	official_exact	down	-1.499184999	294883	Ralyl	True	True	True
late_allcell_DPN_vs_diabetes	RAMAC	83640	official_exact	down	-0.952143799	293058	Ramac	True	True	True
late_allcell_DPN_vs_diabetes	RAMACL	353267	official_exact	up	1.01173538			False	False	False
late_allcell_DPN_vs_diabetes	RAMP1	10267	official_exact	up	0.71214129	58965	Ramp1	True	True	True
late_allcell_DPN_vs_diabetes	RANBP6	26953	official_exact	down	-0.831984428	309326	Ranbp6	True	True	True
late_allcell_DPN_vs_diabetes	RAP1GAP	5909	official_exact	down	-1.330518797	313644	Rap1gap	True	True	True
late_allcell_DPN_vs_diabetes	RAP1GDS1	5910	official_exact	down	-0.585470483	310909	Rap1gds1	True	True	True
late_allcell_DPN_vs_diabetes	RAPGEF3	10411	official_exact	up	1.029408874	59326	Rapgef3	True	True	False
late_allcell_DPN_vs_diabetes	RARRES1	5918	official_exact	down	-1.775003605	310486	Rarres1	True	True	True
late_allcell_DPN_vs_diabetes	RARRES2	5919	official_exact	down	-0.684701651	297073	Rarres2	True	True	True
late_allcell_DPN_vs_diabetes	RASA3	22821	official_exact	up	0.915554094	29372	Rasa3	True	True	True
late_allcell_DPN_vs_diabetes	RASGEF1A	221002	official_exact	up	0.801165422	312664	Rasgef1a	True	True	True
late_allcell_DPN_vs_diabetes	RASGEF1C	255426	official_exact	up	1.009629345	360519	Rasgef1c	True	True	True
late_allcell_DPN_vs_diabetes	RASGRP2	10235	official_exact	up	0.626436201	361714	Rasgrp2	True	True	True
late_allcell_DPN_vs_diabetes	RASIP1	54922	official_exact	up	0.934230844	292912	Rasip1	True	True	True
late_allcell_DPN_vs_diabetes	RASL10B	91608	official_exact	up	1.006566418	303382	Rasl10b	True	False	False
late_allcell_DPN_vs_diabetes	RASSF1	11186	official_exact	up	0.979084534	363140	Rassf1	True	True	True
late_allcell_DPN_vs_diabetes	RBBP4	5928	official_exact	up	0.822483801	313048	Rbbp4	True	True	True
late_allcell_DPN_vs_diabetes	RBFOX1	54715	official_exact	down	-0.706614871	302920	Rbfox1	True	True	True
late_allcell_DPN_vs_diabetes	RBFOX3	146713	official_exact	down	-1.012193922	287847	Rbfox3	True	True	True
late_allcell_DPN_vs_diabetes	RBIS	401466	official_exact	down	-0.738434069	499567	Rbis	True	True	True
late_allcell_DPN_vs_diabetes	RBM11	54033	official_exact	down	-0.594417225	288321	Rbm11	True	True	True
late_allcell_DPN_vs_diabetes	RBM14	10432	official_exact	up	0.736268642	170900	Rbm14	True	True	True
late_allcell_DPN_vs_diabetes	RBM15	64783	official_exact	up	0.776057399	684233	Rbm15	True	True	True
late_allcell_DPN_vs_diabetes	RBM19	9904	official_exact	up	0.691986865	304512	Rbm19	True	True	True
late_allcell_DPN_vs_diabetes	RBM24	221662	official_exact	up	0.852028394	690139	Rbm24	True	True	False
late_allcell_DPN_vs_diabetes	RBM39	9584	official_exact	up	0.614714199	362251	Rbm39	True	True	True
late_allcell_DPN_vs_diabetes	RBM47	54502	official_exact	up	1.266839862	305340	Rbm47	True	True	False
late_allcell_DPN_vs_diabetes	RBM48	84060	official_exact	down	-0.877610617	296840	Rbm48	True	True	True
late_allcell_DPN_vs_diabetes	RBM4B	83759	official_exact	up	0.606662213	474154	Rbm4b	True	True	True
late_allcell_DPN_vs_diabetes	RBP7	116362	official_exact	up	0.826856365	362662	Rbp7	True	True	True
late_allcell_DPN_vs_diabetes	RBPMS	11030	official_exact	up	0.834249558	498642	Rbpms	True	True	True
late_allcell_DPN_vs_diabetes	RBSN	64145	official_exact	down	-0.748406045	312562	Rbsn	True	True	True
late_allcell_DPN_vs_diabetes	RBX1	9978	official_exact	down	-0.702424959	300084	Rbx1	True	True	True
late_allcell_DPN_vs_diabetes	RCAN1	1827	official_exact	up	0.624414791	266766	Rcan1	True	True	True
late_allcell_DPN_vs_diabetes	RCC1	1104	official_exact	up	0.886579552	682908	Rcc1	True	True	True
late_allcell_DPN_vs_diabetes	RCCD1	91433	official_exact	up	0.970684228	308760	Rccd1	True	True	True
late_allcell_DPN_vs_diabetes	RCE1	9986	official_exact	up	0.967735776	309153	Rce1	True	True	True
late_allcell_DPN_vs_diabetes	RCN1	5954	official_exact	down	-0.65155796	362182	Rcn1	True	True	True
late_allcell_DPN_vs_diabetes	RCN2	5955	official_exact	down	-1.003248039	29218	Rcn2	True	True	True
late_allcell_DPN_vs_diabetes	RCN3	57333	official_exact	up	1.327742785	494125	Rcn3	True	True	True
late_allcell_DPN_vs_diabetes	RDH13	112724	official_exact	up	0.658853469	361504	Rdh13	True	True	True
late_allcell_DPN_vs_diabetes	RECQL4	9401	official_exact	up	1.041971476	300057	Recql4	True	True	True
late_allcell_DPN_vs_diabetes	REELD1	345051	official_exact	up	1.211171194	120098656	Reeld1	True	False	False
late_allcell_DPN_vs_diabetes	REEP1	65055	official_exact	down	-0.787055983	362384	Reep1	True	True	True
late_allcell_DPN_vs_diabetes	REEP2	51308	official_exact	down	-0.893139056	682105	Reep2	True	True	True
late_allcell_DPN_vs_diabetes	REEP5	7905	official_exact	down	-0.641164948	364838	Reep5	True	True	True
late_allcell_DPN_vs_diabetes	REEP6	92840	official_exact	down	-0.722907693	362835	Reep6	True	True	True
late_allcell_DPN_vs_diabetes	RELL2	285613	official_exact	down	-0.697848045	361313	Rell2	True	True	True
late_allcell_DPN_vs_diabetes	RELT	84957	official_exact	up	0.590046083	361615	Relt	True	True	True
late_allcell_DPN_vs_diabetes	REM2	161253	official_exact	up	0.592516917	64626	Rem2	True	True	True
late_allcell_DPN_vs_diabetes	RENBP	5973	official_exact	up	0.587967579	81759	Renbp	True	True	True
late_allcell_DPN_vs_diabetes	RET	5979	official_exact	down	-0.75772234	24716	Ret	True	True	True
late_allcell_DPN_vs_diabetes	RFXAP	5994	official_exact	up	0.902679158	499617	Rfxap	True	False	False
late_allcell_DPN_vs_diabetes	RGL2	5863	official_exact	up	0.66822385	294283	Rgl2	True	True	True
late_allcell_DPN_vs_diabetes	RGL3	57139	official_exact	up	0.969619647	300444	Rgl3	True	True	True
late_allcell_DPN_vs_diabetes	RGS11	8786	official_exact	up	0.590163702	54291	Rgs11	True	False	False
late_allcell_DPN_vs_diabetes	RGS17	26575	official_exact	down	-0.763244104	308118	Rgs17	True	True	True
late_allcell_DPN_vs_diabetes	RGS20	8601	official_exact	up	0.97459346	362477	Rgs20	True	True	True
late_allcell_DPN_vs_diabetes	RGS6	9628	official_exact	up	1.180658664	54295	Rgs6	True	True	False
late_allcell_DPN_vs_diabetes	RGS7	6000	official_exact	down	-1.006708962	54296	Rgs7	True	True	True
late_allcell_DPN_vs_diabetes	RGS8	85397	official_exact	up	2.580094765	54297	Rgs8	True	True	True
late_allcell_DPN_vs_diabetes	RHBDD2	57414	official_exact	down	-1.012610738	360793	Rhbdd2	True	True	True
late_allcell_DPN_vs_diabetes	RHO	6010	official_exact	up	0.849464987	24717	Rho	True	True	False
late_allcell_DPN_vs_diabetes	RHOBTB3	22836	official_exact	up	0.602696962	309922	Rhobtb3	True	True	True
late_allcell_DPN_vs_diabetes	RHOQ	23433	official_exact	down	-0.59630622	85428	Rhoq	True	True	True
late_allcell_DPN_vs_diabetes	RHPN1	114822	official_exact	up	0.670307432	300030	Rhpn1	True	True	True
late_allcell_DPN_vs_diabetes	RIBC2	26150	official_exact	up	0.989273988	300122	Ribc2	True	True	False
late_allcell_DPN_vs_diabetes	RIC3	79608	official_exact	down	-1.017977204	687147	Ric3	True	True	True
late_allcell_DPN_vs_diabetes	RILP	83547	official_exact	up	0.948638834	287531	Rilp	True	True	False
late_allcell_DPN_vs_diabetes	RILPL1	353116	official_exact	up	0.667806528	304469	Rilpl1	True	True	True
late_allcell_DPN_vs_diabetes	RIMKLA	284716	official_exact	down	-0.93677886	313553	Rimkla	True	True	True
late_allcell_DPN_vs_diabetes	RIMS1	22999	official_exact	down	-0.761215171	84556	Rims1	True	True	True
late_allcell_DPN_vs_diabetes	RIMS2	9699	official_exact	down	-1.100333075	116839	Rims2	True	True	True
late_allcell_DPN_vs_diabetes	RIPOR1	79567	official_exact	up	0.611663471	291974	Ripor1	True	True	True
late_allcell_DPN_vs_diabetes	RIPOR3	140876	official_exact	up	2.544915979	688510	Ripor3	True	False	False
late_allcell_DPN_vs_diabetes	RIT2	6014	official_exact	down	-0.747937877	291713	Rit2	True	True	True
late_allcell_DPN_vs_diabetes	RMDN1	51115	official_exact	down	-0.616590455	500419	Rmdn1	True	True	True
late_allcell_DPN_vs_diabetes	RNASEK	440400	official_exact	down	-0.616889311	287453	Rnasek	True	True	True
late_allcell_DPN_vs_diabetes	RND1	27289	official_exact	down	-0.726574912	362993	Rnd1	True	True	True
late_allcell_DPN_vs_diabetes	RND2	8153	official_exact	down	-0.821197482	303553	Rnd2	True	True	True
late_allcell_DPN_vs_diabetes	RNF122	79845	official_exact	up	0.697159576	502091	Rnf122	True	False	False
late_allcell_DPN_vs_diabetes	RNF125	54941	official_exact	up	0.61939677	361296	Rnf125	True	True	True
late_allcell_DPN_vs_diabetes	RNF128	79589	official_exact	down	-0.699722254	315911	Rnf128	True	True	True
late_allcell_DPN_vs_diabetes	RNF13	11342	official_exact	down	-0.642561619	681578	Rnf13	True	True	True
late_allcell_DPN_vs_diabetes	RNF144A	9781	official_exact	up	0.660581357	500636	Rnf144a	True	True	True
late_allcell_DPN_vs_diabetes	RNF152	220441	official_exact	up	1.020567208	293561	Rnf152	True	True	False
late_allcell_DPN_vs_diabetes	RNF165	494470	unique_synonym	up	1.202858211	307251	Ark2c	True	True	False
late_allcell_DPN_vs_diabetes	RNF212	285498	official_exact	up	0.897295054	689721	Rnf212	True	True	True
late_allcell_DPN_vs_diabetes	RNF4	6047	official_exact	up	0.671814201	29274	Rnf4	True	True	True
late_allcell_DPN_vs_diabetes	RNF40	9810	official_exact	up	0.727904622	266712	Rnf40	True	True	True
late_allcell_DPN_vs_diabetes	RNF6	6049	official_exact	down	-0.809221758	304271	Rnf6	True	True	True
late_allcell_DPN_vs_diabetes	RNLS	55328	official_exact	up	0.649366925	361751	Rnls	True	True	True
late_allcell_DPN_vs_diabetes	ROBO2	6092	official_exact	down	-0.99921985	84409	Robo2	True	True	True
late_allcell_DPN_vs_diabetes	ROBO4	54538	official_exact	up	1.043330395	100911068	Robo4	True	False	False
late_allcell_DPN_vs_diabetes	RPE65	6121	official_exact	down	-2.435747337	89826	Rpe65	True	True	True
late_allcell_DPN_vs_diabetes	RPGR	6103	official_exact	up	0.824672728	367733	Rpgr	True	True	True
late_allcell_DPN_vs_diabetes	RPH3A	22895	official_exact	down	-1.297211738	171039	Rph3a	True	True	True
late_allcell_DPN_vs_diabetes	RPN1	6184	official_exact	down	-0.724104998	25596	Rpn1	True	True	True
late_allcell_DPN_vs_diabetes	RPN2	6185	official_exact	down	-0.802826633	64701	Rpn2	True	True	True
late_allcell_DPN_vs_diabetes	RPRM	56475	official_exact	down	-1.190811941	680110	Rprm	True	True	True
late_allcell_DPN_vs_diabetes	RRAGC	64121	official_exact	down	-0.732203196	298514	Rragc	True	True	True
late_allcell_DPN_vs_diabetes	RREB1	6239	official_exact	up	0.781027147	306873	Rreb1	True	True	False
late_allcell_DPN_vs_diabetes	RRP1	8568	official_exact	up	0.635869771	309674	Rrp1	True	True	True
late_allcell_DPN_vs_diabetes	RRP12	23223	official_exact	up	0.627920076	679127	Rrp12	True	True	True
late_allcell_DPN_vs_diabetes	RRP8	23378	official_exact	up	0.670664803	308911	Rrp8	True	True	True
late_allcell_DPN_vs_diabetes	RRP9	9136	official_exact	up	0.692568495	363134	Rrp9	True	True	True
late_allcell_DPN_vs_diabetes	RSL24D1	51187	official_exact	down	-0.885184249	363099	Rsl24d1	True	True	True
late_allcell_DPN_vs_diabetes	RSPH9	221421	official_exact	up	0.630829253	316238	Rsph9	True	True	True
late_allcell_DPN_vs_diabetes	RSPO2	340419	official_exact	down	-0.675204242	500863	Rspo2	True	True	True
late_allcell_DPN_vs_diabetes	RTBDN	83546	official_exact	down	-0.796858823	304667	Rtbdn	True	True	False
late_allcell_DPN_vs_diabetes	RTEL1	51750	official_exact	up	0.663798744	362288	Rtel1	True	True	True
late_allcell_DPN_vs_diabetes	RTL5	340526	official_exact	up	0.908420416	100911832	Rtl5	True	True	True
late_allcell_DPN_vs_diabetes	RTN1	6252	official_exact	down	-0.598295226	116644	Rtn1	True	True	True
late_allcell_DPN_vs_diabetes	RTN3	10313	official_exact	down	-0.648790189	140945	Rtn3	True	True	True
late_allcell_DPN_vs_diabetes	RTN4R	65078	official_exact	down	-1.00251258	113912	Rtn4r	True	True	True
late_allcell_DPN_vs_diabetes	RTN4RL1	146760	official_exact	down	-0.659060588	303311	Rtn4rl1	True	True	True
late_allcell_DPN_vs_diabetes	RTP4	64108	official_exact	down	-0.718385993	360733	Rtp4	True	True	True
late_allcell_DPN_vs_diabetes	RTP5	285093	official_exact	down	-0.805719431			False	False	False
late_allcell_DPN_vs_diabetes	RTRAF	51637	official_exact	down	-0.807151745	302247	Rtraf	True	True	True
late_allcell_DPN_vs_diabetes	RTTN	25914	official_exact	down	-0.61666954	291377	Rttn	True	True	True
late_allcell_DPN_vs_diabetes	RUBCN	9711	official_exact	up	0.613378169	303885	Rubcn	True	True	False
late_allcell_DPN_vs_diabetes	RUNDC3A	10900	official_exact	down	-0.760702414	303569	Rundc3a	True	True	True
late_allcell_DPN_vs_diabetes	RUNX1	861	official_exact	up	0.732158272	50662	Runx1	True	True	True
late_allcell_DPN_vs_diabetes	RUNX1T1	862	official_exact	up	0.725460569	362489	Runx1t1	True	True	True
late_allcell_DPN_vs_diabetes	RWDD3	25950	official_exact	down	-0.609874585	65026	Rwdd3	True	True	True
late_allcell_DPN_vs_diabetes	RWDD4	201965	official_exact	down	-1.213052246	502084	Rwdd4	True	True	True
late_allcell_DPN_vs_diabetes	S100A11	6282	official_exact	down	-0.662500011	445415	S100a11	True	True	True
late_allcell_DPN_vs_diabetes	S100A2	6273	official_exact	up	0.594207135	100910139	S100a2	True	False	False
late_allcell_DPN_vs_diabetes	S1PR3	1903	official_exact	up	1.273397743	306792	S1pr3	True	True	True
late_allcell_DPN_vs_diabetes	S1PR4	8698	official_exact	up	0.9287335	314649	S1pr4	True	True	False
late_allcell_DPN_vs_diabetes	SAC3D1	29901	official_exact	down	-0.616476281	293690	Sac3d1	True	True	True
late_allcell_DPN_vs_diabetes	SAFB2	9667	official_exact	up	0.691875372	301126	Safb2	True	False	False
late_allcell_DPN_vs_diabetes	SALL1	6299	official_exact	down	-1.112182122	307740	Sall1	True	True	False
late_allcell_DPN_vs_diabetes	SALL2	6297	official_exact	down	-0.626143366	305854	Sall2	True	True	True
late_allcell_DPN_vs_diabetes	SAMD14	201191	official_exact	down	-0.590098021	287637	Samd14	True	True	True
late_allcell_DPN_vs_diabetes	SAMD9L	219285	official_exact	down	-0.595921129			False	False	False
late_allcell_DPN_vs_diabetes	SAP18	10284	official_exact	down	-0.675739212	290284	Sap18	True	True	True
late_allcell_DPN_vs_diabetes	SAPCD2	89958	official_exact	down	-1.234060117	680531	Sapcd2	True	True	False
late_allcell_DPN_vs_diabetes	SAR1A	56681	official_exact	down	-1.372995719	361842	Sar1a	True	False	False
late_allcell_DPN_vs_diabetes	SARAF	51669	official_exact	down	-0.650034988	290796	Saraf	True	True	True
late_allcell_DPN_vs_diabetes	SARDH	1757	official_exact	up	0.664048577	114123	Sardh	True	True	True
late_allcell_DPN_vs_diabetes	SBK1	388228	official_exact	down	-0.735011467	113907	Sbk1	True	True	False
late_allcell_DPN_vs_diabetes	SC5D	6309	official_exact	down	-1.294590172	114100	Sc5d	True	True	True
late_allcell_DPN_vs_diabetes	SCAMP1	9522	official_exact	down	-0.763809096	29521	Scamp1	True	True	True
late_allcell_DPN_vs_diabetes	SCAND3	114821	official_exact	up	0.747248165			False	False	False
late_allcell_DPN_vs_diabetes	SCARA3	51435	official_exact	up	1.28859322	364405	Scara3	True	True	True
late_allcell_DPN_vs_diabetes	SCEL	8796	official_exact	up	0.647395157	361086	Scel	True	True	True
late_allcell_DPN_vs_diabetes	SCG2	7857	official_exact	down	-1.049927288	24765	Scg2	True	True	True
late_allcell_DPN_vs_diabetes	SCG3	29106	official_exact	down	-0.937140704	116635	Scg3	True	True	True
late_allcell_DPN_vs_diabetes	SCG5	6447	official_exact	down	-0.866716316	25719	Scg5	True	True	True
late_allcell_DPN_vs_diabetes	SCGB3A1	92304	official_exact	down	-0.888227132	338418	Scgb3a1	True	True	True
late_allcell_DPN_vs_diabetes	SCGN	10590	official_exact	down	-1.230600803	306942	Scgn	True	True	True
late_allcell_DPN_vs_diabetes	SCN10A	6336	official_exact	down	-0.962639252	29571	Scn10a	True	True	True
late_allcell_DPN_vs_diabetes	SCN11A	11280	official_exact	down	-1.094727098	29701	Scn11a	True	True	True
late_allcell_DPN_vs_diabetes	SCN1A	6323	official_exact	down	-0.940689403	81574	Scn1a	True	True	True
late_allcell_DPN_vs_diabetes	SCN2B	6327	official_exact	down	-0.816748662	25349	Scn2b	True	True	True
late_allcell_DPN_vs_diabetes	SCN3B	55800	official_exact	down	-0.740679425	245956	Scn3b	True	True	True
late_allcell_DPN_vs_diabetes	SCN4A	6329	official_exact	up	1.142202859	25722	Scn4a	True	True	False
late_allcell_DPN_vs_diabetes	SCN4B	6330	official_exact	down	-0.86888586	315611	Scn4b	True	True	True
late_allcell_DPN_vs_diabetes	SCN7A	6332	official_exact	down	-0.705636529	64155	Scn7a	True	True	True
late_allcell_DPN_vs_diabetes	SCNN1D	6339	official_exact	up	0.75484457	103692528	Scnn1d	True	False	False
late_allcell_DPN_vs_diabetes	SCNN1G	6340	official_exact	down	-0.744221455	24768	Scnn1g	True	True	False
late_allcell_DPN_vs_diabetes	SCRN2	90507	official_exact	up	0.661227683	360612	Scrn2	True	True	True
late_allcell_DPN_vs_diabetes	SCRT2	85508	official_exact	down	-0.670256292	366229	Scrt2	True	True	False
late_allcell_DPN_vs_diabetes	SCUBE3	222663	official_exact	up	1.581502285	294297	Scube3	True	True	False
late_allcell_DPN_vs_diabetes	SCYL2	55681	official_exact	down	-1.166419392	314717	Scyl2	True	True	True
late_allcell_DPN_vs_diabetes	SDC2	6383	official_exact	down	-0.79545485	25615	Sdc2	True	True	True
late_allcell_DPN_vs_diabetes	SDC4	6385	official_exact	down	-0.774826868	24771	Sdc4	True	True	True
late_allcell_DPN_vs_diabetes	SDCBP	6386	official_exact	down	-0.820221335	83841	Sdcbp	True	True	True
late_allcell_DPN_vs_diabetes	SDHA	6389	official_exact	down	-0.788079132	157074	Sdha	True	True	True
late_allcell_DPN_vs_diabetes	SDHAF3	57001	official_exact	down	-0.599640314	362323	Sdhaf3	True	True	True
late_allcell_DPN_vs_diabetes	SDR16C5	195814	official_exact	down	-0.724567947	297805	Sdr16c5	True	True	True
late_allcell_DPN_vs_diabetes	SEC24B	10427	official_exact	down	-0.779441008	295461	Sec24b	True	True	True
late_allcell_DPN_vs_diabetes	SEC31B	25956	official_exact	up	0.65735172	309433	Sec31b	True	True	False
late_allcell_DPN_vs_diabetes	SEC61B	10952	official_exact	down	-0.743594188	298068	Sec61b	True	True	True
late_allcell_DPN_vs_diabetes	SELENBP1	8991	official_exact	up	0.786917418	103689947	Selenbp1	True	False	False
late_allcell_DPN_vs_diabetes	SELENOI	85465	official_exact	down	-0.722847101	362713	Selenoi	True	True	True
late_allcell_DPN_vs_diabetes	SELP	6403	official_exact	up	0.882656657	25651	Selp	True	True	False
late_allcell_DPN_vs_diabetes	SEMA3E	9723	official_exact	down	-0.667103248	296789	Sema3e	True	True	True
late_allcell_DPN_vs_diabetes	SEMA3G	56920	official_exact	up	0.901972563	290562	Sema3g	True	True	True
late_allcell_DPN_vs_diabetes	SEMA6C	10500	official_exact	up	0.849920725	29744	Sema6c	True	True	False
late_allcell_DPN_vs_diabetes	SEPHS1	22929	official_exact	down	-0.714181326	291314	Sephs1	True	True	True
late_allcell_DPN_vs_diabetes	SEPHS2	22928	official_exact	down	-0.590359742	308993	Sephs2	True	True	True
late_allcell_DPN_vs_diabetes	SEPTIN7	989	official_exact	down	-0.855398526	64551	Septin7	True	True	True
late_allcell_DPN_vs_diabetes	SEPTIN9	10801	official_exact	up	0.726570402	83788	Septin9	True	True	True
late_allcell_DPN_vs_diabetes	SERHL2	253190	official_exact	up	0.983027189	500911	Serhl2	True	True	True
late_allcell_DPN_vs_diabetes	SERPINA5	5104	official_exact	down	-0.77394659	65051	Serpina5	True	False	False
late_allcell_DPN_vs_diabetes	SERPINE1	5054	official_exact	up	1.375694142	24617	Serpine1	True	True	True
late_allcell_DPN_vs_diabetes	SERPINI1	5274	official_exact	down	-0.752715574	116459	Serpini1	True	True	True
late_allcell_DPN_vs_diabetes	SERTAD1	29950	official_exact	up	0.622394659	361526	Sertad1	True	True	True
late_allcell_DPN_vs_diabetes	SERTM1	400120	official_exact	down	-0.792571722	690333	Sertm1	True	True	True
late_allcell_DPN_vs_diabetes	SERTM2	401613	official_exact	up	0.867241011	102554851	Sertm2	True	False	False
late_allcell_DPN_vs_diabetes	SESN3	143686	official_exact	up	0.724847841	315427	Sesn3	True	True	True
late_allcell_DPN_vs_diabetes	SET	6418	official_exact	down	-0.795271797	120101889	Set	True	True	True
late_allcell_DPN_vs_diabetes	SETBP1	26040	official_exact	up	0.685871631	291423	Setbp1	True	True	False
late_allcell_DPN_vs_diabetes	SEZ6	124925	official_exact	down	-0.596563253	192247	Sez6	True	True	True
late_allcell_DPN_vs_diabetes	SEZ6L2	26470	official_exact	down	-0.765725609	308988	Sez6l2	True	True	True
late_allcell_DPN_vs_diabetes	SFI1	9814	official_exact	up	0.837318585	305467	Sfi1	True	True	True
late_allcell_DPN_vs_diabetes	SFN	2810	official_exact	up	0.843446231	313017	Sfn	True	True	False
late_allcell_DPN_vs_diabetes	SFRP1	6422	official_exact	down	-0.791187192	84402	Sfrp1	True	True	True
late_allcell_DPN_vs_diabetes	SFRP4	6424	official_exact	down	-1.552268857	89803	Sfrp4	True	True	True
late_allcell_DPN_vs_diabetes	SFTPC	6440	official_exact	down	-0.877824504	50683	Sftpc	True	True	False
late_allcell_DPN_vs_diabetes	SFXN3	81855	official_exact	up	0.741668994	65042	Sfxn3	True	True	True
late_allcell_DPN_vs_diabetes	SGCA	6442	official_exact	up	1.353324769	303468	Sgca	True	True	True
late_allcell_DPN_vs_diabetes	SGCE	8910	official_exact	down	-0.896731183	432360	Sgce	True	True	True
late_allcell_DPN_vs_diabetes	SGCG	6445	official_exact	up	1.162261003	305941	Sgcg	True	True	False
late_allcell_DPN_vs_diabetes	SGCZ	137868	official_exact	down	-1.152847591	364605	Sgcz	True	False	False
late_allcell_DPN_vs_diabetes	SGIP1	84251	official_exact	down	-0.691589356	313413	Sgip1	True	True	True
late_allcell_DPN_vs_diabetes	SGK2	10110	official_exact	up	1.143197215	171497	Sgk2	True	False	False
late_allcell_DPN_vs_diabetes	SGMS2	166929	official_exact	down	-0.772294996	310849	Sgms2	True	True	True
late_allcell_DPN_vs_diabetes	SGPP2	130367	official_exact	down	-0.808947741	301543	Sgpp2	True	True	True
late_allcell_DPN_vs_diabetes	SH2B3	10019	official_exact	up	0.657433497	58838	Sh2b3	True	True	True
late_allcell_DPN_vs_diabetes	SH2D2A	9047	official_exact	up	1.232881646	310688	Sh2d2a	True	True	True
late_allcell_DPN_vs_diabetes	SH2D3C	10044	official_exact	up	0.706157394	362111	Sh2d3c	True	True	True
late_allcell_DPN_vs_diabetes	SH2D4A	63898	official_exact	up	0.613872627	306376	Sh2d4a	True	True	True
late_allcell_DPN_vs_diabetes	SH3BGR	6450	official_exact	up	0.891444859	498066	Sh3bgr	True	True	True
late_allcell_DPN_vs_diabetes	SH3BGRL3	83442	official_exact	down	-0.794298171	298544	Sh3bgrl3	True	True	True
late_allcell_DPN_vs_diabetes	SH3BP1	23616	official_exact	up	0.656002854	300067	Sh3bp1	True	True	False
late_allcell_DPN_vs_diabetes	SH3BP2	6452	official_exact	up	0.66813975	305450	Sh3bp2	True	True	False
late_allcell_DPN_vs_diabetes	SH3GL3	6457	official_exact	down	-0.706248321	81921	Sh3gl3	True	True	True
late_allcell_DPN_vs_diabetes	SH3GLB2	56904	official_exact	up	0.586415648	311848	Sh3glb2	True	True	True
late_allcell_DPN_vs_diabetes	SH3PXD2A	9644	official_exact	up	0.714253353	309460	Sh3pxd2a	True	True	False
late_allcell_DPN_vs_diabetes	SH3RF2	153769	official_exact	up	1.912361798	307472	Sh3rf2	True	True	False
late_allcell_DPN_vs_diabetes	SHANK1	50944	official_exact	up	0.826455824	78957	Shank1	True	True	False
late_allcell_DPN_vs_diabetes	SHANK3	85358	official_exact	up	1.065525935	59312	Shank3	True	True	False
late_allcell_DPN_vs_diabetes	SHARPIN	81858	official_exact	up	0.602929482	81859	Sharpin	True	True	True
late_allcell_DPN_vs_diabetes	SHB	6461	official_exact	up	1.023354134	362513	Shb	True	True	False
late_allcell_DPN_vs_diabetes	SHE	126669	official_exact	up	1.440248321	685088	She	True	True	False
late_allcell_DPN_vs_diabetes	SHF	90525	official_exact	up	0.637531091	362205	Shf	True	True	True
late_allcell_DPN_vs_diabetes	SHISA6	388336	official_exact	down	-0.627034119	497926	Shisa6	True	True	False
late_allcell_DPN_vs_diabetes	SHISAL1	85352	official_exact	down	-1.131051875	500913	Shisal1	True	True	True
late_allcell_DPN_vs_diabetes	SHISAL2A	348378	official_exact	down	-1.151398464	689322	Shisal2a	True	True	False
late_allcell_DPN_vs_diabetes	SHLD3	112441434	official_exact	down	-1.103954281	120101079	Shld3	True	False	False
late_allcell_DPN_vs_diabetes	SHPK	23729	official_exact	up	0.692460735	287479	Shpk	True	True	True
late_allcell_DPN_vs_diabetes	SHROOM1	134549	official_exact	up	0.892467086	287285	Shroom1	True	True	False
late_allcell_DPN_vs_diabetes	SHROOM3	57619	official_exact	up	0.807886208	305230	Shroom3	True	True	True
late_allcell_DPN_vs_diabetes	SHROOM4	57477	official_exact	up	1.072978914	317391	Shroom4	True	True	True
late_allcell_DPN_vs_diabetes	SIDT1	54847	official_exact	up	0.709041067	288109	Sidt1	True	True	True
late_allcell_DPN_vs_diabetes	SIGLEC1	6614	official_exact	up	0.779878651	311426	Siglec1	True	True	False
late_allcell_DPN_vs_diabetes	SIGLEC11	114132	official_exact	up	1.136102183			False	False	False
late_allcell_DPN_vs_diabetes	SIPA1	6494	official_exact	up	0.759554917	361710	Sipa1	True	True	True
late_allcell_DPN_vs_diabetes	SIRT1	23411	official_exact	down	-0.588222831	309757	Sirt1	True	False	False
late_allcell_DPN_vs_diabetes	SIRT7	51547	official_exact	up	0.680081386	303745	Sirt7	True	True	True
late_allcell_DPN_vs_diabetes	SIX1	6495	official_exact	down	-0.742865713	114634	Six1	True	True	True
late_allcell_DPN_vs_diabetes	SIX2	10736	official_exact	down	-0.604212495	366542	Six2	True	True	False
late_allcell_DPN_vs_diabetes	SIX4	51804	official_exact	down	-1.046299993	299138	Six4	True	True	True
late_allcell_DPN_vs_diabetes	SIX5	147912	official_exact	up	0.591506387	308406	Six5	True	True	False
late_allcell_DPN_vs_diabetes	SKIC2	6499	official_exact	up	0.596057248	294260	Skic2	True	True	True
late_allcell_DPN_vs_diabetes	SKIL	6498	official_exact	down	-0.87819845	114208	Skil	True	True	True
late_allcell_DPN_vs_diabetes	SKOR2	652991	official_exact	down	-0.836271117	681200	Skor2	True	True	False
late_allcell_DPN_vs_diabetes	SKP2	6502	official_exact	up	1.028147521	294790	Skp2	True	True	False
late_allcell_DPN_vs_diabetes	SLAMF1	6504	official_exact	up	0.699590244	498286	Slamf1	True	True	False
late_allcell_DPN_vs_diabetes	SLC10A4	201780	official_exact	down	-1.774821191	305309	Slc10a4	True	True	False
late_allcell_DPN_vs_diabetes	SLC16A1	6566	official_exact	down	-1.353256554	25027	Slc16a1	True	True	True
late_allcell_DPN_vs_diabetes	SLC16A10	117247	official_exact	down	-0.717773134	170566	Slc16a10	True	True	True
late_allcell_DPN_vs_diabetes	SLC16A12	387700	official_exact	down	-0.969703268	309525	Slc16a12	True	True	True
late_allcell_DPN_vs_diabetes	SLC16A4	9122	official_exact	down	-0.592461872	295356	Slc16a4	True	True	True
late_allcell_DPN_vs_diabetes	SLC16A5	9121	official_exact	up	1.279348298	690212	Slc16a5	True	False	False
late_allcell_DPN_vs_diabetes	SLC16A9	220963	official_exact	down	-0.826434745	687808	Slc16a9	True	True	False
late_allcell_DPN_vs_diabetes	SLC17A6	57084	official_exact	down	-1.08800742	84487	Slc17a6	True	True	True
late_allcell_DPN_vs_diabetes	SLC17A7	57030	official_exact	down	-0.919443567	116638	Slc17a7	True	True	False
late_allcell_DPN_vs_diabetes	SLC17A9	63910	official_exact	up	1.480748902	362287	Slc17a9	True	True	False
late_allcell_DPN_vs_diabetes	SLC19A2	10560	official_exact	down	-0.697741541	289175	Slc19a2	True	True	True
late_allcell_DPN_vs_diabetes	SLC19A3	80704	official_exact	up	2.102592383	316559	Slc19a3	True	True	False
late_allcell_DPN_vs_diabetes	SLC1A4	6509	official_exact	down	-0.909968809	305540	Slc1a4	True	True	True
late_allcell_DPN_vs_diabetes	SLC22A18AS	5003	unique_synonym	down	-0.67402463			False	False	False
late_allcell_DPN_vs_diabetes	SLC22A6	9356	official_exact	down	-1.470204939	29509	Slc22a6	True	True	False
late_allcell_DPN_vs_diabetes	SLC23A3	151295	official_exact	up	1.615565456	367298	Slc23a3	True	False	False
late_allcell_DPN_vs_diabetes	SLC24A2	25769	official_exact	down	-0.982514827	84550	Slc24a2	True	True	True
late_allcell_DPN_vs_diabetes	SLC24A4	123041	official_exact	down	-0.952494074	314396	Slc24a4	True	True	False
late_allcell_DPN_vs_diabetes	SLC25A32	81034	official_exact	down	-0.724977999	315023	Slc25a32	True	True	True
late_allcell_DPN_vs_diabetes	SLC25A33	84275	official_exact	down	-1.228062646	691431	Slc25a33	True	True	True
late_allcell_DPN_vs_diabetes	SLC25A34	284723	official_exact	up	0.829612125	298606	Slc25a34	True	True	False
late_allcell_DPN_vs_diabetes	SLC25A37	51312	official_exact	up	0.593413291	306000	Slc25a37	True	True	True
late_allcell_DPN_vs_diabetes	SLC25A45	283130	official_exact	up	0.647039087	689625	Slc25a45	True	True	True
late_allcell_DPN_vs_diabetes	SLC25A46	91137	official_exact	down	-0.953668068	291709	Slc25a46	True	True	True
late_allcell_DPN_vs_diabetes	SLC25A53	401612	official_exact	down	-0.815837144	679135	Slc25a53	True	False	False
late_allcell_DPN_vs_diabetes	SLC26A2	1836	official_exact	down	-1.015765768	117267	Slc26a2	True	True	True
late_allcell_DPN_vs_diabetes	SLC27A3	11000	official_exact	up	0.704650414	295219	Slc27a3	True	True	True
late_allcell_DPN_vs_diabetes	SLC2A4	6517	official_exact	up	1.595413129	25139	Slc2a4	True	True	False
late_allcell_DPN_vs_diabetes	SLC2A4RG	56731	official_exact	up	0.930277305	120101713	Slc2a4rg	True	False	False
late_allcell_DPN_vs_diabetes	SLC30A1	7779	official_exact	down	-0.760848092	58976	Slc30a1	True	True	True
late_allcell_DPN_vs_diabetes	SLC30A3	7781	official_exact	up	0.720446617	366568	Slc30a3	True	True	False
late_allcell_DPN_vs_diabetes	SLC30A6	55676	official_exact	down	-0.604450521	298786	Slc30a6	True	True	True
late_allcell_DPN_vs_diabetes	SLC31A1	1317	official_exact	down	-0.842832614	171135	Slc31a1	True	True	True
late_allcell_DPN_vs_diabetes	SLC35A2	7355	official_exact	down	-0.850374188	100158233	Slc35a2	True	True	True
late_allcell_DPN_vs_diabetes	SLC35B2	347734	official_exact	down	-0.754140973	501103	Slc35b2	True	True	True
late_allcell_DPN_vs_diabetes	SLC35F3	148641	official_exact	down	-0.96681983	679321	Slc35f3	True	True	True
late_allcell_DPN_vs_diabetes	SLC35G1	159371	official_exact	down	-1.268735443	294072	Slc35g1	True	True	False
late_allcell_DPN_vs_diabetes	SLC38A2	54407	official_exact	down	-1.130090858	29642	Slc38a2	True	True	True
late_allcell_DPN_vs_diabetes	SLC39A12	221074	official_exact	up	0.622555829	291328	Slc39a12	True	True	False
late_allcell_DPN_vs_diabetes	SLC39A6	25800	official_exact	down	-0.947524233	291733	Slc39a6	True	True	True
late_allcell_DPN_vs_diabetes	SLC43A3	29015	official_exact	up	0.765568781	311170	Slc43a3	True	True	True
late_allcell_DPN_vs_diabetes	SLC44A5	204962	official_exact	down	-0.649620031	365962	Slc44a5	True	True	False
late_allcell_DPN_vs_diabetes	SLC46A3	283537	official_exact	down	-0.744808674	288454	Slc46a3	True	True	False
late_allcell_DPN_vs_diabetes	SLC47A1	55244	official_exact	down	-1.52460481	360539	Slc47a1	True	True	False
late_allcell_DPN_vs_diabetes	SLC49A3	84179	official_exact	up	0.919211615	305625	Slc49a3	True	True	True
late_allcell_DPN_vs_diabetes	SLC4A10	57282	official_exact	down	-0.945912254	295645	Slc4a10	True	True	False
late_allcell_DPN_vs_diabetes	SLC4A4	8671	official_exact	down	-1.494839472	84484	Slc4a4	True	True	True
late_allcell_DPN_vs_diabetes	SLC66A1L	152078	unique_synonym	up	1.235199728			False	False	False
late_allcell_DPN_vs_diabetes	SLC6A1	6529	official_exact	down	-0.687860863	79212	Slc6a1	True	True	False
late_allcell_DPN_vs_diabetes	SLC6A11	6538	official_exact	up	0.628110593	79213	Slc6a11	True	True	False
late_allcell_DPN_vs_diabetes	SLC6A13	6540	official_exact	down	-1.103279568	171163	Slc6a13	True	False	False
late_allcell_DPN_vs_diabetes	SLC6A15	55117	official_exact	down	-0.959295404	282712	Slc6a15	True	True	True
late_allcell_DPN_vs_diabetes	SLC6A6	6533	official_exact	up	0.681131395	29464	Slc6a6	True	True	True
late_allcell_DPN_vs_diabetes	SLC7A1	6541	official_exact	down	-1.074764199	25648	Slc7a1	True	True	True
late_allcell_DPN_vs_diabetes	SLC7A10	56301	official_exact	up	2.461751687	114518	Slc7a10	True	True	False
late_allcell_DPN_vs_diabetes	SLC7A14	57709	official_exact	down	-0.972230454	499587	Slc7a14	True	True	True
late_allcell_DPN_vs_diabetes	SLC7A4	6545	official_exact	down	-0.981360388	303787	Slc7a4	True	True	True
late_allcell_DPN_vs_diabetes	SLC7A9	11136	official_exact	up	0.784802401	116726	Slc7a9	True	True	False
late_allcell_DPN_vs_diabetes	SLC8A3	6547	official_exact	down	-0.706630633	140448	Slc8a3	True	True	False
late_allcell_DPN_vs_diabetes	SLC9A2	6549	official_exact	down	-0.741921887	24783	Slc9a2	True	True	False
late_allcell_DPN_vs_diabetes	SLC9A3	6550	official_exact	up	0.666879854	24784	Slc9a3	True	True	False
late_allcell_DPN_vs_diabetes	SLC9A3R1	9368	unique_synonym	down	-0.956934478	59114	Nherf1	True	True	True
late_allcell_DPN_vs_diabetes	SLC9A5	6553	official_exact	up	0.655447714	192215	Slc9a5	True	True	False
late_allcell_DPN_vs_diabetes	SLC9A6	10479	official_exact	down	-0.799224893	302863	Slc9a6	True	True	True
late_allcell_DPN_vs_diabetes	SLC9A7	84679	official_exact	down	-0.585192273	317170	Slc9a7	True	True	False
late_allcell_DPN_vs_diabetes	SLC9B2	133308	official_exact	down	-0.922320021	679958	Slc9b2	True	True	True
late_allcell_DPN_vs_diabetes	SLCO2A1	6578	official_exact	up	0.953624963	24546	Slco2a1	True	True	False
late_allcell_DPN_vs_diabetes	SLCO3A1	28232	official_exact	up	0.58643835	140915	Slco3a1	True	True	True
late_allcell_DPN_vs_diabetes	SLCO4A1	28231	official_exact	up	0.874986584	171144	Slco4a1	True	True	False
late_allcell_DPN_vs_diabetes	SLCO4C1	353189	official_exact	down	-1.672829337	432363	Slco4c1	True	True	False
late_allcell_DPN_vs_diabetes	SLCO5A1	81796	official_exact	down	-0.695997068	312907	Slco5a1	True	True	True
late_allcell_DPN_vs_diabetes	SLFN13	146857	official_exact	up	1.154208871	303378	Slfn9	True	True	True
late_allcell_DPN_vs_diabetes	SLITRK1	114798	official_exact	down	-1.032393878	306147	Slitrk1	True	True	True
late_allcell_DPN_vs_diabetes	SLITRK2	84631	official_exact	down	-1.181836035	309349	Slitrk2	True	True	True
late_allcell_DPN_vs_diabetes	SLITRK3	22865	official_exact	down	-1.101617554	310519	Slitrk3	True	True	True
late_allcell_DPN_vs_diabetes	SLITRK4	139065	official_exact	down	-1.232526771	302473	Slitrk4	True	False	False
late_allcell_DPN_vs_diabetes	SLX9	85395	official_exact	up	0.61431815	294333	Slx9	True	True	True
late_allcell_DPN_vs_diabetes	SMAD3	4088	official_exact	up	0.610023626	25631	Smad3	True	True	True
late_allcell_DPN_vs_diabetes	SMAD6	4091	official_exact	up	0.907224066	367100	Smad6	True	True	False
late_allcell_DPN_vs_diabetes	SMC4	10051	official_exact	down	-0.621264421	295107	Smc4	True	True	True
late_allcell_DPN_vs_diabetes	SMG1	23049	official_exact	down	-0.875153403	691397	Smg1	True	True	True
late_allcell_DPN_vs_diabetes	SMG9	56006	official_exact	up	0.725201385	365215	Smg9	True	True	True
late_allcell_DPN_vs_diabetes	SMIM10	644538	official_exact	down	-1.250722826			False	False	False
late_allcell_DPN_vs_diabetes	SMIM10L1	100129361	official_exact	down	-0.992953791	100360120	Smim10l1	True	True	True
late_allcell_DPN_vs_diabetes	SMIM13	221710	official_exact	down	-0.628121933	690806	Smim13	True	True	True
late_allcell_DPN_vs_diabetes	SMIM20	389203	official_exact	down	-0.97222235	501923	Smim20	True	False	False
late_allcell_DPN_vs_diabetes	SMIM26	388789	official_exact	down	-0.859583558	296207	Smim26	True	True	True
late_allcell_DPN_vs_diabetes	SMIM27	100129250	unique_synonym	down	-0.738606072	102552818	Tzmp1	True	False	False
late_allcell_DPN_vs_diabetes	SMIM28	110806279	official_exact	down	-1.142741422			False	False	False
late_allcell_DPN_vs_diabetes	SMIM4	440957	unique_synonym	down	-1.592337207	361111	Uqcc5	True	False	False
late_allcell_DPN_vs_diabetes	SMIM5	643008	official_exact	up	0.974579878	689926	Smim5	True	True	True
late_allcell_DPN_vs_diabetes	SMKR1	100287482	official_exact	down	-1.355687178	103692109	Smkr1-ps1	True	False	False
late_allcell_DPN_vs_diabetes	SMOC1	64093	official_exact	down	-0.604465942	314280	Smoc1	True	True	True
late_allcell_DPN_vs_diabetes	SMPD2	6610	official_exact	up	0.647501047	83537	Smpd2	True	True	True
late_allcell_DPN_vs_diabetes	SMPD3	55512	official_exact	up	0.909629357	94338	Smpd3	True	True	True
late_allcell_DPN_vs_diabetes	SMPDL3A	10924	official_exact	down	-1.402076462	294422	Smpdl3a	True	True	True
late_allcell_DPN_vs_diabetes	SMTN	6525	official_exact	up	0.611315069	289734	Smtn	True	True	True
late_allcell_DPN_vs_diabetes	SMU1	55234	official_exact	down	-1.652442619	117541	Smu1	True	True	True
late_allcell_DPN_vs_diabetes	SMYD3	64754	official_exact	down	-0.71149966	498295	Smyd3	True	False	False
late_allcell_DPN_vs_diabetes	SNAI2	6591	official_exact	up	0.858066286	25554	Snai2	True	True	True
late_allcell_DPN_vs_diabetes	SNAI3	333929	official_exact	up	0.722491851	307919	Snai3	True	True	False
late_allcell_DPN_vs_diabetes	SNAP91	9892	official_exact	down	-0.903564081	65178	Snap91	True	True	True
late_allcell_DPN_vs_diabetes	SNAPC2	6618	official_exact	down	-0.77848108	304204	Snapc2	True	True	True
late_allcell_DPN_vs_diabetes	SNAPC3	6619	official_exact	down	-0.592238065	362537	Snapc3	True	True	True
late_allcell_DPN_vs_diabetes	SNAPC5	10302	official_exact	down	-0.723841888	691501	Snapc5	True	True	True
late_allcell_DPN_vs_diabetes	SNCB	6620	official_exact	down	-1.344717235	113893	Sncb	True	True	True
late_allcell_DPN_vs_diabetes	SNED1	25992	official_exact	up	1.409775647	316638	Sned1	True	True	True
late_allcell_DPN_vs_diabetes	SNRPA	6626	official_exact	up	0.658667327	292729	Snrpa	True	True	True
late_allcell_DPN_vs_diabetes	SNRPD1	6632	official_exact	down	-0.909242912	291794	Snrpd1	True	True	True
late_allcell_DPN_vs_diabetes	SNRPD2	6633	official_exact	down	-1.000547807	680309	Snrpd2	True	True	True
late_allcell_DPN_vs_diabetes	SNRPF	6636	official_exact	down	-0.911768021	680737	Snrpf	True	True	True
late_allcell_DPN_vs_diabetes	SNX19	399979	official_exact	up	0.788072183	315478	Snx19	True	True	True
late_allcell_DPN_vs_diabetes	SNX21	90203	official_exact	up	0.681885962	100362940	Snx21	True	True	True
late_allcell_DPN_vs_diabetes	SNX22	79856	official_exact	down	-1.583926146	300796	Snx22	True	False	False
late_allcell_DPN_vs_diabetes	SNX7	51375	official_exact	down	-0.815036885	310815	Snx7	True	True	True
late_allcell_DPN_vs_diabetes	SOCS1	8651	official_exact	up	1.353777122	252971	Socs1	True	True	True
late_allcell_DPN_vs_diabetes	SOCS5	9655	official_exact	down	-1.007380399	500616	Socs5	True	True	True
late_allcell_DPN_vs_diabetes	SOD3	6649	official_exact	down	-0.639251085	25352	Sod3	True	True	True
late_allcell_DPN_vs_diabetes	SOHLH1	402381	official_exact	down	-1.229789766	362085	Sohlh1	True	True	False
late_allcell_DPN_vs_diabetes	SORBS3	10174	official_exact	up	0.661614447	282843	Sorbs3	True	True	True
late_allcell_DPN_vs_diabetes	SORL1	6653	official_exact	down	-0.863246336	300652	Sorl1	True	False	False
late_allcell_DPN_vs_diabetes	SORT1	6272	official_exact	down	-0.694960988	83576	Sort1	True	True	True
late_allcell_DPN_vs_diabetes	SOSTDC1	25928	official_exact	down	-1.144162424	266803	Sostdc1	True	True	True
late_allcell_DPN_vs_diabetes	SOX10	6663	official_exact	down	-0.625869323	29361	Sox10	True	True	True
late_allcell_DPN_vs_diabetes	SOX17	64321	official_exact	up	0.808900159	312936	Sox17	True	True	True
late_allcell_DPN_vs_diabetes	SOX18	54345	official_exact	up	0.597843309	311723	Sox18	True	True	False
late_allcell_DPN_vs_diabetes	SOX3	6658	official_exact	down	-1.412903442	679158	Sox3	True	False	False
late_allcell_DPN_vs_diabetes	SOX5	6660	official_exact	up	0.738871025	140587	Sox5	True	True	True
late_allcell_DPN_vs_diabetes	SOX9	6662	official_exact	down	-0.865531625	140586	Sox9	True	True	True
late_allcell_DPN_vs_diabetes	SPACA9	11092	official_exact	down	-1.18698277	296610	Spaca9	True	True	True
late_allcell_DPN_vs_diabetes	SPART	23111	official_exact	down	-0.621029991	295053	Spart	True	True	True
late_allcell_DPN_vs_diabetes	SPAST	6683	official_exact	down	-1.150219347	362700	Spast	True	True	True
late_allcell_DPN_vs_diabetes	SPATA22	84690	official_exact	down	-0.828186045	360565	Spata22	True	True	False
late_allcell_DPN_vs_diabetes	SPATA4	132851	official_exact	down	-1.021644925	306441	Spata4	True	True	False
late_allcell_DPN_vs_diabetes	SPATA6	54558	official_exact	down	-0.664622227	171413	Spata6	True	True	True
late_allcell_DPN_vs_diabetes	SPATA9	83890	official_exact	up	0.756581098	294594	Spata9	True	True	False
late_allcell_DPN_vs_diabetes	SPATC1L	84221	official_exact	down	-0.892942145	499418	Spatc1l	True	False	False
late_allcell_DPN_vs_diabetes	SPC25	57405	official_exact	down	-1.457424751	295661	Spc25	True	True	True
late_allcell_DPN_vs_diabetes	SPCS1	28972	official_exact	down	-0.705885784	290555	Spcs1	True	True	True
late_allcell_DPN_vs_diabetes	SPEG	10290	official_exact	up	0.780364083	363256	Speg	True	True	True
late_allcell_DPN_vs_diabetes	SPEGNB	100996693	official_exact	down	-0.727388407			False	False	False
late_allcell_DPN_vs_diabetes	SPG21	51324	official_exact	down	-0.657164598	300791	Spg21	True	True	True
late_allcell_DPN_vs_diabetes	SPHK1	8877	official_exact	up	0.644478783	170897	Sphk1	True	True	True
late_allcell_DPN_vs_diabetes	SPHK2	56848	official_exact	down	-0.773081579	308589	Sphk2	True	True	True
late_allcell_DPN_vs_diabetes	SPHKAP	80309	official_exact	down	-0.839502714	316561	Sphkap	True	True	True
late_allcell_DPN_vs_diabetes	SPIB	6689	official_exact	down	-1.010434758	499146	Spib	True	True	False
late_allcell_DPN_vs_diabetes	SPINT1	6692	official_exact	down	-1.123353191	311331	Spint1	True	True	True
late_allcell_DPN_vs_diabetes	SPINT2	10653	official_exact	down	-0.938284606	292770	Spint2	True	True	True
late_allcell_DPN_vs_diabetes	SPN	6693	official_exact	down	-0.72457869	24796	Spn	True	True	False
late_allcell_DPN_vs_diabetes	SPOCK1	6695	official_exact	down	-0.779689178	306759	Spock1	True	True	True
late_allcell_DPN_vs_diabetes	SPOCK2	9806	official_exact	down	-0.791757524	361840	Spock2	True	True	True
late_allcell_DPN_vs_diabetes	SPOCK3	50859	official_exact	down	-1.11010481	306404	Spock3	True	True	True
late_allcell_DPN_vs_diabetes	SPON1	10418	official_exact	down	-1.755127915	64456	Spon1	True	True	True
late_allcell_DPN_vs_diabetes	SPON2	10417	official_exact	up	0.776313421	171569	Spon2	True	True	False
late_allcell_DPN_vs_diabetes	SPPL2A	84888	official_exact	down	-0.673659871	311401	Sppl2a	True	True	True
late_allcell_DPN_vs_diabetes	SPPL3	121665	official_exact	down	-0.77923588	360822	Sppl3	True	True	True
late_allcell_DPN_vs_diabetes	SPRED1	161742	official_exact	down	-0.65077347	296072	Spred1	True	True	True
late_allcell_DPN_vs_diabetes	SPRED3	399473	official_exact	up	0.893249612	308478	Spred3	True	True	True
late_allcell_DPN_vs_diabetes	SPRY4	81848	official_exact	up	0.643345983	291610	Spry4	True	True	True
late_allcell_DPN_vs_diabetes	SPSB1	80176	official_exact	up	0.671637519	313722	Spsb1	True	True	True
late_allcell_DPN_vs_diabetes	SPTBN2	6712	official_exact	down	-0.718034906	29211	Sptbn2	True	True	True
late_allcell_DPN_vs_diabetes	SQLE	6713	official_exact	down	-1.494079223	29230	Sqle	True	True	True
late_allcell_DPN_vs_diabetes	SRD5A1	6715	official_exact	down	-0.924029844	24950	Srd5a1	True	True	True
late_allcell_DPN_vs_diabetes	SREK1IP1	285672	official_exact	down	-0.974748261	361888	Srek1ip1	True	False	False
late_allcell_DPN_vs_diabetes	SRGAP3	9901	official_exact	down	-0.601003021	500287	Srgap3	True	True	True
late_allcell_DPN_vs_diabetes	SRGN	5552	official_exact	up	0.642751664	56782	Srgn	True	True	True
late_allcell_DPN_vs_diabetes	SRPX2	27286	official_exact	up	0.734167314	317181	Srpx2	True	True	False
late_allcell_DPN_vs_diabetes	SRRM5	100170229	official_exact	up	0.931883278	100363433	Srrm5	True	False	False
late_allcell_DPN_vs_diabetes	SRSF1	6426	official_exact	up	1.060753233	689890	Srsf1	True	True	True
late_allcell_DPN_vs_diabetes	SRSF10	10772	official_exact	up	0.622049532	362630	Srsf10	True	True	True
late_allcell_DPN_vs_diabetes	SRSF12	135295	official_exact	down	-1.240026898	297962	Srsf12	True	True	True
late_allcell_DPN_vs_diabetes	SSBP4	170463	official_exact	up	0.637788901	364534	Ssbp4	True	True	True
late_allcell_DPN_vs_diabetes	SSC4D	136853	official_exact	down	-0.833761761	304401	Ssc4d	True	True	True
late_allcell_DPN_vs_diabetes	SSC5D	284297	official_exact	up	1.365092312	308341	Ssc5d	True	True	True
late_allcell_DPN_vs_diabetes	SSR1	6745	official_exact	down	-1.475781234	361233	Ssr1	True	True	True
late_allcell_DPN_vs_diabetes	SSR4	6748	official_exact	down	-0.931093656	29435	Ssr4	True	True	True
late_allcell_DPN_vs_diabetes	SST	6750	official_exact	down	-1.325421085	24797	Sst	True	True	True
late_allcell_DPN_vs_diabetes	SSX2IP	117178	official_exact	down	-0.633052162	308023	Ssx2ip	True	True	True
late_allcell_DPN_vs_diabetes	ST3GAL2	6483	official_exact	up	0.609483007	64442	St3gal2	True	True	True
late_allcell_DPN_vs_diabetes	ST6GALNAC4	27090	official_exact	up	0.853555192	407764	St6galnac4	True	True	True
late_allcell_DPN_vs_diabetes	ST6GALNAC6	30815	official_exact	up	0.899150454	407765	St6galnac6	True	True	True
late_allcell_DPN_vs_diabetes	ST8SIA5	29906	official_exact	down	-0.712617111	364901	St8sia5	True	True	False
late_allcell_DPN_vs_diabetes	STAB1	23166	official_exact	up	1.02319165	100363145	Stab1	True	True	False
late_allcell_DPN_vs_diabetes	STAC	6769	official_exact	down	-0.893594894	363152	Stac	True	True	True
late_allcell_DPN_vs_diabetes	STAC3	246329	official_exact	up	1.605437595	362895	Stac3	True	True	False
late_allcell_DPN_vs_diabetes	STAP1	26228	official_exact	up	1.112397636	305269	Stap1	True	True	False
late_allcell_DPN_vs_diabetes	STAR	6770	official_exact	up	0.685643382	25557	Star	True	True	False
late_allcell_DPN_vs_diabetes	STARD3	10948	official_exact	up	0.616074552	363675	Stard3	True	True	True
late_allcell_DPN_vs_diabetes	STARD4	134429	official_exact	down	-0.986010135	291699	Stard4	True	True	True
late_allcell_DPN_vs_diabetes	STARD5	80765	official_exact	up	0.942973612	502348	Stard5	True	True	False
late_allcell_DPN_vs_diabetes	STARD7	56910	official_exact	down	-0.708843475	296128	Stard7	True	True	True
late_allcell_DPN_vs_diabetes	STAT4	6775	official_exact	up	0.585826905	367264	Stat4	True	False	False
late_allcell_DPN_vs_diabetes	STEAP1B	256227	official_exact	up	2.319588352			False	False	False
late_allcell_DPN_vs_diabetes	STEAP2	261729	official_exact	down	-1.279904688	312052	Steap2	True	True	True
late_allcell_DPN_vs_diabetes	STEAP3	55240	official_exact	down	-0.826518992	170824	Steap3	True	True	True
late_allcell_DPN_vs_diabetes	STEAP4	79689	official_exact	down	-1.920931069	499991	Steap4	True	True	False
late_allcell_DPN_vs_diabetes	STK19	8859	unique_synonym	up	0.594968838	361800	Whr1	True	False	False
late_allcell_DPN_vs_diabetes	STK25	10494	official_exact	up	0.677725661	373542	Stk25	True	True	True
late_allcell_DPN_vs_diabetes	STK32A	202374	official_exact	up	0.676224466	364858	Stk32a	True	True	True
late_allcell_DPN_vs_diabetes	STK33	65975	official_exact	down	-0.923850262	690861	Stk33	True	True	False
late_allcell_DPN_vs_diabetes	STK35	140901	official_exact	up	0.702683968	311419	Stk35	True	True	True
late_allcell_DPN_vs_diabetes	STMN3	50861	official_exact	down	-0.681751488	29246	Stmn3	True	True	True
late_allcell_DPN_vs_diabetes	STON1	11037	official_exact	down	-0.641416548	360202	Ston1	True	True	False
late_allcell_DPN_vs_diabetes	STRBP	55342	official_exact	down	-0.814491626	84476	Strbp	True	True	True
late_allcell_DPN_vs_diabetes	STS	412	official_exact	down	-0.780420506	24800	Sts	True	True	True
late_allcell_DPN_vs_diabetes	STUM	375057	official_exact	up	0.75328057	689499	Stum	True	True	True
late_allcell_DPN_vs_diabetes	STX11	8676	official_exact	up	1.295521256	292483	Stx11	True	True	True
late_allcell_DPN_vs_diabetes	STX4	6810	official_exact	up	0.618707295	81803	Stx4	True	True	True
late_allcell_DPN_vs_diabetes	STX8	9482	official_exact	up	0.69860559	59074	Stx8	True	True	True
late_allcell_DPN_vs_diabetes	STXBP5L	9515	official_exact	down	-0.599402852	288080	Stxbp5l	True	True	True
late_allcell_DPN_vs_diabetes	STYK1	55359	official_exact	down	-0.606270867	500340	Styk1	True	True	False
late_allcell_DPN_vs_diabetes	SUCLA2	8803	official_exact	down	-0.601850847	361071	Sucla2	True	True	True
late_allcell_DPN_vs_diabetes	SUCO	51430	official_exact	down	-0.650898235	360863	Suco	True	True	True
late_allcell_DPN_vs_diabetes	SULF1	23213	official_exact	down	-1.318082667	171396	Sulf1	True	True	True
late_allcell_DPN_vs_diabetes	SULT4A1	25830	official_exact	down	-0.588526964	58953	Sult4a1	True	True	True
late_allcell_DPN_vs_diabetes	SURF4	6836	official_exact	down	-0.759244273	619346	Surf4	True	True	True
late_allcell_DPN_vs_diabetes	SUSD4	55061	official_exact	down	-0.891885012	289335	Susd4	True	True	True
late_allcell_DPN_vs_diabetes	SV2B	9899	official_exact	down	-0.995057417	117556	Sv2b	True	False	False
late_allcell_DPN_vs_diabetes	SV2C	22987	official_exact	down	-0.88656099	29643	Sv2c	True	True	True
late_allcell_DPN_vs_diabetes	SVIL	6840	official_exact	up	1.102261334	361256	Svil	True	True	True
late_allcell_DPN_vs_diabetes	SVIP	258010	official_exact	down	-0.803091374	499157	Svip	True	True	True
late_allcell_DPN_vs_diabetes	SVOP	55530	official_exact	down	-0.640225763	171442	Svop	True	True	True
late_allcell_DPN_vs_diabetes	SYCE1	93426	official_exact	up	1.023060495	502372	Syce1	True	True	False
late_allcell_DPN_vs_diabetes	SYDE2	84144	official_exact	down	-0.696777436	308021	Syde2	True	True	False
late_allcell_DPN_vs_diabetes	SYNCRIP	10492	official_exact	up	1.440186907	363113	Syncrip	True	True	True
late_allcell_DPN_vs_diabetes	SYNDIG1L	646658	official_exact	up	1.303448242	685882	Syndig1l	True	True	True
late_allcell_DPN_vs_diabetes	SYNE3	161176	official_exact	up	1.328690117	299356	Syne3	True	True	True
late_allcell_DPN_vs_diabetes	SYNGAP1	8831	official_exact	up	0.776515735	192117	Syngap1	True	True	False
late_allcell_DPN_vs_diabetes	SYNGR3	9143	official_exact	down	-0.877423181	302975	Syngr3	True	True	True
late_allcell_DPN_vs_diabetes	SYNGR4	23546	official_exact	down	-1.285146165	292916	Syngr4	True	True	False
late_allcell_DPN_vs_diabetes	SYNPR	132204	official_exact	up	0.842989466	66030	Synpr	True	True	True
late_allcell_DPN_vs_diabetes	SYP	6855	official_exact	down	-0.679567193	24804	Syp	True	True	True
late_allcell_DPN_vs_diabetes	SYPL1	6856	official_exact	down	-0.897259581	366595	Sypl1	True	True	True
late_allcell_DPN_vs_diabetes	SYT1	6857	official_exact	down	-0.678866177	25716	Syt1	True	True	True
late_allcell_DPN_vs_diabetes	SYT10	341359	official_exact	down	-1.438174846	60567	Syt10	True	True	True
late_allcell_DPN_vs_diabetes	SYT14	255928	official_exact	down	-0.770117474	684293	Syt14	True	True	True
late_allcell_DPN_vs_diabetes	SYT17	51760	official_exact	up	0.73524586	192189	Syt17	True	True	False
late_allcell_DPN_vs_diabetes	SYT2	127833	official_exact	down	-0.907521489	24805	Syt2	True	True	True
late_allcell_DPN_vs_diabetes	SYT4	6860	official_exact	down	-1.181985969	64440	Syt4	True	True	True
late_allcell_DPN_vs_diabetes	SYT7	9066	official_exact	down	-0.673583468	59267	Syt7	True	True	True
late_allcell_DPN_vs_diabetes	SYT9	143425	official_exact	down	-0.687039788	60564	Syt9	True	True	True
late_allcell_DPN_vs_diabetes	SYTL1	84958	official_exact	up	1.553871242	297872	Sytl1	True	True	False
late_allcell_DPN_vs_diabetes	TAC1	6863	official_exact	down	-0.712628472	24806	Tac1	True	True	True
late_allcell_DPN_vs_diabetes	TAF4	6874	official_exact	up	0.641958389	682097	Taf4	True	True	False
late_allcell_DPN_vs_diabetes	TAFA1	407738	official_exact	down	-0.931631214	500266	Tafa1	True	False	False
late_allcell_DPN_vs_diabetes	TAFA3	284467	official_exact	down	-0.910913584	691123	Tafa3	True	True	True
late_allcell_DPN_vs_diabetes	TAGLN3	29114	official_exact	down	-0.617602807	63837	Tagln3	True	True	False
late_allcell_DPN_vs_diabetes	TAL1	6886	official_exact	up	0.722936489	313507	Tal1	True	True	False
late_allcell_DPN_vs_diabetes	TARBP2	6895	official_exact	up	0.955551614	363006	Tarbp2	True	True	True
late_allcell_DPN_vs_diabetes	TARS	6897	unique_synonym	down	-0.755090626	294810	Tars1	True	True	True
late_allcell_DPN_vs_diabetes	TARS1	6897	official_exact	up	0.976687071	294810	Tars1	True	True	True
late_allcell_DPN_vs_diabetes	TASL	80231	official_exact	down	-0.918307518	501570	Tasl	True	True	False
late_allcell_DPN_vs_diabetes	TATDN2	9797	official_exact	up	0.711985369	500295	Tatdn2	True	True	True
late_allcell_DPN_vs_diabetes	TBC1D13	54662	official_exact	up	0.617401584	499768	Tbc1d13	True	True	True
late_allcell_DPN_vs_diabetes	TBC1D3B	414059	official_exact	up	3.798695242			False	False	False
late_allcell_DPN_vs_diabetes	TBC1D3E	102723859	official_exact	up	2.008039845			False	False	False
late_allcell_DPN_vs_diabetes	TBKBP1	9755	official_exact	up	0.940554492	266764	Tbkbp1	True	True	True
late_allcell_DPN_vs_diabetes	TBL1Y	90665	official_exact	up	0.901255971			False	False	False
late_allcell_DPN_vs_diabetes	TBX1	6899	official_exact	up	1.427073972	360737	Tbx1	True	True	False
late_allcell_DPN_vs_diabetes	TBX18	9096	official_exact	up	1.008358938	315870	Tbx18	True	True	False
late_allcell_DPN_vs_diabetes	TBX6	6911	official_exact	up	0.634100382	365371	Tbx6	True	True	False
late_allcell_DPN_vs_diabetes	TBXA2R	6915	official_exact	up	0.807590613	24816	Tbxa2r	True	True	False
late_allcell_DPN_vs_diabetes	TC2N	123036	official_exact	down	-0.921597838	500707	Tc2n	True	True	True
late_allcell_DPN_vs_diabetes	TCAP	8557	official_exact	up	0.784911263	688173	Tcap	True	False	False
late_allcell_DPN_vs_diabetes	TCEA3	6920	official_exact	up	1.293582056	298559	Tcea3	True	True	True
late_allcell_DPN_vs_diabetes	TCEAL5	340543	official_exact	down	-0.849625604	680282	Tceal5	True	True	True
late_allcell_DPN_vs_diabetes	TCEAL6	158931	official_exact	down	-1.768109702			False	False	False
late_allcell_DPN_vs_diabetes	TCEAL9	51186	official_exact	down	-0.668629747	680354	Tceal9	True	True	True
late_allcell_DPN_vs_diabetes	TCF3	6929	official_exact	up	0.657523112	171046	Tcf3	True	True	True
late_allcell_DPN_vs_diabetes	TCF4	6925	official_exact	up	0.672883517	84382	Tcf4	True	True	True
late_allcell_DPN_vs_diabetes	TCF7	6932	official_exact	up	0.831464134	363595	Tcf7	True	True	False
late_allcell_DPN_vs_diabetes	TCF7L2	6934	official_exact	up	0.620438745	679869	Tcf7l2	True	True	True
late_allcell_DPN_vs_diabetes	TCHP	84260	official_exact	up	1.009921044	304547	Tchp	True	True	True
late_allcell_DPN_vs_diabetes	TCIM	56892	official_exact	up	0.649119439	684871	Tcim	True	False	False
late_allcell_DPN_vs_diabetes	TCOF1	6949	official_exact	up	0.768623007	291571	Tcof1	True	True	True
late_allcell_DPN_vs_diabetes	TCP10L	140290	official_exact	up	1.089742427			False	False	False
late_allcell_DPN_vs_diabetes	TCTE3	6991	unique_synonym	up	0.604684374	365153	Dynlt2	True	True	False
late_allcell_DPN_vs_diabetes	TCTEX1D4	343521	unique_synonym	up	0.89429003	102551208	Dynlt4	True	True	False
late_allcell_DPN_vs_diabetes	TDRD10	126668	official_exact	up	1.276979713			False	False	False
late_allcell_DPN_vs_diabetes	TDRD6	221400	official_exact	down	-0.758781624	316254	Tdrd6	True	True	False
late_allcell_DPN_vs_diabetes	TEAD1	7003	official_exact	up	0.605453044	361630	Tead1	True	True	False
late_allcell_DPN_vs_diabetes	TEAD2	8463	official_exact	up	0.694663899	308582	Tead2	True	True	True
late_allcell_DPN_vs_diabetes	TECR	9524	official_exact	down	-0.975412895	191576	Tecr	True	True	True
late_allcell_DPN_vs_diabetes	TEDC1	283643	official_exact	up	0.600801107	690422	Tedc1	True	True	True
late_allcell_DPN_vs_diabetes	TEK	7010	official_exact	up	1.101253982	89804	Tek	True	True	True
late_allcell_DPN_vs_diabetes	TEKTIP1	100128569	official_exact	up	1.155480305	690617	Tektip1	True	False	False
late_allcell_DPN_vs_diabetes	TELO2	9894	official_exact	up	0.913418898	302986	Telo2	True	True	True
late_allcell_DPN_vs_diabetes	TENM1	10178	official_exact	down	-0.741109394	298168	Tenm1	True	False	False
late_allcell_DPN_vs_diabetes	TENM4	26011	official_exact	down	-0.64440192	308831	Tenm4	True	True	True
late_allcell_DPN_vs_diabetes	TET3	200424	official_exact	up	0.828673354	680576	Tet3	True	True	True
late_allcell_DPN_vs_diabetes	TF	7018	official_exact	down	-1.764895418	24825	Tf	True	True	True
late_allcell_DPN_vs_diabetes	TFDP1	7027	official_exact	down	-0.86011224	361178	Tfdp1	True	True	True
late_allcell_DPN_vs_diabetes	TG	7038	official_exact	up	0.662910239	24826	Tg	True	True	False
late_allcell_DPN_vs_diabetes	TGFA	7039	official_exact	down	-0.611181593	24827	Tgfa	True	True	True
late_allcell_DPN_vs_diabetes	TGFB2	7042	official_exact	down	-0.900649081	81809	Tgfb2	True	True	True
late_allcell_DPN_vs_diabetes	TGFB3	7043	official_exact	up	0.775797845	25717	Tgfb3	True	True	True
late_allcell_DPN_vs_diabetes	TGFBR3L	100507588	official_exact	down	-1.173249647	688681	Tgfbr3l	True	True	False
late_allcell_DPN_vs_diabetes	THAP10	56906	official_exact	down	-0.663087123			False	False	False
late_allcell_DPN_vs_diabetes	THAP12	5612	official_exact	down	-0.799415341	308845	Thap12	True	True	True
late_allcell_DPN_vs_diabetes	THAP5	168451	official_exact	down	-0.785840404			False	False	False
late_allcell_DPN_vs_diabetes	THBS1	7057	official_exact	down	-1.238207121	445442	Thbs1	True	True	True
late_allcell_DPN_vs_diabetes	THBS4	7060	official_exact	down	-1.079783919	29220	Thbs4	True	True	True
late_allcell_DPN_vs_diabetes	THNSL1	79896	official_exact	down	-0.923079009	498805	Thnsl1	True	True	True
late_allcell_DPN_vs_diabetes	THNSL2	55258	official_exact	up	0.732775015	297332	Thnsl2	True	True	True
late_allcell_DPN_vs_diabetes	THPO	7066	official_exact	up	0.865614288	81811	Thpol1	True	False	False
late_allcell_DPN_vs_diabetes	THRB	7068	official_exact	up	1.108043118	24831	Thrb	True	True	True
late_allcell_DPN_vs_diabetes	THRSP	7069	official_exact	up	1.997276975	25357	Thrsp	True	True	False
late_allcell_DPN_vs_diabetes	THSD4	79875	official_exact	down	-0.959787166	315728	Thsd4	True	True	True
late_allcell_DPN_vs_diabetes	THY1	7070	official_exact	down	-0.874979677	24832	Thy1	True	True	True
late_allcell_DPN_vs_diabetes	TIE1	7075	official_exact	up	0.681322305	89806	Tie1	True	True	True
late_allcell_DPN_vs_diabetes	TIFA	92610	official_exact	down	-0.740346801	310877	Tifa	True	True	True
late_allcell_DPN_vs_diabetes	TIGAR	57103	official_exact	down	-0.89900724	502894	Tigar	True	True	True
late_allcell_DPN_vs_diabetes	TIGD2	166815	official_exact	down	-0.768550808	100912924	Tigd2	True	True	True
late_allcell_DPN_vs_diabetes	TIMM44	10469	official_exact	up	0.597200261	29635	Timm44	True	True	True
late_allcell_DPN_vs_diabetes	TIMP1	7076	official_exact	down	-1.118819201	116510	Timp1	True	True	True
late_allcell_DPN_vs_diabetes	TIMP4	7079	official_exact	down	-1.175944412	680130	Timp4	True	True	True
late_allcell_DPN_vs_diabetes	TINAGL1	64129	official_exact	up	1.017656036	94174	Tinagl1	True	True	True
late_allcell_DPN_vs_diabetes	TINCR	257000	official_exact	down	-0.593813022	104940696	Tincr	True	False	False
late_allcell_DPN_vs_diabetes	TLCD2	727910	official_exact	up	0.609499395	497955	Tlcd2	True	True	False
late_allcell_DPN_vs_diabetes	TLCD3B	83723	official_exact	down	-1.000080851	293493	Tlcd3b	True	True	True
late_allcell_DPN_vs_diabetes	TLCD4	148534	official_exact	down	-0.705042691	365924	Tlcd4	True	True	True
late_allcell_DPN_vs_diabetes	TLL1	7092	official_exact	up	0.682370309	678743	Tll1	True	True	False
late_allcell_DPN_vs_diabetes	TLR1	7096	official_exact	down	-0.712214425	305354	Tlr1	True	False	False
late_allcell_DPN_vs_diabetes	TLR2	7097	official_exact	down	-1.610688235	310553	Tlr2	True	True	True
late_allcell_DPN_vs_diabetes	TLR3	7098	official_exact	down	-1.042516671	364594	Tlr3	True	True	True
late_allcell_DPN_vs_diabetes	TLR4	7099	official_exact	down	-0.872610488	29260	Tlr4	True	True	False
late_allcell_DPN_vs_diabetes	TLR5	7100	official_exact	down	-0.80273556	289337	Tlr5	True	True	False
late_allcell_DPN_vs_diabetes	TLR6	10333	official_exact	down	-1.052051977	305353	Tlr6	True	True	False
late_allcell_DPN_vs_diabetes	TLR9	54106	official_exact	up	1.021840064	338457	Tlr9	True	False	False
late_allcell_DPN_vs_diabetes	TLX3	30012	official_exact	down	-0.900687229	497881	Tlx3	True	True	True
late_allcell_DPN_vs_diabetes	TM2D3	80213	official_exact	down	-0.622143608	292995	Tm2d3	True	True	True
late_allcell_DPN_vs_diabetes	TM6SF1	53346	official_exact	down	-0.701135002	361600	Tm6sf1	True	True	True
late_allcell_DPN_vs_diabetes	TM7SF3	51768	official_exact	down	-1.00369954	297725	Tm7sf3	True	True	True
late_allcell_DPN_vs_diabetes	TM9SF2	9375	official_exact	down	-1.014017221	306197	Tm9sf2	True	True	True
late_allcell_DPN_vs_diabetes	TM9SF3	56889	official_exact	down	-1.119202395	309475	Tm9sf3	True	True	True
late_allcell_DPN_vs_diabetes	TMC3	342125	official_exact	down	-0.962871511	293065	Tmc3	True	True	True
late_allcell_DPN_vs_diabetes	TMC4	147798	official_exact	up	1.062678088	308310	Tmc4	True	True	False
late_allcell_DPN_vs_diabetes	TMCO4	255104	official_exact	up	0.88753372	500573	Tmco4	True	True	True
late_allcell_DPN_vs_diabetes	TMED2	10959	official_exact	down	-1.083364162	65165	Tmed2	True	True	True
late_allcell_DPN_vs_diabetes	TMED6	146456	official_exact	down	-0.704219	291991	Tmed6	True	False	False
late_allcell_DPN_vs_diabetes	TMED7	51014	official_exact	down	-0.9618636	252889	Tmed7	True	True	True
late_allcell_DPN_vs_diabetes	TMEM100	55273	official_exact	down	-0.635082543	497979	Tmem100	True	True	True
late_allcell_DPN_vs_diabetes	TMEM106B	54664	official_exact	down	-0.790322825	312132	Tmem106b	True	True	True
late_allcell_DPN_vs_diabetes	TMEM108	66000	official_exact	down	-0.829759093	300967	Tmem108	True	True	False
late_allcell_DPN_vs_diabetes	TMEM123	114908	official_exact	down	-1.631379456	363013	Tmem123	True	True	True
late_allcell_DPN_vs_diabetes	TMEM128	85013	official_exact	down	-1.076238348	360952	Tmem128	True	True	True
late_allcell_DPN_vs_diabetes	TMEM130	222865	official_exact	down	-0.978960373	304280	Tmem130	True	True	True
late_allcell_DPN_vs_diabetes	TMEM132C	92293	official_exact	up	0.746508039	363915	Tmem132c	True	True	False
late_allcell_DPN_vs_diabetes	TMEM132D	121256	official_exact	down	-0.803117343	288750	Tmem132d	True	False	False
late_allcell_DPN_vs_diabetes	TMEM132E	124842	official_exact	down	-0.987887334	287564	Tmem132e	True	True	True
late_allcell_DPN_vs_diabetes	TMEM14C	51522	official_exact	down	-0.604950633	171432	Tmem14c	True	True	True
late_allcell_DPN_vs_diabetes	TMEM150B	284417	official_exact	up	0.925492699	308346	Tmem150b	True	True	False
late_allcell_DPN_vs_diabetes	TMEM151A	256472	official_exact	down	-0.969045976	309158	Tmem151a	True	False	False
late_allcell_DPN_vs_diabetes	TMEM151B	441151	official_exact	down	-0.963135903	301253	Tmem151b	True	True	True
late_allcell_DPN_vs_diabetes	TMEM156	80008	official_exact	down	-1.158901976	498365	Tmem156	True	True	False
late_allcell_DPN_vs_diabetes	TMEM163	81615	official_exact	down	-1.120614677	360839	Tmem163	True	True	True
late_allcell_DPN_vs_diabetes	TMEM168	64418	official_exact	down	-1.290663603	312135	Tmem168	True	True	True
late_allcell_DPN_vs_diabetes	TMEM17	200728	official_exact	down	-0.926729372	360985	Tmem17	True	True	True
late_allcell_DPN_vs_diabetes	TMEM176A	55365	official_exact	down	-0.927475245	297077	Tmem176a	True	True	True
late_allcell_DPN_vs_diabetes	TMEM179	388021	official_exact	down	-0.648324735	314472	Tmem179	True	True	True
late_allcell_DPN_vs_diabetes	TMEM183A	92703	official_exact	down	-0.70732389	289034	Tmem183a	True	True	True
late_allcell_DPN_vs_diabetes	TMEM184C	55751	official_exact	down	-0.690885458	291946	Tmem184c	True	True	True
late_allcell_DPN_vs_diabetes	TMEM187	8269	official_exact	down	-0.942624783			False	False	False
late_allcell_DPN_vs_diabetes	TMEM19	55266	official_exact	down	-0.590984715	299800	Tmem19	True	True	True
late_allcell_DPN_vs_diabetes	TMEM192	201931	official_exact	down	-0.773489689	361137	Tmem192	True	True	True
late_allcell_DPN_vs_diabetes	TMEM200C	645369	official_exact	down	-0.590509567	501201	Tmem200c	True	True	True
late_allcell_DPN_vs_diabetes	TMEM201	199953	official_exact	up	0.59943312	691426	Tmem201	True	True	True
late_allcell_DPN_vs_diabetes	TMEM204	79652	official_exact	up	0.722889002	287129	Tmem204	True	True	True
late_allcell_DPN_vs_diabetes	TMEM222	84065	official_exact	down	-0.945779487	313021	Tmem222	True	True	True
late_allcell_DPN_vs_diabetes	TMEM229A	730130	official_exact	down	-0.654578755	685756	Tmem229a	True	True	True
late_allcell_DPN_vs_diabetes	TMEM238L	100289255	official_exact	down	-0.861176354	102554819	Tmem238l	True	False	False
late_allcell_DPN_vs_diabetes	TMEM246	84302	unique_synonym	down	-0.861666493	362518	Pgap4	True	True	True
late_allcell_DPN_vs_diabetes	TMEM255A	55026	official_exact	down	-1.238723864	313453	Tmem255a	True	True	True
late_allcell_DPN_vs_diabetes	TMEM255B	348013	official_exact	up	0.741500162	290877	Tmem255b	True	True	True
late_allcell_DPN_vs_diabetes	TMEM267	64417	official_exact	down	-0.740975491	499532	Tmem267	True	True	False
late_allcell_DPN_vs_diabetes	TMEM271	112441426	official_exact	down	-0.658273034	120096548	Tmem271	True	False	False
late_allcell_DPN_vs_diabetes	TMEM272	283521	official_exact	down	-1.29194583			False	False	False
late_allcell_DPN_vs_diabetes	TMEM30A	55754	unique_synonym	down	-0.990490765	300857	Cdc50a	True	True	True
late_allcell_DPN_vs_diabetes	TMEM33	55161	official_exact	down	-0.854754408	59303	Tmem33	True	True	True
late_allcell_DPN_vs_diabetes	TMEM35A	59353	official_exact	down	-0.627667967	308134	Tmem35a	True	True	True
late_allcell_DPN_vs_diabetes	TMEM37	140738	official_exact	up	0.66865449	245953	Tmem37	True	True	True
late_allcell_DPN_vs_diabetes	TMEM38A	79041	official_exact	down	-1.039485164	306327	Tmem38a	True	True	True
late_allcell_DPN_vs_diabetes	TMEM38B	55151	official_exact	down	-0.683746541	362521	Tmem38b	True	True	True
late_allcell_DPN_vs_diabetes	TMEM39A	55254	official_exact	down	-0.644291269	288092	Tmem39a	True	True	True
late_allcell_DPN_vs_diabetes	TMEM44	93109	official_exact	up	0.652071278	288028	Tmem44	True	True	False
late_allcell_DPN_vs_diabetes	TMEM45B	120224	official_exact	down	-0.891489648	315524	Tmem45b	True	True	True
late_allcell_DPN_vs_diabetes	TMEM47	83604	official_exact	down	-1.285145818	501569	Tmem47	True	True	True
late_allcell_DPN_vs_diabetes	TMEM51	55092	official_exact	down	-0.752920139	500578	Tmem51	True	True	True
late_allcell_DPN_vs_diabetes	TMEM53	79639	official_exact	down	-0.737442638	313529	Tmem53	True	True	True
late_allcell_DPN_vs_diabetes	TMEM59	9528	official_exact	down	-1.038171665	100196907	Tmem59	True	True	True
late_allcell_DPN_vs_diabetes	TMEM59L	25789	official_exact	down	-0.655966386	306349	Tmem59l	True	True	True
late_allcell_DPN_vs_diabetes	TMEM60	85025	official_exact	down	-0.909853606	296761	Tmem60	True	True	True
late_allcell_DPN_vs_diabetes	TMEM63C	57156	official_exact	down	-0.764640295	314332	Tmem63c	True	True	True
late_allcell_DPN_vs_diabetes	TMEM64	169200	official_exact	down	-0.692341023	689176	Tmem64	True	True	False
late_allcell_DPN_vs_diabetes	TMEM70	54968	official_exact	down	-0.619749955	500384	Tmem70	True	True	True
late_allcell_DPN_vs_diabetes	TMEM72	643236	official_exact	down	-0.799017014	362424	Tmem72	True	True	True
late_allcell_DPN_vs_diabetes	TMEM74B	55321	official_exact	up	0.695377308	499917	Tmem74b	True	True	True
late_allcell_DPN_vs_diabetes	TMEM95	339168	official_exact	up	0.626752561	691982	Tmem95	True	False	False
late_allcell_DPN_vs_diabetes	TMEM97	27346	official_exact	down	-1.408701063	303330	Tmem97	True	True	True
late_allcell_DPN_vs_diabetes	TMEM9B	56674	official_exact	down	-0.746341058	293415	Tmem9b	True	True	True
late_allcell_DPN_vs_diabetes	TMOD1	7111	official_exact	down	-0.630430023	25566	Tmod1	True	True	True
late_allcell_DPN_vs_diabetes	TMPPE	643853	official_exact	down	-0.612560037	102555172	Tmppe	True	False	False
late_allcell_DPN_vs_diabetes	TMPRSS13	84000	official_exact	up	1.051885985	300682	Tmprss13	True	True	False
late_allcell_DPN_vs_diabetes	TMPRSS2	7113	official_exact	down	-1.013253038	156435	Tmprss2	True	True	False
late_allcell_DPN_vs_diabetes	TMSB15C	122394733	official_exact	up	0.689281852			False	False	False
late_allcell_DPN_vs_diabetes	TMSB4Y	9087	official_exact	down	-0.697720346			False	False	False
late_allcell_DPN_vs_diabetes	TMTC3	160418	official_exact	down	-0.622166365	314785	Tmtc3	True	True	True
late_allcell_DPN_vs_diabetes	TMX1	81542	official_exact	down	-0.679237215	362751	Tmx1	True	True	True
late_allcell_DPN_vs_diabetes	TMX4	56255	official_exact	down	-0.784347857	296182	Tmx4	True	True	True
late_allcell_DPN_vs_diabetes	TNC	3371	official_exact	up	0.887284259	116640	Tnc	True	True	True
late_allcell_DPN_vs_diabetes	TNF	7124	official_exact	down	-0.956091318	24835	Tnf	True	False	False
late_allcell_DPN_vs_diabetes	TNFAIP3	7128	official_exact	up	0.731624262	683206	Tnfaip3	True	True	False
late_allcell_DPN_vs_diabetes	TNFAIP8	25816	official_exact	up	0.682866102	307428	Tnfaip8	True	True	True
late_allcell_DPN_vs_diabetes	TNFAIP8L3	388121	unique_synonym	up	0.588762662	315673	Tnfaip8l3	True	True	True
late_allcell_DPN_vs_diabetes	TNFRSF10B	8795	official_exact	up	0.886050838	364420	Tnfrsf10b	True	False	False
late_allcell_DPN_vs_diabetes	TNFRSF10D	8793	official_exact	up	0.682518212			False	False	False
late_allcell_DPN_vs_diabetes	TNFRSF11A	8792	official_exact	down	-0.875996093	498206	Tnfrsf11a	True	True	True
late_allcell_DPN_vs_diabetes	TNFRSF25	8718	official_exact	up	1.024007614	500592	Tnfrsf25	True	True	False
late_allcell_DPN_vs_diabetes	TNIP2	79155	official_exact	up	0.83187267	305451	Tnip2	True	True	True
late_allcell_DPN_vs_diabetes	TNK1	8711	official_exact	up	0.902927046	303247	Tnk1	True	True	False
late_allcell_DPN_vs_diabetes	TNKS2	80351	official_exact	down	-0.926785288	309512	Tnks2	True	True	True
late_allcell_DPN_vs_diabetes	TNNC1	7134	official_exact	down	-0.615864138	290561	Tnnc1	True	True	True
late_allcell_DPN_vs_diabetes	TNNC2	7125	official_exact	up	2.120543092	296369	Tnnc2	True	True	False
late_allcell_DPN_vs_diabetes	TNNT1	7138	official_exact	up	3.933654205	171409	Tnnt1	True	True	True
late_allcell_DPN_vs_diabetes	TNNT3	7140	official_exact	up	3.372174703	24838	Tnnt3	True	True	True
late_allcell_DPN_vs_diabetes	TNR	7143	official_exact	down	-0.667858568	25567	Tnr	True	True	True
late_allcell_DPN_vs_diabetes	TOB1	10140	official_exact	down	-0.642386787	170842	Tob1	True	True	True
late_allcell_DPN_vs_diabetes	TOMM20	9804	official_exact	down	-0.708986958	266601	Tomm20	True	True	True
late_allcell_DPN_vs_diabetes	TOMM34	10953	official_exact	down	-0.906977408	311621	Tomm34	True	True	True
late_allcell_DPN_vs_diabetes	TOMM7	54543	official_exact	down	-0.61498192	685620	Tomm7	True	True	True
late_allcell_DPN_vs_diabetes	TOMM70	9868	official_exact	down	-0.593561548	304017	Tomm70	True	True	True
late_allcell_DPN_vs_diabetes	TOP1MT	116447	official_exact	up	0.617012827	300029	Top1mt	True	True	True
late_allcell_DPN_vs_diabetes	TOPORS	10210	official_exact	down	-0.845337158	362501	Topors	True	True	True
late_allcell_DPN_vs_diabetes	TP53RK	112858	official_exact	down	-0.636690656			False	False	False
late_allcell_DPN_vs_diabetes	TPBGL	100507050	official_exact	down	-0.907655289	681316	Tpbgl	True	True	False
late_allcell_DPN_vs_diabetes	TPD52	7163	official_exact	down	-0.635366616	294900	Tpd52	True	True	True
late_allcell_DPN_vs_diabetes	TPM2	7169	official_exact	up	0.693457874	500450	Tpm2	True	True	True
late_allcell_DPN_vs_diabetes	TPM4	7171	official_exact	down	-0.788581748	24852	Tpm4	True	True	True
late_allcell_DPN_vs_diabetes	TPRG1	285386	official_exact	up	0.82362238	360731	Tprg1	True	False	False
late_allcell_DPN_vs_diabetes	TRABD	80305	official_exact	up	0.636722029	300142	Trabd	True	True	True
late_allcell_DPN_vs_diabetes	TRABD2A	129293	official_exact	up	1.626181083			False	False	False
late_allcell_DPN_vs_diabetes	TRABD2B	388630	official_exact	up	1.237148915	689914	Trabd2b	True	True	True
late_allcell_DPN_vs_diabetes	TRAF1	7185	official_exact	up	0.761541908	687813	Traf1	True	True	True
late_allcell_DPN_vs_diabetes	TRAF2	7186	official_exact	up	0.601477525	311786	Traf2	True	True	True
late_allcell_DPN_vs_diabetes	TRAF3	7187	official_exact	up	0.812070008	362788	Traf3	True	True	True
late_allcell_DPN_vs_diabetes	TRAF7	84231	official_exact	up	0.856035843	360491	Traf7	True	True	True
late_allcell_DPN_vs_diabetes	TRAIP	10293	official_exact	up	0.624076311	367167	Traip	True	True	False
late_allcell_DPN_vs_diabetes	TRAM1	23471	official_exact	down	-0.804072819	312903	Tram1	True	True	True
late_allcell_DPN_vs_diabetes	TRAM1L1	133022	official_exact	down	-0.729468735	310846	Tram1l1	True	True	True
late_allcell_DPN_vs_diabetes	TRAM2	9697	official_exact	up	0.712057468	100361830	Tram2	True	True	False
late_allcell_DPN_vs_diabetes	TRANK1	9881	official_exact	up	0.64515548	316022	Trank1	True	True	False
late_allcell_DPN_vs_diabetes	TRAPPC1	58485	official_exact	down	-0.71229575	287427	Trappc1	True	True	True
late_allcell_DPN_vs_diabetes	TRAPPC3L	100128327	official_exact	down	-0.810286653	100362279	Trappc3l	True	True	True
late_allcell_DPN_vs_diabetes	TRDN	10345	official_exact	down	-1.54260825	59299	Trdn	True	True	False
late_allcell_DPN_vs_diabetes	TREML1	340205	official_exact	down	-1.467384199	501096	Treml1	True	True	False
late_allcell_DPN_vs_diabetes	TREML4	285852	official_exact	down	-0.833872515	680862	Treml4	True	False	False
late_allcell_DPN_vs_diabetes	TRHDE	29953	official_exact	up	2.062265249	366894	Trhde	True	True	False
late_allcell_DPN_vs_diabetes	TRIM13	10206	official_exact	down	-0.813275884	364398	Trim13	True	True	True
late_allcell_DPN_vs_diabetes	TRIM16L	147166	official_exact	down	-0.716801757			False	False	False
late_allcell_DPN_vs_diabetes	TRIM17	51127	official_exact	up	0.86283933	64702	Trim17	True	True	True
late_allcell_DPN_vs_diabetes	TRIM3	10612	official_exact	up	0.691686268	83616	Trim3	True	True	True
late_allcell_DPN_vs_diabetes	TRIM36	55521	official_exact	down	-0.77098695	291597	Trim36	True	True	True
late_allcell_DPN_vs_diabetes	TRIM50	135892	official_exact	up	1.816608881	288596	Trim50	True	True	False
late_allcell_DPN_vs_diabetes	TRIM65	201292	official_exact	up	0.831813715	303684	Trim65	True	True	True
late_allcell_DPN_vs_diabetes	TRIM67	440730	official_exact	down	-0.688579118	307938	Trim67	True	True	False
late_allcell_DPN_vs_diabetes	TRIM7	81786	official_exact	up	0.913034321	303089	Trim7	True	True	True
late_allcell_DPN_vs_diabetes	TRIOBP	11078	official_exact	up	0.656811762	362956	Triobp	True	True	True
late_allcell_DPN_vs_diabetes	TRIP10	9322	official_exact	up	0.774287563	116717	Trip10	True	True	True
late_allcell_DPN_vs_diabetes	TRIP13	9319	official_exact	down	-0.596490262	292206	Trip13	True	True	False
late_allcell_DPN_vs_diabetes	TRMT1	55621	official_exact	up	0.824404538	288914	Trmt1	True	True	True
late_allcell_DPN_vs_diabetes	TRMT9B	57604	official_exact	up	0.958005188	306504	Trmt9b	True	True	True
late_allcell_DPN_vs_diabetes	TRPA1	8989	official_exact	down	-1.543284404	312896	Trpa1	True	True	True
late_allcell_DPN_vs_diabetes	TRPC5	7224	official_exact	down	-1.613047406	140933	Trpc5	True	True	False
late_allcell_DPN_vs_diabetes	TRPM3	80036	official_exact	down	-1.002271095	309407	Trpm3	True	True	True
late_allcell_DPN_vs_diabetes	TRPM8	79054	official_exact	down	-1.206973461	171384	Trpm8	True	True	True
late_allcell_DPN_vs_diabetes	TRPV4	59341	official_exact	up	0.666470728	66026	Trpv4	True	True	False
late_allcell_DPN_vs_diabetes	TSC22D1	8848	official_exact	down	-0.856984259	498545	Tsc22d1	True	True	True
late_allcell_DPN_vs_diabetes	TSEN2	80746	official_exact	down	-0.615813371	312649	Tsen2	True	True	True
late_allcell_DPN_vs_diabetes	TSKS	60385	official_exact	up	1.556638482	292890	Tsks	True	True	False
late_allcell_DPN_vs_diabetes	TSKU	25987	official_exact	up	0.75579386	308843	Tsku	True	True	True
late_allcell_DPN_vs_diabetes	TSNAXIP1	55815	official_exact	up	0.982099209	498944	Tsnaxip1	True	True	False
late_allcell_DPN_vs_diabetes	TSPAN11	441631	official_exact	down	-0.636508452	312727	Tspan11	True	True	False
late_allcell_DPN_vs_diabetes	TSPAN18	90139	official_exact	down	-0.893395761	311210	Tspan18	True	True	True
late_allcell_DPN_vs_diabetes	TSPAN19	144448	official_exact	up	0.697125904			False	False	False
late_allcell_DPN_vs_diabetes	TSPAN5	10098	official_exact	down	-0.668319438	362048	Tspan5	True	True	True
late_allcell_DPN_vs_diabetes	TSPAN6	7105	official_exact	down	-0.682009194	302313	Tspan6	True	True	True
late_allcell_DPN_vs_diabetes	TSPAN7	7102	official_exact	down	-0.629594475	363447	Tspan7	True	True	True
late_allcell_DPN_vs_diabetes	TSPYL4	23270	official_exact	up	0.654831538	309828	Tspyl4	True	True	True
late_allcell_DPN_vs_diabetes	TSSK1B	83942	official_exact	up	0.896328999	288358	Tssk1b	True	True	False
late_allcell_DPN_vs_diabetes	TTC12	54970	official_exact	up	0.931115763	300696	Ttc12	True	True	True
late_allcell_DPN_vs_diabetes	TTC21A	199223	official_exact	up	0.611785242	301065	Ttc21a	True	True	True
late_allcell_DPN_vs_diabetes	TTC25	83538	unique_synonym	up	0.612833408	303534	Odad4	True	True	True
late_allcell_DPN_vs_diabetes	TTC27	55622	official_exact	up	0.629688025	298782	Ttc27	True	True	True
late_allcell_DPN_vs_diabetes	TTC3	7267	official_exact	down	-0.685658716	360702	Ttc3	True	True	True
late_allcell_DPN_vs_diabetes	TTC36	143941	official_exact	up	1.337774521	300676	Ttc36	True	True	False
late_allcell_DPN_vs_diabetes	TTC39A	22996	official_exact	down	-0.722526095	298366	Ttc39a	True	True	False
late_allcell_DPN_vs_diabetes	TTLL3	26140	official_exact	up	0.653428941	362415	Ttll3	True	True	False
late_allcell_DPN_vs_diabetes	TTPA	7274	official_exact	down	-1.293148267	25571	Ttpa	True	True	False
late_allcell_DPN_vs_diabetes	TTYH1	57348	official_exact	down	-1.008690222	292597	Ttyh1	True	True	True
late_allcell_DPN_vs_diabetes	TUBA1A	7846	official_exact	down	-0.854847385	64158	Tuba1a	True	True	True
late_allcell_DPN_vs_diabetes	TUBB	203068	official_exact	down	-1.113705513	29214	Tubb5	True	True	True
late_allcell_DPN_vs_diabetes	TUBB4B	10383	official_exact	down	-1.027877639	296554	Tubb4b	True	True	True
late_allcell_DPN_vs_diabetes	TUBB8	347688	official_exact	up	2.024924997			False	False	False
late_allcell_DPN_vs_diabetes	TUBGCP6	85378	official_exact	up	0.612790769	362980	Tubgcp6	True	True	True
late_allcell_DPN_vs_diabetes	TUFT1	7286	official_exact	up	0.695190739	365864	Tuft1	True	True	True
late_allcell_DPN_vs_diabetes	TULP3	7289	official_exact	up	0.751663674	688749	Tulp3	True	True	False
late_allcell_DPN_vs_diabetes	TUSC2	11334	official_exact	down	-0.586816859	501052	Tusc2	True	True	True
late_allcell_DPN_vs_diabetes	TVP23A	780776	official_exact	up	0.673992253	360467	Tvp23a	True	True	True
late_allcell_DPN_vs_diabetes	TVP23C	201158	official_exact	up	1.454312097			False	False	False
late_allcell_DPN_vs_diabetes	TWISTNB	221830	unique_synonym	down	-0.81118052	362728	Polr1f	True	True	True
late_allcell_DPN_vs_diabetes	TXK	7294	official_exact	down	-1.836814332	305311	Txk	True	True	False
late_allcell_DPN_vs_diabetes	TXLNB	167838	official_exact	up	1.332684323	308622	Txlnb	True	True	False
late_allcell_DPN_vs_diabetes	TXNDC9	10190	official_exact	up	0.62215126	280671	Txndc9	True	True	True
late_allcell_DPN_vs_diabetes	TXNIP	10628	official_exact	up	0.949374168	117514	Txnip	True	True	True
late_allcell_DPN_vs_diabetes	TXNL4A	10907	official_exact	down	-0.871953341	100911462	Txnl4a	True	True	True
late_allcell_DPN_vs_diabetes	TXNL4B	54957	official_exact	up	0.791620058	292008	Txnl4b	True	True	True
late_allcell_DPN_vs_diabetes	TXNRD2	10587	official_exact	up	0.59689035	50551	Txnrd2	True	True	True
late_allcell_DPN_vs_diabetes	TYMP	1890	official_exact	up	1.21710481	315219	Tymp	True	True	True
late_allcell_DPN_vs_diabetes	TYRP1	7306	official_exact	down	-0.607321194	298182	Tyrp1	True	True	True
late_allcell_DPN_vs_diabetes	TYW1	55253	official_exact	down	-0.885100947	304423	Tyw1	True	True	True
late_allcell_DPN_vs_diabetes	UAP1	6675	official_exact	up	1.292041287	498272	Uap1	True	True	True
late_allcell_DPN_vs_diabetes	UBALD2	283991	official_exact	up	0.899989574	287840	Ubald2	True	True	False
late_allcell_DPN_vs_diabetes	UBB	7314	official_exact	down	-1.130954406	192255	Ubb	True	True	True
late_allcell_DPN_vs_diabetes	UBC	7316	official_exact	down	-0.808258052	50522	Ubc	True	True	True
late_allcell_DPN_vs_diabetes	UBD	10537	official_exact	down	-1.278550073	29168	Ubd	True	True	True
late_allcell_DPN_vs_diabetes	UBE2D1	7321	official_exact	down	-0.612312672	361831	Ube2d1	True	True	True
late_allcell_DPN_vs_diabetes	UBE2D4	51619	official_exact	down	-0.64404703			False	False	False
late_allcell_DPN_vs_diabetes	UBE2E3	10477	official_exact	down	-0.635718062	295686	Ube2e3	True	True	True
late_allcell_DPN_vs_diabetes	UBE2J2	118424	official_exact	up	0.657658762	298689	Ube2j2	True	True	True
late_allcell_DPN_vs_diabetes	UBE2K	3093	official_exact	down	-0.993081576	289623	Ube2k	True	True	True
late_allcell_DPN_vs_diabetes	UBE2L3	7332	official_exact	down	-0.623583408	363836	Ube2l3	True	True	True
late_allcell_DPN_vs_diabetes	UBE2M	9040	official_exact	down	-1.089184888	361509	Ube2m	True	True	True
late_allcell_DPN_vs_diabetes	UBE2N	7334	official_exact	down	-0.702249597	116725	Ube2n	True	True	True
late_allcell_DPN_vs_diabetes	UBE2QL1	134111	official_exact	down	-0.705339251	679949	Ube2ql1	True	True	True
late_allcell_DPN_vs_diabetes	UBE2V1	7335	official_exact	down	-1.13914156	296390	Ube2v1	True	True	True
late_allcell_DPN_vs_diabetes	UBE3C	9690	official_exact	down	-0.611152843	362294	Ube3c	True	True	True
late_allcell_DPN_vs_diabetes	UBL3	5412	official_exact	down	-0.879010862	363869	Ubl3	True	True	True
late_allcell_DPN_vs_diabetes	UBL5	59286	official_exact	down	-0.980695773	500954	Ubl5	True	True	True
late_allcell_DPN_vs_diabetes	UBQLN2	29978	official_exact	down	-0.80084682	317396	Ubqln2	True	True	True
late_allcell_DPN_vs_diabetes	UBXN10	127733	official_exact	down	-0.701777803	298577	Ubxn10	True	False	False
late_allcell_DPN_vs_diabetes	UCKL1	54963	official_exact	up	0.885066573	499956	Uckl1	True	True	True
late_allcell_DPN_vs_diabetes	UFM1	51569	official_exact	down	-0.902991887	365797	Ufm1	True	True	True
late_allcell_DPN_vs_diabetes	UFSP2	55325	official_exact	down	-0.598355078	361151	Ufsp2	True	True	True
late_allcell_DPN_vs_diabetes	UGGT2	55757	official_exact	down	-0.74698531	361091	Uggt2	True	False	False
late_allcell_DPN_vs_diabetes	UGT1A1	54658	official_exact	up	2.635813612	24861	Ugt1a1	True	False	False
late_allcell_DPN_vs_diabetes	UGT1A10	54575	official_exact	up	2.275663675			False	False	False
late_allcell_DPN_vs_diabetes	UGT1A9	54600	official_exact	up	2.101667713			False	False	False
late_allcell_DPN_vs_diabetes	ULK1	8408	official_exact	up	0.705319726	360827	Ulk1	True	True	True
late_allcell_DPN_vs_diabetes	UNC13A	23025	official_exact	down	-0.652675752	64829	Unc13a	True	True	True
late_allcell_DPN_vs_diabetes	UNC13D	201294	official_exact	up	0.774647004	192177	Unc13d	True	True	True
late_allcell_DPN_vs_diabetes	UNC5CL	222643	official_exact	up	0.632808511	301225	Unc5cl	True	False	False
late_allcell_DPN_vs_diabetes	UNC79	57578	official_exact	down	-0.95316077	314401	Unc79	True	True	True
late_allcell_DPN_vs_diabetes	UNC80	285175	official_exact	down	-1.181065602	689991	Unc80	True	True	True
late_allcell_DPN_vs_diabetes	UNK	85451	official_exact	up	0.78406948	360663	Unk	True	True	True
late_allcell_DPN_vs_diabetes	UPK1A	11045	official_exact	up	0.637826201	365227	Upk1a	True	True	False
late_allcell_DPN_vs_diabetes	UQCC4	283951	official_exact	up	0.836679188	497874	Uqcc4	True	True	True
late_allcell_DPN_vs_diabetes	UQCC5	440957	official_exact	up	0.708594412	361111	Uqcc5	True	False	False
late_allcell_DPN_vs_diabetes	UQCR10	29796	official_exact	down	-0.709507795	685322	Uqcr10	True	True	True
late_allcell_DPN_vs_diabetes	UQCRH	7388	official_exact	down	-2.102531517	366448	Uqcrh	True	True	True
late_allcell_DPN_vs_diabetes	USHBP1	83878	official_exact	up	0.684528222	290629	Ushbp1	True	True	True
late_allcell_DPN_vs_diabetes	USP36	57602	official_exact	up	0.915022881	303700	Usp36	True	True	True
late_allcell_DPN_vs_diabetes	USP50	373509	official_exact	down	-0.858979665	311399	Usp50	True	False	False
late_allcell_DPN_vs_diabetes	USP9Y	8287	official_exact	down	-1.151266307			False	False	False
late_allcell_DPN_vs_diabetes	VARS2	57176	official_exact	up	0.585271759	309596	Vars2	True	True	True
late_allcell_DPN_vs_diabetes	VASH2	79805	official_exact	down	-0.79356478	498309	Vash2	True	True	False
late_allcell_DPN_vs_diabetes	VAV2	7410	official_exact	up	0.606882244	296603	Vav2	True	True	True
late_allcell_DPN_vs_diabetes	VAX2	25806	official_exact	up	0.847105098	64572	Vax2	True	True	False
late_allcell_DPN_vs_diabetes	VCAN	1462	official_exact	up	0.826205021	114122	Vcan	True	True	True
late_allcell_DPN_vs_diabetes	VDAC1	7416	official_exact	down	-0.732838701	83529	Vdac1	True	True	True
late_allcell_DPN_vs_diabetes	VENTX	27287	official_exact	down	-1.219721528			False	False	False
late_allcell_DPN_vs_diabetes	VEZF1	7716	official_exact	down	-0.681603299	287615	Vezf1	True	True	True
late_allcell_DPN_vs_diabetes	VGF	7425	official_exact	down	-0.613269397	29461	Vgf	True	True	True
late_allcell_DPN_vs_diabetes	VIP	7432	official_exact	up	1.279027484	117064	Vip	True	True	True
late_allcell_DPN_vs_diabetes	VIPR2	7434	official_exact	up	1.087164057	29555	Vipr2	True	True	True
late_allcell_DPN_vs_diabetes	VIRMA	25962	official_exact	down	-0.654387979	313061	Virma	True	True	True
late_allcell_DPN_vs_diabetes	VKORC1L1	154807	official_exact	down	-1.124670675	399684	Vkorc1l1	True	False	False
late_allcell_DPN_vs_diabetes	VPS29	51699	official_exact	down	-1.243352736	288666	Vps29	True	True	True
late_allcell_DPN_vs_diabetes	VPS33A	65082	official_exact	down	-0.630560987	65081	Vps33a	True	True	True
late_allcell_DPN_vs_diabetes	VSIG10	54621	official_exact	up	0.708145728	304529	Vsig10	True	True	False
late_allcell_DPN_vs_diabetes	VSIG2	23584	official_exact	up	0.612627427	300520	Vsig2	True	True	False
late_allcell_DPN_vs_diabetes	VSNL1	7447	official_exact	down	-0.885443856	24877	Vsnl1	True	True	True
late_allcell_DPN_vs_diabetes	VSTM2A	222008	official_exact	down	-1.054821265	689106	Vstm2a	True	True	True
late_allcell_DPN_vs_diabetes	VSTM2B	342865	official_exact	down	-0.968237428	361560	Vstm2b	True	True	False
late_allcell_DPN_vs_diabetes	VSTM2L	128434	official_exact	down	-0.864136991	362255	Vstm2l	True	True	True
late_allcell_DPN_vs_diabetes	VSTM4	196740	official_exact	up	1.065814435	361112	Vstm4	True	True	False
late_allcell_DPN_vs_diabetes	VWA5B2	90113	official_exact	down	-1.185388835	303812	Vwa5b2	True	True	True
late_allcell_DPN_vs_diabetes	VWA7	80737	official_exact	down	-0.976832962	309611	Vwa7	True	True	True
late_allcell_DPN_vs_diabetes	VWC2	375567	official_exact	down	-1.533981632	501231	Vwc2	True	True	True
late_allcell_DPN_vs_diabetes	VWF	7450	official_exact	up	1.163755106	116669	Vwf	True	True	True
late_allcell_DPN_vs_diabetes	WASF1	8936	official_exact	down	-0.765062479	294568	Wasf1	True	True	True
late_allcell_DPN_vs_diabetes	WDR13	64743	official_exact	up	0.742027055	317370	Wdr13	True	True	True
late_allcell_DPN_vs_diabetes	WDR24	84219	official_exact	up	0.685718296	360497	Wdr24	True	True	True
late_allcell_DPN_vs_diabetes	WDR47	22911	official_exact	down	-0.959518179	310785	Wdr47	True	True	True
late_allcell_DPN_vs_diabetes	WDR63	126820	unique_synonym	down	-0.675817968	292165	Dnai3	True	True	False
late_allcell_DPN_vs_diabetes	WDR7	23335	official_exact	down	-0.868153649	66031	Wdr7	True	True	True
late_allcell_DPN_vs_diabetes	WDR78	79819	unique_synonym	down	-1.037280595	313417	Dnai4	True	True	True
late_allcell_DPN_vs_diabetes	WDR82	80335	official_exact	down	-0.652467532	686295	Wdr82	True	True	True
late_allcell_DPN_vs_diabetes	WFDC2	10406	official_exact	down	-0.739551675	286888	Wfdc2	True	True	True
late_allcell_DPN_vs_diabetes	WFIKKN1	117166	official_exact	up	0.761727018	363555	Wfikkn1	True	True	False
late_allcell_DPN_vs_diabetes	WIPF3	644150	official_exact	down	-0.597228273	259242	Wipf3	True	True	True
late_allcell_DPN_vs_diabetes	WNK3	65267	official_exact	down	-0.725085348	317420	Wnk3	True	True	True
late_allcell_DPN_vs_diabetes	WNT7A	7476	official_exact	down	-0.718654483	114850	Wnt7a	True	True	False
late_allcell_DPN_vs_diabetes	WNT7B	7477	official_exact	down	-1.056425592	315196	Wnt7b	True	True	False
late_allcell_DPN_vs_diabetes	WSCD2	9671	official_exact	up	0.648143758	360824	Wscd2	True	False	False
late_allcell_DPN_vs_diabetes	WWC1	23286	official_exact	down	-0.852754251	303039	Wwc1	True	True	False
late_allcell_DPN_vs_diabetes	XK	7504	official_exact	down	-0.863878515	497078	Xk	True	True	True
late_allcell_DPN_vs_diabetes	XNDC1N	100133315	official_exact	up	0.815384568	102549471	Xndc1n	True	False	False
late_allcell_DPN_vs_diabetes	XPNPEP2	7512	official_exact	up	1.517378202	117522	Xpnpep2	True	True	False
late_allcell_DPN_vs_diabetes	XRCC6	2547	official_exact	down	-1.139369173	25019	Xrcc6	True	True	True
late_allcell_DPN_vs_diabetes	YARS	8565	unique_synonym	down	-0.901478225	313047	Yars1	True	True	True
late_allcell_DPN_vs_diabetes	YBX2	51087	official_exact	up	1.278201232	303250	Ybx2	True	True	False
late_allcell_DPN_vs_diabetes	YIPF6	286451	official_exact	down	-0.673990191	363476	Yipf6	True	True	True
late_allcell_DPN_vs_diabetes	YJU2	55702	official_exact	up	0.775608955	501285	Yju2	True	True	True
late_allcell_DPN_vs_diabetes	YTHDF2	51441	official_exact	down	-0.762949497	313053	Ythdf2	True	True	True
late_allcell_DPN_vs_diabetes	ZAP70	7535	official_exact	up	1.5767992	301348	Zap70	True	True	False
late_allcell_DPN_vs_diabetes	ZBP1	81030	official_exact	up	1.252025502	171091	Zbp1	True	True	False
late_allcell_DPN_vs_diabetes	ZBTB16	7704	official_exact	up	1.094980582	353227	Zbtb16	True	True	True
late_allcell_DPN_vs_diabetes	ZBTB33	10009	official_exact	down	-0.729918638	501506	Zbtb33	True	True	False
late_allcell_DPN_vs_diabetes	ZBTB39	9880	official_exact	up	0.752776356	299510	Zbtb39	True	True	True
late_allcell_DPN_vs_diabetes	ZBTB42	100128927	official_exact	up	0.965312733	691556	Zbtb42	True	True	False
late_allcell_DPN_vs_diabetes	ZBTB43	23099	official_exact	down	-0.677294217	311872	Zbtb43	True	True	True
late_allcell_DPN_vs_diabetes	ZBTB46	140685	official_exact	up	1.037745674	311718	Zbtb46	True	True	False
late_allcell_DPN_vs_diabetes	ZBTB6	10773	official_exact	down	-0.767452596	366029	Zbtb6	True	True	True
late_allcell_DPN_vs_diabetes	ZC3H12A	80149	official_exact	up	1.212469099	313587	Zc3h12a	True	True	True
late_allcell_DPN_vs_diabetes	ZCCHC24	219654	official_exact	up	0.594032422	361104	Zcchc24	True	True	True
late_allcell_DPN_vs_diabetes	ZCCHC7	84186	official_exact	up	0.591959107	298086	Zcchc7	True	True	True
late_allcell_DPN_vs_diabetes	ZDHHC2	51201	official_exact	down	-0.659410413	246326	Zdhhc2	True	True	True
late_allcell_DPN_vs_diabetes	ZDHHC22	283576	official_exact	down	-0.825506306	299211	Zdhhc22	True	True	True
late_allcell_DPN_vs_diabetes	ZDHHC23	254887	official_exact	up	0.610444016	363783	Zdhhc23	True	True	True
late_allcell_DPN_vs_diabetes	ZFHX4	79776	official_exact	down	-0.733885206	310250	Zfhx4	True	True	True
late_allcell_DPN_vs_diabetes	ZFR2	23217	official_exact	down	-0.91745608	314639	Zfr2	True	True	False
late_allcell_DPN_vs_diabetes	ZFY	7544	official_exact	down	-0.911682443			False	False	False
late_allcell_DPN_vs_diabetes	ZFYVE19	84936	official_exact	up	0.764336366	499871	Zfyve19	True	True	True
late_allcell_DPN_vs_diabetes	ZGLP1	100125288	official_exact	up	1.022717052	100360291	Zglp1	True	True	False
late_allcell_DPN_vs_diabetes	ZIC4	84107	official_exact	up	0.837571253	315882	Zic4	True	False	False
late_allcell_DPN_vs_diabetes	ZIC5	85416	official_exact	down	-1.078338422	361095	Zic5	True	True	False
late_allcell_DPN_vs_diabetes	ZMAT1	84460	official_exact	down	-0.634816638	308654	Zmat1	True	True	True
late_allcell_DPN_vs_diabetes	ZMPSTE24	10269	official_exact	down	-0.788616263	313564	Zmpste24	True	True	True
late_allcell_DPN_vs_diabetes	ZMYM2	7750	official_exact	down	-0.618986457	305913	Zmym2	True	True	True
late_allcell_DPN_vs_diabetes	ZNF124	7678	official_exact	down	-0.623000776			False	False	False
late_allcell_DPN_vs_diabetes	ZNF154	7710	official_exact	down	-1.222890902			False	False	False
late_allcell_DPN_vs_diabetes	ZNF181	339318	official_exact	down	-0.6773777			False	False	False
late_allcell_DPN_vs_diabetes	ZNF185	7739	official_exact	down	-0.910587178	689949	Zfp185	True	True	False
late_allcell_DPN_vs_diabetes	ZNF205	7755	official_exact	up	0.638597175	287095	Zfp13	True	True	False
late_allcell_DPN_vs_diabetes	ZNF215	7762	official_exact	up	0.73099936			False	False	False
late_allcell_DPN_vs_diabetes	ZNF221	7638	official_exact	up	0.781339648			False	False	False
late_allcell_DPN_vs_diabetes	ZNF230	7773	official_exact	up	0.769957785			False	False	False
late_allcell_DPN_vs_diabetes	ZNF273	10793	official_exact	up	0.611307853			False	False	False
late_allcell_DPN_vs_diabetes	ZNF276	92822	official_exact	up	0.735884564	307924	Zfp276	True	True	True
late_allcell_DPN_vs_diabetes	ZNF280B	140883	official_exact	down	-0.890451574	294343	Zfp280b	True	False	False
late_allcell_DPN_vs_diabetes	ZNF317	57693	official_exact	up	0.660126991	500950	Zfp317	True	True	True
late_allcell_DPN_vs_diabetes	ZNF318	24149	official_exact	up	0.69785056	685082	Zfp318	True	True	True
late_allcell_DPN_vs_diabetes	ZNF331	55422	official_exact	up	0.833542185			False	False	False
late_allcell_DPN_vs_diabetes	ZNF33B	7582	official_exact	down	-0.8932912			False	False	False
late_allcell_DPN_vs_diabetes	ZNF341	84905	official_exact	up	0.875352524	296300	Zfp341	True	True	False
late_allcell_DPN_vs_diabetes	ZNF365	22891	official_exact	down	-0.668991136	499425	Zfp365	True	True	True
late_allcell_DPN_vs_diabetes	ZNF404	342908	official_exact	up	0.93122354			False	False	False
late_allcell_DPN_vs_diabetes	ZNF419	79744	official_exact	down	-0.807574939			False	False	False
late_allcell_DPN_vs_diabetes	ZNF423	23090	official_exact	up	0.81981061	94188	Zfp423	True	True	True
late_allcell_DPN_vs_diabetes	ZNF431	170959	official_exact	down	-0.604385723			False	False	False
late_allcell_DPN_vs_diabetes	ZNF439	90594	official_exact	down	-0.705195059			False	False	False
late_allcell_DPN_vs_diabetes	ZNF460	10794	official_exact	down	-1.118920572			False	False	False
late_allcell_DPN_vs_diabetes	ZNF488	118738	official_exact	up	0.993730356	290571	Zfp488	True	True	False
late_allcell_DPN_vs_diabetes	ZNF497	162968	official_exact	up	1.087781455			False	False	False
late_allcell_DPN_vs_diabetes	ZNF521	25925	official_exact	up	0.702167513	307579	Zfp521	True	True	True
late_allcell_DPN_vs_diabetes	ZNF526	116115	official_exact	up	0.616437835	687127	Zfp526	True	True	False
late_allcell_DPN_vs_diabetes	ZNF547	284306	official_exact	down	-0.796606687			False	False	False
late_allcell_DPN_vs_diabetes	ZNF555	148254	official_exact	down	-0.808712558			False	False	False
late_allcell_DPN_vs_diabetes	ZNF562	54811	official_exact	down	-0.629647537			False	False	False
late_allcell_DPN_vs_diabetes	ZNF594	84622	official_exact	up	1.016229204			False	False	False
late_allcell_DPN_vs_diabetes	ZNF596	169270	official_exact	down	-0.590896043			False	False	False
late_allcell_DPN_vs_diabetes	ZNF639	51193	official_exact	down	-1.006139231	683504	Zfp639	True	True	True
late_allcell_DPN_vs_diabetes	ZNF648	127665	official_exact	up	1.883461496	100362915	Zfp648	True	False	False
late_allcell_DPN_vs_diabetes	ZNF669	79862	official_exact	down	-0.609653616			False	False	False
late_allcell_DPN_vs_diabetes	ZNF674	641339	official_exact	down	-0.747857082			False	False	False
late_allcell_DPN_vs_diabetes	ZNF681	148213	official_exact	down	-0.78049497			False	False	False
late_allcell_DPN_vs_diabetes	ZNF697	90874	official_exact	up	0.658873742	295310	Zfp697	True	False	False
late_allcell_DPN_vs_diabetes	ZNF70	7621	official_exact	up	0.603630046			False	False	False
late_allcell_DPN_vs_diabetes	ZNF700	90592	official_exact	down	-0.707799279			False	False	False
late_allcell_DPN_vs_diabetes	ZNF704	619279	official_exact	up	1.133494179	310233	Zfp704	True	True	False
late_allcell_DPN_vs_diabetes	ZNF711	7552	official_exact	down	-0.753972213	302327	Zfp711	True	True	True
late_allcell_DPN_vs_diabetes	ZNF720	124411	unique_synonym	down	-0.827378258			False	False	False
late_allcell_DPN_vs_diabetes	ZNF738	148203	official_exact	up	0.734403603			False	False	False
late_allcell_DPN_vs_diabetes	ZNF74	7625	official_exact	up	0.673995259			False	False	False
late_allcell_DPN_vs_diabetes	ZNF773	374928	official_exact	down	-1.021528188			False	False	False
late_allcell_DPN_vs_diabetes	ZNF774	342132	official_exact	down	-1.229345261			False	False	False
late_allcell_DPN_vs_diabetes	ZNF783	100289678	official_exact	up	0.797672595	134486880	Znf783	True	False	False
late_allcell_DPN_vs_diabetes	ZNF785	146540	official_exact	up	0.643282509			False	False	False
late_allcell_DPN_vs_diabetes	ZNF804A	91752	official_exact	down	-0.970709074	295695	Zfp804a	True	True	True
late_allcell_DPN_vs_diabetes	ZNF808	388558	official_exact	down	-0.624743675			False	False	False
late_allcell_DPN_vs_diabetes	ZNF827	152485	official_exact	up	0.645097116	291940	Zfp827	True	True	True
late_allcell_DPN_vs_diabetes	ZNF839	55778	official_exact	up	0.740228373	500723	Zfp839	True	True	False
late_allcell_DPN_vs_diabetes	ZNF84	7637	official_exact	up	0.703336862			False	False	False
late_allcell_DPN_vs_diabetes	ZNF853	54753	official_exact	down	-0.683832094	102555274	Zfp853	True	False	False
late_allcell_DPN_vs_diabetes	ZNF875	284459	official_exact	up	0.650218124			False	False	False
late_allcell_DPN_vs_diabetes	ZNF92	168374	official_exact	down	-0.729676381			False	False	False
late_allcell_DPN_vs_diabetes	ZPLD1	131368	official_exact	down	-1.985825394	363768	Zpld1	True	False	False
late_allcell_DPN_vs_diabetes	ZRANB3	84083	official_exact	down	-0.619486808	304761	Zranb3	True	True	True
late_allcell_DPN_vs_diabetes	ZSCAN1	284312	official_exact	down	-0.628275833			False	False	False
late_allcell_DPN_vs_diabetes	ZSCAN25	221785	official_exact	up	0.857987336	363872	Zscan25	True	False	False
late_allcell_DPN_vs_diabetes	ZSWIM6	57688	official_exact	down	-0.657613351	310062	Zswim6	True	True	False
late_allcell_DPN_vs_diabetes	ZXDB	158586	official_exact	down	-0.662666056	120099132	Zxdb	True	False	False
late_neuron_DPN_vs_diabetes	AARS	16	unique_synonym	down	-1.474375996	292023	Aars1	True	True	True
late_neuron_DPN_vs_diabetes	AARS1	16	official_exact	up	1.479194131	292023	Aars1	True	True	True
late_neuron_DPN_vs_diabetes	AASS	10157	official_exact	down	-0.914853145	296925	Aass	True	True	False
late_neuron_DPN_vs_diabetes	ABCB6	10058	official_exact	down	-0.690277076	140669	Abcb6	True	True	True
late_neuron_DPN_vs_diabetes	ABTB3	121551	official_exact	up	1.73840877	314675	Abtb3	True	True	False
late_neuron_DPN_vs_diabetes	AC015871.1		unresolved_or_ambiguous	down	-1.575223191			False	False	False
late_neuron_DPN_vs_diabetes	AC073111.4		unresolved_or_ambiguous	down	-1.272325583			False	False	False
late_neuron_DPN_vs_diabetes	AC091057.6		unresolved_or_ambiguous	down	-2.412601454			False	False	False
late_neuron_DPN_vs_diabetes	AC093323.1		unresolved_or_ambiguous	down	-1.135259956			False	False	False
late_neuron_DPN_vs_diabetes	AC118549.1		unresolved_or_ambiguous	down	-0.911307971			False	False	False
late_neuron_DPN_vs_diabetes	AC187653.1		unresolved_or_ambiguous	up	0.999682213			False	False	False
late_neuron_DPN_vs_diabetes	ACSS1	84532	official_exact	down	-1.147706574	296259	Acss1	True	True	True
late_neuron_DPN_vs_diabetes	ACTMAP	284325	official_exact	up	1.446374095	499106	Actmap	True	True	True
late_neuron_DPN_vs_diabetes	ADAM15	8751	official_exact	down	-0.826888182	57025	Adam15	True	True	True
late_neuron_DPN_vs_diabetes	ADAMTS17	170691	official_exact	up	2.035561637	293004	Adamts17	True	True	True
late_neuron_DPN_vs_diabetes	ADAMTSL2	9719	official_exact	down	-1.159910048	311827	Adamtsl2	True	True	False
late_neuron_DPN_vs_diabetes	ADAP2	55803	official_exact	down	-0.714188284	56826	Adap2	True	True	False
late_neuron_DPN_vs_diabetes	ADGRA2	25960	official_exact	down	-0.671439718	100363275	Adgra2	True	True	False
late_neuron_DPN_vs_diabetes	ADGRF5	221395	official_exact	up	1.080684763	245977	Adgrf5	True	True	True
late_neuron_DPN_vs_diabetes	ADGRG6	57211	official_exact	down	-1.519368817	308376	Adgrg6	True	True	True
late_neuron_DPN_vs_diabetes	ADGRV1	84059	official_exact	down	-0.932321708	100362255	Adgrv1	True	True	True
late_neuron_DPN_vs_diabetes	ADPRHL2	54936	unique_synonym	down	-0.94291048	362600	Adprs	True	True	True
late_neuron_DPN_vs_diabetes	ADPRS	54936	official_exact	up	1.52950826	362600	Adprs	True	True	True
late_neuron_DPN_vs_diabetes	ADRB2	154	official_exact	up	1.23549847	24176	Adrb2	True	True	True
late_neuron_DPN_vs_diabetes	ADSS	159	unique_synonym	down	-1.372834854	289276	Adss2	True	True	True
late_neuron_DPN_vs_diabetes	ADSS1	122622	official_exact	up	1.32295014	684425	Adss1	True	True	False
late_neuron_DPN_vs_diabetes	ADSS2	159	official_exact	up	1.398192368	289276	Adss2	True	True	True
late_neuron_DPN_vs_diabetes	ADSSL1	122622	unique_synonym	down	-1.109817393	684425	Adss1	True	True	False
late_neuron_DPN_vs_diabetes	AGER	177	official_exact	down	-0.708485077	81722	Ager	True	True	False
late_neuron_DPN_vs_diabetes	AGRN	375790	official_exact	down	-0.766891512	25592	Agrn	True	True	True
late_neuron_DPN_vs_diabetes	AHNAK	79026	official_exact	down	-1.119033794	191572	Ahnak	True	True	True
late_neuron_DPN_vs_diabetes	AKNA	80709	official_exact	down	-0.604629412	362530	Akna	True	True	False
late_neuron_DPN_vs_diabetes	AKR1C8P	340811	unique_synonym	up	0.871622295			False	False	False
late_neuron_DPN_vs_diabetes	AL160269.1		unresolved_or_ambiguous	down	-0.609085877			False	False	False
late_neuron_DPN_vs_diabetes	AL162231.1		unresolved_or_ambiguous	down	-1.443677209			False	False	False
late_neuron_DPN_vs_diabetes	ALCAM	214	official_exact	down	-0.719597832	79559	Alcam	True	True	True
late_neuron_DPN_vs_diabetes	ALG1L	200810	unique_synonym	down	-1.139629808			False	False	False
late_neuron_DPN_vs_diabetes	ALPK1	80216	official_exact	down	-1.504944885	310879	Alpk1	True	True	True
late_neuron_DPN_vs_diabetes	AMOTL2	51421	official_exact	down	-1.223640506	65157	Amotl2	True	True	True
late_neuron_DPN_vs_diabetes	ANKHD1	54882	official_exact	down	-0.819326547	100529260	Ankhd1	True	False	False
late_neuron_DPN_vs_diabetes	ANTXR1	84168	official_exact	down	-1.01609929	362393	Antxr1	True	True	True
late_neuron_DPN_vs_diabetes	ANXA2R	389289	official_exact	down	-0.739648209			False	False	False
late_neuron_DPN_vs_diabetes	AP002495.1		unresolved_or_ambiguous	down	-0.919765072			False	False	False
late_neuron_DPN_vs_diabetes	AP1G2	8906	official_exact	up	0.875456325	100362547	Ap1g2	True	True	True
late_neuron_DPN_vs_diabetes	APAF1	317	official_exact	down	-1.089789633	78963	Apaf1	True	True	True
late_neuron_DPN_vs_diabetes	APOBEC3G	60489	official_exact	down	-1.381513715			False	False	False
late_neuron_DPN_vs_diabetes	AQP1	358	official_exact	down	-0.61934732	25240	Aqp1	True	True	True
late_neuron_DPN_vs_diabetes	ARAP2	116984	official_exact	down	-1.371373929	305367	Arap2	True	True	True
late_neuron_DPN_vs_diabetes	ARHGAP10	79658	official_exact	down	-0.631063818	688429	Arhgap10	True	True	True
late_neuron_DPN_vs_diabetes	ARMC4	55130	unique_synonym	down	-1.512945501	307036	Odad2	True	True	False
late_neuron_DPN_vs_diabetes	ARMCX3	51566	official_exact	down	-0.601321141	367902	Armcx3	True	True	True
late_neuron_DPN_vs_diabetes	ARNTL	406	unique_synonym	down	-1.452909031	29657	Bmal1	True	True	True
late_neuron_DPN_vs_diabetes	ARNTL2	56938	unique_synonym	down	-0.967735464	362464	Bmal2	True	True	False
late_neuron_DPN_vs_diabetes	ASCC3	10973	official_exact	down	-0.71046212	309887	Ascc3	True	True	True
late_neuron_DPN_vs_diabetes	ATF3	467	official_exact	up	0.659805526	25389	Atf3	True	True	True
late_neuron_DPN_vs_diabetes	ATG16L1	55054	official_exact	up	0.60934213	363278	Atg16l1	True	True	True
late_neuron_DPN_vs_diabetes	ATOH8	84913	official_exact	up	0.911847451	500200	Atoh8	True	True	False
late_neuron_DPN_vs_diabetes	ATOSB	80256	official_exact	up	1.353992251	298201	Atosb	True	True	False
late_neuron_DPN_vs_diabetes	ATP5IF1	93974	official_exact	up	0.617148185	25392	Atp5if1	True	True	True
late_neuron_DPN_vs_diabetes	ATP5MD	84833	unique_synonym	down	-1.415143474	171069	Atp5mk	True	True	True
late_neuron_DPN_vs_diabetes	ATP5MJ	9556	official_exact	up	1.524450684	100912557	Atp5mj	True	False	False
late_neuron_DPN_vs_diabetes	ATP5MK	84833	official_exact	up	1.989287314	171069	Atp5mk	True	True	True
late_neuron_DPN_vs_diabetes	ATP5MPL	9556	unique_synonym	down	-1.048818334	100912557	Atp5mj	True	False	False
late_neuron_DPN_vs_diabetes	ATP6AP1L	92270	official_exact	down	-1.19083724			False	False	False
late_neuron_DPN_vs_diabetes	ATRNL1	26033	official_exact	down	-0.806070788	307992	Atrnl1	True	True	True
late_neuron_DPN_vs_diabetes	B3GALT9	100288842	official_exact	up	1.59643726	103691796	B3galt9	True	False	False
late_neuron_DPN_vs_diabetes	B3GAT1	27087	official_exact	down	-0.735351255	117108	B3gat1	True	True	False
late_neuron_DPN_vs_diabetes	B3GAT2	135152	official_exact	down	-0.634729016	64544	B3gat2	True	True	True
late_neuron_DPN_vs_diabetes	B3GNT10	100288842	unique_synonym	down	-2.119169582	103691796	B3galt9	True	False	False
late_neuron_DPN_vs_diabetes	B3GNT9	84752	official_exact	down	-0.81676672	291958	B3gnt9	True	True	False
late_neuron_DPN_vs_diabetes	B4GALNT4	338707	official_exact	down	-0.646179874	309105	B4galnt4	True	True	True
late_neuron_DPN_vs_diabetes	BBLN	79095	official_exact	up	1.180385374	499780	Bbln	True	True	True
late_neuron_DPN_vs_diabetes	BCAN	63827	official_exact	down	-1.376261706	25393	Bcan	True	True	True
late_neuron_DPN_vs_diabetes	BCL2	596	official_exact	down	-1.20581658	24224	Bcl2	True	True	True
late_neuron_DPN_vs_diabetes	BLTP1	84162	official_exact	up	0.967312045	294978	Bltp1	True	True	True
late_neuron_DPN_vs_diabetes	BLTP2	9703	official_exact	up	0.680639446	303280	Bltp2	True	True	True
late_neuron_DPN_vs_diabetes	BLTP3A	54887	official_exact	up	1.326422995	309637	Bltp3a	True	True	False
late_neuron_DPN_vs_diabetes	BLTP3B	23074	official_exact	up	1.104567959	363009	Bltp3b	True	True	True
late_neuron_DPN_vs_diabetes	BMAL1	406	official_exact	up	1.083271309	29657	Bmal1	True	True	True
late_neuron_DPN_vs_diabetes	BMAL2	56938	official_exact	up	1.379887476	362464	Bmal2	True	True	False
late_neuron_DPN_vs_diabetes	BORCS6	54785	official_exact	up	0.940736182	497934	Borcs6	True	True	True
late_neuron_DPN_vs_diabetes	BPNT2	54928	official_exact	up	1.145289504	312952	Bpnt2	True	False	False
late_neuron_DPN_vs_diabetes	BRINP1	1620	official_exact	down	-0.647563291	140610	Brinp1	True	True	True
late_neuron_DPN_vs_diabetes	BTBD11	121551	unique_synonym	down	-1.144473616	314675	Abtb3	True	True	False
late_neuron_DPN_vs_diabetes	BTBD19	149478	official_exact	down	-0.608095635	100361234	Btbd19	True	True	True
late_neuron_DPN_vs_diabetes	BVES	11149	unique_synonym	down	-0.795642301	365603	Popdc1	True	True	True
late_neuron_DPN_vs_diabetes	BX255925.3		unresolved_or_ambiguous	down	-0.825956199			False	False	False
late_neuron_DPN_vs_diabetes	C10orf142	100130539	unique_synonym	down	-1.196454162			False	False	False
late_neuron_DPN_vs_diabetes	C11orf1	64776	unique_synonym	down	-0.99496179	500995	Cfap68	True	True	False
late_neuron_DPN_vs_diabetes	C11orf49	79096	unique_synonym	down	-1.483815855	295930	Cstpp1	True	True	True
late_neuron_DPN_vs_diabetes	C11orf74	119710	unique_synonym	down	-1.967882232	295952	Iftap	True	True	True
late_neuron_DPN_vs_diabetes	C11orf95	65998	unique_synonym	down	-1.701681029	499309	Zfta	True	True	True
late_neuron_DPN_vs_diabetes	C12orf10	60314	unique_synonym	down	-1.320621406	300258	Myg1	True	True	True
late_neuron_DPN_vs_diabetes	C12orf45	121053	unique_synonym	down	-1.402909345	299700	Nopchap1	True	True	True
late_neuron_DPN_vs_diabetes	C12orf49	79794	unique_synonym	down	-1.615297354	498188	Spring1	True	True	True
late_neuron_DPN_vs_diabetes	C12orf65	91574	unique_synonym	down	-1.000176675	498179	Mtrfr	True	True	True
late_neuron_DPN_vs_diabetes	C12orf66	144577	unique_synonym	down	-0.965259152	500843	Kics2	True	True	True
late_neuron_DPN_vs_diabetes	C15orf41	84529	unique_synonym	down	-1.174511791	499864	Cdin1	True	True	True
late_neuron_DPN_vs_diabetes	C15orf65	145788	unique_synonym	down	-1.553801384	691849	Pierce2	True	True	True
late_neuron_DPN_vs_diabetes	C16orf58	64755	unique_synonym	down	-1.834951766	361654	Rusf1	True	True	True
late_neuron_DPN_vs_diabetes	C16orf70	80262	unique_synonym	down	-1.011634892	207123	Phaf1	True	True	True
late_neuron_DPN_vs_diabetes	C16orf72	29035	unique_synonym	down	-1.621944654	302913	Hapstr1	True	True	True
late_neuron_DPN_vs_diabetes	C16orf91	283951	unique_synonym	down	-0.998169106	497874	Uqcc4	True	True	True
late_neuron_DPN_vs_diabetes	C17orf53	78995	unique_synonym	down	-1.850020311	303566	Hrob	True	False	False
late_neuron_DPN_vs_diabetes	C19orf48	84798	unique_synonym	down	-0.725880799			False	False	False
late_neuron_DPN_vs_diabetes	C19orf71	100128569	unique_synonym	down	-2.48639122	690617	Tektip1	True	False	False
late_neuron_DPN_vs_diabetes	C1QA	712	official_exact	up	1.685577312	298566	C1qa	True	True	True
late_neuron_DPN_vs_diabetes	C1QTNF1	114897	official_exact	down	-1.067865085	303701	C1qtnf1	True	True	True
late_neuron_DPN_vs_diabetes	C1QTNF2	114898	official_exact	down	-1.109195759	497886	C1qtnf2	True	True	True
late_neuron_DPN_vs_diabetes	C1orf112	55732	unique_synonym	up	0.734798821	498265	Firrm	True	False	False
late_neuron_DPN_vs_diabetes	C20orf194	25943	unique_synonym	down	-1.002425635	499891	Dnaaf9	True	True	True
late_neuron_DPN_vs_diabetes	C20orf27	54976	unique_synonym	down	-2.229102543	311428	Adissp	True	True	True
late_neuron_DPN_vs_diabetes	C3orf67	200844	unique_synonym	down	-0.760936343	361016	Cfap20dc	True	False	False
late_neuron_DPN_vs_diabetes	C5orf30	90355	unique_synonym	down	-1.012411935	501195	Macir	True	True	True
late_neuron_DPN_vs_diabetes	C5orf51	285636	unique_synonym	down	-1.744063012	310362	Rimoc1	True	True	True
late_neuron_DPN_vs_diabetes	C7orf26	79034	unique_synonym	down	-1.37240903	683674	Ints15	True	False	False
late_neuron_DPN_vs_diabetes	C7orf61	402573	unique_synonym	up	0.630060307	100362783	Spacdr	True	False	False
late_neuron_DPN_vs_diabetes	C9orf116	138162	unique_synonym	down	-1.076694409	296608	Pierce1	True	True	False
late_neuron_DPN_vs_diabetes	C9orf129	445577	unique_synonym	down	-1.319814661			False	False	False
late_neuron_DPN_vs_diabetes	C9orf16	79095	unique_synonym	down	-1.054136395	499780	Bbln	True	True	True
late_neuron_DPN_vs_diabetes	CA5B	11238	official_exact	down	-1.057838356	302669	Ca5b	True	True	True
late_neuron_DPN_vs_diabetes	CACNG5	27091	official_exact	down	-1.35670537	140726	Cacng5	True	True	False
late_neuron_DPN_vs_diabetes	CACNG8	59283	official_exact	up	0.711851096	140729	Cacng8	True	True	False
late_neuron_DPN_vs_diabetes	CALD1	800	official_exact	down	-0.719850799	25687	Cald1	True	True	True
late_neuron_DPN_vs_diabetes	CALM1	801	official_exact	up	0.90248196	24242	Calm1	True	True	True
late_neuron_DPN_vs_diabetes	CARD10	29775	official_exact	up	1.408206182	315120	Card10	True	True	False
late_neuron_DPN_vs_diabetes	CARS	833	unique_synonym	down	-1.297196434	293638	Cars1	True	True	True
late_neuron_DPN_vs_diabetes	CARS1	833	official_exact	up	2.579566351	293638	Cars1	True	True	True
late_neuron_DPN_vs_diabetes	CASC4	113201	unique_synonym	down	-1.523078145	362204	Golm2	True	True	True
late_neuron_DPN_vs_diabetes	CASTOR1	652968	official_exact	down	-0.725200723	360969	Castor1	True	True	True
late_neuron_DPN_vs_diabetes	CASTOR3	352954	unique_synonym	down	-1.137849885			False	False	False
late_neuron_DPN_vs_diabetes	CCDC114	93233	unique_synonym	down	-0.90403608	308594	Odad1	True	True	False
late_neuron_DPN_vs_diabetes	CCDC173	129881	unique_synonym	down	-1.228098051	311113	Cfap210	True	True	True
late_neuron_DPN_vs_diabetes	CCDC189	90835	unique_synonym	down	-1.180137605	691909	Cfap119	True	True	True
late_neuron_DPN_vs_diabetes	CCDC3	83643	official_exact	down	-1.654635018	498795	Ccdc3	True	False	False
late_neuron_DPN_vs_diabetes	CCDC36	339834	unique_synonym	down	-0.845418345	680018	Iho1	True	True	False
late_neuron_DPN_vs_diabetes	CCDC51	79714	official_exact	down	-0.768643442	316008	Ccdc51	True	True	True
late_neuron_DPN_vs_diabetes	CCK	885	official_exact	down	-1.912706033	25298	Cck	True	True	False
late_neuron_DPN_vs_diabetes	CCN2	1490	official_exact	down	-1.457528971	64032	Ccn2	True	True	True
late_neuron_DPN_vs_diabetes	CCNF	899	official_exact	up	0.843732643	117524	Ccnf	True	True	False
late_neuron_DPN_vs_diabetes	CCNL1	57018	official_exact	down	-0.822479666	114121	Ccnl1	True	False	False
late_neuron_DPN_vs_diabetes	CD3EAP	10849	unique_synonym	down	-0.764547864	680493	Polr1g	True	True	True
late_neuron_DPN_vs_diabetes	CD82	3732	official_exact	down	-1.067016992	83628	Cd82	True	True	True
late_neuron_DPN_vs_diabetes	CDCA4	55038	official_exact	down	-0.877609646	500727	Cdca4	True	True	True
late_neuron_DPN_vs_diabetes	CDH1	999	official_exact	down	-1.337938443	83502	Cdh1	True	True	True
late_neuron_DPN_vs_diabetes	CDIN1	84529	official_exact	up	1.049235637	499864	Cdin1	True	True	True
late_neuron_DPN_vs_diabetes	CDRT1	374286	unique_synonym	down	-1.028108772			False	False	False
late_neuron_DPN_vs_diabetes	CEBPD	1052	official_exact	up	0.635251417	25695	Cebpd	True	True	True
late_neuron_DPN_vs_diabetes	CENATAC	338657	official_exact	up	1.319503655	689046	Cenatac	True	True	True
late_neuron_DPN_vs_diabetes	CENPBD1	92806	unique_synonym	down	-1.266586693			False	False	False
late_neuron_DPN_vs_diabetes	CEP20	123811	official_exact	up	1.729456496	360461	Cep20	True	True	True
late_neuron_DPN_vs_diabetes	CEP250	11190	official_exact	up	0.64029551	311573	Cep250	True	True	True
late_neuron_DPN_vs_diabetes	CEP43	11116	official_exact	up	1.744288289	683722	Cep43	True	True	True
late_neuron_DPN_vs_diabetes	CEP85L	387119	official_exact	down	-0.74973009	100365935	Cep85l	True	True	True
late_neuron_DPN_vs_diabetes	CFAP119	90835	official_exact	up	1.125746328	691909	Cfap119	True	True	True
late_neuron_DPN_vs_diabetes	CFAP251	144406	official_exact	up	1.083548588	304498	Cfap251	True	True	True
late_neuron_DPN_vs_diabetes	CFAP418	157657	official_exact	up	2.323667496	362483	Cfap418	True	False	False
late_neuron_DPN_vs_diabetes	CFAP68	64776	official_exact	up	1.679756322	500995	Cfap68	True	True	False
late_neuron_DPN_vs_diabetes	CFAP90	134121	official_exact	up	1.362423784	361192	Cfap90	True	True	False
late_neuron_DPN_vs_diabetes	CFAP92	57501	official_exact	up	1.222428331	100362908	Cfap92	True	False	False
late_neuron_DPN_vs_diabetes	CHP2	63928	official_exact	down	-0.836651803	308965	Chp2	True	True	True
late_neuron_DPN_vs_diabetes	CILK1	22858	official_exact	down	-1.572252221	84411	Cilk1	True	True	True
late_neuron_DPN_vs_diabetes	CLCC1	23155	official_exact	down	-0.950584807	170927	Clcc1	True	True	True
late_neuron_DPN_vs_diabetes	CLIC3	9022	official_exact	up	0.910384367	296566	Clic3	True	True	True
late_neuron_DPN_vs_diabetes	CLIC4	25932	official_exact	down	-1.708045276	83718	Clic4	True	True	True
late_neuron_DPN_vs_diabetes	CLIP4	79745	official_exact	down	-0.69223431	298801	Clip4	True	True	True
late_neuron_DPN_vs_diabetes	CMBL	134147	official_exact	down	-0.687615423	310201	Cmbl	True	True	True
late_neuron_DPN_vs_diabetes	COLCA2	120376	unique_synonym	down	-0.944997599	315652	Pou2af3	True	True	False
late_neuron_DPN_vs_diabetes	CPM	1368	official_exact	down	-0.746678885	314855	Cpm	True	True	True
late_neuron_DPN_vs_diabetes	CPVL	54504	official_exact	down	-0.887102864	502774	Cpvl	True	True	True
late_neuron_DPN_vs_diabetes	CRACD	57482	official_exact	up	1.894202583	289568	Cracd	True	True	True
late_neuron_DPN_vs_diabetes	CRACDL	343990	official_exact	up	2.333878938	301351	Cracdl	True	True	False
late_neuron_DPN_vs_diabetes	CREB3L2	64764	official_exact	down	-0.891650551	362339	Creb3l2	True	True	True
late_neuron_DPN_vs_diabetes	CRYAB	1410	official_exact	down	-0.914163497	25420	Cryab	True	True	True
late_neuron_DPN_vs_diabetes	CSRP1	1465	official_exact	down	-0.680322443	29276	Csrp1	True	True	True
late_neuron_DPN_vs_diabetes	CSTPP1	79096	official_exact	up	1.491260811	295930	Cstpp1	True	True	True
late_neuron_DPN_vs_diabetes	CTDSPL	10217	official_exact	down	-0.652458471	301056	Ctdspl	True	True	True
late_neuron_DPN_vs_diabetes	CTSH	1512	official_exact	down	-1.351555285	25425	Ctsh	True	True	True
late_neuron_DPN_vs_diabetes	CUL5	8065	official_exact	down	-0.755740637	64624	Cul5	True	True	True
late_neuron_DPN_vs_diabetes	CXorf40A	91966	unique_synonym	down	-0.96101499	292328	Eola1	True	True	True
late_neuron_DPN_vs_diabetes	CXorf56	63932	unique_synonym	down	-1.407416433	313433	Steep1	True	True	True
late_neuron_DPN_vs_diabetes	CYHR1	50626	unique_synonym	down	-1.243539605	108348051	Zftraf1	True	True	True
late_neuron_DPN_vs_diabetes	CYP2C18	1562	official_exact	up	1.416103588			False	False	False
late_neuron_DPN_vs_diabetes	CYP7B1	9420	official_exact	down	-1.55718673	25429	Cyp7b1	True	True	False
late_neuron_DPN_vs_diabetes	CYRIA	81553	official_exact	up	1.232555629	298890	Cyria	True	True	True
late_neuron_DPN_vs_diabetes	CYRIB	51571	official_exact	up	1.535704691	299909	Cyrib	True	True	True
late_neuron_DPN_vs_diabetes	CYSLTR1	10800	official_exact	down	-1.165681159	114099	Cysltr1	True	True	False
late_neuron_DPN_vs_diabetes	DAB2	1601	official_exact	up	0.661664026	79128	Dab2	True	True	True
late_neuron_DPN_vs_diabetes	DARS	1615	unique_synonym	down	-1.7742863	116483	Dars1	True	True	True
late_neuron_DPN_vs_diabetes	DARS1	1615	official_exact	up	1.335155977	116483	Dars1	True	True	True
late_neuron_DPN_vs_diabetes	DDX4	54514	official_exact	down	-0.769358468	310090	Ddx4	True	True	False
late_neuron_DPN_vs_diabetes	DDX58	23586	unique_synonym	down	-0.836709764	297989	Rig1	True	True	True
late_neuron_DPN_vs_diabetes	DEPP1	11067	official_exact	down	-0.903846257	500300	Depp1	True	True	True
late_neuron_DPN_vs_diabetes	DGKH	160851	official_exact	down	-0.763575619	361076	Dgkh	True	True	True
late_neuron_DPN_vs_diabetes	DIAPH2	1730	official_exact	down	-0.976451032	317189	Diaph2	True	True	True
late_neuron_DPN_vs_diabetes	DLC1	10395	official_exact	down	-1.228128914	58834	Dlc1	True	True	True
late_neuron_DPN_vs_diabetes	DLG1	1739	official_exact	down	-1.525036124	25252	Dlg1	True	True	True
late_neuron_DPN_vs_diabetes	DLL1	28514	official_exact	up	0.672175725	84010	Dll1	True	True	True
late_neuron_DPN_vs_diabetes	DNAAF10	116143	official_exact	up	0.974174379	498418	Dnaaf10	True	True	True
late_neuron_DPN_vs_diabetes	DNAAF11	23639	official_exact	up	0.908903293	299920	Dnaaf11	True	True	True
late_neuron_DPN_vs_diabetes	DNAAF8	146562	official_exact	up	1.833203748	360479	Dnaaf8	True	False	False
late_neuron_DPN_vs_diabetes	DNAAF9	25943	official_exact	up	1.368857004	499891	Dnaaf9	True	True	True
late_neuron_DPN_vs_diabetes	DOCK4	9732	official_exact	down	-1.266819517	366608	Dock4	True	True	True
late_neuron_DPN_vs_diabetes	DPY19L3	147991	official_exact	down	-0.838873287	308519	Dpy19l3	True	True	True
late_neuron_DPN_vs_diabetes	DPYD	1806	official_exact	down	-0.696724365	81656	Dpyd	True	True	True
late_neuron_DPN_vs_diabetes	DSE	29940	official_exact	down	-0.663974245	365583	Dse	True	True	True
late_neuron_DPN_vs_diabetes	DYNC2I1	55112	official_exact	up	1.005226846	314523	Dync2i1	True	True	True
late_neuron_DPN_vs_diabetes	DYNLT2B	255758	official_exact	up	1.901911586	498095	Dynlt2b	True	True	True
late_neuron_DPN_vs_diabetes	EBP	10682	official_exact	up	0.654817251	117278	Ebp	True	True	True
late_neuron_DPN_vs_diabetes	EDNRA	1909	official_exact	down	-0.920633805	24326	Ednra	True	True	True
late_neuron_DPN_vs_diabetes	EEF1AKNMT	51603	unique_synonym	down	-1.631497529	289159	Mettl13	True	True	True
late_neuron_DPN_vs_diabetes	EEIG2	284611	official_exact	up	1.02550784	365903	Eeig2	True	True	True
late_neuron_DPN_vs_diabetes	ELAPOR1	57535	official_exact	up	1.480002729	362019	Elapor1	True	False	False
late_neuron_DPN_vs_diabetes	ELAPOR2	222223	official_exact	up	1.722778436	502727	Elapor2	True	True	True
late_neuron_DPN_vs_diabetes	ELMSAN1	91748	unique_synonym	down	-1.074965894	314306	Mideas	True	True	True
late_neuron_DPN_vs_diabetes	ENSG00000112096		unresolved_or_ambiguous	up	1.584551617			False	False	False
late_neuron_DPN_vs_diabetes	ENSG00000125122		unresolved_or_ambiguous	up	2.351044706			False	False	False
late_neuron_DPN_vs_diabetes	ENSG00000130723		unresolved_or_ambiguous	up	1.283011936			False	False	False
late_neuron_DPN_vs_diabetes	ENSG00000167747		unresolved_or_ambiguous	up	1.334490451			False	False	False
late_neuron_DPN_vs_diabetes	ENSG00000170846		unresolved_or_ambiguous	up	2.032833234			False	False	False
late_neuron_DPN_vs_diabetes	ENSG00000174899		unresolved_or_ambiguous	up	1.005073411			False	False	False
late_neuron_DPN_vs_diabetes	ENSG00000177946		unresolved_or_ambiguous	up	1.395016183			False	False	False
late_neuron_DPN_vs_diabetes	ENSG00000187186		unresolved_or_ambiguous	up	1.668575343			False	False	False
late_neuron_DPN_vs_diabetes	ENSG00000188707		unresolved_or_ambiguous	up	1.3517835			False	False	False
late_neuron_DPN_vs_diabetes	ENSG00000188828		unresolved_or_ambiguous	up	1.286692417			False	False	False
late_neuron_DPN_vs_diabetes	ENSG00000189366		unresolved_or_ambiguous	up	1.535872398			False	False	False
late_neuron_DPN_vs_diabetes	ENSG00000205212		unresolved_or_ambiguous	up	1.288125399			False	False	False
late_neuron_DPN_vs_diabetes	ENSG00000205464		unresolved_or_ambiguous	up	1.312307101			False	False	False
late_neuron_DPN_vs_diabetes	ENSG00000215271		unresolved_or_ambiguous	up	1.976450493			False	False	False
late_neuron_DPN_vs_diabetes	ENSG00000221995		unresolved_or_ambiguous	up	1.211057393			False	False	False
late_neuron_DPN_vs_diabetes	ENSG00000230510		unresolved_or_ambiguous	up	1.799382722			False	False	False
late_neuron_DPN_vs_diabetes	ENSG00000239521		unresolved_or_ambiguous	up	1.821714941			False	False	False
late_neuron_DPN_vs_diabetes	ENSG00000259511		unresolved_or_ambiguous	up	1.510154762			False	False	False
late_neuron_DPN_vs_diabetes	ENSG00000267127		unresolved_or_ambiguous	up	1.641041035			False	False	False
late_neuron_DPN_vs_diabetes	ENSG00000277203		unresolved_or_ambiguous	up	1.618295113			False	False	False
late_neuron_DPN_vs_diabetes	ENSG00000280071		unresolved_or_ambiguous	up	1.926003191			False	False	False
late_neuron_DPN_vs_diabetes	ENSG00000280433		unresolved_or_ambiguous	up	1.396244963			False	False	False
late_neuron_DPN_vs_diabetes	ENSG00000284691		unresolved_or_ambiguous	up	1.302964803			False	False	False
late_neuron_DPN_vs_diabetes	ENSG00000285053		unresolved_or_ambiguous	up	1.196794723			False	False	False
late_neuron_DPN_vs_diabetes	ENSG00000285447		unresolved_or_ambiguous	up	1.723146806			False	False	False
late_neuron_DPN_vs_diabetes	ENTPD3	956	official_exact	down	-0.962289577	316077	Entpd3	True	True	True
late_neuron_DPN_vs_diabetes	ENTREP1	9413	official_exact	up	1.169064339	309415	Entrep1	True	True	False
late_neuron_DPN_vs_diabetes	ENTREP2	23359	official_exact	up	0.867605745	680344	Entrep2	True	True	False
late_neuron_DPN_vs_diabetes	ENTREP3	10712	official_exact	up	1.498752186	310640	Entrep3	True	True	True
late_neuron_DPN_vs_diabetes	EOLA1	91966	official_exact	up	1.501370104	292328	Eola1	True	True	True
late_neuron_DPN_vs_diabetes	EPCAM	4072	official_exact	down	-1.066246734	171577	Epcam	True	True	True
late_neuron_DPN_vs_diabetes	EPHA7	2045	official_exact	down	-1.143091932	171287	Epha7	True	True	True
late_neuron_DPN_vs_diabetes	EPRS	2058	unique_synonym	down	-1.879071607	289352	Eprs1	True	True	True
late_neuron_DPN_vs_diabetes	EPRS1	2058	official_exact	up	1.465262711	289352	Eprs1	True	True	True
late_neuron_DPN_vs_diabetes	EXOSC6	118460	official_exact	up	0.647177071	307850	Exosc6	True	True	True
late_neuron_DPN_vs_diabetes	F11R	50848	official_exact	up	0.761603165	116479	F11r	True	True	True
late_neuron_DPN_vs_diabetes	FAM102A	399665	unique_synonym	down	-0.839335362	687750	Eeig1	True	True	True
late_neuron_DPN_vs_diabetes	FAM102B	284611	unique_synonym	down	-1.739685966	365903	Eeig2	True	True	True
late_neuron_DPN_vs_diabetes	FAM111A	63901	official_exact	down	-0.931979537	499322	Fam111a	True	True	True
late_neuron_DPN_vs_diabetes	FAM122A	116224	unique_synonym	down	-1.377135668	309420	Pabir1	True	True	True
late_neuron_DPN_vs_diabetes	FAM122B	159090	unique_synonym	down	-0.973351615	501647	Pabir2	True	True	False
late_neuron_DPN_vs_diabetes	FAM124A	220108	official_exact	up	0.841946607	691938	Fam124a	True	True	True
late_neuron_DPN_vs_diabetes	FAM126A	84668	unique_synonym	down	-1.653855625	499975	Hycc1	True	True	True
late_neuron_DPN_vs_diabetes	FAM126B	285172	unique_synonym	down	-1.208277818	316415	Hycc2	True	True	True
late_neuron_DPN_vs_diabetes	FAM155A	728215	unique_synonym	down	-0.896171303	498667	Nalf1	True	False	False
late_neuron_DPN_vs_diabetes	FAM160B1	57700	unique_synonym	down	-1.676915665	361774	Fhip2a	True	True	True
late_neuron_DPN_vs_diabetes	FAM160B2	64760	unique_synonym	down	-0.701217324	306015	Fhip2b	True	True	True
late_neuron_DPN_vs_diabetes	FAM189A1	23359	unique_synonym	down	-1.576613905	680344	Entrep2	True	True	False
late_neuron_DPN_vs_diabetes	FAM189A2	9413	unique_synonym	down	-0.859559001	309415	Entrep1	True	True	False
late_neuron_DPN_vs_diabetes	FAM189B	10712	unique_synonym	down	-1.504611027	310640	Entrep3	True	True	True
late_neuron_DPN_vs_diabetes	FAM192A	80011	unique_synonym	down	-0.689749035	307652	Psme3ip1	True	True	True
late_neuron_DPN_vs_diabetes	FAM200C	63920	unique_synonym	up	0.967191531			False	False	False
late_neuron_DPN_vs_diabetes	FAM207A	85395	unique_synonym	down	-0.894554581	294333	Slx9	True	True	True
late_neuron_DPN_vs_diabetes	FAM214A	56204	unique_synonym	down	-1.203182595	300836	Atosa	True	True	True
late_neuron_DPN_vs_diabetes	FAM214B	80256	unique_synonym	down	-0.952859157	298201	Atosb	True	True	False
late_neuron_DPN_vs_diabetes	FAM49A	81553	unique_synonym	down	-1.347262602	298890	Cyria	True	True	True
late_neuron_DPN_vs_diabetes	FAM49B	51571	unique_synonym	down	-0.913868234	299909	Cyrib	True	True	True
late_neuron_DPN_vs_diabetes	FAM71F1	84691	unique_synonym	down	-0.77296601	500061	Garin1b	True	True	False
late_neuron_DPN_vs_diabetes	FANCG	2189	official_exact	up	0.624499182	691105	Fancg	True	True	False
late_neuron_DPN_vs_diabetes	FBLN5	10516	official_exact	down	-2.252547855	29158	Fbln5	True	True	True
late_neuron_DPN_vs_diabetes	FCGBP	8857	official_exact	up	1.611059062			False	False	False
late_neuron_DPN_vs_diabetes	FEM1B	10116	official_exact	down	-0.824467514	315745	Fem1b	True	True	True
late_neuron_DPN_vs_diabetes	FGD4	121512	official_exact	down	-0.917531861	246174	Fgd4	True	True	True
late_neuron_DPN_vs_diabetes	FHIP1B	84067	official_exact	up	1.024859267	293343	Fhip1b	True	True	True
late_neuron_DPN_vs_diabetes	FHIP2A	57700	official_exact	up	1.922560516	361774	Fhip2a	True	True	True
late_neuron_DPN_vs_diabetes	FKBP5	2289	official_exact	down	-0.897478323	361810	Fkbp5	True	True	True
late_neuron_DPN_vs_diabetes	FLCN	201163	official_exact	up	0.765853552	303185	Flcn	True	True	True
late_neuron_DPN_vs_diabetes	FLRT2	23768	official_exact	down	-0.813270603	299236	Flrt2	True	True	True
late_neuron_DPN_vs_diabetes	FN1	2335	official_exact	up	1.276120772	25661	Fn1	True	True	True
late_neuron_DPN_vs_diabetes	FNDC3B	64778	official_exact	down	-0.874902332	294925	Fndc3b	True	True	True
late_neuron_DPN_vs_diabetes	FNIP2	57600	official_exact	up	0.643960992	310538	Fnip2	True	True	True
late_neuron_DPN_vs_diabetes	FOPNL	123811	unique_synonym	down	-1.454315403	360461	Cep20	True	True	True
late_neuron_DPN_vs_diabetes	FOSL2	2355	official_exact	down	-1.300638948	25446	Fosl2	True	True	False
late_neuron_DPN_vs_diabetes	FRS2	10818	official_exact	down	-0.882609547	314850	Frs2	True	True	True
late_neuron_DPN_vs_diabetes	FRZB	2487	official_exact	down	-1.27581805	295691	Frzb	True	True	True
late_neuron_DPN_vs_diabetes	FUBP1	8880	official_exact	down	-0.785814725	654496	Fubp1	True	True	True
late_neuron_DPN_vs_diabetes	FZD4	8322	official_exact	down	-0.630462552	64558	Fzd4	True	True	True
late_neuron_DPN_vs_diabetes	FZD8	8325	official_exact	down	-1.08003736	364754	Fzd8	True	False	False
late_neuron_DPN_vs_diabetes	GADD45A	1647	official_exact	up	0.981391017	25112	Gadd45a	True	True	True
late_neuron_DPN_vs_diabetes	GAL	51083	official_exact	down	-0.770775435	29141	Gal	True	True	True
late_neuron_DPN_vs_diabetes	GALNT12	79695	official_exact	up	0.753508684	313233	Galnt12	True	True	False
late_neuron_DPN_vs_diabetes	GALNT4	8693	official_exact	down	-2.233401638	500826	Galnt4	True	False	False
late_neuron_DPN_vs_diabetes	GARIN1A	346653	official_exact	up	1.585286576	500060	Garin1a	True	False	False
late_neuron_DPN_vs_diabetes	GARIN5A	112703	official_exact	up	0.906679723	361564	Garin5a	True	True	True
late_neuron_DPN_vs_diabetes	GARRE1	9710	official_exact	up	1.467278634	308509	Garre1	True	True	True
late_neuron_DPN_vs_diabetes	GARS		unresolved_or_ambiguous	down	-0.687134257			False	False	False
late_neuron_DPN_vs_diabetes	GARS1	2617	official_exact	up	1.756921903	297113	Gars1	True	False	False
late_neuron_DPN_vs_diabetes	GAS1	2619	official_exact	down	-1.270544769	683470	Gas1	True	False	False
late_neuron_DPN_vs_diabetes	GBA	2629	unique_synonym	down	-1.410032014	684536	Gba1	True	True	True
late_neuron_DPN_vs_diabetes	GBA1	2629	official_exact	up	1.484131191	684536	Gba1	True	True	True
late_neuron_DPN_vs_diabetes	GBP2	2634	official_exact	up	0.659295212	171164	Gbp2	True	True	True
late_neuron_DPN_vs_diabetes	GCNT1	2650	official_exact	up	0.811778309	64043	Gcnt1	True	True	True
late_neuron_DPN_vs_diabetes	GFUS	7264	official_exact	up	1.503205142	300036	Gfus	True	True	True
late_neuron_DPN_vs_diabetes	GGT1	2678	official_exact	up	0.640999946	116568	Ggt1	True	True	True
late_neuron_DPN_vs_diabetes	GIMAP6	474344	official_exact	up	1.257271363	297076	Gimap6	True	True	True
late_neuron_DPN_vs_diabetes	GLDN	342035	official_exact	down	-1.736336889	315675	Gldn	True	True	True
late_neuron_DPN_vs_diabetes	GOLGA8B	440270	official_exact	down	-1.173046897			False	False	False
late_neuron_DPN_vs_diabetes	GOLM2	113201	official_exact	up	2.000018994	362204	Golm2	True	True	True
late_neuron_DPN_vs_diabetes	GPR137B	7107	official_exact	down	-0.61072537	289287	Gpr137b	True	True	True
late_neuron_DPN_vs_diabetes	GPR139	124274	official_exact	down	-1.079654481	293545	Gpr139	True	True	False
late_neuron_DPN_vs_diabetes	GRIK3	2899	official_exact	down	-0.766287041	298521	Grik3	True	True	False
late_neuron_DPN_vs_diabetes	GRIN3B	116444	official_exact	up	1.268979969	170796	Grin3b	True	True	False
late_neuron_DPN_vs_diabetes	GSDMD	79792	official_exact	up	0.789563229	315084	Gsdmd	True	True	True
late_neuron_DPN_vs_diabetes	GSTT2B	653689	official_exact	up	1.219521373			False	False	False
late_neuron_DPN_vs_diabetes	GTPBP2	54676	official_exact	up	0.697297522	363195	Gtpbp2	True	True	True
late_neuron_DPN_vs_diabetes	H1-0	3005	official_exact	up	1.406923636	24437	H1f0	True	False	False
late_neuron_DPN_vs_diabetes	H1-10	8971	official_exact	up	1.283827182	500252	H1f10	True	True	True
late_neuron_DPN_vs_diabetes	H1-4	3008	official_exact	up	1.310339579	201097	H1f4	True	True	True
late_neuron_DPN_vs_diabetes	H1F0	3005	unique_synonym	down	-0.714303516	24437	H1f0	True	False	False
late_neuron_DPN_vs_diabetes	H1FX	8971	unique_synonym	down	-0.940800617	500252	H1f10	True	True	True
late_neuron_DPN_vs_diabetes	H2AC25	92815	official_exact	up	2.237989637	64646	H2ac25	True	False	False
late_neuron_DPN_vs_diabetes	H2AC6	8334	official_exact	up	1.545263329			False	False	False
late_neuron_DPN_vs_diabetes	H2AFJ	55766	unique_synonym	down	-1.082541563	690795	H2aj	True	True	False
late_neuron_DPN_vs_diabetes	H2AFX	3014	unique_synonym	down	-1.37931801	500987	H2ax	True	False	False
late_neuron_DPN_vs_diabetes	H2AFY	9555	unique_synonym	down	-1.300446467	29384	Macroh2a1	True	True	True
late_neuron_DPN_vs_diabetes	H2AFY2	55506	unique_synonym	down	-1.379587501	361844	Macroh2a2	True	True	True
late_neuron_DPN_vs_diabetes	H2AFZ	3015	unique_synonym	down	-1.397028738	58940	H2az1	True	True	True
late_neuron_DPN_vs_diabetes	H2AJ	55766	official_exact	up	1.325691943	690795	H2aj	True	True	False
late_neuron_DPN_vs_diabetes	H2AX	3014	official_exact	up	1.894382746	500987	H2ax	True	False	False
late_neuron_DPN_vs_diabetes	H2AZ1	3015	official_exact	up	1.276844901	58940	H2az1	True	True	True
late_neuron_DPN_vs_diabetes	H2BC26	128312	official_exact	up	1.31567275			False	False	False
late_neuron_DPN_vs_diabetes	H4C3	8364	official_exact	up	0.800356759			False	False	False
late_neuron_DPN_vs_diabetes	HACD4	401494	official_exact	down	-1.20570006	362540	Hacd4	True	True	True
late_neuron_DPN_vs_diabetes	HAPSTR1	29035	official_exact	up	1.369814772	302913	Hapstr1	True	True	True
late_neuron_DPN_vs_diabetes	HARS	3035	unique_synonym	down	-1.08064011	307492	Hars1	True	True	True
late_neuron_DPN_vs_diabetes	HARS1	3035	official_exact	up	1.825447569	307492	Hars1	True	True	True
late_neuron_DPN_vs_diabetes	HDAC1	3065	official_exact	down	-0.639471535	297893	Hdac1	True	True	True
late_neuron_DPN_vs_diabetes	HEY1	23462	official_exact	down	-1.320843525	155437	Hey1	True	True	False
late_neuron_DPN_vs_diabetes	HILPDA	29923	official_exact	down	-0.694516983	100361568	Hilpda	True	True	True
late_neuron_DPN_vs_diabetes	HIST1H1E	3008	unique_synonym	down	-1.445562349	201097	H1f4	True	True	True
late_neuron_DPN_vs_diabetes	HIST1H4C	8364	unique_synonym	down	-1.554089548			False	False	False
late_neuron_DPN_vs_diabetes	HIST3H2A	92815	unique_synonym	down	-1.097433594	64646	H2ac25	True	False	False
late_neuron_DPN_vs_diabetes	HIST3H2BB	128312	unique_synonym	down	-0.977540673			False	False	False
late_neuron_DPN_vs_diabetes	HMOX1	3162	official_exact	up	0.588462609	24451	Hmox1	True	True	True
late_neuron_DPN_vs_diabetes	HOMEZ	57594	official_exact	down	-1.507203962	260325	Homez	True	True	True
late_neuron_DPN_vs_diabetes	HOPX	84525	official_exact	up	0.940967913	171160	Hopx	True	True	True
late_neuron_DPN_vs_diabetes	HOXA2	3199	official_exact	up	1.452381127	103690123	Hoxa2	True	True	False
late_neuron_DPN_vs_diabetes	HOXA5	3202	official_exact	down	-1.301162674	79241	Hoxa5	True	False	False
late_neuron_DPN_vs_diabetes	HOXB3	3213	official_exact	down	-1.62459725	303488	Hoxb3	True	True	True
late_neuron_DPN_vs_diabetes	HSPA14.1		unresolved_or_ambiguous	down	-1.220268832			False	False	False
late_neuron_DPN_vs_diabetes	HSPB11	51668	unique_synonym	down	-0.73521511	685284	Ift25	True	True	True
late_neuron_DPN_vs_diabetes	HSPB2	3316	official_exact	down	-0.736949897	161476	Hspb2	True	True	True
late_neuron_DPN_vs_diabetes	HTR3A	3359	official_exact	down	-0.812218926	79246	Htr3a	True	True	True
late_neuron_DPN_vs_diabetes	HTRA4	203100	official_exact	up	1.114304251	306564	Htra4	True	True	True
late_neuron_DPN_vs_diabetes	HYCC1	84668	official_exact	up	2.09631346	499975	Hycc1	True	True	True
late_neuron_DPN_vs_diabetes	HYCC2	285172	official_exact	up	1.813417475	316415	Hycc2	True	True	True
late_neuron_DPN_vs_diabetes	IARS	3376	unique_synonym	down	-1.410581807	306804	Iars1	True	True	True
late_neuron_DPN_vs_diabetes	IARS1	3376	official_exact	up	1.101226965	306804	Iars1	True	True	True
late_neuron_DPN_vs_diabetes	ICK	22858	unique_synonym	down	-1.930393253	84411	Cilk1	True	True	True
late_neuron_DPN_vs_diabetes	IFIT3	3437	official_exact	up	1.456942813	309526	Ifit3	True	True	True
late_neuron_DPN_vs_diabetes	IFTAP	119710	official_exact	up	1.605327091	295952	Iftap	True	True	True
late_neuron_DPN_vs_diabetes	IGHG1	3500	official_exact	up	1.700615261			False	False	False
late_neuron_DPN_vs_diabetes	IL31RA	133396	official_exact	down	-0.869781924	688622	Il31ra	True	True	True
late_neuron_DPN_vs_diabetes	IMPAD1	54928	unique_synonym	down	-2.000012936	312952	Bpnt2	True	False	False
late_neuron_DPN_vs_diabetes	INO80C	125476	official_exact	up	0.665609197	291737	Ino80c	True	True	True
late_neuron_DPN_vs_diabetes	INPPL1	3636	official_exact	down	-0.653711112	65038	Inppl1	True	True	False
late_neuron_DPN_vs_diabetes	INTS15	79034	official_exact	up	1.123284127	683674	Ints15	True	False	False
late_neuron_DPN_vs_diabetes	IQCN	80726	official_exact	up	0.664177364	102547294	Iqcn	True	False	False
late_neuron_DPN_vs_diabetes	ISG15	9636	official_exact	up	0.899985723	298693	Isg15	True	True	True
late_neuron_DPN_vs_diabetes	ISLR2	57611	official_exact	down	-0.88808033	100910729	Islr2	True	True	False
late_neuron_DPN_vs_diabetes	ITGAX	3687	official_exact	up	0.87571827	499271	Itgax	True	True	False
late_neuron_DPN_vs_diabetes	ITPKC	80271	official_exact	down	-0.651667256	308451	Itpkc	True	True	True
late_neuron_DPN_vs_diabetes	JUNB	3726	official_exact	down	-0.8138783	24517	Junb	True	True	True
late_neuron_DPN_vs_diabetes	KARS	3735	unique_synonym	down	-1.415044069	292028	Kars1	True	True	True
late_neuron_DPN_vs_diabetes	KARS1	3735	official_exact	up	0.909668256	292028	Kars1	True	True	True
late_neuron_DPN_vs_diabetes	KAT2B	8850	official_exact	down	-1.637458717	301164	Kat2b	True	True	False
late_neuron_DPN_vs_diabetes	KCNC2	3747	official_exact	down	-0.58546677	246153	Kcnc2	True	True	True
late_neuron_DPN_vs_diabetes	KCNIP1	30820	official_exact	down	-0.833154646	65023	Kcnip1	True	True	True
late_neuron_DPN_vs_diabetes	KCNT1	57582	official_exact	down	-0.587758385	60444	Kcnt1	True	True	True
late_neuron_DPN_vs_diabetes	KCNT2	343450	official_exact	down	-0.713876482	304827	Kcnt2	True	True	True
late_neuron_DPN_vs_diabetes	KCTD12	115207	official_exact	up	1.035468173	364458	Kctd12	True	False	False
late_neuron_DPN_vs_diabetes	KIAA0040	9674	official_exact	up	2.953971031	100302372	Kiaa0040	True	False	False
late_neuron_DPN_vs_diabetes	KIAA0100	9703	unique_synonym	down	-0.76901164	303280	Bltp2	True	True	True
late_neuron_DPN_vs_diabetes	KIAA0556	23247	unique_synonym	down	-0.826231636	361646	Katnip	True	False	False
late_neuron_DPN_vs_diabetes	KIAA0895	23366	unique_synonym	down	-1.698316779	315473	Matcap2	True	True	True
late_neuron_DPN_vs_diabetes	KIAA1109	84162	unique_synonym	down	-1.9084067	294978	Bltp1	True	True	True
late_neuron_DPN_vs_diabetes	KIAA1211	57482	unique_synonym	down	-0.692009353	289568	Cracd	True	True	True
late_neuron_DPN_vs_diabetes	KIAA1211L	343990	unique_synonym	down	-1.492623441	301351	Cracdl	True	True	False
late_neuron_DPN_vs_diabetes	KIAA1324	57535	unique_synonym	down	-1.209475976	362019	Elapor1	True	False	False
late_neuron_DPN_vs_diabetes	KIAA1324L	222223	unique_synonym	down	-1.064229021	502727	Elapor2	True	True	True
late_neuron_DPN_vs_diabetes	KIAA1841	84542	unique_synonym	down	-1.063795917	305579	Sanbr	True	True	True
late_neuron_DPN_vs_diabetes	KICS2	144577	official_exact	up	1.091151167	500843	Kics2	True	True	True
late_neuron_DPN_vs_diabetes	KIF1BP	26128	unique_synonym	down	-2.677532048	606294	Kifbp	True	True	True
late_neuron_DPN_vs_diabetes	KIFBP	26128	official_exact	up	1.196425392	606294	Kifbp	True	True	True
late_neuron_DPN_vs_diabetes	KLF12	11278	official_exact	down	-0.722726362	306110	Klf12	True	True	True
late_neuron_DPN_vs_diabetes	KLF2	10365	official_exact	down	-1.189096961	306330	Klf2	True	True	True
late_neuron_DPN_vs_diabetes	KLF9	687	official_exact	down	-0.93049556	117560	Klf9	True	True	True
late_neuron_DPN_vs_diabetes	KLHL25	64410	official_exact	down	-0.80356649	293023	Klhl25	True	True	False
late_neuron_DPN_vs_diabetes	KRT10-AS1	147184	official_exact	up	3.149035661			False	False	False
late_neuron_DPN_vs_diabetes	KRTAP5-8	57830	official_exact	up	1.066047667			False	False	False
late_neuron_DPN_vs_diabetes	LAIR1	3903	official_exact	up	2.223552008	574531	Lair1	True	True	False
late_neuron_DPN_vs_diabetes	LARS	51520	unique_synonym	down	-0.98791731	291624	Lars1	True	True	True
late_neuron_DPN_vs_diabetes	LARS1	51520	official_exact	up	1.601363917	291624	Lars1	True	True	True
late_neuron_DPN_vs_diabetes	LASP1NB	100505576	official_exact	up	1.465245641			False	False	False
late_neuron_DPN_vs_diabetes	LDAF1	57146	official_exact	up	1.982012404	378467	Ldaf1	True	True	True
late_neuron_DPN_vs_diabetes	LGI1	9211	official_exact	down	-0.651348628	252892	Lgi1	True	True	True
late_neuron_DPN_vs_diabetes	LHFPL2	10184	official_exact	down	-0.710759988	294643	Lhfpl2	True	True	True
late_neuron_DPN_vs_diabetes	LINC00672	100505576	unique_synonym	down	-1.697694042			False	False	False
late_neuron_DPN_vs_diabetes	LINC03040	221416	official_exact	up	1.411252507			False	False	False
late_neuron_DPN_vs_diabetes	LIPG	9388	official_exact	down	-2.094384273	291437	Lipg	True	True	True
late_neuron_DPN_vs_diabetes	LOXL3	84695	official_exact	down	-0.940959292	312478	Loxl3	True	True	False
late_neuron_DPN_vs_diabetes	LPCAT3	10162	official_exact	down	-0.590745007	362434	Lpcat3	True	True	True
late_neuron_DPN_vs_diabetes	LRP6	4040	official_exact	down	-1.113760113	312781	Lrp6	True	True	True
late_neuron_DPN_vs_diabetes	LRRC29	26231	unique_synonym	down	-1.861270577			False	False	False
late_neuron_DPN_vs_diabetes	LRRC3B	116135	official_exact	down	-1.640235015	305705	Lrrc3b	True	True	True
late_neuron_DPN_vs_diabetes	LRRC51	120356739	official_exact	up	0.609795404	293156	Lrrc51	True	True	True
late_neuron_DPN_vs_diabetes	LXN	56925	official_exact	down	-0.824554188	59073	Lxn	True	True	True
late_neuron_DPN_vs_diabetes	LYPD6B	130576	official_exact	down	-1.580154057	362133	Lypd6b	True	True	False
late_neuron_DPN_vs_diabetes	LYSET	26175	official_exact	up	1.77638885	100360358	Lyset	True	True	True
late_neuron_DPN_vs_diabetes	LYVE1	10894	official_exact	up	1.021948249	293186	Lyve1	True	True	True
late_neuron_DPN_vs_diabetes	LZTS2	84445	official_exact	down	-0.711860928	365468	Lzts2	True	True	True
late_neuron_DPN_vs_diabetes	MAATS1	89876	unique_synonym	down	-1.443065118	303920	Cfap91	True	True	False
late_neuron_DPN_vs_diabetes	MACIR	90355	official_exact	up	0.872256931	501195	Macir	True	True	True
late_neuron_DPN_vs_diabetes	MACROH2A1	9555	official_exact	up	2.024204948	29384	Macroh2a1	True	True	True
late_neuron_DPN_vs_diabetes	MACROH2A2	55506	official_exact	up	0.865969632	361844	Macroh2a2	True	True	True
late_neuron_DPN_vs_diabetes	MAF	4094	official_exact	up	0.901724104	54267	Maf	True	True	True
late_neuron_DPN_vs_diabetes	MAP2K3	5606	official_exact	up	0.711695862	303200	Map2k3	True	True	False
late_neuron_DPN_vs_diabetes	MAP3K11	4296	official_exact	down	-1.055442384	309168	Map3k11	True	True	True
late_neuron_DPN_vs_diabetes	MAP3K4	4216	official_exact	down	-0.671182267	308106	Map3k4	True	True	True
late_neuron_DPN_vs_diabetes	MARCH1	55016	unique_synonym	down	-1.159529745	361135	Marchf1	True	True	False
late_neuron_DPN_vs_diabetes	MARCH11	441061	unique_synonym	down	-1.354016774	499558	Marchf11	True	True	True
late_neuron_DPN_vs_diabetes	MARCH2	51257	unique_synonym	down	-1.063640791	362849	Marchf2	True	True	True
late_neuron_DPN_vs_diabetes	MARCH3	115123	unique_synonym	down	-0.602207152	364878	Marchf3	True	True	True
late_neuron_DPN_vs_diabetes	MARCH4	57574	unique_synonym	down	-1.173887976	367295	Marchf4	True	True	False
late_neuron_DPN_vs_diabetes	MARCH5	54708	unique_synonym	down	-0.948280706	294079	Marchf5	True	True	True
late_neuron_DPN_vs_diabetes	MARCH6	10299	unique_synonym	down	-1.806290147	294862	Marchf6	True	True	True
late_neuron_DPN_vs_diabetes	MARCH7	64844	unique_synonym	down	-1.338999536	311059	Marchf7	True	True	True
late_neuron_DPN_vs_diabetes	MARCH8	220972	unique_synonym	down	-0.796710765	312656	Marchf8	True	True	True
late_neuron_DPN_vs_diabetes	MARCH9	92979	unique_synonym	down	-0.865954738	679272	Marchf9	True	False	False
late_neuron_DPN_vs_diabetes	MARCHF1	55016	official_exact	up	2.857674685	361135	Marchf1	True	True	False
late_neuron_DPN_vs_diabetes	MARCHF11	441061	official_exact	up	1.353470777	499558	Marchf11	True	True	True
late_neuron_DPN_vs_diabetes	MARCHF2	51257	official_exact	up	1.412798673	362849	Marchf2	True	True	True
late_neuron_DPN_vs_diabetes	MARCHF4	57574	official_exact	up	1.67228757	367295	Marchf4	True	True	False
late_neuron_DPN_vs_diabetes	MARCHF5	54708	official_exact	up	1.543627124	294079	Marchf5	True	True	True
late_neuron_DPN_vs_diabetes	MARCHF6	10299	official_exact	up	1.612617317	294862	Marchf6	True	True	True
late_neuron_DPN_vs_diabetes	MARCHF7	64844	official_exact	up	1.024541538	311059	Marchf7	True	True	True
late_neuron_DPN_vs_diabetes	MARCHF8	220972	official_exact	up	1.232021479	312656	Marchf8	True	True	True
late_neuron_DPN_vs_diabetes	MARCHF9	92979	official_exact	up	0.969033183	679272	Marchf9	True	False	False
late_neuron_DPN_vs_diabetes	MARS		unresolved_or_ambiguous	down	-1.33221215			False	False	False
late_neuron_DPN_vs_diabetes	MARS1	4141	official_exact	up	1.134912859	299851	Mars1	True	True	True
late_neuron_DPN_vs_diabetes	MATCAP1	653319	official_exact	up	1.043254152	688736	Matcap1	True	False	False
late_neuron_DPN_vs_diabetes	MATCAP2	23366	official_exact	up	1.543596814	315473	Matcap2	True	True	True
late_neuron_DPN_vs_diabetes	MDK	4192	official_exact	up	0.731374981	81517	Mdk	True	True	True
late_neuron_DPN_vs_diabetes	MET	4233	official_exact	up	0.615931009	24553	Met	True	True	True
late_neuron_DPN_vs_diabetes	METTL13	51603	official_exact	up	1.476059295	289159	Mettl13	True	True	True
late_neuron_DPN_vs_diabetes	METTL25B	51093	official_exact	up	1.118141432	361976	Mettl25b	True	True	True
late_neuron_DPN_vs_diabetes	MID1	4281	official_exact	down	-0.797562743	54252	Mid1	True	True	True
late_neuron_DPN_vs_diabetes	MIDEAS	91748	official_exact	up	1.074029858	314306	Mideas	True	True	True
late_neuron_DPN_vs_diabetes	MIS18BP1	55320	official_exact	down	-0.636260255	689296	Mis18bp1	True	True	True
late_neuron_DPN_vs_diabetes	MISFA	100506540	official_exact	up	1.51605759	100911574	Misfa	True	False	False
late_neuron_DPN_vs_diabetes	MKLN1	4289	official_exact	down	-0.615796943	83536	Mkln1	True	True	True
late_neuron_DPN_vs_diabetes	MOCOS	55034	official_exact	up	1.34846105	361300	Mocos	True	True	True
late_neuron_DPN_vs_diabetes	MON2	23041	official_exact	down	-0.751911721	314894	Mon2	True	True	True
late_neuron_DPN_vs_diabetes	MPP5	64398	unique_synonym	down	-1.22563279	314259	Pals1	True	True	True
late_neuron_DPN_vs_diabetes	MPP6		unresolved_or_ambiguous	down	-1.442111844			False	False	False
late_neuron_DPN_vs_diabetes	MRC1	4360	official_exact	up	0.939099574	291327	Mrc1	True	True	True
late_neuron_DPN_vs_diabetes	MSANTD7	100421372	official_exact	up	0.80561489	102547897	Msantd7	True	False	False
late_neuron_DPN_vs_diabetes	MSL1	339287	official_exact	down	-0.763917078	303514	Msl1	True	True	True
late_neuron_DPN_vs_diabetes	MT-ATP6		unresolved_or_ambiguous	up	0.649509174			False	False	False
late_neuron_DPN_vs_diabetes	MT-CO2	107075310	unique_synonym	up	0.89582891			False	False	False
late_neuron_DPN_vs_diabetes	MT-CYB		unresolved_or_ambiguous	up	0.840919285			False	False	False
late_neuron_DPN_vs_diabetes	MT-ND1		unresolved_or_ambiguous	up	0.703038288			False	False	False
late_neuron_DPN_vs_diabetes	MT-ND3		unresolved_or_ambiguous	up	1.153769495			False	False	False
late_neuron_DPN_vs_diabetes	MT-ND4		unresolved_or_ambiguous	up	0.606751657			False	False	False
late_neuron_DPN_vs_diabetes	MT-ND5		unresolved_or_ambiguous	up	0.720768635			False	False	False
late_neuron_DPN_vs_diabetes	MT1F	4494	official_exact	down	-1.560487361			False	False	False
late_neuron_DPN_vs_diabetes	MTARC1	64757	official_exact	up	0.768052277	690745	Mtarc1	True	False	False
late_neuron_DPN_vs_diabetes	MTARC2	54996	official_exact	down	-0.689150434	171451	Mtarc2	True	True	True
late_neuron_DPN_vs_diabetes	MTRFR	91574	official_exact	up	1.984861687	498179	Mtrfr	True	True	True
late_neuron_DPN_vs_diabetes	MYG1	60314	official_exact	up	1.381662966	300258	Myg1	True	True	True
late_neuron_DPN_vs_diabetes	N4BP2L1	90634	official_exact	down	-1.62237818	498131	N4bp2l1	True	True	True
late_neuron_DPN_vs_diabetes	NALF1	728215	official_exact	up	1.261013557	498667	Nalf1	True	False	False
late_neuron_DPN_vs_diabetes	NALF2	27112	official_exact	up	2.234631196	688841	Nalf2	True	True	True
late_neuron_DPN_vs_diabetes	NARS	4677	unique_synonym	down	-1.371330456	291556	Nars1	True	True	True
late_neuron_DPN_vs_diabetes	NARS1	4677	official_exact	up	1.424037106	291556	Nars1	True	True	True
late_neuron_DPN_vs_diabetes	NBPF19	101060226	official_exact	up	0.978477194			False	False	False
late_neuron_DPN_vs_diabetes	NBPF20	100288142	official_exact	up	0.745735173			False	False	False
late_neuron_DPN_vs_diabetes	NCKAP5	344148	official_exact	down	-0.901045636	363974	Nckap5	True	True	False
late_neuron_DPN_vs_diabetes	NDRG2	57447	official_exact	down	-1.372310635	171114	Ndrg2	True	True	True
late_neuron_DPN_vs_diabetes	NFATC3	4775	official_exact	down	-0.826953252	361400	Nfatc3	True	True	True
late_neuron_DPN_vs_diabetes	NFIA	4774	official_exact	down	-1.14009771	25492	Nfia	True	True	True
late_neuron_DPN_vs_diabetes	NHERF1	9368	official_exact	up	1.767703125	59114	Nherf1	True	True	True
late_neuron_DPN_vs_diabetes	NHERF2	9351	official_exact	up	0.811627107	116501	Nherf2	True	True	True
late_neuron_DPN_vs_diabetes	NIBAN2	64855	official_exact	down	-1.046838145	362115	Niban2	True	True	True
late_neuron_DPN_vs_diabetes	NLGN3	54413	official_exact	down	-2.14220985	171297	Nlgn3	True	True	True
late_neuron_DPN_vs_diabetes	NMNAT3	349565	official_exact	down	-0.636975063	363118	Nmnat3	True	True	False
late_neuron_DPN_vs_diabetes	NOPCHAP1	121053	official_exact	up	1.340571479	299700	Nopchap1	True	True	True
late_neuron_DPN_vs_diabetes	NPPB	4879	official_exact	down	-1.227373447	25105	Nppb	True	True	True
late_neuron_DPN_vs_diabetes	NQO1	1728	official_exact	down	-0.651038019	24314	Nqo1	True	True	True
late_neuron_DPN_vs_diabetes	NR3C2	4306	official_exact	down	-0.877186913	25672	Nr3c2	True	True	False
late_neuron_DPN_vs_diabetes	NRROS	375387	official_exact	up	0.809447581	303875	Nrros	True	True	False
late_neuron_DPN_vs_diabetes	NSD3	54904	official_exact	down	-0.662807096	290831	Nsd3	True	True	True
late_neuron_DPN_vs_diabetes	NTAQ1	55093	official_exact	up	1.872698975	362914	Ntaq1	True	True	True
late_neuron_DPN_vs_diabetes	NUMA1	4926	official_exact	down	-0.629809985	308870	Numa1	True	True	True
late_neuron_DPN_vs_diabetes	ODAD1	93233	official_exact	up	0.977186543	308594	Odad1	True	True	False
late_neuron_DPN_vs_diabetes	ODAD3	115948	official_exact	up	1.244257551	315465	Odad3	True	True	False
late_neuron_DPN_vs_diabetes	ODF2L	57489	official_exact	up	1.306188434	685425	Odf2l	True	True	True
late_neuron_DPN_vs_diabetes	OGFRL1	79627	official_exact	down	-0.855385676	316290	Ogfrl1	True	True	True
late_neuron_DPN_vs_diabetes	OLFML2B	25903	official_exact	down	-0.614450207	304960	Olfml2b	True	True	True
late_neuron_DPN_vs_diabetes	OOSP4A	112577462	official_exact	up	0.850374452			False	False	False
late_neuron_DPN_vs_diabetes	OPRK1	4986	official_exact	down	-0.847873015	29335	Oprk1	True	True	True
late_neuron_DPN_vs_diabetes	OPRM1	4988	official_exact	down	-0.752794577	25601	Oprm1	True	True	True
late_neuron_DPN_vs_diabetes	ORAI1	84876	official_exact	down	-0.804979688	304496	Orai1	True	True	True
late_neuron_DPN_vs_diabetes	P2RY12	64805	official_exact	down	-2.337847849	64803	P2ry12	True	True	True
late_neuron_DPN_vs_diabetes	PABIR2	159090	official_exact	down	-0.684742096	501647	Pabir2	True	True	False
late_neuron_DPN_vs_diabetes	PABIR3	159091	official_exact	up	2.191033638	685701	Pabir3	True	False	False
late_neuron_DPN_vs_diabetes	PALM2-AKAP2	445815	unique_synonym	down	-1.102378007	298024	Palm2akap2	True	True	True
late_neuron_DPN_vs_diabetes	PALM2AKAP2	445815	official_exact	up	1.313920507	298024	Palm2akap2	True	True	True
late_neuron_DPN_vs_diabetes	PALS1	64398	official_exact	up	1.599970852	314259	Pals1	True	True	True
late_neuron_DPN_vs_diabetes	PALS2	51678	official_exact	up	1.127201283	362359	Pals2	True	True	True
late_neuron_DPN_vs_diabetes	PAPSS2	9060	official_exact	down	-0.63358586	294103	Papss2	True	True	False
late_neuron_DPN_vs_diabetes	PARP14	54625	official_exact	down	-0.703670375	303903	Parp14	True	True	True
late_neuron_DPN_vs_diabetes	PCDH10	57575	official_exact	down	-0.983005967	361943	Pcdh10	True	True	True
late_neuron_DPN_vs_diabetes	PCDH18	54510	official_exact	down	-1.515288547	295027	Pcdh18	True	True	True
late_neuron_DPN_vs_diabetes	PDCD4	27250	official_exact	down	-0.652334927	64031	Pdcd4	True	True	True
late_neuron_DPN_vs_diabetes	PDE11A	50940	official_exact	down	-0.722408721	140928	Pde11a	True	False	False
late_neuron_DPN_vs_diabetes	PDZRN3	23024	official_exact	down	-0.790088292	312607	Pdzrn3	True	True	True
late_neuron_DPN_vs_diabetes	PECAM1	5175	official_exact	up	0.884056224	29583	Pecam1	True	False	False
late_neuron_DPN_vs_diabetes	PEDS1	387521	official_exact	up	1.100716162	362278	Peds1	True	True	True
late_neuron_DPN_vs_diabetes	PER1	5187	official_exact	down	-0.654824525	287422	Per1	True	True	False
late_neuron_DPN_vs_diabetes	PGAP4	84302	official_exact	up	1.730207455	362518	Pgap4	True	True	True
late_neuron_DPN_vs_diabetes	PGK1	5230	official_exact	up	0.636848169	24644	Pgk1	True	True	True
late_neuron_DPN_vs_diabetes	PHAF1	80262	official_exact	up	1.093211733	207123	Phaf1	True	True	True
late_neuron_DPN_vs_diabetes	PHB	5245	unique_synonym	down	-1.900527003	25344	Phb1	True	True	True
late_neuron_DPN_vs_diabetes	PHB1	5245	official_exact	up	2.224012577	25344	Phb1	True	True	True
late_neuron_DPN_vs_diabetes	PHLDB1	23187	official_exact	down	-0.816091134	171434	Phldb1	True	True	True
late_neuron_DPN_vs_diabetes	PIERCE2	145788	official_exact	up	1.388980199	691849	Pierce2	True	True	True
late_neuron_DPN_vs_diabetes	PIGF	5281	official_exact	down	-0.796907906	681086	Pigf	True	True	True
late_neuron_DPN_vs_diabetes	PIKFYVE	200576	official_exact	down	-0.829536056	316457	Pikfyve	True	True	True
late_neuron_DPN_vs_diabetes	PLAUR	5329	official_exact	up	1.182823652	50692	Plaur	True	True	True
late_neuron_DPN_vs_diabetes	PLEKHO1	51177	official_exact	up	0.677033198	310674	Plekho1	True	True	True
late_neuron_DPN_vs_diabetes	PLK1	5347	official_exact	up	0.850585632	25515	Plk1	True	True	True
late_neuron_DPN_vs_diabetes	PLXNA3	55558	official_exact	down	-0.678894174	309280	Plxna3	True	True	True
late_neuron_DPN_vs_diabetes	POGLUT3	143888	official_exact	down	-1.115246794	315664	Poglut3	True	True	True
late_neuron_DPN_vs_diabetes	POLR1F	221830	official_exact	up	1.329594595	362728	Polr1f	True	True	True
late_neuron_DPN_vs_diabetes	POLR1G	10849	official_exact	up	1.156741809	680493	Polr1g	True	True	True
late_neuron_DPN_vs_diabetes	POLR1H	30834	official_exact	up	2.571782119	361784	Polr1h	True	True	True
late_neuron_DPN_vs_diabetes	PPIA	5478	official_exact	down	-0.830653926	25518	Ppia	True	True	True
late_neuron_DPN_vs_diabetes	PPP5D1	100506012	unique_synonym	down	-1.088309723			False	False	False
late_neuron_DPN_vs_diabetes	PRKY	5616	official_exact	up	0.849956887			False	False	False
late_neuron_DPN_vs_diabetes	PROS1	5627	official_exact	down	-1.205567394	81750	Pros1	True	True	True
late_neuron_DPN_vs_diabetes	PRPF8	10594	official_exact	down	-0.645045048	287530	Prpf8	True	True	True
late_neuron_DPN_vs_diabetes	PRRC2B	84726	official_exact	down	-1.005816033	296637	Prrc2b	True	True	True
late_neuron_DPN_vs_diabetes	PSME3IP1	80011	official_exact	up	1.465809178	307652	Psme3ip1	True	True	True
late_neuron_DPN_vs_diabetes	PSRC1	84722	official_exact	up	1.008498036	691380	Psrc1	True	True	False
late_neuron_DPN_vs_diabetes	PTCH1	5727	official_exact	down	-0.802457486	89830	Ptch1	True	True	True
late_neuron_DPN_vs_diabetes	PTGR3	284273	official_exact	up	1.463736402	291403	Ptgr3	True	True	True
late_neuron_DPN_vs_diabetes	PTPN18	26469	official_exact	up	1.133366548	301333	Ptpn18	True	True	True
late_neuron_DPN_vs_diabetes	PTPRG	5793	official_exact	down	-0.940227667	171357	Ptprg	True	True	True
late_neuron_DPN_vs_diabetes	QARS		unresolved_or_ambiguous	down	-1.255514293			False	False	False
late_neuron_DPN_vs_diabetes	QARS1	5859	official_exact	up	1.233003038	290868	Qars1	True	True	True
late_neuron_DPN_vs_diabetes	RALGAPA2	57186	official_exact	up	0.624157874	296211	Ralgapa2	True	True	False
late_neuron_DPN_vs_diabetes	RALGDS	5900	official_exact	up	0.630261626	29622	Ralgds	True	True	True
late_neuron_DPN_vs_diabetes	RAMACL	353267	official_exact	up	0.74478137			False	False	False
late_neuron_DPN_vs_diabetes	RANBP3L	202151	official_exact	down	-1.564177815	294789	Ranbp3l	True	False	False
late_neuron_DPN_vs_diabetes	RAP2B	5912	official_exact	up	0.801523288	170923	Rap2b	True	True	False
late_neuron_DPN_vs_diabetes	RAPGEF5	9771	official_exact	down	-0.851854137	362799	Rapgef5	True	True	True
late_neuron_DPN_vs_diabetes	RARS	5917	unique_synonym	down	-1.167229833	287191	Rars1	True	True	True
late_neuron_DPN_vs_diabetes	RARS1	5917	official_exact	up	1.7256605	287191	Rars1	True	True	True
late_neuron_DPN_vs_diabetes	RASSF8	11228	official_exact	down	-0.592270289	312846	Rassf8	True	True	True
late_neuron_DPN_vs_diabetes	RBP1	5947	official_exact	up	0.749385108	25056	Rbp1	True	True	True
late_neuron_DPN_vs_diabetes	RCBTB2	1102	official_exact	down	-1.214778495	290363	Rcbtb2	True	True	True
late_neuron_DPN_vs_diabetes	RCE1	9986	official_exact	up	0.831406209	309153	Rce1	True	True	True
late_neuron_DPN_vs_diabetes	RELN	5649	official_exact	down	-0.708363034	24718	Reln	True	True	True
late_neuron_DPN_vs_diabetes	RFLNA	144347	official_exact	down	-0.74267272	689711	Rflna	True	True	False
late_neuron_DPN_vs_diabetes	RGL1	23179	official_exact	down	-0.650755439	289080	Rgl1	True	True	True
late_neuron_DPN_vs_diabetes	RIGI	23586	official_exact	up	0.693887888	297989	Rig1	True	True	True
late_neuron_DPN_vs_diabetes	RIMOC1	285636	official_exact	up	1.654420519	310362	Rimoc1	True	True	True
late_neuron_DPN_vs_diabetes	RNASE4	6038	official_exact	down	-4.047533541	56759	Rnase4	True	False	False
late_neuron_DPN_vs_diabetes	RNF152	220441	official_exact	down	-1.071785944	293561	Rnf152	True	True	False
late_neuron_DPN_vs_diabetes	ROR1	4919	official_exact	down	-1.132498188	362550	Ror1	True	True	True
late_neuron_DPN_vs_diabetes	RP2	6102	official_exact	down	-0.723965752	367714	Rp2	True	True	False
late_neuron_DPN_vs_diabetes	RRNAD1	51093	unique_synonym	down	-0.682597488	361976	Mettl25b	True	True	True
late_neuron_DPN_vs_diabetes	RSAD2	91543	official_exact	up	0.679999349	65190	Rsad2	True	True	True
late_neuron_DPN_vs_diabetes	RUSF1	64755	official_exact	up	1.236855674	361654	Rusf1	True	True	True
late_neuron_DPN_vs_diabetes	S100PBP	64766	official_exact	down	-0.652816572	500551	S100pbp	True	True	True
late_neuron_DPN_vs_diabetes	SANBR	84542	official_exact	up	1.482417094	305579	Sanbr	True	True	True
late_neuron_DPN_vs_diabetes	SAP25	100316904	official_exact	down	-0.850167379	288559	Sap25	True	True	False
late_neuron_DPN_vs_diabetes	SARS		unresolved_or_ambiguous	down	-0.855470625			False	False	False
late_neuron_DPN_vs_diabetes	SARS1	6301	official_exact	up	1.567069142	266975	Sars1	True	True	True
late_neuron_DPN_vs_diabetes	SBK1	388228	official_exact	down	-0.816565704	113907	Sbk1	True	True	False
late_neuron_DPN_vs_diabetes	SCAND3	114821	official_exact	up	1.372172434			False	False	False
late_neuron_DPN_vs_diabetes	SCML1	6322	official_exact	down	-0.829077532	102550809	Scml1	True	True	False
late_neuron_DPN_vs_diabetes	SCYGR4	112441430	official_exact	up	1.171855003			False	False	False
late_neuron_DPN_vs_diabetes	SELENOP	6414	official_exact	down	-0.680354374	29360	Selenop	True	True	True
late_neuron_DPN_vs_diabetes	SERPINB2	5055	official_exact	up	3.02497425	60325	Serpinb2	True	True	False
late_neuron_DPN_vs_diabetes	SERPINH1	871	official_exact	down	-0.73903229	29345	Serpinh1	True	True	True
late_neuron_DPN_vs_diabetes	SFT2D1	113402	official_exact	down	-1.061581344	292305	Sft2d1	True	True	True
late_neuron_DPN_vs_diabetes	SGK1	6446	official_exact	down	-0.719945925	29517	Sgk1	True	True	True
late_neuron_DPN_vs_diabetes	SH2D4B	387694	official_exact	up	1.284460583	290612	Sh2d4b	True	True	True
late_neuron_DPN_vs_diabetes	SH3D19	152503	official_exact	down	-0.657660235	295171	Sh3d19	True	True	True
late_neuron_DPN_vs_diabetes	SHANK1	50944	official_exact	up	0.984375072	78957	Shank1	True	True	False
late_neuron_DPN_vs_diabetes	SKIC2	6499	official_exact	up	1.49183631	294260	Skic2	True	True	True
late_neuron_DPN_vs_diabetes	SKIC3	9652	official_exact	up	1.192159761	294595	Skic3	True	True	True
late_neuron_DPN_vs_diabetes	SKIC8	80349	official_exact	up	1.520843141	363064	Skic8	True	True	True
late_neuron_DPN_vs_diabetes	SKIV2L	6499	unique_synonym	down	-0.86266068	294260	Skic2	True	True	True
late_neuron_DPN_vs_diabetes	SLC14A1	6563	official_exact	down	-1.112092557	54301	Slc14a1	True	True	True
late_neuron_DPN_vs_diabetes	SLC26A10	65012	unique_synonym	down	-0.808431795			False	False	False
late_neuron_DPN_vs_diabetes	SLC30A1	7779	official_exact	down	-0.835137717	58976	Slc30a1	True	True	True
late_neuron_DPN_vs_diabetes	SLC35B3	51000	official_exact	down	-0.950515582	306866	Slc35b3	True	True	True
late_neuron_DPN_vs_diabetes	SLC40A1	30061	official_exact	down	-1.190702413	170840	Slc40a1	True	False	False
late_neuron_DPN_vs_diabetes	SLC43A1	8501	official_exact	down	-0.793791597	311168	Slc43a1	True	True	False
late_neuron_DPN_vs_diabetes	SLC66A1L	152078	unique_synonym	down	-0.915193174			False	False	False
late_neuron_DPN_vs_diabetes	SLC7A6	9057	official_exact	down	-1.008379665	307811	Slc7a6	True	True	True
late_neuron_DPN_vs_diabetes	SLC8A1	6546	official_exact	down	-0.744801716	29715	Slc8a1	True	True	False
late_neuron_DPN_vs_diabetes	SLC9A3R1	9368	unique_synonym	down	-2.089224352	59114	Nherf1	True	True	True
late_neuron_DPN_vs_diabetes	SLC9A3R2	9351	unique_synonym	down	-1.383589021	116501	Nherf2	True	True	True
late_neuron_DPN_vs_diabetes	SLX9	85395	official_exact	up	1.21983175	294333	Slx9	True	True	True
late_neuron_DPN_vs_diabetes	SMCHD1	23347	official_exact	down	-0.637795472	316732	Smchd1	True	True	True
late_neuron_DPN_vs_diabetes	SMIM10	644538	official_exact	down	-0.733956845			False	False	False
late_neuron_DPN_vs_diabetes	SMOX	54498	official_exact	down	-0.676388073	308652	Smox	True	True	True
late_neuron_DPN_vs_diabetes	SMPDL3A	10924	official_exact	down	-1.095904855	294422	Smpdl3a	True	True	True
late_neuron_DPN_vs_diabetes	SOD2	6648	official_exact	down	-1.342315364	24787	Sod2	True	True	True
late_neuron_DPN_vs_diabetes	SP1	6667	official_exact	down	-0.810136458	24790	Sp1	True	True	True
late_neuron_DPN_vs_diabetes	SPARCL1	8404	official_exact	down	-0.928878673	25434	Sparcl1	True	True	True
late_neuron_DPN_vs_diabetes	SPAST	6683	official_exact	down	-0.803306111	362700	Spast	True	True	True
late_neuron_DPN_vs_diabetes	SPATA6L	55064	official_exact	up	1.134063607	361747	Spata6l	True	True	True
late_neuron_DPN_vs_diabetes	SPEGNB	100996693	official_exact	down	-0.605789867			False	False	False
late_neuron_DPN_vs_diabetes	SPG21	51324	official_exact	down	-1.173959883	300791	Spg21	True	True	True
late_neuron_DPN_vs_diabetes	SPRING1	79794	official_exact	up	1.273761093	498188	Spring1	True	True	True
late_neuron_DPN_vs_diabetes	SPRY4	81848	official_exact	up	0.841385005	291610	Spry4	True	True	True
late_neuron_DPN_vs_diabetes	SPTY2D1OS	100506540	unique_synonym	down	-0.950382855	100911574	Misfa	True	False	False
late_neuron_DPN_vs_diabetes	SST	6750	official_exact	down	-0.603601181	24797	Sst	True	True	True
late_neuron_DPN_vs_diabetes	STAR	6770	official_exact	up	1.48386888	25557	Star	True	True	False
late_neuron_DPN_vs_diabetes	STARD9	57519	official_exact	down	-0.854947131	691920	Stard9	True	True	True
late_neuron_DPN_vs_diabetes	STAT2	6773	official_exact	down	-0.634948216	288774	Stat2	True	True	True
late_neuron_DPN_vs_diabetes	STEEP1	63932	official_exact	up	1.575528003	313433	Steep1	True	True	True
late_neuron_DPN_vs_diabetes	STING1	340061	official_exact	down	-4.623037787	498840	Sting1	True	True	True
late_neuron_DPN_vs_diabetes	STX1A	6804	official_exact	up	0.605381226	116470	Stx1a	True	True	True
late_neuron_DPN_vs_diabetes	SULT2B1	6820	official_exact	up	0.976635427	292915	Sult2b1	True	True	True
late_neuron_DPN_vs_diabetes	SUSD5	26032	official_exact	down	-0.643524597	301039	Susd5	True	True	False
late_neuron_DPN_vs_diabetes	SVIL	6840	official_exact	up	0.880807806	361256	Svil	True	True	True
late_neuron_DPN_vs_diabetes	SYCE3	644186	official_exact	up	0.616296874	689933	Syce3	True	True	False
late_neuron_DPN_vs_diabetes	TAFAZZIN	6901	official_exact	up	0.712768185	363521	Tafazzin	True	True	True
late_neuron_DPN_vs_diabetes	TARS	6897	unique_synonym	down	-0.713282352	294810	Tars1	True	True	True
late_neuron_DPN_vs_diabetes	TARS1	6897	official_exact	up	2.366534889	294810	Tars1	True	True	True
late_neuron_DPN_vs_diabetes	TARS3	123283	official_exact	up	1.202901875	308701	Tars3	True	True	True
late_neuron_DPN_vs_diabetes	TAS2R30	259293	official_exact	down	-0.591497563			False	False	False
late_neuron_DPN_vs_diabetes	TBC1D3B	414059	official_exact	up	4.13554412			False	False	False
late_neuron_DPN_vs_diabetes	TBC1D3E	102723859	official_exact	up	2.165168631			False	False	False
late_neuron_DPN_vs_diabetes	TBC1D8B	54885	official_exact	down	-1.415722313	315912	Tbc1d8b	True	True	True
late_neuron_DPN_vs_diabetes	TBCE.1		unresolved_or_ambiguous	down	-0.920132948			False	False	False
late_neuron_DPN_vs_diabetes	TCTEX1D2	255758	unique_synonym	down	-1.290590665	498095	Dynlt2b	True	True	True
late_neuron_DPN_vs_diabetes	TET3	200424	official_exact	up	0.630720503	680576	Tet3	True	True	True
late_neuron_DPN_vs_diabetes	TFRC	7037	official_exact	down	-0.762695396	64678	Tfrc	True	True	True
late_neuron_DPN_vs_diabetes	THBS4	7060	official_exact	down	-2.454513637	29220	Thbs4	True	True	True
late_neuron_DPN_vs_diabetes	TIAF1	399687	unique_synonym	down	-0.723032178	360570	Myo18a	True	True	True
late_neuron_DPN_vs_diabetes	TJP1	7082	official_exact	down	-0.920149608	292994	Tjp1	True	True	True
late_neuron_DPN_vs_diabetes	TMBIM1	64114	official_exact	down	-0.780760014	316516	Tmbim1	True	True	True
late_neuron_DPN_vs_diabetes	TMEM106A	113277	official_exact	down	-0.691732988	287722	Tmem106a	True	True	True
late_neuron_DPN_vs_diabetes	TMEM159	57146	unique_synonym	down	-1.285419342	378467	Ldaf1	True	True	True
late_neuron_DPN_vs_diabetes	TMEM173	340061	unique_synonym	down	-1.010868121	498840	Sting1	True	True	True
late_neuron_DPN_vs_diabetes	TMEM189	387521	unique_synonym	down	-1.799063506	362278	Peds1	True	True	True
late_neuron_DPN_vs_diabetes	TMEM218	219854	official_exact	up	0.666894126	300516	Tmem218	True	True	True
late_neuron_DPN_vs_diabetes	TMEM246	84302	unique_synonym	down	-1.462417223	362518	Pgap4	True	True	True
late_neuron_DPN_vs_diabetes	TMEM251	26175	unique_synonym	down	-1.247093381	100360358	Lyset	True	True	True
late_neuron_DPN_vs_diabetes	TMEM255A	55026	official_exact	down	-0.68526554	313453	Tmem255a	True	True	True
late_neuron_DPN_vs_diabetes	TMEM39A	55254	official_exact	down	-0.606336448	288092	Tmem39a	True	True	True
late_neuron_DPN_vs_diabetes	TMEM8A	58986	unique_synonym	down	-1.360714148	303004	Pgap6	True	True	True
late_neuron_DPN_vs_diabetes	TMEM97	27346	official_exact	up	0.593603274	303330	Tmem97	True	True	True
late_neuron_DPN_vs_diabetes	TMEM99	147184	unique_synonym	down	-1.410042346			False	False	False
late_neuron_DPN_vs_diabetes	TNFAIP3	7128	official_exact	up	0.707497485	683206	Tnfaip3	True	True	False
late_neuron_DPN_vs_diabetes	TNFRSF19	55504	official_exact	down	-1.123771759	290300	Tnfrsf19	True	True	False
late_neuron_DPN_vs_diabetes	TNFSF13B	10673	official_exact	up	0.673498305	498666	Tnfsf13b	True	True	False
late_neuron_DPN_vs_diabetes	TOB2	10766	official_exact	down	-0.893802322	315159	Tob2	True	True	True
late_neuron_DPN_vs_diabetes	TP53I13	90313	official_exact	down	-0.835908658	287550	Tp53i13	True	True	True
late_neuron_DPN_vs_diabetes	TPP2	7174	official_exact	down	-0.593141627	81815	Tpp2	True	True	True
late_neuron_DPN_vs_diabetes	TRIM38	10475	official_exact	up	1.417007678	680019	Trim38	True	False	False
late_neuron_DPN_vs_diabetes	TRIM5	85363	official_exact	down	-0.889640243	308906	Trim5	True	True	True
late_neuron_DPN_vs_diabetes	TRIM66	9866	official_exact	down	-0.701932926	361623	Trim66	True	True	False
late_neuron_DPN_vs_diabetes	TRPA1	8989	official_exact	down	-0.859421935	312896	Trpa1	True	True	True
late_neuron_DPN_vs_diabetes	TRPC5	7224	official_exact	down	-1.057821086	140933	Trpc5	True	True	False
late_neuron_DPN_vs_diabetes	TRPS1	7227	official_exact	down	-1.579396277	299897	Trps1	True	True	True
late_neuron_DPN_vs_diabetes	TSC22D4	81628	official_exact	down	-0.921495319	684980	Tsc22d4	True	False	False
late_neuron_DPN_vs_diabetes	TSPAN15	23555	official_exact	down	-0.66773464	679462	Tspan15	True	True	True
late_neuron_DPN_vs_diabetes	TSTA3	7264	unique_synonym	down	-0.999386921	300036	Gfus	True	True	True
late_neuron_DPN_vs_diabetes	TTC37	9652	unique_synonym	down	-0.949230947	294595	Skic3	True	True	True
late_neuron_DPN_vs_diabetes	TTLL4	9654	official_exact	down	-0.674280683	690512	Ttll4	True	True	False
late_neuron_DPN_vs_diabetes	TUBA1B	10376	official_exact	up	0.762032331	500929	Tuba1b	True	True	True
late_neuron_DPN_vs_diabetes	TWISTNB	221830	unique_synonym	down	-2.436933582	362728	Polr1f	True	True	True
late_neuron_DPN_vs_diabetes	UACA	55075	official_exact	down	-1.099649169	315732	Uaca	True	True	True
late_neuron_DPN_vs_diabetes	UBA7	7318	official_exact	down	-0.663215636	301000	Uba7	True	True	True
late_neuron_DPN_vs_diabetes	UBE2C	11065	official_exact	down	-0.623294084	296368	Ube2c	True	True	True
late_neuron_DPN_vs_diabetes	UGGT2	55757	official_exact	down	-0.634114395	361091	Uggt2	True	False	False
late_neuron_DPN_vs_diabetes	UHRF1BP1	54887	unique_synonym	down	-1.25139583	309637	Bltp3a	True	True	False
late_neuron_DPN_vs_diabetes	UHRF1BP1L	23074	unique_synonym	down	-1.218781	363009	Bltp3b	True	True	True
late_neuron_DPN_vs_diabetes	UPP1	7378	official_exact	up	0.647132948	289801	Upp1	True	True	True
late_neuron_DPN_vs_diabetes	UQCC4	283951	official_exact	up	2.054600451	497874	Uqcc4	True	True	True
late_neuron_DPN_vs_diabetes	UQCRH	7388	official_exact	down	-0.978847744	366448	Uqcrh	True	True	True
late_neuron_DPN_vs_diabetes	USP25	29761	official_exact	down	-0.631342378	304150	Usp25	True	True	True
late_neuron_DPN_vs_diabetes	USP3	9960	official_exact	down	-0.87262162	363084	Usp3	True	True	True
late_neuron_DPN_vs_diabetes	USP53	54532	official_exact	down	-0.785953849	295425	Usp53	True	True	True
late_neuron_DPN_vs_diabetes	USP54	159195	official_exact	down	-1.305839481	408223	Usp54	True	True	True
late_neuron_DPN_vs_diabetes	VAMP5	10791	official_exact	up	0.773078596	89818	Vamp5	True	True	True
late_neuron_DPN_vs_diabetes	VARS	7407	unique_synonym	down	-1.276363117	25009	Vars1	True	True	True
late_neuron_DPN_vs_diabetes	VARS1	7407	official_exact	up	1.675990532	25009	Vars1	True	True	True
late_neuron_DPN_vs_diabetes	VPS13B	157680	official_exact	down	-0.653202124	315036	Vps13b	True	False	False
late_neuron_DPN_vs_diabetes	VPS29	51699	official_exact	down	-0.606371453	288666	Vps29	True	True	True
late_neuron_DPN_vs_diabetes	WARS	7453	unique_synonym	down	-0.962056287	314442	Wars1	True	True	True
late_neuron_DPN_vs_diabetes	WARS1	7453	official_exact	up	1.874545453	314442	Wars1	True	True	True
late_neuron_DPN_vs_diabetes	WASF2	10163	official_exact	down	-0.767890347	313024	Wasf2	True	True	True
late_neuron_DPN_vs_diabetes	WDFY2	115825	official_exact	down	-0.592028147	305956	Wdfy2	True	True	True
late_neuron_DPN_vs_diabetes	WDR1	9948	official_exact	up	0.782865086	360950	Wdr1	True	True	True
late_neuron_DPN_vs_diabetes	WDR34	89891	unique_synonym	down	-1.023845189	296618	Dync2i2	True	True	True
late_neuron_DPN_vs_diabetes	WDR63	126820	unique_synonym	down	-1.780843837	292165	Dnai3	True	True	False
late_neuron_DPN_vs_diabetes	WDR66	144406	unique_synonym	down	-0.760802691	304498	Cfap251	True	True	True
late_neuron_DPN_vs_diabetes	WDR78	79819	unique_synonym	down	-1.662471354	313417	Dnai4	True	True	True
late_neuron_DPN_vs_diabetes	WDR92	116143	unique_synonym	down	-1.022881218	498418	Dnaaf10	True	True	True
late_neuron_DPN_vs_diabetes	WDYHV1	55093	unique_synonym	down	-1.211672158	362914	Ntaq1	True	True	True
late_neuron_DPN_vs_diabetes	YARS	8565	unique_synonym	down	-1.394794393	313047	Yars1	True	True	True
late_neuron_DPN_vs_diabetes	YARS1	8565	official_exact	up	1.623655665	313047	Yars1	True	True	True
late_neuron_DPN_vs_diabetes	YTHDC2	64848	official_exact	down	-0.607783181	307446	Ythdc2	True	True	True
late_neuron_DPN_vs_diabetes	ZADH2	284273	unique_synonym	down	-0.720184401	291403	Ptgr3	True	True	True
late_neuron_DPN_vs_diabetes	ZBED6CL	113763	unique_synonym	down	-0.831154482			False	False	False
late_neuron_DPN_vs_diabetes	ZBED8	63920	official_exact	down	-0.907430392			False	False	False
late_neuron_DPN_vs_diabetes	ZBED9	114821	unique_synonym	down	-1.552869849			False	False	False
late_neuron_DPN_vs_diabetes	ZBTB1	22890	official_exact	down	-0.748407881	314246	Zbtb1	True	True	True
late_neuron_DPN_vs_diabetes	ZEB2	9839	official_exact	down	-1.061466059	311071	Zeb2	True	True	True
late_neuron_DPN_vs_diabetes	ZFTA	65998	official_exact	up	1.372910422	499309	Zfta	True	True	True
late_neuron_DPN_vs_diabetes	ZFTRAF1	50626	official_exact	up	1.361469979	108348051	Zftraf1	True	True	True
late_neuron_DPN_vs_diabetes	ZNF121	7675	official_exact	down	-0.639703324			False	False	False
late_neuron_DPN_vs_diabetes	ZNF146	7705	official_exact	down	-0.716438055	102555183	Zfp146	True	False	False
late_neuron_DPN_vs_diabetes	ZNF334	55713	official_exact	down	-0.914751486			False	False	False
late_neuron_DPN_vs_diabetes	ZNF587B	100293516	official_exact	up	0.625619543			False	False	False
late_neuron_DPN_vs_diabetes	ZNF649	65251	official_exact	up	0.625099127			False	False	False
late_neuron_DPN_vs_diabetes	ZNF720	124411	unique_synonym	down	-1.16138573			False	False	False
late_neuron_DPN_vs_diabetes	ZNF84	7637	official_exact	up	0.630892928			False	False	False
late_neuron_DPN_vs_diabetes	ZNRD1	30834	unique_synonym	down	-1.28070497	361784	Polr1h	True	True	True
late_neuron_DPN_vs_diabetes	ZZZ3	26009	official_exact	up	0.674869742	310958	Zzz3	True	True	True
severity_neuron_modhigh_vs_low_nageotte	AARS1	16	official_exact	up	0.978646282022373	292023	Aars1	True	True	True
severity_neuron_modhigh_vs_low_nageotte	AATK	9625	unique_synonym	up	0.649857026600287	690853	Aatk	True	True	True
severity_neuron_modhigh_vs_low_nageotte	ABCA3	21	official_exact	down	-0.611506431133005	302973	Abca3	True	True	True
severity_neuron_modhigh_vs_low_nageotte	ABHD3	171586	official_exact	up	0.670767052482152	291793	Abhd3	True	True	True
severity_neuron_modhigh_vs_low_nageotte	ABI1	10006	official_exact	up	0.770756724202176	79249	Abi1	True	True	True
severity_neuron_modhigh_vs_low_nageotte	ABTB3	121551	official_exact	up	0.832523162414293	314675	Abtb3	True	True	False
severity_neuron_modhigh_vs_low_nageotte	ACAD11	84129	official_exact	up	0.92159285593227	315973	Acad11	True	True	True
severity_neuron_modhigh_vs_low_nageotte	ACTB	60	official_exact	down	-0.837436060679456	81822	Actb	True	True	True
severity_neuron_modhigh_vs_low_nageotte	ACTMAP	284325	official_exact	up	1.41171259831373	499106	Actmap	True	True	True
severity_neuron_modhigh_vs_low_nageotte	ADISSP	54976	official_exact	up	0.659926451193799	311428	Adissp	True	True	True
severity_neuron_modhigh_vs_low_nageotte	ADM2	79924	official_exact	up	0.913360581202991	399475	Adm2	True	False	False
severity_neuron_modhigh_vs_low_nageotte	ADPRHL2	54936	unique_synonym	down	-0.884175764121433	362600	Adprs	True	True	True
severity_neuron_modhigh_vs_low_nageotte	ADPRS	54936	official_exact	up	1.40701599673522	362600	Adprs	True	True	True
severity_neuron_modhigh_vs_low_nageotte	ADSS2	159	official_exact	up	0.598455727977305	289276	Adss2	True	True	True
severity_neuron_modhigh_vs_low_nageotte	AFF4	27125	official_exact	up	0.605221078549041	303132	Aff4	True	True	True
severity_neuron_modhigh_vs_low_nageotte	AGL	178	official_exact	up	0.600612091629164	362029	Agl	True	True	True
severity_neuron_modhigh_vs_low_nageotte	AKT3	10000	official_exact	up	0.618278135590512	29414	Akt3	True	True	True
severity_neuron_modhigh_vs_low_nageotte	AL162231.1		unresolved_or_ambiguous	down	-1.62011655354862			False	False	False
severity_neuron_modhigh_vs_low_nageotte	AMD1	262	official_exact	up	1.44124988261074	81640	Amd1	True	True	True
severity_neuron_modhigh_vs_low_nageotte	ANKRA2	57763	official_exact	up	0.94405803029189	294679	Ankra2	True	True	False
severity_neuron_modhigh_vs_low_nageotte	ANKRD12	23253	official_exact	up	1.46299469636353	316775	Ankrd12	True	True	True
severity_neuron_modhigh_vs_low_nageotte	AP1M1	8907	official_exact	down	-0.688461230449825	306332	Ap1m1	True	True	True
severity_neuron_modhigh_vs_low_nageotte	ARFGEF1	10565	official_exact	up	0.599162240313184	312915	Arfgef1	True	True	True
severity_neuron_modhigh_vs_low_nageotte	ARFGEF2	10564	official_exact	up	0.733588980295211	296380	Arfgef2	True	True	True
severity_neuron_modhigh_vs_low_nageotte	ARG2	384	official_exact	up	0.795589493889621	29215	Arg2	True	True	True
severity_neuron_modhigh_vs_low_nageotte	ARHGEF12	23365	official_exact	up	1.12368049670054	367072	Arhgef12	True	True	True
severity_neuron_modhigh_vs_low_nageotte	ARMH4	145407	official_exact	down	-0.588695671736601	361032	Armh4	True	True	True
severity_neuron_modhigh_vs_low_nageotte	ARPC1A	10552	official_exact	up	0.655046551998288	81824	Arpc1a	True	True	True
severity_neuron_modhigh_vs_low_nageotte	ARPP19	10776	official_exact	up	0.605293418837455	60336	Arpp19	True	True	True
severity_neuron_modhigh_vs_low_nageotte	ASH1L	55870	official_exact	up	0.799901554824199	310638	Ash1l	True	True	True
severity_neuron_modhigh_vs_low_nageotte	ATM	472	official_exact	up	0.772205092619037	300711	Atm	True	True	True
severity_neuron_modhigh_vs_low_nageotte	ATOSB	80256	official_exact	up	1.4917086966204	298201	Atosb	True	True	False
severity_neuron_modhigh_vs_low_nageotte	ATP6V1F	9296	official_exact	up	0.943939186161888	116664	Atp6v1f	True	True	True
severity_neuron_modhigh_vs_low_nageotte	ATRNL1	26033	official_exact	up	0.696445966261866	307992	Atrnl1	True	True	True
severity_neuron_modhigh_vs_low_nageotte	B2M	567	official_exact	down	-1.04433356684425	24223	B2m	True	True	True
severity_neuron_modhigh_vs_low_nageotte	BAG4	9530	official_exact	up	1.3035298952895	361167	Bag4	True	True	True
severity_neuron_modhigh_vs_low_nageotte	BBLN	79095	official_exact	up	1.3717100822112	499780	Bbln	True	True	True
severity_neuron_modhigh_vs_low_nageotte	BCL11A	53335	official_exact	up	1.0109920532344	305589	Bcl11a	True	True	True
severity_neuron_modhigh_vs_low_nageotte	BLTP1	84162	official_exact	up	0.974328665672904	294978	Bltp1	True	True	True
severity_neuron_modhigh_vs_low_nageotte	BLTP2	9703	official_exact	up	0.975883383511456	303280	Bltp2	True	True	True
severity_neuron_modhigh_vs_low_nageotte	BLTP3A	54887	official_exact	up	0.748106061747351	309637	Bltp3a	True	True	False
severity_neuron_modhigh_vs_low_nageotte	BLTP3B	23074	official_exact	up	1.34820996212562	363009	Bltp3b	True	True	True
severity_neuron_modhigh_vs_low_nageotte	BMAL2	56938	official_exact	up	0.986218760115976	362464	Bmal2	True	True	False
severity_neuron_modhigh_vs_low_nageotte	BOLA3	388962	official_exact	up	1.60620945527146	297388	Bola3	True	True	True
severity_neuron_modhigh_vs_low_nageotte	BPNT2	54928	official_exact	up	0.797230461807038	312952	Bpnt2	True	False	False
severity_neuron_modhigh_vs_low_nageotte	BRINP3	339479	official_exact	up	0.588489940533696	286901	Brinp3	True	True	True
severity_neuron_modhigh_vs_low_nageotte	BTBD8	284697	official_exact	up	0.871018019112966	100364240	Btbd8	True	True	True
severity_neuron_modhigh_vs_low_nageotte	C11orf95	65998	unique_synonym	down	-0.720326332618865	499309	Zfta	True	True	True
severity_neuron_modhigh_vs_low_nageotte	C16orf58	64755	unique_synonym	down	-1.32500365985597	361654	Rusf1	True	True	True
severity_neuron_modhigh_vs_low_nageotte	C1R	715	official_exact	down	-0.837277615657465	312705	C1r	True	True	True
severity_neuron_modhigh_vs_low_nageotte	C5orf30	90355	unique_synonym	up	0.94821216239434	501195	Macir	True	True	True
severity_neuron_modhigh_vs_low_nageotte	C6orf62	81688	official_exact	up	1.06170928401724	100911664	C17h6orf62	True	False	False
severity_neuron_modhigh_vs_low_nageotte	CAB39	51719	official_exact	up	0.608527838928537	301574	Cab39	True	True	True
severity_neuron_modhigh_vs_low_nageotte	CABLES2	81928	official_exact	up	0.742804094985389	311703	Cables2	True	True	True
severity_neuron_modhigh_vs_low_nageotte	CACNB2	783	official_exact	up	0.807393941209201	116600	Cacnb2	True	True	False
severity_neuron_modhigh_vs_low_nageotte	CALN1	83698	official_exact	up	0.789162608757812	363909	Caln1	True	True	False
severity_neuron_modhigh_vs_low_nageotte	CALY	50632	official_exact	down	-0.809668873038048	192349	Caly	True	True	True
severity_neuron_modhigh_vs_low_nageotte	CAP1	10487	official_exact	up	1.54901657756604	64185	Cap1	True	True	True
severity_neuron_modhigh_vs_low_nageotte	CARS1	833	official_exact	up	0.617298691121278	293638	Cars1	True	True	True
severity_neuron_modhigh_vs_low_nageotte	CASP4	837	official_exact	up	0.848969033459959	114555	Casp4	True	True	True
severity_neuron_modhigh_vs_low_nageotte	CCDC82	79780	official_exact	up	0.643037669491631	300359	Ccdc82	True	True	True
severity_neuron_modhigh_vs_low_nageotte	CCNL2	81669	official_exact	up	0.863201925562071	298686	Ccnl2	True	False	False
severity_neuron_modhigh_vs_low_nageotte	CCSER2	54462	official_exact	up	0.906673382412847	306306	Ccser2	True	True	True
severity_neuron_modhigh_vs_low_nageotte	CD44	960	official_exact	down	-0.623379080930906	25406	Cd44	True	True	True
severity_neuron_modhigh_vs_low_nageotte	CDC42BPA	8476	official_exact	up	0.856835037020272	114116	Cdc42bpa	True	True	True
severity_neuron_modhigh_vs_low_nageotte	CDH13	1012	official_exact	down	-0.630041525783593	192248	Cdh13	True	True	True
severity_neuron_modhigh_vs_low_nageotte	CDIN1	84529	official_exact	up	0.723958315991872	499864	Cdin1	True	True	True
severity_neuron_modhigh_vs_low_nageotte	CDK5RAP3	80279	official_exact	up	0.855293651960237	80278	Cdk5rap3	True	True	True
severity_neuron_modhigh_vs_low_nageotte	CDKN3	1033	official_exact	up	1.7801768343471	289993	Cdkn3	True	True	True
severity_neuron_modhigh_vs_low_nageotte	CEND1	51286	official_exact	up	0.634892105868021	361675	Cend1	True	False	False
severity_neuron_modhigh_vs_low_nageotte	CEP350	9857	official_exact	up	0.673429591095492	246304	Cep350	True	True	True
severity_neuron_modhigh_vs_low_nageotte	CEP43	11116	official_exact	up	0.695970229559758	683722	Cep43	True	True	True
severity_neuron_modhigh_vs_low_nageotte	CFAP119	90835	official_exact	up	1.85617181019762	691909	Cfap119	True	True	True
severity_neuron_modhigh_vs_low_nageotte	CFAP251	144406	official_exact	up	2.21207904991915	304498	Cfap251	True	True	True
severity_neuron_modhigh_vs_low_nageotte	CFAP68	64776	official_exact	up	1.14047474205069	500995	Cfap68	True	True	False
severity_neuron_modhigh_vs_low_nageotte	CFL1	1072	official_exact	down	-0.638768289938066	29271	Cfl1	True	True	True
severity_neuron_modhigh_vs_low_nageotte	CGGBP1	8545	official_exact	up	0.919767256251751	288353	Cggbp1	True	True	True
severity_neuron_modhigh_vs_low_nageotte	CIAPIN1	57019	official_exact	down	-0.64540332850573	307649	Ciapin1	True	True	True
severity_neuron_modhigh_vs_low_nageotte	CILK1	22858	official_exact	up	1.84044600446824	84411	Cilk1	True	True	True
severity_neuron_modhigh_vs_low_nageotte	CIPC	85457	official_exact	up	1.21933894432962	314330	Cipc	True	True	True
severity_neuron_modhigh_vs_low_nageotte	CLASP1	23332	official_exact	up	0.597844232751047	304740	Clasp1	True	True	True
severity_neuron_modhigh_vs_low_nageotte	CLASP2	23122	official_exact	up	0.638669753975233	114514	Clasp2	True	True	True
severity_neuron_modhigh_vs_low_nageotte	CLIC4	25932	official_exact	down	-0.616988396223983	83718	Clic4	True	True	True
severity_neuron_modhigh_vs_low_nageotte	CLVS2	134829	official_exact	up	1.10416018784417	361459	Clvs2	True	True	True
severity_neuron_modhigh_vs_low_nageotte	CNOT7	29883	official_exact	up	2.02563450901183	306492	Cnot7	True	True	True
severity_neuron_modhigh_vs_low_nageotte	CNP	1267	official_exact	down	-0.745793953594324	25275	Cnp	True	True	True
severity_neuron_modhigh_vs_low_nageotte	CNPPD1	27013	official_exact	down	-0.596935835664876	316530	Cnppd1	True	True	True
severity_neuron_modhigh_vs_low_nageotte	CNTN6	27255	official_exact	up	0.753373106873408	27256	Cntn6	True	True	True
severity_neuron_modhigh_vs_low_nageotte	CRACD	57482	official_exact	up	1.93861255564955	289568	Cracd	True	True	True
severity_neuron_modhigh_vs_low_nageotte	CRACDL	343990	official_exact	up	1.10327406162924	301351	Cracdl	True	True	False
severity_neuron_modhigh_vs_low_nageotte	CREBL2	1389	official_exact	up	0.696564332773189	362453	Crebl2	True	True	True
severity_neuron_modhigh_vs_low_nageotte	CREBZF	58487	official_exact	up	0.734387458215438	293112	Crebzf	True	True	True
severity_neuron_modhigh_vs_low_nageotte	CRYAB	1410	official_exact	down	-0.676833790658983	25420	Cryab	True	True	True
severity_neuron_modhigh_vs_low_nageotte	CSNK1G2	1455	official_exact	up	0.602472272561265	65278	Csnk1g2	True	True	True
severity_neuron_modhigh_vs_low_nageotte	CSNK1G3	1456	official_exact	up	0.899632226569065	64823	Csnk1g3	True	True	True
severity_neuron_modhigh_vs_low_nageotte	CSTPP1	79096	official_exact	up	0.917653299558677	295930	Cstpp1	True	True	True
severity_neuron_modhigh_vs_low_nageotte	CUL1	8454	official_exact	up	0.711187728850203	362356	Cul1	True	True	True
severity_neuron_modhigh_vs_low_nageotte	CUL4B	8450	official_exact	up	0.601775169456561	302502	Cul4b	True	True	True
severity_neuron_modhigh_vs_low_nageotte	CXorf56	63932	unique_synonym	down	-0.662951968924247	313433	Steep1	True	True	True
severity_neuron_modhigh_vs_low_nageotte	CYB5R1	51706	official_exact	down	-0.863724005564954	304805	Cyb5r1	True	True	True
severity_neuron_modhigh_vs_low_nageotte	CYB5R3	1727	official_exact	down	-1.07437627057917	25035	Cyb5r3	True	True	True
severity_neuron_modhigh_vs_low_nageotte	CYRIA	81553	official_exact	up	0.735775549211737	298890	Cyria	True	True	True
severity_neuron_modhigh_vs_low_nageotte	CYRIB	51571	official_exact	up	0.851479862804083	299909	Cyrib	True	True	True
severity_neuron_modhigh_vs_low_nageotte	DARS1	1615	official_exact	up	1.14713345770744	116483	Dars1	True	True	True
severity_neuron_modhigh_vs_low_nageotte	DCAF16	54876	official_exact	up	0.816448606205626			False	False	False
severity_neuron_modhigh_vs_low_nageotte	DCAF17	80067	official_exact	up	0.58650148462685	499807	Dcaf17	True	True	True
severity_neuron_modhigh_vs_low_nageotte	DCTN1	1639	official_exact	down	-0.615221318635869	29167	Dctn1	True	True	True
severity_neuron_modhigh_vs_low_nageotte	DDX5	1655	official_exact	up	0.605016464442724	287765	Ddx5	True	True	True
severity_neuron_modhigh_vs_low_nageotte	DENND1B	163486	official_exact	up	0.64872207678823	289051	Dennd1b	True	True	True
severity_neuron_modhigh_vs_low_nageotte	DGKZ	8525	official_exact	up	1.16214173069929	81821	Dgkz	True	True	True
severity_neuron_modhigh_vs_low_nageotte	DHX32	55760	official_exact	up	0.645914340464996	361667	Dhx32	True	True	True
severity_neuron_modhigh_vs_low_nageotte	DMTF1	9988	official_exact	up	0.92069113755281	114485	Dmtf1	True	True	True
severity_neuron_modhigh_vs_low_nageotte	DMXL1	1657	official_exact	up	0.757587421136991	307429	Dmxl1	True	True	True
severity_neuron_modhigh_vs_low_nageotte	DNAAF9	25943	official_exact	up	1.09854059750541	499891	Dnaaf9	True	True	True
severity_neuron_modhigh_vs_low_nageotte	DNAI3	126820	official_exact	up	2.32685692444379	292165	Dnai3	True	True	False
severity_neuron_modhigh_vs_low_nageotte	DNAJB2	3300	official_exact	down	-0.984507266396388	689593	Dnajb2	True	True	True
severity_neuron_modhigh_vs_low_nageotte	DOP1A	23033	official_exact	up	1.03393674123179	315864	Dop1a	True	True	True
severity_neuron_modhigh_vs_low_nageotte	DST	667	official_exact	up	0.821395512506046	316313	Dst	True	True	True
severity_neuron_modhigh_vs_low_nageotte	DYRK1A	1859	official_exact	up	0.870897434543693	25255	Dyrk1a	True	True	True
severity_neuron_modhigh_vs_low_nageotte	EAF2	55840	official_exact	up	0.585382628632611	266787	Eaf2	True	True	False
severity_neuron_modhigh_vs_low_nageotte	ECPAS	23392	official_exact	up	0.826578371279641	313196	Ecpas	True	True	True
severity_neuron_modhigh_vs_low_nageotte	EDIL3	10085	official_exact	down	-0.751263627447475	688400	Edil3	True	True	True
severity_neuron_modhigh_vs_low_nageotte	EEF1AKNMT	51603	unique_synonym	down	-0.609521642890848	289159	Mettl13	True	True	True
severity_neuron_modhigh_vs_low_nageotte	EEIG1	399665	official_exact	up	1.66245499567219	687750	Eeig1	True	True	True
severity_neuron_modhigh_vs_low_nageotte	EEIG2	284611	official_exact	up	1.40381968109028	365903	Eeig2	True	True	True
severity_neuron_modhigh_vs_low_nageotte	EFR3A	23167	official_exact	up	0.690067369065348	362923	Efr3a	True	True	True
severity_neuron_modhigh_vs_low_nageotte	EIF1AX	1964	official_exact	up	0.804054430821035	302697	Eif1ax	True	True	True
severity_neuron_modhigh_vs_low_nageotte	ELAPOR1	57535	official_exact	up	1.21981698840464	362019	Elapor1	True	False	False
severity_neuron_modhigh_vs_low_nageotte	ELAPOR2	222223	official_exact	up	1.01272176106025	502727	Elapor2	True	True	True
severity_neuron_modhigh_vs_low_nageotte	ELMSAN1	91748	unique_synonym	down	-0.614639427061566	314306	Mideas	True	True	True
severity_neuron_modhigh_vs_low_nageotte	ELOVL5	60481	official_exact	down	-0.596186315995516	171400	Elovl5	True	True	True
severity_neuron_modhigh_vs_low_nageotte	ELP6	54859	official_exact	down	-0.648303079073795	363150	Elp6	True	True	True
severity_neuron_modhigh_vs_low_nageotte	EMC10	284361	official_exact	down	-0.682520832632189	292878	Emc10	True	True	True
severity_neuron_modhigh_vs_low_nageotte	ENSG00000112096		unresolved_or_ambiguous	up	1.36054932371586			False	False	False
severity_neuron_modhigh_vs_low_nageotte	ENSG00000130723		unresolved_or_ambiguous	up	0.757009310913228			False	False	False
severity_neuron_modhigh_vs_low_nageotte	ENSG00000177946		unresolved_or_ambiguous	up	1.40291328575407			False	False	False
severity_neuron_modhigh_vs_low_nageotte	ENSG00000189366		unresolved_or_ambiguous	up	1.37297600000253			False	False	False
severity_neuron_modhigh_vs_low_nageotte	ENSG00000204352		unresolved_or_ambiguous	up	1.9502797001976			False	False	False
severity_neuron_modhigh_vs_low_nageotte	ENSG00000215790		unresolved_or_ambiguous	up	1.27517327789176			False	False	False
severity_neuron_modhigh_vs_low_nageotte	ENSG00000221995		unresolved_or_ambiguous	up	0.63302903522882			False	False	False
severity_neuron_modhigh_vs_low_nageotte	ENSG00000239521		unresolved_or_ambiguous	up	1.08547765946854			False	False	False
severity_neuron_modhigh_vs_low_nageotte	ENSG00000280071		unresolved_or_ambiguous	up	1.24876126404281			False	False	False
severity_neuron_modhigh_vs_low_nageotte	ENSG00000280433		unresolved_or_ambiguous	up	1.19847647441586			False	False	False
severity_neuron_modhigh_vs_low_nageotte	ENSG00000284691		unresolved_or_ambiguous	up	1.38712133372635			False	False	False
severity_neuron_modhigh_vs_low_nageotte	ENSG00000285053		unresolved_or_ambiguous	up	1.13698910903688			False	False	False
severity_neuron_modhigh_vs_low_nageotte	ENTREP1	9413	official_exact	up	2.03781750845182	309415	Entrep1	True	True	False
severity_neuron_modhigh_vs_low_nageotte	ENTREP2	23359	official_exact	up	0.990960601863931	680344	Entrep2	True	True	False
severity_neuron_modhigh_vs_low_nageotte	ENTREP3	10712	official_exact	up	0.960992942616559	310640	Entrep3	True	True	True
severity_neuron_modhigh_vs_low_nageotte	EOLA1	91966	official_exact	up	1.30323328328853	292328	Eola1	True	True	True
severity_neuron_modhigh_vs_low_nageotte	EPHX1	2052	official_exact	down	-0.747857262752136	25315	Ephx1	True	True	True
severity_neuron_modhigh_vs_low_nageotte	EPRS1	2058	official_exact	up	0.60311844880206	289352	Eprs1	True	True	True
severity_neuron_modhigh_vs_low_nageotte	ESYT1	23344	official_exact	down	-0.731077620693282	29579	Esyt1	True	True	True
severity_neuron_modhigh_vs_low_nageotte	FAIM2	23017	official_exact	down	-0.760280514392773	246274	Faim2	True	True	True
severity_neuron_modhigh_vs_low_nageotte	FAM102A	399665	unique_synonym	up	0.798497722092586	687750	Eeig1	True	True	True
severity_neuron_modhigh_vs_low_nageotte	FAM126A	84668	unique_synonym	up	0.987142796375567	499975	Hycc1	True	True	True
severity_neuron_modhigh_vs_low_nageotte	FAM126B	285172	unique_synonym	up	0.613816970630169	316415	Hycc2	True	True	True
severity_neuron_modhigh_vs_low_nageotte	FAM189B	10712	unique_synonym	down	-0.807152898158784	310640	Entrep3	True	True	True
severity_neuron_modhigh_vs_low_nageotte	FAM214A	56204	unique_synonym	up	0.745114135503378	300836	Atosa	True	True	True
severity_neuron_modhigh_vs_low_nageotte	FAM217B	63939	official_exact	up	0.719799536515819	311692	Fam217b	True	True	True
severity_neuron_modhigh_vs_low_nageotte	FAM234B	57613	official_exact	down	-0.82087265613558	362455	Fam234b	True	True	True
severity_neuron_modhigh_vs_low_nageotte	FBXO30	84085	official_exact	up	0.776562085362835	308283	Fbxo30	True	True	True
severity_neuron_modhigh_vs_low_nageotte	FEM1B	10116	official_exact	up	0.790905294341869	315745	Fem1b	True	True	True
severity_neuron_modhigh_vs_low_nageotte	FHIP1B	84067	official_exact	up	0.839582085356669	293343	Fhip1b	True	True	True
severity_neuron_modhigh_vs_low_nageotte	FHIP2A	57700	official_exact	up	0.990969574934779	361774	Fhip2a	True	True	True
severity_neuron_modhigh_vs_low_nageotte	FHIP2B	64760	official_exact	up	2.00471115964015	306015	Fhip2b	True	True	True
severity_neuron_modhigh_vs_low_nageotte	FLRT2	23768	official_exact	up	0.704714606586914	299236	Flrt2	True	True	True
severity_neuron_modhigh_vs_low_nageotte	FMNL2	114793	official_exact	up	0.845941276990488	499797	Fmnl2	True	True	True
severity_neuron_modhigh_vs_low_nageotte	FOXJ3	22887	official_exact	up	0.687406025057213	313554	Foxj3	True	True	True
severity_neuron_modhigh_vs_low_nageotte	GAREM1	64762	official_exact	up	1.13151530462417	679154	Garem1	True	False	False
severity_neuron_modhigh_vs_low_nageotte	GARIN5A	112703	official_exact	up	1.73622461114986	361564	Garin5a	True	True	True
severity_neuron_modhigh_vs_low_nageotte	GARS1	2617	official_exact	up	1.5693198181162	297113	Gars1	True	False	False
severity_neuron_modhigh_vs_low_nageotte	GBA	2629	unique_synonym	down	-0.712131621616014	684536	Gba1	True	True	True
severity_neuron_modhigh_vs_low_nageotte	GBA1	2629	official_exact	up	1.05690779249178	684536	Gba1	True	True	True
severity_neuron_modhigh_vs_low_nageotte	GCC2	9648	official_exact	up	0.647966872844143	309798	Gcc2	True	True	True
severity_neuron_modhigh_vs_low_nageotte	GFUS	7264	official_exact	up	1.4204635976319	300036	Gfus	True	True	True
severity_neuron_modhigh_vs_low_nageotte	GNA13	10672	official_exact	up	0.732792993515241	303634	Gna13	True	True	True
severity_neuron_modhigh_vs_low_nageotte	GNAL	2774	official_exact	up	0.652010789057581	24611	Gnal	True	True	True
severity_neuron_modhigh_vs_low_nageotte	GPATCH2L	55668	official_exact	up	0.589897120202564	314325	Gpatch2l	True	True	True
severity_neuron_modhigh_vs_low_nageotte	GPBP1	65056	official_exact	up	0.838683781416582	294734	Gpbp1	True	True	True
severity_neuron_modhigh_vs_low_nageotte	GRB2	2885	official_exact	down	-0.606818046599985	81504	Grb2	True	True	True
severity_neuron_modhigh_vs_low_nageotte	GRIA1	2890	official_exact	down	-0.651003605073678	50592	Gria1	True	True	True
severity_neuron_modhigh_vs_low_nageotte	GRN	2896	official_exact	down	-0.654236010236222	29143	Grn	True	True	True
severity_neuron_modhigh_vs_low_nageotte	H1-10	8971	official_exact	up	1.26509913152666	500252	H1f10	True	True	True
severity_neuron_modhigh_vs_low_nageotte	H1FX	8971	unique_synonym	down	-1.10442318658918	500252	H1f10	True	True	True
severity_neuron_modhigh_vs_low_nageotte	H2AC25	92815	official_exact	up	0.58774317626836	64646	H2ac25	True	False	False
severity_neuron_modhigh_vs_low_nageotte	H2AC6	8334	official_exact	up	0.615277307678366			False	False	False
severity_neuron_modhigh_vs_low_nageotte	H2AFY	9555	unique_synonym	down	-0.703961314817589	29384	Macroh2a1	True	True	True
severity_neuron_modhigh_vs_low_nageotte	H2AX	3014	official_exact	up	2.09074321288174	500987	H2ax	True	False	False
severity_neuron_modhigh_vs_low_nageotte	H2BC26	128312	official_exact	up	1.09154011001927			False	False	False
severity_neuron_modhigh_vs_low_nageotte	HAPSTR1	29035	official_exact	up	0.905329788340966	302913	Hapstr1	True	True	True
severity_neuron_modhigh_vs_low_nageotte	HARS	3035	unique_synonym	down	-0.797964408987567	307492	Hars1	True	True	True
severity_neuron_modhigh_vs_low_nageotte	HARS1	3035	official_exact	up	1.23995154768789	307492	Hars1	True	True	True
severity_neuron_modhigh_vs_low_nageotte	HELZ	9931	official_exact	up	0.688195679528593	287773	Helz	True	True	True
severity_neuron_modhigh_vs_low_nageotte	HNRNPR	10236	official_exact	up	0.959425834366671	319110	Hnrnpr	True	True	True
severity_neuron_modhigh_vs_low_nageotte	HOXA10	3206	official_exact	up	0.808541299076834	100911668	Hoxa10	True	False	False
severity_neuron_modhigh_vs_low_nageotte	HOXB5	3215	official_exact	up	0.881371075795051	497987	Hoxb5	True	True	True
severity_neuron_modhigh_vs_low_nageotte	HOXC4	3221	official_exact	up	0.75304712175451	24459	Hoxc4	True	True	True
severity_neuron_modhigh_vs_low_nageotte	HSP90B1	7184	official_exact	down	-0.810289619294478	362862	Hsp90b1	True	True	True
severity_neuron_modhigh_vs_low_nageotte	HYOU1	10525	official_exact	down	-0.660432911668111	192235	Hyou1	True	True	True
severity_neuron_modhigh_vs_low_nageotte	IARS	3376	unique_synonym	up	0.652603416693811	306804	Iars1	True	True	True
severity_neuron_modhigh_vs_low_nageotte	IARS1	3376	official_exact	up	1.44361398315459	306804	Iars1	True	True	True
severity_neuron_modhigh_vs_low_nageotte	IFI6	2537	official_exact	down	-0.826702024625976			False	False	False
severity_neuron_modhigh_vs_low_nageotte	IFT25	51668	official_exact	up	0.954613170733676	685284	Ift25	True	True	True
severity_neuron_modhigh_vs_low_nageotte	IFTAP	119710	official_exact	up	1.07755169626892	295952	Iftap	True	True	True
severity_neuron_modhigh_vs_low_nageotte	IGFBP6	3489	official_exact	down	-1.98047835366655	25641	Igfbp6	True	True	True
severity_neuron_modhigh_vs_low_nageotte	IGFL4	444882	official_exact	up	0.682114673463428			False	False	False
severity_neuron_modhigh_vs_low_nageotte	IGIP	492311	official_exact	up	0.692701978383732	100363266	Igip	True	True	True
severity_neuron_modhigh_vs_low_nageotte	IKZF5	64376	official_exact	up	0.848613821880511	309031	Ikzf5	True	True	True
severity_neuron_modhigh_vs_low_nageotte	ILVBL	10994	unique_synonym	down	-0.795005773750734	362843	Hacl2	True	True	True
severity_neuron_modhigh_vs_low_nageotte	ISG15	9636	official_exact	down	-0.639564876528996	298693	Isg15	True	True	True
severity_neuron_modhigh_vs_low_nageotte	ITFG1	81533	official_exact	down	-0.595009417551371	171083	Itfg1	True	True	True
severity_neuron_modhigh_vs_low_nageotte	ITM2C	81618	official_exact	down	-0.63896358627653	301575	Itm2c	True	True	True
severity_neuron_modhigh_vs_low_nageotte	JMJD1C	221037	official_exact	up	0.750215125709299	171120	Jmjd1c	True	True	True
severity_neuron_modhigh_vs_low_nageotte	JUP	3728	official_exact	down	-0.851834620707433	81679	Jup	True	True	True
severity_neuron_modhigh_vs_low_nageotte	KARS1	3735	official_exact	up	1.38507951208019	292028	Kars1	True	True	True
severity_neuron_modhigh_vs_low_nageotte	KATNIP	23247	official_exact	up	0.681594457608778	361646	Katnip	True	False	False
severity_neuron_modhigh_vs_low_nageotte	KBTBD11	9920	official_exact	down	-0.951582500454279	306617	Kbtbd11	True	True	True
severity_neuron_modhigh_vs_low_nageotte	KBTBD3	143879	official_exact	up	0.614957984244692	315394	Kbtbd3	True	True	True
severity_neuron_modhigh_vs_low_nageotte	KCNA1	3736	official_exact	up	0.623266255466924	24520	Kcna1	True	True	True
severity_neuron_modhigh_vs_low_nageotte	KCNC2	3747	official_exact	down	-0.717576984411597	246153	Kcnc2	True	True	True
severity_neuron_modhigh_vs_low_nageotte	KDM5A	5927	official_exact	up	1.03066395795107	312678	Kdm5a	True	True	True
severity_neuron_modhigh_vs_low_nageotte	KIAA1191	57179	official_exact	up	0.729126011165373	306766	Kiaa1191	True	False	False
severity_neuron_modhigh_vs_low_nageotte	KIAA1324	57535	unique_synonym	down	-0.621474224560542	362019	Elapor1	True	False	False
severity_neuron_modhigh_vs_low_nageotte	KIF3B	9371	official_exact	up	0.698938424934494	296284	Kif3b	True	True	True
severity_neuron_modhigh_vs_low_nageotte	KLF9	687	official_exact	up	1.05655123588039	117560	Klf9	True	True	True
severity_neuron_modhigh_vs_low_nageotte	L1CAM	3897	official_exact	down	-0.925932574958178	50687	L1cam	True	True	True
severity_neuron_modhigh_vs_low_nageotte	LAMA4	3910	official_exact	up	0.646823109127265	309816	Lama4	True	True	True
severity_neuron_modhigh_vs_low_nageotte	LARS1	51520	official_exact	up	0.775981857918778	291624	Lars1	True	True	True
severity_neuron_modhigh_vs_low_nageotte	LASP1NB	100505576	official_exact	up	1.32768781550641			False	False	False
severity_neuron_modhigh_vs_low_nageotte	LCP2	3937	official_exact	up	0.909537085524362	155918	Lcp2	True	True	True
severity_neuron_modhigh_vs_low_nageotte	LDAF1	57146	official_exact	up	1.54890592741809	378467	Ldaf1	True	True	True
severity_neuron_modhigh_vs_low_nageotte	LDLR	3949	official_exact	down	-0.678545610972164	300438	Ldlr	True	True	True
severity_neuron_modhigh_vs_low_nageotte	LGALS1	3956	official_exact	down	-0.691523248067344	56646	Lgals1	True	True	True
severity_neuron_modhigh_vs_low_nageotte	LGALS3BP	3959	official_exact	down	-0.707589132056453	245955	Lgals3bp	True	True	True
severity_neuron_modhigh_vs_low_nageotte	LIPH	200879	official_exact	down	-0.979946530967559	681694	Liph	True	False	False
severity_neuron_modhigh_vs_low_nageotte	LMAN2	10960	official_exact	down	-0.650106059554903	290994	Lman2	True	True	True
severity_neuron_modhigh_vs_low_nageotte	LMNA	4000	official_exact	down	-0.764688620192559	60374	Lmna	True	True	True
severity_neuron_modhigh_vs_low_nageotte	LSAMP	4045	official_exact	down	-0.585631828263507	29561	Lsamp	True	True	True
severity_neuron_modhigh_vs_low_nageotte	LUC7L3	51747	official_exact	up	1.04971530683555	360602	Luc7l3	True	True	True
severity_neuron_modhigh_vs_low_nageotte	LUZP1	7798	official_exact	up	0.628256720888671	79428	Luzp1	True	True	True
severity_neuron_modhigh_vs_low_nageotte	LZTS3	9762	official_exact	down	-0.78064412071259	280670	Lzts3	True	True	False
severity_neuron_modhigh_vs_low_nageotte	MADD	8567	official_exact	up	0.625829514807953	94193	Madd	True	True	True
severity_neuron_modhigh_vs_low_nageotte	MAOB	4129	official_exact	down	-0.619683754944748	25750	Maob	True	True	True
severity_neuron_modhigh_vs_low_nageotte	MAP1A	4130	official_exact	up	0.612328247871633	25152	Map1a	True	True	True
severity_neuron_modhigh_vs_low_nageotte	MAP2K4	6416	official_exact	up	0.58843334667168	287398	Map2k4	True	True	True
severity_neuron_modhigh_vs_low_nageotte	MAP3K2	10746	official_exact	up	1.17499839338661	171492	Map3k2	True	True	True
severity_neuron_modhigh_vs_low_nageotte	MAP3K20	51776	official_exact	up	0.743342350925538	311743	Map3k20	True	True	True
severity_neuron_modhigh_vs_low_nageotte	MAP3K5	4217	official_exact	up	0.728736145480601	365057	Map3k5	True	True	True
severity_neuron_modhigh_vs_low_nageotte	MAP4K5	11183	official_exact	up	1.12045328809828	503027	Map4k5	True	True	True
severity_neuron_modhigh_vs_low_nageotte	MAPK10	5602	official_exact	up	0.69957504122685	25272	Mapk10	True	True	True
severity_neuron_modhigh_vs_low_nageotte	MAPK6	5597	official_exact	up	0.699510414349245	58840	Mapk6	True	True	True
severity_neuron_modhigh_vs_low_nageotte	MARCH1	55016	unique_synonym	down	-0.83496807771815	361135	Marchf1	True	True	False
severity_neuron_modhigh_vs_low_nageotte	MARCH11	441061	unique_synonym	down	-0.595453180202255	499558	Marchf11	True	True	True
severity_neuron_modhigh_vs_low_nageotte	MARCH4	57574	unique_synonym	down	-0.669095185690901	367295	Marchf4	True	True	False
severity_neuron_modhigh_vs_low_nageotte	MARCH7	64844	unique_synonym	up	0.858993645266777	311059	Marchf7	True	True	True
severity_neuron_modhigh_vs_low_nageotte	MARCHF2	51257	official_exact	up	1.48118158439611	362849	Marchf2	True	True	True
severity_neuron_modhigh_vs_low_nageotte	MARCHF5	54708	official_exact	up	1.1336198267906	294079	Marchf5	True	True	True
severity_neuron_modhigh_vs_low_nageotte	MARCHF6	10299	official_exact	up	0.946803004162149	294862	Marchf6	True	True	True
severity_neuron_modhigh_vs_low_nageotte	MARCHF8	220972	official_exact	up	1.77290806384045	312656	Marchf8	True	True	True
severity_neuron_modhigh_vs_low_nageotte	MARCHF9	92979	official_exact	up	1.37453632615153	679272	Marchf9	True	False	False
severity_neuron_modhigh_vs_low_nageotte	MAST3	23031	official_exact	down	-0.701904723673054	688540	Mast3	True	True	True
severity_neuron_modhigh_vs_low_nageotte	MASTL	84930	official_exact	up	0.861576467230795	307169	Mastl	True	True	False
severity_neuron_modhigh_vs_low_nageotte	MATCAP1	653319	official_exact	up	1.68022096423895	688736	Matcap1	True	False	False
severity_neuron_modhigh_vs_low_nageotte	MED13	9969	official_exact	up	0.714837553507845	303403	Med13	True	True	True
severity_neuron_modhigh_vs_low_nageotte	METRNL	284207	official_exact	down	-0.75119878364361	316842	Metrnl	True	True	True
severity_neuron_modhigh_vs_low_nageotte	METTL13	51603	official_exact	up	0.902345836338734	289159	Mettl13	True	True	True
severity_neuron_modhigh_vs_low_nageotte	MEX3C	51320	official_exact	up	1.04287483331986	307271	Mex3c	True	True	True
severity_neuron_modhigh_vs_low_nageotte	MFSD14A	64645	unique_synonym	up	0.68662071807252	103689987	Slc71a1	True	False	False
severity_neuron_modhigh_vs_low_nageotte	MICOS10	440574	official_exact	up	0.694303131771513	362641	Micos10	True	True	True
severity_neuron_modhigh_vs_low_nageotte	MIF	4282	official_exact	down	-0.729510078722292	81683	Mif	True	False	False
severity_neuron_modhigh_vs_low_nageotte	MPZL1	9019	official_exact	down	-0.75596934188942	360871	Mpzl1	True	True	True
severity_neuron_modhigh_vs_low_nageotte	MT-ND4L		unresolved_or_ambiguous	up	1.32045688496358			False	False	False
severity_neuron_modhigh_vs_low_nageotte	MT2A	4502	official_exact	up	0.665204968324891	689415	Mt2	True	True	True
severity_neuron_modhigh_vs_low_nageotte	MTARC1	64757	official_exact	up	0.862899090144487	690745	Mtarc1	True	False	False
severity_neuron_modhigh_vs_low_nageotte	MTARC2	54996	official_exact	up	0.711060811021508	171451	Mtarc2	True	True	True
severity_neuron_modhigh_vs_low_nageotte	MTMR12	54545	official_exact	up	0.703696129374614	310155	Mtmr12	True	True	True
severity_neuron_modhigh_vs_low_nageotte	MYCBP2	23077	official_exact	up	0.787146998681695	290447	Mycbp2	True	True	True
severity_neuron_modhigh_vs_low_nageotte	MYDGF	56005	official_exact	down	-0.83562020840709	501282	Mydgf	True	True	True
severity_neuron_modhigh_vs_low_nageotte	MYG1	60314	official_exact	up	1.392237136379	300258	Myg1	True	True	True
severity_neuron_modhigh_vs_low_nageotte	N4BP2L2	10443	official_exact	up	0.737035475461973	288416	N4bp2l2	True	True	True
severity_neuron_modhigh_vs_low_nageotte	NAGK	55577	official_exact	down	-0.593186885781201	297393	Nagk	True	True	True
severity_neuron_modhigh_vs_low_nageotte	NARS1	4677	official_exact	up	1.10238210691538	291556	Nars1	True	True	True
severity_neuron_modhigh_vs_low_nageotte	NBN	4683	official_exact	up	0.781702789952984	85482	Nbn	True	True	True
severity_neuron_modhigh_vs_low_nageotte	NCDN	23154	official_exact	down	-0.824809790411861	89791	Ncdn	True	True	True
severity_neuron_modhigh_vs_low_nageotte	NCOA2	10499	official_exact	up	0.85045800050315	83724	Ncoa2	True	True	True
severity_neuron_modhigh_vs_low_nageotte	NDRG1	10397	official_exact	up	0.72433985184477	299923	Ndrg1	True	True	True
severity_neuron_modhigh_vs_low_nageotte	NECTIN1	5818	official_exact	down	-0.595739552716337	192183	Nectin1	True	True	True
severity_neuron_modhigh_vs_low_nageotte	NHERF1	9368	official_exact	up	1.21728900825394	59114	Nherf1	True	True	True
severity_neuron_modhigh_vs_low_nageotte	NHERF2	9351	official_exact	up	1.14287091971176	116501	Nherf2	True	True	True
severity_neuron_modhigh_vs_low_nageotte	NOL10	79954	official_exact	up	0.929086097837553	313981	Nol10	True	True	True
severity_neuron_modhigh_vs_low_nageotte	NPC2	10577	official_exact	down	-0.666019251418845	286898	Npc2	True	True	True
severity_neuron_modhigh_vs_low_nageotte	NR2C2	7182	official_exact	up	0.589872788154223	50659	Nr2c2	True	True	True
severity_neuron_modhigh_vs_low_nageotte	NRBF2	29982	official_exact	up	0.896948537724622	58839	Nrbf2	True	True	True
severity_neuron_modhigh_vs_low_nageotte	NSD3	54904	official_exact	up	1.92325119490774	290831	Nsd3	True	True	True
severity_neuron_modhigh_vs_low_nageotte	NT5DC3	51559	official_exact	down	-0.607920469075021	691922	Nt5dc3	True	True	True
severity_neuron_modhigh_vs_low_nageotte	NTAQ1	55093	official_exact	up	1.6090183620918	362914	Ntaq1	True	True	True
severity_neuron_modhigh_vs_low_nageotte	NTRK1	4914	official_exact	down	-0.738095328758071	59109	Ntrk1	True	True	True
severity_neuron_modhigh_vs_low_nageotte	NUFIP2	57532	official_exact	up	0.69702259375422	681371	Nufip2	True	True	True
severity_neuron_modhigh_vs_low_nageotte	NUMBL	9253	official_exact	down	-0.634369866043525	292732	Numbl	True	True	True
severity_neuron_modhigh_vs_low_nageotte	NUP58	9818	official_exact	up	0.791555203478988	245922	Nup58	True	True	True
severity_neuron_modhigh_vs_low_nageotte	OBSCN	84033	official_exact	down	-1.32819958743227	338458	Obscn	True	True	False
severity_neuron_modhigh_vs_low_nageotte	OGT	8473	official_exact	up	0.632474563731394	26295	Ogt	True	True	True
severity_neuron_modhigh_vs_low_nageotte	OS9	10956	official_exact	down	-0.630041299447096	362891	Os9	True	True	True
severity_neuron_modhigh_vs_low_nageotte	OSER1	51526	official_exact	up	0.899334184835142	296346	Oser1	True	True	True
severity_neuron_modhigh_vs_low_nageotte	P2RX3	5024	official_exact	down	-0.673539321264365	81739	P2rx3	True	True	True
severity_neuron_modhigh_vs_low_nageotte	P2RY12	64805	official_exact	down	-0.714215164021857	64803	P2ry12	True	True	True
severity_neuron_modhigh_vs_low_nageotte	P4HA2	8974	official_exact	down	-0.841873405896307	360526	P4ha2	True	True	True
severity_neuron_modhigh_vs_low_nageotte	PABIR2	159090	official_exact	up	1.65592577416619	501647	Pabir2	True	True	False
severity_neuron_modhigh_vs_low_nageotte	PAIP1	10605	official_exact	up	0.596786587885117	365684	Paip1	True	True	True
severity_neuron_modhigh_vs_low_nageotte	PALM2AKAP2	445815	official_exact	up	1.00103499674878	298024	Palm2akap2	True	True	True
severity_neuron_modhigh_vs_low_nageotte	PALS1	64398	official_exact	up	1.01593941250296	314259	Pals1	True	True	True
severity_neuron_modhigh_vs_low_nageotte	PALS2	51678	official_exact	up	0.905055705649532	362359	Pals2	True	True	True
severity_neuron_modhigh_vs_low_nageotte	PCCA	5095	official_exact	up	0.618859208699866	687008	Pcca	True	True	True
severity_neuron_modhigh_vs_low_nageotte	PCDH1	5097	official_exact	down	-0.60196055384076	307481	Pcdh1	True	True	True
severity_neuron_modhigh_vs_low_nageotte	PCMTD1	115294	official_exact	up	0.822237546661789	366300	Pcmtd1	True	True	True
severity_neuron_modhigh_vs_low_nageotte	PCP4	5121	official_exact	down	-0.697281531037689	25510	Pcp4	True	True	True
severity_neuron_modhigh_vs_low_nageotte	PCYOX1	51449	official_exact	down	-0.937755961115577	246302	Pcyox1	True	True	True
severity_neuron_modhigh_vs_low_nageotte	PDS5B	23047	official_exact	up	1.06199653426672	304218	Pds5b	True	True	True
severity_neuron_modhigh_vs_low_nageotte	PEDS1	387521	official_exact	up	1.42118984657773	362278	Peds1	True	True	True
severity_neuron_modhigh_vs_low_nageotte	PFN1	5216	official_exact	down	-0.634164550803247	64303	Pfn1	True	True	True
severity_neuron_modhigh_vs_low_nageotte	PGAP4	84302	official_exact	up	1.28604147025357	362518	Pgap4	True	True	True
severity_neuron_modhigh_vs_low_nageotte	PGAP6	58986	official_exact	up	0.92221812721432	303004	Pgap6	True	True	True
severity_neuron_modhigh_vs_low_nageotte	PGK1	5230	official_exact	down	-1.14161293503668	24644	Pgk1	True	True	True
severity_neuron_modhigh_vs_low_nageotte	PHAF1	80262	official_exact	up	0.912166480308134	207123	Phaf1	True	True	True
severity_neuron_modhigh_vs_low_nageotte	PHB1	5245	official_exact	up	1.82606966544968	25344	Phb1	True	True	True
severity_neuron_modhigh_vs_low_nageotte	PIERCE2	145788	official_exact	up	0.587370585090675	691849	Pierce2	True	True	True
severity_neuron_modhigh_vs_low_nageotte	PILRB	29990	official_exact	up	0.901781646096257			False	False	False
severity_neuron_modhigh_vs_low_nageotte	PITRM1	10531	official_exact	up	0.603053150974667	307081	Pitrm1	True	True	True
severity_neuron_modhigh_vs_low_nageotte	PKN1	5585	official_exact	down	-0.913074590585571	29355	Pkn1	True	True	True
severity_neuron_modhigh_vs_low_nageotte	PLEKHB2	55041	official_exact	down	-0.608529627197651	301337	Plekhb2	True	True	True
severity_neuron_modhigh_vs_low_nageotte	PLEKHM3	389072	official_exact	up	0.923407870779845	316455	Plekhm3	True	True	True
severity_neuron_modhigh_vs_low_nageotte	PMP22	5376	official_exact	down	-0.715068898645098	24660	Pmp22	True	True	True
severity_neuron_modhigh_vs_low_nageotte	PNMA1	9240	official_exact	down	-0.904071088783994	170636	Pnma1	True	True	False
severity_neuron_modhigh_vs_low_nageotte	POLD4	57804	official_exact	up	0.807302179124627	361698	Pold4	True	True	True
severity_neuron_modhigh_vs_low_nageotte	PPIA	5478	official_exact	up	1.44408968583556	25518	Ppia	True	True	True
severity_neuron_modhigh_vs_low_nageotte	PPP1R12C	54776	official_exact	up	0.587698420007343	499076	Ppp1r12c	True	True	True
severity_neuron_modhigh_vs_low_nageotte	PPP1R36	145376	official_exact	up	0.85355064692635	299153	Ppp1r36	True	True	True
severity_neuron_modhigh_vs_low_nageotte	PRDX3	10935	official_exact	up	1.33216450654753	64371	Prdx3	True	True	True
severity_neuron_modhigh_vs_low_nageotte	PRDX4	10549	official_exact	down	-0.762967463442279	85274	Prdx4	True	True	True
severity_neuron_modhigh_vs_low_nageotte	PRKAG2	51422	official_exact	up	0.796379637982154	373545	Prkag2	True	True	True
severity_neuron_modhigh_vs_low_nageotte	PRPSAP1	5635	official_exact	up	0.616291415704562	64390	Prpsap1	True	True	True
severity_neuron_modhigh_vs_low_nageotte	PRR14L	253143	official_exact	up	0.820368902279505	305466	Prr14l	True	True	True
severity_neuron_modhigh_vs_low_nageotte	PRRC2C	23215	official_exact	up	0.766791517119706	360865	Prrc2c	True	False	False
severity_neuron_modhigh_vs_low_nageotte	PRXL2A	84293	official_exact	down	-0.614433127098142	361118	Prxl2a	True	False	False
severity_neuron_modhigh_vs_low_nageotte	PSAP	5660	official_exact	down	-0.868753071127358	25524	Psap	True	True	True
severity_neuron_modhigh_vs_low_nageotte	PSD3	23362	official_exact	up	0.638065088415103	306380	Psd3	True	True	True
severity_neuron_modhigh_vs_low_nageotte	PSME3IP1	80011	official_exact	up	1.09465842888364	307652	Psme3ip1	True	True	True
severity_neuron_modhigh_vs_low_nageotte	PTCHD1	139411	official_exact	down	-1.03506517266882	317517	Ptchd1	True	True	True
severity_neuron_modhigh_vs_low_nageotte	PTGES	9536	official_exact	down	-0.754902788827678	59103	Ptges	True	True	False
severity_neuron_modhigh_vs_low_nageotte	PTGR3	284273	official_exact	up	1.40295112115515	291403	Ptgr3	True	True	True
severity_neuron_modhigh_vs_low_nageotte	PTMS	5763	official_exact	down	-0.644730028879415	83801	Ptms	True	True	True
severity_neuron_modhigh_vs_low_nageotte	PTPRA	5786	official_exact	up	0.830292927569192	25167	Ptpra	True	True	True
severity_neuron_modhigh_vs_low_nageotte	PXN	5829	official_exact	up	0.756795041566244	360820	Pxn	True	True	True
severity_neuron_modhigh_vs_low_nageotte	QARS		unresolved_or_ambiguous	down	-0.646667732448213			False	False	False
severity_neuron_modhigh_vs_low_nageotte	QARS1	5859	official_exact	up	0.928940659505179	290868	Qars1	True	True	True
severity_neuron_modhigh_vs_low_nageotte	RAB22A	57403	official_exact	up	0.695487320957006	366265	Rab22a	True	True	True
severity_neuron_modhigh_vs_low_nageotte	RAB5C	5878	official_exact	down	-0.852123623106987	287709	Rab5c	True	True	True
severity_neuron_modhigh_vs_low_nageotte	RABAC1	10567	official_exact	down	-0.724143499279526	83583	Rabac1	True	True	True
severity_neuron_modhigh_vs_low_nageotte	RALGDS	5900	official_exact	up	0.759812148091567	29622	Ralgds	True	True	True
severity_neuron_modhigh_vs_low_nageotte	RAPGEF4	11069	official_exact	up	0.861874517032271	252857	Rapgef4	True	True	True
severity_neuron_modhigh_vs_low_nageotte	RB1CC1	9821	official_exact	up	0.799046968550803	312927	Rb1cc1	True	True	True
severity_neuron_modhigh_vs_low_nageotte	RBAK	57786	official_exact	up	1.38256513189869	288489	Rbak	True	True	False
severity_neuron_modhigh_vs_low_nageotte	RBBP8	5932	official_exact	up	0.783372185451957	291787	Rbbp8	True	True	True
severity_neuron_modhigh_vs_low_nageotte	RBM5	10181	official_exact	up	0.586352006298476	300996	Rbm5	True	True	True
severity_neuron_modhigh_vs_low_nageotte	RC3H2	54542	official_exact	up	0.828259935268566	311909	Rc3h2	True	True	True
severity_neuron_modhigh_vs_low_nageotte	RCC2	55920	official_exact	up	1.18536510519276	298594	Rcc2	True	True	True
severity_neuron_modhigh_vs_low_nageotte	RGS16	6004	official_exact	down	-1.19681373938286	360857	Rgs16	True	True	True
severity_neuron_modhigh_vs_low_nageotte	RIGI	23586	official_exact	up	1.12226399795748	297989	Rig1	True	True	True
severity_neuron_modhigh_vs_low_nageotte	RIMOC1	285636	official_exact	up	0.878004871343074	310362	Rimoc1	True	True	True
severity_neuron_modhigh_vs_low_nageotte	RIPOR1	79567	official_exact	down	-0.66000065020866	291974	Ripor1	True	True	True
severity_neuron_modhigh_vs_low_nageotte	RNF181	51255	official_exact	up	0.871408386285148	297337	Rnf181	True	True	True
severity_neuron_modhigh_vs_low_nageotte	RNF6	6049	official_exact	up	0.695268490256359	304271	Rnf6	True	True	True
severity_neuron_modhigh_vs_low_nageotte	RNH1	6050	official_exact	down	-1.10534643760316	100360501	Rnh1	True	True	True
severity_neuron_modhigh_vs_low_nageotte	RRAGC	64121	official_exact	up	0.742975392988194	298514	Rragc	True	True	True
severity_neuron_modhigh_vs_low_nageotte	RTL8A	26071	official_exact	up	1.0679951721131			False	False	False
severity_neuron_modhigh_vs_low_nageotte	RTRAF	51637	official_exact	up	0.658042426542392	302247	Rtraf	True	True	True
severity_neuron_modhigh_vs_low_nageotte	RUSF1	64755	official_exact	up	0.911953827679339	361654	Rusf1	True	True	True
severity_neuron_modhigh_vs_low_nageotte	S100A4	6275	official_exact	down	-0.782796950960288	24615	S100a4	True	True	True
severity_neuron_modhigh_vs_low_nageotte	SAMD4A	23034	official_exact	up	0.884756938501931	305826	Samd4a	True	True	True
severity_neuron_modhigh_vs_low_nageotte	SANBR	84542	official_exact	up	1.26761341858108	305579	Sanbr	True	True	True
severity_neuron_modhigh_vs_low_nageotte	SARS1	6301	official_exact	up	1.19090412808816	266975	Sars1	True	True	True
severity_neuron_modhigh_vs_low_nageotte	SCAMP3	10067	official_exact	down	-0.879390870546282	65169	Scamp3	True	True	True
severity_neuron_modhigh_vs_low_nageotte	SCD5	79966	official_exact	down	-1.06896303571774			False	False	False
severity_neuron_modhigh_vs_low_nageotte	SCMH1	22955	official_exact	up	0.727328297491323	362581	Scmh1	True	True	False
severity_neuron_modhigh_vs_low_nageotte	SCYL2	55681	official_exact	up	0.711904966670113	314717	Scyl2	True	True	True
severity_neuron_modhigh_vs_low_nageotte	SDHA	6389	official_exact	up	0.78104628793518	157074	Sdha	True	True	True
severity_neuron_modhigh_vs_low_nageotte	SEC11C	90701	official_exact	down	-0.752577252713739	266758	Sec11c	True	True	True
severity_neuron_modhigh_vs_low_nageotte	SEPTIN5	5413	official_exact	down	-0.66776279805002	116728	Septin5	True	True	True
severity_neuron_modhigh_vs_low_nageotte	SERPING1	710	official_exact	down	-1.37762786602582	295703	Serping1	True	True	True
severity_neuron_modhigh_vs_low_nageotte	SERTM1	400120	official_exact	up	0.624357221352938	690333	Sertm1	True	True	True
severity_neuron_modhigh_vs_low_nageotte	SKIC3	9652	official_exact	up	0.836750779619265	294595	Skic3	True	True	True
severity_neuron_modhigh_vs_low_nageotte	SKIC8	80349	official_exact	up	0.808098428146926	363064	Skic8	True	True	True
severity_neuron_modhigh_vs_low_nageotte	SLC16A3	9123	official_exact	down	-1.11772517778896	80878	Slc16a3	True	True	False
severity_neuron_modhigh_vs_low_nageotte	SLC25A28	81894	official_exact	up	1.41039981527749	688811	Slc25a28	True	True	True
severity_neuron_modhigh_vs_low_nageotte	SLC25A4	291	official_exact	down	-0.639386586918565	85333	Slc25a4	True	True	True
severity_neuron_modhigh_vs_low_nageotte	SLC6A17	388662	official_exact	down	-0.627048791919559	613226	Slc6a17	True	True	True
severity_neuron_modhigh_vs_low_nageotte	SLC9A3R1	9368	unique_synonym	down	-1.34073811436518	59114	Nherf1	True	True	True
severity_neuron_modhigh_vs_low_nageotte	SLC9A3R2	9351	unique_synonym	down	-0.724278848869842	116501	Nherf2	True	True	True
severity_neuron_modhigh_vs_low_nageotte	SLCO4C1	353189	official_exact	up	0.646943699625631	432363	Slco4c1	True	True	False
severity_neuron_modhigh_vs_low_nageotte	SMAD9	4093	official_exact	up	1.0020743279942	85435	Smad9	True	True	False
severity_neuron_modhigh_vs_low_nageotte	SOCS4	122809	official_exact	up	0.632705257976328	305828	Socs4	True	True	True
severity_neuron_modhigh_vs_low_nageotte	SORBS1	10580	official_exact	up	0.746603699293582	686098	Sorbs1	True	True	True
severity_neuron_modhigh_vs_low_nageotte	SOS1	6654	official_exact	up	0.850963105601573	313845	Sos1	True	True	True
severity_neuron_modhigh_vs_low_nageotte	SPACA9	11092	official_exact	up	0.899092259340569	296610	Spaca9	True	True	True
severity_neuron_modhigh_vs_low_nageotte	SPARCL1	8404	official_exact	up	0.912694319328927	25434	Sparcl1	True	True	True
severity_neuron_modhigh_vs_low_nageotte	SPOCK1	6695	official_exact	down	-0.850149468577748	306759	Spock1	True	True	True
severity_neuron_modhigh_vs_low_nageotte	SPRING1	79794	official_exact	up	1.26556909034266	498188	Spring1	True	True	True
severity_neuron_modhigh_vs_low_nageotte	SPRYD3	84926	official_exact	down	-0.713108269782554	315327	Spryd3	True	True	True
severity_neuron_modhigh_vs_low_nageotte	SRRD	402055	official_exact	up	0.655015778246577	288717	Srrd	True	True	True
severity_neuron_modhigh_vs_low_nageotte	SRSF5	6430	official_exact	up	1.17092813009012	29667	Srsf5	True	True	True
severity_neuron_modhigh_vs_low_nageotte	STARD7	56910	official_exact	up	0.786522239018111	296128	Stard7	True	True	True
severity_neuron_modhigh_vs_low_nageotte	STEAP3	55240	official_exact	down	-0.89030666127632	170824	Steap3	True	True	True
severity_neuron_modhigh_vs_low_nageotte	STIM1	6786	official_exact	down	-0.710267493775445	361618	Stim1	True	True	True
severity_neuron_modhigh_vs_low_nageotte	STMN4	81551	official_exact	down	-0.589983996351918	79423	Stmn4	True	True	True
severity_neuron_modhigh_vs_low_nageotte	SUZ12	23512	official_exact	up	0.982520004606811	688041	Suz12	True	True	True
severity_neuron_modhigh_vs_low_nageotte	SYN1	6853	official_exact	down	-0.646329542384949	24949	Syn1	True	True	True
severity_neuron_modhigh_vs_low_nageotte	SYP	6855	official_exact	down	-0.676450339153798	24804	Syp	True	True	True
severity_neuron_modhigh_vs_low_nageotte	SYT1	6857	official_exact	down	-1.00800072090611	25716	Syt1	True	True	True
severity_neuron_modhigh_vs_low_nageotte	SYT14	255928	official_exact	up	0.692788818154513	684293	Syt14	True	True	True
severity_neuron_modhigh_vs_low_nageotte	TAFAZZIN	6901	official_exact	up	1.93773308369151	363521	Tafazzin	True	True	True
severity_neuron_modhigh_vs_low_nageotte	TARS3	123283	official_exact	up	1.05488271545453	308701	Tars3	True	True	True
severity_neuron_modhigh_vs_low_nageotte	TARSL2	123283	unique_synonym	up	0.725828198651055	308701	Tars3	True	True	True
severity_neuron_modhigh_vs_low_nageotte	TCFL5	10732	official_exact	up	0.855591870703771	311715	Tcfl5	True	True	False
severity_neuron_modhigh_vs_low_nageotte	TCTEX1D2	255758	unique_synonym	down	-0.83196292036933	498095	Dynlt2b	True	True	True
severity_neuron_modhigh_vs_low_nageotte	TFRC	7037	official_exact	down	-0.660705785830845	64678	Tfrc	True	True	True
severity_neuron_modhigh_vs_low_nageotte	THNSL2	55258	official_exact	down	-0.69484123357752	297332	Thnsl2	True	True	True
severity_neuron_modhigh_vs_low_nageotte	TIAF1	399687	unique_synonym	down	-1.02171516738184	360570	Myo18a	True	True	True
severity_neuron_modhigh_vs_low_nageotte	TIMP1	7076	official_exact	down	-1.06484152065018	116510	Timp1	True	True	True
severity_neuron_modhigh_vs_low_nageotte	TJP1	7082	official_exact	up	0.850812442892422	292994	Tjp1	True	True	True
severity_neuron_modhigh_vs_low_nageotte	TMBIM6	7009	official_exact	down	-1.43793994256182	24822	Tmbim6	True	True	True
severity_neuron_modhigh_vs_low_nageotte	TMCC1	23023	official_exact	up	0.834162826736448	312654	Tmcc1	True	True	False
severity_neuron_modhigh_vs_low_nageotte	TMED10	10972	official_exact	down	-0.598606364386822	84599	Tmed10	True	True	True
severity_neuron_modhigh_vs_low_nageotte	TMED3	23423	official_exact	down	-0.60326869946547	300888	Tmed3	True	True	True
severity_neuron_modhigh_vs_low_nageotte	TMED9	54732	official_exact	down	-0.688662473131903	361207	Tmed9	True	True	True
severity_neuron_modhigh_vs_low_nageotte	TMEM109	79073	official_exact	down	-0.697939224842706	361732	Tmem109	True	True	True
severity_neuron_modhigh_vs_low_nageotte	TMEM131	23505	official_exact	up	0.83458011959545	316335	Tmem131	True	True	True
severity_neuron_modhigh_vs_low_nageotte	TMEM132A	54972	official_exact	down	-0.714412962126646	338474	Tmem132a	True	True	True
severity_neuron_modhigh_vs_low_nageotte	TMEM14A	28978	official_exact	down	-0.610870328298175	363206	Tmem14a	True	False	False
severity_neuron_modhigh_vs_low_nageotte	TMEM159	57146	unique_synonym	down	-0.965238972623799	378467	Ldaf1	True	True	True
severity_neuron_modhigh_vs_low_nageotte	TMEM189	387521	unique_synonym	down	-0.892204469772556	362278	Peds1	True	True	True
severity_neuron_modhigh_vs_low_nageotte	TMEM246	84302	unique_synonym	down	-0.88901146725129	362518	Pgap4	True	True	True
severity_neuron_modhigh_vs_low_nageotte	TMEM8A	58986	unique_synonym	down	-0.742810071403107	303004	Pgap6	True	True	True
severity_neuron_modhigh_vs_low_nageotte	TOMM5	401505	official_exact	up	0.721381850193192	680080	Tomm5	True	True	True
severity_neuron_modhigh_vs_low_nageotte	TPGS1	91978	official_exact	down	-0.802068327141648	691093	Tpgs1	True	True	True
severity_neuron_modhigh_vs_low_nageotte	TRAPPC10	7109	official_exact	up	0.598147022510769	309678	Trappc10	True	True	True
severity_neuron_modhigh_vs_low_nageotte	TRAPPC5	126003	official_exact	down	-0.759484413664672	363858	Trappc5	True	True	True
severity_neuron_modhigh_vs_low_nageotte	TRAPPC8	22878	official_exact	up	0.900709793380531	291750	Trappc8	True	True	True
severity_neuron_modhigh_vs_low_nageotte	TRIM2	23321	official_exact	up	0.667472585308455	361970	Trim2	True	True	True
severity_neuron_modhigh_vs_low_nageotte	TRIM29	23650	official_exact	up	0.602301337005623	300656	Trim29	True	True	False
severity_neuron_modhigh_vs_low_nageotte	TRIM3	10612	official_exact	down	-0.672481757309657	83616	Trim3	True	True	True
severity_neuron_modhigh_vs_low_nageotte	TRPA1	8989	official_exact	down	-1.06791020579053	312896	Trpa1	True	True	True
severity_neuron_modhigh_vs_low_nageotte	TRPV1	7442	official_exact	down	-0.827571002048783	83810	Trpv1	True	True	True
severity_neuron_modhigh_vs_low_nageotte	TSPYL4	23270	official_exact	down	-0.756475109447438	309828	Tspyl4	True	True	True
severity_neuron_modhigh_vs_low_nageotte	TSTA3	7264	unique_synonym	down	-0.999923064006269	300036	Gfus	True	True	True
severity_neuron_modhigh_vs_low_nageotte	TTC3	7267	official_exact	up	0.630473456110153	360702	Ttc3	True	True	True
severity_neuron_modhigh_vs_low_nageotte	TUBA1A	7846	official_exact	up	0.728619330247737	64158	Tuba1a	True	True	True
severity_neuron_modhigh_vs_low_nageotte	TUBB2B	347733	official_exact	down	-0.831152343402188	291081	Tubb2b	True	True	True
severity_neuron_modhigh_vs_low_nageotte	TWF2	11344	official_exact	down	-0.647471458477609	684352	Twf2	True	True	True
severity_neuron_modhigh_vs_low_nageotte	UBE2M	9040	official_exact	up	0.941093062288976	361509	Ube2m	True	True	True
severity_neuron_modhigh_vs_low_nageotte	UBE2V1	7335	official_exact	up	1.04334529714558	296390	Ube2v1	True	True	True
severity_neuron_modhigh_vs_low_nageotte	UHRF1BP1L	23074	unique_synonym	up	0.739727228951143	363009	Bltp3b	True	True	True
severity_neuron_modhigh_vs_low_nageotte	ULK2	9706	official_exact	up	0.629489241745939	303206	Ulk2	True	True	True
severity_neuron_modhigh_vs_low_nageotte	UNC79	57578	official_exact	up	0.899640693091436	314401	Unc79	True	True	True
severity_neuron_modhigh_vs_low_nageotte	UQCC4	283951	official_exact	up	2.39501430359064	497874	Uqcc4	True	True	True
severity_neuron_modhigh_vs_low_nageotte	UQCC6	728568	official_exact	up	1.69785476632383	691921	Uqcc6	True	False	False
severity_neuron_modhigh_vs_low_nageotte	UQCRH	7388	official_exact	up	1.77781394329984	366448	Uqcrh	True	True	True
severity_neuron_modhigh_vs_low_nageotte	USF3	205717	official_exact	up	0.848985868888668	303946	Usf3	True	True	True
severity_neuron_modhigh_vs_low_nageotte	USO1	8615	official_exact	up	0.701540494791878	56042	Uso1	True	True	True
severity_neuron_modhigh_vs_low_nageotte	USP34	9736	official_exact	up	1.11624644301678	360990	Usp34	True	True	True
severity_neuron_modhigh_vs_low_nageotte	VARS	7407	unique_synonym	down	-0.773296481859989	25009	Vars1	True	True	True
severity_neuron_modhigh_vs_low_nageotte	VARS1	7407	official_exact	up	0.856979660934673	25009	Vars1	True	True	True
severity_neuron_modhigh_vs_low_nageotte	VGF	7425	official_exact	up	0.612222036809556	29461	Vgf	True	True	True
severity_neuron_modhigh_vs_low_nageotte	VIM	7431	official_exact	down	-1.83899957028171	81818	Vim	True	True	True
severity_neuron_modhigh_vs_low_nageotte	VPS37C	55048	official_exact	up	1.42983360919622	108348178	Vps37c	True	True	False
severity_neuron_modhigh_vs_low_nageotte	WASF1	8936	official_exact	up	0.656794370001677	294568	Wasf1	True	True	True
severity_neuron_modhigh_vs_low_nageotte	WASF3	10810	official_exact	up	1.07967599587423	682937	Wasf3	True	True	True
severity_neuron_modhigh_vs_low_nageotte	WASHC5	9897	official_exact	up	0.94305284561715	362919	Washc5	True	True	True
severity_neuron_modhigh_vs_low_nageotte	WBP11	51729	official_exact	up	0.65877895389572	297695	Wbp11	True	True	True
severity_neuron_modhigh_vs_low_nageotte	WBP2	23558	official_exact	up	0.662497869682859	192645	Wbp2	True	True	True
severity_neuron_modhigh_vs_low_nageotte	WDR37	22884	official_exact	up	0.680433040027654	307075	Wdr37	True	True	True
severity_neuron_modhigh_vs_low_nageotte	WSB1	26118	official_exact	up	0.926227495513398	303336	Wsb1	True	True	True
severity_neuron_modhigh_vs_low_nageotte	XPO6	23214	official_exact	up	0.628492651698966	293476	Xpo6	True	True	True
severity_neuron_modhigh_vs_low_nageotte	XPO7	23039	official_exact	up	1.110604994331	361070	Xpo7	True	True	True
severity_neuron_modhigh_vs_low_nageotte	XRCC6	2547	official_exact	up	0.854929709334817	25019	Xrcc6	True	True	True
severity_neuron_modhigh_vs_low_nageotte	YARS1	8565	official_exact	up	1.191807450353	313047	Yars1	True	True	True
severity_neuron_modhigh_vs_low_nageotte	YJU2	55702	official_exact	down	-0.613574106097042	501285	Yju2	True	True	True
severity_neuron_modhigh_vs_low_nageotte	YJU2B	81576	official_exact	up	1.53469366631537	304656	Yju2b	True	True	True
severity_neuron_modhigh_vs_low_nageotte	YPEL3	83719	official_exact	up	0.652401259836746	293491	Ypel3	True	True	True
severity_neuron_modhigh_vs_low_nageotte	YWHAB	7529	official_exact	down	-0.69409355733364	56011	Ywhab	True	True	True
severity_neuron_modhigh_vs_low_nageotte	ZADH2	284273	unique_synonym	up	0.794854562074385	291403	Ptgr3	True	True	True
severity_neuron_modhigh_vs_low_nageotte	ZBTB38	253461	official_exact	up	0.737424373946937	315936	Zbtb38	True	True	True
severity_neuron_modhigh_vs_low_nageotte	ZBTB41	360023	official_exact	up	0.631134879774388	289052	Zbtb41	True	True	True
severity_neuron_modhigh_vs_low_nageotte	ZCWPW1	55063	official_exact	up	1.23176600550981	304368	Zcwpw1	True	False	False
severity_neuron_modhigh_vs_low_nageotte	ZDBF2	57683	official_exact	up	0.617428290947503	501153	Zdbf2	True	True	True
severity_neuron_modhigh_vs_low_nageotte	ZEB1	6935	official_exact	up	0.94417689265428	25705	Zeb1	True	True	True
severity_neuron_modhigh_vs_low_nageotte	ZEB2	9839	official_exact	up	1.23601674934394	311071	Zeb2	True	True	True
severity_neuron_modhigh_vs_low_nageotte	ZFC3H1	196441	official_exact	up	0.668897864570857	314836	Zfc3h1	True	True	True
severity_neuron_modhigh_vs_low_nageotte	ZFTA	65998	official_exact	up	1.43078619447119	499309	Zfta	True	True	True
severity_neuron_modhigh_vs_low_nageotte	ZFTRAF1	50626	official_exact	up	1.20932976276654	108348051	Zftraf1	True	True	True
severity_neuron_modhigh_vs_low_nageotte	ZFYVE16	9765	official_exact	up	0.675064551714627	499508	Zfyve16	True	True	True
severity_neuron_modhigh_vs_low_nageotte	ZHX3	23051	official_exact	up	0.73039328946748	311604	Zhx3	True	True	True
severity_neuron_modhigh_vs_low_nageotte	ZMYM2	7750	official_exact	up	0.64492123276106	305913	Zmym2	True	True	True
severity_neuron_modhigh_vs_low_nageotte	ZMYM4	9202	official_exact	up	0.656973300021497	313598	Zmym4	True	True	True
severity_neuron_modhigh_vs_low_nageotte	ZNF148	7707	official_exact	up	0.705605022890703	58820	Zfp148	True	True	True
severity_neuron_modhigh_vs_low_nageotte	ZNF385D	79750	official_exact	up	1.11973218578306	305691	Zfp385d	True	True	True
severity_neuron_modhigh_vs_low_nageotte	ZNF518B	85460	official_exact	up	1.10603876940986	498390	Zfp518b	True	True	True
severity_neuron_modhigh_vs_low_nageotte	ZNF605	100289635	official_exact	up	0.694785678303787			False	False	False
severity_neuron_modhigh_vs_low_nageotte	ZNF800	168850	official_exact	up	1.03024362937889	500057	Zfp800	True	True	True
severity_neuron_modhigh_vs_low_nageotte	ZZZ3	26009	official_exact	up	1.04166639370544	310958	Zzz3	True	True	True
xenium_DPN_vs_control	ANXA3	306	official_exact	down	-1.09295858482148	25291	Anxa3	True	True	True
xenium_DPN_vs_control	ASIC3	9311	official_exact	down	-0.835266641126046	286920	Asic3	True	True	True
xenium_DPN_vs_control	C2CD6	151254	unique_synonym	down	-0.941515063202398	501147	Catspert	True	True	False
xenium_DPN_vs_control	CARTPT	9607	official_exact	up	1.42512540700038	29131	Cartpt	True	True	True
xenium_DPN_vs_control	CCL3	6348	official_exact	up	1.25193366513676	25542	Ccl3	True	True	True
xenium_DPN_vs_control	CCL3L1	6349	official_exact	up	0.757177891494655			False	False	False
xenium_DPN_vs_control	CCL4	6351	official_exact	up	0.713302760562057	116637	Ccl4	True	True	True
xenium_DPN_vs_control	CD86	942	official_exact	down	-0.834463729976938	56822	Cd86	True	True	False
xenium_DPN_vs_control	CEMIP	57214	official_exact	down	-1.03361863814004	308797	Cemip	True	True	False
xenium_DPN_vs_control	CHRNB4	1143	official_exact	down	-0.709023088047666	25103	Chrnb4	True	True	True
xenium_DPN_vs_control	CX3CR1	1524	official_exact	down	-0.764998897901372	171056	Cx3cr1	True	True	False
xenium_DPN_vs_control	CXCL12	6387	official_exact	down	-0.780335779498478	24772	Cxcl12	True	True	True
xenium_DPN_vs_control	DHRS2	10202	official_exact	up	1.06262340126071	691464	Dhrs2	True	True	False
xenium_DPN_vs_control	DOC2A	8448	official_exact	up	0.648517085936937	65031	Doc2a	True	True	True
xenium_DPN_vs_control	EDNRA	1909	official_exact	down	-1.12246901627815	24326	Ednra	True	True	True
xenium_DPN_vs_control	EPHA2	1969	official_exact	down	-0.619435578087465	366492	Epha2	True	True	True
xenium_DPN_vs_control	ERBB4	2066	official_exact	down	-0.671154667057876	59323	Erbb4	True	True	False
xenium_DPN_vs_control	FAM89A	375061	official_exact	down	-0.627748782272345	361441	Fam89a	True	True	True
xenium_DPN_vs_control	GAL	51083	official_exact	up	1.32661979442509	29141	Gal	True	True	True
xenium_DPN_vs_control	GFRA2	2675	official_exact	down	-1.5532839901928	25136	Gfra2	True	True	True
xenium_DPN_vs_control	GPR160	26996	official_exact	down	-0.914276739156985	499588	Gpr160	True	True	True
xenium_DPN_vs_control	GSTT2B	653689	official_exact	up	0.588269843512201			False	False	False
xenium_DPN_vs_control	GZMB	3002	official_exact	up	2.12406109982463	171528	Gzmb	True	True	False
xenium_DPN_vs_control	HEYL	26508	official_exact	down	-0.598023610310421	313575	Heyl	True	True	True
xenium_DPN_vs_control	IGF1	3479	official_exact	down	-0.852894578550982	24482	Igf1	True	True	True
xenium_DPN_vs_control	IL16	3603	official_exact	down	-0.69850946418825	116996	Il16	True	True	True
xenium_DPN_vs_control	IL31RA	133396	official_exact	down	-0.922931971646471	688622	Il31ra	True	True	True
xenium_DPN_vs_control	KCNG3	170850	official_exact	down	-0.650093557737785	171011	Kcng3	True	True	False
xenium_DPN_vs_control	KCNIP2	30819	official_exact	down	-0.82661953377003	56817	Kcnip2	True	True	True
xenium_DPN_vs_control	KCNN2	3781	official_exact	down	-0.796934307951623	54262	Kcnn2	True	True	True
xenium_DPN_vs_control	KCNQ3	3786	official_exact	up	0.625779242211743	29682	Kcnq3	True	True	False
xenium_DPN_vs_control	LDB2	9079	official_exact	down	-1.16246462803034	289664	Ldb2	True	True	True
xenium_DPN_vs_control	MRGPRD	116512	official_exact	down	-1.79681600033427	293648	Mrgprd	True	True	True
xenium_DPN_vs_control	MRGPRX3	117195	official_exact	down	-1.85242390601387			False	False	False
xenium_DPN_vs_control	NEFH	4744	official_exact	up	0.693181526514525	24587	Nefh	True	True	True
xenium_DPN_vs_control	NPPB	4879	official_exact	down	-1.3228696256272	25105	Nppb	True	True	True
xenium_DPN_vs_control	OPRK1	4986	official_exact	down	-1.09531528337804	29335	Oprk1	True	True	True
xenium_DPN_vs_control	OSM	5008	official_exact	up	0.950835191755408	289747	Osm	True	True	True
xenium_DPN_vs_control	OSMR	9180	official_exact	down	-1.21792801485291	310132	Osmr	True	True	True
xenium_DPN_vs_control	PDE4C	5143	official_exact	down	-1.01743315547804	290646	Pde4c	True	True	False
xenium_DPN_vs_control	PIEZO2	63895	official_exact	down	-0.595483671666995	307380	Piezo2	True	True	True
xenium_DPN_vs_control	PLD4	122618	official_exact	down	-0.980711904840543	362792	Pld4	True	True	True
xenium_DPN_vs_control	PRDM8	56978	official_exact	down	-0.989758821570793	305198	Prdm8	True	True	True
xenium_DPN_vs_control	PTGER3	5733	official_exact	up	1.09656619552936	24929	Ptger3	True	True	True
xenium_DPN_vs_control	RAMP3	10268	official_exact	down	-1.17869449071338	56820	Ramp3	True	True	True
xenium_DPN_vs_control	RGS4	5999	official_exact	down	-1.20273762266447	29480	Rgs4	True	True	True
xenium_DPN_vs_control	S100A8	6279	official_exact	down	-0.699242944091315	116547	S100a8	True	True	True
xenium_DPN_vs_control	S100A9	6280	official_exact	down	-0.729497564952022	94195	S100a9	True	True	True
xenium_DPN_vs_control	SCN11A	11280	official_exact	down	-0.850062081267619	29701	Scn11a	True	True	True
xenium_DPN_vs_control	SDC1	6382	official_exact	up	1.43115084760302	25216	Sdc1	True	True	True
xenium_DPN_vs_control	SEMA3G	56920	official_exact	down	-0.988690642345919	290562	Sema3g	True	True	True
xenium_DPN_vs_control	SPOCD1	90853	official_exact	up	0.684349202273266	313060	Spocd1	True	False	False
xenium_DPN_vs_control	SST	6750	official_exact	down	-0.791190276867299	24797	Sst	True	True	True
xenium_DPN_vs_control	SSTR1	6751	official_exact	up	0.782915002378491	25033	Sstr1	True	True	False
xenium_DPN_vs_control	TFF3	7033	official_exact	down	-1.11264970597516	25563	Tff3	True	True	False
xenium_DPN_vs_control	TNFSF8	944	official_exact	down	-0.765796880533813	683163	Tnfsf8	True	True	False
xenium_DPN_vs_control	TRPC3	7222	official_exact	down	-0.793105360553326	60395	Trpc3	True	True	True
xenium_DPN_vs_control	TRPM6	140803	official_exact	down	-1.10464613876898	293874	Trpm6	True	True	False
xenium_DPN_vs_control	UCN	7349	official_exact	up	1.54211091684046	29151	Ucn	True	True	False
xenium_DPN_vs_control	XAF1	54739	official_exact	down	-0.922343778205876	679600	Xaf1	True	True	True
