gene	direction	source_log2fc	module_id	source_contrast	audit_only	direction_source_a	direction_source_b	source_a_log2fc	source_b_log2fc
ABTB3	up	1.73840877	late_shared_concordant_neuronal_core	late_neuron_DPN_vs_diabetes	False				
AC015871.1	down	-1.575223191	late_shared_concordant_neuronal_core	late_neuron_DPN_vs_diabetes	False				
AC091057.6	down	-2.412601454	late_shared_concordant_neuronal_core	late_neuron_DPN_vs_diabetes	False				
ADAMTS17	up	2.035561637	late_shared_concordant_neuronal_core	late_neuron_DPN_vs_diabetes	False				
ADGRF5	up	1.080684763	late_shared_concordant_neuronal_core	late_neuron_DPN_vs_diabetes	False				
ADGRV1	down	-0.932321708	late_shared_concordant_neuronal_core	late_neuron_DPN_vs_diabetes	False				
ADRB2	up	1.23549847	late_shared_concordant_neuronal_core	late_neuron_DPN_vs_diabetes	False				
ADSS	down	-1.372834854	late_shared_concordant_neuronal_core	late_neuron_DPN_vs_diabetes	False				
ADSS1	up	1.32295014	late_shared_concordant_neuronal_core	late_neuron_DPN_vs_diabetes	False				
AKR1C8P	up	0.871622295	late_shared_concordant_neuronal_core	late_neuron_DPN_vs_diabetes	False				
ALCAM	down	-0.719597832	late_shared_concordant_neuronal_core	late_neuron_DPN_vs_diabetes	False				
ALPK1	down	-1.504944885	late_shared_concordant_neuronal_core	late_neuron_DPN_vs_diabetes	False				
AP1G2	up	0.875456325	late_shared_concordant_neuronal_core	late_neuron_DPN_vs_diabetes	False				
AQP1	down	-0.61934732	late_shared_concordant_neuronal_core	late_neuron_DPN_vs_diabetes	False				
ARMCX3	down	-0.601321141	late_shared_concordant_neuronal_core	late_neuron_DPN_vs_diabetes	False				
ARNTL	down	-1.452909031	late_shared_concordant_neuronal_core	late_neuron_DPN_vs_diabetes	False				
ATF3	up	0.659805526	late_shared_concordant_neuronal_core	late_neuron_DPN_vs_diabetes	False				
ATOH8	up	0.911847451	late_shared_concordant_neuronal_core	late_neuron_DPN_vs_diabetes	False				
ATP5MD	down	-1.415143474	late_shared_concordant_neuronal_core	late_neuron_DPN_vs_diabetes	False				
ATP6AP1L	down	-1.19083724	late_shared_concordant_neuronal_core	late_neuron_DPN_vs_diabetes	False				
ATRNL1	down	-0.806070788	late_shared_concordant_neuronal_core	late_neuron_DPN_vs_diabetes	False				
B3GALT9	up	1.59643726	late_shared_concordant_neuronal_core	late_neuron_DPN_vs_diabetes	False				
B3GAT1	down	-0.735351255	late_shared_concordant_neuronal_core	late_neuron_DPN_vs_diabetes	False				
B3GAT2	down	-0.634729016	late_shared_concordant_neuronal_core	late_neuron_DPN_vs_diabetes	False				
B3GNT10	down	-2.119169582	late_shared_concordant_neuronal_core	late_neuron_DPN_vs_diabetes	False				
BCAN	down	-1.376261706	late_shared_concordant_neuronal_core	late_neuron_DPN_vs_diabetes	False				
BRINP1	down	-0.647563291	late_shared_concordant_neuronal_core	late_neuron_DPN_vs_diabetes	False				
BTBD11	down	-1.144473616	late_shared_concordant_neuronal_core	late_neuron_DPN_vs_diabetes	False				
BVES	down	-0.795642301	late_shared_concordant_neuronal_core	late_neuron_DPN_vs_diabetes	False				
C12orf10	down	-1.320621406	late_shared_concordant_neuronal_core	late_neuron_DPN_vs_diabetes	False				
C12orf49	down	-1.615297354	late_shared_concordant_neuronal_core	late_neuron_DPN_vs_diabetes	False				
C15orf65	down	-1.553801384	late_shared_concordant_neuronal_core	late_neuron_DPN_vs_diabetes	False				
C16orf91	down	-0.998169106	late_shared_concordant_neuronal_core	late_neuron_DPN_vs_diabetes	False				
C17orf53	down	-1.850020311	late_shared_concordant_neuronal_core	late_neuron_DPN_vs_diabetes	False				
C19orf71	down	-2.48639122	late_shared_concordant_neuronal_core	late_neuron_DPN_vs_diabetes	False				
C20orf27	down	-2.229102543	late_shared_concordant_neuronal_core	late_neuron_DPN_vs_diabetes	False				
C5orf30	down	-1.012411935	late_shared_concordant_neuronal_core	late_neuron_DPN_vs_diabetes	False				
C5orf51	down	-1.744063012	late_shared_concordant_neuronal_core	late_neuron_DPN_vs_diabetes	False				
C9orf116	down	-1.076694409	late_shared_concordant_neuronal_core	late_neuron_DPN_vs_diabetes	False				
C9orf16	down	-1.054136395	late_shared_concordant_neuronal_core	late_neuron_DPN_vs_diabetes	False				
CACNG5	down	-1.35670537	late_shared_concordant_neuronal_core	late_neuron_DPN_vs_diabetes	False				
CARD10	up	1.408206182	late_shared_concordant_neuronal_core	late_neuron_DPN_vs_diabetes	False				
CARS1	up	2.579566351	late_shared_concordant_neuronal_core	late_neuron_DPN_vs_diabetes	False				
CASC4	down	-1.523078145	late_shared_concordant_neuronal_core	late_neuron_DPN_vs_diabetes	False				
CASTOR1	down	-0.725200723	late_shared_concordant_neuronal_core	late_neuron_DPN_vs_diabetes	False				
CCDC173	down	-1.228098051	late_shared_concordant_neuronal_core	late_neuron_DPN_vs_diabetes	False				
CCDC189	down	-1.180137605	late_shared_concordant_neuronal_core	late_neuron_DPN_vs_diabetes	False				
CCDC3	down	-1.654635018	late_shared_concordant_neuronal_core	late_neuron_DPN_vs_diabetes	False				
CCDC51	down	-0.768643442	late_shared_concordant_neuronal_core	late_neuron_DPN_vs_diabetes	False				
CCK	down	-1.912706033	late_shared_concordant_neuronal_core	late_neuron_DPN_vs_diabetes	False				
CCN2	down	-1.457528971	late_shared_concordant_neuronal_core	late_neuron_DPN_vs_diabetes	False				
CCNF	up	0.843732643	late_shared_concordant_neuronal_core	late_neuron_DPN_vs_diabetes	False				
CEP250	up	0.64029551	late_shared_concordant_neuronal_core	late_neuron_DPN_vs_diabetes	False				
CFAP418	up	2.323667496	late_shared_concordant_neuronal_core	late_neuron_DPN_vs_diabetes	False				
CHP2	down	-0.836651803	late_shared_concordant_neuronal_core	late_neuron_DPN_vs_diabetes	False				
CLIC4	down	-1.708045276	late_shared_concordant_neuronal_core	late_neuron_DPN_vs_diabetes	False				
CRACDL	up	2.333878938	late_shared_concordant_neuronal_core	late_neuron_DPN_vs_diabetes	False				
CYP7B1	down	-1.55718673	late_shared_concordant_neuronal_core	late_neuron_DPN_vs_diabetes	False				
CYSLTR1	down	-1.165681159	late_shared_concordant_neuronal_core	late_neuron_DPN_vs_diabetes	False				
DGKH	down	-0.763575619	late_shared_concordant_neuronal_core	late_neuron_DPN_vs_diabetes	False				
DIAPH2	down	-0.976451032	late_shared_concordant_neuronal_core	late_neuron_DPN_vs_diabetes	False				
DLL1	up	0.672175725	late_shared_concordant_neuronal_core	late_neuron_DPN_vs_diabetes	False				
DYNLT2B	up	1.901911586	late_shared_concordant_neuronal_core	late_neuron_DPN_vs_diabetes	False				
EDNRA	down	-0.920633805	late_shared_concordant_neuronal_core	late_neuron_DPN_vs_diabetes	False				
ELAPOR2	up	1.722778436	late_shared_concordant_neuronal_core	late_neuron_DPN_vs_diabetes	False				
ENSG00000125122	up	2.351044706	late_shared_concordant_neuronal_core	late_neuron_DPN_vs_diabetes	False				
ENSG00000167747	up	1.334490451	late_shared_concordant_neuronal_core	late_neuron_DPN_vs_diabetes	False				
ENSG00000170846	up	2.032833234	late_shared_concordant_neuronal_core	late_neuron_DPN_vs_diabetes	False				
ENSG00000205212	up	1.288125399	late_shared_concordant_neuronal_core	late_neuron_DPN_vs_diabetes	False				
ENSG00000215271	up	1.976450493	late_shared_concordant_neuronal_core	late_neuron_DPN_vs_diabetes	False				
ENSG00000239521	up	1.821714941	late_shared_concordant_neuronal_core	late_neuron_DPN_vs_diabetes	False				
ENSG00000284691	up	1.302964803	late_shared_concordant_neuronal_core	late_neuron_DPN_vs_diabetes	False				
ENTPD3	down	-0.962289577	late_shared_concordant_neuronal_core	late_neuron_DPN_vs_diabetes	False				
FAM122A	down	-1.377135668	late_shared_concordant_neuronal_core	late_neuron_DPN_vs_diabetes	False				
FAM126A	down	-1.653855625	late_shared_concordant_neuronal_core	late_neuron_DPN_vs_diabetes	False				
FAM189B	down	-1.504611027	late_shared_concordant_neuronal_core	late_neuron_DPN_vs_diabetes	False				
FANCG	up	0.624499182	late_shared_concordant_neuronal_core	late_neuron_DPN_vs_diabetes	False				
FBLN5	down	-2.252547855	late_shared_concordant_neuronal_core	late_neuron_DPN_vs_diabetes	False				
FEM1B	down	-0.824467514	late_shared_concordant_neuronal_core	late_neuron_DPN_vs_diabetes	False				
FHIP2A	up	1.922560516	late_shared_concordant_neuronal_core	late_neuron_DPN_vs_diabetes	False				
FLCN	up	0.765853552	late_shared_concordant_neuronal_core	late_neuron_DPN_vs_diabetes	False				
FZD8	down	-1.08003736	late_shared_concordant_neuronal_core	late_neuron_DPN_vs_diabetes	False				
GAL	down	-0.770775435	late_shared_concordant_neuronal_core	late_neuron_DPN_vs_diabetes	False				
GARIN1A	up	1.585286576	late_shared_concordant_neuronal_core	late_neuron_DPN_vs_diabetes	False				
GBP2	up	0.659295212	late_shared_concordant_neuronal_core	late_neuron_DPN_vs_diabetes	False				
GIMAP6	up	1.257271363	late_shared_concordant_neuronal_core	late_neuron_DPN_vs_diabetes	False				
GOLGA8B	down	-1.173046897	late_shared_concordant_neuronal_core	late_neuron_DPN_vs_diabetes	False				
GOLM2	up	2.000018994	late_shared_concordant_neuronal_core	late_neuron_DPN_vs_diabetes	False				
GPR139	down	-1.079654481	late_shared_concordant_neuronal_core	late_neuron_DPN_vs_diabetes	False				
GSDMD	up	0.789563229	late_shared_concordant_neuronal_core	late_neuron_DPN_vs_diabetes	False				
GTPBP2	up	0.697297522	late_shared_concordant_neuronal_core	late_neuron_DPN_vs_diabetes	False				
H2AC6	up	1.545263329	late_shared_concordant_neuronal_core	late_neuron_DPN_vs_diabetes	False				
H2AFX	down	-1.37931801	late_shared_concordant_neuronal_core	late_neuron_DPN_vs_diabetes	False				
H2AFY2	down	-1.379587501	late_shared_concordant_neuronal_core	late_neuron_DPN_vs_diabetes	False				
H2AFZ	down	-1.397028738	late_shared_concordant_neuronal_core	late_neuron_DPN_vs_diabetes	False				
H2AX	up	1.894382746	late_shared_concordant_neuronal_core	late_neuron_DPN_vs_diabetes	False				
H2BC26	up	1.31567275	late_shared_concordant_neuronal_core	late_neuron_DPN_vs_diabetes	False				
HIST1H4C	down	-1.554089548	late_shared_concordant_neuronal_core	late_neuron_DPN_vs_diabetes	False				
HMOX1	up	0.588462609	late_shared_concordant_neuronal_core	late_neuron_DPN_vs_diabetes	False				
HOXA2	up	1.452381127	late_shared_concordant_neuronal_core	late_neuron_DPN_vs_diabetes	False				
HTR3A	down	-0.812218926	late_shared_concordant_neuronal_core	late_neuron_DPN_vs_diabetes	False				
HYCC2	up	1.813417475	late_shared_concordant_neuronal_core	late_neuron_DPN_vs_diabetes	False				
IL31RA	down	-0.869781924	late_shared_concordant_neuronal_core	late_neuron_DPN_vs_diabetes	False				
IMPAD1	down	-2.000012936	late_shared_concordant_neuronal_core	late_neuron_DPN_vs_diabetes	False				
ITGAX	up	0.87571827	late_shared_concordant_neuronal_core	late_neuron_DPN_vs_diabetes	False				
KCNC2	down	-0.58546677	late_shared_concordant_neuronal_core	late_neuron_DPN_vs_diabetes	False				
KCNIP1	down	-0.833154646	late_shared_concordant_neuronal_core	late_neuron_DPN_vs_diabetes	False				
KCNT1	down	-0.587758385	late_shared_concordant_neuronal_core	late_neuron_DPN_vs_diabetes	False				
KIAA0040	up	2.953971031	late_shared_concordant_neuronal_core	late_neuron_DPN_vs_diabetes	False				
KIAA0895	down	-1.698316779	late_shared_concordant_neuronal_core	late_neuron_DPN_vs_diabetes	False				
KIAA1211L	down	-1.492623441	late_shared_concordant_neuronal_core	late_neuron_DPN_vs_diabetes	False				
KIAA1324	down	-1.209475976	late_shared_concordant_neuronal_core	late_neuron_DPN_vs_diabetes	False				
KIAA1324L	down	-1.064229021	late_shared_concordant_neuronal_core	late_neuron_DPN_vs_diabetes	False				
KICS2	up	1.091151167	late_shared_concordant_neuronal_core	late_neuron_DPN_vs_diabetes	False				
KIF1BP	down	-2.677532048	late_shared_concordant_neuronal_core	late_neuron_DPN_vs_diabetes	False				
LAIR1	up	2.223552008	late_shared_concordant_neuronal_core	late_neuron_DPN_vs_diabetes	False				
LGI1	down	-0.651348628	late_shared_concordant_neuronal_core	late_neuron_DPN_vs_diabetes	False				
LINC03040	up	1.411252507	late_shared_concordant_neuronal_core	late_neuron_DPN_vs_diabetes	False				
LIPG	down	-2.094384273	late_shared_concordant_neuronal_core	late_neuron_DPN_vs_diabetes	False				
LRRC3B	down	-1.640235015	late_shared_concordant_neuronal_core	late_neuron_DPN_vs_diabetes	False				
LXN	down	-0.824554188	late_shared_concordant_neuronal_core	late_neuron_DPN_vs_diabetes	False				
LYPD6B	down	-1.580154057	late_shared_concordant_neuronal_core	late_neuron_DPN_vs_diabetes	False				
MACROH2A1	up	2.024204948	late_shared_concordant_neuronal_core	late_neuron_DPN_vs_diabetes	False				
MAP2K3	up	0.711695862	late_shared_concordant_neuronal_core	late_neuron_DPN_vs_diabetes	False				
MARCH1	down	-1.159529745	late_shared_concordant_neuronal_core	late_neuron_DPN_vs_diabetes	False				
MARCH11	down	-1.354016774	late_shared_concordant_neuronal_core	late_neuron_DPN_vs_diabetes	False				
MARS	down	-1.33221215	late_shared_concordant_neuronal_core	late_neuron_DPN_vs_diabetes	False				
MISFA	up	1.51605759	late_shared_concordant_neuronal_core	late_neuron_DPN_vs_diabetes	False				
MRC1	up	0.939099574	late_shared_concordant_neuronal_core	late_neuron_DPN_vs_diabetes	False				
MTRFR	up	1.984861687	late_shared_concordant_neuronal_core	late_neuron_DPN_vs_diabetes	False				
N4BP2L1	down	-1.62237818	late_shared_concordant_neuronal_core	late_neuron_DPN_vs_diabetes	False				
NALF2	up	2.234631196	late_shared_concordant_neuronal_core	late_neuron_DPN_vs_diabetes	False				
NFATC3	down	-0.826953252	late_shared_concordant_neuronal_core	late_neuron_DPN_vs_diabetes	False				
NLGN3	down	-2.14220985	late_shared_concordant_neuronal_core	late_neuron_DPN_vs_diabetes	False				
NPPB	down	-1.227373447	late_shared_concordant_neuronal_core	late_neuron_DPN_vs_diabetes	False				
NRROS	up	0.809447581	late_shared_concordant_neuronal_core	late_neuron_DPN_vs_diabetes	False				
NSD3	down	-0.662807096	late_shared_concordant_neuronal_core	late_neuron_DPN_vs_diabetes	False				
ODF2L	up	1.306188434	late_shared_concordant_neuronal_core	late_neuron_DPN_vs_diabetes	False				
OGFRL1	down	-0.855385676	late_shared_concordant_neuronal_core	late_neuron_DPN_vs_diabetes	False				
OPRK1	down	-0.847873015	late_shared_concordant_neuronal_core	late_neuron_DPN_vs_diabetes	False				
OPRM1	down	-0.752794577	late_shared_concordant_neuronal_core	late_neuron_DPN_vs_diabetes	False				
P2RY12	down	-2.337847849	late_shared_concordant_neuronal_core	late_neuron_DPN_vs_diabetes	False				
PARP14	down	-0.703670375	late_shared_concordant_neuronal_core	late_neuron_DPN_vs_diabetes	False				
PCDH10	down	-0.983005967	late_shared_concordant_neuronal_core	late_neuron_DPN_vs_diabetes	False				
PDE11A	down	-0.722408721	late_shared_concordant_neuronal_core	late_neuron_DPN_vs_diabetes	False				
PECAM1	up	0.884056224	late_shared_concordant_neuronal_core	late_neuron_DPN_vs_diabetes	False				
PHB	down	-1.900527003	late_shared_concordant_neuronal_core	late_neuron_DPN_vs_diabetes	False				
PHB1	up	2.224012577	late_shared_concordant_neuronal_core	late_neuron_DPN_vs_diabetes	False				
PLAUR	up	1.182823652	late_shared_concordant_neuronal_core	late_neuron_DPN_vs_diabetes	False				
POGLUT3	down	-1.115246794	late_shared_concordant_neuronal_core	late_neuron_DPN_vs_diabetes	False				
PPIA	down	-0.830653926	late_shared_concordant_neuronal_core	late_neuron_DPN_vs_diabetes	False				
PRKY	up	0.849956887	late_shared_concordant_neuronal_core	late_neuron_DPN_vs_diabetes	False				
PROS1	down	-1.205567394	late_shared_concordant_neuronal_core	late_neuron_DPN_vs_diabetes	False				
PSRC1	up	1.008498036	late_shared_concordant_neuronal_core	late_neuron_DPN_vs_diabetes	False				
PTPN18	up	1.133366548	late_shared_concordant_neuronal_core	late_neuron_DPN_vs_diabetes	False				
RALGAPA2	up	0.624157874	late_shared_concordant_neuronal_core	late_neuron_DPN_vs_diabetes	False				
RAMACL	up	0.74478137	late_shared_concordant_neuronal_core	late_neuron_DPN_vs_diabetes	False				
RCE1	up	0.831406209	late_shared_concordant_neuronal_core	late_neuron_DPN_vs_diabetes	False				
SBK1	down	-0.816565704	late_shared_concordant_neuronal_core	late_neuron_DPN_vs_diabetes	False				
SCAND3	up	1.372172434	late_shared_concordant_neuronal_core	late_neuron_DPN_vs_diabetes	False				
SHANK1	up	0.984375072	late_shared_concordant_neuronal_core	late_neuron_DPN_vs_diabetes	False				
SKIC2	up	1.49183631	late_shared_concordant_neuronal_core	late_neuron_DPN_vs_diabetes	False				
SLC30A1	down	-0.835137717	late_shared_concordant_neuronal_core	late_neuron_DPN_vs_diabetes	False				
SLC9A3R1	down	-2.089224352	late_shared_concordant_neuronal_core	late_neuron_DPN_vs_diabetes	False				
SLX9	up	1.21983175	late_shared_concordant_neuronal_core	late_neuron_DPN_vs_diabetes	False				
SMIM10	down	-0.733956845	late_shared_concordant_neuronal_core	late_neuron_DPN_vs_diabetes	False				
SMPDL3A	down	-1.095904855	late_shared_concordant_neuronal_core	late_neuron_DPN_vs_diabetes	False				
SPAST	down	-0.803306111	late_shared_concordant_neuronal_core	late_neuron_DPN_vs_diabetes	False				
SPEGNB	down	-0.605789867	late_shared_concordant_neuronal_core	late_neuron_DPN_vs_diabetes	False				
SPG21	down	-1.173959883	late_shared_concordant_neuronal_core	late_neuron_DPN_vs_diabetes	False				
SPRY4	up	0.841385005	late_shared_concordant_neuronal_core	late_neuron_DPN_vs_diabetes	False				
SST	down	-0.603601181	late_shared_concordant_neuronal_core	late_neuron_DPN_vs_diabetes	False				
STAR	up	1.48386888	late_shared_concordant_neuronal_core	late_neuron_DPN_vs_diabetes	False				
SVIL	up	0.880807806	late_shared_concordant_neuronal_core	late_neuron_DPN_vs_diabetes	False				
TARS	down	-0.713282352	late_shared_concordant_neuronal_core	late_neuron_DPN_vs_diabetes	False				
TARS1	up	2.366534889	late_shared_concordant_neuronal_core	late_neuron_DPN_vs_diabetes	False				
TBC1D3B	up	4.13554412	late_shared_concordant_neuronal_core	late_neuron_DPN_vs_diabetes	False				
TBC1D3E	up	2.165168631	late_shared_concordant_neuronal_core	late_neuron_DPN_vs_diabetes	False				
TET3	up	0.630720503	late_shared_concordant_neuronal_core	late_neuron_DPN_vs_diabetes	False				
THBS4	down	-2.454513637	late_shared_concordant_neuronal_core	late_neuron_DPN_vs_diabetes	False				
TMEM246	down	-1.462417223	late_shared_concordant_neuronal_core	late_neuron_DPN_vs_diabetes	False				
TMEM255A	down	-0.68526554	late_shared_concordant_neuronal_core	late_neuron_DPN_vs_diabetes	False				
TMEM39A	down	-0.606336448	late_shared_concordant_neuronal_core	late_neuron_DPN_vs_diabetes	False				
TNFAIP3	up	0.707497485	late_shared_concordant_neuronal_core	late_neuron_DPN_vs_diabetes	False				
TRPA1	down	-0.859421935	late_shared_concordant_neuronal_core	late_neuron_DPN_vs_diabetes	False				
TRPC5	down	-1.057821086	late_shared_concordant_neuronal_core	late_neuron_DPN_vs_diabetes	False				
TWISTNB	down	-2.436933582	late_shared_concordant_neuronal_core	late_neuron_DPN_vs_diabetes	False				
UGGT2	down	-0.634114395	late_shared_concordant_neuronal_core	late_neuron_DPN_vs_diabetes	False				
UQCC4	up	2.054600451	late_shared_concordant_neuronal_core	late_neuron_DPN_vs_diabetes	False				
UQCRH	down	-0.978847744	late_shared_concordant_neuronal_core	late_neuron_DPN_vs_diabetes	False				
VPS29	down	-0.606371453	late_shared_concordant_neuronal_core	late_neuron_DPN_vs_diabetes	False				
WDR63	down	-1.780843837	late_shared_concordant_neuronal_core	late_neuron_DPN_vs_diabetes	False				
WDR78	down	-1.662471354	late_shared_concordant_neuronal_core	late_neuron_DPN_vs_diabetes	False				
YARS	down	-1.394794393	late_shared_concordant_neuronal_core	late_neuron_DPN_vs_diabetes	False				
ZNF720	down	-1.16138573	late_shared_concordant_neuronal_core	late_neuron_DPN_vs_diabetes	False				
ZNF84	up	0.630892928	late_shared_concordant_neuronal_core	late_neuron_DPN_vs_diabetes	False				
ABCA1	up	0.600895862	late_allcell_residual	late_allcell_DPN_vs_diabetes	False				
ABCB1	down	-0.712831926	late_allcell_residual	late_allcell_DPN_vs_diabetes	False				
ABCB11	up	2.017841881	late_allcell_residual	late_allcell_DPN_vs_diabetes	False				
ABCC1	up	0.624632725	late_allcell_residual	late_allcell_DPN_vs_diabetes	False				
ABCC2	up	1.007686182	late_allcell_residual	late_allcell_DPN_vs_diabetes	False				
ABCC3	up	0.817086459	late_allcell_residual	late_allcell_DPN_vs_diabetes	False				
ABCC5	up	0.994007614	late_allcell_residual	late_allcell_DPN_vs_diabetes	False				
ABCC8	down	-0.622742434	late_allcell_residual	late_allcell_DPN_vs_diabetes	False				
ABCD1	up	0.76105119	late_allcell_residual	late_allcell_DPN_vs_diabetes	False				
ABCG2	down	-0.59453586	late_allcell_residual	late_allcell_DPN_vs_diabetes	False				
ABCG4	down	-0.913317735	late_allcell_residual	late_allcell_DPN_vs_diabetes	False				
ABHD13	down	-0.790912864	late_allcell_residual	late_allcell_DPN_vs_diabetes	False				
ABHD14A	down	-0.899689637	late_allcell_residual	late_allcell_DPN_vs_diabetes	False				
ABHD17B	down	-0.857334464	late_allcell_residual	late_allcell_DPN_vs_diabetes	False				
ABHD2	down	-0.932702407	late_allcell_residual	late_allcell_DPN_vs_diabetes	False				
ABI3	down	-0.612352145	late_allcell_residual	late_allcell_DPN_vs_diabetes	False				
ABO	up	0.654485986	late_allcell_residual	late_allcell_DPN_vs_diabetes	False				
ABTB1	up	0.667663195	late_allcell_residual	late_allcell_DPN_vs_diabetes	False				
AC007244.1	down	-0.985545238	late_allcell_residual	late_allcell_DPN_vs_diabetes	False				
AC007906.2	up	0.721329196	late_allcell_residual	late_allcell_DPN_vs_diabetes	False				
AC008397.1	up	0.881857255	late_allcell_residual	late_allcell_DPN_vs_diabetes	False				
AC233723.1	up	1.070397618	late_allcell_residual	late_allcell_DPN_vs_diabetes	False				
ACACA	down	-0.778974091	late_allcell_residual	late_allcell_DPN_vs_diabetes	False				
ACACB	up	0.730493248	late_allcell_residual	late_allcell_DPN_vs_diabetes	False				
ACAN	up	1.121834558	late_allcell_residual	late_allcell_DPN_vs_diabetes	False				
ACAP1	up	0.704027037	late_allcell_residual	late_allcell_DPN_vs_diabetes	False				
ACAT1	down	-0.634528784	late_allcell_residual	late_allcell_DPN_vs_diabetes	False				
ACAT2	down	-1.151971944	late_allcell_residual	late_allcell_DPN_vs_diabetes	False				
ACE	up	1.11664387	late_allcell_residual	late_allcell_DPN_vs_diabetes	False				
ACER3	down	-0.736660122	late_allcell_residual	late_allcell_DPN_vs_diabetes	False				
ACIN1	up	1.006163377	late_allcell_residual	late_allcell_DPN_vs_diabetes	False				
ACLY	down	-0.605743151	late_allcell_residual	late_allcell_DPN_vs_diabetes	False				
ACP3	down	-0.710133282	late_allcell_residual	late_allcell_DPN_vs_diabetes	False				
ACP6	up	0.804896459	late_allcell_residual	late_allcell_DPN_vs_diabetes	False				
ACPP	down	-0.787411993	late_allcell_residual	late_allcell_DPN_vs_diabetes	False				
ACSBG1	down	-0.673981427	late_allcell_residual	late_allcell_DPN_vs_diabetes	False				
ACSF2	up	0.82737712	late_allcell_residual	late_allcell_DPN_vs_diabetes	False				
ACSL1	up	0.977973734	late_allcell_residual	late_allcell_DPN_vs_diabetes	False				
ACSL3	down	-0.734441087	late_allcell_residual	late_allcell_DPN_vs_diabetes	False				
ACSL6	down	-1.096075976	late_allcell_residual	late_allcell_DPN_vs_diabetes	False				
ACTA1	up	0.672533206	late_allcell_residual	late_allcell_DPN_vs_diabetes	False				
ACTG2	up	1.116997407	late_allcell_residual	late_allcell_DPN_vs_diabetes	False				
ACTL6B	down	-0.790277885	late_allcell_residual	late_allcell_DPN_vs_diabetes	False				
ACTR10	down	-0.70312076	late_allcell_residual	late_allcell_DPN_vs_diabetes	False				
ACVR1C	up	2.984243065	late_allcell_residual	late_allcell_DPN_vs_diabetes	False				
ACVRL1	up	0.655867812	late_allcell_residual	late_allcell_DPN_vs_diabetes	False				
ADA	up	0.66398016	late_allcell_residual	late_allcell_DPN_vs_diabetes	False				
ADAM28	down	-1.354206758	late_allcell_residual	late_allcell_DPN_vs_diabetes	False				
ADAMTS10	up	0.634171583	late_allcell_residual	late_allcell_DPN_vs_diabetes	False				
ADAMTS12	up	1.063494624	late_allcell_residual	late_allcell_DPN_vs_diabetes	False				
ADAMTS15	up	0.908840308	late_allcell_residual	late_allcell_DPN_vs_diabetes	False				
ADAMTS16	down	-1.26968334	late_allcell_residual	late_allcell_DPN_vs_diabetes	False				
ADAMTS2	up	0.667019233	late_allcell_residual	late_allcell_DPN_vs_diabetes	False				
ADAMTS20	down	-3.370614851	late_allcell_residual	late_allcell_DPN_vs_diabetes	False				
ADAMTS4	up	1.110595698	late_allcell_residual	late_allcell_DPN_vs_diabetes	False				
ADAMTS9	up	0.674602552	late_allcell_residual	late_allcell_DPN_vs_diabetes	False				
ADAMTSL4	up	0.80876515	late_allcell_residual	late_allcell_DPN_vs_diabetes	False				
ADCY4	up	1.134831351	late_allcell_residual	late_allcell_DPN_vs_diabetes	False				
ADCY6	up	0.677516293	late_allcell_residual	late_allcell_DPN_vs_diabetes	False				
ADD2	down	-0.721977801	late_allcell_residual	late_allcell_DPN_vs_diabetes	False				
ADGRA3	down	-0.730422603	late_allcell_residual	late_allcell_DPN_vs_diabetes	False				
ADGRB2	down	-0.904347616	late_allcell_residual	late_allcell_DPN_vs_diabetes	False				
ADGRB3	down	-1.22307743	late_allcell_residual	late_allcell_DPN_vs_diabetes	False				
ADGRE1	down	-0.674077597	late_allcell_residual	late_allcell_DPN_vs_diabetes	False				
ADGRE5	up	0.756551814	late_allcell_residual	late_allcell_DPN_vs_diabetes	False				
ADGRL3	down	-0.602564252	late_allcell_residual	late_allcell_DPN_vs_diabetes	False				
ADH1A	up	1.771796874	late_allcell_residual	late_allcell_DPN_vs_diabetes	False				
ADH1B	up	0.620408841	late_allcell_residual	late_allcell_DPN_vs_diabetes	False				
ADH5	down	-0.63844531	late_allcell_residual	late_allcell_DPN_vs_diabetes	False				
ADIPOQ	up	3.094254886	late_allcell_residual	late_allcell_DPN_vs_diabetes	False				
ADIPOR2	down	-0.837900919	late_allcell_residual	late_allcell_DPN_vs_diabetes	False				
ADM	up	0.772539582	late_allcell_residual	late_allcell_DPN_vs_diabetes	False				
ADNP	down	-0.685564968	late_allcell_residual	late_allcell_DPN_vs_diabetes	False				
ADORA1	down	-0.69457047	late_allcell_residual	late_allcell_DPN_vs_diabetes	False				
ADORA2B	down	-1.814139957	late_allcell_residual	late_allcell_DPN_vs_diabetes	False				
ADRA1A	up	2.741848229	late_allcell_residual	late_allcell_DPN_vs_diabetes	False				
ADRA1D	up	1.162328826	late_allcell_residual	late_allcell_DPN_vs_diabetes	False				
AEBP1	up	0.810952556	late_allcell_residual	late_allcell_DPN_vs_diabetes	False				
AEN	up	0.847424022	late_allcell_residual	late_allcell_DPN_vs_diabetes	False				
AFF2	down	-1.051864316	late_allcell_residual	late_allcell_DPN_vs_diabetes	False				
AGO3	down	-0.64272378	late_allcell_residual	late_allcell_DPN_vs_diabetes	False				
AHNAK2	down	-0.750624157	late_allcell_residual	late_allcell_DPN_vs_diabetes	False				
AIM2	down	-0.879759613	late_allcell_residual	late_allcell_DPN_vs_diabetes	False				
AJAP1	down	-0.610898719	late_allcell_residual	late_allcell_DPN_vs_diabetes	False				
AK1	up	0.772144202	late_allcell_residual	late_allcell_DPN_vs_diabetes	False				
AK5	down	-0.824214103	late_allcell_residual	late_allcell_DPN_vs_diabetes	False				
AK6	down	-0.767177508	late_allcell_residual	late_allcell_DPN_vs_diabetes	False				
AKAIN1	down	-0.861886796	late_allcell_residual	late_allcell_DPN_vs_diabetes	False				
AKAP11	down	-0.798240281	late_allcell_residual	late_allcell_DPN_vs_diabetes	False				
AKAP7	down	-0.586183635	late_allcell_residual	late_allcell_DPN_vs_diabetes	False				
AKIRIN1	down	-0.803233004	late_allcell_residual	late_allcell_DPN_vs_diabetes	False				
AKR1B10	up	1.125975758	late_allcell_residual	late_allcell_DPN_vs_diabetes	False				
AKR1C2	up	0.880070275	late_allcell_residual	late_allcell_DPN_vs_diabetes	False				
AKT2	up	0.936717357	late_allcell_residual	late_allcell_DPN_vs_diabetes	False				
AKTIP	down	-0.667240911	late_allcell_residual	late_allcell_DPN_vs_diabetes	False				
AL445238.1	down	-0.768337435	late_allcell_residual	late_allcell_DPN_vs_diabetes	False				
AL845331.2	up	1.597321618	late_allcell_residual	late_allcell_DPN_vs_diabetes	False				
ALDH16A1	up	0.701580349	late_allcell_residual	late_allcell_DPN_vs_diabetes	False				
ALDH18A1	down	-0.606400977	late_allcell_residual	late_allcell_DPN_vs_diabetes	False				
ALDH1L1	up	1.482027183	late_allcell_residual	late_allcell_DPN_vs_diabetes	False				
ALDH4A1	down	-0.925803026	late_allcell_residual	late_allcell_DPN_vs_diabetes	False				
ALG11	down	-0.677104314	late_allcell_residual	late_allcell_DPN_vs_diabetes	False				
ALG5	down	-0.882318906	late_allcell_residual	late_allcell_DPN_vs_diabetes	False				
ALG6	down	-0.725101279	late_allcell_residual	late_allcell_DPN_vs_diabetes	False				
ALG8	down	-0.646702442	late_allcell_residual	late_allcell_DPN_vs_diabetes	False				
ALKAL2	down	-0.689610431	late_allcell_residual	late_allcell_DPN_vs_diabetes	False				
ALPK3	up	0.892003771	late_allcell_residual	late_allcell_DPN_vs_diabetes	False				
ALPL	down	-0.947236199	late_allcell_residual	late_allcell_DPN_vs_diabetes	False				
ALS2CL	up	0.975442208	late_allcell_residual	late_allcell_DPN_vs_diabetes	False				
AMER2	down	-0.773476756	late_allcell_residual	late_allcell_DPN_vs_diabetes	False				
AMER3	down	-0.67051171	late_allcell_residual	late_allcell_DPN_vs_diabetes	False				
AMN	up	2.015583887	late_allcell_residual	late_allcell_DPN_vs_diabetes	False				
ANAPC10	down	-0.59357631	late_allcell_residual	late_allcell_DPN_vs_diabetes	False				
ANAPC13	down	-0.791271803	late_allcell_residual	late_allcell_DPN_vs_diabetes	False				
ANGEL2	down	-1.08446184	late_allcell_residual	late_allcell_DPN_vs_diabetes	False				
ANGPT1	up	0.964501181	late_allcell_residual	late_allcell_DPN_vs_diabetes	False				
ANGPT4	up	1.411938592	late_allcell_residual	late_allcell_DPN_vs_diabetes	False				
ANGPTL1	up	1.085022183	late_allcell_residual	late_allcell_DPN_vs_diabetes	False				
ANGPTL6	down	-1.893480539	late_allcell_residual	late_allcell_DPN_vs_diabetes	False				
ANK1	down	-0.808162963	late_allcell_residual	late_allcell_DPN_vs_diabetes	False				
ANK2	down	-0.839019081	late_allcell_residual	late_allcell_DPN_vs_diabetes	False				
ANKAR	down	-0.5938137	late_allcell_residual	late_allcell_DPN_vs_diabetes	False				
ANKRD12	down	-0.997256483	late_allcell_residual	late_allcell_DPN_vs_diabetes	False				
ANKRD2	up	2.875577324	late_allcell_residual	late_allcell_DPN_vs_diabetes	False				
ANKRD46	down	-0.620183373	late_allcell_residual	late_allcell_DPN_vs_diabetes	False				
ANKRD53	up	1.777014049	late_allcell_residual	late_allcell_DPN_vs_diabetes	False				
ANKS1B	down	-0.940892872	late_allcell_residual	late_allcell_DPN_vs_diabetes	False				
ANKZF1	up	0.61758408	late_allcell_residual	late_allcell_DPN_vs_diabetes	False				
ANLN	down	-0.805891041	late_allcell_residual	late_allcell_DPN_vs_diabetes	False				
ANO2	up	0.958034082	late_allcell_residual	late_allcell_DPN_vs_diabetes	False				
ANO3	down	-1.30335752	late_allcell_residual	late_allcell_DPN_vs_diabetes	False				
ANO4	down	-0.878485062	late_allcell_residual	late_allcell_DPN_vs_diabetes	False				
ANO5	down	-0.925266779	late_allcell_residual	late_allcell_DPN_vs_diabetes	False				
ANOS1	down	-0.951047554	late_allcell_residual	late_allcell_DPN_vs_diabetes	False				
ANP32B	down	-0.596255876	late_allcell_residual	late_allcell_DPN_vs_diabetes	False				
AOC3	up	0.887002556	late_allcell_residual	late_allcell_DPN_vs_diabetes	False				
AP1S2	down	-1.020764054	late_allcell_residual	late_allcell_DPN_vs_diabetes	False				
AP3B2	down	-0.782007391	late_allcell_residual	late_allcell_DPN_vs_diabetes	False				
AP4S1	down	-0.880640248	late_allcell_residual	late_allcell_DPN_vs_diabetes	False				
AP5M1	down	-0.598809106	late_allcell_residual	late_allcell_DPN_vs_diabetes	False				
AP5Z1	up	0.682389155	late_allcell_residual	late_allcell_DPN_vs_diabetes	False				
APBA2	down	-0.70155927	late_allcell_residual	late_allcell_DPN_vs_diabetes	False				
APBB1	down	-0.613331093	late_allcell_residual	late_allcell_DPN_vs_diabetes	False				
APBB1IP	down	-0.618466762	late_allcell_residual	late_allcell_DPN_vs_diabetes	False				
APBB3	up	0.653840319	late_allcell_residual	late_allcell_DPN_vs_diabetes	False				
APC	down	-0.889386925	late_allcell_residual	late_allcell_DPN_vs_diabetes	False				
APEX1	down	-0.777961042	late_allcell_residual	late_allcell_DPN_vs_diabetes	False				
APIP	down	-1.324504874	late_allcell_residual	late_allcell_DPN_vs_diabetes	False				
APLNR	down	-0.599950635	late_allcell_residual	late_allcell_DPN_vs_diabetes	False				
APLP1	down	-0.709440617	late_allcell_residual	late_allcell_DPN_vs_diabetes	False				
APOC1	down	-1.382971637	late_allcell_residual	late_allcell_DPN_vs_diabetes	False				
APOC2	down	-1.100613832	late_allcell_residual	late_allcell_DPN_vs_diabetes	False				
APOD	down	-0.757951641	late_allcell_residual	late_allcell_DPN_vs_diabetes	False				
APOL3	up	1.042332041	late_allcell_residual	late_allcell_DPN_vs_diabetes	False				
APOL6	up	0.594111343	late_allcell_residual	late_allcell_DPN_vs_diabetes	False				
APPBP2	down	-0.602774514	late_allcell_residual	late_allcell_DPN_vs_diabetes	False				
AQP4	down	-1.828696219	late_allcell_residual	late_allcell_DPN_vs_diabetes	False				
AQP7	up	2.406783789	late_allcell_residual	late_allcell_DPN_vs_diabetes	False				
AR	up	1.042951404	late_allcell_residual	late_allcell_DPN_vs_diabetes	False				
ARAP3	up	1.227357913	late_allcell_residual	late_allcell_DPN_vs_diabetes	False				
ARFGEF3	down	-0.686799198	late_allcell_residual	late_allcell_DPN_vs_diabetes	False				
ARG2	down	-0.977568537	late_allcell_residual	late_allcell_DPN_vs_diabetes	False				
ARHGAP19	down	-1.141140047	late_allcell_residual	late_allcell_DPN_vs_diabetes	False				
ARHGAP21	down	-0.58604031	late_allcell_residual	late_allcell_DPN_vs_diabetes	False				
ARHGAP28	up	0.979511493	late_allcell_residual	late_allcell_DPN_vs_diabetes	False				
ARHGAP4	up	0.634751309	late_allcell_residual	late_allcell_DPN_vs_diabetes	False				
ARHGAP42	down	-1.027856626	late_allcell_residual	late_allcell_DPN_vs_diabetes	False				
ARHGAP5	down	-0.889513471	late_allcell_residual	late_allcell_DPN_vs_diabetes	False				
ARHGDIG	down	-0.610365825	late_allcell_residual	late_allcell_DPN_vs_diabetes	False				
ARHGEF10L	up	0.801995599	late_allcell_residual	late_allcell_DPN_vs_diabetes	False				
ARHGEF15	up	1.06499612	late_allcell_residual	late_allcell_DPN_vs_diabetes	False				
ARHGEF37	up	1.076735255	late_allcell_residual	late_allcell_DPN_vs_diabetes	False				
ARID3A	up	0.761049339	late_allcell_residual	late_allcell_DPN_vs_diabetes	False				
ARID5A	up	0.854951162	late_allcell_residual	late_allcell_DPN_vs_diabetes	False				
ARL2BP	down	-0.704125775	late_allcell_residual	late_allcell_DPN_vs_diabetes	False				
ARL4A	down	-0.655064493	late_allcell_residual	late_allcell_DPN_vs_diabetes	False				
ARL6IP1	down	-0.847815992	late_allcell_residual	late_allcell_DPN_vs_diabetes	False				
ARL6IP5	down	-0.913902723	late_allcell_residual	late_allcell_DPN_vs_diabetes	False				
ARMC10	down	-1.50844381	late_allcell_residual	late_allcell_DPN_vs_diabetes	False				
ARMCX5	down	-0.919927465	late_allcell_residual	late_allcell_DPN_vs_diabetes	False				
ARMH4	down	-0.622616335	late_allcell_residual	late_allcell_DPN_vs_diabetes	False				
ARMT1	down	-1.035367754	late_allcell_residual	late_allcell_DPN_vs_diabetes	False				
ARNT2	down	-0.764939015	late_allcell_residual	late_allcell_DPN_vs_diabetes	False				
ARPC1A	down	-0.603792405	late_allcell_residual	late_allcell_DPN_vs_diabetes	False				
ARPC5	down	-0.715541287	late_allcell_residual	late_allcell_DPN_vs_diabetes	False				
ARPP19	down	-0.884036451	late_allcell_residual	late_allcell_DPN_vs_diabetes	False				
ARPP21	up	0.593399675	late_allcell_residual	late_allcell_DPN_vs_diabetes	False				
ARSB	down	-0.79974672	late_allcell_residual	late_allcell_DPN_vs_diabetes	False				
ARSE	down	-1.029912598	late_allcell_residual	late_allcell_DPN_vs_diabetes	False				
ARSL	down	-0.652806724	late_allcell_residual	late_allcell_DPN_vs_diabetes	False				
ARV1	down	-0.588288176	late_allcell_residual	late_allcell_DPN_vs_diabetes	False				
ASB12	down	-1.052033774	late_allcell_residual	late_allcell_DPN_vs_diabetes	False				
ASB8	down	-0.692532863	late_allcell_residual	late_allcell_DPN_vs_diabetes	False				
ASB9	up	0.687151251	late_allcell_residual	late_allcell_DPN_vs_diabetes	False				
ASPDH	down	-1.030147353	late_allcell_residual	late_allcell_DPN_vs_diabetes	False				
ASPHD2	down	-0.629288811	late_allcell_residual	late_allcell_DPN_vs_diabetes	False				
ASPN	down	-0.770981402	late_allcell_residual	late_allcell_DPN_vs_diabetes	False				
ASTE1	down	-0.752826327	late_allcell_residual	late_allcell_DPN_vs_diabetes	False				
ASTN1	down	-1.534417576	late_allcell_residual	late_allcell_DPN_vs_diabetes	False				
ASTN2	down	-0.885752431	late_allcell_residual	late_allcell_DPN_vs_diabetes	False				
ASXL2	down	-0.609766737	late_allcell_residual	late_allcell_DPN_vs_diabetes	False				
ATAD1	down	-0.857740057	late_allcell_residual	late_allcell_DPN_vs_diabetes	False				
ATCAY	down	-0.788596507	late_allcell_residual	late_allcell_DPN_vs_diabetes	False				
ATG12	down	-0.792234063	late_allcell_residual	late_allcell_DPN_vs_diabetes	False				
ATG16L2	up	0.71053983	late_allcell_residual	late_allcell_DPN_vs_diabetes	False				
ATG3	down	-0.776782415	late_allcell_residual	late_allcell_DPN_vs_diabetes	False				
ATL1	down	-0.864789238	late_allcell_residual	late_allcell_DPN_vs_diabetes	False				
ATMIN	down	-0.737484234	late_allcell_residual	late_allcell_DPN_vs_diabetes	False				
ATOX1	down	-0.672748411	late_allcell_residual	late_allcell_DPN_vs_diabetes	False				
ATP1A1	down	-0.95973158	late_allcell_residual	late_allcell_DPN_vs_diabetes	False				
ATP1A2	down	-0.689726517	late_allcell_residual	late_allcell_DPN_vs_diabetes	False				
ATP1A3	down	-0.893398459	late_allcell_residual	late_allcell_DPN_vs_diabetes	False				
ATP1B1	down	-0.626901615	late_allcell_residual	late_allcell_DPN_vs_diabetes	False				
ATP1B3	down	-0.755446186	late_allcell_residual	late_allcell_DPN_vs_diabetes	False				
ATP2A3	up	0.977269198	late_allcell_residual	late_allcell_DPN_vs_diabetes	False				
ATP2B2	down	-0.94070179	late_allcell_residual	late_allcell_DPN_vs_diabetes	False				
ATP2B3	down	-1.008262421	late_allcell_residual	late_allcell_DPN_vs_diabetes	False				
ATP5F1A	down	-0.872310899	late_allcell_residual	late_allcell_DPN_vs_diabetes	False				
ATP5F1C	down	-0.824593502	late_allcell_residual	late_allcell_DPN_vs_diabetes	False				
ATP5MC1	down	-0.88520383	late_allcell_residual	late_allcell_DPN_vs_diabetes	False				
ATP5MF	down	-0.768164685	late_allcell_residual	late_allcell_DPN_vs_diabetes	False				
ATP5PB	down	-0.607627957	late_allcell_residual	late_allcell_DPN_vs_diabetes	False				
ATP5PD	down	-0.804922237	late_allcell_residual	late_allcell_DPN_vs_diabetes	False				
ATP5PF	down	-0.879677978	late_allcell_residual	late_allcell_DPN_vs_diabetes	False				
ATP6AP2	down	-1.321187358	late_allcell_residual	late_allcell_DPN_vs_diabetes	False				
ATP6V0A1	down	-0.664918608	late_allcell_residual	late_allcell_DPN_vs_diabetes	False				
ATP6V0B	down	-0.626325893	late_allcell_residual	late_allcell_DPN_vs_diabetes	False				
ATP6V0C	down	-0.661689719	late_allcell_residual	late_allcell_DPN_vs_diabetes	False				
ATP6V0E1	down	-0.673387798	late_allcell_residual	late_allcell_DPN_vs_diabetes	False				
ATP6V0E2	down	-1.142076127	late_allcell_residual	late_allcell_DPN_vs_diabetes	False				
ATP6V1A	down	-0.768311737	late_allcell_residual	late_allcell_DPN_vs_diabetes	False				
ATP6V1E1	down	-0.835269935	late_allcell_residual	late_allcell_DPN_vs_diabetes	False				
ATP6V1F	down	-0.660129626	late_allcell_residual	late_allcell_DPN_vs_diabetes	False				
ATP6V1G1	down	-0.775379165	late_allcell_residual	late_allcell_DPN_vs_diabetes	False				
ATP6V1G2	down	-1.33711486	late_allcell_residual	late_allcell_DPN_vs_diabetes	False				
ATP8A2	down	-0.862157575	late_allcell_residual	late_allcell_DPN_vs_diabetes	False				
ATP8B4	down	-0.890803358	late_allcell_residual	late_allcell_DPN_vs_diabetes	False				
AUP1	up	0.694170564	late_allcell_residual	late_allcell_DPN_vs_diabetes	False				
AVIL	down	-0.992610825	late_allcell_residual	late_allcell_DPN_vs_diabetes	False				
AZIN1	down	-0.681885061	late_allcell_residual	late_allcell_DPN_vs_diabetes	False				
AZU1	up	0.595623572	late_allcell_residual	late_allcell_DPN_vs_diabetes	False				
B3GALNT1	down	-0.685161886	late_allcell_residual	late_allcell_DPN_vs_diabetes	False				
B3GALT1	down	-1.448031635	late_allcell_residual	late_allcell_DPN_vs_diabetes	False				
B3GALT2	down	-0.795493811	late_allcell_residual	late_allcell_DPN_vs_diabetes	False				
B3GALT5	down	-1.366026515	late_allcell_residual	late_allcell_DPN_vs_diabetes	False				
B3GNT2	down	-0.593325564	late_allcell_residual	late_allcell_DPN_vs_diabetes	False				
B3GNT5	down	-0.617552576	late_allcell_residual	late_allcell_DPN_vs_diabetes	False				
B4GALT6	down	-0.920670925	late_allcell_residual	late_allcell_DPN_vs_diabetes	False				
B4GAT1	down	-0.852532907	late_allcell_residual	late_allcell_DPN_vs_diabetes	False				
BAG4	down	-0.971209274	late_allcell_residual	late_allcell_DPN_vs_diabetes	False				
BAHCC1	up	0.756194292	late_allcell_residual	late_allcell_DPN_vs_diabetes	False				
BAX	up	0.681536317	late_allcell_residual	late_allcell_DPN_vs_diabetes	False				
BBIP1	down	-0.970645927	late_allcell_residual	late_allcell_DPN_vs_diabetes	False				
BBOF1	up	0.590989199	late_allcell_residual	late_allcell_DPN_vs_diabetes	False				
BBS1	up	0.659373459	late_allcell_residual	late_allcell_DPN_vs_diabetes	False				
BBS10	down	-1.019397455	late_allcell_residual	late_allcell_DPN_vs_diabetes	False				
BBS12	down	-0.640659014	late_allcell_residual	late_allcell_DPN_vs_diabetes	False				
BBS2	down	-0.65040429	late_allcell_residual	late_allcell_DPN_vs_diabetes	False				
BBS5	down	-0.696132964	late_allcell_residual	late_allcell_DPN_vs_diabetes	False				
BCAR1	up	0.59160132	late_allcell_residual	late_allcell_DPN_vs_diabetes	False				
BCHE	down	-1.754438048	late_allcell_residual	late_allcell_DPN_vs_diabetes	False				
BCO1	down	-2.297283073	late_allcell_residual	late_allcell_DPN_vs_diabetes	False				
BDH1	down	-0.610293314	late_allcell_residual	late_allcell_DPN_vs_diabetes	False				
BDH2	down	-0.591406669	late_allcell_residual	late_allcell_DPN_vs_diabetes	False				
BDKRB2	down	-0.88664213	late_allcell_residual	late_allcell_DPN_vs_diabetes	False				
BDNF	down	-1.05474748	late_allcell_residual	late_allcell_DPN_vs_diabetes	False				
BEND5	down	-0.799848286	late_allcell_residual	late_allcell_DPN_vs_diabetes	False				
BEX4	down	-0.891046744	late_allcell_residual	late_allcell_DPN_vs_diabetes	False				
BEX5	down	-0.969628026	late_allcell_residual	late_allcell_DPN_vs_diabetes	False				
BHLHE40	up	0.748260481	late_allcell_residual	late_allcell_DPN_vs_diabetes	False				
BHMT2	up	0.704191939	late_allcell_residual	late_allcell_DPN_vs_diabetes	False				
BICC1	up	0.608878636	late_allcell_residual	late_allcell_DPN_vs_diabetes	False				
BICD2	up	0.604659491	late_allcell_residual	late_allcell_DPN_vs_diabetes	False				
BICRA	up	0.587309716	late_allcell_residual	late_allcell_DPN_vs_diabetes	False				
BIN1	up	0.727548571	late_allcell_residual	late_allcell_DPN_vs_diabetes	False				
BIN3	down	-0.590921743	late_allcell_residual	late_allcell_DPN_vs_diabetes	False				
BIRC2	down	-0.712263046	late_allcell_residual	late_allcell_DPN_vs_diabetes	False				
BLOC1S3	up	0.790423115	late_allcell_residual	late_allcell_DPN_vs_diabetes	False				
BMF	up	0.893804491	late_allcell_residual	late_allcell_DPN_vs_diabetes	False				
BMP1	up	0.599481589	late_allcell_residual	late_allcell_DPN_vs_diabetes	False				
BMP2K	down	-0.627251566	late_allcell_residual	late_allcell_DPN_vs_diabetes	False				
BMP3	down	-1.216644808	late_allcell_residual	late_allcell_DPN_vs_diabetes	False				
BMP4	up	1.474307218	late_allcell_residual	late_allcell_DPN_vs_diabetes	False				
BMP5	up	1.320204544	late_allcell_residual	late_allcell_DPN_vs_diabetes	False				
BMP6	up	1.068949784	late_allcell_residual	late_allcell_DPN_vs_diabetes	False				
BMT2	down	-0.683080555	late_allcell_residual	late_allcell_DPN_vs_diabetes	False				
BMX	up	1.30633998	late_allcell_residual	late_allcell_DPN_vs_diabetes	False				
BNIPL	up	0.789002261	late_allcell_residual	late_allcell_DPN_vs_diabetes	False				
BOC	up	0.585764003	late_allcell_residual	late_allcell_DPN_vs_diabetes	False				
BOD1L1	down	-0.742777498	late_allcell_residual	late_allcell_DPN_vs_diabetes	False				
BOK	up	0.889529358	late_allcell_residual	late_allcell_DPN_vs_diabetes	False				
BOLA3	down	-1.254529816	late_allcell_residual	late_allcell_DPN_vs_diabetes	False				
BPHL	up	0.780791891	late_allcell_residual	late_allcell_DPN_vs_diabetes	False				
BPIFC	up	0.678792271	late_allcell_residual	late_allcell_DPN_vs_diabetes	False				
BRAF	down	-1.051934613	late_allcell_residual	late_allcell_DPN_vs_diabetes	False				
BRAP	down	-0.709733602	late_allcell_residual	late_allcell_DPN_vs_diabetes	False				
BRCA1	up	0.669564343	late_allcell_residual	late_allcell_DPN_vs_diabetes	False				
BRD9	up	0.733702053	late_allcell_residual	late_allcell_DPN_vs_diabetes	False				
BRICD5	down	-0.68735968	late_allcell_residual	late_allcell_DPN_vs_diabetes	False				
BRINP2	down	-1.09924927	late_allcell_residual	late_allcell_DPN_vs_diabetes	False				
BRSK2	down	-0.676662751	late_allcell_residual	late_allcell_DPN_vs_diabetes	False				
BSCL2	down	-0.840278439	late_allcell_residual	late_allcell_DPN_vs_diabetes	False				
BSN	down	-0.972300394	late_allcell_residual	late_allcell_DPN_vs_diabetes	False				
BSPRY	down	-0.599455523	late_allcell_residual	late_allcell_DPN_vs_diabetes	False				
BTBD3	down	-0.63676237	late_allcell_residual	late_allcell_DPN_vs_diabetes	False				
BTC	up	0.984059902	late_allcell_residual	late_allcell_DPN_vs_diabetes	False				
BTN2A2	up	0.669788163	late_allcell_residual	late_allcell_DPN_vs_diabetes	False				
BUB1	down	-0.968241745	late_allcell_residual	late_allcell_DPN_vs_diabetes	False				
C10orf62	up	1.000000118	late_allcell_residual	late_allcell_DPN_vs_diabetes	False				
C10orf71	up	2.013047955	late_allcell_residual	late_allcell_DPN_vs_diabetes	False				
C11orf24	down	-0.636788148	late_allcell_residual	late_allcell_DPN_vs_diabetes	False				
C11orf52	up	0.701304207	late_allcell_residual	late_allcell_DPN_vs_diabetes	False				
C11orf87	down	-0.642339956	late_allcell_residual	late_allcell_DPN_vs_diabetes	False				
C11orf91	up	1.172309427	late_allcell_residual	late_allcell_DPN_vs_diabetes	False				
C12orf57	down	-0.955100531	late_allcell_residual	late_allcell_DPN_vs_diabetes	False				
C12orf60	down	-0.856013064	late_allcell_residual	late_allcell_DPN_vs_diabetes	False				
C12orf74	up	1.080856959	late_allcell_residual	late_allcell_DPN_vs_diabetes	False				
C14orf132	down	-0.599462494	late_allcell_residual	late_allcell_DPN_vs_diabetes	False				
C14orf180	up	1.388718048	late_allcell_residual	late_allcell_DPN_vs_diabetes	False				
C14orf28	down	-1.298139508	late_allcell_residual	late_allcell_DPN_vs_diabetes	False				
C14orf39	down	-1.232211075	late_allcell_residual	late_allcell_DPN_vs_diabetes	False				
C15orf61	down	-0.77186697	late_allcell_residual	late_allcell_DPN_vs_diabetes	False				
C17orf107	up	1.170716229	late_allcell_residual	late_allcell_DPN_vs_diabetes	False				
C17orf97	up	0.649778158	late_allcell_residual	late_allcell_DPN_vs_diabetes	False				
C19orf33	down	-0.895753728	late_allcell_residual	late_allcell_DPN_vs_diabetes	False				
C19orf57	up	1.097075479	late_allcell_residual	late_allcell_DPN_vs_diabetes	False				
C1GALT1C1	down	-0.669231966	late_allcell_residual	late_allcell_DPN_vs_diabetes	False				
C1QB	down	-0.66036818	late_allcell_residual	late_allcell_DPN_vs_diabetes	False				
C1QBP	down	-1.153508126	late_allcell_residual	late_allcell_DPN_vs_diabetes	False				
C1QC	down	-0.642222371	late_allcell_residual	late_allcell_DPN_vs_diabetes	False				
C1QTNF6	up	0.869172803	late_allcell_residual	late_allcell_DPN_vs_diabetes	False				
C1QTNF7	up	0.924899275	late_allcell_residual	late_allcell_DPN_vs_diabetes	False				
C1orf162	down	-0.644215842	late_allcell_residual	late_allcell_DPN_vs_diabetes	False				
C1orf53	down	-0.636762557	late_allcell_residual	late_allcell_DPN_vs_diabetes	False				
C20orf204	up	0.793905432	late_allcell_residual	late_allcell_DPN_vs_diabetes	False				
C2orf81	up	0.642401851	late_allcell_residual	late_allcell_DPN_vs_diabetes	False				
C2orf83	up	1.847234469	late_allcell_residual	late_allcell_DPN_vs_diabetes	False				
C3	down	-0.908995676	late_allcell_residual	late_allcell_DPN_vs_diabetes	False				
C3orf14	down	-0.60400929	late_allcell_residual	late_allcell_DPN_vs_diabetes	False				
C3orf80	down	-1.168084744	late_allcell_residual	late_allcell_DPN_vs_diabetes	False				
C4B	down	-1.829625085	late_allcell_residual	late_allcell_DPN_vs_diabetes	False				
C4orf19	down	-0.876675282	late_allcell_residual	late_allcell_DPN_vs_diabetes	False				
C4orf46	down	-0.96556152	late_allcell_residual	late_allcell_DPN_vs_diabetes	False				
C4orf48	down	-0.797933684	late_allcell_residual	late_allcell_DPN_vs_diabetes	False				
C5AR1	up	0.692664774	late_allcell_residual	late_allcell_DPN_vs_diabetes	False				
C6	up	1.909544083	late_allcell_residual	late_allcell_DPN_vs_diabetes	False				
C6orf132	up	1.281293623	late_allcell_residual	late_allcell_DPN_vs_diabetes	False				
C6orf141	up	1.435970827	late_allcell_residual	late_allcell_DPN_vs_diabetes	False				
C6orf223	down	-1.255695903	late_allcell_residual	late_allcell_DPN_vs_diabetes	False				
C7	down	-0.612229114	late_allcell_residual	late_allcell_DPN_vs_diabetes	False				
C8orf34	down	-1.957084496	late_allcell_residual	late_allcell_DPN_vs_diabetes	False				
C8orf88	up	1.076474308	late_allcell_residual	late_allcell_DPN_vs_diabetes	False				
C9orf72	down	-1.041855507	late_allcell_residual	late_allcell_DPN_vs_diabetes	False				
CA10	down	-0.97484918	late_allcell_residual	late_allcell_DPN_vs_diabetes	False				
CA2	down	-1.219988285	late_allcell_residual	late_allcell_DPN_vs_diabetes	False				
CABYR	down	-0.83224001	late_allcell_residual	late_allcell_DPN_vs_diabetes	False				
CACHD1	up	0.767175232	late_allcell_residual	late_allcell_DPN_vs_diabetes	False				
CACNA1B	down	-0.68975898	late_allcell_residual	late_allcell_DPN_vs_diabetes	False				
CACNA1D	down	-1.067997101	late_allcell_residual	late_allcell_DPN_vs_diabetes	False				
CACNA1E	down	-0.593245843	late_allcell_residual	late_allcell_DPN_vs_diabetes	False				
CACNA1H	up	0.902280649	late_allcell_residual	late_allcell_DPN_vs_diabetes	False				
CACNA2D2	down	-0.777818096	late_allcell_residual	late_allcell_DPN_vs_diabetes	False				
CACNA2D3	down	-1.211954334	late_allcell_residual	late_allcell_DPN_vs_diabetes	False				
CACNB2	down	-1.220348506	late_allcell_residual	late_allcell_DPN_vs_diabetes	False				
CACNG2	down	-0.598590662	late_allcell_residual	late_allcell_DPN_vs_diabetes	False				
CACNG3	down	-1.073210958	late_allcell_residual	late_allcell_DPN_vs_diabetes	False				
CACNG4	down	-0.810162073	late_allcell_residual	late_allcell_DPN_vs_diabetes	False				
CACNG7	down	-0.788157527	late_allcell_residual	late_allcell_DPN_vs_diabetes	False				
CADM2	down	-1.086983345	late_allcell_residual	late_allcell_DPN_vs_diabetes	False				
CADM3	down	-0.707885249	late_allcell_residual	late_allcell_DPN_vs_diabetes	False				
CADPS	down	-0.902252493	late_allcell_residual	late_allcell_DPN_vs_diabetes	False				
CALCA	down	-0.894061502	late_allcell_residual	late_allcell_DPN_vs_diabetes	False				
CALCB	down	-0.969905143	late_allcell_residual	late_allcell_DPN_vs_diabetes	False				
CALHM6	down	-0.80438177	late_allcell_residual	late_allcell_DPN_vs_diabetes	False				
CALML6	up	0.64909856	late_allcell_residual	late_allcell_DPN_vs_diabetes	False				
CALY	down	-0.633520438	late_allcell_residual	late_allcell_DPN_vs_diabetes	False				
CAMK2A	down	-0.773951396	late_allcell_residual	late_allcell_DPN_vs_diabetes	False				
CAMK2N2	down	-0.865389817	late_allcell_residual	late_allcell_DPN_vs_diabetes	False				
CAMLG	down	-0.702641728	late_allcell_residual	late_allcell_DPN_vs_diabetes	False				
CAMSAP2	down	-0.707130349	late_allcell_residual	late_allcell_DPN_vs_diabetes	False				
CAMSAP3	down	-0.882824256	late_allcell_residual	late_allcell_DPN_vs_diabetes	False				
CAMTA2	up	0.652314451	late_allcell_residual	late_allcell_DPN_vs_diabetes	False				
CAND1	down	-0.817774164	late_allcell_residual	late_allcell_DPN_vs_diabetes	False				
CANX	down	-0.646320714	late_allcell_residual	late_allcell_DPN_vs_diabetes	False				
CAP1	down	-1.651023817	late_allcell_residual	late_allcell_DPN_vs_diabetes	False				
CAPN13	down	-0.794794567	late_allcell_residual	late_allcell_DPN_vs_diabetes	False				
CAPN15	up	0.832902899	late_allcell_residual	late_allcell_DPN_vs_diabetes	False				
CAPN2	up	0.613126736	late_allcell_residual	late_allcell_DPN_vs_diabetes	False				
CAPS	up	0.861230272	late_allcell_residual	late_allcell_DPN_vs_diabetes	False				
CARMIL3	down	-0.586159584	late_allcell_residual	late_allcell_DPN_vs_diabetes	False				
CASP3	down	-0.631344008	late_allcell_residual	late_allcell_DPN_vs_diabetes	False				
CASP9	up	0.793413979	late_allcell_residual	late_allcell_DPN_vs_diabetes	False				
CBFA2T3	up	0.884208726	late_allcell_residual	late_allcell_DPN_vs_diabetes	False				
CBLB	up	1.074728038	late_allcell_residual	late_allcell_DPN_vs_diabetes	False				
CBLN2	down	-1.789306413	late_allcell_residual	late_allcell_DPN_vs_diabetes	False				
CBLN3	up	0.758275123	late_allcell_residual	late_allcell_DPN_vs_diabetes	False				
CBLN4	down	-1.404766273	late_allcell_residual	late_allcell_DPN_vs_diabetes	False				
CBX3	down	-1.242911328	late_allcell_residual	late_allcell_DPN_vs_diabetes	False				
CBX8	up	0.707732326	late_allcell_residual	late_allcell_DPN_vs_diabetes	False				
CC2D1A	up	0.719005273	late_allcell_residual	late_allcell_DPN_vs_diabetes	False				
CC2D2B	down	-0.66347614	late_allcell_residual	late_allcell_DPN_vs_diabetes	False				
CCAR1	down	-0.951806762	late_allcell_residual	late_allcell_DPN_vs_diabetes	False				
CCBE1	up	1.215650988	late_allcell_residual	late_allcell_DPN_vs_diabetes	False				
CCDC102B	up	0.844017281	late_allcell_residual	late_allcell_DPN_vs_diabetes	False				
CCDC126	down	-0.868218291	late_allcell_residual	late_allcell_DPN_vs_diabetes	False				
CCDC13	up	0.747245347	late_allcell_residual	late_allcell_DPN_vs_diabetes	False				
CCDC14	down	-0.71429168	late_allcell_residual	late_allcell_DPN_vs_diabetes	False				
CCDC141	up	1.187578486	late_allcell_residual	late_allcell_DPN_vs_diabetes	False				
CCDC142	up	1.21880774	late_allcell_residual	late_allcell_DPN_vs_diabetes	False				
CCDC151	up	0.662067833	late_allcell_residual	late_allcell_DPN_vs_diabetes	False				
CCDC160	down	-0.703190085	late_allcell_residual	late_allcell_DPN_vs_diabetes	False				
CCDC163	up	1.263754405	late_allcell_residual	late_allcell_DPN_vs_diabetes	False				
CCDC177	down	-0.716130185	late_allcell_residual	late_allcell_DPN_vs_diabetes	False				
CCDC194	up	0.781034516	late_allcell_residual	late_allcell_DPN_vs_diabetes	False				
CCDC47	down	-0.643121116	late_allcell_residual	late_allcell_DPN_vs_diabetes	False				
CCDC69	up	0.822590763	late_allcell_residual	late_allcell_DPN_vs_diabetes	False				
CCDC78	up	1.033119554	late_allcell_residual	late_allcell_DPN_vs_diabetes	False				
CCDC88C	up	1.107450317	late_allcell_residual	late_allcell_DPN_vs_diabetes	False				
CCDC89	up	0.640502298	late_allcell_residual	late_allcell_DPN_vs_diabetes	False				
CCDC9	up	0.728146764	late_allcell_residual	late_allcell_DPN_vs_diabetes	False				
CCHCR1	up	0.645330631	late_allcell_residual	late_allcell_DPN_vs_diabetes	False				
CCIN	up	0.615082934	late_allcell_residual	late_allcell_DPN_vs_diabetes	False				
CCKAR	down	-0.952652362	late_allcell_residual	late_allcell_DPN_vs_diabetes	False				
CCL13	down	-0.6486812	late_allcell_residual	late_allcell_DPN_vs_diabetes	False				
CCL16	up	1.736229635	late_allcell_residual	late_allcell_DPN_vs_diabetes	False				
CCL2	down	-0.746666594	late_allcell_residual	late_allcell_DPN_vs_diabetes	False				
CCM2L	up	0.932600708	late_allcell_residual	late_allcell_DPN_vs_diabetes	False				
CCN1	down	-0.744525286	late_allcell_residual	late_allcell_DPN_vs_diabetes	False				
CCN3	down	-0.625988161	late_allcell_residual	late_allcell_DPN_vs_diabetes	False				
CCN5	up	1.442001491	late_allcell_residual	late_allcell_DPN_vs_diabetes	False				
CCNA1	down	-0.896742672	late_allcell_residual	late_allcell_DPN_vs_diabetes	False				
CCNB1	down	-0.646497528	late_allcell_residual	late_allcell_DPN_vs_diabetes	False				
CCNQ	down	-0.614912893	late_allcell_residual	late_allcell_DPN_vs_diabetes	False				
CCR6	down	-1.068436481	late_allcell_residual	late_allcell_DPN_vs_diabetes	False				
CCSER2	down	-0.661180129	late_allcell_residual	late_allcell_DPN_vs_diabetes	False				
CCT2	down	-0.59755298	late_allcell_residual	late_allcell_DPN_vs_diabetes	False				
CCZ1	down	-1.856946881	late_allcell_residual	late_allcell_DPN_vs_diabetes	False				
CD14	down	-0.856233684	late_allcell_residual	late_allcell_DPN_vs_diabetes	False				
CD1D	down	-0.626208421	late_allcell_residual	late_allcell_DPN_vs_diabetes	False				
CD209	up	1.687050805	late_allcell_residual	late_allcell_DPN_vs_diabetes	False				
CD248	up	1.08159507	late_allcell_residual	late_allcell_DPN_vs_diabetes	False				
CD302	down	-0.660102555	late_allcell_residual	late_allcell_DPN_vs_diabetes	False				
CD36	up	1.504417125	late_allcell_residual	late_allcell_DPN_vs_diabetes	False				
CD4	down	-0.604001027	late_allcell_residual	late_allcell_DPN_vs_diabetes	False				
CD47	down	-0.902837254	late_allcell_residual	late_allcell_DPN_vs_diabetes	False				
CD58	down	-0.808040129	late_allcell_residual	late_allcell_DPN_vs_diabetes	False				
CD81	down	-1.28436682	late_allcell_residual	late_allcell_DPN_vs_diabetes	False				
CD83	up	1.699903202	late_allcell_residual	late_allcell_DPN_vs_diabetes	False				
CD93	up	1.101608287	late_allcell_residual	late_allcell_DPN_vs_diabetes	False				
CDAN1	up	0.621133439	late_allcell_residual	late_allcell_DPN_vs_diabetes	False				
CDC27	down	-0.872893135	late_allcell_residual	late_allcell_DPN_vs_diabetes	False				
CDC42BPA	down	-0.593500484	late_allcell_residual	late_allcell_DPN_vs_diabetes	False				
CDC42EP1	up	0.805577663	late_allcell_residual	late_allcell_DPN_vs_diabetes	False				
CDC7	down	-0.629700161	late_allcell_residual	late_allcell_DPN_vs_diabetes	False				
CDH10	down	-0.98773407	late_allcell_residual	late_allcell_DPN_vs_diabetes	False				
CDH11	down	-0.661444767	late_allcell_residual	late_allcell_DPN_vs_diabetes	False				
CDH18	down	-1.095514417	late_allcell_residual	late_allcell_DPN_vs_diabetes	False				
CDH2	down	-0.961961727	late_allcell_residual	late_allcell_DPN_vs_diabetes	False				
CDH20	down	-0.69021424	late_allcell_residual	late_allcell_DPN_vs_diabetes	False				
CDH24	up	0.676983675	late_allcell_residual	late_allcell_DPN_vs_diabetes	False				
CDH4	down	-1.703183602	late_allcell_residual	late_allcell_DPN_vs_diabetes	False				
CDH7	down	-0.736943474	late_allcell_residual	late_allcell_DPN_vs_diabetes	False				
CDH8	down	-0.660967851	late_allcell_residual	late_allcell_DPN_vs_diabetes	False				
CDH9	up	0.646685672	late_allcell_residual	late_allcell_DPN_vs_diabetes	False				
CDK3	up	0.704108479	late_allcell_residual	late_allcell_DPN_vs_diabetes	False				
CDK5R2	down	-0.664647394	late_allcell_residual	late_allcell_DPN_vs_diabetes	False				
CDKL2	down	-0.635295627	late_allcell_residual	late_allcell_DPN_vs_diabetes	False				
CDKN2AIPNL	down	-0.745524824	late_allcell_residual	late_allcell_DPN_vs_diabetes	False				
CDKN2B	up	1.431229404	late_allcell_residual	late_allcell_DPN_vs_diabetes	False				
CDKN2D	down	-0.648757828	late_allcell_residual	late_allcell_DPN_vs_diabetes	False				
CDKN3	down	-1.130144026	late_allcell_residual	late_allcell_DPN_vs_diabetes	False				
CDS1	down	-0.720174391	late_allcell_residual	late_allcell_DPN_vs_diabetes	False				
CDT1	up	0.630480325	late_allcell_residual	late_allcell_DPN_vs_diabetes	False				
CEACAM21	down	-0.646277926	late_allcell_residual	late_allcell_DPN_vs_diabetes	False				
CEBPA	up	0.748299477	late_allcell_residual	late_allcell_DPN_vs_diabetes	False				
CEL	up	0.770084703	late_allcell_residual	late_allcell_DPN_vs_diabetes	False				
CELF6	up	0.902814996	late_allcell_residual	late_allcell_DPN_vs_diabetes	False				
CEMIP	down	-1.121415135	late_allcell_residual	late_allcell_DPN_vs_diabetes	False				
CEMIP2	up	0.650099018	late_allcell_residual	late_allcell_DPN_vs_diabetes	False				
CEND1	down	-0.759581855	late_allcell_residual	late_allcell_DPN_vs_diabetes	False				
CENPP	up	0.665729985	late_allcell_residual	late_allcell_DPN_vs_diabetes	False				
CEP131	up	0.798963024	late_allcell_residual	late_allcell_DPN_vs_diabetes	False				
CEP295NL	up	0.87337546	late_allcell_residual	late_allcell_DPN_vs_diabetes	False				
CERCAM	up	0.635850345	late_allcell_residual	late_allcell_DPN_vs_diabetes	False				
CFAP210	down	-0.718894761	late_allcell_residual	late_allcell_DPN_vs_diabetes	False				
CFAP61	up	0.80884193	late_allcell_residual	late_allcell_DPN_vs_diabetes	False				
CFB	down	-0.814056136	late_allcell_residual	late_allcell_DPN_vs_diabetes	False				
CFD	up	1.339404304	late_allcell_residual	late_allcell_DPN_vs_diabetes	False				
CGNL1	up	1.192845747	late_allcell_residual	late_allcell_DPN_vs_diabetes	False				
CHADL	down	-0.696129786	late_allcell_residual	late_allcell_DPN_vs_diabetes	False				
CHAF1A	up	0.614769154	late_allcell_residual	late_allcell_DPN_vs_diabetes	False				
CHCHD10	down	-0.82672821	late_allcell_residual	late_allcell_DPN_vs_diabetes	False				
CHGB	down	-0.887996328	late_allcell_residual	late_allcell_DPN_vs_diabetes	False				
CHI3L1	down	-0.983949795	late_allcell_residual	late_allcell_DPN_vs_diabetes	False				
CHMP6	up	0.746584528	late_allcell_residual	late_allcell_DPN_vs_diabetes	False				
CHPF	down	-0.720029159	late_allcell_residual	late_allcell_DPN_vs_diabetes	False				
CHRD	up	1.196181154	late_allcell_residual	late_allcell_DPN_vs_diabetes	False				
CHRNA3	down	-0.64362257	late_allcell_residual	late_allcell_DPN_vs_diabetes	False				
CHRNA6	down	-0.717450631	late_allcell_residual	late_allcell_DPN_vs_diabetes	False				
CHRNA7	down	-1.135607487	late_allcell_residual	late_allcell_DPN_vs_diabetes	False				
CHRNB2	down	-0.701202616	late_allcell_residual	late_allcell_DPN_vs_diabetes	False				
CHRNB3	down	-0.757951762	late_allcell_residual	late_allcell_DPN_vs_diabetes	False				
CHST3	up	0.851298646	late_allcell_residual	late_allcell_DPN_vs_diabetes	False				
CHST8	down	-0.908199569	late_allcell_residual	late_allcell_DPN_vs_diabetes	False				
CHST9	down	-0.989339864	late_allcell_residual	late_allcell_DPN_vs_diabetes	False				
CIDEA	up	2.614999135	late_allcell_residual	late_allcell_DPN_vs_diabetes	False				
CIDEC	up	2.728786584	late_allcell_residual	late_allcell_DPN_vs_diabetes	False				
CIITA	up	0.885289978	late_allcell_residual	late_allcell_DPN_vs_diabetes	False				
CISH	up	0.993796536	late_allcell_residual	late_allcell_DPN_vs_diabetes	False				
CITED2	down	-0.720537558	late_allcell_residual	late_allcell_DPN_vs_diabetes	False				
CKS2	down	-1.302112979	late_allcell_residual	late_allcell_DPN_vs_diabetes	False				
CLCF1	up	1.469845216	late_allcell_residual	late_allcell_DPN_vs_diabetes	False				
CLCN3	down	-0.659788678	late_allcell_residual	late_allcell_DPN_vs_diabetes	False				
CLCN4	down	-0.609669353	late_allcell_residual	late_allcell_DPN_vs_diabetes	False				
CLDN1	down	-1.350753052	late_allcell_residual	late_allcell_DPN_vs_diabetes	False				
CLDN12	down	-0.951408795	late_allcell_residual	late_allcell_DPN_vs_diabetes	False				
CLDN23	up	0.666037947	late_allcell_residual	late_allcell_DPN_vs_diabetes	False				
CLDN3	down	-0.664155654	late_allcell_residual	late_allcell_DPN_vs_diabetes	False				
CLEC10A	up	1.494508044	late_allcell_residual	late_allcell_DPN_vs_diabetes	False				
CLEC12A	down	-2.019799767	late_allcell_residual	late_allcell_DPN_vs_diabetes	False				
CLEC2L	down	-0.935724744	late_allcell_residual	late_allcell_DPN_vs_diabetes	False				
CLEC4G	up	2.280231524	late_allcell_residual	late_allcell_DPN_vs_diabetes	False				
CLEC7A	down	-0.654459697	late_allcell_residual	late_allcell_DPN_vs_diabetes	False				
CLECL1	down	-1.430532318	late_allcell_residual	late_allcell_DPN_vs_diabetes	False				
CLGN	down	-1.091941268	late_allcell_residual	late_allcell_DPN_vs_diabetes	False				
CLIC6	up	1.321281779	late_allcell_residual	late_allcell_DPN_vs_diabetes	False				
CLIP3	down	-0.600009246	late_allcell_residual	late_allcell_DPN_vs_diabetes	False				
CLK1	down	-0.697108203	late_allcell_residual	late_allcell_DPN_vs_diabetes	False				
CLMP	up	0.666724328	late_allcell_residual	late_allcell_DPN_vs_diabetes	False				
CLNS1A	down	-0.874965702	late_allcell_residual	late_allcell_DPN_vs_diabetes	False				
CLTA	down	-0.746396793	late_allcell_residual	late_allcell_DPN_vs_diabetes	False				
CLTC	down	-1.052717939	late_allcell_residual	late_allcell_DPN_vs_diabetes	False				
CLUL1	down	-0.738824493	late_allcell_residual	late_allcell_DPN_vs_diabetes	False				
CMC2	down	-0.62168077	late_allcell_residual	late_allcell_DPN_vs_diabetes	False				
CMPK2	down	-1.532665742	late_allcell_residual	late_allcell_DPN_vs_diabetes	False				
CMTM6	down	-0.789416833	late_allcell_residual	late_allcell_DPN_vs_diabetes	False				
CMTR2	down	-1.139107068	late_allcell_residual	late_allcell_DPN_vs_diabetes	False				
CMYA5	down	-0.734686772	late_allcell_residual	late_allcell_DPN_vs_diabetes	False				
CNBD1	down	-1.291483217	late_allcell_residual	late_allcell_DPN_vs_diabetes	False				
CNDP1	down	-1.463842699	late_allcell_residual	late_allcell_DPN_vs_diabetes	False				
CNEP1R1	down	-0.885089657	late_allcell_residual	late_allcell_DPN_vs_diabetes	False				
CNFN	down	-0.759039357	late_allcell_residual	late_allcell_DPN_vs_diabetes	False				
CNIH1	down	-1.004643014	late_allcell_residual	late_allcell_DPN_vs_diabetes	False				
CNIH3	up	0.879667206	late_allcell_residual	late_allcell_DPN_vs_diabetes	False				
CNKSR1	up	0.631705547	late_allcell_residual	late_allcell_DPN_vs_diabetes	False				
CNMD	down	-1.447319088	late_allcell_residual	late_allcell_DPN_vs_diabetes	False				
CNN1	up	1.117593501	late_allcell_residual	late_allcell_DPN_vs_diabetes	False				
CNNM1	down	-0.7236088	late_allcell_residual	late_allcell_DPN_vs_diabetes	False				
CNOT7	down	-0.591295167	late_allcell_residual	late_allcell_DPN_vs_diabetes	False				
CNR1	up	1.709351482	late_allcell_residual	late_allcell_DPN_vs_diabetes	False				
CNTN1	down	-0.857481764	late_allcell_residual	late_allcell_DPN_vs_diabetes	False				
CNTN2	down	-1.022900136	late_allcell_residual	late_allcell_DPN_vs_diabetes	False				
CNTN3	up	0.929586759	late_allcell_residual	late_allcell_DPN_vs_diabetes	False				
CNTN5	down	-0.94361349	late_allcell_residual	late_allcell_DPN_vs_diabetes	False				
CNTN6	down	-1.72301051	late_allcell_residual	late_allcell_DPN_vs_diabetes	False				
CNTNAP2	down	-0.636012283	late_allcell_residual	late_allcell_DPN_vs_diabetes	False				
CNTNAP3B	down	-1.062699737	late_allcell_residual	late_allcell_DPN_vs_diabetes	False				
CNTNAP5	down	-0.802556967	late_allcell_residual	late_allcell_DPN_vs_diabetes	False				
COL11A1	down	-0.661590779	late_allcell_residual	late_allcell_DPN_vs_diabetes	False				
COL1A1	up	0.730799815	late_allcell_residual	late_allcell_DPN_vs_diabetes	False				
COL21A1	up	0.803961238	late_allcell_residual	late_allcell_DPN_vs_diabetes	False				
COL22A1	down	-0.6922049	late_allcell_residual	late_allcell_DPN_vs_diabetes	False				
COL24A1	up	0.818520086	late_allcell_residual	late_allcell_DPN_vs_diabetes	False				
COL25A1	down	-1.231957287	late_allcell_residual	late_allcell_DPN_vs_diabetes	False				
COL26A1	down	-0.739001575	late_allcell_residual	late_allcell_DPN_vs_diabetes	False				
COL28A1	down	-1.094362019	late_allcell_residual	late_allcell_DPN_vs_diabetes	False				
COL3A1	up	0.818395744	late_allcell_residual	late_allcell_DPN_vs_diabetes	False				
COL4A3	up	0.620297939	late_allcell_residual	late_allcell_DPN_vs_diabetes	False				
COL4A4	up	0.834549495	late_allcell_residual	late_allcell_DPN_vs_diabetes	False				
COL5A1	up	0.890630181	late_allcell_residual	late_allcell_DPN_vs_diabetes	False				
COL6A1	up	0.790264858	late_allcell_residual	late_allcell_DPN_vs_diabetes	False				
COL6A2	up	0.689028171	late_allcell_residual	late_allcell_DPN_vs_diabetes	False				
COL6A3	up	1.739563392	late_allcell_residual	late_allcell_DPN_vs_diabetes	False				
COL6A6	down	-1.213177381	late_allcell_residual	late_allcell_DPN_vs_diabetes	False				
COL7A1	up	1.268573213	late_allcell_residual	late_allcell_DPN_vs_diabetes	False				
COL9A1	down	-0.746432779	late_allcell_residual	late_allcell_DPN_vs_diabetes	False				
COLGALT1	up	0.813632381	late_allcell_residual	late_allcell_DPN_vs_diabetes	False				
COMMD10	up	0.639218213	late_allcell_residual	late_allcell_DPN_vs_diabetes	False				
COMMD6	down	-0.928133012	late_allcell_residual	late_allcell_DPN_vs_diabetes	False				
COMMD8	down	-0.994296406	late_allcell_residual	late_allcell_DPN_vs_diabetes	False				
COPRS	down	-0.630957412	late_allcell_residual	late_allcell_DPN_vs_diabetes	False				
COPS4	down	-0.595037209	late_allcell_residual	late_allcell_DPN_vs_diabetes	False				
COPS9	down	-0.828783352	late_allcell_residual	late_allcell_DPN_vs_diabetes	False				
COQ10B	down	-0.959253166	late_allcell_residual	late_allcell_DPN_vs_diabetes	False				
COQ2	down	-0.828465943	late_allcell_residual	late_allcell_DPN_vs_diabetes	False				
COQ8A	up	0.681397713	late_allcell_residual	late_allcell_DPN_vs_diabetes	False				
CORO2B	down	-0.680601769	late_allcell_residual	late_allcell_DPN_vs_diabetes	False				
COX5B	down	-0.644314635	late_allcell_residual	late_allcell_DPN_vs_diabetes	False				
COX6A1	down	-0.895358095	late_allcell_residual	late_allcell_DPN_vs_diabetes	False				
COX6C	down	-0.779462883	late_allcell_residual	late_allcell_DPN_vs_diabetes	False				
COX7B	down	-0.752589294	late_allcell_residual	late_allcell_DPN_vs_diabetes	False				
COX7C	down	-0.996836744	late_allcell_residual	late_allcell_DPN_vs_diabetes	False				
CP	up	0.948721878	late_allcell_residual	late_allcell_DPN_vs_diabetes	False				
CPAMD8	down	-0.737310218	late_allcell_residual	late_allcell_DPN_vs_diabetes	False				
CPD	down	-1.165248689	late_allcell_residual	late_allcell_DPN_vs_diabetes	False				
CPLX2	down	-0.605066584	late_allcell_residual	late_allcell_DPN_vs_diabetes	False				
CPNE4	down	-0.87733536	late_allcell_residual	late_allcell_DPN_vs_diabetes	False				
CPNE5	down	-1.38559596	late_allcell_residual	late_allcell_DPN_vs_diabetes	False				
CPNE6	down	-1.047803475	late_allcell_residual	late_allcell_DPN_vs_diabetes	False				
CPNE9	down	-0.900914761	late_allcell_residual	late_allcell_DPN_vs_diabetes	False				
CRACR2A	up	0.619105629	late_allcell_residual	late_allcell_DPN_vs_diabetes	False				
CRACR2B	up	1.24227914	late_allcell_residual	late_allcell_DPN_vs_diabetes	False				
CREB5	up	0.904446579	late_allcell_residual	late_allcell_DPN_vs_diabetes	False				
CRHR1	up	0.616623559	late_allcell_residual	late_allcell_DPN_vs_diabetes	False				
CRISPLD1	down	-0.852382752	late_allcell_residual	late_allcell_DPN_vs_diabetes	False				
CRISPLD2	up	0.859775558	late_allcell_residual	late_allcell_DPN_vs_diabetes	False				
CRLF1	up	0.996096676	late_allcell_residual	late_allcell_DPN_vs_diabetes	False				
CROCC	up	0.690833844	late_allcell_residual	late_allcell_DPN_vs_diabetes	False				
CROCC2	up	3.010713746	late_allcell_residual	late_allcell_DPN_vs_diabetes	False				
CRTAC1	down	-0.606539859	late_allcell_residual	late_allcell_DPN_vs_diabetes	False				
CRYBB3	up	0.751363618	late_allcell_residual	late_allcell_DPN_vs_diabetes	False				
CRYM	up	0.666281824	late_allcell_residual	late_allcell_DPN_vs_diabetes	False				
CRYZL1	up	0.743016341	late_allcell_residual	late_allcell_DPN_vs_diabetes	False				
CSAD	up	0.73913512	late_allcell_residual	late_allcell_DPN_vs_diabetes	False				
CSF2RB	up	1.118538818	late_allcell_residual	late_allcell_DPN_vs_diabetes	False				
CSKMT	up	0.724370005	late_allcell_residual	late_allcell_DPN_vs_diabetes	False				
CSMD1	down	-0.751728089	late_allcell_residual	late_allcell_DPN_vs_diabetes	False				
CSNK1E	up	0.62251153	late_allcell_residual	late_allcell_DPN_vs_diabetes	False				
CSPG4	up	0.842239575	late_allcell_residual	late_allcell_DPN_vs_diabetes	False				
CSPG5	down	-1.700135024	late_allcell_residual	late_allcell_DPN_vs_diabetes	False				
CSRNP1	up	0.660378015	late_allcell_residual	late_allcell_DPN_vs_diabetes	False				
CST5	down	-0.866217319	late_allcell_residual	late_allcell_DPN_vs_diabetes	False				
CTLA4	up	1.021634198	late_allcell_residual	late_allcell_DPN_vs_diabetes	False				
CTNNA2	down	-0.715180313	late_allcell_residual	late_allcell_DPN_vs_diabetes	False				
CTNNB1	down	-0.680802265	late_allcell_residual	late_allcell_DPN_vs_diabetes	False				
CTNND2	down	-1.013895925	late_allcell_residual	late_allcell_DPN_vs_diabetes	False				
CTSD	down	-0.627853565	late_allcell_residual	late_allcell_DPN_vs_diabetes	False				
CTSO	down	-0.934008232	late_allcell_residual	late_allcell_DPN_vs_diabetes	False				
CTSV	down	-0.77836347	late_allcell_residual	late_allcell_DPN_vs_diabetes	False				
CTTN	up	0.672564227	late_allcell_residual	late_allcell_DPN_vs_diabetes	False				
CTXN2	down	-0.779407544	late_allcell_residual	late_allcell_DPN_vs_diabetes	False				
CUTA	down	-0.642460499	late_allcell_residual	late_allcell_DPN_vs_diabetes	False				
CX3CL1	up	0.844292786	late_allcell_residual	late_allcell_DPN_vs_diabetes	False				
CX3CR1	down	-1.769164172	late_allcell_residual	late_allcell_DPN_vs_diabetes	False				
CXADR	down	-1.611398588	late_allcell_residual	late_allcell_DPN_vs_diabetes	False				
CXCL12	up	1.286433047	late_allcell_residual	late_allcell_DPN_vs_diabetes	False				
CXCL13	down	-1.913285124	late_allcell_residual	late_allcell_DPN_vs_diabetes	False				
CXCL2	up	1.125609133	late_allcell_residual	late_allcell_DPN_vs_diabetes	False				
CXXC5	up	0.606110319	late_allcell_residual	late_allcell_DPN_vs_diabetes	False				
CYB5A	up	0.787965631	late_allcell_residual	late_allcell_DPN_vs_diabetes	False				
CYB5R1	down	-0.71599317	late_allcell_residual	late_allcell_DPN_vs_diabetes	False				
CYB5R2	up	0.796811101	late_allcell_residual	late_allcell_DPN_vs_diabetes	False				
CYBRD1	down	-0.938630556	late_allcell_residual	late_allcell_DPN_vs_diabetes	False				
CYCS	down	-0.770364752	late_allcell_residual	late_allcell_DPN_vs_diabetes	False				
CYFIP2	down	-0.646894642	late_allcell_residual	late_allcell_DPN_vs_diabetes	False				
CYGB	up	0.738086984	late_allcell_residual	late_allcell_DPN_vs_diabetes	False				
CYP26B1	up	1.124702766	late_allcell_residual	late_allcell_DPN_vs_diabetes	False				
CYP27C1	down	-1.05996105	late_allcell_residual	late_allcell_DPN_vs_diabetes	False				
CYP2J2	down	-0.596188231	late_allcell_residual	late_allcell_DPN_vs_diabetes	False				
CYP2U1	down	-0.653087522	late_allcell_residual	late_allcell_DPN_vs_diabetes	False				
CYP3A5	down	-0.711310089	late_allcell_residual	late_allcell_DPN_vs_diabetes	False				
CYSLTR2	down	-0.636132059	late_allcell_residual	late_allcell_DPN_vs_diabetes	False				
CYTH4	up	0.846239786	late_allcell_residual	late_allcell_DPN_vs_diabetes	False				
DACH1	up	0.939546039	late_allcell_residual	late_allcell_DPN_vs_diabetes	False				
DAD1	down	-0.734152183	late_allcell_residual	late_allcell_DPN_vs_diabetes	False				
DAPK2	up	0.668383191	late_allcell_residual	late_allcell_DPN_vs_diabetes	False				
DAZAP2	down	-0.893518915	late_allcell_residual	late_allcell_DPN_vs_diabetes	False				
DBNDD1	down	-0.672415338	late_allcell_residual	late_allcell_DPN_vs_diabetes	False				
DBT	down	-0.731782534	late_allcell_residual	late_allcell_DPN_vs_diabetes	False				
DCAF12L2	down	-0.598550186	late_allcell_residual	late_allcell_DPN_vs_diabetes	False				
DCAF16	down	-0.807973935	late_allcell_residual	late_allcell_DPN_vs_diabetes	False				
DCHS1	up	0.757593284	late_allcell_residual	late_allcell_DPN_vs_diabetes	False				
DCHS2	down	-1.547719734	late_allcell_residual	late_allcell_DPN_vs_diabetes	False				
DCLK3	up	0.86274816	late_allcell_residual	late_allcell_DPN_vs_diabetes	False				
DCST2	up	0.825533811	late_allcell_residual	late_allcell_DPN_vs_diabetes	False				
DCX	down	-0.863018009	late_allcell_residual	late_allcell_DPN_vs_diabetes	False				
DDAH1	down	-0.793656717	late_allcell_residual	late_allcell_DPN_vs_diabetes	False				
DDB2	up	0.655077793	late_allcell_residual	late_allcell_DPN_vs_diabetes	False				
DDIT3	up	0.786961379	late_allcell_residual	late_allcell_DPN_vs_diabetes	False				
DDTL	up	1.50143571	late_allcell_residual	late_allcell_DPN_vs_diabetes	False				
DDX11	up	0.708684896	late_allcell_residual	late_allcell_DPN_vs_diabetes	False				
DDX27	up	0.604501122	late_allcell_residual	late_allcell_DPN_vs_diabetes	False				
DDX39A	up	0.607168835	late_allcell_residual	late_allcell_DPN_vs_diabetes	False				
DDX3X	down	-0.802332736	late_allcell_residual	late_allcell_DPN_vs_diabetes	False				
DDX51	up	0.751078404	late_allcell_residual	late_allcell_DPN_vs_diabetes	False				
DDX60	down	-0.831976315	late_allcell_residual	late_allcell_DPN_vs_diabetes	False				
DEGS1	down	-0.994125179	late_allcell_residual	late_allcell_DPN_vs_diabetes	False				
DENND1A	up	0.660506523	late_allcell_residual	late_allcell_DPN_vs_diabetes	False				
DENND4B	up	0.601228823	late_allcell_residual	late_allcell_DPN_vs_diabetes	False				
DEPDC4	down	-0.63799465	late_allcell_residual	late_allcell_DPN_vs_diabetes	False				
DEPDC7	down	-0.704302094	late_allcell_residual	late_allcell_DPN_vs_diabetes	False				
DEPTOR	up	0.882243209	late_allcell_residual	late_allcell_DPN_vs_diabetes	False				
DES	up	1.786265924	late_allcell_residual	late_allcell_DPN_vs_diabetes	False				
DET1	down	-0.610628935	late_allcell_residual	late_allcell_DPN_vs_diabetes	False				
DGAT1	up	1.011198812	late_allcell_residual	late_allcell_DPN_vs_diabetes	False				
DGAT2	up	0.803454514	late_allcell_residual	late_allcell_DPN_vs_diabetes	False				
DGCR8	up	0.706296862	late_allcell_residual	late_allcell_DPN_vs_diabetes	False				
DGKD	up	0.60759921	late_allcell_residual	late_allcell_DPN_vs_diabetes	False				
DHCR7	down	-0.656698128	late_allcell_residual	late_allcell_DPN_vs_diabetes	False				
DHDDS	up	0.69858824	late_allcell_residual	late_allcell_DPN_vs_diabetes	False				
DHODH	up	0.755821833	late_allcell_residual	late_allcell_DPN_vs_diabetes	False				
DHPS	up	0.621881779	late_allcell_residual	late_allcell_DPN_vs_diabetes	False				
DHRSX	up	0.978344009	late_allcell_residual	late_allcell_DPN_vs_diabetes	False				
DHX34	up	0.793714388	late_allcell_residual	late_allcell_DPN_vs_diabetes	False				
DHX37	up	0.590807093	late_allcell_residual	late_allcell_DPN_vs_diabetes	False				
DIPK1A	down	-0.946276937	late_allcell_residual	late_allcell_DPN_vs_diabetes	False				
DIPK1C	down	-1.381044875	late_allcell_residual	late_allcell_DPN_vs_diabetes	False				
DIPK2A	down	-0.784766175	late_allcell_residual	late_allcell_DPN_vs_diabetes	False				
DIRAS1	down	-0.801094085	late_allcell_residual	late_allcell_DPN_vs_diabetes	False				
DIRAS2	down	-1.806399487	late_allcell_residual	late_allcell_DPN_vs_diabetes	False				
DISP1	down	-0.659294967	late_allcell_residual	late_allcell_DPN_vs_diabetes	False				
DLGAP1	down	-0.691305632	late_allcell_residual	late_allcell_DPN_vs_diabetes	False				
DLGAP2	down	-0.63359538	late_allcell_residual	late_allcell_DPN_vs_diabetes	False				
DLGAP3	down	-0.692536006	late_allcell_residual	late_allcell_DPN_vs_diabetes	False				
DLK2	down	-0.691134522	late_allcell_residual	late_allcell_DPN_vs_diabetes	False				
DLL4	up	1.240748625	late_allcell_residual	late_allcell_DPN_vs_diabetes	False				
DMRT2	up	2.021031255	late_allcell_residual	late_allcell_DPN_vs_diabetes	False				
DNAH9	up	0.915779296	late_allcell_residual	late_allcell_DPN_vs_diabetes	False				
DNAI3	down	-0.730220311	late_allcell_residual	late_allcell_DPN_vs_diabetes	False				
DNAI4	down	-0.939110996	late_allcell_residual	late_allcell_DPN_vs_diabetes	False				
DNAJA1	down	-0.722313406	late_allcell_residual	late_allcell_DPN_vs_diabetes	False				
DNAJB9	down	-0.677029231	late_allcell_residual	late_allcell_DPN_vs_diabetes	False				
DNASE1	up	0.771406325	late_allcell_residual	late_allcell_DPN_vs_diabetes	False				
DNASE1L3	up	0.889945261	late_allcell_residual	late_allcell_DPN_vs_diabetes	False				
DNER	down	-0.730772427	late_allcell_residual	late_allcell_DPN_vs_diabetes	False				
DNLZ	up	0.873098957	late_allcell_residual	late_allcell_DPN_vs_diabetes	False				
DOC2A	up	0.602568573	late_allcell_residual	late_allcell_DPN_vs_diabetes	False				
DOCK10	down	-0.790109547	late_allcell_residual	late_allcell_DPN_vs_diabetes	False				
DOCK6	up	0.931217853	late_allcell_residual	late_allcell_DPN_vs_diabetes	False				
DOK2	up	1.219765866	late_allcell_residual	late_allcell_DPN_vs_diabetes	False				
DOLK	down	-0.766202908	late_allcell_residual	late_allcell_DPN_vs_diabetes	False				
DOLPP1	down	-0.8309889	late_allcell_residual	late_allcell_DPN_vs_diabetes	False				
DPM3	down	-0.597464528	late_allcell_residual	late_allcell_DPN_vs_diabetes	False				
DPP10	down	-2.197422509	late_allcell_residual	late_allcell_DPN_vs_diabetes	False				
DPP6	down	-0.769075225	late_allcell_residual	late_allcell_DPN_vs_diabetes	False				
DPP9	up	0.611932579	late_allcell_residual	late_allcell_DPN_vs_diabetes	False				
DPT	up	3.201590249	late_allcell_residual	late_allcell_DPN_vs_diabetes	False				
DPYSL3	down	-0.76022364	late_allcell_residual	late_allcell_DPN_vs_diabetes	False				
DPYSL5	down	-0.81180028	late_allcell_residual	late_allcell_DPN_vs_diabetes	False				
DRC3	up	1.023153676	late_allcell_residual	late_allcell_DPN_vs_diabetes	False				
DRD2	up	1.388976192	late_allcell_residual	late_allcell_DPN_vs_diabetes	False				
DRD4	up	0.93179918	late_allcell_residual	late_allcell_DPN_vs_diabetes	False				
DRGX	down	-0.762216825	late_allcell_residual	late_allcell_DPN_vs_diabetes	False				
DSG2	down	-0.756907692	late_allcell_residual	late_allcell_DPN_vs_diabetes	False				
DST	down	-0.88898963	late_allcell_residual	late_allcell_DPN_vs_diabetes	False				
DTD2	down	-0.910924035	late_allcell_residual	late_allcell_DPN_vs_diabetes	False				
DTWD2	down	-1.111492264	late_allcell_residual	late_allcell_DPN_vs_diabetes	False				
DUOXA1	up	1.719503762	late_allcell_residual	late_allcell_DPN_vs_diabetes	False				
DUS4L	down	-0.598284925	late_allcell_residual	late_allcell_DPN_vs_diabetes	False				
DUSP10	up	0.694197549	late_allcell_residual	late_allcell_DPN_vs_diabetes	False				
DUSP27	up	0.983546413	late_allcell_residual	late_allcell_DPN_vs_diabetes	False				
DUSP8	up	0.657425815	late_allcell_residual	late_allcell_DPN_vs_diabetes	False				
DXO	up	0.767731138	late_allcell_residual	late_allcell_DPN_vs_diabetes	False				
DYNC2I2	up	0.701928184	late_allcell_residual	late_allcell_DPN_vs_diabetes	False				
DYNLRB1	down	-0.748520303	late_allcell_residual	late_allcell_DPN_vs_diabetes	False				
DYNLT5	up	0.866655407	late_allcell_residual	late_allcell_DPN_vs_diabetes	False				
DZIP1L	up	0.768096385	late_allcell_residual	late_allcell_DPN_vs_diabetes	False				
DZIP3	down	-0.697613665	late_allcell_residual	late_allcell_DPN_vs_diabetes	False				
EBF1	up	0.774336294	late_allcell_residual	late_allcell_DPN_vs_diabetes	False				
EBF3	up	0.797157513	late_allcell_residual	late_allcell_DPN_vs_diabetes	False				
ECE2	down	-0.991707914	late_allcell_residual	late_allcell_DPN_vs_diabetes	False				
ECEL1	down	-3.2095844	late_allcell_residual	late_allcell_DPN_vs_diabetes	False				
ECRG4	down	-1.246053964	late_allcell_residual	late_allcell_DPN_vs_diabetes	False				
ECSCR	up	0.711299422	late_allcell_residual	late_allcell_DPN_vs_diabetes	False				
EDA2R	up	0.999254085	late_allcell_residual	late_allcell_DPN_vs_diabetes	False				
EFCAB1	up	1.974045023	late_allcell_residual	late_allcell_DPN_vs_diabetes	False				
EFCAB2	up	0.668378827	late_allcell_residual	late_allcell_DPN_vs_diabetes	False				
EFCAB8	up	0.600629569	late_allcell_residual	late_allcell_DPN_vs_diabetes	False				
EGFL7	up	0.966702719	late_allcell_residual	late_allcell_DPN_vs_diabetes	False				
EGLN3	up	0.643137648	late_allcell_residual	late_allcell_DPN_vs_diabetes	False				
EGR3	up	1.66802175	late_allcell_residual	late_allcell_DPN_vs_diabetes	False				
EHBP1L1	up	0.707396638	late_allcell_residual	late_allcell_DPN_vs_diabetes	False				
EID2	down	-0.621485051	late_allcell_residual	late_allcell_DPN_vs_diabetes	False				
EID3	up	0.667923337	late_allcell_residual	late_allcell_DPN_vs_diabetes	False				
EIF1AX	down	-0.773631191	late_allcell_residual	late_allcell_DPN_vs_diabetes	False				
EIF2B3	up	0.675296053	late_allcell_residual	late_allcell_DPN_vs_diabetes	False				
EIF3M	down	-0.81270256	late_allcell_residual	late_allcell_DPN_vs_diabetes	False				
EIF4EBP3	down	-0.65272835	late_allcell_residual	late_allcell_DPN_vs_diabetes	False				
ELANE	up	1.40971812	late_allcell_residual	late_allcell_DPN_vs_diabetes	False				
ELAVL2	down	-1.002063845	late_allcell_residual	late_allcell_DPN_vs_diabetes	False				
ELAVL3	down	-0.80055136	late_allcell_residual	late_allcell_DPN_vs_diabetes	False				
ELAVL4	down	-0.812655859	late_allcell_residual	late_allcell_DPN_vs_diabetes	False				
ELL	up	0.875895917	late_allcell_residual	late_allcell_DPN_vs_diabetes	False				
ELN	up	0.942235709	late_allcell_residual	late_allcell_DPN_vs_diabetes	False				
ELOVL2	down	-1.304003573	late_allcell_residual	late_allcell_DPN_vs_diabetes	False				
ELOVL4	down	-0.912463001	late_allcell_residual	late_allcell_DPN_vs_diabetes	False				
ELOVL5	down	-0.59012578	late_allcell_residual	late_allcell_DPN_vs_diabetes	False				
ELOVL6	down	-1.240980469	late_allcell_residual	late_allcell_DPN_vs_diabetes	False				
ELOVL7	down	-0.796913376	late_allcell_residual	late_allcell_DPN_vs_diabetes	False				
EMC7	down	-0.731860134	late_allcell_residual	late_allcell_DPN_vs_diabetes	False				
EMID1	up	1.089410769	late_allcell_residual	late_allcell_DPN_vs_diabetes	False				
EMILIN2	up	0.890064421	late_allcell_residual	late_allcell_DPN_vs_diabetes	False				
ENHO	down	-1.024840849	late_allcell_residual	late_allcell_DPN_vs_diabetes	False				
ENO3	up	0.902499116	late_allcell_residual	late_allcell_DPN_vs_diabetes	False				
ENPEP	down	-1.025133744	late_allcell_residual	late_allcell_DPN_vs_diabetes	False				
ENPP2	down	-0.703655236	late_allcell_residual	late_allcell_DPN_vs_diabetes	False				
ENPP4	down	-1.102721573	late_allcell_residual	late_allcell_DPN_vs_diabetes	False				
ENPP5	down	-1.640836381	late_allcell_residual	late_allcell_DPN_vs_diabetes	False				
ENSG00000099725	up	2.079435501	late_allcell_residual	late_allcell_DPN_vs_diabetes	False				
ENSG00000135502	up	1.290573063	late_allcell_residual	late_allcell_DPN_vs_diabetes	False				
ENSG00000196312	up	1.479721965	late_allcell_residual	late_allcell_DPN_vs_diabetes	False				
ENSG00000204352	down	-0.718902086	late_allcell_residual	late_allcell_DPN_vs_diabetes	False				
ENSG00000250803	up	0.646782994	late_allcell_residual	late_allcell_DPN_vs_diabetes	False				
ENSG00000258472	up	0.710829313	late_allcell_residual	late_allcell_DPN_vs_diabetes	False				
ENSG00000274897	up	1.038643954	late_allcell_residual	late_allcell_DPN_vs_diabetes	False				
ENSG00000275464	down	-0.602606492	late_allcell_residual	late_allcell_DPN_vs_diabetes	False				
ENSG00000275993	up	2.352051349	late_allcell_residual	late_allcell_DPN_vs_diabetes	False				
ENSG00000283597	up	1.090691789	late_allcell_residual	late_allcell_DPN_vs_diabetes	False				
ENSG00000284976	up	1.306310609	late_allcell_residual	late_allcell_DPN_vs_diabetes	False				
ENSG00000285269	up	0.896959377	late_allcell_residual	late_allcell_DPN_vs_diabetes	False				
ENSG00000285566	up	0.753701501	late_allcell_residual	late_allcell_DPN_vs_diabetes	False				
ENSG00000286070	down	-0.722402099	late_allcell_residual	late_allcell_DPN_vs_diabetes	False				
ENSG00000286265	up	1.78773917	late_allcell_residual	late_allcell_DPN_vs_diabetes	False				
ENTHD1	up	1.416880152	late_allcell_residual	late_allcell_DPN_vs_diabetes	False				
EP400	up	0.587998893	late_allcell_residual	late_allcell_DPN_vs_diabetes	False				
EPB41L4B	up	1.199927428	late_allcell_residual	late_allcell_DPN_vs_diabetes	False				
EPDR1	down	-0.870239392	late_allcell_residual	late_allcell_DPN_vs_diabetes	False				
EPHA3	up	0.748179048	late_allcell_residual	late_allcell_DPN_vs_diabetes	False				
EPHA4	up	0.659308924	late_allcell_residual	late_allcell_DPN_vs_diabetes	False				
EPHA6	down	-1.148228741	late_allcell_residual	late_allcell_DPN_vs_diabetes	False				
EPHB1	down	-0.65065011	late_allcell_residual	late_allcell_DPN_vs_diabetes	False				
EPHB4	up	0.637577108	late_allcell_residual	late_allcell_DPN_vs_diabetes	False				
EPHX2	up	0.650382674	late_allcell_residual	late_allcell_DPN_vs_diabetes	False				
EPHX4	down	-0.750516981	late_allcell_residual	late_allcell_DPN_vs_diabetes	False				
EPN3	down	-1.487778295	late_allcell_residual	late_allcell_DPN_vs_diabetes	False				
EPPK1	down	-0.826318438	late_allcell_residual	late_allcell_DPN_vs_diabetes	False				
EPS8L2	up	1.317129009	late_allcell_residual	late_allcell_DPN_vs_diabetes	False				
ERBB3	down	-0.657736357	late_allcell_residual	late_allcell_DPN_vs_diabetes	False				
ERBB4	down	-1.001841719	late_allcell_residual	late_allcell_DPN_vs_diabetes	False				
ERC2	down	-0.666230498	late_allcell_residual	late_allcell_DPN_vs_diabetes	False				
ERG	up	1.131919437	late_allcell_residual	late_allcell_DPN_vs_diabetes	False				
ERG28	down	-0.932911224	late_allcell_residual	late_allcell_DPN_vs_diabetes	False				
ERGIC2	down	-0.608491976	late_allcell_residual	late_allcell_DPN_vs_diabetes	False				
ERICH2	down	-0.622864673	late_allcell_residual	late_allcell_DPN_vs_diabetes	False				
ERICH5	down	-0.641321659	late_allcell_residual	late_allcell_DPN_vs_diabetes	False				
ERMP1	down	-0.677494398	late_allcell_residual	late_allcell_DPN_vs_diabetes	False				
ERRFI1	up	0.978654839	late_allcell_residual	late_allcell_DPN_vs_diabetes	False				
ERVK3-1	down	-1.131651855	late_allcell_residual	late_allcell_DPN_vs_diabetes	False				
ESAM	up	0.921398148	late_allcell_residual	late_allcell_DPN_vs_diabetes	False				
ESR1	up	0.817323025	late_allcell_residual	late_allcell_DPN_vs_diabetes	False				
ESYT3	up	1.01372323	late_allcell_residual	late_allcell_DPN_vs_diabetes	False				
ETS2	up	0.805267088	late_allcell_residual	late_allcell_DPN_vs_diabetes	False				
ETV6	up	0.652830859	late_allcell_residual	late_allcell_DPN_vs_diabetes	False				
EVA1C	down	-0.815993816	late_allcell_residual	late_allcell_DPN_vs_diabetes	False				
EVC	up	0.734675198	late_allcell_residual	late_allcell_DPN_vs_diabetes	False				
EXOC1L	down	-1.097341494	late_allcell_residual	late_allcell_DPN_vs_diabetes	False				
EXOC7	up	0.91154796	late_allcell_residual	late_allcell_DPN_vs_diabetes	False				
EYA4	up	1.682393692	late_allcell_residual	late_allcell_DPN_vs_diabetes	False				
F11	down	-1.173988308	late_allcell_residual	late_allcell_DPN_vs_diabetes	False				
F8	down	-0.694378429	late_allcell_residual	late_allcell_DPN_vs_diabetes	False				
FABP3	down	-0.620245252	late_allcell_residual	late_allcell_DPN_vs_diabetes	False				
FABP4	up	2.419702346	late_allcell_residual	late_allcell_DPN_vs_diabetes	False				
FABP5	down	-1.006503328	late_allcell_residual	late_allcell_DPN_vs_diabetes	False				
FADS1	down	-0.890919329	late_allcell_residual	late_allcell_DPN_vs_diabetes	False				
FADS6	down	-0.790723584	late_allcell_residual	late_allcell_DPN_vs_diabetes	False				
FAIM2	down	-0.810780096	late_allcell_residual	late_allcell_DPN_vs_diabetes	False				
FAM110B	up	0.668699362	late_allcell_residual	late_allcell_DPN_vs_diabetes	False				
FAM110D	up	0.917458263	late_allcell_residual	late_allcell_DPN_vs_diabetes	False				
FAM114A1	up	0.70933694	late_allcell_residual	late_allcell_DPN_vs_diabetes	False				
FAM118A	up	1.369579301	late_allcell_residual	late_allcell_DPN_vs_diabetes	False				
FAM135A	down	-1.084258739	late_allcell_residual	late_allcell_DPN_vs_diabetes	False				
FAM135B	down	-0.843534415	late_allcell_residual	late_allcell_DPN_vs_diabetes	False				
FAM13C	up	0.756032102	late_allcell_residual	late_allcell_DPN_vs_diabetes	False				
FAM149A	down	-0.715643771	late_allcell_residual	late_allcell_DPN_vs_diabetes	False				
FAM167A	down	-2.033213915	late_allcell_residual	late_allcell_DPN_vs_diabetes	False				
FAM169A	down	-0.936793354	late_allcell_residual	late_allcell_DPN_vs_diabetes	False				
FAM169B	up	1.383241936	late_allcell_residual	late_allcell_DPN_vs_diabetes	False				
FAM20B	down	-0.596091741	late_allcell_residual	late_allcell_DPN_vs_diabetes	False				
FAM210B	down	-0.658961509	late_allcell_residual	late_allcell_DPN_vs_diabetes	False				
FAM228A	down	-0.638339758	late_allcell_residual	late_allcell_DPN_vs_diabetes	False				
FAM32A	down	-0.609406696	late_allcell_residual	late_allcell_DPN_vs_diabetes	False				
FAM3C	down	-0.598475922	late_allcell_residual	late_allcell_DPN_vs_diabetes	False				
FAM43A	up	0.706931325	late_allcell_residual	late_allcell_DPN_vs_diabetes	False				
FAM50A	up	0.895420023	late_allcell_residual	late_allcell_DPN_vs_diabetes	False				
FAM53B	up	0.597787481	late_allcell_residual	late_allcell_DPN_vs_diabetes	False				
FAM71D	down	-0.875651465	late_allcell_residual	late_allcell_DPN_vs_diabetes	False				
FAM83F	up	0.707561002	late_allcell_residual	late_allcell_DPN_vs_diabetes	False				
FANCE	up	0.874522143	late_allcell_residual	late_allcell_DPN_vs_diabetes	False				
FANCM	down	-0.675771877	late_allcell_residual	late_allcell_DPN_vs_diabetes	False				
FARP1	up	1.020218479	late_allcell_residual	late_allcell_DPN_vs_diabetes	False				
FARS2	up	0.739189931	late_allcell_residual	late_allcell_DPN_vs_diabetes	False				
FAT3	down	-0.70084995	late_allcell_residual	late_allcell_DPN_vs_diabetes	False				
FAXC	down	-0.619279285	late_allcell_residual	late_allcell_DPN_vs_diabetes	False				
FBN1	up	0.719612576	late_allcell_residual	late_allcell_DPN_vs_diabetes	False				
FBXL16	down	-0.718456813	late_allcell_residual	late_allcell_DPN_vs_diabetes	False				
FBXL19	up	0.739977532	late_allcell_residual	late_allcell_DPN_vs_diabetes	False				
FBXL22	up	1.012847249	late_allcell_residual	late_allcell_DPN_vs_diabetes	False				
FBXL6	up	0.736416015	late_allcell_residual	late_allcell_DPN_vs_diabetes	False				
FBXL8	up	0.63643647	late_allcell_residual	late_allcell_DPN_vs_diabetes	False				
FBXO30	down	-1.028340186	late_allcell_residual	late_allcell_DPN_vs_diabetes	False				
FBXO36	down	-1.304902699	late_allcell_residual	late_allcell_DPN_vs_diabetes	False				
FBXW10B	up	1.088161804	late_allcell_residual	late_allcell_DPN_vs_diabetes	False				
FCGR1B	down	-0.792713924	late_allcell_residual	late_allcell_DPN_vs_diabetes	False				
FCGR3B	down	-0.798600347	late_allcell_residual	late_allcell_DPN_vs_diabetes	False				
FCGRT	up	0.914812236	late_allcell_residual	late_allcell_DPN_vs_diabetes	False				
FCHO2	up	0.591505068	late_allcell_residual	late_allcell_DPN_vs_diabetes	False				
FCHSD1	up	0.629017789	late_allcell_residual	late_allcell_DPN_vs_diabetes	False				
FCN2	up	0.931933499	late_allcell_residual	late_allcell_DPN_vs_diabetes	False				
FCN3	up	1.528416471	late_allcell_residual	late_allcell_DPN_vs_diabetes	False				
FCRLA	down	-0.989310527	late_allcell_residual	late_allcell_DPN_vs_diabetes	False				
FDFT1	down	-0.80950236	late_allcell_residual	late_allcell_DPN_vs_diabetes	False				
FDPS	down	-0.738011563	late_allcell_residual	late_allcell_DPN_vs_diabetes	False				
FDXR	up	0.655662027	late_allcell_residual	late_allcell_DPN_vs_diabetes	False				
FEN1	down	-0.694769244	late_allcell_residual	late_allcell_DPN_vs_diabetes	False				
FERD3L	up	0.653688528	late_allcell_residual	late_allcell_DPN_vs_diabetes	False				
FERMT1	up	1.066190334	late_allcell_residual	late_allcell_DPN_vs_diabetes	False				
FERMT3	up	0.857136156	late_allcell_residual	late_allcell_DPN_vs_diabetes	False				
FES	up	0.74742873	late_allcell_residual	late_allcell_DPN_vs_diabetes	False				
FFAR4	down	-0.62298543	late_allcell_residual	late_allcell_DPN_vs_diabetes	False				
FGD2	up	1.028920855	late_allcell_residual	late_allcell_DPN_vs_diabetes	False				
FGD3	up	0.679880364	late_allcell_residual	late_allcell_DPN_vs_diabetes	False				
FGD5	up	0.748967369	late_allcell_residual	late_allcell_DPN_vs_diabetes	False				
FGF12	down	-0.709507935	late_allcell_residual	late_allcell_DPN_vs_diabetes	False				
FGF13	down	-0.884472969	late_allcell_residual	late_allcell_DPN_vs_diabetes	False				
FGF2	up	0.608863642	late_allcell_residual	late_allcell_DPN_vs_diabetes	False				
FGF22	up	0.696336466	late_allcell_residual	late_allcell_DPN_vs_diabetes	False				
FGF9	down	-1.229502288	late_allcell_residual	late_allcell_DPN_vs_diabetes	False				
FGFBP2	up	0.762560487	late_allcell_residual	late_allcell_DPN_vs_diabetes	False				
FGFBP3	down	-0.988665955	late_allcell_residual	late_allcell_DPN_vs_diabetes	False				
FGFR2	up	0.725392463	late_allcell_residual	late_allcell_DPN_vs_diabetes	False				
FGGY	down	-0.674469348	late_allcell_residual	late_allcell_DPN_vs_diabetes	False				
FGL2	down	-0.694642903	late_allcell_residual	late_allcell_DPN_vs_diabetes	False				
FHDC1	down	-0.788984671	late_allcell_residual	late_allcell_DPN_vs_diabetes	False				
FHL3	up	0.922266604	late_allcell_residual	late_allcell_DPN_vs_diabetes	False				
FHL5	up	0.925487623	late_allcell_residual	late_allcell_DPN_vs_diabetes	False				
FHOD1	up	0.682526603	late_allcell_residual	late_allcell_DPN_vs_diabetes	False				
FIBIN	down	-1.249866208	late_allcell_residual	late_allcell_DPN_vs_diabetes	False				
FJX1	down	-0.739718869	late_allcell_residual	late_allcell_DPN_vs_diabetes	False				
FLNC	up	2.102115867	late_allcell_residual	late_allcell_DPN_vs_diabetes	False				
FLRT3	down	-0.665704805	late_allcell_residual	late_allcell_DPN_vs_diabetes	False				
FLT3	down	-0.886896498	late_allcell_residual	late_allcell_DPN_vs_diabetes	False				
FLT3LG	up	0.796290022	late_allcell_residual	late_allcell_DPN_vs_diabetes	False				
FLT4	up	0.668632333	late_allcell_residual	late_allcell_DPN_vs_diabetes	False				
FLVCR1	down	-0.686826101	late_allcell_residual	late_allcell_DPN_vs_diabetes	False				
FLVCR2	down	-1.169185395	late_allcell_residual	late_allcell_DPN_vs_diabetes	False				
FMO5	up	0.741201252	late_allcell_residual	late_allcell_DPN_vs_diabetes	False				
FMOD	down	-1.230635596	late_allcell_residual	late_allcell_DPN_vs_diabetes	False				
FNDC10	down	-0.959780237	late_allcell_residual	late_allcell_DPN_vs_diabetes	False				
FNDC9	up	0.605023492	late_allcell_residual	late_allcell_DPN_vs_diabetes	False				
FOLH1	down	-0.637332335	late_allcell_residual	late_allcell_DPN_vs_diabetes	False				
FOSB	up	0.725900374	late_allcell_residual	late_allcell_DPN_vs_diabetes	False				
FOSL1	up	0.814966914	late_allcell_residual	late_allcell_DPN_vs_diabetes	False				
FOXD2	up	0.683998742	late_allcell_residual	late_allcell_DPN_vs_diabetes	False				
FOXL1	up	0.881371329	late_allcell_residual	late_allcell_DPN_vs_diabetes	False				
FOXM1	down	-0.653985054	late_allcell_residual	late_allcell_DPN_vs_diabetes	False				
FOXO1	down	-0.609895765	late_allcell_residual	late_allcell_DPN_vs_diabetes	False				
FOXQ1	down	-1.031728564	late_allcell_residual	late_allcell_DPN_vs_diabetes	False				
FRA10AC1	up	0.768360699	late_allcell_residual	late_allcell_DPN_vs_diabetes	False				
FREM1	up	1.233017925	late_allcell_residual	late_allcell_DPN_vs_diabetes	False				
FRMD8	up	0.586875154	late_allcell_residual	late_allcell_DPN_vs_diabetes	False				
FRMPD1	down	-0.830151157	late_allcell_residual	late_allcell_DPN_vs_diabetes	False				
FRMPD4	down	-0.671565866	late_allcell_residual	late_allcell_DPN_vs_diabetes	False				
FSD1L	down	-0.631186193	late_allcell_residual	late_allcell_DPN_vs_diabetes	False				
FSTL1	down	-0.631954606	late_allcell_residual	late_allcell_DPN_vs_diabetes	False				
FSTL4	down	-0.947136925	late_allcell_residual	late_allcell_DPN_vs_diabetes	False				
FSTL5	down	-0.668604656	late_allcell_residual	late_allcell_DPN_vs_diabetes	False				
FUCA2	down	-0.882481941	late_allcell_residual	late_allcell_DPN_vs_diabetes	False				
FUNDC2	down	-1.111545238	late_allcell_residual	late_allcell_DPN_vs_diabetes	False				
FUT1	up	0.68540501	late_allcell_residual	late_allcell_DPN_vs_diabetes	False				
FUT9	down	-1.434342113	late_allcell_residual	late_allcell_DPN_vs_diabetes	False				
FXN	down	-0.625905127	late_allcell_residual	late_allcell_DPN_vs_diabetes	False				
FXYD2	up	0.752485898	late_allcell_residual	late_allcell_DPN_vs_diabetes	False				
FXYD7	down	-1.11543906	late_allcell_residual	late_allcell_DPN_vs_diabetes	False				
FZD1	down	-1.184814567	late_allcell_residual	late_allcell_DPN_vs_diabetes	False				
FZD7	down	-1.27175482	late_allcell_residual	late_allcell_DPN_vs_diabetes	False				
G0S2	up	2.019681918	late_allcell_residual	late_allcell_DPN_vs_diabetes	False				
GAB2	up	0.743531832	late_allcell_residual	late_allcell_DPN_vs_diabetes	False				
GABBR2	down	-0.939444675	late_allcell_residual	late_allcell_DPN_vs_diabetes	False				
GABPA	down	-0.851566497	late_allcell_residual	late_allcell_DPN_vs_diabetes	False				
GABRA2	down	-0.646918994	late_allcell_residual	late_allcell_DPN_vs_diabetes	False				
GABRA5	down	-0.707909664	late_allcell_residual	late_allcell_DPN_vs_diabetes	False				
GABRB1	down	-0.755439183	late_allcell_residual	late_allcell_DPN_vs_diabetes	False				
GABRB3	down	-1.077533131	late_allcell_residual	late_allcell_DPN_vs_diabetes	False				
GABRE	up	0.790511098	late_allcell_residual	late_allcell_DPN_vs_diabetes	False				
GABRG1	down	-1.084362288	late_allcell_residual	late_allcell_DPN_vs_diabetes	False				
GABRG2	down	-1.106496507	late_allcell_residual	late_allcell_DPN_vs_diabetes	False				
GABRR2	up	1.209557954	late_allcell_residual	late_allcell_DPN_vs_diabetes	False				
GAL3ST1	down	-0.699387707	late_allcell_residual	late_allcell_DPN_vs_diabetes	False				
GALNT13	down	-1.004915605	late_allcell_residual	late_allcell_DPN_vs_diabetes	False				
GALNT14	down	-1.144883892	late_allcell_residual	late_allcell_DPN_vs_diabetes	False				
GALNT15	up	1.357112513	late_allcell_residual	late_allcell_DPN_vs_diabetes	False				
GALNT16	up	1.214331691	late_allcell_residual	late_allcell_DPN_vs_diabetes	False				
GAREM1	down	-0.594056114	late_allcell_residual	late_allcell_DPN_vs_diabetes	False				
GAS2	down	-0.585373276	late_allcell_residual	late_allcell_DPN_vs_diabetes	False				
GASK1A	down	-0.718534437	late_allcell_residual	late_allcell_DPN_vs_diabetes	False				
GATA2	up	0.740477977	late_allcell_residual	late_allcell_DPN_vs_diabetes	False				
GATA3	up	1.165254844	late_allcell_residual	late_allcell_DPN_vs_diabetes	False				
GATA6	up	1.079777057	late_allcell_residual	late_allcell_DPN_vs_diabetes	False				
GATM	down	-0.781037324	late_allcell_residual	late_allcell_DPN_vs_diabetes	False				
GCGR	up	1.196167779	late_allcell_residual	late_allcell_DPN_vs_diabetes	False				
GCHFR	down	-0.680861705	late_allcell_residual	late_allcell_DPN_vs_diabetes	False				
GCKR	up	1.354922314	late_allcell_residual	late_allcell_DPN_vs_diabetes	False				
GCLM	down	-1.236835079	late_allcell_residual	late_allcell_DPN_vs_diabetes	False				
GDA	down	-1.139213621	late_allcell_residual	late_allcell_DPN_vs_diabetes	False				
GDAP1	down	-0.600607682	late_allcell_residual	late_allcell_DPN_vs_diabetes	False				
GDAP1L1	down	-0.708466231	late_allcell_residual	late_allcell_DPN_vs_diabetes	False				
GDE1	down	-0.770331265	late_allcell_residual	late_allcell_DPN_vs_diabetes	False				
GDF10	down	-0.721410937	late_allcell_residual	late_allcell_DPN_vs_diabetes	False				
GDNF	up	2.8404463	late_allcell_residual	late_allcell_DPN_vs_diabetes	False				
GDPD2	down	-1.363216079	late_allcell_residual	late_allcell_DPN_vs_diabetes	False				
GDPD3	up	0.968368396	late_allcell_residual	late_allcell_DPN_vs_diabetes	False				
GEMIN4	up	0.735410796	late_allcell_residual	late_allcell_DPN_vs_diabetes	False				
GET3	down	-0.7714443	late_allcell_residual	late_allcell_DPN_vs_diabetes	False				
GFAP	down	-3.670321787	late_allcell_residual	late_allcell_DPN_vs_diabetes	False				
GFRA2	down	-0.99694168	late_allcell_residual	late_allcell_DPN_vs_diabetes	False				
GGACT	up	0.685998351	late_allcell_residual	late_allcell_DPN_vs_diabetes	False				
GGH	down	-1.16209019	late_allcell_residual	late_allcell_DPN_vs_diabetes	False				
GGPS1	down	-0.845412663	late_allcell_residual	late_allcell_DPN_vs_diabetes	False				
GHITM	down	-0.84724061	late_allcell_residual	late_allcell_DPN_vs_diabetes	False				
GHR	up	1.220713464	late_allcell_residual	late_allcell_DPN_vs_diabetes	False				
GHRL	down	-0.723651123	late_allcell_residual	late_allcell_DPN_vs_diabetes	False				
GIGYF1	up	0.790669131	late_allcell_residual	late_allcell_DPN_vs_diabetes	False				
GIMAP5	up	0.987238997	late_allcell_residual	late_allcell_DPN_vs_diabetes	False				
GINS3	down	-0.953822999	late_allcell_residual	late_allcell_DPN_vs_diabetes	False				
GINS4	up	0.836538311	late_allcell_residual	late_allcell_DPN_vs_diabetes	False				
GIPC2	up	0.761242611	late_allcell_residual	late_allcell_DPN_vs_diabetes	False				
GJA1	down	-1.426067541	late_allcell_residual	late_allcell_DPN_vs_diabetes	False				
GJA5	up	0.860277504	late_allcell_residual	late_allcell_DPN_vs_diabetes	False				
GJB1	down	-0.951888733	late_allcell_residual	late_allcell_DPN_vs_diabetes	False				
GJC1	up	1.153787003	late_allcell_residual	late_allcell_DPN_vs_diabetes	False				
GJC3	down	-0.838185629	late_allcell_residual	late_allcell_DPN_vs_diabetes	False				
GJD4	up	0.639113991	late_allcell_residual	late_allcell_DPN_vs_diabetes	False				
GLCE	down	-1.099713942	late_allcell_residual	late_allcell_DPN_vs_diabetes	False				
GLIS1	up	1.436483275	late_allcell_residual	late_allcell_DPN_vs_diabetes	False				
GLIS3	up	1.110285991	late_allcell_residual	late_allcell_DPN_vs_diabetes	False				
GLO1	down	-0.788860361	late_allcell_residual	late_allcell_DPN_vs_diabetes	False				
GLRB	down	-0.693987096	late_allcell_residual	late_allcell_DPN_vs_diabetes	False				
GLUD1	down	-1.225577369	late_allcell_residual	late_allcell_DPN_vs_diabetes	False				
GLYCTK	up	0.961138407	late_allcell_residual	late_allcell_DPN_vs_diabetes	False				
GM2A	down	-0.621793441	late_allcell_residual	late_allcell_DPN_vs_diabetes	False				
GMCL1	down	-0.747119961	late_allcell_residual	late_allcell_DPN_vs_diabetes	False				
GMEB2	up	0.765245254	late_allcell_residual	late_allcell_DPN_vs_diabetes	False				
GNA14	up	0.772518886	late_allcell_residual	late_allcell_DPN_vs_diabetes	False				
GNG4	down	-1.413374709	late_allcell_residual	late_allcell_DPN_vs_diabetes	False				
GNRH1	up	0.586109672	late_allcell_residual	late_allcell_DPN_vs_diabetes	False				
GOLGA8M	up	1.721818622	late_allcell_residual	late_allcell_DPN_vs_diabetes	False				
GOLM1	down	-0.779063415	late_allcell_residual	late_allcell_DPN_vs_diabetes	False				
GOLT1A	down	-0.761896709	late_allcell_residual	late_allcell_DPN_vs_diabetes	False				
GOT1	down	-0.638101663	late_allcell_residual	late_allcell_DPN_vs_diabetes	False				
GOT2	down	-0.707345596	late_allcell_residual	late_allcell_DPN_vs_diabetes	False				
GPAM	up	1.120640889	late_allcell_residual	late_allcell_DPN_vs_diabetes	False				
GPANK1	up	0.743792036	late_allcell_residual	late_allcell_DPN_vs_diabetes	False				
GPAT2	up	0.88660216	late_allcell_residual	late_allcell_DPN_vs_diabetes	False				
GPAT3	up	0.965683806	late_allcell_residual	late_allcell_DPN_vs_diabetes	False				
GPC3	down	-0.739142667	late_allcell_residual	late_allcell_DPN_vs_diabetes	False				
GPC6	down	-1.177732126	late_allcell_residual	late_allcell_DPN_vs_diabetes	False				
GPD1	up	2.903990622	late_allcell_residual	late_allcell_DPN_vs_diabetes	False				
GPER1	up	0.893186658	late_allcell_residual	late_allcell_DPN_vs_diabetes	False				
GPI	down	-0.586190395	late_allcell_residual	late_allcell_DPN_vs_diabetes	False				
GPM6A	down	-1.750902667	late_allcell_residual	late_allcell_DPN_vs_diabetes	False				
GPNMB	up	1.00423602	late_allcell_residual	late_allcell_DPN_vs_diabetes	False				
GPR132	up	0.889874779	late_allcell_residual	late_allcell_DPN_vs_diabetes	False				
GPR135	up	0.67786146	late_allcell_residual	late_allcell_DPN_vs_diabetes	False				
GPR141	down	-1.215892227	late_allcell_residual	late_allcell_DPN_vs_diabetes	False				
GPR149	down	-1.089719723	late_allcell_residual	late_allcell_DPN_vs_diabetes	False				
GPR150	up	0.610417892	late_allcell_residual	late_allcell_DPN_vs_diabetes	False				
GPR153	up	0.624228398	late_allcell_residual	late_allcell_DPN_vs_diabetes	False				
GPR155	down	-0.901985764	late_allcell_residual	late_allcell_DPN_vs_diabetes	False				
GPR158	down	-0.759903456	late_allcell_residual	late_allcell_DPN_vs_diabetes	False				
GPR162	up	0.775131813	late_allcell_residual	late_allcell_DPN_vs_diabetes	False				
GPR26	down	-1.673391739	late_allcell_residual	late_allcell_DPN_vs_diabetes	False				
GPR27	down	-0.613414371	late_allcell_residual	late_allcell_DPN_vs_diabetes	False				
GPR37	down	-1.126947661	late_allcell_residual	late_allcell_DPN_vs_diabetes	False				
GPR83	down	-1.152173937	late_allcell_residual	late_allcell_DPN_vs_diabetes	False				
GPRC5C	down	-0.626924329	late_allcell_residual	late_allcell_DPN_vs_diabetes	False				
GPSM1	up	0.903076949	late_allcell_residual	late_allcell_DPN_vs_diabetes	False				
GPX2	down	-0.839244164	late_allcell_residual	late_allcell_DPN_vs_diabetes	False				
GRAMD1A	up	0.625834382	late_allcell_residual	late_allcell_DPN_vs_diabetes	False				
GREB1L	up	0.771016291	late_allcell_residual	late_allcell_DPN_vs_diabetes	False				
GREM2	down	-0.589704316	late_allcell_residual	late_allcell_DPN_vs_diabetes	False				
GRIA2	down	-0.775699263	late_allcell_residual	late_allcell_DPN_vs_diabetes	False				
GRIA4	up	1.43521037	late_allcell_residual	late_allcell_DPN_vs_diabetes	False				
GRIK1	down	-0.962592261	late_allcell_residual	late_allcell_DPN_vs_diabetes	False				
GRIN1	down	-0.685747667	late_allcell_residual	late_allcell_DPN_vs_diabetes	False				
GRIN2B	up	0.727864019	late_allcell_residual	late_allcell_DPN_vs_diabetes	False				
GRIN2C	up	1.381796386	late_allcell_residual	late_allcell_DPN_vs_diabetes	False				
GRIP1	down	-0.763370027	late_allcell_residual	late_allcell_DPN_vs_diabetes	False				
GRIP2	up	0.758326308	late_allcell_residual	late_allcell_DPN_vs_diabetes	False				
GRIPAP1	up	0.692926342	late_allcell_residual	late_allcell_DPN_vs_diabetes	False				
GRK5	up	0.886684695	late_allcell_residual	late_allcell_DPN_vs_diabetes	False				
GSC	up	1.540498867	late_allcell_residual	late_allcell_DPN_vs_diabetes	False				
GSDMB	up	1.247776587	late_allcell_residual	late_allcell_DPN_vs_diabetes	False				
GSE1	up	0.927139988	late_allcell_residual	late_allcell_DPN_vs_diabetes	False				
GSTP1	down	-0.736662996	late_allcell_residual	late_allcell_DPN_vs_diabetes	False				
GTF2H4	up	0.718156481	late_allcell_residual	late_allcell_DPN_vs_diabetes	False				
GTF3C5	up	0.844950822	late_allcell_residual	late_allcell_DPN_vs_diabetes	False				
GTPBP1	up	0.591483576	late_allcell_residual	late_allcell_DPN_vs_diabetes	False				
GTPBP6	up	0.683933111	late_allcell_residual	late_allcell_DPN_vs_diabetes	False				
GVQW3	up	0.669356215	late_allcell_residual	late_allcell_DPN_vs_diabetes	False				
GYG1	down	-0.765269704	late_allcell_residual	late_allcell_DPN_vs_diabetes	False				
H1-3	down	-0.614826404	late_allcell_residual	late_allcell_DPN_vs_diabetes	False				
H4C16	up	0.877262235	late_allcell_residual	late_allcell_DPN_vs_diabetes	False				
HACD3	down	-0.621933782	late_allcell_residual	late_allcell_DPN_vs_diabetes	False				
HAP1	up	1.206457734	late_allcell_residual	late_allcell_DPN_vs_diabetes	False				
HAS1	down	-0.743777525	late_allcell_residual	late_allcell_DPN_vs_diabetes	False				
HAS2	up	1.211353627	late_allcell_residual	late_allcell_DPN_vs_diabetes	False				
HAUS5	up	0.760797938	late_allcell_residual	late_allcell_DPN_vs_diabetes	False				
HBA2	down	-1.36299321	late_allcell_residual	late_allcell_DPN_vs_diabetes	False				
HBEGF	up	1.066286542	late_allcell_residual	late_allcell_DPN_vs_diabetes	False				
HCAR1	up	1.955592681	late_allcell_residual	late_allcell_DPN_vs_diabetes	False				
HCAR3	up	1.585227736	late_allcell_residual	late_allcell_DPN_vs_diabetes	False				
HCK	up	0.706581982	late_allcell_residual	late_allcell_DPN_vs_diabetes	False				
HCN2	down	-0.694788455	late_allcell_residual	late_allcell_DPN_vs_diabetes	False				
HDAC10	up	0.872839985	late_allcell_residual	late_allcell_DPN_vs_diabetes	False				
HDAC2	down	-0.676036805	late_allcell_residual	late_allcell_DPN_vs_diabetes	False				
HDAC7	up	0.86102325	late_allcell_residual	late_allcell_DPN_vs_diabetes	False				
HDDC2	down	-0.762138944	late_allcell_residual	late_allcell_DPN_vs_diabetes	False				
HEATR5A	down	-0.672713509	late_allcell_residual	late_allcell_DPN_vs_diabetes	False				
HECTD3	up	0.725680814	late_allcell_residual	late_allcell_DPN_vs_diabetes	False				
HECW2	up	0.675063263	late_allcell_residual	late_allcell_DPN_vs_diabetes	False				
HEMK1	up	0.882323191	late_allcell_residual	late_allcell_DPN_vs_diabetes	False				
HENMT1	down	-0.928671104	late_allcell_residual	late_allcell_DPN_vs_diabetes	False				
HEPACAM	down	-1.054729651	late_allcell_residual	late_allcell_DPN_vs_diabetes	False				
HES1	up	0.613212762	late_allcell_residual	late_allcell_DPN_vs_diabetes	False				
HES5	down	-0.853558762	late_allcell_residual	late_allcell_DPN_vs_diabetes	False				
HES6	down	-0.610156107	late_allcell_residual	late_allcell_DPN_vs_diabetes	False				
HES7	up	1.167131031	late_allcell_residual	late_allcell_DPN_vs_diabetes	False				
HEXD	up	0.905721344	late_allcell_residual	late_allcell_DPN_vs_diabetes	False				
HEY2	down	-0.636417938	late_allcell_residual	late_allcell_DPN_vs_diabetes	False				
HHIP	up	2.366289199	late_allcell_residual	late_allcell_DPN_vs_diabetes	False				
HHIPL1	up	0.957544676	late_allcell_residual	late_allcell_DPN_vs_diabetes	False				
HIC1	up	0.78802541	late_allcell_residual	late_allcell_DPN_vs_diabetes	False				
HIC2	up	0.886084766	late_allcell_residual	late_allcell_DPN_vs_diabetes	False				
HIGD2A	down	-0.619774141	late_allcell_residual	late_allcell_DPN_vs_diabetes	False				
HIKESHI	up	1.250584067	late_allcell_residual	late_allcell_DPN_vs_diabetes	False				
HIP1R	up	0.970051676	late_allcell_residual	late_allcell_DPN_vs_diabetes	False				
HIPK4	up	0.86309025	late_allcell_residual	late_allcell_DPN_vs_diabetes	False				
HIST1H1B	up	0.643502354	late_allcell_residual	late_allcell_DPN_vs_diabetes	False				
HIST1H1D	up	1.321494856	late_allcell_residual	late_allcell_DPN_vs_diabetes	False				
HIST1H2BG	down	-1.054925452	late_allcell_residual	late_allcell_DPN_vs_diabetes	False				
HIST1H2BH	down	-1.567649619	late_allcell_residual	late_allcell_DPN_vs_diabetes	False				
HIST4H4	up	1.007280681	late_allcell_residual	late_allcell_DPN_vs_diabetes	False				
HK2	down	-1.168502375	late_allcell_residual	late_allcell_DPN_vs_diabetes	False				
HK3	up	0.65786421	late_allcell_residual	late_allcell_DPN_vs_diabetes	False				
HLX	up	0.801222715	late_allcell_residual	late_allcell_DPN_vs_diabetes	False				
HMCN1	up	1.031740355	late_allcell_residual	late_allcell_DPN_vs_diabetes	False				
HMCN2	up	2.443668876	late_allcell_residual	late_allcell_DPN_vs_diabetes	False				
HMG20B	up	0.651610093	late_allcell_residual	late_allcell_DPN_vs_diabetes	False				
HMGCR	down	-1.385188872	late_allcell_residual	late_allcell_DPN_vs_diabetes	False				
HMGCS1	down	-0.678704382	late_allcell_residual	late_allcell_DPN_vs_diabetes	False				
HNRNPL	down	-0.68922677	late_allcell_residual	late_allcell_DPN_vs_diabetes	False				
HOGA1	up	1.157357457	late_allcell_residual	late_allcell_DPN_vs_diabetes	False				
HOOK1	down	-0.82992133	late_allcell_residual	late_allcell_DPN_vs_diabetes	False				
HOOK2	up	0.919901341	late_allcell_residual	late_allcell_DPN_vs_diabetes	False				
HORMAD1	up	0.91601417	late_allcell_residual	late_allcell_DPN_vs_diabetes	False				
HOXA4	up	1.067580191	late_allcell_residual	late_allcell_DPN_vs_diabetes	False				
HOXA6	up	1.216294394	late_allcell_residual	late_allcell_DPN_vs_diabetes	False				
HOXA9	up	0.918566581	late_allcell_residual	late_allcell_DPN_vs_diabetes	False				
HOXB2	up	0.719543547	late_allcell_residual	late_allcell_DPN_vs_diabetes	False				
HOXB4	up	0.890917098	late_allcell_residual	late_allcell_DPN_vs_diabetes	False				
HOXB5	up	0.844592494	late_allcell_residual	late_allcell_DPN_vs_diabetes	False				
HOXB6	up	1.000869726	late_allcell_residual	late_allcell_DPN_vs_diabetes	False				
HOXD1	down	-1.006726376	late_allcell_residual	late_allcell_DPN_vs_diabetes	False				
HP1BP3	up	0.894327673	late_allcell_residual	late_allcell_DPN_vs_diabetes	False				
HPDL	down	-1.042638668	late_allcell_residual	late_allcell_DPN_vs_diabetes	False				
HPF1	down	-0.650764951	late_allcell_residual	late_allcell_DPN_vs_diabetes	False				
HPGD	down	-0.633137217	late_allcell_residual	late_allcell_DPN_vs_diabetes	False				
HPR	up	2.038689712	late_allcell_residual	late_allcell_DPN_vs_diabetes	False				
HR	up	0.761946484	late_allcell_residual	late_allcell_DPN_vs_diabetes	False				
HRCT1	up	1.244651758	late_allcell_residual	late_allcell_DPN_vs_diabetes	False				
HRK	up	0.592137896	late_allcell_residual	late_allcell_DPN_vs_diabetes	False				
HS2ST1	down	-0.592335027	late_allcell_residual	late_allcell_DPN_vs_diabetes	False				
HS3ST4	down	-0.887508178	late_allcell_residual	late_allcell_DPN_vs_diabetes	False				
HS6ST2	down	-1.038659298	late_allcell_residual	late_allcell_DPN_vs_diabetes	False				
HSD17B1	up	1.313999617	late_allcell_residual	late_allcell_DPN_vs_diabetes	False				
HSD17B12	down	-0.594832867	late_allcell_residual	late_allcell_DPN_vs_diabetes	False				
HSD3B7	up	0.657294818	late_allcell_residual	late_allcell_DPN_vs_diabetes	False				
HSF4	up	0.705745438	late_allcell_residual	late_allcell_DPN_vs_diabetes	False				
HSPA12B	up	0.987843542	late_allcell_residual	late_allcell_DPN_vs_diabetes	False				
HSPA13	down	-1.042342245	late_allcell_residual	late_allcell_DPN_vs_diabetes	False				
HSPA1A	up	0.809443041	late_allcell_residual	late_allcell_DPN_vs_diabetes	False				
HSPA2	down	-0.834358276	late_allcell_residual	late_allcell_DPN_vs_diabetes	False				
HSPG2	up	0.830530024	late_allcell_residual	late_allcell_DPN_vs_diabetes	False				
HTR1D	down	-1.181447765	late_allcell_residual	late_allcell_DPN_vs_diabetes	False				
HTR1E	down	-0.600990003	late_allcell_residual	late_allcell_DPN_vs_diabetes	False				
HTRA1	down	-0.9295576	late_allcell_residual	late_allcell_DPN_vs_diabetes	False				
HTRA3	up	1.600065543	late_allcell_residual	late_allcell_DPN_vs_diabetes	False				
ICAM4	up	1.591828102	late_allcell_residual	late_allcell_DPN_vs_diabetes	False				
ICMT	down	-1.009183036	late_allcell_residual	late_allcell_DPN_vs_diabetes	False				
ID1	up	0.705509242	late_allcell_residual	late_allcell_DPN_vs_diabetes	False				
IFI44	down	-0.66623874	late_allcell_residual	late_allcell_DPN_vs_diabetes	False				
IFITM10	up	0.764143152	late_allcell_residual	late_allcell_DPN_vs_diabetes	False				
IFRD1	up	0.650028763	late_allcell_residual	late_allcell_DPN_vs_diabetes	False				
IFT122	up	0.600048405	late_allcell_residual	late_allcell_DPN_vs_diabetes	False				
IGF1	up	1.98013726	late_allcell_residual	late_allcell_DPN_vs_diabetes	False				
IGF1R	up	0.663612539	late_allcell_residual	late_allcell_DPN_vs_diabetes	False				
IGF2BP2	up	0.681455242	late_allcell_residual	late_allcell_DPN_vs_diabetes	False				
IGFBP5	up	0.859888369	late_allcell_residual	late_allcell_DPN_vs_diabetes	False				
IGFN1	up	2.12219146	late_allcell_residual	late_allcell_DPN_vs_diabetes	False				
IGIP	down	-1.374265836	late_allcell_residual	late_allcell_DPN_vs_diabetes	False				
IGSF11	down	-1.244827055	late_allcell_residual	late_allcell_DPN_vs_diabetes	False				
IGSF9B	up	0.863146992	late_allcell_residual	late_allcell_DPN_vs_diabetes	False				
IKBKE	up	0.869422911	late_allcell_residual	late_allcell_DPN_vs_diabetes	False				
IL10RA	up	0.989315607	late_allcell_residual	late_allcell_DPN_vs_diabetes	False				
IL11RA	up	0.678348926	late_allcell_residual	late_allcell_DPN_vs_diabetes	False				
IL12A	down	-0.936994721	late_allcell_residual	late_allcell_DPN_vs_diabetes	False				
IL15RA	up	0.695323293	late_allcell_residual	late_allcell_DPN_vs_diabetes	False				
IL16	up	0.854283572	late_allcell_residual	late_allcell_DPN_vs_diabetes	False				
IL17RC	up	0.744101912	late_allcell_residual	late_allcell_DPN_vs_diabetes	False				
IL18	down	-0.660234486	late_allcell_residual	late_allcell_DPN_vs_diabetes	False				
IL18RAP	up	1.04185478	late_allcell_residual	late_allcell_DPN_vs_diabetes	False				
IL1B	up	1.128401795	late_allcell_residual	late_allcell_DPN_vs_diabetes	False				
IL1RAPL1	down	-0.684535615	late_allcell_residual	late_allcell_DPN_vs_diabetes	False				
IL32	up	0.632758512	late_allcell_residual	late_allcell_DPN_vs_diabetes	False				
IL3RA	up	0.826049001	late_allcell_residual	late_allcell_DPN_vs_diabetes	False				
IL7R	up	0.948570312	late_allcell_residual	late_allcell_DPN_vs_diabetes	False				
IMMT	down	-0.776468082	late_allcell_residual	late_allcell_DPN_vs_diabetes	False				
INA	down	-0.612940013	late_allcell_residual	late_allcell_DPN_vs_diabetes	False				
INAFM1	up	0.629749264	late_allcell_residual	late_allcell_DPN_vs_diabetes	False				
ING1	up	0.610148529	late_allcell_residual	late_allcell_DPN_vs_diabetes	False				
ING4	up	0.591770009	late_allcell_residual	late_allcell_DPN_vs_diabetes	False				
ING5	up	0.804596478	late_allcell_residual	late_allcell_DPN_vs_diabetes	False				
INO80B	up	0.958245364	late_allcell_residual	late_allcell_DPN_vs_diabetes	False				
INO80E	up	0.612548985	late_allcell_residual	late_allcell_DPN_vs_diabetes	False				
INPP5E	up	0.645216175	late_allcell_residual	late_allcell_DPN_vs_diabetes	False				
INSIG1	down	-0.712297187	late_allcell_residual	late_allcell_DPN_vs_diabetes	False				
INSM2	down	-0.645168281	late_allcell_residual	late_allcell_DPN_vs_diabetes	False				
INSRR	up	0.696410781	late_allcell_residual	late_allcell_DPN_vs_diabetes	False				
INSYN1	down	-0.67453236	late_allcell_residual	late_allcell_DPN_vs_diabetes	False				
INTS1	up	0.825880149	late_allcell_residual	late_allcell_DPN_vs_diabetes	False				
INTS11	up	0.643153809	late_allcell_residual	late_allcell_DPN_vs_diabetes	False				
INTS13	down	-1.010073235	late_allcell_residual	late_allcell_DPN_vs_diabetes	False				
INTS9	up	0.655016256	late_allcell_residual	late_allcell_DPN_vs_diabetes	False				
IP6K2	up	0.601963952	late_allcell_residual	late_allcell_DPN_vs_diabetes	False				
IPMK	down	-0.938832126	late_allcell_residual	late_allcell_DPN_vs_diabetes	False				
IQCA1	down	-1.129016781	late_allcell_residual	late_allcell_DPN_vs_diabetes	False				
IQCA1L	up	1.188073063	late_allcell_residual	late_allcell_DPN_vs_diabetes	False				
IQCE	up	0.844911935	late_allcell_residual	late_allcell_DPN_vs_diabetes	False				
IQCK	up	0.791703544	late_allcell_residual	late_allcell_DPN_vs_diabetes	False				
IQGAP2	up	0.727257112	late_allcell_residual	late_allcell_DPN_vs_diabetes	False				
IQSEC1	up	0.628886401	late_allcell_residual	late_allcell_DPN_vs_diabetes	False				
IRAG1	up	1.150143319	late_allcell_residual	late_allcell_DPN_vs_diabetes	False				
IRAK2	up	1.075161686	late_allcell_residual	late_allcell_DPN_vs_diabetes	False				
IRF1	up	0.697713366	late_allcell_residual	late_allcell_DPN_vs_diabetes	False				
IRF3	up	0.629526815	late_allcell_residual	late_allcell_DPN_vs_diabetes	False				
IRF4	up	1.264059109	late_allcell_residual	late_allcell_DPN_vs_diabetes	False				
IRS2	up	0.842330513	late_allcell_residual	late_allcell_DPN_vs_diabetes	False				
IRX6	up	0.822384529	late_allcell_residual	late_allcell_DPN_vs_diabetes	False				
ISCA1	down	-0.61880947	late_allcell_residual	late_allcell_DPN_vs_diabetes	False				
ISG20	up	0.864116635	late_allcell_residual	late_allcell_DPN_vs_diabetes	False				
ISL1	down	-0.731852419	late_allcell_residual	late_allcell_DPN_vs_diabetes	False				
ISL2	down	-0.866182995	late_allcell_residual	late_allcell_DPN_vs_diabetes	False				
ITFG2	up	0.592935324	late_allcell_residual	late_allcell_DPN_vs_diabetes	False				
ITGA2B	up	0.811696919	late_allcell_residual	late_allcell_DPN_vs_diabetes	False				
ITGA5	up	0.936941758	late_allcell_residual	late_allcell_DPN_vs_diabetes	False				
ITGA7	up	0.924117453	late_allcell_residual	late_allcell_DPN_vs_diabetes	False				
ITGA8	up	1.375411085	late_allcell_residual	late_allcell_DPN_vs_diabetes	False				
ITGA9	up	0.683678162	late_allcell_residual	late_allcell_DPN_vs_diabetes	False				
ITGB1	down	-0.812374072	late_allcell_residual	late_allcell_DPN_vs_diabetes	False				
ITGB3	up	0.798080255	late_allcell_residual	late_allcell_DPN_vs_diabetes	False				
ITGB3BP	up	0.648034485	late_allcell_residual	late_allcell_DPN_vs_diabetes	False				
ITGB4	up	0.817486392	late_allcell_residual	late_allcell_DPN_vs_diabetes	False				
ITGB8	up	0.765140677	late_allcell_residual	late_allcell_DPN_vs_diabetes	False				
ITIH3	up	1.358130768	late_allcell_residual	late_allcell_DPN_vs_diabetes	False				
ITK	up	0.74866002	late_allcell_residual	late_allcell_DPN_vs_diabetes	False				
ITM2C	down	-0.823702586	late_allcell_residual	late_allcell_DPN_vs_diabetes	False				
ITPKB	up	0.771950935	late_allcell_residual	late_allcell_DPN_vs_diabetes	False				
ITPR3	up	0.792042603	late_allcell_residual	late_allcell_DPN_vs_diabetes	False				
ITPRIP	up	0.771916677	late_allcell_residual	late_allcell_DPN_vs_diabetes	False				
ITSN1	up	0.646165445	late_allcell_residual	late_allcell_DPN_vs_diabetes	False				
IWS1	up	0.617847949	late_allcell_residual	late_allcell_DPN_vs_diabetes	False				
IZUMO1	up	1.291521965	late_allcell_residual	late_allcell_DPN_vs_diabetes	False				
IZUMO4	up	0.663136254	late_allcell_residual	late_allcell_DPN_vs_diabetes	False				
JAGN1	down	-1.08308126	late_allcell_residual	late_allcell_DPN_vs_diabetes	False				
JAM3	down	-0.653565847	late_allcell_residual	late_allcell_DPN_vs_diabetes	False				
JMY	up	0.599997139	late_allcell_residual	late_allcell_DPN_vs_diabetes	False				
JPH2	up	2.324056507	late_allcell_residual	late_allcell_DPN_vs_diabetes	False				
JRK	up	0.601359543	late_allcell_residual	late_allcell_DPN_vs_diabetes	False				
JSRP1	up	1.695951086	late_allcell_residual	late_allcell_DPN_vs_diabetes	False				
KANK2	up	0.754860194	late_allcell_residual	late_allcell_DPN_vs_diabetes	False				
KANK3	up	0.646544343	late_allcell_residual	late_allcell_DPN_vs_diabetes	False				
KAZN	up	1.221209274	late_allcell_residual	late_allcell_DPN_vs_diabetes	False				
KBTBD3	down	-0.652815393	late_allcell_residual	late_allcell_DPN_vs_diabetes	False				
KBTBD6	down	-0.585695494	late_allcell_residual	late_allcell_DPN_vs_diabetes	False				
KBTBD7	down	-0.653110488	late_allcell_residual	late_allcell_DPN_vs_diabetes	False				
KBTBD8	down	-0.682606738	late_allcell_residual	late_allcell_DPN_vs_diabetes	False				
KCNA1	down	-0.900590111	late_allcell_residual	late_allcell_DPN_vs_diabetes	False				
KCNA2	down	-0.840546924	late_allcell_residual	late_allcell_DPN_vs_diabetes	False				
KCNA4	down	-1.008575903	late_allcell_residual	late_allcell_DPN_vs_diabetes	False				
KCNAB3	up	0.883470767	late_allcell_residual	late_allcell_DPN_vs_diabetes	False				
KCNB2	down	-1.010954913	late_allcell_residual	late_allcell_DPN_vs_diabetes	False				
KCNC1	down	-0.603291935	late_allcell_residual	late_allcell_DPN_vs_diabetes	False				
KCNC3	down	-0.88439872	late_allcell_residual	late_allcell_DPN_vs_diabetes	False				
KCNG1	down	-0.707500178	late_allcell_residual	late_allcell_DPN_vs_diabetes	False				
KCNH5	down	-1.040852987	late_allcell_residual	late_allcell_DPN_vs_diabetes	False				
KCNH6	down	-0.822720326	late_allcell_residual	late_allcell_DPN_vs_diabetes	False				
KCNH7	down	-1.213125844	late_allcell_residual	late_allcell_DPN_vs_diabetes	False				
KCNH8	down	-1.262968257	late_allcell_residual	late_allcell_DPN_vs_diabetes	False				
KCNIP2	up	1.44859457	late_allcell_residual	late_allcell_DPN_vs_diabetes	False				
KCNJ10	down	-1.171451374	late_allcell_residual	late_allcell_DPN_vs_diabetes	False				
KCNJ13	down	-0.880132988	late_allcell_residual	late_allcell_DPN_vs_diabetes	False				
KCNJ14	up	0.676651111	late_allcell_residual	late_allcell_DPN_vs_diabetes	False				
KCNJ18	up	0.715360022	late_allcell_residual	late_allcell_DPN_vs_diabetes	False				
KCNJ3	down	-0.893183311	late_allcell_residual	late_allcell_DPN_vs_diabetes	False				
KCNJ5-AS1	up	0.631427025	late_allcell_residual	late_allcell_DPN_vs_diabetes	False				
KCNK1	down	-1.561928234	late_allcell_residual	late_allcell_DPN_vs_diabetes	False				
KCNK10	down	-0.596388854	late_allcell_residual	late_allcell_DPN_vs_diabetes	False				
KCNK15	up	0.85937158	late_allcell_residual	late_allcell_DPN_vs_diabetes	False				
KCNK18	down	-0.914288966	late_allcell_residual	late_allcell_DPN_vs_diabetes	False				
KCNK2	up	1.404840959	late_allcell_residual	late_allcell_DPN_vs_diabetes	False				
KCNK4	down	-1.155871811	late_allcell_residual	late_allcell_DPN_vs_diabetes	False				
KCNMA1	down	-1.423633867	late_allcell_residual	late_allcell_DPN_vs_diabetes	False				
KCNMB2	down	-0.862974305	late_allcell_residual	late_allcell_DPN_vs_diabetes	False				
KCNMB3	up	0.638612669	late_allcell_residual	late_allcell_DPN_vs_diabetes	False				
KCNN2	down	-0.980011414	late_allcell_residual	late_allcell_DPN_vs_diabetes	False				
KCNQ2	down	-0.880053478	late_allcell_residual	late_allcell_DPN_vs_diabetes	False				
KCNQ5	down	-0.787714399	late_allcell_residual	late_allcell_DPN_vs_diabetes	False				
KCNRG	down	-0.944201351	late_allcell_residual	late_allcell_DPN_vs_diabetes	False				
KCNS1	down	-0.998717981	late_allcell_residual	late_allcell_DPN_vs_diabetes	False				
KCNS3	down	-0.663072592	late_allcell_residual	late_allcell_DPN_vs_diabetes	False				
KCNV1	down	-0.740027309	late_allcell_residual	late_allcell_DPN_vs_diabetes	False				
KCTD1	down	-0.728972316	late_allcell_residual	late_allcell_DPN_vs_diabetes	False				
KCTD15	up	0.924491271	late_allcell_residual	late_allcell_DPN_vs_diabetes	False				
KCTD4	down	-1.14767109	late_allcell_residual	late_allcell_DPN_vs_diabetes	False				
KCTD6	down	-0.806331541	late_allcell_residual	late_allcell_DPN_vs_diabetes	False				
KCTD8	down	-1.133441343	late_allcell_residual	late_allcell_DPN_vs_diabetes	False				
KDELR2	down	-0.696153856	late_allcell_residual	late_allcell_DPN_vs_diabetes	False				
KDELR3	down	-0.827066151	late_allcell_residual	late_allcell_DPN_vs_diabetes	False				
KHDRBS2	down	-0.594580962	late_allcell_residual	late_allcell_DPN_vs_diabetes	False				
KHNYN	up	0.709651976	late_allcell_residual	late_allcell_DPN_vs_diabetes	False				
KIAA0825	down	-0.841504774	late_allcell_residual	late_allcell_DPN_vs_diabetes	False				
KIAA1143	down	-0.954230946	late_allcell_residual	late_allcell_DPN_vs_diabetes	False				
KIAA1549L	down	-0.596034175	late_allcell_residual	late_allcell_DPN_vs_diabetes	False				
KIAA1586	down	-1.142344416	late_allcell_residual	late_allcell_DPN_vs_diabetes	False				
KIAA1614	up	0.650493718	late_allcell_residual	late_allcell_DPN_vs_diabetes	False				
KIF11	down	-1.020266715	late_allcell_residual	late_allcell_DPN_vs_diabetes	False				
KIF17	up	0.632118633	late_allcell_residual	late_allcell_DPN_vs_diabetes	False				
KIF1A	down	-0.704734521	late_allcell_residual	late_allcell_DPN_vs_diabetes	False				
KIF21A	down	-0.691007784	late_allcell_residual	late_allcell_DPN_vs_diabetes	False				
KIF23	down	-1.165869632	late_allcell_residual	late_allcell_DPN_vs_diabetes	False				
KIF3A	down	-0.627808458	late_allcell_residual	late_allcell_DPN_vs_diabetes	False				
KIFAP3	down	-0.645194045	late_allcell_residual	late_allcell_DPN_vs_diabetes	False				
KIRREL3	down	-0.703163124	late_allcell_residual	late_allcell_DPN_vs_diabetes	False				
KIT	down	-1.294880222	late_allcell_residual	late_allcell_DPN_vs_diabetes	False				
KLB	up	1.905633211	late_allcell_residual	late_allcell_DPN_vs_diabetes	False				
KLF10	up	0.973261736	late_allcell_residual	late_allcell_DPN_vs_diabetes	False				
KLF11	up	0.672137207	late_allcell_residual	late_allcell_DPN_vs_diabetes	False				
KLF5	down	-0.90252379	late_allcell_residual	late_allcell_DPN_vs_diabetes	False				
KLF6	up	0.913983936	late_allcell_residual	late_allcell_DPN_vs_diabetes	False				
KLHL11	down	-1.097080133	late_allcell_residual	late_allcell_DPN_vs_diabetes	False				
KLHL17	up	0.586459878	late_allcell_residual	late_allcell_DPN_vs_diabetes	False				
KLHL29	up	0.596994789	late_allcell_residual	late_allcell_DPN_vs_diabetes	False				
KLHL4	up	1.053209214	late_allcell_residual	late_allcell_DPN_vs_diabetes	False				
KLHL7	down	-0.640873847	late_allcell_residual	late_allcell_DPN_vs_diabetes	False				
KLHL9	down	-1.451835066	late_allcell_residual	late_allcell_DPN_vs_diabetes	False				
KLK10	down	-1.627899193	late_allcell_residual	late_allcell_DPN_vs_diabetes	False				
KLK6	down	-0.955893726	late_allcell_residual	late_allcell_DPN_vs_diabetes	False				
KLRD1	up	1.107714049	late_allcell_residual	late_allcell_DPN_vs_diabetes	False				
KMT5C	up	0.612219112	late_allcell_residual	late_allcell_DPN_vs_diabetes	False				
KPNA5	down	-0.672050775	late_allcell_residual	late_allcell_DPN_vs_diabetes	False				
KRAS	down	-0.897132874	late_allcell_residual	late_allcell_DPN_vs_diabetes	False				
KRBOX5	up	0.718887205	late_allcell_residual	late_allcell_DPN_vs_diabetes	False				
KRI1	up	0.726858941	late_allcell_residual	late_allcell_DPN_vs_diabetes	False				
KRT222	up	1.049014714	late_allcell_residual	late_allcell_DPN_vs_diabetes	False				
KRT31	up	0.59374235	late_allcell_residual	late_allcell_DPN_vs_diabetes	False				
KRT34	up	0.68102534	late_allcell_residual	late_allcell_DPN_vs_diabetes	False				
KRT8	up	0.656206366	late_allcell_residual	late_allcell_DPN_vs_diabetes	False				
KRTCAP2	down	-0.86339273	late_allcell_residual	late_allcell_DPN_vs_diabetes	False				
KSR1	up	0.62377137	late_allcell_residual	late_allcell_DPN_vs_diabetes	False				
KSR2	down	-0.794623089	late_allcell_residual	late_allcell_DPN_vs_diabetes	False				
KXD1	up	0.712910173	late_allcell_residual	late_allcell_DPN_vs_diabetes	False				
KYAT1	up	0.732445291	late_allcell_residual	late_allcell_DPN_vs_diabetes	False				
L1TD1	up	2.599622038	late_allcell_residual	late_allcell_DPN_vs_diabetes	False				
LACTB	down	-0.927177986	late_allcell_residual	late_allcell_DPN_vs_diabetes	False				
LAMA1	down	-1.514073169	late_allcell_residual	late_allcell_DPN_vs_diabetes	False				
LAMA5	up	1.105242837	late_allcell_residual	late_allcell_DPN_vs_diabetes	False				
LAMP2	down	-0.664852806	late_allcell_residual	late_allcell_DPN_vs_diabetes	False				
LAMP5	down	-1.618905042	late_allcell_residual	late_allcell_DPN_vs_diabetes	False				
LAMTOR3	down	-0.880059613	late_allcell_residual	late_allcell_DPN_vs_diabetes	False				
LANCL3	down	-1.045615812	late_allcell_residual	late_allcell_DPN_vs_diabetes	False				
LAPTM4A	down	-1.191802009	late_allcell_residual	late_allcell_DPN_vs_diabetes	False				
LAPTM4B	down	-0.913884243	late_allcell_residual	late_allcell_DPN_vs_diabetes	False				
LAPTM5	down	-0.702917864	late_allcell_residual	late_allcell_DPN_vs_diabetes	False				
LBP	up	2.401824142	late_allcell_residual	late_allcell_DPN_vs_diabetes	False				
LBR	down	-0.680727228	late_allcell_residual	late_allcell_DPN_vs_diabetes	False				
LBX2	up	1.473609486	late_allcell_residual	late_allcell_DPN_vs_diabetes	False				
LCN10	up	0.779929401	late_allcell_residual	late_allcell_DPN_vs_diabetes	False				
LCN6	up	1.122564295	late_allcell_residual	late_allcell_DPN_vs_diabetes	False				
LCNL1	down	-0.711157779	late_allcell_residual	late_allcell_DPN_vs_diabetes	False				
LDB3	up	1.272887933	late_allcell_residual	late_allcell_DPN_vs_diabetes	False				
LDHB	down	-0.688246321	late_allcell_residual	late_allcell_DPN_vs_diabetes	False				
LDLR	down	-0.68048454	late_allcell_residual	late_allcell_DPN_vs_diabetes	False				
LDLRAD3	up	0.882319698	late_allcell_residual	late_allcell_DPN_vs_diabetes	False				
LEF1	down	-0.750817827	late_allcell_residual	late_allcell_DPN_vs_diabetes	False				
LENG1	up	0.632400523	late_allcell_residual	late_allcell_DPN_vs_diabetes	False				
LENG9	up	0.906539458	late_allcell_residual	late_allcell_DPN_vs_diabetes	False				
LEP	up	1.686768623	late_allcell_residual	late_allcell_DPN_vs_diabetes	False				
LEPR	down	-1.21021096	late_allcell_residual	late_allcell_DPN_vs_diabetes	False				
LGALS12	up	2.401837811	late_allcell_residual	late_allcell_DPN_vs_diabetes	False				
LGALS9	down	-0.695321457	late_allcell_residual	late_allcell_DPN_vs_diabetes	False				
LGI3	down	-0.959166953	late_allcell_residual	late_allcell_DPN_vs_diabetes	False				
LGR5	down	-1.626867506	late_allcell_residual	late_allcell_DPN_vs_diabetes	False				
LHFPL1	down	-0.61108083	late_allcell_residual	late_allcell_DPN_vs_diabetes	False				
LHFPL3	down	-0.618362544	late_allcell_residual	late_allcell_DPN_vs_diabetes	False				
LHFPL4	down	-1.191503818	late_allcell_residual	late_allcell_DPN_vs_diabetes	False				
LIFR	down	-0.681032215	late_allcell_residual	late_allcell_DPN_vs_diabetes	False				
LIG1	up	0.618776996	late_allcell_residual	late_allcell_DPN_vs_diabetes	False				
LILRA2	down	-0.681199932	late_allcell_residual	late_allcell_DPN_vs_diabetes	False				
LILRA6	up	1.104807359	late_allcell_residual	late_allcell_DPN_vs_diabetes	False				
LILRB2	up	0.620400618	late_allcell_residual	late_allcell_DPN_vs_diabetes	False				
LILRB4	down	-1.030405148	late_allcell_residual	late_allcell_DPN_vs_diabetes	False				
LILRB5	up	2.35004545	late_allcell_residual	late_allcell_DPN_vs_diabetes	False				
LIMA1	up	0.716636745	late_allcell_residual	late_allcell_DPN_vs_diabetes	False				
LIMCH1	up	0.65672207	late_allcell_residual	late_allcell_DPN_vs_diabetes	False				
LIMD1	up	0.674950597	late_allcell_residual	late_allcell_DPN_vs_diabetes	False				
LIMS2	up	0.88044496	late_allcell_residual	late_allcell_DPN_vs_diabetes	False				
LIN37	up	0.748650091	late_allcell_residual	late_allcell_DPN_vs_diabetes	False				
LIN54	down	-0.627268183	late_allcell_residual	late_allcell_DPN_vs_diabetes	False				
LINGO1	down	-0.709899478	late_allcell_residual	late_allcell_DPN_vs_diabetes	False				
LINGO2	down	-0.755629818	late_allcell_residual	late_allcell_DPN_vs_diabetes	False				
LINGO4	down	-0.7597432	late_allcell_residual	late_allcell_DPN_vs_diabetes	False				
LIPA	down	-0.87639748	late_allcell_residual	late_allcell_DPN_vs_diabetes	False				
LIPE	up	1.820477639	late_allcell_residual	late_allcell_DPN_vs_diabetes	False				
LIPH	down	-0.826383189	late_allcell_residual	late_allcell_DPN_vs_diabetes	False				
LLGL2	up	0.808696909	late_allcell_residual	late_allcell_DPN_vs_diabetes	False				
LMCD1	up	0.71891184	late_allcell_residual	late_allcell_DPN_vs_diabetes	False				
LMLN2	down	-2.481551747	late_allcell_residual	late_allcell_DPN_vs_diabetes	False				
LMO1	down	-0.824662842	late_allcell_residual	late_allcell_DPN_vs_diabetes	False				
LMOD1	up	1.248586995	late_allcell_residual	late_allcell_DPN_vs_diabetes	False				
LNPK	down	-0.719256549	late_allcell_residual	late_allcell_DPN_vs_diabetes	False				
LPAR3	down	-1.394057811	late_allcell_residual	late_allcell_DPN_vs_diabetes	False				
LPAR6	down	-0.863112057	late_allcell_residual	late_allcell_DPN_vs_diabetes	False				
LPIN3	up	1.282811743	late_allcell_residual	late_allcell_DPN_vs_diabetes	False				
LRFN5	down	-0.621204442	late_allcell_residual	late_allcell_DPN_vs_diabetes	False				
LRIF1	down	-0.651509426	late_allcell_residual	late_allcell_DPN_vs_diabetes	False				
LRP12	down	-0.755420792	late_allcell_residual	late_allcell_DPN_vs_diabetes	False				
LRP1B	down	-0.932807791	late_allcell_residual	late_allcell_DPN_vs_diabetes	False				
LRP5	up	0.754049266	late_allcell_residual	late_allcell_DPN_vs_diabetes	False				
LRRC10B	up	1.15691275	late_allcell_residual	late_allcell_DPN_vs_diabetes	False				
LRRC2	up	1.786098529	late_allcell_residual	late_allcell_DPN_vs_diabetes	False				
LRRC24	up	0.923595018	late_allcell_residual	late_allcell_DPN_vs_diabetes	False				
LRRC26	up	0.626080453	late_allcell_residual	late_allcell_DPN_vs_diabetes	False				
LRRC27	up	0.782392256	late_allcell_residual	late_allcell_DPN_vs_diabetes	False				
LRRC28	down	-0.642086487	late_allcell_residual	late_allcell_DPN_vs_diabetes	False				
LRRC32	up	1.280561727	late_allcell_residual	late_allcell_DPN_vs_diabetes	False				
LRRC39	down	-0.734437808	late_allcell_residual	late_allcell_DPN_vs_diabetes	False				
LRRC45	up	0.837536797	late_allcell_residual	late_allcell_DPN_vs_diabetes	False				
LRRC49	down	-0.79955419	late_allcell_residual	late_allcell_DPN_vs_diabetes	False				
LRRC52	down	-1.077780384	late_allcell_residual	late_allcell_DPN_vs_diabetes	False				
LRRC53	down	-0.848569464	late_allcell_residual	late_allcell_DPN_vs_diabetes	False				
LRRC56	up	1.045665971	late_allcell_residual	late_allcell_DPN_vs_diabetes	False				
LRRC71	up	0.950701152	late_allcell_residual	late_allcell_DPN_vs_diabetes	False				
LRRC8D	down	-0.871662134	late_allcell_residual	late_allcell_DPN_vs_diabetes	False				
LRRK1	up	0.821057147	late_allcell_residual	late_allcell_DPN_vs_diabetes	False				
LRRN1	down	-1.40854282	late_allcell_residual	late_allcell_DPN_vs_diabetes	False				
LRRTM1	down	-1.675788714	late_allcell_residual	late_allcell_DPN_vs_diabetes	False				
LRRTM4	down	-1.16168828	late_allcell_residual	late_allcell_DPN_vs_diabetes	False				
LSAMP	down	-1.027184766	late_allcell_residual	late_allcell_DPN_vs_diabetes	False				
LSMEM2	up	0.987989798	late_allcell_residual	late_allcell_DPN_vs_diabetes	False				
LSP1	up	1.078605802	late_allcell_residual	late_allcell_DPN_vs_diabetes	False				
LUM	down	-0.650699936	late_allcell_residual	late_allcell_DPN_vs_diabetes	False				
LUZP2	down	-1.704277173	late_allcell_residual	late_allcell_DPN_vs_diabetes	False				
LVRN	up	3.00976328	late_allcell_residual	late_allcell_DPN_vs_diabetes	False				
LY6E	down	-0.708516733	late_allcell_residual	late_allcell_DPN_vs_diabetes	False				
LY6H	down	-2.18672229	late_allcell_residual	late_allcell_DPN_vs_diabetes	False				
LY6K	up	0.601562408	late_allcell_residual	late_allcell_DPN_vs_diabetes	False				
LYPD1	down	-1.129961372	late_allcell_residual	late_allcell_DPN_vs_diabetes	False				
MACROD1	up	0.929082349	late_allcell_residual	late_allcell_DPN_vs_diabetes	False				
MACROD2	down	-1.034242995	late_allcell_residual	late_allcell_DPN_vs_diabetes	False				
MADCAM1	up	0.76756606	late_allcell_residual	late_allcell_DPN_vs_diabetes	False				
MAEL	down	-0.759566423	late_allcell_residual	late_allcell_DPN_vs_diabetes	False				
MAFB	up	0.668052864	late_allcell_residual	late_allcell_DPN_vs_diabetes	False				
MAFK	up	0.820470543	late_allcell_residual	late_allcell_DPN_vs_diabetes	False				
MAGEE1	down	-0.668772228	late_allcell_residual	late_allcell_DPN_vs_diabetes	False				
MAGEH1	down	-0.708375824	late_allcell_residual	late_allcell_DPN_vs_diabetes	False				
MAGEL2	down	-0.616104907	late_allcell_residual	late_allcell_DPN_vs_diabetes	False				
MAGI2	down	-0.763958381	late_allcell_residual	late_allcell_DPN_vs_diabetes	False				
MAGT1	down	-0.610238231	late_allcell_residual	late_allcell_DPN_vs_diabetes	False				
MALT1	down	-0.624058669	late_allcell_residual	late_allcell_DPN_vs_diabetes	False				
MAN1A2	down	-0.667984364	late_allcell_residual	late_allcell_DPN_vs_diabetes	False				
MANBA	down	-0.831535403	late_allcell_residual	late_allcell_DPN_vs_diabetes	False				
MANEAL	down	-0.755745059	late_allcell_residual	late_allcell_DPN_vs_diabetes	False				
MANSC1	down	-0.605524733	late_allcell_residual	late_allcell_DPN_vs_diabetes	False				
MAOA	up	0.706583204	late_allcell_residual	late_allcell_DPN_vs_diabetes	False				
MAP1A	down	-0.785078923	late_allcell_residual	late_allcell_DPN_vs_diabetes	False				
MAP1LC3B	down	-0.841632204	late_allcell_residual	late_allcell_DPN_vs_diabetes	False				
MAP1LC3C	up	2.352917259	late_allcell_residual	late_allcell_DPN_vs_diabetes	False				
MAP2K1	down	-0.902399036	late_allcell_residual	late_allcell_DPN_vs_diabetes	False				
MAP2K4	down	-0.878921835	late_allcell_residual	late_allcell_DPN_vs_diabetes	False				
MAP6	down	-0.80532411	late_allcell_residual	late_allcell_DPN_vs_diabetes	False				
MAP7D2	down	-1.186527932	late_allcell_residual	late_allcell_DPN_vs_diabetes	False				
MAPK12	up	0.630485118	late_allcell_residual	late_allcell_DPN_vs_diabetes	False				
MAPK1IP1L	down	-0.867269179	late_allcell_residual	late_allcell_DPN_vs_diabetes	False				
MAPK4	down	-0.650849197	late_allcell_residual	late_allcell_DPN_vs_diabetes	False				
MAPK8IP1	down	-0.692913451	late_allcell_residual	late_allcell_DPN_vs_diabetes	False				
MAPK8IP2	down	-0.924543921	late_allcell_residual	late_allcell_DPN_vs_diabetes	False				
MAPT	down	-0.671876629	late_allcell_residual	late_allcell_DPN_vs_diabetes	False				
MARCHF10	up	0.590391007	late_allcell_residual	late_allcell_DPN_vs_diabetes	False				
MARCHF3	up	0.865200036	late_allcell_residual	late_allcell_DPN_vs_diabetes	False				
MARVELD3	down	-1.109370355	late_allcell_residual	late_allcell_DPN_vs_diabetes	False				
MAST2	up	0.66340532	late_allcell_residual	late_allcell_DPN_vs_diabetes	False				
MATN3	down	-1.165711227	late_allcell_residual	late_allcell_DPN_vs_diabetes	False				
MBNL3	down	-0.622593939	late_allcell_residual	late_allcell_DPN_vs_diabetes	False				
MBOAT2	down	-1.016655165	late_allcell_residual	late_allcell_DPN_vs_diabetes	False				
MBP	down	-0.733398286	late_allcell_residual	late_allcell_DPN_vs_diabetes	False				
MBTPS2	down	-0.767542546	late_allcell_residual	late_allcell_DPN_vs_diabetes	False				
MCC	up	0.599350236	late_allcell_residual	late_allcell_DPN_vs_diabetes	False				
MCM5	up	0.672073952	late_allcell_residual	late_allcell_DPN_vs_diabetes	False				
MCM7	up	0.665783726	late_allcell_residual	late_allcell_DPN_vs_diabetes	False				
MCOLN2	down	-1.235031842	late_allcell_residual	late_allcell_DPN_vs_diabetes	False				
MCOLN3	down	-0.622580204	late_allcell_residual	late_allcell_DPN_vs_diabetes	False				
MCTP1	up	0.713540536	late_allcell_residual	late_allcell_DPN_vs_diabetes	False				
MDGA1	up	1.967672445	late_allcell_residual	late_allcell_DPN_vs_diabetes	False				
MDGA2	down	-1.169086193	late_allcell_residual	late_allcell_DPN_vs_diabetes	False				
MDH1	down	-0.849115147	late_allcell_residual	late_allcell_DPN_vs_diabetes	False				
ME2	down	-0.685483593	late_allcell_residual	late_allcell_DPN_vs_diabetes	False				
ME3	up	0.738949969	late_allcell_residual	late_allcell_DPN_vs_diabetes	False				
MECOM	up	1.132180022	late_allcell_residual	late_allcell_DPN_vs_diabetes	False				
MED12	up	0.642730904	late_allcell_residual	late_allcell_DPN_vs_diabetes	False				
MED22	up	0.627225529	late_allcell_residual	late_allcell_DPN_vs_diabetes	False				
MEF2B	up	0.792030978	late_allcell_residual	late_allcell_DPN_vs_diabetes	False				
MEGF10	down	-0.786587196	late_allcell_residual	late_allcell_DPN_vs_diabetes	False				
MEGF9	down	-0.633779634	late_allcell_residual	late_allcell_DPN_vs_diabetes	False				
MEIS2	up	0.777783288	late_allcell_residual	late_allcell_DPN_vs_diabetes	False				
MELTF	up	1.409529927	late_allcell_residual	late_allcell_DPN_vs_diabetes	False				
MESP1	up	1.020369195	late_allcell_residual	late_allcell_DPN_vs_diabetes	False				
METRN	down	-0.683982953	late_allcell_residual	late_allcell_DPN_vs_diabetes	False				
METRNL	up	1.049888811	late_allcell_residual	late_allcell_DPN_vs_diabetes	False				
METTL22	up	0.828761789	late_allcell_residual	late_allcell_DPN_vs_diabetes	False				
METTL27	up	0.788032095	late_allcell_residual	late_allcell_DPN_vs_diabetes	False				
MEX3C	down	-0.958722759	late_allcell_residual	late_allcell_DPN_vs_diabetes	False				
MFAP3L	down	-0.665390349	late_allcell_residual	late_allcell_DPN_vs_diabetes	False				
MFNG	up	0.651763334	late_allcell_residual	late_allcell_DPN_vs_diabetes	False				
MFSD14A	down	-1.041371792	late_allcell_residual	late_allcell_DPN_vs_diabetes	False				
MFSD2A	down	-0.866184204	late_allcell_residual	late_allcell_DPN_vs_diabetes	False				
MFSD4A	down	-0.644249469	late_allcell_residual	late_allcell_DPN_vs_diabetes	False				
MFSD8	down	-0.709192629	late_allcell_residual	late_allcell_DPN_vs_diabetes	False				
MGAM2	down	-1.80041587	late_allcell_residual	late_allcell_DPN_vs_diabetes	False				
MGMT	up	0.666850834	late_allcell_residual	late_allcell_DPN_vs_diabetes	False				
MGP	down	-0.851392956	late_allcell_residual	late_allcell_DPN_vs_diabetes	False				
MIA	down	-0.726950346	late_allcell_residual	late_allcell_DPN_vs_diabetes	False				
MIDN	up	0.746969227	late_allcell_residual	late_allcell_DPN_vs_diabetes	False				
MIER2	up	0.595475938	late_allcell_residual	late_allcell_DPN_vs_diabetes	False				
MIGA2	up	0.642782061	late_allcell_residual	late_allcell_DPN_vs_diabetes	False				
MINDY2	up	0.633167401	late_allcell_residual	late_allcell_DPN_vs_diabetes	False				
MINDY4	up	0.807373596	late_allcell_residual	late_allcell_DPN_vs_diabetes	False				
MINPP1	down	-0.654942825	late_allcell_residual	late_allcell_DPN_vs_diabetes	False				
MIOS	down	-0.814972375	late_allcell_residual	late_allcell_DPN_vs_diabetes	False				
MIPOL1	up	0.700137321	late_allcell_residual	late_allcell_DPN_vs_diabetes	False				
MIR9-1HG	down	-1.48805692	late_allcell_residual	late_allcell_DPN_vs_diabetes	False				
MKNK1	up	0.749152231	late_allcell_residual	late_allcell_DPN_vs_diabetes	False				
MLC1	down	-1.12340835	late_allcell_residual	late_allcell_DPN_vs_diabetes	False				
MLKL	up	0.969498274	late_allcell_residual	late_allcell_DPN_vs_diabetes	False				
MLLT1	up	0.642510716	late_allcell_residual	late_allcell_DPN_vs_diabetes	False				
MLLT6	up	0.655511412	late_allcell_residual	late_allcell_DPN_vs_diabetes	False				
MLPH	up	1.650752162	late_allcell_residual	late_allcell_DPN_vs_diabetes	False				
MLXIPL	up	1.054442154	late_allcell_residual	late_allcell_DPN_vs_diabetes	False				
MMD2	down	-1.249679202	late_allcell_residual	late_allcell_DPN_vs_diabetes	False				
MMGT1	down	-0.641814311	late_allcell_residual	late_allcell_DPN_vs_diabetes	False				
MMP11	up	0.637630746	late_allcell_residual	late_allcell_DPN_vs_diabetes	False				
MMP19	up	0.763498599	late_allcell_residual	late_allcell_DPN_vs_diabetes	False				
MMP2	up	0.987218033	late_allcell_residual	late_allcell_DPN_vs_diabetes	False				
MMP24	down	-0.798032734	late_allcell_residual	late_allcell_DPN_vs_diabetes	False				
MMP3	up	2.333960341	late_allcell_residual	late_allcell_DPN_vs_diabetes	False				
MMUT	down	-0.687596391	late_allcell_residual	late_allcell_DPN_vs_diabetes	False				
MN1	up	0.746029424	late_allcell_residual	late_allcell_DPN_vs_diabetes	False				
MNS1	up	0.718855661	late_allcell_residual	late_allcell_DPN_vs_diabetes	False				
MOB1B	down	-0.68115497	late_allcell_residual	late_allcell_DPN_vs_diabetes	False				
MOB2	up	0.842999257	late_allcell_residual	late_allcell_DPN_vs_diabetes	False				
MOB3C	up	0.680476517	late_allcell_residual	late_allcell_DPN_vs_diabetes	False				
MOCS1	up	0.722736334	late_allcell_residual	late_allcell_DPN_vs_diabetes	False				
MOGAT1	up	1.901734319	late_allcell_residual	late_allcell_DPN_vs_diabetes	False				
MORF4L1	down	-1.028678623	late_allcell_residual	late_allcell_DPN_vs_diabetes	False				
MOV10	up	0.670923047	late_allcell_residual	late_allcell_DPN_vs_diabetes	False				
MPEG1	up	0.737861848	late_allcell_residual	late_allcell_DPN_vs_diabetes	False				
MPP4	down	-1.338251902	late_allcell_residual	late_allcell_DPN_vs_diabetes	False				
MPV17L	down	-0.6757333	late_allcell_residual	late_allcell_DPN_vs_diabetes	False				
MPZL2	up	0.840853207	late_allcell_residual	late_allcell_DPN_vs_diabetes	False				
MRAP	up	0.670234232	late_allcell_residual	late_allcell_DPN_vs_diabetes	False				
MRFAP1	down	-1.486810921	late_allcell_residual	late_allcell_DPN_vs_diabetes	False				
MRGPRE	down	-0.759246755	late_allcell_residual	late_allcell_DPN_vs_diabetes	False				
MRGPRF	up	0.862667761	late_allcell_residual	late_allcell_DPN_vs_diabetes	False				
MRGPRX1	down	-0.68399695	late_allcell_residual	late_allcell_DPN_vs_diabetes	False				
MRI1	up	0.749564878	late_allcell_residual	late_allcell_DPN_vs_diabetes	False				
MRM1	up	0.725273878	late_allcell_residual	late_allcell_DPN_vs_diabetes	False				
MROH1	up	0.699107956	late_allcell_residual	late_allcell_DPN_vs_diabetes	False				
MROH6	up	0.720176441	late_allcell_residual	late_allcell_DPN_vs_diabetes	False				
MRTFB	up	0.667936344	late_allcell_residual	late_allcell_DPN_vs_diabetes	False				
MRVI1	up	0.92032333	late_allcell_residual	late_allcell_DPN_vs_diabetes	False				
MSMO1	down	-1.08552047	late_allcell_residual	late_allcell_DPN_vs_diabetes	False				
MT1E	down	-0.911248055	late_allcell_residual	late_allcell_DPN_vs_diabetes	False				
MT3	down	-1.195659794	late_allcell_residual	late_allcell_DPN_vs_diabetes	False				
MTFR1	up	0.741474513	late_allcell_residual	late_allcell_DPN_vs_diabetes	False				
MTHFS	up	0.589842214	late_allcell_residual	late_allcell_DPN_vs_diabetes	False				
MTMR11	up	0.729265048	late_allcell_residual	late_allcell_DPN_vs_diabetes	False				
MTMR7	down	-0.829293189	late_allcell_residual	late_allcell_DPN_vs_diabetes	False				
MTPN	down	-0.636229957	late_allcell_residual	late_allcell_DPN_vs_diabetes	False				
MTSS1	up	0.916757476	late_allcell_residual	late_allcell_DPN_vs_diabetes	False				
MTUS2	down	-0.960919305	late_allcell_residual	late_allcell_DPN_vs_diabetes	False				
MUC4	down	-3.130326478	late_allcell_residual	late_allcell_DPN_vs_diabetes	False				
MUC5B	up	2.206809679	late_allcell_residual	late_allcell_DPN_vs_diabetes	False				
MUSTN1	up	0.622148799	late_allcell_residual	late_allcell_DPN_vs_diabetes	False				
MVK	down	-0.623574711	late_allcell_residual	late_allcell_DPN_vs_diabetes	False				
MX1	down	-0.839726415	late_allcell_residual	late_allcell_DPN_vs_diabetes	False				
MXRA5	down	-0.909833076	late_allcell_residual	late_allcell_DPN_vs_diabetes	False				
MYBBP1A	up	0.616674611	late_allcell_residual	late_allcell_DPN_vs_diabetes	False				
MYBPC3	up	0.956686205	late_allcell_residual	late_allcell_DPN_vs_diabetes	False				
MYCBP	down	-0.676579682	late_allcell_residual	late_allcell_DPN_vs_diabetes	False				
MYCT1	up	0.643026374	late_allcell_residual	late_allcell_DPN_vs_diabetes	False				
MYH11	up	1.343177684	late_allcell_residual	late_allcell_DPN_vs_diabetes	False				
MYH7	up	2.121393947	late_allcell_residual	late_allcell_DPN_vs_diabetes	False				
MYL12A	down	-0.614529569	late_allcell_residual	late_allcell_DPN_vs_diabetes	False				
MYL3	up	0.853160981	late_allcell_residual	late_allcell_DPN_vs_diabetes	False				
MYO10	down	-0.736882822	late_allcell_residual	late_allcell_DPN_vs_diabetes	False				
MYO15A	up	0.749555705	late_allcell_residual	late_allcell_DPN_vs_diabetes	False				
MYO1A	down	-1.043783895	late_allcell_residual	late_allcell_DPN_vs_diabetes	False				
MYO1E	up	0.872858955	late_allcell_residual	late_allcell_DPN_vs_diabetes	False				
MYO1G	up	0.589826187	late_allcell_residual	late_allcell_DPN_vs_diabetes	False				
MYO3B	up	0.868261151	late_allcell_residual	late_allcell_DPN_vs_diabetes	False				
MYO5B	down	-1.258728392	late_allcell_residual	late_allcell_DPN_vs_diabetes	False				
MYO9B	up	0.651694269	late_allcell_residual	late_allcell_DPN_vs_diabetes	False				
MYOC	up	1.88742601	late_allcell_residual	late_allcell_DPN_vs_diabetes	False				
MYOCD	up	1.320606357	late_allcell_residual	late_allcell_DPN_vs_diabetes	False				
MYOM1	up	1.387362668	late_allcell_residual	late_allcell_DPN_vs_diabetes	False				
MYORG	down	-1.041697834	late_allcell_residual	late_allcell_DPN_vs_diabetes	False				
MYT1	down	-0.858159054	late_allcell_residual	late_allcell_DPN_vs_diabetes	False				
MZF1	up	0.725126104	late_allcell_residual	late_allcell_DPN_vs_diabetes	False				
NAA10	up	0.592239274	late_allcell_residual	late_allcell_DPN_vs_diabetes	False				
NAA40	up	0.88631005	late_allcell_residual	late_allcell_DPN_vs_diabetes	False				
NANP	down	-1.234537549	late_allcell_residual	late_allcell_DPN_vs_diabetes	False				
NAP1L2	down	-0.593504458	late_allcell_residual	late_allcell_DPN_vs_diabetes	False				
NAP1L3	down	-1.096070069	late_allcell_residual	late_allcell_DPN_vs_diabetes	False				
NAPSA	up	1.105455669	late_allcell_residual	late_allcell_DPN_vs_diabetes	False				
NAT8L	down	-0.787229627	late_allcell_residual	late_allcell_DPN_vs_diabetes	False				
NBEAL2	up	1.113881056	late_allcell_residual	late_allcell_DPN_vs_diabetes	False				
NBL1	down	-0.641077754	late_allcell_residual	late_allcell_DPN_vs_diabetes	False				
NBN	down	-0.648337622	late_allcell_residual	late_allcell_DPN_vs_diabetes	False				
NBPF1	up	0.688441674	late_allcell_residual	late_allcell_DPN_vs_diabetes	False				
NCAM1	down	-0.8716792	late_allcell_residual	late_allcell_DPN_vs_diabetes	False				
NCAM2	down	-0.64185746	late_allcell_residual	late_allcell_DPN_vs_diabetes	False				
NCAN	down	-1.996622571	late_allcell_residual	late_allcell_DPN_vs_diabetes	False				
NCBP3	up	0.632998852	late_allcell_residual	late_allcell_DPN_vs_diabetes	False				
NCR3LG1	down	-0.644729342	late_allcell_residual	late_allcell_DPN_vs_diabetes	False				
NDN	down	-1.173772359	late_allcell_residual	late_allcell_DPN_vs_diabetes	False				
NDUFAF4	down	-0.622812396	late_allcell_residual	late_allcell_DPN_vs_diabetes	False				
NDUFB2	down	-0.684670872	late_allcell_residual	late_allcell_DPN_vs_diabetes	False				
NDUFB3	down	-0.871150965	late_allcell_residual	late_allcell_DPN_vs_diabetes	False				
NDUFB4	down	-1.041733584	late_allcell_residual	late_allcell_DPN_vs_diabetes	False				
NDUFC2	down	-0.588693506	late_allcell_residual	late_allcell_DPN_vs_diabetes	False				
NEBL	down	-0.723950511	late_allcell_residual	late_allcell_DPN_vs_diabetes	False				
NECTIN1	down	-0.723881806	late_allcell_residual	late_allcell_DPN_vs_diabetes	False				
NEK10	up	0.823487002	late_allcell_residual	late_allcell_DPN_vs_diabetes	False				
NELL1	down	-0.961452493	late_allcell_residual	late_allcell_DPN_vs_diabetes	False				
NEO1	down	-0.859128399	late_allcell_residual	late_allcell_DPN_vs_diabetes	False				
NETO2	down	-0.661326379	late_allcell_residual	late_allcell_DPN_vs_diabetes	False				
NEU4	down	-1.245356426	late_allcell_residual	late_allcell_DPN_vs_diabetes	False				
NEURL2	up	0.95880441	late_allcell_residual	late_allcell_DPN_vs_diabetes	False				
NFATC4	up	0.806769858	late_allcell_residual	late_allcell_DPN_vs_diabetes	False				
NFIL3	up	0.86085532	late_allcell_residual	late_allcell_DPN_vs_diabetes	False				
NFIX	up	0.622832636	late_allcell_residual	late_allcell_DPN_vs_diabetes	False				
NFKB2	up	0.815408305	late_allcell_residual	late_allcell_DPN_vs_diabetes	False				
NFKBID	up	0.628244125	late_allcell_residual	late_allcell_DPN_vs_diabetes	False				
NFYA	up	0.884684063	late_allcell_residual	late_allcell_DPN_vs_diabetes	False				
NGFR	down	-0.626915768	late_allcell_residual	late_allcell_DPN_vs_diabetes	False				
NHP2	down	-0.839087941	late_allcell_residual	late_allcell_DPN_vs_diabetes	False				
NHSL1	up	0.898998372	late_allcell_residual	late_allcell_DPN_vs_diabetes	False				
NIBAN3	up	1.116939053	late_allcell_residual	late_allcell_DPN_vs_diabetes	False				
NIPA2	down	-0.717105005	late_allcell_residual	late_allcell_DPN_vs_diabetes	False				
NIPAL1	down	-0.751599717	late_allcell_residual	late_allcell_DPN_vs_diabetes	False				
NIPAL3	down	-0.716631013	late_allcell_residual	late_allcell_DPN_vs_diabetes	False				
NIPSNAP3B	up	1.042364519	late_allcell_residual	late_allcell_DPN_vs_diabetes	False				
NKAIN2	down	-0.718706296	late_allcell_residual	late_allcell_DPN_vs_diabetes	False				
NKAIN3	down	-1.113857541	late_allcell_residual	late_allcell_DPN_vs_diabetes	False				
NKAIN4	down	-0.958751104	late_allcell_residual	late_allcell_DPN_vs_diabetes	False				
NKD1	up	0.96280772	late_allcell_residual	late_allcell_DPN_vs_diabetes	False				
NKD2	up	0.898196594	late_allcell_residual	late_allcell_DPN_vs_diabetes	False				
NLGN1	down	-0.845602608	late_allcell_residual	late_allcell_DPN_vs_diabetes	False				
NLGN2	up	0.662281801	late_allcell_residual	late_allcell_DPN_vs_diabetes	False				
NLGN4X	down	-1.036313032	late_allcell_residual	late_allcell_DPN_vs_diabetes	False				
NLGN4Y	down	-1.614163574	late_allcell_residual	late_allcell_DPN_vs_diabetes	False				
NLRC3	up	1.137470776	late_allcell_residual	late_allcell_DPN_vs_diabetes	False				
NLRC5	up	0.693148621	late_allcell_residual	late_allcell_DPN_vs_diabetes	False				
NLRP1	up	1.012502888	late_allcell_residual	late_allcell_DPN_vs_diabetes	False				
NLRP10	up	2.03668558	late_allcell_residual	late_allcell_DPN_vs_diabetes	False				
NLRX1	up	0.591122927	late_allcell_residual	late_allcell_DPN_vs_diabetes	False				
NMB	down	-0.783803082	late_allcell_residual	late_allcell_DPN_vs_diabetes	False				
NME2	down	-0.81278627	late_allcell_residual	late_allcell_DPN_vs_diabetes	False				
NME5	down	-0.785620912	late_allcell_residual	late_allcell_DPN_vs_diabetes	False				
NMNAT2	down	-0.963350463	late_allcell_residual	late_allcell_DPN_vs_diabetes	False				
NMU	up	0.803722211	late_allcell_residual	late_allcell_DPN_vs_diabetes	False				
NNAT	down	-0.867054551	late_allcell_residual	late_allcell_DPN_vs_diabetes	False				
NOD1	up	0.948212375	late_allcell_residual	late_allcell_DPN_vs_diabetes	False				
NOL12	up	0.728468167	late_allcell_residual	late_allcell_DPN_vs_diabetes	False				
NOL3	up	1.069378313	late_allcell_residual	late_allcell_DPN_vs_diabetes	False				
NOS1	down	-1.06996507	late_allcell_residual	late_allcell_DPN_vs_diabetes	False				
NOS3	up	0.843695927	late_allcell_residual	late_allcell_DPN_vs_diabetes	False				
NOVA2	up	0.926378006	late_allcell_residual	late_allcell_DPN_vs_diabetes	False				
NOX4	up	0.663321715	late_allcell_residual	late_allcell_DPN_vs_diabetes	False				
NPAS2	up	0.805650697	late_allcell_residual	late_allcell_DPN_vs_diabetes	False				
NPC2	down	-0.721731875	late_allcell_residual	late_allcell_DPN_vs_diabetes	False				
NPL	up	0.605759702	late_allcell_residual	late_allcell_DPN_vs_diabetes	False				
NPR1	up	1.359443797	late_allcell_residual	late_allcell_DPN_vs_diabetes	False				
NPSR1	down	-1.34186758	late_allcell_residual	late_allcell_DPN_vs_diabetes	False				
NPTX1	down	-1.113852657	late_allcell_residual	late_allcell_DPN_vs_diabetes	False				
NPY2R	up	0.660315682	late_allcell_residual	late_allcell_DPN_vs_diabetes	False				
NQO2	up	0.598922842	late_allcell_residual	late_allcell_DPN_vs_diabetes	False				
NR1D1	up	0.647918344	late_allcell_residual	late_allcell_DPN_vs_diabetes	False				
NR1H3	up	0.732314795	late_allcell_residual	late_allcell_DPN_vs_diabetes	False				
NR4A1	up	0.672153065	late_allcell_residual	late_allcell_DPN_vs_diabetes	False				
NR5A2	up	0.648136025	late_allcell_residual	late_allcell_DPN_vs_diabetes	False				
NR6A1	down	-0.703327932	late_allcell_residual	late_allcell_DPN_vs_diabetes	False				
NRARP	up	0.658876328	late_allcell_residual	late_allcell_DPN_vs_diabetes	False				
NRCAM	down	-0.7053715	late_allcell_residual	late_allcell_DPN_vs_diabetes	False				
NRG1	down	-0.601782203	late_allcell_residual	late_allcell_DPN_vs_diabetes	False				
NRG3	down	-0.859113216	late_allcell_residual	late_allcell_DPN_vs_diabetes	False				
NRP1	up	0.86843964	late_allcell_residual	late_allcell_DPN_vs_diabetes	False				
NRSN1	down	-1.057267906	late_allcell_residual	late_allcell_DPN_vs_diabetes	False				
NRXN1	up	0.626867264	late_allcell_residual	late_allcell_DPN_vs_diabetes	False				
NSA2	down	-0.58902829	late_allcell_residual	late_allcell_DPN_vs_diabetes	False				
NSF	down	-0.944194082	late_allcell_residual	late_allcell_DPN_vs_diabetes	False				
NT5DC3	up	0.712410289	late_allcell_residual	late_allcell_DPN_vs_diabetes	False				
NTM	up	1.162004298	late_allcell_residual	late_allcell_DPN_vs_diabetes	False				
NTNG2	down	-0.597670524	late_allcell_residual	late_allcell_DPN_vs_diabetes	False				
NTRK1	down	-0.651659778	late_allcell_residual	late_allcell_DPN_vs_diabetes	False				
NTSR2	down	-1.256866744	late_allcell_residual	late_allcell_DPN_vs_diabetes	False				
NUAK1	up	0.714321181	late_allcell_residual	late_allcell_DPN_vs_diabetes	False				
NUAK2	up	1.193926343	late_allcell_residual	late_allcell_DPN_vs_diabetes	False				
NUDT10	down	-0.773578691	late_allcell_residual	late_allcell_DPN_vs_diabetes	False				
NUP43	down	-0.632943401	late_allcell_residual	late_allcell_DPN_vs_diabetes	False				
NUPR1	up	0.58936831	late_allcell_residual	late_allcell_DPN_vs_diabetes	False				
NXF3	up	1.54675319	late_allcell_residual	late_allcell_DPN_vs_diabetes	False				
NXNL1	up	1.021501043	late_allcell_residual	late_allcell_DPN_vs_diabetes	False				
NXPH3	up	0.94447104	late_allcell_residual	late_allcell_DPN_vs_diabetes	False				
NXT2	down	-0.586728454	late_allcell_residual	late_allcell_DPN_vs_diabetes	False				
OBSCN	up	1.737463279	late_allcell_residual	late_allcell_DPN_vs_diabetes	False				
ODF3B	up	0.710921721	late_allcell_residual	late_allcell_DPN_vs_diabetes	False				
ODF3L2	up	0.593656809	late_allcell_residual	late_allcell_DPN_vs_diabetes	False				
OGDHL	down	-0.825753651	late_allcell_residual	late_allcell_DPN_vs_diabetes	False				
OGFR	up	0.589179726	late_allcell_residual	late_allcell_DPN_vs_diabetes	False				
OGN	down	-1.923112956	late_allcell_residual	late_allcell_DPN_vs_diabetes	False				
OLFM3	down	-1.001206206	late_allcell_residual	late_allcell_DPN_vs_diabetes	False				
OLR1	up	0.695416755	late_allcell_residual	late_allcell_DPN_vs_diabetes	False				
OMA1	down	-1.031819414	late_allcell_residual	late_allcell_DPN_vs_diabetes	False				
OMD	down	-1.805584398	late_allcell_residual	late_allcell_DPN_vs_diabetes	False				
OMG	down	-1.084921208	late_allcell_residual	late_allcell_DPN_vs_diabetes	False				
OPCML	down	-0.770912576	late_allcell_residual	late_allcell_DPN_vs_diabetes	False				
OPN3	down	-0.850078732	late_allcell_residual	late_allcell_DPN_vs_diabetes	False				
OPRD1	down	-1.08922242	late_allcell_residual	late_allcell_DPN_vs_diabetes	False				
OR2AT4	down	-1.479606117	late_allcell_residual	late_allcell_DPN_vs_diabetes	False				
OR2L13	down	-1.172014801	late_allcell_residual	late_allcell_DPN_vs_diabetes	False				
OR2L2	down	-1.546473311	late_allcell_residual	late_allcell_DPN_vs_diabetes	False				
OR2L3	down	-1.805644177	late_allcell_residual	late_allcell_DPN_vs_diabetes	False				
OR2L5	down	-1.471199322	late_allcell_residual	late_allcell_DPN_vs_diabetes	False				
OR2M4	down	-0.684251921	late_allcell_residual	late_allcell_DPN_vs_diabetes	False				
OR2M5	down	-1.455877902	late_allcell_residual	late_allcell_DPN_vs_diabetes	False				
OR2T33	down	-0.595328114	late_allcell_residual	late_allcell_DPN_vs_diabetes	False				
OR4F21	up	0.652064242	late_allcell_residual	late_allcell_DPN_vs_diabetes	False				
OR52K2	down	-1.868501307	late_allcell_residual	late_allcell_DPN_vs_diabetes	False				
OR7A5	up	0.661831611	late_allcell_residual	late_allcell_DPN_vs_diabetes	False				
ORC6	down	-0.845386307	late_allcell_residual	late_allcell_DPN_vs_diabetes	False				
ORMDL3	up	0.74426381	late_allcell_residual	late_allcell_DPN_vs_diabetes	False				
OSBPL2	up	0.595182272	late_allcell_residual	late_allcell_DPN_vs_diabetes	False				
OSBPL3	down	-0.698530014	late_allcell_residual	late_allcell_DPN_vs_diabetes	False				
OSBPL5	up	0.746716223	late_allcell_residual	late_allcell_DPN_vs_diabetes	False				
OSGIN1	up	0.885343909	late_allcell_residual	late_allcell_DPN_vs_diabetes	False				
OSGIN2	down	-1.613384055	late_allcell_residual	late_allcell_DPN_vs_diabetes	False				
OSR2	up	1.575036895	late_allcell_residual	late_allcell_DPN_vs_diabetes	False				
OST4	up	0.836779756	late_allcell_residual	late_allcell_DPN_vs_diabetes	False				
OSTM1	down	-0.764454304	late_allcell_residual	late_allcell_DPN_vs_diabetes	False				
OTUD1	down	-1.3312168	late_allcell_residual	late_allcell_DPN_vs_diabetes	False				
OTULINL	down	-0.773650418	late_allcell_residual	late_allcell_DPN_vs_diabetes	False				
P2RX3	down	-1.081492352	late_allcell_residual	late_allcell_DPN_vs_diabetes	False				
P4HA3	up	1.191473752	late_allcell_residual	late_allcell_DPN_vs_diabetes	False				
PACSIN1	down	-0.788269714	late_allcell_residual	late_allcell_DPN_vs_diabetes	False				
PAFAH1B3	down	-0.604697703	late_allcell_residual	late_allcell_DPN_vs_diabetes	False				
PAG1	down	-0.740730285	late_allcell_residual	late_allcell_DPN_vs_diabetes	False				
PAICS	down	-1.300610894	late_allcell_residual	late_allcell_DPN_vs_diabetes	False				
PAIP1	down	-0.921899329	late_allcell_residual	late_allcell_DPN_vs_diabetes	False				
PAIP2	down	-0.649139454	late_allcell_residual	late_allcell_DPN_vs_diabetes	False				
PAK5	down	-0.664659705	late_allcell_residual	late_allcell_DPN_vs_diabetes	False				
PAM	down	-0.599962643	late_allcell_residual	late_allcell_DPN_vs_diabetes	False				
PANK1	down	-1.051841552	late_allcell_residual	late_allcell_DPN_vs_diabetes	False				
PAPPA	up	0.994872651	late_allcell_residual	late_allcell_DPN_vs_diabetes	False				
PAPSS1	down	-0.733494454	late_allcell_residual	late_allcell_DPN_vs_diabetes	False				
PAQR5	down	-1.209917861	late_allcell_residual	late_allcell_DPN_vs_diabetes	False				
PAQR8	down	-1.086265071	late_allcell_residual	late_allcell_DPN_vs_diabetes	False				
PAQR9	down	-0.761388419	late_allcell_residual	late_allcell_DPN_vs_diabetes	False				
PARP2	down	-0.640375161	late_allcell_residual	late_allcell_DPN_vs_diabetes	False				
PARP3	up	0.910064636	late_allcell_residual	late_allcell_DPN_vs_diabetes	False				
PARPBP	down	-0.724067156	late_allcell_residual	late_allcell_DPN_vs_diabetes	False				
PATE2	down	-0.807662683	late_allcell_residual	late_allcell_DPN_vs_diabetes	False				
PAX3	up	0.747356833	late_allcell_residual	late_allcell_DPN_vs_diabetes	False				
PAX8	down	-0.640307782	late_allcell_residual	late_allcell_DPN_vs_diabetes	False				
PAX9	up	0.858781441	late_allcell_residual	late_allcell_DPN_vs_diabetes	False				
PBX1	up	0.752832876	late_allcell_residual	late_allcell_DPN_vs_diabetes	False				
PBX4	up	0.833153959	late_allcell_residual	late_allcell_DPN_vs_diabetes	False				
PCBP2	down	-1.161309088	late_allcell_residual	late_allcell_DPN_vs_diabetes	False				
PCDH11Y	down	-1.570577071	late_allcell_residual	late_allcell_DPN_vs_diabetes	False				
PCDH15	up	1.30248749	late_allcell_residual	late_allcell_DPN_vs_diabetes	False				
PCDH7	down	-0.934601089	late_allcell_residual	late_allcell_DPN_vs_diabetes	False				
PCDH9	down	-0.862820046	late_allcell_residual	late_allcell_DPN_vs_diabetes	False				
PCDHA1	down	-0.650978881	late_allcell_residual	late_allcell_DPN_vs_diabetes	False				
PCDHA10	down	-0.754716652	late_allcell_residual	late_allcell_DPN_vs_diabetes	False				
PCDHA6	down	-0.674811727	late_allcell_residual	late_allcell_DPN_vs_diabetes	False				
PCDHB7	down	-1.242314146	late_allcell_residual	late_allcell_DPN_vs_diabetes	False				
PCDHGA12	up	0.646558536	late_allcell_residual	late_allcell_DPN_vs_diabetes	False				
PCED1A	up	0.674484069	late_allcell_residual	late_allcell_DPN_vs_diabetes	False				
PCGF5	down	-0.637839067	late_allcell_residual	late_allcell_DPN_vs_diabetes	False				
PCK1	up	1.834347186	late_allcell_residual	late_allcell_DPN_vs_diabetes	False				
PCLO	down	-1.067666741	late_allcell_residual	late_allcell_DPN_vs_diabetes	False				
PCMT1	down	-0.612636669	late_allcell_residual	late_allcell_DPN_vs_diabetes	False				
PCNA	down	-0.746733835	late_allcell_residual	late_allcell_DPN_vs_diabetes	False				
PCOLCE2	up	0.987378663	late_allcell_residual	late_allcell_DPN_vs_diabetes	False				
PCSK1	down	-0.818190675	late_allcell_residual	late_allcell_DPN_vs_diabetes	False				
PCSK1N	down	-0.734217269	late_allcell_residual	late_allcell_DPN_vs_diabetes	False				
PCSK2	down	-1.055464677	late_allcell_residual	late_allcell_DPN_vs_diabetes	False				
PCSK7	up	0.653944871	late_allcell_residual	late_allcell_DPN_vs_diabetes	False				
PCYT1B	down	-0.900045477	late_allcell_residual	late_allcell_DPN_vs_diabetes	False				
PDCD1LG2	up	0.672548035	late_allcell_residual	late_allcell_DPN_vs_diabetes	False				
PDE10A	up	0.681083819	late_allcell_residual	late_allcell_DPN_vs_diabetes	False				
PDE1A	up	0.697041255	late_allcell_residual	late_allcell_DPN_vs_diabetes	False				
PDE2A	up	0.724803028	late_allcell_residual	late_allcell_DPN_vs_diabetes	False				
PDE6H	down	-0.631644134	late_allcell_residual	late_allcell_DPN_vs_diabetes	False				
PDE7B	down	-0.789943918	late_allcell_residual	late_allcell_DPN_vs_diabetes	False				
PDGFA	up	0.602710632	late_allcell_residual	late_allcell_DPN_vs_diabetes	False				
PDGFB	up	0.697195251	late_allcell_residual	late_allcell_DPN_vs_diabetes	False				
PDGFD	down	-0.785530956	late_allcell_residual	late_allcell_DPN_vs_diabetes	False				
PDIK1L	down	-0.660081507	late_allcell_residual	late_allcell_DPN_vs_diabetes	False				
PDPN	down	-0.865138891	late_allcell_residual	late_allcell_DPN_vs_diabetes	False				
PDZD2	down	-0.63674007	late_allcell_residual	late_allcell_DPN_vs_diabetes	False				
PDZD3	up	0.827863281	late_allcell_residual	late_allcell_DPN_vs_diabetes	False				
PDZD8	down	-0.634657616	late_allcell_residual	late_allcell_DPN_vs_diabetes	False				
PDZK1	up	0.645867579	late_allcell_residual	late_allcell_DPN_vs_diabetes	False				
PDZRN4	down	-0.697696339	late_allcell_residual	late_allcell_DPN_vs_diabetes	False				
PEG10	down	-0.649943269	late_allcell_residual	late_allcell_DPN_vs_diabetes	False				
PEG3	down	-0.585053299	late_allcell_residual	late_allcell_DPN_vs_diabetes	False				
PELI1	down	-0.720212554	late_allcell_residual	late_allcell_DPN_vs_diabetes	False				
PERP	down	-0.619630162	late_allcell_residual	late_allcell_DPN_vs_diabetes	False				
PEX2	down	-0.76132357	late_allcell_residual	late_allcell_DPN_vs_diabetes	False				
PEX6	up	0.592272342	late_allcell_residual	late_allcell_DPN_vs_diabetes	False				
PEX7	up	0.739614015	late_allcell_residual	late_allcell_DPN_vs_diabetes	False				
PFDN4	down	-0.746751802	late_allcell_residual	late_allcell_DPN_vs_diabetes	False				
PFKFB1	up	2.090995858	late_allcell_residual	late_allcell_DPN_vs_diabetes	False				
PFKFB3	up	1.142583419	late_allcell_residual	late_allcell_DPN_vs_diabetes	False				
PFN4	up	0.658910139	late_allcell_residual	late_allcell_DPN_vs_diabetes	False				
PGRMC1	down	-0.640945441	late_allcell_residual	late_allcell_DPN_vs_diabetes	False				
PGS1	up	0.679077079	late_allcell_residual	late_allcell_DPN_vs_diabetes	False				
PHETA2	up	0.710210136	late_allcell_residual	late_allcell_DPN_vs_diabetes	False				
PHF24	down	-0.972057936	late_allcell_residual	late_allcell_DPN_vs_diabetes	False				
PHKG1	up	0.938981432	late_allcell_residual	late_allcell_DPN_vs_diabetes	False				
PHLPP1	down	-0.803798285	late_allcell_residual	late_allcell_DPN_vs_diabetes	False				
PHOX2B	down	-0.941271399	late_allcell_residual	late_allcell_DPN_vs_diabetes	False				
PHYHIPL	down	-0.805632679	late_allcell_residual	late_allcell_DPN_vs_diabetes	False				
PIDD1	up	0.712289554	late_allcell_residual	late_allcell_DPN_vs_diabetes	False				
PIERCE1	down	-0.655807924	late_allcell_residual	late_allcell_DPN_vs_diabetes	False				
PIEZO2	down	-1.402803099	late_allcell_residual	late_allcell_DPN_vs_diabetes	False				
PIGC	down	-0.923559961	late_allcell_residual	late_allcell_DPN_vs_diabetes	False				
PIGK	down	-0.948168869	late_allcell_residual	late_allcell_DPN_vs_diabetes	False				
PIK3C2A	down	-0.839472657	late_allcell_residual	late_allcell_DPN_vs_diabetes	False				
PIR	up	0.749089362	late_allcell_residual	late_allcell_DPN_vs_diabetes	False				
PIRT	down	-1.165030941	late_allcell_residual	late_allcell_DPN_vs_diabetes	False				
PKD1L3	up	1.418686492	late_allcell_residual	late_allcell_DPN_vs_diabetes	False				
PKDCC	up	1.305827135	late_allcell_residual	late_allcell_DPN_vs_diabetes	False				
PKN1	up	0.661321427	late_allcell_residual	late_allcell_DPN_vs_diabetes	False				
PKN3	up	0.901778333	late_allcell_residual	late_allcell_DPN_vs_diabetes	False				
PKP3	up	0.601985439	late_allcell_residual	late_allcell_DPN_vs_diabetes	False				
PLA1A	up	0.685389416	late_allcell_residual	late_allcell_DPN_vs_diabetes	False				
PLA2G2A	up	1.380695552	late_allcell_residual	late_allcell_DPN_vs_diabetes	False				
PLA2G3	down	-0.781198376	late_allcell_residual	late_allcell_DPN_vs_diabetes	False				
PLA2G4C	up	1.118756871	late_allcell_residual	late_allcell_DPN_vs_diabetes	False				
PLA2G5	up	0.999857146	late_allcell_residual	late_allcell_DPN_vs_diabetes	False				
PLA2G6	up	0.682101985	late_allcell_residual	late_allcell_DPN_vs_diabetes	False				
PLAAT1	down	-0.713514184	late_allcell_residual	late_allcell_DPN_vs_diabetes	False				
PLAG1	down	-0.846176304	late_allcell_residual	late_allcell_DPN_vs_diabetes	False				
PLAU	up	0.998089274	late_allcell_residual	late_allcell_DPN_vs_diabetes	False				
PLCD1	up	0.667676288	late_allcell_residual	late_allcell_DPN_vs_diabetes	False				
PLCE1	down	-0.724537838	late_allcell_residual	late_allcell_DPN_vs_diabetes	False				
PLCG1	up	0.75317457	late_allcell_residual	late_allcell_DPN_vs_diabetes	False				
PLCXD1	up	1.43826544	late_allcell_residual	late_allcell_DPN_vs_diabetes	False				
PLEK	up	0.818259288	late_allcell_residual	late_allcell_DPN_vs_diabetes	False				
PLEKHA6	down	-1.019400534	late_allcell_residual	late_allcell_DPN_vs_diabetes	False				
PLEKHD1	down	-0.950329166	late_allcell_residual	late_allcell_DPN_vs_diabetes	False				
PLEKHF1	up	0.906373519	late_allcell_residual	late_allcell_DPN_vs_diabetes	False				
PLEKHG1	up	0.769344728	late_allcell_residual	late_allcell_DPN_vs_diabetes	False				
PLEKHG3	up	0.847421041	late_allcell_residual	late_allcell_DPN_vs_diabetes	False				
PLEKHG4	up	0.88776986	late_allcell_residual	late_allcell_DPN_vs_diabetes	False				
PLEKHG5	up	1.331354596	late_allcell_residual	late_allcell_DPN_vs_diabetes	False				
PLEKHG6	up	2.057292022	late_allcell_residual	late_allcell_DPN_vs_diabetes	False				
PLEKHH1	down	-0.599907786	late_allcell_residual	late_allcell_DPN_vs_diabetes	False				
PLEKHH2	up	0.686444342	late_allcell_residual	late_allcell_DPN_vs_diabetes	False				
PLEKHH3	up	0.780342845	late_allcell_residual	late_allcell_DPN_vs_diabetes	False				
PLIN1	up	2.169730035	late_allcell_residual	late_allcell_DPN_vs_diabetes	False				
PLIN4	up	2.24694828	late_allcell_residual	late_allcell_DPN_vs_diabetes	False				
PLIN5	up	1.532844457	late_allcell_residual	late_allcell_DPN_vs_diabetes	False				
PLK3	up	0.684082217	late_allcell_residual	late_allcell_DPN_vs_diabetes	False				
PLLP	down	-0.847340838	late_allcell_residual	late_allcell_DPN_vs_diabetes	False				
PLN	up	0.913171799	late_allcell_residual	late_allcell_DPN_vs_diabetes	False				
PLPP2	up	1.033589333	late_allcell_residual	late_allcell_DPN_vs_diabetes	False				
PLPP3	up	0.642252388	late_allcell_residual	late_allcell_DPN_vs_diabetes	False				
PLPP4	up	0.735996087	late_allcell_residual	late_allcell_DPN_vs_diabetes	False				
PLPPR1	down	-0.675987786	late_allcell_residual	late_allcell_DPN_vs_diabetes	False				
PLS1	down	-0.788115591	late_allcell_residual	late_allcell_DPN_vs_diabetes	False				
PLTP	up	1.075029388	late_allcell_residual	late_allcell_DPN_vs_diabetes	False				
PLXDC1	up	1.666100543	late_allcell_residual	late_allcell_DPN_vs_diabetes	False				
PLXNB2	up	0.655007424	late_allcell_residual	late_allcell_DPN_vs_diabetes	False				
PM20D1	down	-0.8658219	late_allcell_residual	late_allcell_DPN_vs_diabetes	False				
PMF1	up	0.703583162	late_allcell_residual	late_allcell_DPN_vs_diabetes	False				
PML	up	0.882127946	late_allcell_residual	late_allcell_DPN_vs_diabetes	False				
PMM2	up	0.67700878	late_allcell_residual	late_allcell_DPN_vs_diabetes	False				
PNLDC1	up	1.883939369	late_allcell_residual	late_allcell_DPN_vs_diabetes	False				
PNMA2	down	-0.672801157	late_allcell_residual	late_allcell_DPN_vs_diabetes	False				
PNMA3	down	-0.899100692	late_allcell_residual	late_allcell_DPN_vs_diabetes	False				
PNMA8C	down	-0.62525693	late_allcell_residual	late_allcell_DPN_vs_diabetes	False				
PNMT	up	2.012324616	late_allcell_residual	late_allcell_DPN_vs_diabetes	False				
PNPLA2	up	1.289627602	late_allcell_residual	late_allcell_DPN_vs_diabetes	False				
PNPLA3	down	-0.953781748	late_allcell_residual	late_allcell_DPN_vs_diabetes	False				
PNPLA4	down	-0.633689066	late_allcell_residual	late_allcell_DPN_vs_diabetes	False				
PNPLA7	up	1.103907784	late_allcell_residual	late_allcell_DPN_vs_diabetes	False				
PNRC1	down	-0.736974697	late_allcell_residual	late_allcell_DPN_vs_diabetes	False				
PODN	up	0.663685499	late_allcell_residual	late_allcell_DPN_vs_diabetes	False				
PODNL1	up	1.549428664	late_allcell_residual	late_allcell_DPN_vs_diabetes	False				
PODXL2	down	-0.717153111	late_allcell_residual	late_allcell_DPN_vs_diabetes	False				
POFUT2	up	1.049933649	late_allcell_residual	late_allcell_DPN_vs_diabetes	False				
POLD1	up	0.61993356	late_allcell_residual	late_allcell_DPN_vs_diabetes	False				
POLE	up	0.635335333	late_allcell_residual	late_allcell_DPN_vs_diabetes	False				
POLM	up	0.63311493	late_allcell_residual	late_allcell_DPN_vs_diabetes	False				
POLR2I	down	-0.653555485	late_allcell_residual	late_allcell_DPN_vs_diabetes	False				
POM121C	down	-0.849685122	late_allcell_residual	late_allcell_DPN_vs_diabetes	False				
POMGNT2	down	-0.654373853	late_allcell_residual	late_allcell_DPN_vs_diabetes	False				
POPDC2	up	0.614899829	late_allcell_residual	late_allcell_DPN_vs_diabetes	False				
POPDC3	down	-0.632916277	late_allcell_residual	late_allcell_DPN_vs_diabetes	False				
POSTN	up	0.827086857	late_allcell_residual	late_allcell_DPN_vs_diabetes	False				
POU2AF3	up	0.851153017	late_allcell_residual	late_allcell_DPN_vs_diabetes	False				
POU2F3	down	-1.503530362	late_allcell_residual	late_allcell_DPN_vs_diabetes	False				
POU3F2	down	-0.692872541	late_allcell_residual	late_allcell_DPN_vs_diabetes	False				
POU4F1	down	-0.72499136	late_allcell_residual	late_allcell_DPN_vs_diabetes	False				
POU4F2	down	-0.77892706	late_allcell_residual	late_allcell_DPN_vs_diabetes	False				
POU4F3	down	-1.037972964	late_allcell_residual	late_allcell_DPN_vs_diabetes	False				
POU5F2	up	0.609173255	late_allcell_residual	late_allcell_DPN_vs_diabetes	False				
POU6F1	up	0.591326672	late_allcell_residual	late_allcell_DPN_vs_diabetes	False				
PPARG	up	1.567097184	late_allcell_residual	late_allcell_DPN_vs_diabetes	False				
PPFIA4	up	0.797973139	late_allcell_residual	late_allcell_DPN_vs_diabetes	False				
PPIE	up	0.668376173	late_allcell_residual	late_allcell_DPN_vs_diabetes	False				
PPIL1	down	-0.752349272	late_allcell_residual	late_allcell_DPN_vs_diabetes	False				
PPIL4	down	-0.733080718	late_allcell_residual	late_allcell_DPN_vs_diabetes	False				
PPM1D	up	0.777473516	late_allcell_residual	late_allcell_DPN_vs_diabetes	False				
PPM1E	down	-0.804289253	late_allcell_residual	late_allcell_DPN_vs_diabetes	False				
PPM1F	up	0.868441079	late_allcell_residual	late_allcell_DPN_vs_diabetes	False				
PPM1J	down	-0.700347803	late_allcell_residual	late_allcell_DPN_vs_diabetes	False				
PPM1M	up	0.697009487	late_allcell_residual	late_allcell_DPN_vs_diabetes	False				
PPME1	down	-0.75048688	late_allcell_residual	late_allcell_DPN_vs_diabetes	False				
PPP1R13L	up	0.823349072	late_allcell_residual	late_allcell_DPN_vs_diabetes	False				
PPP1R14A	up	1.235591039	late_allcell_residual	late_allcell_DPN_vs_diabetes	False				
PPP1R15A	up	0.589034044	late_allcell_residual	late_allcell_DPN_vs_diabetes	False				
PPP1R16A	up	0.747759153	late_allcell_residual	late_allcell_DPN_vs_diabetes	False				
PPP1R16B	up	1.014645598	late_allcell_residual	late_allcell_DPN_vs_diabetes	False				
PPP1R1A	up	1.308748923	late_allcell_residual	late_allcell_DPN_vs_diabetes	False				
PPP1R3D	up	0.632243939	late_allcell_residual	late_allcell_DPN_vs_diabetes	False				
PPP2CB	down	-0.65997121	late_allcell_residual	late_allcell_DPN_vs_diabetes	False				
PPP2R1A	down	-0.908796068	late_allcell_residual	late_allcell_DPN_vs_diabetes	False				
PPP2R1B	up	0.780916405	late_allcell_residual	late_allcell_DPN_vs_diabetes	False				
PPP4R4	down	-0.726199286	late_allcell_residual	late_allcell_DPN_vs_diabetes	False				
PPT1	down	-0.927394334	late_allcell_residual	late_allcell_DPN_vs_diabetes	False				
PRCD	up	1.474999925	late_allcell_residual	late_allcell_DPN_vs_diabetes	False				
PRDM1	up	0.848757626	late_allcell_residual	late_allcell_DPN_vs_diabetes	False				
PRDM15	up	0.773537502	late_allcell_residual	late_allcell_DPN_vs_diabetes	False				
PRDM16	up	0.621320544	late_allcell_residual	late_allcell_DPN_vs_diabetes	False				
PRDM8	up	0.859860028	late_allcell_residual	late_allcell_DPN_vs_diabetes	False				
PRDX1	down	-0.694658931	late_allcell_residual	late_allcell_DPN_vs_diabetes	False				
PRELID2	up	1.150644093	late_allcell_residual	late_allcell_DPN_vs_diabetes	False				
PREP	down	-0.697961833	late_allcell_residual	late_allcell_DPN_vs_diabetes	False				
PREX2	up	0.595534271	late_allcell_residual	late_allcell_DPN_vs_diabetes	False				
PRG2	up	1.387533826	late_allcell_residual	late_allcell_DPN_vs_diabetes	False				
PRICKLE2	up	0.713732135	late_allcell_residual	late_allcell_DPN_vs_diabetes	False				
PRKG1	up	0.784986444	late_allcell_residual	late_allcell_DPN_vs_diabetes	False				
PRMT7	up	0.677950468	late_allcell_residual	late_allcell_DPN_vs_diabetes	False				
PRMT8	down	-0.711385034	late_allcell_residual	late_allcell_DPN_vs_diabetes	False				
PROB1	up	1.090754109	late_allcell_residual	late_allcell_DPN_vs_diabetes	False				
PROC	up	0.624459156	late_allcell_residual	late_allcell_DPN_vs_diabetes	False				
PRR11	down	-0.689727273	late_allcell_residual	late_allcell_DPN_vs_diabetes	False				
PRR19	down	-0.650098088	late_allcell_residual	late_allcell_DPN_vs_diabetes	False				
PRR5L	up	0.724442855	late_allcell_residual	late_allcell_DPN_vs_diabetes	False				
PRR7	down	-0.642728946	late_allcell_residual	late_allcell_DPN_vs_diabetes	False				
PRRC1	down	-0.690225616	late_allcell_residual	late_allcell_DPN_vs_diabetes	False				
PRRT2	up	0.984904925	late_allcell_residual	late_allcell_DPN_vs_diabetes	False				
PRRT4	up	2.439977249	late_allcell_residual	late_allcell_DPN_vs_diabetes	False				
PRRX1	up	0.914764986	late_allcell_residual	late_allcell_DPN_vs_diabetes	False				
PRSS12	down	-0.626478071	late_allcell_residual	late_allcell_DPN_vs_diabetes	False				
PRSS3	down	-1.027821115	late_allcell_residual	late_allcell_DPN_vs_diabetes	False				
PRSS35	down	-2.155917191	late_allcell_residual	late_allcell_DPN_vs_diabetes	False				
PRSS36	up	0.591015307	late_allcell_residual	late_allcell_DPN_vs_diabetes	False				
PRSS45P	up	2.082591734	late_allcell_residual	late_allcell_DPN_vs_diabetes	False				
PRTFDC1	up	0.646016623	late_allcell_residual	late_allcell_DPN_vs_diabetes	False				
PRUNE2	down	-0.867634455	late_allcell_residual	late_allcell_DPN_vs_diabetes	False				
PRXL2C	down	-0.727206128	late_allcell_residual	late_allcell_DPN_vs_diabetes	False				
PSAT1	down	-1.45304796	late_allcell_residual	late_allcell_DPN_vs_diabetes	False				
PSD2	down	-0.658446597	late_allcell_residual	late_allcell_DPN_vs_diabetes	False				
PSMA1	down	-0.588301813	late_allcell_residual	late_allcell_DPN_vs_diabetes	False				
PSMA2	down	-0.703372517	late_allcell_residual	late_allcell_DPN_vs_diabetes	False				
PSMB2	down	-0.70172028	late_allcell_residual	late_allcell_DPN_vs_diabetes	False				
PSMB3	down	-0.601309386	late_allcell_residual	late_allcell_DPN_vs_diabetes	False				
PSMB5	down	-0.599407851	late_allcell_residual	late_allcell_DPN_vs_diabetes	False				
PSMB6	down	-0.603787634	late_allcell_residual	late_allcell_DPN_vs_diabetes	False				
PSMC1	down	-0.684561704	late_allcell_residual	late_allcell_DPN_vs_diabetes	False				
PSME2	down	-0.800466608	late_allcell_residual	late_allcell_DPN_vs_diabetes	False				
PSORS1C1	up	0.916162401	late_allcell_residual	late_allcell_DPN_vs_diabetes	False				
PSTPIP1	up	0.668339078	late_allcell_residual	late_allcell_DPN_vs_diabetes	False				
PTCD1	up	0.640598082	late_allcell_residual	late_allcell_DPN_vs_diabetes	False				
PTDSS1	down	-0.664828823	late_allcell_residual	late_allcell_DPN_vs_diabetes	False				
PTEN	down	-1.195794516	late_allcell_residual	late_allcell_DPN_vs_diabetes	False				
PTGER2	down	-1.28960197	late_allcell_residual	late_allcell_DPN_vs_diabetes	False				
PTGER3	up	0.859380296	late_allcell_residual	late_allcell_DPN_vs_diabetes	False				
PTGES2	up	0.587904166	late_allcell_residual	late_allcell_DPN_vs_diabetes	False				
PTGFR	up	0.804454329	late_allcell_residual	late_allcell_DPN_vs_diabetes	False				
PTGIS	up	0.676391673	late_allcell_residual	late_allcell_DPN_vs_diabetes	False				
PTH1R	up	0.986875687	late_allcell_residual	late_allcell_DPN_vs_diabetes	False				
PTK6	up	1.493900112	late_allcell_residual	late_allcell_DPN_vs_diabetes	False				
PTPN5	down	-1.132463871	late_allcell_residual	late_allcell_DPN_vs_diabetes	False				
PTPRB	up	0.818730085	late_allcell_residual	late_allcell_DPN_vs_diabetes	False				
PTPRC	down	-0.776652371	late_allcell_residual	late_allcell_DPN_vs_diabetes	False				
PTPRD	down	-1.233496198	late_allcell_residual	late_allcell_DPN_vs_diabetes	False				
PTPRJ	down	-0.794595997	late_allcell_residual	late_allcell_DPN_vs_diabetes	False				
PTPRK	up	0.667305882	late_allcell_residual	late_allcell_DPN_vs_diabetes	False				
PTPRR	down	-0.806466555	late_allcell_residual	late_allcell_DPN_vs_diabetes	False				
PTPRT	down	-1.17033378	late_allcell_residual	late_allcell_DPN_vs_diabetes	False				
PTPRZ1	down	-0.880769062	late_allcell_residual	late_allcell_DPN_vs_diabetes	False				
PTTG1	down	-0.666237141	late_allcell_residual	late_allcell_DPN_vs_diabetes	False				
PTX3	up	3.207039772	late_allcell_residual	late_allcell_DPN_vs_diabetes	False				
PUS1	up	0.731025629	late_allcell_residual	late_allcell_DPN_vs_diabetes	False				
PUS3	down	-0.785015026	late_allcell_residual	late_allcell_DPN_vs_diabetes	False				
PUSL1	up	1.071117712	late_allcell_residual	late_allcell_DPN_vs_diabetes	False				
PVALB	down	-0.860603163	late_allcell_residual	late_allcell_DPN_vs_diabetes	False				
PWWP2B	up	0.640583527	late_allcell_residual	late_allcell_DPN_vs_diabetes	False				
PYGM	up	0.762258336	late_allcell_residual	late_allcell_DPN_vs_diabetes	False				
PYGO2	up	0.585318479	late_allcell_residual	late_allcell_DPN_vs_diabetes	False				
PYHIN1	up	1.603091014	late_allcell_residual	late_allcell_DPN_vs_diabetes	False				
PYROXD2	up	1.234742675	late_allcell_residual	late_allcell_DPN_vs_diabetes	False				
QRFPR	down	-1.82050193	late_allcell_residual	late_allcell_DPN_vs_diabetes	False				
QRICH2	up	0.667523716	late_allcell_residual	late_allcell_DPN_vs_diabetes	False				
QSOX2	up	0.690364009	late_allcell_residual	late_allcell_DPN_vs_diabetes	False				
QTRT1	up	0.881067831	late_allcell_residual	late_allcell_DPN_vs_diabetes	False				
R3HCC1L	up	0.586437024	late_allcell_residual	late_allcell_DPN_vs_diabetes	False				
RAB11FIP3	up	0.725667606	late_allcell_residual	late_allcell_DPN_vs_diabetes	False				
RAB30	up	0.740024177	late_allcell_residual	late_allcell_DPN_vs_diabetes	False				
RAB33A	down	-0.697081956	late_allcell_residual	late_allcell_DPN_vs_diabetes	False				
RAB37	down	-0.613328737	late_allcell_residual	late_allcell_DPN_vs_diabetes	False				
RAB39B	down	-0.671488813	late_allcell_residual	late_allcell_DPN_vs_diabetes	False				
RAB3D	down	-0.979737503	late_allcell_residual	late_allcell_DPN_vs_diabetes	False				
RAB3IL1	up	1.209549527	late_allcell_residual	late_allcell_DPN_vs_diabetes	False				
RAB5C	up	0.633804318	late_allcell_residual	late_allcell_DPN_vs_diabetes	False				
RAB6C	down	-3.958096467	late_allcell_residual	late_allcell_DPN_vs_diabetes	False				
RAB7B	up	1.731441425	late_allcell_residual	late_allcell_DPN_vs_diabetes	False				
RABEP1	up	0.81846948	late_allcell_residual	late_allcell_DPN_vs_diabetes	False				
RABEP2	up	0.980321281	late_allcell_residual	late_allcell_DPN_vs_diabetes	False				
RAD51D	up	0.930703278	late_allcell_residual	late_allcell_DPN_vs_diabetes	False				
RAD9A	up	0.910208536	late_allcell_residual	late_allcell_DPN_vs_diabetes	False				
RADIL	up	0.957010263	late_allcell_residual	late_allcell_DPN_vs_diabetes	False				
RADX	down	-0.71321305	late_allcell_residual	late_allcell_DPN_vs_diabetes	False				
RALGAPA1	up	0.586765375	late_allcell_residual	late_allcell_DPN_vs_diabetes	False				
RALYL	down	-1.499184999	late_allcell_residual	late_allcell_DPN_vs_diabetes	False				
RAMAC	down	-0.952143799	late_allcell_residual	late_allcell_DPN_vs_diabetes	False				
RAMP1	up	0.71214129	late_allcell_residual	late_allcell_DPN_vs_diabetes	False				
RANBP6	down	-0.831984428	late_allcell_residual	late_allcell_DPN_vs_diabetes	False				
RAP1GAP	down	-1.330518797	late_allcell_residual	late_allcell_DPN_vs_diabetes	False				
RAP1GDS1	down	-0.585470483	late_allcell_residual	late_allcell_DPN_vs_diabetes	False				
RAPGEF3	up	1.029408874	late_allcell_residual	late_allcell_DPN_vs_diabetes	False				
RARRES1	down	-1.775003605	late_allcell_residual	late_allcell_DPN_vs_diabetes	False				
RARRES2	down	-0.684701651	late_allcell_residual	late_allcell_DPN_vs_diabetes	False				
RASA3	up	0.915554094	late_allcell_residual	late_allcell_DPN_vs_diabetes	False				
RASGEF1A	up	0.801165422	late_allcell_residual	late_allcell_DPN_vs_diabetes	False				
RASGEF1C	up	1.009629345	late_allcell_residual	late_allcell_DPN_vs_diabetes	False				
RASGRP2	up	0.626436201	late_allcell_residual	late_allcell_DPN_vs_diabetes	False				
RASIP1	up	0.934230844	late_allcell_residual	late_allcell_DPN_vs_diabetes	False				
RASL10B	up	1.006566418	late_allcell_residual	late_allcell_DPN_vs_diabetes	False				
RASSF1	up	0.979084534	late_allcell_residual	late_allcell_DPN_vs_diabetes	False				
RBBP4	up	0.822483801	late_allcell_residual	late_allcell_DPN_vs_diabetes	False				
RBFOX1	down	-0.706614871	late_allcell_residual	late_allcell_DPN_vs_diabetes	False				
RBFOX3	down	-1.012193922	late_allcell_residual	late_allcell_DPN_vs_diabetes	False				
RBIS	down	-0.738434069	late_allcell_residual	late_allcell_DPN_vs_diabetes	False				
RBM11	down	-0.594417225	late_allcell_residual	late_allcell_DPN_vs_diabetes	False				
RBM14	up	0.736268642	late_allcell_residual	late_allcell_DPN_vs_diabetes	False				
RBM15	up	0.776057399	late_allcell_residual	late_allcell_DPN_vs_diabetes	False				
RBM19	up	0.691986865	late_allcell_residual	late_allcell_DPN_vs_diabetes	False				
RBM24	up	0.852028394	late_allcell_residual	late_allcell_DPN_vs_diabetes	False				
RBM39	up	0.614714199	late_allcell_residual	late_allcell_DPN_vs_diabetes	False				
RBM47	up	1.266839862	late_allcell_residual	late_allcell_DPN_vs_diabetes	False				
RBM48	down	-0.877610617	late_allcell_residual	late_allcell_DPN_vs_diabetes	False				
RBM4B	up	0.606662213	late_allcell_residual	late_allcell_DPN_vs_diabetes	False				
RBP7	up	0.826856365	late_allcell_residual	late_allcell_DPN_vs_diabetes	False				
RBPMS	up	0.834249558	late_allcell_residual	late_allcell_DPN_vs_diabetes	False				
RBSN	down	-0.748406045	late_allcell_residual	late_allcell_DPN_vs_diabetes	False				
RBX1	down	-0.702424959	late_allcell_residual	late_allcell_DPN_vs_diabetes	False				
RCAN1	up	0.624414791	late_allcell_residual	late_allcell_DPN_vs_diabetes	False				
RCC1	up	0.886579552	late_allcell_residual	late_allcell_DPN_vs_diabetes	False				
RCCD1	up	0.970684228	late_allcell_residual	late_allcell_DPN_vs_diabetes	False				
RCN1	down	-0.65155796	late_allcell_residual	late_allcell_DPN_vs_diabetes	False				
RCN2	down	-1.003248039	late_allcell_residual	late_allcell_DPN_vs_diabetes	False				
RCN3	up	1.327742785	late_allcell_residual	late_allcell_DPN_vs_diabetes	False				
RDH13	up	0.658853469	late_allcell_residual	late_allcell_DPN_vs_diabetes	False				
RECQL4	up	1.041971476	late_allcell_residual	late_allcell_DPN_vs_diabetes	False				
REELD1	up	1.211171194	late_allcell_residual	late_allcell_DPN_vs_diabetes	False				
REEP1	down	-0.787055983	late_allcell_residual	late_allcell_DPN_vs_diabetes	False				
REEP2	down	-0.893139056	late_allcell_residual	late_allcell_DPN_vs_diabetes	False				
REEP5	down	-0.641164948	late_allcell_residual	late_allcell_DPN_vs_diabetes	False				
REEP6	down	-0.722907693	late_allcell_residual	late_allcell_DPN_vs_diabetes	False				
RELL2	down	-0.697848045	late_allcell_residual	late_allcell_DPN_vs_diabetes	False				
RELT	up	0.590046083	late_allcell_residual	late_allcell_DPN_vs_diabetes	False				
REM2	up	0.592516917	late_allcell_residual	late_allcell_DPN_vs_diabetes	False				
RENBP	up	0.587967579	late_allcell_residual	late_allcell_DPN_vs_diabetes	False				
RET	down	-0.75772234	late_allcell_residual	late_allcell_DPN_vs_diabetes	False				
RFXAP	up	0.902679158	late_allcell_residual	late_allcell_DPN_vs_diabetes	False				
RGL2	up	0.66822385	late_allcell_residual	late_allcell_DPN_vs_diabetes	False				
RGL3	up	0.969619647	late_allcell_residual	late_allcell_DPN_vs_diabetes	False				
RGS11	up	0.590163702	late_allcell_residual	late_allcell_DPN_vs_diabetes	False				
RGS17	down	-0.763244104	late_allcell_residual	late_allcell_DPN_vs_diabetes	False				
RGS20	up	0.97459346	late_allcell_residual	late_allcell_DPN_vs_diabetes	False				
RGS6	up	1.180658664	late_allcell_residual	late_allcell_DPN_vs_diabetes	False				
RGS7	down	-1.006708962	late_allcell_residual	late_allcell_DPN_vs_diabetes	False				
RGS8	up	2.580094765	late_allcell_residual	late_allcell_DPN_vs_diabetes	False				
RHBDD2	down	-1.012610738	late_allcell_residual	late_allcell_DPN_vs_diabetes	False				
RHO	up	0.849464987	late_allcell_residual	late_allcell_DPN_vs_diabetes	False				
RHOBTB3	up	0.602696962	late_allcell_residual	late_allcell_DPN_vs_diabetes	False				
RHOQ	down	-0.59630622	late_allcell_residual	late_allcell_DPN_vs_diabetes	False				
RHPN1	up	0.670307432	late_allcell_residual	late_allcell_DPN_vs_diabetes	False				
RIBC2	up	0.989273988	late_allcell_residual	late_allcell_DPN_vs_diabetes	False				
RIC3	down	-1.017977204	late_allcell_residual	late_allcell_DPN_vs_diabetes	False				
RILP	up	0.948638834	late_allcell_residual	late_allcell_DPN_vs_diabetes	False				
RILPL1	up	0.667806528	late_allcell_residual	late_allcell_DPN_vs_diabetes	False				
RIMKLA	down	-0.93677886	late_allcell_residual	late_allcell_DPN_vs_diabetes	False				
RIMS1	down	-0.761215171	late_allcell_residual	late_allcell_DPN_vs_diabetes	False				
RIMS2	down	-1.100333075	late_allcell_residual	late_allcell_DPN_vs_diabetes	False				
RIPOR1	up	0.611663471	late_allcell_residual	late_allcell_DPN_vs_diabetes	False				
RIPOR3	up	2.544915979	late_allcell_residual	late_allcell_DPN_vs_diabetes	False				
RIT2	down	-0.747937877	late_allcell_residual	late_allcell_DPN_vs_diabetes	False				
RMDN1	down	-0.616590455	late_allcell_residual	late_allcell_DPN_vs_diabetes	False				
RNASEK	down	-0.616889311	late_allcell_residual	late_allcell_DPN_vs_diabetes	False				
RND1	down	-0.726574912	late_allcell_residual	late_allcell_DPN_vs_diabetes	False				
RND2	down	-0.821197482	late_allcell_residual	late_allcell_DPN_vs_diabetes	False				
RNF122	up	0.697159576	late_allcell_residual	late_allcell_DPN_vs_diabetes	False				
RNF125	up	0.61939677	late_allcell_residual	late_allcell_DPN_vs_diabetes	False				
RNF128	down	-0.699722254	late_allcell_residual	late_allcell_DPN_vs_diabetes	False				
RNF13	down	-0.642561619	late_allcell_residual	late_allcell_DPN_vs_diabetes	False				
RNF144A	up	0.660581357	late_allcell_residual	late_allcell_DPN_vs_diabetes	False				
RNF165	up	1.202858211	late_allcell_residual	late_allcell_DPN_vs_diabetes	False				
RNF212	up	0.897295054	late_allcell_residual	late_allcell_DPN_vs_diabetes	False				
RNF4	up	0.671814201	late_allcell_residual	late_allcell_DPN_vs_diabetes	False				
RNF40	up	0.727904622	late_allcell_residual	late_allcell_DPN_vs_diabetes	False				
RNF6	down	-0.809221758	late_allcell_residual	late_allcell_DPN_vs_diabetes	False				
RNLS	up	0.649366925	late_allcell_residual	late_allcell_DPN_vs_diabetes	False				
ROBO2	down	-0.99921985	late_allcell_residual	late_allcell_DPN_vs_diabetes	False				
ROBO4	up	1.043330395	late_allcell_residual	late_allcell_DPN_vs_diabetes	False				
RPE65	down	-2.435747337	late_allcell_residual	late_allcell_DPN_vs_diabetes	False				
RPGR	up	0.824672728	late_allcell_residual	late_allcell_DPN_vs_diabetes	False				
RPH3A	down	-1.297211738	late_allcell_residual	late_allcell_DPN_vs_diabetes	False				
RPN1	down	-0.724104998	late_allcell_residual	late_allcell_DPN_vs_diabetes	False				
RPN2	down	-0.802826633	late_allcell_residual	late_allcell_DPN_vs_diabetes	False				
RPRM	down	-1.190811941	late_allcell_residual	late_allcell_DPN_vs_diabetes	False				
RRAGC	down	-0.732203196	late_allcell_residual	late_allcell_DPN_vs_diabetes	False				
RREB1	up	0.781027147	late_allcell_residual	late_allcell_DPN_vs_diabetes	False				
RRP1	up	0.635869771	late_allcell_residual	late_allcell_DPN_vs_diabetes	False				
RRP12	up	0.627920076	late_allcell_residual	late_allcell_DPN_vs_diabetes	False				
RRP8	up	0.670664803	late_allcell_residual	late_allcell_DPN_vs_diabetes	False				
RRP9	up	0.692568495	late_allcell_residual	late_allcell_DPN_vs_diabetes	False				
RSL24D1	down	-0.885184249	late_allcell_residual	late_allcell_DPN_vs_diabetes	False				
RSPH9	up	0.630829253	late_allcell_residual	late_allcell_DPN_vs_diabetes	False				
RSPO2	down	-0.675204242	late_allcell_residual	late_allcell_DPN_vs_diabetes	False				
RTBDN	down	-0.796858823	late_allcell_residual	late_allcell_DPN_vs_diabetes	False				
RTEL1	up	0.663798744	late_allcell_residual	late_allcell_DPN_vs_diabetes	False				
RTL5	up	0.908420416	late_allcell_residual	late_allcell_DPN_vs_diabetes	False				
RTN1	down	-0.598295226	late_allcell_residual	late_allcell_DPN_vs_diabetes	False				
RTN3	down	-0.648790189	late_allcell_residual	late_allcell_DPN_vs_diabetes	False				
RTN4R	down	-1.00251258	late_allcell_residual	late_allcell_DPN_vs_diabetes	False				
RTN4RL1	down	-0.659060588	late_allcell_residual	late_allcell_DPN_vs_diabetes	False				
RTP4	down	-0.718385993	late_allcell_residual	late_allcell_DPN_vs_diabetes	False				
RTP5	down	-0.805719431	late_allcell_residual	late_allcell_DPN_vs_diabetes	False				
RTRAF	down	-0.807151745	late_allcell_residual	late_allcell_DPN_vs_diabetes	False				
RTTN	down	-0.61666954	late_allcell_residual	late_allcell_DPN_vs_diabetes	False				
RUBCN	up	0.613378169	late_allcell_residual	late_allcell_DPN_vs_diabetes	False				
RUNDC3A	down	-0.760702414	late_allcell_residual	late_allcell_DPN_vs_diabetes	False				
RUNX1	up	0.732158272	late_allcell_residual	late_allcell_DPN_vs_diabetes	False				
RUNX1T1	up	0.725460569	late_allcell_residual	late_allcell_DPN_vs_diabetes	False				
RWDD3	down	-0.609874585	late_allcell_residual	late_allcell_DPN_vs_diabetes	False				
RWDD4	down	-1.213052246	late_allcell_residual	late_allcell_DPN_vs_diabetes	False				
S100A11	down	-0.662500011	late_allcell_residual	late_allcell_DPN_vs_diabetes	False				
S100A2	up	0.594207135	late_allcell_residual	late_allcell_DPN_vs_diabetes	False				
S1PR3	up	1.273397743	late_allcell_residual	late_allcell_DPN_vs_diabetes	False				
S1PR4	up	0.9287335	late_allcell_residual	late_allcell_DPN_vs_diabetes	False				
SAC3D1	down	-0.616476281	late_allcell_residual	late_allcell_DPN_vs_diabetes	False				
SAFB2	up	0.691875372	late_allcell_residual	late_allcell_DPN_vs_diabetes	False				
SALL1	down	-1.112182122	late_allcell_residual	late_allcell_DPN_vs_diabetes	False				
SALL2	down	-0.626143366	late_allcell_residual	late_allcell_DPN_vs_diabetes	False				
SAMD14	down	-0.590098021	late_allcell_residual	late_allcell_DPN_vs_diabetes	False				
SAMD9L	down	-0.595921129	late_allcell_residual	late_allcell_DPN_vs_diabetes	False				
SAP18	down	-0.675739212	late_allcell_residual	late_allcell_DPN_vs_diabetes	False				
SAPCD2	down	-1.234060117	late_allcell_residual	late_allcell_DPN_vs_diabetes	False				
SAR1A	down	-1.372995719	late_allcell_residual	late_allcell_DPN_vs_diabetes	False				
SARAF	down	-0.650034988	late_allcell_residual	late_allcell_DPN_vs_diabetes	False				
SARDH	up	0.664048577	late_allcell_residual	late_allcell_DPN_vs_diabetes	False				
SC5D	down	-1.294590172	late_allcell_residual	late_allcell_DPN_vs_diabetes	False				
SCAMP1	down	-0.763809096	late_allcell_residual	late_allcell_DPN_vs_diabetes	False				
SCARA3	up	1.28859322	late_allcell_residual	late_allcell_DPN_vs_diabetes	False				
SCEL	up	0.647395157	late_allcell_residual	late_allcell_DPN_vs_diabetes	False				
SCG2	down	-1.049927288	late_allcell_residual	late_allcell_DPN_vs_diabetes	False				
SCG3	down	-0.937140704	late_allcell_residual	late_allcell_DPN_vs_diabetes	False				
SCG5	down	-0.866716316	late_allcell_residual	late_allcell_DPN_vs_diabetes	False				
SCGB3A1	down	-0.888227132	late_allcell_residual	late_allcell_DPN_vs_diabetes	False				
SCGN	down	-1.230600803	late_allcell_residual	late_allcell_DPN_vs_diabetes	False				
SCN10A	down	-0.962639252	late_allcell_residual	late_allcell_DPN_vs_diabetes	False				
SCN11A	down	-1.094727098	late_allcell_residual	late_allcell_DPN_vs_diabetes	False				
SCN1A	down	-0.940689403	late_allcell_residual	late_allcell_DPN_vs_diabetes	False				
SCN2B	down	-0.816748662	late_allcell_residual	late_allcell_DPN_vs_diabetes	False				
SCN3B	down	-0.740679425	late_allcell_residual	late_allcell_DPN_vs_diabetes	False				
SCN4A	up	1.142202859	late_allcell_residual	late_allcell_DPN_vs_diabetes	False				
SCN4B	down	-0.86888586	late_allcell_residual	late_allcell_DPN_vs_diabetes	False				
SCN7A	down	-0.705636529	late_allcell_residual	late_allcell_DPN_vs_diabetes	False				
SCNN1D	up	0.75484457	late_allcell_residual	late_allcell_DPN_vs_diabetes	False				
SCNN1G	down	-0.744221455	late_allcell_residual	late_allcell_DPN_vs_diabetes	False				
SCRN2	up	0.661227683	late_allcell_residual	late_allcell_DPN_vs_diabetes	False				
SCRT2	down	-0.670256292	late_allcell_residual	late_allcell_DPN_vs_diabetes	False				
SCUBE3	up	1.581502285	late_allcell_residual	late_allcell_DPN_vs_diabetes	False				
SCYL2	down	-1.166419392	late_allcell_residual	late_allcell_DPN_vs_diabetes	False				
SDC2	down	-0.79545485	late_allcell_residual	late_allcell_DPN_vs_diabetes	False				
SDC4	down	-0.774826868	late_allcell_residual	late_allcell_DPN_vs_diabetes	False				
SDCBP	down	-0.820221335	late_allcell_residual	late_allcell_DPN_vs_diabetes	False				
SDHA	down	-0.788079132	late_allcell_residual	late_allcell_DPN_vs_diabetes	False				
SDHAF3	down	-0.599640314	late_allcell_residual	late_allcell_DPN_vs_diabetes	False				
SDR16C5	down	-0.724567947	late_allcell_residual	late_allcell_DPN_vs_diabetes	False				
SEC24B	down	-0.779441008	late_allcell_residual	late_allcell_DPN_vs_diabetes	False				
SEC31B	up	0.65735172	late_allcell_residual	late_allcell_DPN_vs_diabetes	False				
SEC61B	down	-0.743594188	late_allcell_residual	late_allcell_DPN_vs_diabetes	False				
SELENBP1	up	0.786917418	late_allcell_residual	late_allcell_DPN_vs_diabetes	False				
SELENOI	down	-0.722847101	late_allcell_residual	late_allcell_DPN_vs_diabetes	False				
SELP	up	0.882656657	late_allcell_residual	late_allcell_DPN_vs_diabetes	False				
SEMA3E	down	-0.667103248	late_allcell_residual	late_allcell_DPN_vs_diabetes	False				
SEMA3G	up	0.901972563	late_allcell_residual	late_allcell_DPN_vs_diabetes	False				
SEMA6C	up	0.849920725	late_allcell_residual	late_allcell_DPN_vs_diabetes	False				
SEPHS1	down	-0.714181326	late_allcell_residual	late_allcell_DPN_vs_diabetes	False				
SEPHS2	down	-0.590359742	late_allcell_residual	late_allcell_DPN_vs_diabetes	False				
SEPTIN7	down	-0.855398526	late_allcell_residual	late_allcell_DPN_vs_diabetes	False				
SEPTIN9	up	0.726570402	late_allcell_residual	late_allcell_DPN_vs_diabetes	False				
SERHL2	up	0.983027189	late_allcell_residual	late_allcell_DPN_vs_diabetes	False				
SERPINA5	down	-0.77394659	late_allcell_residual	late_allcell_DPN_vs_diabetes	False				
SERPINE1	up	1.375694142	late_allcell_residual	late_allcell_DPN_vs_diabetes	False				
SERPINI1	down	-0.752715574	late_allcell_residual	late_allcell_DPN_vs_diabetes	False				
SERTAD1	up	0.622394659	late_allcell_residual	late_allcell_DPN_vs_diabetes	False				
SERTM1	down	-0.792571722	late_allcell_residual	late_allcell_DPN_vs_diabetes	False				
SERTM2	up	0.867241011	late_allcell_residual	late_allcell_DPN_vs_diabetes	False				
SESN3	up	0.724847841	late_allcell_residual	late_allcell_DPN_vs_diabetes	False				
SET	down	-0.795271797	late_allcell_residual	late_allcell_DPN_vs_diabetes	False				
SETBP1	up	0.685871631	late_allcell_residual	late_allcell_DPN_vs_diabetes	False				
SEZ6	down	-0.596563253	late_allcell_residual	late_allcell_DPN_vs_diabetes	False				
SEZ6L2	down	-0.765725609	late_allcell_residual	late_allcell_DPN_vs_diabetes	False				
SFI1	up	0.837318585	late_allcell_residual	late_allcell_DPN_vs_diabetes	False				
SFN	up	0.843446231	late_allcell_residual	late_allcell_DPN_vs_diabetes	False				
SFRP1	down	-0.791187192	late_allcell_residual	late_allcell_DPN_vs_diabetes	False				
SFRP4	down	-1.552268857	late_allcell_residual	late_allcell_DPN_vs_diabetes	False				
SFTPC	down	-0.877824504	late_allcell_residual	late_allcell_DPN_vs_diabetes	False				
SFXN3	up	0.741668994	late_allcell_residual	late_allcell_DPN_vs_diabetes	False				
SGCA	up	1.353324769	late_allcell_residual	late_allcell_DPN_vs_diabetes	False				
SGCE	down	-0.896731183	late_allcell_residual	late_allcell_DPN_vs_diabetes	False				
SGCG	up	1.162261003	late_allcell_residual	late_allcell_DPN_vs_diabetes	False				
SGCZ	down	-1.152847591	late_allcell_residual	late_allcell_DPN_vs_diabetes	False				
SGIP1	down	-0.691589356	late_allcell_residual	late_allcell_DPN_vs_diabetes	False				
SGK2	up	1.143197215	late_allcell_residual	late_allcell_DPN_vs_diabetes	False				
SGMS2	down	-0.772294996	late_allcell_residual	late_allcell_DPN_vs_diabetes	False				
SGPP2	down	-0.808947741	late_allcell_residual	late_allcell_DPN_vs_diabetes	False				
SH2B3	up	0.657433497	late_allcell_residual	late_allcell_DPN_vs_diabetes	False				
SH2D2A	up	1.232881646	late_allcell_residual	late_allcell_DPN_vs_diabetes	False				
SH2D3C	up	0.706157394	late_allcell_residual	late_allcell_DPN_vs_diabetes	False				
SH2D4A	up	0.613872627	late_allcell_residual	late_allcell_DPN_vs_diabetes	False				
SH3BGR	up	0.891444859	late_allcell_residual	late_allcell_DPN_vs_diabetes	False				
SH3BGRL3	down	-0.794298171	late_allcell_residual	late_allcell_DPN_vs_diabetes	False				
SH3BP1	up	0.656002854	late_allcell_residual	late_allcell_DPN_vs_diabetes	False				
SH3BP2	up	0.66813975	late_allcell_residual	late_allcell_DPN_vs_diabetes	False				
SH3GL3	down	-0.706248321	late_allcell_residual	late_allcell_DPN_vs_diabetes	False				
SH3GLB2	up	0.586415648	late_allcell_residual	late_allcell_DPN_vs_diabetes	False				
SH3PXD2A	up	0.714253353	late_allcell_residual	late_allcell_DPN_vs_diabetes	False				
SH3RF2	up	1.912361798	late_allcell_residual	late_allcell_DPN_vs_diabetes	False				
SHANK3	up	1.065525935	late_allcell_residual	late_allcell_DPN_vs_diabetes	False				
SHARPIN	up	0.602929482	late_allcell_residual	late_allcell_DPN_vs_diabetes	False				
SHB	up	1.023354134	late_allcell_residual	late_allcell_DPN_vs_diabetes	False				
SHE	up	1.440248321	late_allcell_residual	late_allcell_DPN_vs_diabetes	False				
SHF	up	0.637531091	late_allcell_residual	late_allcell_DPN_vs_diabetes	False				
SHISA6	down	-0.627034119	late_allcell_residual	late_allcell_DPN_vs_diabetes	False				
SHISAL1	down	-1.131051875	late_allcell_residual	late_allcell_DPN_vs_diabetes	False				
SHISAL2A	down	-1.151398464	late_allcell_residual	late_allcell_DPN_vs_diabetes	False				
SHLD3	down	-1.103954281	late_allcell_residual	late_allcell_DPN_vs_diabetes	False				
SHPK	up	0.692460735	late_allcell_residual	late_allcell_DPN_vs_diabetes	False				
SHROOM1	up	0.892467086	late_allcell_residual	late_allcell_DPN_vs_diabetes	False				
SHROOM3	up	0.807886208	late_allcell_residual	late_allcell_DPN_vs_diabetes	False				
SHROOM4	up	1.072978914	late_allcell_residual	late_allcell_DPN_vs_diabetes	False				
SIDT1	up	0.709041067	late_allcell_residual	late_allcell_DPN_vs_diabetes	False				
SIGLEC1	up	0.779878651	late_allcell_residual	late_allcell_DPN_vs_diabetes	False				
SIGLEC11	up	1.136102183	late_allcell_residual	late_allcell_DPN_vs_diabetes	False				
SIPA1	up	0.759554917	late_allcell_residual	late_allcell_DPN_vs_diabetes	False				
SIRT1	down	-0.588222831	late_allcell_residual	late_allcell_DPN_vs_diabetes	False				
SIRT7	up	0.680081386	late_allcell_residual	late_allcell_DPN_vs_diabetes	False				
SIX1	down	-0.742865713	late_allcell_residual	late_allcell_DPN_vs_diabetes	False				
SIX2	down	-0.604212495	late_allcell_residual	late_allcell_DPN_vs_diabetes	False				
SIX4	down	-1.046299993	late_allcell_residual	late_allcell_DPN_vs_diabetes	False				
SIX5	up	0.591506387	late_allcell_residual	late_allcell_DPN_vs_diabetes	False				
SKIL	down	-0.87819845	late_allcell_residual	late_allcell_DPN_vs_diabetes	False				
SKOR2	down	-0.836271117	late_allcell_residual	late_allcell_DPN_vs_diabetes	False				
SKP2	up	1.028147521	late_allcell_residual	late_allcell_DPN_vs_diabetes	False				
SLAMF1	up	0.699590244	late_allcell_residual	late_allcell_DPN_vs_diabetes	False				
SLC10A4	down	-1.774821191	late_allcell_residual	late_allcell_DPN_vs_diabetes	False				
SLC16A1	down	-1.353256554	late_allcell_residual	late_allcell_DPN_vs_diabetes	False				
SLC16A10	down	-0.717773134	late_allcell_residual	late_allcell_DPN_vs_diabetes	False				
SLC16A12	down	-0.969703268	late_allcell_residual	late_allcell_DPN_vs_diabetes	False				
SLC16A4	down	-0.592461872	late_allcell_residual	late_allcell_DPN_vs_diabetes	False				
SLC16A5	up	1.279348298	late_allcell_residual	late_allcell_DPN_vs_diabetes	False				
SLC16A9	down	-0.826434745	late_allcell_residual	late_allcell_DPN_vs_diabetes	False				
SLC17A6	down	-1.08800742	late_allcell_residual	late_allcell_DPN_vs_diabetes	False				
SLC17A7	down	-0.919443567	late_allcell_residual	late_allcell_DPN_vs_diabetes	False				
SLC17A9	up	1.480748902	late_allcell_residual	late_allcell_DPN_vs_diabetes	False				
SLC19A2	down	-0.697741541	late_allcell_residual	late_allcell_DPN_vs_diabetes	False				
SLC19A3	up	2.102592383	late_allcell_residual	late_allcell_DPN_vs_diabetes	False				
SLC1A4	down	-0.909968809	late_allcell_residual	late_allcell_DPN_vs_diabetes	False				
SLC22A18AS	down	-0.67402463	late_allcell_residual	late_allcell_DPN_vs_diabetes	False				
SLC22A6	down	-1.470204939	late_allcell_residual	late_allcell_DPN_vs_diabetes	False				
SLC23A3	up	1.615565456	late_allcell_residual	late_allcell_DPN_vs_diabetes	False				
SLC24A2	down	-0.982514827	late_allcell_residual	late_allcell_DPN_vs_diabetes	False				
SLC24A4	down	-0.952494074	late_allcell_residual	late_allcell_DPN_vs_diabetes	False				
SLC25A32	down	-0.724977999	late_allcell_residual	late_allcell_DPN_vs_diabetes	False				
SLC25A33	down	-1.228062646	late_allcell_residual	late_allcell_DPN_vs_diabetes	False				
SLC25A34	up	0.829612125	late_allcell_residual	late_allcell_DPN_vs_diabetes	False				
SLC25A37	up	0.593413291	late_allcell_residual	late_allcell_DPN_vs_diabetes	False				
SLC25A45	up	0.647039087	late_allcell_residual	late_allcell_DPN_vs_diabetes	False				
SLC25A46	down	-0.953668068	late_allcell_residual	late_allcell_DPN_vs_diabetes	False				
SLC25A53	down	-0.815837144	late_allcell_residual	late_allcell_DPN_vs_diabetes	False				
SLC26A2	down	-1.015765768	late_allcell_residual	late_allcell_DPN_vs_diabetes	False				
SLC27A3	up	0.704650414	late_allcell_residual	late_allcell_DPN_vs_diabetes	False				
SLC2A4	up	1.595413129	late_allcell_residual	late_allcell_DPN_vs_diabetes	False				
SLC2A4RG	up	0.930277305	late_allcell_residual	late_allcell_DPN_vs_diabetes	False				
SLC30A3	up	0.720446617	late_allcell_residual	late_allcell_DPN_vs_diabetes	False				
SLC30A6	down	-0.604450521	late_allcell_residual	late_allcell_DPN_vs_diabetes	False				
SLC31A1	down	-0.842832614	late_allcell_residual	late_allcell_DPN_vs_diabetes	False				
SLC35A2	down	-0.850374188	late_allcell_residual	late_allcell_DPN_vs_diabetes	False				
SLC35B2	down	-0.754140973	late_allcell_residual	late_allcell_DPN_vs_diabetes	False				
SLC35F3	down	-0.96681983	late_allcell_residual	late_allcell_DPN_vs_diabetes	False				
SLC35G1	down	-1.268735443	late_allcell_residual	late_allcell_DPN_vs_diabetes	False				
SLC38A2	down	-1.130090858	late_allcell_residual	late_allcell_DPN_vs_diabetes	False				
SLC39A12	up	0.622555829	late_allcell_residual	late_allcell_DPN_vs_diabetes	False				
SLC39A6	down	-0.947524233	late_allcell_residual	late_allcell_DPN_vs_diabetes	False				
SLC43A3	up	0.765568781	late_allcell_residual	late_allcell_DPN_vs_diabetes	False				
SLC44A5	down	-0.649620031	late_allcell_residual	late_allcell_DPN_vs_diabetes	False				
SLC46A3	down	-0.744808674	late_allcell_residual	late_allcell_DPN_vs_diabetes	False				
SLC47A1	down	-1.52460481	late_allcell_residual	late_allcell_DPN_vs_diabetes	False				
SLC49A3	up	0.919211615	late_allcell_residual	late_allcell_DPN_vs_diabetes	False				
SLC4A10	down	-0.945912254	late_allcell_residual	late_allcell_DPN_vs_diabetes	False				
SLC4A4	down	-1.494839472	late_allcell_residual	late_allcell_DPN_vs_diabetes	False				
SLC6A1	down	-0.687860863	late_allcell_residual	late_allcell_DPN_vs_diabetes	False				
SLC6A11	up	0.628110593	late_allcell_residual	late_allcell_DPN_vs_diabetes	False				
SLC6A13	down	-1.103279568	late_allcell_residual	late_allcell_DPN_vs_diabetes	False				
SLC6A15	down	-0.959295404	late_allcell_residual	late_allcell_DPN_vs_diabetes	False				
SLC6A6	up	0.681131395	late_allcell_residual	late_allcell_DPN_vs_diabetes	False				
SLC7A1	down	-1.074764199	late_allcell_residual	late_allcell_DPN_vs_diabetes	False				
SLC7A10	up	2.461751687	late_allcell_residual	late_allcell_DPN_vs_diabetes	False				
SLC7A14	down	-0.972230454	late_allcell_residual	late_allcell_DPN_vs_diabetes	False				
SLC7A4	down	-0.981360388	late_allcell_residual	late_allcell_DPN_vs_diabetes	False				
SLC7A9	up	0.784802401	late_allcell_residual	late_allcell_DPN_vs_diabetes	False				
SLC8A3	down	-0.706630633	late_allcell_residual	late_allcell_DPN_vs_diabetes	False				
SLC9A2	down	-0.741921887	late_allcell_residual	late_allcell_DPN_vs_diabetes	False				
SLC9A3	up	0.666879854	late_allcell_residual	late_allcell_DPN_vs_diabetes	False				
SLC9A5	up	0.655447714	late_allcell_residual	late_allcell_DPN_vs_diabetes	False				
SLC9A6	down	-0.799224893	late_allcell_residual	late_allcell_DPN_vs_diabetes	False				
SLC9A7	down	-0.585192273	late_allcell_residual	late_allcell_DPN_vs_diabetes	False				
SLC9B2	down	-0.922320021	late_allcell_residual	late_allcell_DPN_vs_diabetes	False				
SLCO2A1	up	0.953624963	late_allcell_residual	late_allcell_DPN_vs_diabetes	False				
SLCO3A1	up	0.58643835	late_allcell_residual	late_allcell_DPN_vs_diabetes	False				
SLCO4A1	up	0.874986584	late_allcell_residual	late_allcell_DPN_vs_diabetes	False				
SLCO4C1	down	-1.672829337	late_allcell_residual	late_allcell_DPN_vs_diabetes	False				
SLCO5A1	down	-0.695997068	late_allcell_residual	late_allcell_DPN_vs_diabetes	False				
SLFN13	up	1.154208871	late_allcell_residual	late_allcell_DPN_vs_diabetes	False				
SLITRK1	down	-1.032393878	late_allcell_residual	late_allcell_DPN_vs_diabetes	False				
SLITRK2	down	-1.181836035	late_allcell_residual	late_allcell_DPN_vs_diabetes	False				
SLITRK3	down	-1.101617554	late_allcell_residual	late_allcell_DPN_vs_diabetes	False				
SLITRK4	down	-1.232526771	late_allcell_residual	late_allcell_DPN_vs_diabetes	False				
SMAD3	up	0.610023626	late_allcell_residual	late_allcell_DPN_vs_diabetes	False				
SMAD6	up	0.907224066	late_allcell_residual	late_allcell_DPN_vs_diabetes	False				
SMC4	down	-0.621264421	late_allcell_residual	late_allcell_DPN_vs_diabetes	False				
SMG1	down	-0.875153403	late_allcell_residual	late_allcell_DPN_vs_diabetes	False				
SMG9	up	0.725201385	late_allcell_residual	late_allcell_DPN_vs_diabetes	False				
SMIM10L1	down	-0.992953791	late_allcell_residual	late_allcell_DPN_vs_diabetes	False				
SMIM13	down	-0.628121933	late_allcell_residual	late_allcell_DPN_vs_diabetes	False				
SMIM20	down	-0.97222235	late_allcell_residual	late_allcell_DPN_vs_diabetes	False				
SMIM26	down	-0.859583558	late_allcell_residual	late_allcell_DPN_vs_diabetes	False				
SMIM27	down	-0.738606072	late_allcell_residual	late_allcell_DPN_vs_diabetes	False				
SMIM28	down	-1.142741422	late_allcell_residual	late_allcell_DPN_vs_diabetes	False				
SMIM4	down	-1.592337207	late_allcell_residual	late_allcell_DPN_vs_diabetes	False				
SMIM5	up	0.974579878	late_allcell_residual	late_allcell_DPN_vs_diabetes	False				
SMKR1	down	-1.355687178	late_allcell_residual	late_allcell_DPN_vs_diabetes	False				
SMOC1	down	-0.604465942	late_allcell_residual	late_allcell_DPN_vs_diabetes	False				
SMPD2	up	0.647501047	late_allcell_residual	late_allcell_DPN_vs_diabetes	False				
SMPD3	up	0.909629357	late_allcell_residual	late_allcell_DPN_vs_diabetes	False				
SMTN	up	0.611315069	late_allcell_residual	late_allcell_DPN_vs_diabetes	False				
SMU1	down	-1.652442619	late_allcell_residual	late_allcell_DPN_vs_diabetes	False				
SMYD3	down	-0.71149966	late_allcell_residual	late_allcell_DPN_vs_diabetes	False				
SNAI2	up	0.858066286	late_allcell_residual	late_allcell_DPN_vs_diabetes	False				
SNAI3	up	0.722491851	late_allcell_residual	late_allcell_DPN_vs_diabetes	False				
SNAP91	down	-0.903564081	late_allcell_residual	late_allcell_DPN_vs_diabetes	False				
SNAPC2	down	-0.77848108	late_allcell_residual	late_allcell_DPN_vs_diabetes	False				
SNAPC3	down	-0.592238065	late_allcell_residual	late_allcell_DPN_vs_diabetes	False				
SNAPC5	down	-0.723841888	late_allcell_residual	late_allcell_DPN_vs_diabetes	False				
SNCB	down	-1.344717235	late_allcell_residual	late_allcell_DPN_vs_diabetes	False				
SNED1	up	1.409775647	late_allcell_residual	late_allcell_DPN_vs_diabetes	False				
SNRPA	up	0.658667327	late_allcell_residual	late_allcell_DPN_vs_diabetes	False				
SNRPD1	down	-0.909242912	late_allcell_residual	late_allcell_DPN_vs_diabetes	False				
SNRPD2	down	-1.000547807	late_allcell_residual	late_allcell_DPN_vs_diabetes	False				
SNRPF	down	-0.911768021	late_allcell_residual	late_allcell_DPN_vs_diabetes	False				
SNX19	up	0.788072183	late_allcell_residual	late_allcell_DPN_vs_diabetes	False				
SNX21	up	0.681885962	late_allcell_residual	late_allcell_DPN_vs_diabetes	False				
SNX22	down	-1.583926146	late_allcell_residual	late_allcell_DPN_vs_diabetes	False				
SNX7	down	-0.815036885	late_allcell_residual	late_allcell_DPN_vs_diabetes	False				
SOCS1	up	1.353777122	late_allcell_residual	late_allcell_DPN_vs_diabetes	False				
SOCS5	down	-1.007380399	late_allcell_residual	late_allcell_DPN_vs_diabetes	False				
SOD3	down	-0.639251085	late_allcell_residual	late_allcell_DPN_vs_diabetes	False				
SOHLH1	down	-1.229789766	late_allcell_residual	late_allcell_DPN_vs_diabetes	False				
SORBS3	up	0.661614447	late_allcell_residual	late_allcell_DPN_vs_diabetes	False				
SORL1	down	-0.863246336	late_allcell_residual	late_allcell_DPN_vs_diabetes	False				
SORT1	down	-0.694960988	late_allcell_residual	late_allcell_DPN_vs_diabetes	False				
SOSTDC1	down	-1.144162424	late_allcell_residual	late_allcell_DPN_vs_diabetes	False				
SOX10	down	-0.625869323	late_allcell_residual	late_allcell_DPN_vs_diabetes	False				
SOX17	up	0.808900159	late_allcell_residual	late_allcell_DPN_vs_diabetes	False				
SOX18	up	0.597843309	late_allcell_residual	late_allcell_DPN_vs_diabetes	False				
SOX3	down	-1.412903442	late_allcell_residual	late_allcell_DPN_vs_diabetes	False				
SOX5	up	0.738871025	late_allcell_residual	late_allcell_DPN_vs_diabetes	False				
SOX9	down	-0.865531625	late_allcell_residual	late_allcell_DPN_vs_diabetes	False				
SPACA9	down	-1.18698277	late_allcell_residual	late_allcell_DPN_vs_diabetes	False				
SPART	down	-0.621029991	late_allcell_residual	late_allcell_DPN_vs_diabetes	False				
SPATA22	down	-0.828186045	late_allcell_residual	late_allcell_DPN_vs_diabetes	False				
SPATA4	down	-1.021644925	late_allcell_residual	late_allcell_DPN_vs_diabetes	False				
SPATA6	down	-0.664622227	late_allcell_residual	late_allcell_DPN_vs_diabetes	False				
SPATA9	up	0.756581098	late_allcell_residual	late_allcell_DPN_vs_diabetes	False				
SPATC1L	down	-0.892942145	late_allcell_residual	late_allcell_DPN_vs_diabetes	False				
SPC25	down	-1.457424751	late_allcell_residual	late_allcell_DPN_vs_diabetes	False				
SPCS1	down	-0.705885784	late_allcell_residual	late_allcell_DPN_vs_diabetes	False				
SPEG	up	0.780364083	late_allcell_residual	late_allcell_DPN_vs_diabetes	False				
SPHK1	up	0.644478783	late_allcell_residual	late_allcell_DPN_vs_diabetes	False				
SPHK2	down	-0.773081579	late_allcell_residual	late_allcell_DPN_vs_diabetes	False				
SPHKAP	down	-0.839502714	late_allcell_residual	late_allcell_DPN_vs_diabetes	False				
SPIB	down	-1.010434758	late_allcell_residual	late_allcell_DPN_vs_diabetes	False				
SPINT1	down	-1.123353191	late_allcell_residual	late_allcell_DPN_vs_diabetes	False				
SPINT2	down	-0.938284606	late_allcell_residual	late_allcell_DPN_vs_diabetes	False				
SPN	down	-0.72457869	late_allcell_residual	late_allcell_DPN_vs_diabetes	False				
SPOCK1	down	-0.779689178	late_allcell_residual	late_allcell_DPN_vs_diabetes	False				
SPOCK2	down	-0.791757524	late_allcell_residual	late_allcell_DPN_vs_diabetes	False				
SPOCK3	down	-1.11010481	late_allcell_residual	late_allcell_DPN_vs_diabetes	False				
SPON1	down	-1.755127915	late_allcell_residual	late_allcell_DPN_vs_diabetes	False				
SPON2	up	0.776313421	late_allcell_residual	late_allcell_DPN_vs_diabetes	False				
SPPL2A	down	-0.673659871	late_allcell_residual	late_allcell_DPN_vs_diabetes	False				
SPPL3	down	-0.77923588	late_allcell_residual	late_allcell_DPN_vs_diabetes	False				
SPRED1	down	-0.65077347	late_allcell_residual	late_allcell_DPN_vs_diabetes	False				
SPRED3	up	0.893249612	late_allcell_residual	late_allcell_DPN_vs_diabetes	False				
SPSB1	up	0.671637519	late_allcell_residual	late_allcell_DPN_vs_diabetes	False				
SPTBN2	down	-0.718034906	late_allcell_residual	late_allcell_DPN_vs_diabetes	False				
SQLE	down	-1.494079223	late_allcell_residual	late_allcell_DPN_vs_diabetes	False				
SRD5A1	down	-0.924029844	late_allcell_residual	late_allcell_DPN_vs_diabetes	False				
SREK1IP1	down	-0.974748261	late_allcell_residual	late_allcell_DPN_vs_diabetes	False				
SRGAP3	down	-0.601003021	late_allcell_residual	late_allcell_DPN_vs_diabetes	False				
SRGN	up	0.642751664	late_allcell_residual	late_allcell_DPN_vs_diabetes	False				
SRPX2	up	0.734167314	late_allcell_residual	late_allcell_DPN_vs_diabetes	False				
SRRM5	up	0.931883278	late_allcell_residual	late_allcell_DPN_vs_diabetes	False				
SRSF1	up	1.060753233	late_allcell_residual	late_allcell_DPN_vs_diabetes	False				
SRSF10	up	0.622049532	late_allcell_residual	late_allcell_DPN_vs_diabetes	False				
SRSF12	down	-1.240026898	late_allcell_residual	late_allcell_DPN_vs_diabetes	False				
SSBP4	up	0.637788901	late_allcell_residual	late_allcell_DPN_vs_diabetes	False				
SSC4D	down	-0.833761761	late_allcell_residual	late_allcell_DPN_vs_diabetes	False				
SSC5D	up	1.365092312	late_allcell_residual	late_allcell_DPN_vs_diabetes	False				
SSR1	down	-1.475781234	late_allcell_residual	late_allcell_DPN_vs_diabetes	False				
SSR4	down	-0.931093656	late_allcell_residual	late_allcell_DPN_vs_diabetes	False				
SSX2IP	down	-0.633052162	late_allcell_residual	late_allcell_DPN_vs_diabetes	False				
ST3GAL2	up	0.609483007	late_allcell_residual	late_allcell_DPN_vs_diabetes	False				
ST6GALNAC4	up	0.853555192	late_allcell_residual	late_allcell_DPN_vs_diabetes	False				
ST6GALNAC6	up	0.899150454	late_allcell_residual	late_allcell_DPN_vs_diabetes	False				
ST8SIA5	down	-0.712617111	late_allcell_residual	late_allcell_DPN_vs_diabetes	False				
STAB1	up	1.02319165	late_allcell_residual	late_allcell_DPN_vs_diabetes	False				
STAC	down	-0.893594894	late_allcell_residual	late_allcell_DPN_vs_diabetes	False				
STAC3	up	1.605437595	late_allcell_residual	late_allcell_DPN_vs_diabetes	False				
STAP1	up	1.112397636	late_allcell_residual	late_allcell_DPN_vs_diabetes	False				
STARD3	up	0.616074552	late_allcell_residual	late_allcell_DPN_vs_diabetes	False				
STARD4	down	-0.986010135	late_allcell_residual	late_allcell_DPN_vs_diabetes	False				
STARD5	up	0.942973612	late_allcell_residual	late_allcell_DPN_vs_diabetes	False				
STARD7	down	-0.708843475	late_allcell_residual	late_allcell_DPN_vs_diabetes	False				
STAT4	up	0.585826905	late_allcell_residual	late_allcell_DPN_vs_diabetes	False				
STEAP1B	up	2.319588352	late_allcell_residual	late_allcell_DPN_vs_diabetes	False				
STEAP2	down	-1.279904688	late_allcell_residual	late_allcell_DPN_vs_diabetes	False				
STEAP3	down	-0.826518992	late_allcell_residual	late_allcell_DPN_vs_diabetes	False				
STEAP4	down	-1.920931069	late_allcell_residual	late_allcell_DPN_vs_diabetes	False				
STK19	up	0.594968838	late_allcell_residual	late_allcell_DPN_vs_diabetes	False				
STK25	up	0.677725661	late_allcell_residual	late_allcell_DPN_vs_diabetes	False				
STK32A	up	0.676224466	late_allcell_residual	late_allcell_DPN_vs_diabetes	False				
STK33	down	-0.923850262	late_allcell_residual	late_allcell_DPN_vs_diabetes	False				
STK35	up	0.702683968	late_allcell_residual	late_allcell_DPN_vs_diabetes	False				
STMN3	down	-0.681751488	late_allcell_residual	late_allcell_DPN_vs_diabetes	False				
STON1	down	-0.641416548	late_allcell_residual	late_allcell_DPN_vs_diabetes	False				
STRBP	down	-0.814491626	late_allcell_residual	late_allcell_DPN_vs_diabetes	False				
STS	down	-0.780420506	late_allcell_residual	late_allcell_DPN_vs_diabetes	False				
STUM	up	0.75328057	late_allcell_residual	late_allcell_DPN_vs_diabetes	False				
STX11	up	1.295521256	late_allcell_residual	late_allcell_DPN_vs_diabetes	False				
STX4	up	0.618707295	late_allcell_residual	late_allcell_DPN_vs_diabetes	False				
STX8	up	0.69860559	late_allcell_residual	late_allcell_DPN_vs_diabetes	False				
STXBP5L	down	-0.599402852	late_allcell_residual	late_allcell_DPN_vs_diabetes	False				
STYK1	down	-0.606270867	late_allcell_residual	late_allcell_DPN_vs_diabetes	False				
SUCLA2	down	-0.601850847	late_allcell_residual	late_allcell_DPN_vs_diabetes	False				
SUCO	down	-0.650898235	late_allcell_residual	late_allcell_DPN_vs_diabetes	False				
SULF1	down	-1.318082667	late_allcell_residual	late_allcell_DPN_vs_diabetes	False				
SULT4A1	down	-0.588526964	late_allcell_residual	late_allcell_DPN_vs_diabetes	False				
SURF4	down	-0.759244273	late_allcell_residual	late_allcell_DPN_vs_diabetes	False				
SUSD4	down	-0.891885012	late_allcell_residual	late_allcell_DPN_vs_diabetes	False				
SV2B	down	-0.995057417	late_allcell_residual	late_allcell_DPN_vs_diabetes	False				
SV2C	down	-0.88656099	late_allcell_residual	late_allcell_DPN_vs_diabetes	False				
SVIP	down	-0.803091374	late_allcell_residual	late_allcell_DPN_vs_diabetes	False				
SVOP	down	-0.640225763	late_allcell_residual	late_allcell_DPN_vs_diabetes	False				
SYCE1	up	1.023060495	late_allcell_residual	late_allcell_DPN_vs_diabetes	False				
SYDE2	down	-0.696777436	late_allcell_residual	late_allcell_DPN_vs_diabetes	False				
SYNCRIP	up	1.440186907	late_allcell_residual	late_allcell_DPN_vs_diabetes	False				
SYNDIG1L	up	1.303448242	late_allcell_residual	late_allcell_DPN_vs_diabetes	False				
SYNE3	up	1.328690117	late_allcell_residual	late_allcell_DPN_vs_diabetes	False				
SYNGAP1	up	0.776515735	late_allcell_residual	late_allcell_DPN_vs_diabetes	False				
SYNGR3	down	-0.877423181	late_allcell_residual	late_allcell_DPN_vs_diabetes	False				
SYNGR4	down	-1.285146165	late_allcell_residual	late_allcell_DPN_vs_diabetes	False				
SYNPR	up	0.842989466	late_allcell_residual	late_allcell_DPN_vs_diabetes	False				
SYP	down	-0.679567193	late_allcell_residual	late_allcell_DPN_vs_diabetes	False				
SYPL1	down	-0.897259581	late_allcell_residual	late_allcell_DPN_vs_diabetes	False				
SYT1	down	-0.678866177	late_allcell_residual	late_allcell_DPN_vs_diabetes	False				
SYT10	down	-1.438174846	late_allcell_residual	late_allcell_DPN_vs_diabetes	False				
SYT14	down	-0.770117474	late_allcell_residual	late_allcell_DPN_vs_diabetes	False				
SYT17	up	0.73524586	late_allcell_residual	late_allcell_DPN_vs_diabetes	False				
SYT2	down	-0.907521489	late_allcell_residual	late_allcell_DPN_vs_diabetes	False				
SYT4	down	-1.181985969	late_allcell_residual	late_allcell_DPN_vs_diabetes	False				
SYT7	down	-0.673583468	late_allcell_residual	late_allcell_DPN_vs_diabetes	False				
SYT9	down	-0.687039788	late_allcell_residual	late_allcell_DPN_vs_diabetes	False				
SYTL1	up	1.553871242	late_allcell_residual	late_allcell_DPN_vs_diabetes	False				
TAC1	down	-0.712628472	late_allcell_residual	late_allcell_DPN_vs_diabetes	False				
TAF4	up	0.641958389	late_allcell_residual	late_allcell_DPN_vs_diabetes	False				
TAFA1	down	-0.931631214	late_allcell_residual	late_allcell_DPN_vs_diabetes	False				
TAFA3	down	-0.910913584	late_allcell_residual	late_allcell_DPN_vs_diabetes	False				
TAGLN3	down	-0.617602807	late_allcell_residual	late_allcell_DPN_vs_diabetes	False				
TAL1	up	0.722936489	late_allcell_residual	late_allcell_DPN_vs_diabetes	False				
TARBP2	up	0.955551614	late_allcell_residual	late_allcell_DPN_vs_diabetes	False				
TASL	down	-0.918307518	late_allcell_residual	late_allcell_DPN_vs_diabetes	False				
TATDN2	up	0.711985369	late_allcell_residual	late_allcell_DPN_vs_diabetes	False				
TBC1D13	up	0.617401584	late_allcell_residual	late_allcell_DPN_vs_diabetes	False				
TBKBP1	up	0.940554492	late_allcell_residual	late_allcell_DPN_vs_diabetes	False				
TBL1Y	up	0.901255971	late_allcell_residual	late_allcell_DPN_vs_diabetes	False				
TBX1	up	1.427073972	late_allcell_residual	late_allcell_DPN_vs_diabetes	False				
TBX18	up	1.008358938	late_allcell_residual	late_allcell_DPN_vs_diabetes	False				
TBX6	up	0.634100382	late_allcell_residual	late_allcell_DPN_vs_diabetes	False				
TBXA2R	up	0.807590613	late_allcell_residual	late_allcell_DPN_vs_diabetes	False				
TC2N	down	-0.921597838	late_allcell_residual	late_allcell_DPN_vs_diabetes	False				
TCAP	up	0.784911263	late_allcell_residual	late_allcell_DPN_vs_diabetes	False				
TCEA3	up	1.293582056	late_allcell_residual	late_allcell_DPN_vs_diabetes	False				
TCEAL5	down	-0.849625604	late_allcell_residual	late_allcell_DPN_vs_diabetes	False				
TCEAL6	down	-1.768109702	late_allcell_residual	late_allcell_DPN_vs_diabetes	False				
TCEAL9	down	-0.668629747	late_allcell_residual	late_allcell_DPN_vs_diabetes	False				
TCF3	up	0.657523112	late_allcell_residual	late_allcell_DPN_vs_diabetes	False				
TCF4	up	0.672883517	late_allcell_residual	late_allcell_DPN_vs_diabetes	False				
TCF7	up	0.831464134	late_allcell_residual	late_allcell_DPN_vs_diabetes	False				
TCF7L2	up	0.620438745	late_allcell_residual	late_allcell_DPN_vs_diabetes	False				
TCHP	up	1.009921044	late_allcell_residual	late_allcell_DPN_vs_diabetes	False				
TCIM	up	0.649119439	late_allcell_residual	late_allcell_DPN_vs_diabetes	False				
TCOF1	up	0.768623007	late_allcell_residual	late_allcell_DPN_vs_diabetes	False				
TCP10L	up	1.089742427	late_allcell_residual	late_allcell_DPN_vs_diabetes	False				
TCTE3	up	0.604684374	late_allcell_residual	late_allcell_DPN_vs_diabetes	False				
TCTEX1D4	up	0.89429003	late_allcell_residual	late_allcell_DPN_vs_diabetes	False				
TDRD10	up	1.276979713	late_allcell_residual	late_allcell_DPN_vs_diabetes	False				
TDRD6	down	-0.758781624	late_allcell_residual	late_allcell_DPN_vs_diabetes	False				
TEAD1	up	0.605453044	late_allcell_residual	late_allcell_DPN_vs_diabetes	False				
TEAD2	up	0.694663899	late_allcell_residual	late_allcell_DPN_vs_diabetes	False				
TECR	down	-0.975412895	late_allcell_residual	late_allcell_DPN_vs_diabetes	False				
TEDC1	up	0.600801107	late_allcell_residual	late_allcell_DPN_vs_diabetes	False				
TEK	up	1.101253982	late_allcell_residual	late_allcell_DPN_vs_diabetes	False				
TEKTIP1	up	1.155480305	late_allcell_residual	late_allcell_DPN_vs_diabetes	False				
TELO2	up	0.913418898	late_allcell_residual	late_allcell_DPN_vs_diabetes	False				
TENM1	down	-0.741109394	late_allcell_residual	late_allcell_DPN_vs_diabetes	False				
TENM4	down	-0.64440192	late_allcell_residual	late_allcell_DPN_vs_diabetes	False				
TF	down	-1.764895418	late_allcell_residual	late_allcell_DPN_vs_diabetes	False				
TFDP1	down	-0.86011224	late_allcell_residual	late_allcell_DPN_vs_diabetes	False				
TG	up	0.662910239	late_allcell_residual	late_allcell_DPN_vs_diabetes	False				
TGFA	down	-0.611181593	late_allcell_residual	late_allcell_DPN_vs_diabetes	False				
TGFB2	down	-0.900649081	late_allcell_residual	late_allcell_DPN_vs_diabetes	False				
TGFB3	up	0.775797845	late_allcell_residual	late_allcell_DPN_vs_diabetes	False				
TGFBR3L	down	-1.173249647	late_allcell_residual	late_allcell_DPN_vs_diabetes	False				
THAP10	down	-0.663087123	late_allcell_residual	late_allcell_DPN_vs_diabetes	False				
THAP12	down	-0.799415341	late_allcell_residual	late_allcell_DPN_vs_diabetes	False				
THAP5	down	-0.785840404	late_allcell_residual	late_allcell_DPN_vs_diabetes	False				
THBS1	down	-1.238207121	late_allcell_residual	late_allcell_DPN_vs_diabetes	False				
THNSL1	down	-0.923079009	late_allcell_residual	late_allcell_DPN_vs_diabetes	False				
THNSL2	up	0.732775015	late_allcell_residual	late_allcell_DPN_vs_diabetes	False				
THPO	up	0.865614288	late_allcell_residual	late_allcell_DPN_vs_diabetes	False				
THRB	up	1.108043118	late_allcell_residual	late_allcell_DPN_vs_diabetes	False				
THRSP	up	1.997276975	late_allcell_residual	late_allcell_DPN_vs_diabetes	False				
THSD4	down	-0.959787166	late_allcell_residual	late_allcell_DPN_vs_diabetes	False				
THY1	down	-0.874979677	late_allcell_residual	late_allcell_DPN_vs_diabetes	False				
TIE1	up	0.681322305	late_allcell_residual	late_allcell_DPN_vs_diabetes	False				
TIFA	down	-0.740346801	late_allcell_residual	late_allcell_DPN_vs_diabetes	False				
TIGAR	down	-0.89900724	late_allcell_residual	late_allcell_DPN_vs_diabetes	False				
TIGD2	down	-0.768550808	late_allcell_residual	late_allcell_DPN_vs_diabetes	False				
TIMM44	up	0.597200261	late_allcell_residual	late_allcell_DPN_vs_diabetes	False				
TIMP1	down	-1.118819201	late_allcell_residual	late_allcell_DPN_vs_diabetes	False				
TIMP4	down	-1.175944412	late_allcell_residual	late_allcell_DPN_vs_diabetes	False				
TINAGL1	up	1.017656036	late_allcell_residual	late_allcell_DPN_vs_diabetes	False				
TINCR	down	-0.593813022	late_allcell_residual	late_allcell_DPN_vs_diabetes	False				
TLCD2	up	0.609499395	late_allcell_residual	late_allcell_DPN_vs_diabetes	False				
TLCD3B	down	-1.000080851	late_allcell_residual	late_allcell_DPN_vs_diabetes	False				
TLCD4	down	-0.705042691	late_allcell_residual	late_allcell_DPN_vs_diabetes	False				
TLL1	up	0.682370309	late_allcell_residual	late_allcell_DPN_vs_diabetes	False				
TLR1	down	-0.712214425	late_allcell_residual	late_allcell_DPN_vs_diabetes	False				
TLR2	down	-1.610688235	late_allcell_residual	late_allcell_DPN_vs_diabetes	False				
TLR3	down	-1.042516671	late_allcell_residual	late_allcell_DPN_vs_diabetes	False				
TLR4	down	-0.872610488	late_allcell_residual	late_allcell_DPN_vs_diabetes	False				
TLR5	down	-0.80273556	late_allcell_residual	late_allcell_DPN_vs_diabetes	False				
TLR6	down	-1.052051977	late_allcell_residual	late_allcell_DPN_vs_diabetes	False				
TLR9	up	1.021840064	late_allcell_residual	late_allcell_DPN_vs_diabetes	False				
TLX3	down	-0.900687229	late_allcell_residual	late_allcell_DPN_vs_diabetes	False				
TM2D3	down	-0.622143608	late_allcell_residual	late_allcell_DPN_vs_diabetes	False				
TM6SF1	down	-0.701135002	late_allcell_residual	late_allcell_DPN_vs_diabetes	False				
TM7SF3	down	-1.00369954	late_allcell_residual	late_allcell_DPN_vs_diabetes	False				
TM9SF2	down	-1.014017221	late_allcell_residual	late_allcell_DPN_vs_diabetes	False				
TM9SF3	down	-1.119202395	late_allcell_residual	late_allcell_DPN_vs_diabetes	False				
TMC3	down	-0.962871511	late_allcell_residual	late_allcell_DPN_vs_diabetes	False				
TMC4	up	1.062678088	late_allcell_residual	late_allcell_DPN_vs_diabetes	False				
TMCO4	up	0.88753372	late_allcell_residual	late_allcell_DPN_vs_diabetes	False				
TMED2	down	-1.083364162	late_allcell_residual	late_allcell_DPN_vs_diabetes	False				
TMED6	down	-0.704219	late_allcell_residual	late_allcell_DPN_vs_diabetes	False				
TMED7	down	-0.9618636	late_allcell_residual	late_allcell_DPN_vs_diabetes	False				
TMEM100	down	-0.635082543	late_allcell_residual	late_allcell_DPN_vs_diabetes	False				
TMEM106B	down	-0.790322825	late_allcell_residual	late_allcell_DPN_vs_diabetes	False				
TMEM108	down	-0.829759093	late_allcell_residual	late_allcell_DPN_vs_diabetes	False				
TMEM123	down	-1.631379456	late_allcell_residual	late_allcell_DPN_vs_diabetes	False				
TMEM128	down	-1.076238348	late_allcell_residual	late_allcell_DPN_vs_diabetes	False				
TMEM130	down	-0.978960373	late_allcell_residual	late_allcell_DPN_vs_diabetes	False				
TMEM132C	up	0.746508039	late_allcell_residual	late_allcell_DPN_vs_diabetes	False				
TMEM132D	down	-0.803117343	late_allcell_residual	late_allcell_DPN_vs_diabetes	False				
TMEM132E	down	-0.987887334	late_allcell_residual	late_allcell_DPN_vs_diabetes	False				
TMEM14C	down	-0.604950633	late_allcell_residual	late_allcell_DPN_vs_diabetes	False				
TMEM150B	up	0.925492699	late_allcell_residual	late_allcell_DPN_vs_diabetes	False				
TMEM151A	down	-0.969045976	late_allcell_residual	late_allcell_DPN_vs_diabetes	False				
TMEM151B	down	-0.963135903	late_allcell_residual	late_allcell_DPN_vs_diabetes	False				
TMEM156	down	-1.158901976	late_allcell_residual	late_allcell_DPN_vs_diabetes	False				
TMEM163	down	-1.120614677	late_allcell_residual	late_allcell_DPN_vs_diabetes	False				
TMEM168	down	-1.290663603	late_allcell_residual	late_allcell_DPN_vs_diabetes	False				
TMEM17	down	-0.926729372	late_allcell_residual	late_allcell_DPN_vs_diabetes	False				
TMEM176A	down	-0.927475245	late_allcell_residual	late_allcell_DPN_vs_diabetes	False				
TMEM179	down	-0.648324735	late_allcell_residual	late_allcell_DPN_vs_diabetes	False				
TMEM183A	down	-0.70732389	late_allcell_residual	late_allcell_DPN_vs_diabetes	False				
TMEM184C	down	-0.690885458	late_allcell_residual	late_allcell_DPN_vs_diabetes	False				
TMEM187	down	-0.942624783	late_allcell_residual	late_allcell_DPN_vs_diabetes	False				
TMEM19	down	-0.590984715	late_allcell_residual	late_allcell_DPN_vs_diabetes	False				
TMEM192	down	-0.773489689	late_allcell_residual	late_allcell_DPN_vs_diabetes	False				
TMEM200C	down	-0.590509567	late_allcell_residual	late_allcell_DPN_vs_diabetes	False				
TMEM201	up	0.59943312	late_allcell_residual	late_allcell_DPN_vs_diabetes	False				
TMEM204	up	0.722889002	late_allcell_residual	late_allcell_DPN_vs_diabetes	False				
TMEM222	down	-0.945779487	late_allcell_residual	late_allcell_DPN_vs_diabetes	False				
TMEM229A	down	-0.654578755	late_allcell_residual	late_allcell_DPN_vs_diabetes	False				
TMEM238L	down	-0.861176354	late_allcell_residual	late_allcell_DPN_vs_diabetes	False				
TMEM255B	up	0.741500162	late_allcell_residual	late_allcell_DPN_vs_diabetes	False				
TMEM267	down	-0.740975491	late_allcell_residual	late_allcell_DPN_vs_diabetes	False				
TMEM271	down	-0.658273034	late_allcell_residual	late_allcell_DPN_vs_diabetes	False				
TMEM272	down	-1.29194583	late_allcell_residual	late_allcell_DPN_vs_diabetes	False				
TMEM30A	down	-0.990490765	late_allcell_residual	late_allcell_DPN_vs_diabetes	False				
TMEM33	down	-0.854754408	late_allcell_residual	late_allcell_DPN_vs_diabetes	False				
TMEM35A	down	-0.627667967	late_allcell_residual	late_allcell_DPN_vs_diabetes	False				
TMEM37	up	0.66865449	late_allcell_residual	late_allcell_DPN_vs_diabetes	False				
TMEM38A	down	-1.039485164	late_allcell_residual	late_allcell_DPN_vs_diabetes	False				
TMEM38B	down	-0.683746541	late_allcell_residual	late_allcell_DPN_vs_diabetes	False				
TMEM44	up	0.652071278	late_allcell_residual	late_allcell_DPN_vs_diabetes	False				
TMEM45B	down	-0.891489648	late_allcell_residual	late_allcell_DPN_vs_diabetes	False				
TMEM47	down	-1.285145818	late_allcell_residual	late_allcell_DPN_vs_diabetes	False				
TMEM51	down	-0.752920139	late_allcell_residual	late_allcell_DPN_vs_diabetes	False				
TMEM53	down	-0.737442638	late_allcell_residual	late_allcell_DPN_vs_diabetes	False				
TMEM59	down	-1.038171665	late_allcell_residual	late_allcell_DPN_vs_diabetes	False				
TMEM59L	down	-0.655966386	late_allcell_residual	late_allcell_DPN_vs_diabetes	False				
TMEM60	down	-0.909853606	late_allcell_residual	late_allcell_DPN_vs_diabetes	False				
TMEM63C	down	-0.764640295	late_allcell_residual	late_allcell_DPN_vs_diabetes	False				
TMEM64	down	-0.692341023	late_allcell_residual	late_allcell_DPN_vs_diabetes	False				
TMEM70	down	-0.619749955	late_allcell_residual	late_allcell_DPN_vs_diabetes	False				
TMEM72	down	-0.799017014	late_allcell_residual	late_allcell_DPN_vs_diabetes	False				
TMEM74B	up	0.695377308	late_allcell_residual	late_allcell_DPN_vs_diabetes	False				
TMEM95	up	0.626752561	late_allcell_residual	late_allcell_DPN_vs_diabetes	False				
TMEM9B	down	-0.746341058	late_allcell_residual	late_allcell_DPN_vs_diabetes	False				
TMOD1	down	-0.630430023	late_allcell_residual	late_allcell_DPN_vs_diabetes	False				
TMPPE	down	-0.612560037	late_allcell_residual	late_allcell_DPN_vs_diabetes	False				
TMPRSS13	up	1.051885985	late_allcell_residual	late_allcell_DPN_vs_diabetes	False				
TMPRSS2	down	-1.013253038	late_allcell_residual	late_allcell_DPN_vs_diabetes	False				
TMSB15C	up	0.689281852	late_allcell_residual	late_allcell_DPN_vs_diabetes	False				
TMSB4Y	down	-0.697720346	late_allcell_residual	late_allcell_DPN_vs_diabetes	False				
TMTC3	down	-0.622166365	late_allcell_residual	late_allcell_DPN_vs_diabetes	False				
TMX1	down	-0.679237215	late_allcell_residual	late_allcell_DPN_vs_diabetes	False				
TMX4	down	-0.784347857	late_allcell_residual	late_allcell_DPN_vs_diabetes	False				
TNC	up	0.887284259	late_allcell_residual	late_allcell_DPN_vs_diabetes	False				
TNF	down	-0.956091318	late_allcell_residual	late_allcell_DPN_vs_diabetes	False				
TNFAIP8	up	0.682866102	late_allcell_residual	late_allcell_DPN_vs_diabetes	False				
TNFAIP8L3	up	0.588762662	late_allcell_residual	late_allcell_DPN_vs_diabetes	False				
TNFRSF10B	up	0.886050838	late_allcell_residual	late_allcell_DPN_vs_diabetes	False				
TNFRSF10D	up	0.682518212	late_allcell_residual	late_allcell_DPN_vs_diabetes	False				
TNFRSF11A	down	-0.875996093	late_allcell_residual	late_allcell_DPN_vs_diabetes	False				
TNFRSF25	up	1.024007614	late_allcell_residual	late_allcell_DPN_vs_diabetes	False				
TNIP2	up	0.83187267	late_allcell_residual	late_allcell_DPN_vs_diabetes	False				
TNK1	up	0.902927046	late_allcell_residual	late_allcell_DPN_vs_diabetes	False				
TNKS2	down	-0.926785288	late_allcell_residual	late_allcell_DPN_vs_diabetes	False				
TNNC1	down	-0.615864138	late_allcell_residual	late_allcell_DPN_vs_diabetes	False				
TNNC2	up	2.120543092	late_allcell_residual	late_allcell_DPN_vs_diabetes	False				
TNNT1	up	3.933654205	late_allcell_residual	late_allcell_DPN_vs_diabetes	False				
TNNT3	up	3.372174703	late_allcell_residual	late_allcell_DPN_vs_diabetes	False				
TNR	down	-0.667858568	late_allcell_residual	late_allcell_DPN_vs_diabetes	False				
TOB1	down	-0.642386787	late_allcell_residual	late_allcell_DPN_vs_diabetes	False				
TOMM20	down	-0.708986958	late_allcell_residual	late_allcell_DPN_vs_diabetes	False				
TOMM34	down	-0.906977408	late_allcell_residual	late_allcell_DPN_vs_diabetes	False				
TOMM7	down	-0.61498192	late_allcell_residual	late_allcell_DPN_vs_diabetes	False				
TOMM70	down	-0.593561548	late_allcell_residual	late_allcell_DPN_vs_diabetes	False				
TOP1MT	up	0.617012827	late_allcell_residual	late_allcell_DPN_vs_diabetes	False				
TOPORS	down	-0.845337158	late_allcell_residual	late_allcell_DPN_vs_diabetes	False				
TP53RK	down	-0.636690656	late_allcell_residual	late_allcell_DPN_vs_diabetes	False				
TPBGL	down	-0.907655289	late_allcell_residual	late_allcell_DPN_vs_diabetes	False				
TPD52	down	-0.635366616	late_allcell_residual	late_allcell_DPN_vs_diabetes	False				
TPM2	up	0.693457874	late_allcell_residual	late_allcell_DPN_vs_diabetes	False				
TPM4	down	-0.788581748	late_allcell_residual	late_allcell_DPN_vs_diabetes	False				
TPRG1	up	0.82362238	late_allcell_residual	late_allcell_DPN_vs_diabetes	False				
TRABD	up	0.636722029	late_allcell_residual	late_allcell_DPN_vs_diabetes	False				
TRABD2A	up	1.626181083	late_allcell_residual	late_allcell_DPN_vs_diabetes	False				
TRABD2B	up	1.237148915	late_allcell_residual	late_allcell_DPN_vs_diabetes	False				
TRAF1	up	0.761541908	late_allcell_residual	late_allcell_DPN_vs_diabetes	False				
TRAF2	up	0.601477525	late_allcell_residual	late_allcell_DPN_vs_diabetes	False				
TRAF3	up	0.812070008	late_allcell_residual	late_allcell_DPN_vs_diabetes	False				
TRAF7	up	0.856035843	late_allcell_residual	late_allcell_DPN_vs_diabetes	False				
TRAIP	up	0.624076311	late_allcell_residual	late_allcell_DPN_vs_diabetes	False				
TRAM1	down	-0.804072819	late_allcell_residual	late_allcell_DPN_vs_diabetes	False				
TRAM1L1	down	-0.729468735	late_allcell_residual	late_allcell_DPN_vs_diabetes	False				
TRAM2	up	0.712057468	late_allcell_residual	late_allcell_DPN_vs_diabetes	False				
TRANK1	up	0.64515548	late_allcell_residual	late_allcell_DPN_vs_diabetes	False				
TRAPPC1	down	-0.71229575	late_allcell_residual	late_allcell_DPN_vs_diabetes	False				
TRAPPC3L	down	-0.810286653	late_allcell_residual	late_allcell_DPN_vs_diabetes	False				
TRDN	down	-1.54260825	late_allcell_residual	late_allcell_DPN_vs_diabetes	False				
TREML1	down	-1.467384199	late_allcell_residual	late_allcell_DPN_vs_diabetes	False				
TREML4	down	-0.833872515	late_allcell_residual	late_allcell_DPN_vs_diabetes	False				
TRHDE	up	2.062265249	late_allcell_residual	late_allcell_DPN_vs_diabetes	False				
TRIM13	down	-0.813275884	late_allcell_residual	late_allcell_DPN_vs_diabetes	False				
TRIM16L	down	-0.716801757	late_allcell_residual	late_allcell_DPN_vs_diabetes	False				
TRIM17	up	0.86283933	late_allcell_residual	late_allcell_DPN_vs_diabetes	False				
TRIM3	up	0.691686268	late_allcell_residual	late_allcell_DPN_vs_diabetes	False				
TRIM36	down	-0.77098695	late_allcell_residual	late_allcell_DPN_vs_diabetes	False				
TRIM50	up	1.816608881	late_allcell_residual	late_allcell_DPN_vs_diabetes	False				
TRIM65	up	0.831813715	late_allcell_residual	late_allcell_DPN_vs_diabetes	False				
TRIM67	down	-0.688579118	late_allcell_residual	late_allcell_DPN_vs_diabetes	False				
TRIM7	up	0.913034321	late_allcell_residual	late_allcell_DPN_vs_diabetes	False				
TRIOBP	up	0.656811762	late_allcell_residual	late_allcell_DPN_vs_diabetes	False				
TRIP10	up	0.774287563	late_allcell_residual	late_allcell_DPN_vs_diabetes	False				
TRIP13	down	-0.596490262	late_allcell_residual	late_allcell_DPN_vs_diabetes	False				
TRMT1	up	0.824404538	late_allcell_residual	late_allcell_DPN_vs_diabetes	False				
TRMT9B	up	0.958005188	late_allcell_residual	late_allcell_DPN_vs_diabetes	False				
TRPM3	down	-1.002271095	late_allcell_residual	late_allcell_DPN_vs_diabetes	False				
TRPM8	down	-1.206973461	late_allcell_residual	late_allcell_DPN_vs_diabetes	False				
TRPV4	up	0.666470728	late_allcell_residual	late_allcell_DPN_vs_diabetes	False				
TSC22D1	down	-0.856984259	late_allcell_residual	late_allcell_DPN_vs_diabetes	False				
TSEN2	down	-0.615813371	late_allcell_residual	late_allcell_DPN_vs_diabetes	False				
TSKS	up	1.556638482	late_allcell_residual	late_allcell_DPN_vs_diabetes	False				
TSKU	up	0.75579386	late_allcell_residual	late_allcell_DPN_vs_diabetes	False				
TSNAXIP1	up	0.982099209	late_allcell_residual	late_allcell_DPN_vs_diabetes	False				
TSPAN11	down	-0.636508452	late_allcell_residual	late_allcell_DPN_vs_diabetes	False				
TSPAN18	down	-0.893395761	late_allcell_residual	late_allcell_DPN_vs_diabetes	False				
TSPAN19	up	0.697125904	late_allcell_residual	late_allcell_DPN_vs_diabetes	False				
TSPAN5	down	-0.668319438	late_allcell_residual	late_allcell_DPN_vs_diabetes	False				
TSPAN6	down	-0.682009194	late_allcell_residual	late_allcell_DPN_vs_diabetes	False				
TSPAN7	down	-0.629594475	late_allcell_residual	late_allcell_DPN_vs_diabetes	False				
TSPYL4	up	0.654831538	late_allcell_residual	late_allcell_DPN_vs_diabetes	False				
TSSK1B	up	0.896328999	late_allcell_residual	late_allcell_DPN_vs_diabetes	False				
TTC12	up	0.931115763	late_allcell_residual	late_allcell_DPN_vs_diabetes	False				
TTC21A	up	0.611785242	late_allcell_residual	late_allcell_DPN_vs_diabetes	False				
TTC25	up	0.612833408	late_allcell_residual	late_allcell_DPN_vs_diabetes	False				
TTC27	up	0.629688025	late_allcell_residual	late_allcell_DPN_vs_diabetes	False				
TTC3	down	-0.685658716	late_allcell_residual	late_allcell_DPN_vs_diabetes	False				
TTC36	up	1.337774521	late_allcell_residual	late_allcell_DPN_vs_diabetes	False				
TTC39A	down	-0.722526095	late_allcell_residual	late_allcell_DPN_vs_diabetes	False				
TTLL3	up	0.653428941	late_allcell_residual	late_allcell_DPN_vs_diabetes	False				
TTPA	down	-1.293148267	late_allcell_residual	late_allcell_DPN_vs_diabetes	False				
TTYH1	down	-1.008690222	late_allcell_residual	late_allcell_DPN_vs_diabetes	False				
TUBA1A	down	-0.854847385	late_allcell_residual	late_allcell_DPN_vs_diabetes	False				
TUBB	down	-1.113705513	late_allcell_residual	late_allcell_DPN_vs_diabetes	False				
TUBB4B	down	-1.027877639	late_allcell_residual	late_allcell_DPN_vs_diabetes	False				
TUBB8	up	2.024924997	late_allcell_residual	late_allcell_DPN_vs_diabetes	False				
TUBGCP6	up	0.612790769	late_allcell_residual	late_allcell_DPN_vs_diabetes	False				
TUFT1	up	0.695190739	late_allcell_residual	late_allcell_DPN_vs_diabetes	False				
TULP3	up	0.751663674	late_allcell_residual	late_allcell_DPN_vs_diabetes	False				
TUSC2	down	-0.586816859	late_allcell_residual	late_allcell_DPN_vs_diabetes	False				
TVP23A	up	0.673992253	late_allcell_residual	late_allcell_DPN_vs_diabetes	False				
TVP23C	up	1.454312097	late_allcell_residual	late_allcell_DPN_vs_diabetes	False				
TXK	down	-1.836814332	late_allcell_residual	late_allcell_DPN_vs_diabetes	False				
TXLNB	up	1.332684323	late_allcell_residual	late_allcell_DPN_vs_diabetes	False				
TXNDC9	up	0.62215126	late_allcell_residual	late_allcell_DPN_vs_diabetes	False				
TXNIP	up	0.949374168	late_allcell_residual	late_allcell_DPN_vs_diabetes	False				
TXNL4A	down	-0.871953341	late_allcell_residual	late_allcell_DPN_vs_diabetes	False				
TXNL4B	up	0.791620058	late_allcell_residual	late_allcell_DPN_vs_diabetes	False				
TXNRD2	up	0.59689035	late_allcell_residual	late_allcell_DPN_vs_diabetes	False				
TYMP	up	1.21710481	late_allcell_residual	late_allcell_DPN_vs_diabetes	False				
TYRP1	down	-0.607321194	late_allcell_residual	late_allcell_DPN_vs_diabetes	False				
TYW1	down	-0.885100947	late_allcell_residual	late_allcell_DPN_vs_diabetes	False				
UAP1	up	1.292041287	late_allcell_residual	late_allcell_DPN_vs_diabetes	False				
UBALD2	up	0.899989574	late_allcell_residual	late_allcell_DPN_vs_diabetes	False				
UBB	down	-1.130954406	late_allcell_residual	late_allcell_DPN_vs_diabetes	False				
UBC	down	-0.808258052	late_allcell_residual	late_allcell_DPN_vs_diabetes	False				
UBD	down	-1.278550073	late_allcell_residual	late_allcell_DPN_vs_diabetes	False				
UBE2D1	down	-0.612312672	late_allcell_residual	late_allcell_DPN_vs_diabetes	False				
UBE2D4	down	-0.64404703	late_allcell_residual	late_allcell_DPN_vs_diabetes	False				
UBE2E3	down	-0.635718062	late_allcell_residual	late_allcell_DPN_vs_diabetes	False				
UBE2J2	up	0.657658762	late_allcell_residual	late_allcell_DPN_vs_diabetes	False				
UBE2K	down	-0.993081576	late_allcell_residual	late_allcell_DPN_vs_diabetes	False				
UBE2L3	down	-0.623583408	late_allcell_residual	late_allcell_DPN_vs_diabetes	False				
UBE2M	down	-1.089184888	late_allcell_residual	late_allcell_DPN_vs_diabetes	False				
UBE2N	down	-0.702249597	late_allcell_residual	late_allcell_DPN_vs_diabetes	False				
UBE2QL1	down	-0.705339251	late_allcell_residual	late_allcell_DPN_vs_diabetes	False				
UBE2V1	down	-1.13914156	late_allcell_residual	late_allcell_DPN_vs_diabetes	False				
UBE3C	down	-0.611152843	late_allcell_residual	late_allcell_DPN_vs_diabetes	False				
UBL3	down	-0.879010862	late_allcell_residual	late_allcell_DPN_vs_diabetes	False				
UBL5	down	-0.980695773	late_allcell_residual	late_allcell_DPN_vs_diabetes	False				
UBQLN2	down	-0.80084682	late_allcell_residual	late_allcell_DPN_vs_diabetes	False				
UBXN10	down	-0.701777803	late_allcell_residual	late_allcell_DPN_vs_diabetes	False				
UCKL1	up	0.885066573	late_allcell_residual	late_allcell_DPN_vs_diabetes	False				
UFM1	down	-0.902991887	late_allcell_residual	late_allcell_DPN_vs_diabetes	False				
UFSP2	down	-0.598355078	late_allcell_residual	late_allcell_DPN_vs_diabetes	False				
UGT1A1	up	2.635813612	late_allcell_residual	late_allcell_DPN_vs_diabetes	False				
UGT1A10	up	2.275663675	late_allcell_residual	late_allcell_DPN_vs_diabetes	False				
UGT1A9	up	2.101667713	late_allcell_residual	late_allcell_DPN_vs_diabetes	False				
ULK1	up	0.705319726	late_allcell_residual	late_allcell_DPN_vs_diabetes	False				
UNC13A	down	-0.652675752	late_allcell_residual	late_allcell_DPN_vs_diabetes	False				
UNC13D	up	0.774647004	late_allcell_residual	late_allcell_DPN_vs_diabetes	False				
UNC5CL	up	0.632808511	late_allcell_residual	late_allcell_DPN_vs_diabetes	False				
UNC79	down	-0.95316077	late_allcell_residual	late_allcell_DPN_vs_diabetes	False				
UNC80	down	-1.181065602	late_allcell_residual	late_allcell_DPN_vs_diabetes	False				
UNK	up	0.78406948	late_allcell_residual	late_allcell_DPN_vs_diabetes	False				
UPK1A	up	0.637826201	late_allcell_residual	late_allcell_DPN_vs_diabetes	False				
UQCC5	up	0.708594412	late_allcell_residual	late_allcell_DPN_vs_diabetes	False				
UQCR10	down	-0.709507795	late_allcell_residual	late_allcell_DPN_vs_diabetes	False				
USHBP1	up	0.684528222	late_allcell_residual	late_allcell_DPN_vs_diabetes	False				
USP36	up	0.915022881	late_allcell_residual	late_allcell_DPN_vs_diabetes	False				
USP50	down	-0.858979665	late_allcell_residual	late_allcell_DPN_vs_diabetes	False				
USP9Y	down	-1.151266307	late_allcell_residual	late_allcell_DPN_vs_diabetes	False				
VARS2	up	0.585271759	late_allcell_residual	late_allcell_DPN_vs_diabetes	False				
VASH2	down	-0.79356478	late_allcell_residual	late_allcell_DPN_vs_diabetes	False				
VAV2	up	0.606882244	late_allcell_residual	late_allcell_DPN_vs_diabetes	False				
VAX2	up	0.847105098	late_allcell_residual	late_allcell_DPN_vs_diabetes	False				
VCAN	up	0.826205021	late_allcell_residual	late_allcell_DPN_vs_diabetes	False				
VDAC1	down	-0.732838701	late_allcell_residual	late_allcell_DPN_vs_diabetes	False				
VENTX	down	-1.219721528	late_allcell_residual	late_allcell_DPN_vs_diabetes	False				
VEZF1	down	-0.681603299	late_allcell_residual	late_allcell_DPN_vs_diabetes	False				
VGF	down	-0.613269397	late_allcell_residual	late_allcell_DPN_vs_diabetes	False				
VIP	up	1.279027484	late_allcell_residual	late_allcell_DPN_vs_diabetes	False				
VIPR2	up	1.087164057	late_allcell_residual	late_allcell_DPN_vs_diabetes	False				
VIRMA	down	-0.654387979	late_allcell_residual	late_allcell_DPN_vs_diabetes	False				
VKORC1L1	down	-1.124670675	late_allcell_residual	late_allcell_DPN_vs_diabetes	False				
VPS33A	down	-0.630560987	late_allcell_residual	late_allcell_DPN_vs_diabetes	False				
VSIG10	up	0.708145728	late_allcell_residual	late_allcell_DPN_vs_diabetes	False				
VSIG2	up	0.612627427	late_allcell_residual	late_allcell_DPN_vs_diabetes	False				
VSNL1	down	-0.885443856	late_allcell_residual	late_allcell_DPN_vs_diabetes	False				
VSTM2A	down	-1.054821265	late_allcell_residual	late_allcell_DPN_vs_diabetes	False				
VSTM2B	down	-0.968237428	late_allcell_residual	late_allcell_DPN_vs_diabetes	False				
VSTM2L	down	-0.864136991	late_allcell_residual	late_allcell_DPN_vs_diabetes	False				
VSTM4	up	1.065814435	late_allcell_residual	late_allcell_DPN_vs_diabetes	False				
VWA5B2	down	-1.185388835	late_allcell_residual	late_allcell_DPN_vs_diabetes	False				
VWA7	down	-0.976832962	late_allcell_residual	late_allcell_DPN_vs_diabetes	False				
VWC2	down	-1.533981632	late_allcell_residual	late_allcell_DPN_vs_diabetes	False				
VWF	up	1.163755106	late_allcell_residual	late_allcell_DPN_vs_diabetes	False				
WASF1	down	-0.765062479	late_allcell_residual	late_allcell_DPN_vs_diabetes	False				
WDR13	up	0.742027055	late_allcell_residual	late_allcell_DPN_vs_diabetes	False				
WDR24	up	0.685718296	late_allcell_residual	late_allcell_DPN_vs_diabetes	False				
WDR47	down	-0.959518179	late_allcell_residual	late_allcell_DPN_vs_diabetes	False				
WDR7	down	-0.868153649	late_allcell_residual	late_allcell_DPN_vs_diabetes	False				
WDR82	down	-0.652467532	late_allcell_residual	late_allcell_DPN_vs_diabetes	False				
WFDC2	down	-0.739551675	late_allcell_residual	late_allcell_DPN_vs_diabetes	False				
WFIKKN1	up	0.761727018	late_allcell_residual	late_allcell_DPN_vs_diabetes	False				
WIPF3	down	-0.597228273	late_allcell_residual	late_allcell_DPN_vs_diabetes	False				
WNK3	down	-0.725085348	late_allcell_residual	late_allcell_DPN_vs_diabetes	False				
WNT7A	down	-0.718654483	late_allcell_residual	late_allcell_DPN_vs_diabetes	False				
WNT7B	down	-1.056425592	late_allcell_residual	late_allcell_DPN_vs_diabetes	False				
WSCD2	up	0.648143758	late_allcell_residual	late_allcell_DPN_vs_diabetes	False				
WWC1	down	-0.852754251	late_allcell_residual	late_allcell_DPN_vs_diabetes	False				
XK	down	-0.863878515	late_allcell_residual	late_allcell_DPN_vs_diabetes	False				
XNDC1N	up	0.815384568	late_allcell_residual	late_allcell_DPN_vs_diabetes	False				
XPNPEP2	up	1.517378202	late_allcell_residual	late_allcell_DPN_vs_diabetes	False				
XRCC6	down	-1.139369173	late_allcell_residual	late_allcell_DPN_vs_diabetes	False				
YBX2	up	1.278201232	late_allcell_residual	late_allcell_DPN_vs_diabetes	False				
YIPF6	down	-0.673990191	late_allcell_residual	late_allcell_DPN_vs_diabetes	False				
YJU2	up	0.775608955	late_allcell_residual	late_allcell_DPN_vs_diabetes	False				
YTHDF2	down	-0.762949497	late_allcell_residual	late_allcell_DPN_vs_diabetes	False				
ZAP70	up	1.5767992	late_allcell_residual	late_allcell_DPN_vs_diabetes	False				
ZBP1	up	1.252025502	late_allcell_residual	late_allcell_DPN_vs_diabetes	False				
ZBTB16	up	1.094980582	late_allcell_residual	late_allcell_DPN_vs_diabetes	False				
ZBTB33	down	-0.729918638	late_allcell_residual	late_allcell_DPN_vs_diabetes	False				
ZBTB39	up	0.752776356	late_allcell_residual	late_allcell_DPN_vs_diabetes	False				
ZBTB42	up	0.965312733	late_allcell_residual	late_allcell_DPN_vs_diabetes	False				
ZBTB43	down	-0.677294217	late_allcell_residual	late_allcell_DPN_vs_diabetes	False				
ZBTB46	up	1.037745674	late_allcell_residual	late_allcell_DPN_vs_diabetes	False				
ZBTB6	down	-0.767452596	late_allcell_residual	late_allcell_DPN_vs_diabetes	False				
ZC3H12A	up	1.212469099	late_allcell_residual	late_allcell_DPN_vs_diabetes	False				
ZCCHC24	up	0.594032422	late_allcell_residual	late_allcell_DPN_vs_diabetes	False				
ZCCHC7	up	0.591959107	late_allcell_residual	late_allcell_DPN_vs_diabetes	False				
ZDHHC2	down	-0.659410413	late_allcell_residual	late_allcell_DPN_vs_diabetes	False				
ZDHHC22	down	-0.825506306	late_allcell_residual	late_allcell_DPN_vs_diabetes	False				
ZDHHC23	up	0.610444016	late_allcell_residual	late_allcell_DPN_vs_diabetes	False				
ZFHX4	down	-0.733885206	late_allcell_residual	late_allcell_DPN_vs_diabetes	False				
ZFR2	down	-0.91745608	late_allcell_residual	late_allcell_DPN_vs_diabetes	False				
ZFY	down	-0.911682443	late_allcell_residual	late_allcell_DPN_vs_diabetes	False				
ZFYVE19	up	0.764336366	late_allcell_residual	late_allcell_DPN_vs_diabetes	False				
ZGLP1	up	1.022717052	late_allcell_residual	late_allcell_DPN_vs_diabetes	False				
ZIC4	up	0.837571253	late_allcell_residual	late_allcell_DPN_vs_diabetes	False				
ZIC5	down	-1.078338422	late_allcell_residual	late_allcell_DPN_vs_diabetes	False				
ZMAT1	down	-0.634816638	late_allcell_residual	late_allcell_DPN_vs_diabetes	False				
ZMPSTE24	down	-0.788616263	late_allcell_residual	late_allcell_DPN_vs_diabetes	False				
ZMYM2	down	-0.618986457	late_allcell_residual	late_allcell_DPN_vs_diabetes	False				
ZNF124	down	-0.623000776	late_allcell_residual	late_allcell_DPN_vs_diabetes	False				
ZNF154	down	-1.222890902	late_allcell_residual	late_allcell_DPN_vs_diabetes	False				
ZNF181	down	-0.6773777	late_allcell_residual	late_allcell_DPN_vs_diabetes	False				
ZNF185	down	-0.910587178	late_allcell_residual	late_allcell_DPN_vs_diabetes	False				
ZNF205	up	0.638597175	late_allcell_residual	late_allcell_DPN_vs_diabetes	False				
ZNF215	up	0.73099936	late_allcell_residual	late_allcell_DPN_vs_diabetes	False				
ZNF221	up	0.781339648	late_allcell_residual	late_allcell_DPN_vs_diabetes	False				
ZNF230	up	0.769957785	late_allcell_residual	late_allcell_DPN_vs_diabetes	False				
ZNF273	up	0.611307853	late_allcell_residual	late_allcell_DPN_vs_diabetes	False				
ZNF276	up	0.735884564	late_allcell_residual	late_allcell_DPN_vs_diabetes	False				
ZNF280B	down	-0.890451574	late_allcell_residual	late_allcell_DPN_vs_diabetes	False				
ZNF317	up	0.660126991	late_allcell_residual	late_allcell_DPN_vs_diabetes	False				
ZNF318	up	0.69785056	late_allcell_residual	late_allcell_DPN_vs_diabetes	False				
ZNF331	up	0.833542185	late_allcell_residual	late_allcell_DPN_vs_diabetes	False				
ZNF33B	down	-0.8932912	late_allcell_residual	late_allcell_DPN_vs_diabetes	False				
ZNF341	up	0.875352524	late_allcell_residual	late_allcell_DPN_vs_diabetes	False				
ZNF365	down	-0.668991136	late_allcell_residual	late_allcell_DPN_vs_diabetes	False				
ZNF404	up	0.93122354	late_allcell_residual	late_allcell_DPN_vs_diabetes	False				
ZNF419	down	-0.807574939	late_allcell_residual	late_allcell_DPN_vs_diabetes	False				
ZNF423	up	0.81981061	late_allcell_residual	late_allcell_DPN_vs_diabetes	False				
ZNF431	down	-0.604385723	late_allcell_residual	late_allcell_DPN_vs_diabetes	False				
ZNF439	down	-0.705195059	late_allcell_residual	late_allcell_DPN_vs_diabetes	False				
ZNF460	down	-1.118920572	late_allcell_residual	late_allcell_DPN_vs_diabetes	False				
ZNF488	up	0.993730356	late_allcell_residual	late_allcell_DPN_vs_diabetes	False				
ZNF497	up	1.087781455	late_allcell_residual	late_allcell_DPN_vs_diabetes	False				
ZNF521	up	0.702167513	late_allcell_residual	late_allcell_DPN_vs_diabetes	False				
ZNF526	up	0.616437835	late_allcell_residual	late_allcell_DPN_vs_diabetes	False				
ZNF547	down	-0.796606687	late_allcell_residual	late_allcell_DPN_vs_diabetes	False				
ZNF555	down	-0.808712558	late_allcell_residual	late_allcell_DPN_vs_diabetes	False				
ZNF562	down	-0.629647537	late_allcell_residual	late_allcell_DPN_vs_diabetes	False				
ZNF594	up	1.016229204	late_allcell_residual	late_allcell_DPN_vs_diabetes	False				
ZNF596	down	-0.590896043	late_allcell_residual	late_allcell_DPN_vs_diabetes	False				
ZNF639	down	-1.006139231	late_allcell_residual	late_allcell_DPN_vs_diabetes	False				
ZNF648	up	1.883461496	late_allcell_residual	late_allcell_DPN_vs_diabetes	False				
ZNF669	down	-0.609653616	late_allcell_residual	late_allcell_DPN_vs_diabetes	False				
ZNF674	down	-0.747857082	late_allcell_residual	late_allcell_DPN_vs_diabetes	False				
ZNF681	down	-0.78049497	late_allcell_residual	late_allcell_DPN_vs_diabetes	False				
ZNF697	up	0.658873742	late_allcell_residual	late_allcell_DPN_vs_diabetes	False				
ZNF70	up	0.603630046	late_allcell_residual	late_allcell_DPN_vs_diabetes	False				
ZNF700	down	-0.707799279	late_allcell_residual	late_allcell_DPN_vs_diabetes	False				
ZNF704	up	1.133494179	late_allcell_residual	late_allcell_DPN_vs_diabetes	False				
ZNF711	down	-0.753972213	late_allcell_residual	late_allcell_DPN_vs_diabetes	False				
ZNF738	up	0.734403603	late_allcell_residual	late_allcell_DPN_vs_diabetes	False				
ZNF74	up	0.673995259	late_allcell_residual	late_allcell_DPN_vs_diabetes	False				
ZNF773	down	-1.021528188	late_allcell_residual	late_allcell_DPN_vs_diabetes	False				
ZNF774	down	-1.229345261	late_allcell_residual	late_allcell_DPN_vs_diabetes	False				
ZNF783	up	0.797672595	late_allcell_residual	late_allcell_DPN_vs_diabetes	False				
ZNF785	up	0.643282509	late_allcell_residual	late_allcell_DPN_vs_diabetes	False				
ZNF804A	down	-0.970709074	late_allcell_residual	late_allcell_DPN_vs_diabetes	False				
ZNF808	down	-0.624743675	late_allcell_residual	late_allcell_DPN_vs_diabetes	False				
ZNF827	up	0.645097116	late_allcell_residual	late_allcell_DPN_vs_diabetes	False				
ZNF839	up	0.740228373	late_allcell_residual	late_allcell_DPN_vs_diabetes	False				
ZNF853	down	-0.683832094	late_allcell_residual	late_allcell_DPN_vs_diabetes	False				
ZNF875	up	0.650218124	late_allcell_residual	late_allcell_DPN_vs_diabetes	False				
ZNF92	down	-0.729676381	late_allcell_residual	late_allcell_DPN_vs_diabetes	False				
ZPLD1	down	-1.985825394	late_allcell_residual	late_allcell_DPN_vs_diabetes	False				
ZRANB3	down	-0.619486808	late_allcell_residual	late_allcell_DPN_vs_diabetes	False				
ZSCAN1	down	-0.628275833	late_allcell_residual	late_allcell_DPN_vs_diabetes	False				
ZSCAN25	up	0.857987336	late_allcell_residual	late_allcell_DPN_vs_diabetes	False				
ZSWIM6	down	-0.657613351	late_allcell_residual	late_allcell_DPN_vs_diabetes	False				
ZXDB	down	-0.662666056	late_allcell_residual	late_allcell_DPN_vs_diabetes	False				
AARS	down	-1.474375996	late_neuron_residual	late_neuron_DPN_vs_diabetes	False				
AARS1	up	1.479194131	late_neuron_residual	late_neuron_DPN_vs_diabetes	False				
AASS	down	-0.914853145	late_neuron_residual	late_neuron_DPN_vs_diabetes	False				
ABCB6	down	-0.690277076	late_neuron_residual	late_neuron_DPN_vs_diabetes	False				
AC073111.4	down	-1.272325583	late_neuron_residual	late_neuron_DPN_vs_diabetes	False				
AC093323.1	down	-1.135259956	late_neuron_residual	late_neuron_DPN_vs_diabetes	False				
AC118549.1	down	-0.911307971	late_neuron_residual	late_neuron_DPN_vs_diabetes	False				
AC187653.1	up	0.999682213	late_neuron_residual	late_neuron_DPN_vs_diabetes	False				
ACSS1	down	-1.147706574	late_neuron_residual	late_neuron_DPN_vs_diabetes	False				
ACTMAP	up	1.446374095	late_neuron_residual	late_neuron_DPN_vs_diabetes	False				
ADAM15	down	-0.826888182	late_neuron_residual	late_neuron_DPN_vs_diabetes	False				
ADAMTSL2	down	-1.159910048	late_neuron_residual	late_neuron_DPN_vs_diabetes	False				
ADGRA2	down	-0.671439718	late_neuron_residual	late_neuron_DPN_vs_diabetes	False				
ADGRG6	down	-1.519368817	late_neuron_residual	late_neuron_DPN_vs_diabetes	False				
ADPRHL2	down	-0.94291048	late_neuron_residual	late_neuron_DPN_vs_diabetes	False				
ADPRS	up	1.52950826	late_neuron_residual	late_neuron_DPN_vs_diabetes	False				
ADSS2	up	1.398192368	late_neuron_residual	late_neuron_DPN_vs_diabetes	False				
ADSSL1	down	-1.109817393	late_neuron_residual	late_neuron_DPN_vs_diabetes	False				
AGER	down	-0.708485077	late_neuron_residual	late_neuron_DPN_vs_diabetes	False				
AGRN	down	-0.766891512	late_neuron_residual	late_neuron_DPN_vs_diabetes	False				
AHNAK	down	-1.119033794	late_neuron_residual	late_neuron_DPN_vs_diabetes	False				
AKNA	down	-0.604629412	late_neuron_residual	late_neuron_DPN_vs_diabetes	False				
AL160269.1	down	-0.609085877	late_neuron_residual	late_neuron_DPN_vs_diabetes	False				
AL162231.1	down	-1.443677209	late_neuron_residual	late_neuron_DPN_vs_diabetes	False				
ALG1L	down	-1.139629808	late_neuron_residual	late_neuron_DPN_vs_diabetes	False				
AMOTL2	down	-1.223640506	late_neuron_residual	late_neuron_DPN_vs_diabetes	False				
ANKHD1	down	-0.819326547	late_neuron_residual	late_neuron_DPN_vs_diabetes	False				
ANTXR1	down	-1.01609929	late_neuron_residual	late_neuron_DPN_vs_diabetes	False				
AP002495.1	down	-0.919765072	late_neuron_residual	late_neuron_DPN_vs_diabetes	False				
APAF1	down	-1.089789633	late_neuron_residual	late_neuron_DPN_vs_diabetes	False				
APOBEC3G	down	-1.381513715	late_neuron_residual	late_neuron_DPN_vs_diabetes	False				
ARAP2	down	-1.371373929	late_neuron_residual	late_neuron_DPN_vs_diabetes	False				
ARHGAP10	down	-0.631063818	late_neuron_residual	late_neuron_DPN_vs_diabetes	False				
ARMC4	down	-1.512945501	late_neuron_residual	late_neuron_DPN_vs_diabetes	False				
ARNTL2	down	-0.967735464	late_neuron_residual	late_neuron_DPN_vs_diabetes	False				
ASCC3	down	-0.71046212	late_neuron_residual	late_neuron_DPN_vs_diabetes	False				
ATG16L1	up	0.60934213	late_neuron_residual	late_neuron_DPN_vs_diabetes	False				
ATOSB	up	1.353992251	late_neuron_residual	late_neuron_DPN_vs_diabetes	False				
ATP5IF1	up	0.617148185	late_neuron_residual	late_neuron_DPN_vs_diabetes	False				
ATP5MJ	up	1.524450684	late_neuron_residual	late_neuron_DPN_vs_diabetes	False				
ATP5MK	up	1.989287314	late_neuron_residual	late_neuron_DPN_vs_diabetes	False				
ATP5MPL	down	-1.048818334	late_neuron_residual	late_neuron_DPN_vs_diabetes	False				
B3GNT9	down	-0.81676672	late_neuron_residual	late_neuron_DPN_vs_diabetes	False				
B4GALNT4	down	-0.646179874	late_neuron_residual	late_neuron_DPN_vs_diabetes	False				
BBLN	up	1.180385374	late_neuron_residual	late_neuron_DPN_vs_diabetes	False				
BCL2	down	-1.20581658	late_neuron_residual	late_neuron_DPN_vs_diabetes	False				
BLTP1	up	0.967312045	late_neuron_residual	late_neuron_DPN_vs_diabetes	False				
BLTP2	up	0.680639446	late_neuron_residual	late_neuron_DPN_vs_diabetes	False				
BLTP3A	up	1.326422995	late_neuron_residual	late_neuron_DPN_vs_diabetes	False				
BLTP3B	up	1.104567959	late_neuron_residual	late_neuron_DPN_vs_diabetes	False				
BMAL1	up	1.083271309	late_neuron_residual	late_neuron_DPN_vs_diabetes	False				
BMAL2	up	1.379887476	late_neuron_residual	late_neuron_DPN_vs_diabetes	False				
BORCS6	up	0.940736182	late_neuron_residual	late_neuron_DPN_vs_diabetes	False				
BPNT2	up	1.145289504	late_neuron_residual	late_neuron_DPN_vs_diabetes	False				
BTBD19	down	-0.608095635	late_neuron_residual	late_neuron_DPN_vs_diabetes	False				
BX255925.3	down	-0.825956199	late_neuron_residual	late_neuron_DPN_vs_diabetes	False				
C11orf1	down	-0.99496179	late_neuron_residual	late_neuron_DPN_vs_diabetes	False				
C11orf49	down	-1.483815855	late_neuron_residual	late_neuron_DPN_vs_diabetes	False				
C11orf74	down	-1.967882232	late_neuron_residual	late_neuron_DPN_vs_diabetes	False				
C11orf95	down	-1.701681029	late_neuron_residual	late_neuron_DPN_vs_diabetes	False				
C12orf45	down	-1.402909345	late_neuron_residual	late_neuron_DPN_vs_diabetes	False				
C12orf65	down	-1.000176675	late_neuron_residual	late_neuron_DPN_vs_diabetes	False				
C12orf66	down	-0.965259152	late_neuron_residual	late_neuron_DPN_vs_diabetes	False				
C15orf41	down	-1.174511791	late_neuron_residual	late_neuron_DPN_vs_diabetes	False				
C16orf58	down	-1.834951766	late_neuron_residual	late_neuron_DPN_vs_diabetes	False				
C16orf70	down	-1.011634892	late_neuron_residual	late_neuron_DPN_vs_diabetes	False				
C16orf72	down	-1.621944654	late_neuron_residual	late_neuron_DPN_vs_diabetes	False				
C19orf48	down	-0.725880799	late_neuron_residual	late_neuron_DPN_vs_diabetes	False				
C1QA	up	1.685577312	late_neuron_residual	late_neuron_DPN_vs_diabetes	False				
C1QTNF2	down	-1.109195759	late_neuron_residual	late_neuron_DPN_vs_diabetes	False				
C1orf112	up	0.734798821	late_neuron_residual	late_neuron_DPN_vs_diabetes	False				
C20orf194	down	-1.002425635	late_neuron_residual	late_neuron_DPN_vs_diabetes	False				
C3orf67	down	-0.760936343	late_neuron_residual	late_neuron_DPN_vs_diabetes	False				
C7orf26	down	-1.37240903	late_neuron_residual	late_neuron_DPN_vs_diabetes	False				
C9orf129	down	-1.319814661	late_neuron_residual	late_neuron_DPN_vs_diabetes	False				
CA5B	down	-1.057838356	late_neuron_residual	late_neuron_DPN_vs_diabetes	False				
CACNG8	up	0.711851096	late_neuron_residual	late_neuron_DPN_vs_diabetes	False				
CALD1	down	-0.719850799	late_neuron_residual	late_neuron_DPN_vs_diabetes	False				
CALM1	up	0.90248196	late_neuron_residual	late_neuron_DPN_vs_diabetes	False				
CARS	down	-1.297196434	late_neuron_residual	late_neuron_DPN_vs_diabetes	False				
CASTOR3	down	-1.137849885	late_neuron_residual	late_neuron_DPN_vs_diabetes	False				
CCNL1	down	-0.822479666	late_neuron_residual	late_neuron_DPN_vs_diabetes	False				
CD3EAP	down	-0.764547864	late_neuron_residual	late_neuron_DPN_vs_diabetes	False				
CD82	down	-1.067016992	late_neuron_residual	late_neuron_DPN_vs_diabetes	False				
CDCA4	down	-0.877609646	late_neuron_residual	late_neuron_DPN_vs_diabetes	False				
CDH1	down	-1.337938443	late_neuron_residual	late_neuron_DPN_vs_diabetes	False				
CDIN1	up	1.049235637	late_neuron_residual	late_neuron_DPN_vs_diabetes	False				
CDRT1	down	-1.028108772	late_neuron_residual	late_neuron_DPN_vs_diabetes	False				
CEBPD	up	0.635251417	late_neuron_residual	late_neuron_DPN_vs_diabetes	False				
CENATAC	up	1.319503655	late_neuron_residual	late_neuron_DPN_vs_diabetes	False				
CENPBD1	down	-1.266586693	late_neuron_residual	late_neuron_DPN_vs_diabetes	False				
CEP20	up	1.729456496	late_neuron_residual	late_neuron_DPN_vs_diabetes	False				
CEP43	up	1.744288289	late_neuron_residual	late_neuron_DPN_vs_diabetes	False				
CEP85L	down	-0.74973009	late_neuron_residual	late_neuron_DPN_vs_diabetes	False				
CFAP119	up	1.125746328	late_neuron_residual	late_neuron_DPN_vs_diabetes	False				
CFAP251	up	1.083548588	late_neuron_residual	late_neuron_DPN_vs_diabetes	False				
CFAP68	up	1.679756322	late_neuron_residual	late_neuron_DPN_vs_diabetes	False				
CFAP90	up	1.362423784	late_neuron_residual	late_neuron_DPN_vs_diabetes	False				
CFAP92	up	1.222428331	late_neuron_residual	late_neuron_DPN_vs_diabetes	False				
CILK1	down	-1.572252221	late_neuron_residual	late_neuron_DPN_vs_diabetes	False				
CLCC1	down	-0.950584807	late_neuron_residual	late_neuron_DPN_vs_diabetes	False				
CLIC3	up	0.910384367	late_neuron_residual	late_neuron_DPN_vs_diabetes	False				
CLIP4	down	-0.69223431	late_neuron_residual	late_neuron_DPN_vs_diabetes	False				
CMBL	down	-0.687615423	late_neuron_residual	late_neuron_DPN_vs_diabetes	False				
COLCA2	down	-0.944997599	late_neuron_residual	late_neuron_DPN_vs_diabetes	False				
CPM	down	-0.746678885	late_neuron_residual	late_neuron_DPN_vs_diabetes	False				
CPVL	down	-0.887102864	late_neuron_residual	late_neuron_DPN_vs_diabetes	False				
CRACD	up	1.894202583	late_neuron_residual	late_neuron_DPN_vs_diabetes	False				
CRYAB	down	-0.914163497	late_neuron_residual	late_neuron_DPN_vs_diabetes	False				
CSRP1	down	-0.680322443	late_neuron_residual	late_neuron_DPN_vs_diabetes	False				
CSTPP1	up	1.491260811	late_neuron_residual	late_neuron_DPN_vs_diabetes	False				
CTDSPL	down	-0.652458471	late_neuron_residual	late_neuron_DPN_vs_diabetes	False				
CTSH	down	-1.351555285	late_neuron_residual	late_neuron_DPN_vs_diabetes	False				
CUL5	down	-0.755740637	late_neuron_residual	late_neuron_DPN_vs_diabetes	False				
CXorf40A	down	-0.96101499	late_neuron_residual	late_neuron_DPN_vs_diabetes	False				
CXorf56	down	-1.407416433	late_neuron_residual	late_neuron_DPN_vs_diabetes	False				
CYHR1	down	-1.243539605	late_neuron_residual	late_neuron_DPN_vs_diabetes	False				
CYP2C18	up	1.416103588	late_neuron_residual	late_neuron_DPN_vs_diabetes	False				
CYRIA	up	1.232555629	late_neuron_residual	late_neuron_DPN_vs_diabetes	False				
CYRIB	up	1.535704691	late_neuron_residual	late_neuron_DPN_vs_diabetes	False				
DAB2	up	0.661664026	late_neuron_residual	late_neuron_DPN_vs_diabetes	False				
DARS	down	-1.7742863	late_neuron_residual	late_neuron_DPN_vs_diabetes	False				
DARS1	up	1.335155977	late_neuron_residual	late_neuron_DPN_vs_diabetes	False				
DDX4	down	-0.769358468	late_neuron_residual	late_neuron_DPN_vs_diabetes	False				
DDX58	down	-0.836709764	late_neuron_residual	late_neuron_DPN_vs_diabetes	False				
DLG1	down	-1.525036124	late_neuron_residual	late_neuron_DPN_vs_diabetes	False				
DNAAF10	up	0.974174379	late_neuron_residual	late_neuron_DPN_vs_diabetes	False				
DNAAF11	up	0.908903293	late_neuron_residual	late_neuron_DPN_vs_diabetes	False				
DNAAF8	up	1.833203748	late_neuron_residual	late_neuron_DPN_vs_diabetes	False				
DNAAF9	up	1.368857004	late_neuron_residual	late_neuron_DPN_vs_diabetes	False				
DOCK4	down	-1.266819517	late_neuron_residual	late_neuron_DPN_vs_diabetes	False				
DPY19L3	down	-0.838873287	late_neuron_residual	late_neuron_DPN_vs_diabetes	False				
DPYD	down	-0.696724365	late_neuron_residual	late_neuron_DPN_vs_diabetes	False				
DSE	down	-0.663974245	late_neuron_residual	late_neuron_DPN_vs_diabetes	False				
DYNC2I1	up	1.005226846	late_neuron_residual	late_neuron_DPN_vs_diabetes	False				
EBP	up	0.654817251	late_neuron_residual	late_neuron_DPN_vs_diabetes	False				
EEF1AKNMT	down	-1.631497529	late_neuron_residual	late_neuron_DPN_vs_diabetes	False				
EEIG2	up	1.02550784	late_neuron_residual	late_neuron_DPN_vs_diabetes	False				
ELAPOR1	up	1.480002729	late_neuron_residual	late_neuron_DPN_vs_diabetes	False				
ELMSAN1	down	-1.074965894	late_neuron_residual	late_neuron_DPN_vs_diabetes	False				
ENSG00000112096	up	1.584551617	late_neuron_residual	late_neuron_DPN_vs_diabetes	False				
ENSG00000130723	up	1.283011936	late_neuron_residual	late_neuron_DPN_vs_diabetes	False				
ENSG00000174899	up	1.005073411	late_neuron_residual	late_neuron_DPN_vs_diabetes	False				
ENSG00000177946	up	1.395016183	late_neuron_residual	late_neuron_DPN_vs_diabetes	False				
ENSG00000187186	up	1.668575343	late_neuron_residual	late_neuron_DPN_vs_diabetes	False				
ENSG00000188707	up	1.3517835	late_neuron_residual	late_neuron_DPN_vs_diabetes	False				
ENSG00000188828	up	1.286692417	late_neuron_residual	late_neuron_DPN_vs_diabetes	False				
ENSG00000189366	up	1.535872398	late_neuron_residual	late_neuron_DPN_vs_diabetes	False				
ENSG00000205464	up	1.312307101	late_neuron_residual	late_neuron_DPN_vs_diabetes	False				
ENSG00000221995	up	1.211057393	late_neuron_residual	late_neuron_DPN_vs_diabetes	False				
ENSG00000230510	up	1.799382722	late_neuron_residual	late_neuron_DPN_vs_diabetes	False				
ENSG00000259511	up	1.510154762	late_neuron_residual	late_neuron_DPN_vs_diabetes	False				
ENSG00000267127	up	1.641041035	late_neuron_residual	late_neuron_DPN_vs_diabetes	False				
ENSG00000277203	up	1.618295113	late_neuron_residual	late_neuron_DPN_vs_diabetes	False				
ENSG00000280071	up	1.926003191	late_neuron_residual	late_neuron_DPN_vs_diabetes	False				
ENSG00000280433	up	1.396244963	late_neuron_residual	late_neuron_DPN_vs_diabetes	False				
ENSG00000285053	up	1.196794723	late_neuron_residual	late_neuron_DPN_vs_diabetes	False				
ENSG00000285447	up	1.723146806	late_neuron_residual	late_neuron_DPN_vs_diabetes	False				
ENTREP1	up	1.169064339	late_neuron_residual	late_neuron_DPN_vs_diabetes	False				
ENTREP2	up	0.867605745	late_neuron_residual	late_neuron_DPN_vs_diabetes	False				
ENTREP3	up	1.498752186	late_neuron_residual	late_neuron_DPN_vs_diabetes	False				
EOLA1	up	1.501370104	late_neuron_residual	late_neuron_DPN_vs_diabetes	False				
EPCAM	down	-1.066246734	late_neuron_residual	late_neuron_DPN_vs_diabetes	False				
EPHA7	down	-1.143091932	late_neuron_residual	late_neuron_DPN_vs_diabetes	False				
EPRS	down	-1.879071607	late_neuron_residual	late_neuron_DPN_vs_diabetes	False				
EPRS1	up	1.465262711	late_neuron_residual	late_neuron_DPN_vs_diabetes	False				
EXOSC6	up	0.647177071	late_neuron_residual	late_neuron_DPN_vs_diabetes	False				
F11R	up	0.761603165	late_neuron_residual	late_neuron_DPN_vs_diabetes	False				
FAM102A	down	-0.839335362	late_neuron_residual	late_neuron_DPN_vs_diabetes	False				
FAM102B	down	-1.739685966	late_neuron_residual	late_neuron_DPN_vs_diabetes	False				
FAM111A	down	-0.931979537	late_neuron_residual	late_neuron_DPN_vs_diabetes	False				
FAM122B	down	-0.973351615	late_neuron_residual	late_neuron_DPN_vs_diabetes	False				
FAM124A	up	0.841946607	late_neuron_residual	late_neuron_DPN_vs_diabetes	False				
FAM126B	down	-1.208277818	late_neuron_residual	late_neuron_DPN_vs_diabetes	False				
FAM155A	down	-0.896171303	late_neuron_residual	late_neuron_DPN_vs_diabetes	False				
FAM160B1	down	-1.676915665	late_neuron_residual	late_neuron_DPN_vs_diabetes	False				
FAM160B2	down	-0.701217324	late_neuron_residual	late_neuron_DPN_vs_diabetes	False				
FAM189A1	down	-1.576613905	late_neuron_residual	late_neuron_DPN_vs_diabetes	False				
FAM189A2	down	-0.859559001	late_neuron_residual	late_neuron_DPN_vs_diabetes	False				
FAM192A	down	-0.689749035	late_neuron_residual	late_neuron_DPN_vs_diabetes	False				
FAM200C	up	0.967191531	late_neuron_residual	late_neuron_DPN_vs_diabetes	False				
FAM207A	down	-0.894554581	late_neuron_residual	late_neuron_DPN_vs_diabetes	False				
FAM214A	down	-1.203182595	late_neuron_residual	late_neuron_DPN_vs_diabetes	False				
FAM214B	down	-0.952859157	late_neuron_residual	late_neuron_DPN_vs_diabetes	False				
FAM49B	down	-0.913868234	late_neuron_residual	late_neuron_DPN_vs_diabetes	False				
FAM71F1	down	-0.77296601	late_neuron_residual	late_neuron_DPN_vs_diabetes	False				
FCGBP	up	1.611059062	late_neuron_residual	late_neuron_DPN_vs_diabetes	False				
FGD4	down	-0.917531861	late_neuron_residual	late_neuron_DPN_vs_diabetes	False				
FHIP1B	up	1.024859267	late_neuron_residual	late_neuron_DPN_vs_diabetes	False				
FKBP5	down	-0.897478323	late_neuron_residual	late_neuron_DPN_vs_diabetes	False				
FLRT2	down	-0.813270603	late_neuron_residual	late_neuron_DPN_vs_diabetes	False				
FN1	up	1.276120772	late_neuron_residual	late_neuron_DPN_vs_diabetes	False				
FNIP2	up	0.643960992	late_neuron_residual	late_neuron_DPN_vs_diabetes	False				
FOPNL	down	-1.454315403	late_neuron_residual	late_neuron_DPN_vs_diabetes	False				
FOSL2	down	-1.300638948	late_neuron_residual	late_neuron_DPN_vs_diabetes	False				
FRS2	down	-0.882609547	late_neuron_residual	late_neuron_DPN_vs_diabetes	False				
FRZB	down	-1.27581805	late_neuron_residual	late_neuron_DPN_vs_diabetes	False				
FUBP1	down	-0.785814725	late_neuron_residual	late_neuron_DPN_vs_diabetes	False				
GADD45A	up	0.981391017	late_neuron_residual	late_neuron_DPN_vs_diabetes	False				
GALNT4	down	-2.233401638	late_neuron_residual	late_neuron_DPN_vs_diabetes	False				
GARRE1	up	1.467278634	late_neuron_residual	late_neuron_DPN_vs_diabetes	False				
GARS	down	-0.687134257	late_neuron_residual	late_neuron_DPN_vs_diabetes	False				
GARS1	up	1.756921903	late_neuron_residual	late_neuron_DPN_vs_diabetes	False				
GAS1	down	-1.270544769	late_neuron_residual	late_neuron_DPN_vs_diabetes	False				
GBA	down	-1.410032014	late_neuron_residual	late_neuron_DPN_vs_diabetes	False				
GBA1	up	1.484131191	late_neuron_residual	late_neuron_DPN_vs_diabetes	False				
GCNT1	up	0.811778309	late_neuron_residual	late_neuron_DPN_vs_diabetes	False				
GFUS	up	1.503205142	late_neuron_residual	late_neuron_DPN_vs_diabetes	False				
GGT1	up	0.640999946	late_neuron_residual	late_neuron_DPN_vs_diabetes	False				
GLDN	down	-1.736336889	late_neuron_residual	late_neuron_DPN_vs_diabetes	False				
GPR137B	down	-0.61072537	late_neuron_residual	late_neuron_DPN_vs_diabetes	False				
GRIK3	down	-0.766287041	late_neuron_residual	late_neuron_DPN_vs_diabetes	False				
GRIN3B	up	1.268979969	late_neuron_residual	late_neuron_DPN_vs_diabetes	False				
GSTT2B	up	1.219521373	late_neuron_residual	late_neuron_DPN_vs_diabetes	False				
H1-0	up	1.406923636	late_neuron_residual	late_neuron_DPN_vs_diabetes	False				
H1-10	up	1.283827182	late_neuron_residual	late_neuron_DPN_vs_diabetes	False				
H1-4	up	1.310339579	late_neuron_residual	late_neuron_DPN_vs_diabetes	False				
H1FX	down	-0.940800617	late_neuron_residual	late_neuron_DPN_vs_diabetes	False				
H2AC25	up	2.237989637	late_neuron_residual	late_neuron_DPN_vs_diabetes	False				
H2AFJ	down	-1.082541563	late_neuron_residual	late_neuron_DPN_vs_diabetes	False				
H2AFY	down	-1.300446467	late_neuron_residual	late_neuron_DPN_vs_diabetes	False				
H2AJ	up	1.325691943	late_neuron_residual	late_neuron_DPN_vs_diabetes	False				
H2AZ1	up	1.276844901	late_neuron_residual	late_neuron_DPN_vs_diabetes	False				
H4C3	up	0.800356759	late_neuron_residual	late_neuron_DPN_vs_diabetes	False				
HACD4	down	-1.20570006	late_neuron_residual	late_neuron_DPN_vs_diabetes	False				
HAPSTR1	up	1.369814772	late_neuron_residual	late_neuron_DPN_vs_diabetes	False				
HARS	down	-1.08064011	late_neuron_residual	late_neuron_DPN_vs_diabetes	False				
HARS1	up	1.825447569	late_neuron_residual	late_neuron_DPN_vs_diabetes	False				
HDAC1	down	-0.639471535	late_neuron_residual	late_neuron_DPN_vs_diabetes	False				
HEY1	down	-1.320843525	late_neuron_residual	late_neuron_DPN_vs_diabetes	False				
HILPDA	down	-0.694516983	late_neuron_residual	late_neuron_DPN_vs_diabetes	False				
HIST1H1E	down	-1.445562349	late_neuron_residual	late_neuron_DPN_vs_diabetes	False				
HIST3H2A	down	-1.097433594	late_neuron_residual	late_neuron_DPN_vs_diabetes	False				
HIST3H2BB	down	-0.977540673	late_neuron_residual	late_neuron_DPN_vs_diabetes	False				
HOMEZ	down	-1.507203962	late_neuron_residual	late_neuron_DPN_vs_diabetes	False				
HOPX	up	0.940967913	late_neuron_residual	late_neuron_DPN_vs_diabetes	False				
HOXB3	down	-1.62459725	late_neuron_residual	late_neuron_DPN_vs_diabetes	False				
HSPA14.1	down	-1.220268832	late_neuron_residual	late_neuron_DPN_vs_diabetes	False				
HSPB11	down	-0.73521511	late_neuron_residual	late_neuron_DPN_vs_diabetes	False				
HSPB2	down	-0.736949897	late_neuron_residual	late_neuron_DPN_vs_diabetes	False				
HTRA4	up	1.114304251	late_neuron_residual	late_neuron_DPN_vs_diabetes	False				
HYCC1	up	2.09631346	late_neuron_residual	late_neuron_DPN_vs_diabetes	False				
IARS	down	-1.410581807	late_neuron_residual	late_neuron_DPN_vs_diabetes	False				
IARS1	up	1.101226965	late_neuron_residual	late_neuron_DPN_vs_diabetes	False				
ICK	down	-1.930393253	late_neuron_residual	late_neuron_DPN_vs_diabetes	False				
IFTAP	up	1.605327091	late_neuron_residual	late_neuron_DPN_vs_diabetes	False				
IGHG1	up	1.700615261	late_neuron_residual	late_neuron_DPN_vs_diabetes	False				
INO80C	up	0.665609197	late_neuron_residual	late_neuron_DPN_vs_diabetes	False				
INPPL1	down	-0.653711112	late_neuron_residual	late_neuron_DPN_vs_diabetes	False				
INTS15	up	1.123284127	late_neuron_residual	late_neuron_DPN_vs_diabetes	False				
IQCN	up	0.664177364	late_neuron_residual	late_neuron_DPN_vs_diabetes	False				
ISG15	up	0.899985723	late_neuron_residual	late_neuron_DPN_vs_diabetes	False				
ISLR2	down	-0.88808033	late_neuron_residual	late_neuron_DPN_vs_diabetes	False				
ITPKC	down	-0.651667256	late_neuron_residual	late_neuron_DPN_vs_diabetes	False				
JUNB	down	-0.8138783	late_neuron_residual	late_neuron_DPN_vs_diabetes	False				
KARS	down	-1.415044069	late_neuron_residual	late_neuron_DPN_vs_diabetes	False				
KARS1	up	0.909668256	late_neuron_residual	late_neuron_DPN_vs_diabetes	False				
KAT2B	down	-1.637458717	late_neuron_residual	late_neuron_DPN_vs_diabetes	False				
KCNT2	down	-0.713876482	late_neuron_residual	late_neuron_DPN_vs_diabetes	False				
KCTD12	up	1.035468173	late_neuron_residual	late_neuron_DPN_vs_diabetes	False				
KIAA0100	down	-0.76901164	late_neuron_residual	late_neuron_DPN_vs_diabetes	False				
KIAA0556	down	-0.826231636	late_neuron_residual	late_neuron_DPN_vs_diabetes	False				
KIAA1109	down	-1.9084067	late_neuron_residual	late_neuron_DPN_vs_diabetes	False				
KIAA1211	down	-0.692009353	late_neuron_residual	late_neuron_DPN_vs_diabetes	False				
KIAA1841	down	-1.063795917	late_neuron_residual	late_neuron_DPN_vs_diabetes	False				
KIFBP	up	1.196425392	late_neuron_residual	late_neuron_DPN_vs_diabetes	False				
KLF12	down	-0.722726362	late_neuron_residual	late_neuron_DPN_vs_diabetes	False				
KLF2	down	-1.189096961	late_neuron_residual	late_neuron_DPN_vs_diabetes	False				
KLF9	down	-0.93049556	late_neuron_residual	late_neuron_DPN_vs_diabetes	False				
KLHL25	down	-0.80356649	late_neuron_residual	late_neuron_DPN_vs_diabetes	False				
KRT10-AS1	up	3.149035661	late_neuron_residual	late_neuron_DPN_vs_diabetes	False				
KRTAP5-8	up	1.066047667	late_neuron_residual	late_neuron_DPN_vs_diabetes	False				
LARS	down	-0.98791731	late_neuron_residual	late_neuron_DPN_vs_diabetes	False				
LARS1	up	1.601363917	late_neuron_residual	late_neuron_DPN_vs_diabetes	False				
LASP1NB	up	1.465245641	late_neuron_residual	late_neuron_DPN_vs_diabetes	False				
LDAF1	up	1.982012404	late_neuron_residual	late_neuron_DPN_vs_diabetes	False				
LHFPL2	down	-0.710759988	late_neuron_residual	late_neuron_DPN_vs_diabetes	False				
LINC00672	down	-1.697694042	late_neuron_residual	late_neuron_DPN_vs_diabetes	False				
LOXL3	down	-0.940959292	late_neuron_residual	late_neuron_DPN_vs_diabetes	False				
LPCAT3	down	-0.590745007	late_neuron_residual	late_neuron_DPN_vs_diabetes	False				
LRP6	down	-1.113760113	late_neuron_residual	late_neuron_DPN_vs_diabetes	False				
LRRC29	down	-1.861270577	late_neuron_residual	late_neuron_DPN_vs_diabetes	False				
LRRC51	up	0.609795404	late_neuron_residual	late_neuron_DPN_vs_diabetes	False				
LYSET	up	1.77638885	late_neuron_residual	late_neuron_DPN_vs_diabetes	False				
LYVE1	up	1.021948249	late_neuron_residual	late_neuron_DPN_vs_diabetes	False				
LZTS2	down	-0.711860928	late_neuron_residual	late_neuron_DPN_vs_diabetes	False				
MAATS1	down	-1.443065118	late_neuron_residual	late_neuron_DPN_vs_diabetes	False				
MACIR	up	0.872256931	late_neuron_residual	late_neuron_DPN_vs_diabetes	False				
MACROH2A2	up	0.865969632	late_neuron_residual	late_neuron_DPN_vs_diabetes	False				
MAF	up	0.901724104	late_neuron_residual	late_neuron_DPN_vs_diabetes	False				
MAP3K11	down	-1.055442384	late_neuron_residual	late_neuron_DPN_vs_diabetes	False				
MAP3K4	down	-0.671182267	late_neuron_residual	late_neuron_DPN_vs_diabetes	False				
MARCH2	down	-1.063640791	late_neuron_residual	late_neuron_DPN_vs_diabetes	False				
MARCH3	down	-0.602207152	late_neuron_residual	late_neuron_DPN_vs_diabetes	False				
MARCH4	down	-1.173887976	late_neuron_residual	late_neuron_DPN_vs_diabetes	False				
MARCH5	down	-0.948280706	late_neuron_residual	late_neuron_DPN_vs_diabetes	False				
MARCH6	down	-1.806290147	late_neuron_residual	late_neuron_DPN_vs_diabetes	False				
MARCH7	down	-1.338999536	late_neuron_residual	late_neuron_DPN_vs_diabetes	False				
MARCH8	down	-0.796710765	late_neuron_residual	late_neuron_DPN_vs_diabetes	False				
MARCH9	down	-0.865954738	late_neuron_residual	late_neuron_DPN_vs_diabetes	False				
MARCHF1	up	2.857674685	late_neuron_residual	late_neuron_DPN_vs_diabetes	False				
MARCHF11	up	1.353470777	late_neuron_residual	late_neuron_DPN_vs_diabetes	False				
MARCHF2	up	1.412798673	late_neuron_residual	late_neuron_DPN_vs_diabetes	False				
MARCHF4	up	1.67228757	late_neuron_residual	late_neuron_DPN_vs_diabetes	False				
MARCHF5	up	1.543627124	late_neuron_residual	late_neuron_DPN_vs_diabetes	False				
MARCHF6	up	1.612617317	late_neuron_residual	late_neuron_DPN_vs_diabetes	False				
MARCHF7	up	1.024541538	late_neuron_residual	late_neuron_DPN_vs_diabetes	False				
MARCHF8	up	1.232021479	late_neuron_residual	late_neuron_DPN_vs_diabetes	False				
MARCHF9	up	0.969033183	late_neuron_residual	late_neuron_DPN_vs_diabetes	False				
MARS1	up	1.134912859	late_neuron_residual	late_neuron_DPN_vs_diabetes	False				
MATCAP1	up	1.043254152	late_neuron_residual	late_neuron_DPN_vs_diabetes	False				
MATCAP2	up	1.543596814	late_neuron_residual	late_neuron_DPN_vs_diabetes	False				
MDK	up	0.731374981	late_neuron_residual	late_neuron_DPN_vs_diabetes	False				
METTL13	up	1.476059295	late_neuron_residual	late_neuron_DPN_vs_diabetes	False				
METTL25B	up	1.118141432	late_neuron_residual	late_neuron_DPN_vs_diabetes	False				
MID1	down	-0.797562743	late_neuron_residual	late_neuron_DPN_vs_diabetes	False				
MIDEAS	up	1.074029858	late_neuron_residual	late_neuron_DPN_vs_diabetes	False				
MIS18BP1	down	-0.636260255	late_neuron_residual	late_neuron_DPN_vs_diabetes	False				
MKLN1	down	-0.615796943	late_neuron_residual	late_neuron_DPN_vs_diabetes	False				
MOCOS	up	1.34846105	late_neuron_residual	late_neuron_DPN_vs_diabetes	False				
MON2	down	-0.751911721	late_neuron_residual	late_neuron_DPN_vs_diabetes	False				
MPP5	down	-1.22563279	late_neuron_residual	late_neuron_DPN_vs_diabetes	False				
MPP6	down	-1.442111844	late_neuron_residual	late_neuron_DPN_vs_diabetes	False				
MSANTD7	up	0.80561489	late_neuron_residual	late_neuron_DPN_vs_diabetes	False				
MSL1	down	-0.763917078	late_neuron_residual	late_neuron_DPN_vs_diabetes	False				
MT-ATP6	up	0.649509174	late_neuron_residual	late_neuron_DPN_vs_diabetes	False				
MT-CO2	up	0.89582891	late_neuron_residual	late_neuron_DPN_vs_diabetes	False				
MT-CYB	up	0.840919285	late_neuron_residual	late_neuron_DPN_vs_diabetes	False				
MT-ND1	up	0.703038288	late_neuron_residual	late_neuron_DPN_vs_diabetes	False				
MT-ND3	up	1.153769495	late_neuron_residual	late_neuron_DPN_vs_diabetes	False				
MT-ND4	up	0.606751657	late_neuron_residual	late_neuron_DPN_vs_diabetes	False				
MT-ND5	up	0.720768635	late_neuron_residual	late_neuron_DPN_vs_diabetes	False				
MT1F	down	-1.560487361	late_neuron_residual	late_neuron_DPN_vs_diabetes	False				
MTARC1	up	0.768052277	late_neuron_residual	late_neuron_DPN_vs_diabetes	False				
MTARC2	down	-0.689150434	late_neuron_residual	late_neuron_DPN_vs_diabetes	False				
MYG1	up	1.381662966	late_neuron_residual	late_neuron_DPN_vs_diabetes	False				
NALF1	up	1.261013557	late_neuron_residual	late_neuron_DPN_vs_diabetes	False				
NARS	down	-1.371330456	late_neuron_residual	late_neuron_DPN_vs_diabetes	False				
NARS1	up	1.424037106	late_neuron_residual	late_neuron_DPN_vs_diabetes	False				
NBPF19	up	0.978477194	late_neuron_residual	late_neuron_DPN_vs_diabetes	False				
NBPF20	up	0.745735173	late_neuron_residual	late_neuron_DPN_vs_diabetes	False				
NCKAP5	down	-0.901045636	late_neuron_residual	late_neuron_DPN_vs_diabetes	False				
NDRG2	down	-1.372310635	late_neuron_residual	late_neuron_DPN_vs_diabetes	False				
NFIA	down	-1.14009771	late_neuron_residual	late_neuron_DPN_vs_diabetes	False				
NHERF1	up	1.767703125	late_neuron_residual	late_neuron_DPN_vs_diabetes	False				
NHERF2	up	0.811627107	late_neuron_residual	late_neuron_DPN_vs_diabetes	False				
NIBAN2	down	-1.046838145	late_neuron_residual	late_neuron_DPN_vs_diabetes	False				
NMNAT3	down	-0.636975063	late_neuron_residual	late_neuron_DPN_vs_diabetes	False				
NOPCHAP1	up	1.340571479	late_neuron_residual	late_neuron_DPN_vs_diabetes	False				
NR3C2	down	-0.877186913	late_neuron_residual	late_neuron_DPN_vs_diabetes	False				
NTAQ1	up	1.872698975	late_neuron_residual	late_neuron_DPN_vs_diabetes	False				
ODAD1	up	0.977186543	late_neuron_residual	late_neuron_DPN_vs_diabetes	False				
ODAD3	up	1.244257551	late_neuron_residual	late_neuron_DPN_vs_diabetes	False				
OLFML2B	down	-0.614450207	late_neuron_residual	late_neuron_DPN_vs_diabetes	False				
OOSP4A	up	0.850374452	late_neuron_residual	late_neuron_DPN_vs_diabetes	False				
ORAI1	down	-0.804979688	late_neuron_residual	late_neuron_DPN_vs_diabetes	False				
PABIR2	down	-0.684742096	late_neuron_residual	late_neuron_DPN_vs_diabetes	False				
PABIR3	up	2.191033638	late_neuron_residual	late_neuron_DPN_vs_diabetes	False				
PALM2-AKAP2	down	-1.102378007	late_neuron_residual	late_neuron_DPN_vs_diabetes	False				
PALM2AKAP2	up	1.313920507	late_neuron_residual	late_neuron_DPN_vs_diabetes	False				
PALS1	up	1.599970852	late_neuron_residual	late_neuron_DPN_vs_diabetes	False				
PALS2	up	1.127201283	late_neuron_residual	late_neuron_DPN_vs_diabetes	False				
PAPSS2	down	-0.63358586	late_neuron_residual	late_neuron_DPN_vs_diabetes	False				
PDCD4	down	-0.652334927	late_neuron_residual	late_neuron_DPN_vs_diabetes	False				
PDZRN3	down	-0.790088292	late_neuron_residual	late_neuron_DPN_vs_diabetes	False				
PEDS1	up	1.100716162	late_neuron_residual	late_neuron_DPN_vs_diabetes	False				
PER1	down	-0.654824525	late_neuron_residual	late_neuron_DPN_vs_diabetes	False				
PGAP4	up	1.730207455	late_neuron_residual	late_neuron_DPN_vs_diabetes	False				
PGK1	up	0.636848169	late_neuron_residual	late_neuron_DPN_vs_diabetes	False				
PHAF1	up	1.093211733	late_neuron_residual	late_neuron_DPN_vs_diabetes	False				
PHLDB1	down	-0.816091134	late_neuron_residual	late_neuron_DPN_vs_diabetes	False				
PIERCE2	up	1.388980199	late_neuron_residual	late_neuron_DPN_vs_diabetes	False				
PIGF	down	-0.796907906	late_neuron_residual	late_neuron_DPN_vs_diabetes	False				
PIKFYVE	down	-0.829536056	late_neuron_residual	late_neuron_DPN_vs_diabetes	False				
PLEKHO1	up	0.677033198	late_neuron_residual	late_neuron_DPN_vs_diabetes	False				
PLK1	up	0.850585632	late_neuron_residual	late_neuron_DPN_vs_diabetes	False				
POLR1F	up	1.329594595	late_neuron_residual	late_neuron_DPN_vs_diabetes	False				
POLR1G	up	1.156741809	late_neuron_residual	late_neuron_DPN_vs_diabetes	False				
POLR1H	up	2.571782119	late_neuron_residual	late_neuron_DPN_vs_diabetes	False				
PPP5D1	down	-1.088309723	late_neuron_residual	late_neuron_DPN_vs_diabetes	False				
PRPF8	down	-0.645045048	late_neuron_residual	late_neuron_DPN_vs_diabetes	False				
PRRC2B	down	-1.005816033	late_neuron_residual	late_neuron_DPN_vs_diabetes	False				
PSME3IP1	up	1.465809178	late_neuron_residual	late_neuron_DPN_vs_diabetes	False				
PTCH1	down	-0.802457486	late_neuron_residual	late_neuron_DPN_vs_diabetes	False				
PTGR3	up	1.463736402	late_neuron_residual	late_neuron_DPN_vs_diabetes	False				
PTPRG	down	-0.940227667	late_neuron_residual	late_neuron_DPN_vs_diabetes	False				
QARS	down	-1.255514293	late_neuron_residual	late_neuron_DPN_vs_diabetes	False				
QARS1	up	1.233003038	late_neuron_residual	late_neuron_DPN_vs_diabetes	False				
RALGDS	up	0.630261626	late_neuron_residual	late_neuron_DPN_vs_diabetes	False				
RANBP3L	down	-1.564177815	late_neuron_residual	late_neuron_DPN_vs_diabetes	False				
RAP2B	up	0.801523288	late_neuron_residual	late_neuron_DPN_vs_diabetes	False				
RAPGEF5	down	-0.851854137	late_neuron_residual	late_neuron_DPN_vs_diabetes	False				
RARS	down	-1.167229833	late_neuron_residual	late_neuron_DPN_vs_diabetes	False				
RARS1	up	1.7256605	late_neuron_residual	late_neuron_DPN_vs_diabetes	False				
RASSF8	down	-0.592270289	late_neuron_residual	late_neuron_DPN_vs_diabetes	False				
RBP1	up	0.749385108	late_neuron_residual	late_neuron_DPN_vs_diabetes	False				
RCBTB2	down	-1.214778495	late_neuron_residual	late_neuron_DPN_vs_diabetes	False				
RELN	down	-0.708363034	late_neuron_residual	late_neuron_DPN_vs_diabetes	False				
RFLNA	down	-0.74267272	late_neuron_residual	late_neuron_DPN_vs_diabetes	False				
RGL1	down	-0.650755439	late_neuron_residual	late_neuron_DPN_vs_diabetes	False				
RIGI	up	0.693887888	late_neuron_residual	late_neuron_DPN_vs_diabetes	False				
RIMOC1	up	1.654420519	late_neuron_residual	late_neuron_DPN_vs_diabetes	False				
RNASE4	down	-4.047533541	late_neuron_residual	late_neuron_DPN_vs_diabetes	False				
ROR1	down	-1.132498188	late_neuron_residual	late_neuron_DPN_vs_diabetes	False				
RP2	down	-0.723965752	late_neuron_residual	late_neuron_DPN_vs_diabetes	False				
RRNAD1	down	-0.682597488	late_neuron_residual	late_neuron_DPN_vs_diabetes	False				
RSAD2	up	0.679999349	late_neuron_residual	late_neuron_DPN_vs_diabetes	False				
RUSF1	up	1.236855674	late_neuron_residual	late_neuron_DPN_vs_diabetes	False				
S100PBP	down	-0.652816572	late_neuron_residual	late_neuron_DPN_vs_diabetes	False				
SANBR	up	1.482417094	late_neuron_residual	late_neuron_DPN_vs_diabetes	False				
SAP25	down	-0.850167379	late_neuron_residual	late_neuron_DPN_vs_diabetes	False				
SARS	down	-0.855470625	late_neuron_residual	late_neuron_DPN_vs_diabetes	False				
SARS1	up	1.567069142	late_neuron_residual	late_neuron_DPN_vs_diabetes	False				
SCML1	down	-0.829077532	late_neuron_residual	late_neuron_DPN_vs_diabetes	False				
SCYGR4	up	1.171855003	late_neuron_residual	late_neuron_DPN_vs_diabetes	False				
SELENOP	down	-0.680354374	late_neuron_residual	late_neuron_DPN_vs_diabetes	False				
SERPINB2	up	3.02497425	late_neuron_residual	late_neuron_DPN_vs_diabetes	False				
SERPINH1	down	-0.73903229	late_neuron_residual	late_neuron_DPN_vs_diabetes	False				
SFT2D1	down	-1.061581344	late_neuron_residual	late_neuron_DPN_vs_diabetes	False				
SGK1	down	-0.719945925	late_neuron_residual	late_neuron_DPN_vs_diabetes	False				
SH2D4B	up	1.284460583	late_neuron_residual	late_neuron_DPN_vs_diabetes	False				
SH3D19	down	-0.657660235	late_neuron_residual	late_neuron_DPN_vs_diabetes	False				
SKIC3	up	1.192159761	late_neuron_residual	late_neuron_DPN_vs_diabetes	False				
SKIC8	up	1.520843141	late_neuron_residual	late_neuron_DPN_vs_diabetes	False				
SKIV2L	down	-0.86266068	late_neuron_residual	late_neuron_DPN_vs_diabetes	False				
SLC14A1	down	-1.112092557	late_neuron_residual	late_neuron_DPN_vs_diabetes	False				
SLC26A10	down	-0.808431795	late_neuron_residual	late_neuron_DPN_vs_diabetes	False				
SLC35B3	down	-0.950515582	late_neuron_residual	late_neuron_DPN_vs_diabetes	False				
SLC40A1	down	-1.190702413	late_neuron_residual	late_neuron_DPN_vs_diabetes	False				
SLC43A1	down	-0.793791597	late_neuron_residual	late_neuron_DPN_vs_diabetes	False				
SLC7A6	down	-1.008379665	late_neuron_residual	late_neuron_DPN_vs_diabetes	False				
SLC8A1	down	-0.744801716	late_neuron_residual	late_neuron_DPN_vs_diabetes	False				
SLC9A3R2	down	-1.383589021	late_neuron_residual	late_neuron_DPN_vs_diabetes	False				
SMCHD1	down	-0.637795472	late_neuron_residual	late_neuron_DPN_vs_diabetes	False				
SMOX	down	-0.676388073	late_neuron_residual	late_neuron_DPN_vs_diabetes	False				
SOD2	down	-1.342315364	late_neuron_residual	late_neuron_DPN_vs_diabetes	False				
SP1	down	-0.810136458	late_neuron_residual	late_neuron_DPN_vs_diabetes	False				
SPARCL1	down	-0.928878673	late_neuron_residual	late_neuron_DPN_vs_diabetes	False				
SPATA6L	up	1.134063607	late_neuron_residual	late_neuron_DPN_vs_diabetes	False				
SPRING1	up	1.273761093	late_neuron_residual	late_neuron_DPN_vs_diabetes	False				
SPTY2D1OS	down	-0.950382855	late_neuron_residual	late_neuron_DPN_vs_diabetes	False				
STARD9	down	-0.854947131	late_neuron_residual	late_neuron_DPN_vs_diabetes	False				
STAT2	down	-0.634948216	late_neuron_residual	late_neuron_DPN_vs_diabetes	False				
STEEP1	up	1.575528003	late_neuron_residual	late_neuron_DPN_vs_diabetes	False				
STING1	down	-4.623037787	late_neuron_residual	late_neuron_DPN_vs_diabetes	False				
STX1A	up	0.605381226	late_neuron_residual	late_neuron_DPN_vs_diabetes	False				
SULT2B1	up	0.976635427	late_neuron_residual	late_neuron_DPN_vs_diabetes	False				
SUSD5	down	-0.643524597	late_neuron_residual	late_neuron_DPN_vs_diabetes	False				
SYCE3	up	0.616296874	late_neuron_residual	late_neuron_DPN_vs_diabetes	False				
TAFAZZIN	up	0.712768185	late_neuron_residual	late_neuron_DPN_vs_diabetes	False				
TARS3	up	1.202901875	late_neuron_residual	late_neuron_DPN_vs_diabetes	False				
TAS2R30	down	-0.591497563	late_neuron_residual	late_neuron_DPN_vs_diabetes	False				
TBC1D8B	down	-1.415722313	late_neuron_residual	late_neuron_DPN_vs_diabetes	False				
TBCE.1	down	-0.920132948	late_neuron_residual	late_neuron_DPN_vs_diabetes	False				
TCTEX1D2	down	-1.290590665	late_neuron_residual	late_neuron_DPN_vs_diabetes	False				
TFRC	down	-0.762695396	late_neuron_residual	late_neuron_DPN_vs_diabetes	False				
TIAF1	down	-0.723032178	late_neuron_residual	late_neuron_DPN_vs_diabetes	False				
TJP1	down	-0.920149608	late_neuron_residual	late_neuron_DPN_vs_diabetes	False				
TMBIM1	down	-0.780760014	late_neuron_residual	late_neuron_DPN_vs_diabetes	False				
TMEM106A	down	-0.691732988	late_neuron_residual	late_neuron_DPN_vs_diabetes	False				
TMEM159	down	-1.285419342	late_neuron_residual	late_neuron_DPN_vs_diabetes	False				
TMEM173	down	-1.010868121	late_neuron_residual	late_neuron_DPN_vs_diabetes	False				
TMEM189	down	-1.799063506	late_neuron_residual	late_neuron_DPN_vs_diabetes	False				
TMEM218	up	0.666894126	late_neuron_residual	late_neuron_DPN_vs_diabetes	False				
TMEM251	down	-1.247093381	late_neuron_residual	late_neuron_DPN_vs_diabetes	False				
TMEM8A	down	-1.360714148	late_neuron_residual	late_neuron_DPN_vs_diabetes	False				
TMEM99	down	-1.410042346	late_neuron_residual	late_neuron_DPN_vs_diabetes	False				
TNFRSF19	down	-1.123771759	late_neuron_residual	late_neuron_DPN_vs_diabetes	False				
TNFSF13B	up	0.673498305	late_neuron_residual	late_neuron_DPN_vs_diabetes	False				
TOB2	down	-0.893802322	late_neuron_residual	late_neuron_DPN_vs_diabetes	False				
TP53I13	down	-0.835908658	late_neuron_residual	late_neuron_DPN_vs_diabetes	False				
TPP2	down	-0.593141627	late_neuron_residual	late_neuron_DPN_vs_diabetes	False				
TRIM38	up	1.417007678	late_neuron_residual	late_neuron_DPN_vs_diabetes	False				
TRIM5	down	-0.889640243	late_neuron_residual	late_neuron_DPN_vs_diabetes	False				
TRIM66	down	-0.701932926	late_neuron_residual	late_neuron_DPN_vs_diabetes	False				
TRPS1	down	-1.579396277	late_neuron_residual	late_neuron_DPN_vs_diabetes	False				
TSC22D4	down	-0.921495319	late_neuron_residual	late_neuron_DPN_vs_diabetes	False				
TSPAN15	down	-0.66773464	late_neuron_residual	late_neuron_DPN_vs_diabetes	False				
TSTA3	down	-0.999386921	late_neuron_residual	late_neuron_DPN_vs_diabetes	False				
TTC37	down	-0.949230947	late_neuron_residual	late_neuron_DPN_vs_diabetes	False				
TTLL4	down	-0.674280683	late_neuron_residual	late_neuron_DPN_vs_diabetes	False				
TUBA1B	up	0.762032331	late_neuron_residual	late_neuron_DPN_vs_diabetes	False				
UACA	down	-1.099649169	late_neuron_residual	late_neuron_DPN_vs_diabetes	False				
UBA7	down	-0.663215636	late_neuron_residual	late_neuron_DPN_vs_diabetes	False				
UBE2C	down	-0.623294084	late_neuron_residual	late_neuron_DPN_vs_diabetes	False				
UHRF1BP1	down	-1.25139583	late_neuron_residual	late_neuron_DPN_vs_diabetes	False				
UHRF1BP1L	down	-1.218781	late_neuron_residual	late_neuron_DPN_vs_diabetes	False				
UPP1	up	0.647132948	late_neuron_residual	late_neuron_DPN_vs_diabetes	False				
USP25	down	-0.631342378	late_neuron_residual	late_neuron_DPN_vs_diabetes	False				
USP3	down	-0.87262162	late_neuron_residual	late_neuron_DPN_vs_diabetes	False				
USP53	down	-0.785953849	late_neuron_residual	late_neuron_DPN_vs_diabetes	False				
USP54	down	-1.305839481	late_neuron_residual	late_neuron_DPN_vs_diabetes	False				
VAMP5	up	0.773078596	late_neuron_residual	late_neuron_DPN_vs_diabetes	False				
VARS	down	-1.276363117	late_neuron_residual	late_neuron_DPN_vs_diabetes	False				
VARS1	up	1.675990532	late_neuron_residual	late_neuron_DPN_vs_diabetes	False				
VPS13B	down	-0.653202124	late_neuron_residual	late_neuron_DPN_vs_diabetes	False				
WARS	down	-0.962056287	late_neuron_residual	late_neuron_DPN_vs_diabetes	False				
WARS1	up	1.874545453	late_neuron_residual	late_neuron_DPN_vs_diabetes	False				
WASF2	down	-0.767890347	late_neuron_residual	late_neuron_DPN_vs_diabetes	False				
WDFY2	down	-0.592028147	late_neuron_residual	late_neuron_DPN_vs_diabetes	False				
WDR1	up	0.782865086	late_neuron_residual	late_neuron_DPN_vs_diabetes	False				
WDR34	down	-1.023845189	late_neuron_residual	late_neuron_DPN_vs_diabetes	False				
WDR66	down	-0.760802691	late_neuron_residual	late_neuron_DPN_vs_diabetes	False				
WDR92	down	-1.022881218	late_neuron_residual	late_neuron_DPN_vs_diabetes	False				
WDYHV1	down	-1.211672158	late_neuron_residual	late_neuron_DPN_vs_diabetes	False				
YARS1	up	1.623655665	late_neuron_residual	late_neuron_DPN_vs_diabetes	False				
YTHDC2	down	-0.607783181	late_neuron_residual	late_neuron_DPN_vs_diabetes	False				
ZADH2	down	-0.720184401	late_neuron_residual	late_neuron_DPN_vs_diabetes	False				
ZBED6CL	down	-0.831154482	late_neuron_residual	late_neuron_DPN_vs_diabetes	False				
ZBED8	down	-0.907430392	late_neuron_residual	late_neuron_DPN_vs_diabetes	False				
ZBED9	down	-1.552869849	late_neuron_residual	late_neuron_DPN_vs_diabetes	False				
ZBTB1	down	-0.748407881	late_neuron_residual	late_neuron_DPN_vs_diabetes	False				
ZEB2	down	-1.061466059	late_neuron_residual	late_neuron_DPN_vs_diabetes	False				
ZFTA	up	1.372910422	late_neuron_residual	late_neuron_DPN_vs_diabetes	False				
ZFTRAF1	up	1.361469979	late_neuron_residual	late_neuron_DPN_vs_diabetes	False				
ZNF121	down	-0.639703324	late_neuron_residual	late_neuron_DPN_vs_diabetes	False				
ZNF146	down	-0.716438055	late_neuron_residual	late_neuron_DPN_vs_diabetes	False				
ZNF334	down	-0.914751486	late_neuron_residual	late_neuron_DPN_vs_diabetes	False				
ZNF587B	up	0.625619543	late_neuron_residual	late_neuron_DPN_vs_diabetes	False				
ZNF649	up	0.625099127	late_neuron_residual	late_neuron_DPN_vs_diabetes	False				
ZNRD1	down	-1.28070497	late_neuron_residual	late_neuron_DPN_vs_diabetes	False				
ZZZ3	up	0.674869742	late_neuron_residual	late_neuron_DPN_vs_diabetes	False				
AARS1	up	0.978646282022373	severity_neuron_shared_concordant_core	severity_neuron_modhigh_vs_low_nageotte	False				
ABTB3	up	0.832523162414293	severity_neuron_shared_concordant_core	severity_neuron_modhigh_vs_low_nageotte	False				
ACTMAP	up	1.41171259831373	severity_neuron_shared_concordant_core	severity_neuron_modhigh_vs_low_nageotte	False				
ADPRHL2	down	-0.884175764121433	severity_neuron_shared_concordant_core	severity_neuron_modhigh_vs_low_nageotte	False				
ADPRS	up	1.40701599673522	severity_neuron_shared_concordant_core	severity_neuron_modhigh_vs_low_nageotte	False				
ADSS2	up	0.598455727977305	severity_neuron_shared_concordant_core	severity_neuron_modhigh_vs_low_nageotte	False				
AL162231.1	down	-1.62011655354862	severity_neuron_shared_concordant_core	severity_neuron_modhigh_vs_low_nageotte	False				
ATOSB	up	1.4917086966204	severity_neuron_shared_concordant_core	severity_neuron_modhigh_vs_low_nageotte	False				
BBLN	up	1.3717100822112	severity_neuron_shared_concordant_core	severity_neuron_modhigh_vs_low_nageotte	False				
BLTP1	up	0.974328665672904	severity_neuron_shared_concordant_core	severity_neuron_modhigh_vs_low_nageotte	False				
BLTP2	up	0.975883383511456	severity_neuron_shared_concordant_core	severity_neuron_modhigh_vs_low_nageotte	False				
BLTP3A	up	0.748106061747351	severity_neuron_shared_concordant_core	severity_neuron_modhigh_vs_low_nageotte	False				
BLTP3B	up	1.34820996212562	severity_neuron_shared_concordant_core	severity_neuron_modhigh_vs_low_nageotte	False				
BMAL2	up	0.986218760115976	severity_neuron_shared_concordant_core	severity_neuron_modhigh_vs_low_nageotte	False				
BPNT2	up	0.797230461807038	severity_neuron_shared_concordant_core	severity_neuron_modhigh_vs_low_nageotte	False				
C11orf95	down	-0.720326332618865	severity_neuron_shared_concordant_core	severity_neuron_modhigh_vs_low_nageotte	False				
C16orf58	down	-1.32500365985597	severity_neuron_shared_concordant_core	severity_neuron_modhigh_vs_low_nageotte	False				
CARS1	up	0.617298691121278	severity_neuron_shared_concordant_core	severity_neuron_modhigh_vs_low_nageotte	False				
CDIN1	up	0.723958315991872	severity_neuron_shared_concordant_core	severity_neuron_modhigh_vs_low_nageotte	False				
CEP43	up	0.695970229559758	severity_neuron_shared_concordant_core	severity_neuron_modhigh_vs_low_nageotte	False				
CFAP119	up	1.85617181019762	severity_neuron_shared_concordant_core	severity_neuron_modhigh_vs_low_nageotte	False				
CFAP251	up	2.21207904991915	severity_neuron_shared_concordant_core	severity_neuron_modhigh_vs_low_nageotte	False				
CFAP68	up	1.14047474205069	severity_neuron_shared_concordant_core	severity_neuron_modhigh_vs_low_nageotte	False				
CLIC4	down	-0.616988396223983	severity_neuron_shared_concordant_core	severity_neuron_modhigh_vs_low_nageotte	False				
CRACD	up	1.93861255564955	severity_neuron_shared_concordant_core	severity_neuron_modhigh_vs_low_nageotte	False				
CRACDL	up	1.10327406162924	severity_neuron_shared_concordant_core	severity_neuron_modhigh_vs_low_nageotte	False				
CRYAB	down	-0.676833790658983	severity_neuron_shared_concordant_core	severity_neuron_modhigh_vs_low_nageotte	False				
CSTPP1	up	0.917653299558677	severity_neuron_shared_concordant_core	severity_neuron_modhigh_vs_low_nageotte	False				
CXorf56	down	-0.662951968924247	severity_neuron_shared_concordant_core	severity_neuron_modhigh_vs_low_nageotte	False				
CYRIA	up	0.735775549211737	severity_neuron_shared_concordant_core	severity_neuron_modhigh_vs_low_nageotte	False				
CYRIB	up	0.851479862804083	severity_neuron_shared_concordant_core	severity_neuron_modhigh_vs_low_nageotte	False				
DARS1	up	1.14713345770744	severity_neuron_shared_concordant_core	severity_neuron_modhigh_vs_low_nageotte	False				
DNAAF9	up	1.09854059750541	severity_neuron_shared_concordant_core	severity_neuron_modhigh_vs_low_nageotte	False				
EEF1AKNMT	down	-0.609521642890848	severity_neuron_shared_concordant_core	severity_neuron_modhigh_vs_low_nageotte	False				
EEIG2	up	1.40381968109028	severity_neuron_shared_concordant_core	severity_neuron_modhigh_vs_low_nageotte	False				
ELAPOR1	up	1.21981698840464	severity_neuron_shared_concordant_core	severity_neuron_modhigh_vs_low_nageotte	False				
ELAPOR2	up	1.01272176106025	severity_neuron_shared_concordant_core	severity_neuron_modhigh_vs_low_nageotte	False				
ELMSAN1	down	-0.614639427061566	severity_neuron_shared_concordant_core	severity_neuron_modhigh_vs_low_nageotte	False				
ENSG00000112096	up	1.36054932371586	severity_neuron_shared_concordant_core	severity_neuron_modhigh_vs_low_nageotte	False				
ENSG00000130723	up	0.757009310913228	severity_neuron_shared_concordant_core	severity_neuron_modhigh_vs_low_nageotte	False				
ENSG00000177946	up	1.40291328575407	severity_neuron_shared_concordant_core	severity_neuron_modhigh_vs_low_nageotte	False				
ENSG00000189366	up	1.37297600000253	severity_neuron_shared_concordant_core	severity_neuron_modhigh_vs_low_nageotte	False				
ENSG00000221995	up	0.63302903522882	severity_neuron_shared_concordant_core	severity_neuron_modhigh_vs_low_nageotte	False				
ENSG00000239521	up	1.08547765946854	severity_neuron_shared_concordant_core	severity_neuron_modhigh_vs_low_nageotte	False				
ENSG00000280071	up	1.24876126404281	severity_neuron_shared_concordant_core	severity_neuron_modhigh_vs_low_nageotte	False				
ENSG00000280433	up	1.19847647441586	severity_neuron_shared_concordant_core	severity_neuron_modhigh_vs_low_nageotte	False				
ENSG00000284691	up	1.38712133372635	severity_neuron_shared_concordant_core	severity_neuron_modhigh_vs_low_nageotte	False				
ENSG00000285053	up	1.13698910903688	severity_neuron_shared_concordant_core	severity_neuron_modhigh_vs_low_nageotte	False				
ENTREP1	up	2.03781750845182	severity_neuron_shared_concordant_core	severity_neuron_modhigh_vs_low_nageotte	False				
ENTREP2	up	0.990960601863931	severity_neuron_shared_concordant_core	severity_neuron_modhigh_vs_low_nageotte	False				
ENTREP3	up	0.960992942616559	severity_neuron_shared_concordant_core	severity_neuron_modhigh_vs_low_nageotte	False				
EOLA1	up	1.30323328328853	severity_neuron_shared_concordant_core	severity_neuron_modhigh_vs_low_nageotte	False				
EPRS1	up	0.60311844880206	severity_neuron_shared_concordant_core	severity_neuron_modhigh_vs_low_nageotte	False				
FAM189B	down	-0.807152898158784	severity_neuron_shared_concordant_core	severity_neuron_modhigh_vs_low_nageotte	False				
FHIP1B	up	0.839582085356669	severity_neuron_shared_concordant_core	severity_neuron_modhigh_vs_low_nageotte	False				
FHIP2A	up	0.990969574934779	severity_neuron_shared_concordant_core	severity_neuron_modhigh_vs_low_nageotte	False				
GARIN5A	up	1.73622461114986	severity_neuron_shared_concordant_core	severity_neuron_modhigh_vs_low_nageotte	False				
GARS1	up	1.5693198181162	severity_neuron_shared_concordant_core	severity_neuron_modhigh_vs_low_nageotte	False				
GBA	down	-0.712131621616014	severity_neuron_shared_concordant_core	severity_neuron_modhigh_vs_low_nageotte	False				
GBA1	up	1.05690779249178	severity_neuron_shared_concordant_core	severity_neuron_modhigh_vs_low_nageotte	False				
GFUS	up	1.4204635976319	severity_neuron_shared_concordant_core	severity_neuron_modhigh_vs_low_nageotte	False				
H1-10	up	1.26509913152666	severity_neuron_shared_concordant_core	severity_neuron_modhigh_vs_low_nageotte	False				
H1FX	down	-1.10442318658918	severity_neuron_shared_concordant_core	severity_neuron_modhigh_vs_low_nageotte	False				
H2AC25	up	0.58774317626836	severity_neuron_shared_concordant_core	severity_neuron_modhigh_vs_low_nageotte	False				
H2AC6	up	0.615277307678366	severity_neuron_shared_concordant_core	severity_neuron_modhigh_vs_low_nageotte	False				
H2AFY	down	-0.703961314817589	severity_neuron_shared_concordant_core	severity_neuron_modhigh_vs_low_nageotte	False				
H2AX	up	2.09074321288174	severity_neuron_shared_concordant_core	severity_neuron_modhigh_vs_low_nageotte	False				
H2BC26	up	1.09154011001927	severity_neuron_shared_concordant_core	severity_neuron_modhigh_vs_low_nageotte	False				
HAPSTR1	up	0.905329788340966	severity_neuron_shared_concordant_core	severity_neuron_modhigh_vs_low_nageotte	False				
HARS	down	-0.797964408987567	severity_neuron_shared_concordant_core	severity_neuron_modhigh_vs_low_nageotte	False				
HARS1	up	1.23995154768789	severity_neuron_shared_concordant_core	severity_neuron_modhigh_vs_low_nageotte	False				
IARS1	up	1.44361398315459	severity_neuron_shared_concordant_core	severity_neuron_modhigh_vs_low_nageotte	False				
IFTAP	up	1.07755169626892	severity_neuron_shared_concordant_core	severity_neuron_modhigh_vs_low_nageotte	False				
KARS1	up	1.38507951208019	severity_neuron_shared_concordant_core	severity_neuron_modhigh_vs_low_nageotte	False				
KCNC2	down	-0.717576984411597	severity_neuron_shared_concordant_core	severity_neuron_modhigh_vs_low_nageotte	False				
KIAA1324	down	-0.621474224560542	severity_neuron_shared_concordant_core	severity_neuron_modhigh_vs_low_nageotte	False				
LARS1	up	0.775981857918778	severity_neuron_shared_concordant_core	severity_neuron_modhigh_vs_low_nageotte	False				
LASP1NB	up	1.32768781550641	severity_neuron_shared_concordant_core	severity_neuron_modhigh_vs_low_nageotte	False				
LDAF1	up	1.54890592741809	severity_neuron_shared_concordant_core	severity_neuron_modhigh_vs_low_nageotte	False				
MARCH1	down	-0.83496807771815	severity_neuron_shared_concordant_core	severity_neuron_modhigh_vs_low_nageotte	False				
MARCH11	down	-0.595453180202255	severity_neuron_shared_concordant_core	severity_neuron_modhigh_vs_low_nageotte	False				
MARCH4	down	-0.669095185690901	severity_neuron_shared_concordant_core	severity_neuron_modhigh_vs_low_nageotte	False				
MARCHF2	up	1.48118158439611	severity_neuron_shared_concordant_core	severity_neuron_modhigh_vs_low_nageotte	False				
MARCHF5	up	1.1336198267906	severity_neuron_shared_concordant_core	severity_neuron_modhigh_vs_low_nageotte	False				
MARCHF6	up	0.946803004162149	severity_neuron_shared_concordant_core	severity_neuron_modhigh_vs_low_nageotte	False				
MARCHF8	up	1.77290806384045	severity_neuron_shared_concordant_core	severity_neuron_modhigh_vs_low_nageotte	False				
MARCHF9	up	1.37453632615153	severity_neuron_shared_concordant_core	severity_neuron_modhigh_vs_low_nageotte	False				
MATCAP1	up	1.68022096423895	severity_neuron_shared_concordant_core	severity_neuron_modhigh_vs_low_nageotte	False				
METTL13	up	0.902345836338734	severity_neuron_shared_concordant_core	severity_neuron_modhigh_vs_low_nageotte	False				
MTARC1	up	0.862899090144487	severity_neuron_shared_concordant_core	severity_neuron_modhigh_vs_low_nageotte	False				
MYG1	up	1.392237136379	severity_neuron_shared_concordant_core	severity_neuron_modhigh_vs_low_nageotte	False				
NARS1	up	1.10238210691538	severity_neuron_shared_concordant_core	severity_neuron_modhigh_vs_low_nageotte	False				
NHERF1	up	1.21728900825394	severity_neuron_shared_concordant_core	severity_neuron_modhigh_vs_low_nageotte	False				
NHERF2	up	1.14287091971176	severity_neuron_shared_concordant_core	severity_neuron_modhigh_vs_low_nageotte	False				
NTAQ1	up	1.6090183620918	severity_neuron_shared_concordant_core	severity_neuron_modhigh_vs_low_nageotte	False				
P2RY12	down	-0.714215164021857	severity_neuron_shared_concordant_core	severity_neuron_modhigh_vs_low_nageotte	False				
PALM2AKAP2	up	1.00103499674878	severity_neuron_shared_concordant_core	severity_neuron_modhigh_vs_low_nageotte	False				
PALS1	up	1.01593941250296	severity_neuron_shared_concordant_core	severity_neuron_modhigh_vs_low_nageotte	False				
PALS2	up	0.905055705649532	severity_neuron_shared_concordant_core	severity_neuron_modhigh_vs_low_nageotte	False				
PEDS1	up	1.42118984657773	severity_neuron_shared_concordant_core	severity_neuron_modhigh_vs_low_nageotte	False				
PGAP4	up	1.28604147025357	severity_neuron_shared_concordant_core	severity_neuron_modhigh_vs_low_nageotte	False				
PHAF1	up	0.912166480308134	severity_neuron_shared_concordant_core	severity_neuron_modhigh_vs_low_nageotte	False				
PHB1	up	1.82606966544968	severity_neuron_shared_concordant_core	severity_neuron_modhigh_vs_low_nageotte	False				
PIERCE2	up	0.587370585090675	severity_neuron_shared_concordant_core	severity_neuron_modhigh_vs_low_nageotte	False				
PSME3IP1	up	1.09465842888364	severity_neuron_shared_concordant_core	severity_neuron_modhigh_vs_low_nageotte	False				
PTGR3	up	1.40295112115515	severity_neuron_shared_concordant_core	severity_neuron_modhigh_vs_low_nageotte	False				
QARS	down	-0.646667732448213	severity_neuron_shared_concordant_core	severity_neuron_modhigh_vs_low_nageotte	False				
QARS1	up	0.928940659505179	severity_neuron_shared_concordant_core	severity_neuron_modhigh_vs_low_nageotte	False				
RALGDS	up	0.759812148091567	severity_neuron_shared_concordant_core	severity_neuron_modhigh_vs_low_nageotte	False				
RIGI	up	1.12226399795748	severity_neuron_shared_concordant_core	severity_neuron_modhigh_vs_low_nageotte	False				
RIMOC1	up	0.878004871343074	severity_neuron_shared_concordant_core	severity_neuron_modhigh_vs_low_nageotte	False				
RUSF1	up	0.911953827679339	severity_neuron_shared_concordant_core	severity_neuron_modhigh_vs_low_nageotte	False				
SANBR	up	1.26761341858108	severity_neuron_shared_concordant_core	severity_neuron_modhigh_vs_low_nageotte	False				
SARS1	up	1.19090412808816	severity_neuron_shared_concordant_core	severity_neuron_modhigh_vs_low_nageotte	False				
SKIC3	up	0.836750779619265	severity_neuron_shared_concordant_core	severity_neuron_modhigh_vs_low_nageotte	False				
SKIC8	up	0.808098428146926	severity_neuron_shared_concordant_core	severity_neuron_modhigh_vs_low_nageotte	False				
SLC9A3R1	down	-1.34073811436518	severity_neuron_shared_concordant_core	severity_neuron_modhigh_vs_low_nageotte	False				
SLC9A3R2	down	-0.724278848869842	severity_neuron_shared_concordant_core	severity_neuron_modhigh_vs_low_nageotte	False				
SPRING1	up	1.26556909034266	severity_neuron_shared_concordant_core	severity_neuron_modhigh_vs_low_nageotte	False				
TAFAZZIN	up	1.93773308369151	severity_neuron_shared_concordant_core	severity_neuron_modhigh_vs_low_nageotte	False				
TARS3	up	1.05488271545453	severity_neuron_shared_concordant_core	severity_neuron_modhigh_vs_low_nageotte	False				
TCTEX1D2	down	-0.83196292036933	severity_neuron_shared_concordant_core	severity_neuron_modhigh_vs_low_nageotte	False				
TFRC	down	-0.660705785830845	severity_neuron_shared_concordant_core	severity_neuron_modhigh_vs_low_nageotte	False				
TIAF1	down	-1.02171516738184	severity_neuron_shared_concordant_core	severity_neuron_modhigh_vs_low_nageotte	False				
TMEM159	down	-0.965238972623799	severity_neuron_shared_concordant_core	severity_neuron_modhigh_vs_low_nageotte	False				
TMEM189	down	-0.892204469772556	severity_neuron_shared_concordant_core	severity_neuron_modhigh_vs_low_nageotte	False				
TMEM246	down	-0.88901146725129	severity_neuron_shared_concordant_core	severity_neuron_modhigh_vs_low_nageotte	False				
TMEM8A	down	-0.742810071403107	severity_neuron_shared_concordant_core	severity_neuron_modhigh_vs_low_nageotte	False				
TRPA1	down	-1.06791020579053	severity_neuron_shared_concordant_core	severity_neuron_modhigh_vs_low_nageotte	False				
TSTA3	down	-0.999923064006269	severity_neuron_shared_concordant_core	severity_neuron_modhigh_vs_low_nageotte	False				
UQCC4	up	2.39501430359064	severity_neuron_shared_concordant_core	severity_neuron_modhigh_vs_low_nageotte	False				
VARS	down	-0.773296481859989	severity_neuron_shared_concordant_core	severity_neuron_modhigh_vs_low_nageotte	False				
VARS1	up	0.856979660934673	severity_neuron_shared_concordant_core	severity_neuron_modhigh_vs_low_nageotte	False				
YARS1	up	1.191807450353	severity_neuron_shared_concordant_core	severity_neuron_modhigh_vs_low_nageotte	False				
ZFTA	up	1.43078619447119	severity_neuron_shared_concordant_core	severity_neuron_modhigh_vs_low_nageotte	False				
ZFTRAF1	up	1.20932976276654	severity_neuron_shared_concordant_core	severity_neuron_modhigh_vs_low_nageotte	False				
ZZZ3	up	1.04166639370544	severity_neuron_shared_concordant_core	severity_neuron_modhigh_vs_low_nageotte	False				
AATK	up	0.649857026600287	severity_neuron_residual	severity_neuron_modhigh_vs_low_nageotte	False				
ABCA3	down	-0.611506431133005	severity_neuron_residual	severity_neuron_modhigh_vs_low_nageotte	False				
ABHD3	up	0.670767052482152	severity_neuron_residual	severity_neuron_modhigh_vs_low_nageotte	False				
ABI1	up	0.770756724202176	severity_neuron_residual	severity_neuron_modhigh_vs_low_nageotte	False				
ACAD11	up	0.92159285593227	severity_neuron_residual	severity_neuron_modhigh_vs_low_nageotte	False				
ACTB	down	-0.837436060679456	severity_neuron_residual	severity_neuron_modhigh_vs_low_nageotte	False				
ADISSP	up	0.659926451193799	severity_neuron_residual	severity_neuron_modhigh_vs_low_nageotte	False				
ADM2	up	0.913360581202991	severity_neuron_residual	severity_neuron_modhigh_vs_low_nageotte	False				
AFF4	up	0.605221078549041	severity_neuron_residual	severity_neuron_modhigh_vs_low_nageotte	False				
AGL	up	0.600612091629164	severity_neuron_residual	severity_neuron_modhigh_vs_low_nageotte	False				
AKT3	up	0.618278135590512	severity_neuron_residual	severity_neuron_modhigh_vs_low_nageotte	False				
AMD1	up	1.44124988261074	severity_neuron_residual	severity_neuron_modhigh_vs_low_nageotte	False				
ANKRA2	up	0.94405803029189	severity_neuron_residual	severity_neuron_modhigh_vs_low_nageotte	False				
ANKRD12	up	1.46299469636353	severity_neuron_residual	severity_neuron_modhigh_vs_low_nageotte	False				
AP1M1	down	-0.688461230449825	severity_neuron_residual	severity_neuron_modhigh_vs_low_nageotte	False				
ARFGEF1	up	0.599162240313184	severity_neuron_residual	severity_neuron_modhigh_vs_low_nageotte	False				
ARFGEF2	up	0.733588980295211	severity_neuron_residual	severity_neuron_modhigh_vs_low_nageotte	False				
ARG2	up	0.795589493889621	severity_neuron_residual	severity_neuron_modhigh_vs_low_nageotte	False				
ARHGEF12	up	1.12368049670054	severity_neuron_residual	severity_neuron_modhigh_vs_low_nageotte	False				
ARMH4	down	-0.588695671736601	severity_neuron_residual	severity_neuron_modhigh_vs_low_nageotte	False				
ARPC1A	up	0.655046551998288	severity_neuron_residual	severity_neuron_modhigh_vs_low_nageotte	False				
ARPP19	up	0.605293418837455	severity_neuron_residual	severity_neuron_modhigh_vs_low_nageotte	False				
ASH1L	up	0.799901554824199	severity_neuron_residual	severity_neuron_modhigh_vs_low_nageotte	False				
ATM	up	0.772205092619037	severity_neuron_residual	severity_neuron_modhigh_vs_low_nageotte	False				
ATP6V1F	up	0.943939186161888	severity_neuron_residual	severity_neuron_modhigh_vs_low_nageotte	False				
B2M	down	-1.04433356684425	severity_neuron_residual	severity_neuron_modhigh_vs_low_nageotte	False				
BAG4	up	1.3035298952895	severity_neuron_residual	severity_neuron_modhigh_vs_low_nageotte	False				
BCL11A	up	1.0109920532344	severity_neuron_residual	severity_neuron_modhigh_vs_low_nageotte	False				
BOLA3	up	1.60620945527146	severity_neuron_residual	severity_neuron_modhigh_vs_low_nageotte	False				
BRINP3	up	0.588489940533696	severity_neuron_residual	severity_neuron_modhigh_vs_low_nageotte	False				
BTBD8	up	0.871018019112966	severity_neuron_residual	severity_neuron_modhigh_vs_low_nageotte	False				
C1R	down	-0.837277615657465	severity_neuron_residual	severity_neuron_modhigh_vs_low_nageotte	False				
C6orf62	up	1.06170928401724	severity_neuron_residual	severity_neuron_modhigh_vs_low_nageotte	False				
CAB39	up	0.608527838928537	severity_neuron_residual	severity_neuron_modhigh_vs_low_nageotte	False				
CABLES2	up	0.742804094985389	severity_neuron_residual	severity_neuron_modhigh_vs_low_nageotte	False				
CACNB2	up	0.807393941209201	severity_neuron_residual	severity_neuron_modhigh_vs_low_nageotte	False				
CALN1	up	0.789162608757812	severity_neuron_residual	severity_neuron_modhigh_vs_low_nageotte	False				
CALY	down	-0.809668873038048	severity_neuron_residual	severity_neuron_modhigh_vs_low_nageotte	False				
CAP1	up	1.54901657756604	severity_neuron_residual	severity_neuron_modhigh_vs_low_nageotte	False				
CASP4	up	0.848969033459959	severity_neuron_residual	severity_neuron_modhigh_vs_low_nageotte	False				
CCDC82	up	0.643037669491631	severity_neuron_residual	severity_neuron_modhigh_vs_low_nageotte	False				
CCNL2	up	0.863201925562071	severity_neuron_residual	severity_neuron_modhigh_vs_low_nageotte	False				
CCSER2	up	0.906673382412847	severity_neuron_residual	severity_neuron_modhigh_vs_low_nageotte	False				
CD44	down	-0.623379080930906	severity_neuron_residual	severity_neuron_modhigh_vs_low_nageotte	False				
CDC42BPA	up	0.856835037020272	severity_neuron_residual	severity_neuron_modhigh_vs_low_nageotte	False				
CDH13	down	-0.630041525783593	severity_neuron_residual	severity_neuron_modhigh_vs_low_nageotte	False				
CDK5RAP3	up	0.855293651960237	severity_neuron_residual	severity_neuron_modhigh_vs_low_nageotte	False				
CDKN3	up	1.7801768343471	severity_neuron_residual	severity_neuron_modhigh_vs_low_nageotte	False				
CEND1	up	0.634892105868021	severity_neuron_residual	severity_neuron_modhigh_vs_low_nageotte	False				
CEP350	up	0.673429591095492	severity_neuron_residual	severity_neuron_modhigh_vs_low_nageotte	False				
CFL1	down	-0.638768289938066	severity_neuron_residual	severity_neuron_modhigh_vs_low_nageotte	False				
CGGBP1	up	0.919767256251751	severity_neuron_residual	severity_neuron_modhigh_vs_low_nageotte	False				
CIAPIN1	down	-0.64540332850573	severity_neuron_residual	severity_neuron_modhigh_vs_low_nageotte	False				
CIPC	up	1.21933894432962	severity_neuron_residual	severity_neuron_modhigh_vs_low_nageotte	False				
CLASP1	up	0.597844232751047	severity_neuron_residual	severity_neuron_modhigh_vs_low_nageotte	False				
CLASP2	up	0.638669753975233	severity_neuron_residual	severity_neuron_modhigh_vs_low_nageotte	False				
CLVS2	up	1.10416018784417	severity_neuron_residual	severity_neuron_modhigh_vs_low_nageotte	False				
CNOT7	up	2.02563450901183	severity_neuron_residual	severity_neuron_modhigh_vs_low_nageotte	False				
CNP	down	-0.745793953594324	severity_neuron_residual	severity_neuron_modhigh_vs_low_nageotte	False				
CNPPD1	down	-0.596935835664876	severity_neuron_residual	severity_neuron_modhigh_vs_low_nageotte	False				
CNTN6	up	0.753373106873408	severity_neuron_residual	severity_neuron_modhigh_vs_low_nageotte	False				
CREBL2	up	0.696564332773189	severity_neuron_residual	severity_neuron_modhigh_vs_low_nageotte	False				
CREBZF	up	0.734387458215438	severity_neuron_residual	severity_neuron_modhigh_vs_low_nageotte	False				
CSNK1G2	up	0.602472272561265	severity_neuron_residual	severity_neuron_modhigh_vs_low_nageotte	False				
CSNK1G3	up	0.899632226569065	severity_neuron_residual	severity_neuron_modhigh_vs_low_nageotte	False				
CUL1	up	0.711187728850203	severity_neuron_residual	severity_neuron_modhigh_vs_low_nageotte	False				
CUL4B	up	0.601775169456561	severity_neuron_residual	severity_neuron_modhigh_vs_low_nageotte	False				
CYB5R1	down	-0.863724005564954	severity_neuron_residual	severity_neuron_modhigh_vs_low_nageotte	False				
CYB5R3	down	-1.07437627057917	severity_neuron_residual	severity_neuron_modhigh_vs_low_nageotte	False				
DCAF16	up	0.816448606205626	severity_neuron_residual	severity_neuron_modhigh_vs_low_nageotte	False				
DCAF17	up	0.58650148462685	severity_neuron_residual	severity_neuron_modhigh_vs_low_nageotte	False				
DCTN1	down	-0.615221318635869	severity_neuron_residual	severity_neuron_modhigh_vs_low_nageotte	False				
DDX5	up	0.605016464442724	severity_neuron_residual	severity_neuron_modhigh_vs_low_nageotte	False				
DENND1B	up	0.64872207678823	severity_neuron_residual	severity_neuron_modhigh_vs_low_nageotte	False				
DGKZ	up	1.16214173069929	severity_neuron_residual	severity_neuron_modhigh_vs_low_nageotte	False				
DHX32	up	0.645914340464996	severity_neuron_residual	severity_neuron_modhigh_vs_low_nageotte	False				
DMTF1	up	0.92069113755281	severity_neuron_residual	severity_neuron_modhigh_vs_low_nageotte	False				
DMXL1	up	0.757587421136991	severity_neuron_residual	severity_neuron_modhigh_vs_low_nageotte	False				
DNAI3	up	2.32685692444379	severity_neuron_residual	severity_neuron_modhigh_vs_low_nageotte	False				
DNAJB2	down	-0.984507266396388	severity_neuron_residual	severity_neuron_modhigh_vs_low_nageotte	False				
DOP1A	up	1.03393674123179	severity_neuron_residual	severity_neuron_modhigh_vs_low_nageotte	False				
DST	up	0.821395512506046	severity_neuron_residual	severity_neuron_modhigh_vs_low_nageotte	False				
DYRK1A	up	0.870897434543693	severity_neuron_residual	severity_neuron_modhigh_vs_low_nageotte	False				
EAF2	up	0.585382628632611	severity_neuron_residual	severity_neuron_modhigh_vs_low_nageotte	False				
ECPAS	up	0.826578371279641	severity_neuron_residual	severity_neuron_modhigh_vs_low_nageotte	False				
EDIL3	down	-0.751263627447475	severity_neuron_residual	severity_neuron_modhigh_vs_low_nageotte	False				
EEIG1	up	1.66245499567219	severity_neuron_residual	severity_neuron_modhigh_vs_low_nageotte	False				
EFR3A	up	0.690067369065348	severity_neuron_residual	severity_neuron_modhigh_vs_low_nageotte	False				
EIF1AX	up	0.804054430821035	severity_neuron_residual	severity_neuron_modhigh_vs_low_nageotte	False				
ELOVL5	down	-0.596186315995516	severity_neuron_residual	severity_neuron_modhigh_vs_low_nageotte	False				
ELP6	down	-0.648303079073795	severity_neuron_residual	severity_neuron_modhigh_vs_low_nageotte	False				
EMC10	down	-0.682520832632189	severity_neuron_residual	severity_neuron_modhigh_vs_low_nageotte	False				
ENSG00000204352	up	1.9502797001976	severity_neuron_residual	severity_neuron_modhigh_vs_low_nageotte	False				
ENSG00000215790	up	1.27517327789176	severity_neuron_residual	severity_neuron_modhigh_vs_low_nageotte	False				
EPHX1	down	-0.747857262752136	severity_neuron_residual	severity_neuron_modhigh_vs_low_nageotte	False				
ESYT1	down	-0.731077620693282	severity_neuron_residual	severity_neuron_modhigh_vs_low_nageotte	False				
FAIM2	down	-0.760280514392773	severity_neuron_residual	severity_neuron_modhigh_vs_low_nageotte	False				
FAM217B	up	0.719799536515819	severity_neuron_residual	severity_neuron_modhigh_vs_low_nageotte	False				
FAM234B	down	-0.82087265613558	severity_neuron_residual	severity_neuron_modhigh_vs_low_nageotte	False				
FBXO30	up	0.776562085362835	severity_neuron_residual	severity_neuron_modhigh_vs_low_nageotte	False				
FHIP2B	up	2.00471115964015	severity_neuron_residual	severity_neuron_modhigh_vs_low_nageotte	False				
FMNL2	up	0.845941276990488	severity_neuron_residual	severity_neuron_modhigh_vs_low_nageotte	False				
FOXJ3	up	0.687406025057213	severity_neuron_residual	severity_neuron_modhigh_vs_low_nageotte	False				
GAREM1	up	1.13151530462417	severity_neuron_residual	severity_neuron_modhigh_vs_low_nageotte	False				
GCC2	up	0.647966872844143	severity_neuron_residual	severity_neuron_modhigh_vs_low_nageotte	False				
GNA13	up	0.732792993515241	severity_neuron_residual	severity_neuron_modhigh_vs_low_nageotte	False				
GNAL	up	0.652010789057581	severity_neuron_residual	severity_neuron_modhigh_vs_low_nageotte	False				
GPATCH2L	up	0.589897120202564	severity_neuron_residual	severity_neuron_modhigh_vs_low_nageotte	False				
GPBP1	up	0.838683781416582	severity_neuron_residual	severity_neuron_modhigh_vs_low_nageotte	False				
GRB2	down	-0.606818046599985	severity_neuron_residual	severity_neuron_modhigh_vs_low_nageotte	False				
GRIA1	down	-0.651003605073678	severity_neuron_residual	severity_neuron_modhigh_vs_low_nageotte	False				
GRN	down	-0.654236010236222	severity_neuron_residual	severity_neuron_modhigh_vs_low_nageotte	False				
HELZ	up	0.688195679528593	severity_neuron_residual	severity_neuron_modhigh_vs_low_nageotte	False				
HNRNPR	up	0.959425834366671	severity_neuron_residual	severity_neuron_modhigh_vs_low_nageotte	False				
HOXA10	up	0.808541299076834	severity_neuron_residual	severity_neuron_modhigh_vs_low_nageotte	False				
HOXB5	up	0.881371075795051	severity_neuron_residual	severity_neuron_modhigh_vs_low_nageotte	False				
HOXC4	up	0.75304712175451	severity_neuron_residual	severity_neuron_modhigh_vs_low_nageotte	False				
HSP90B1	down	-0.810289619294478	severity_neuron_residual	severity_neuron_modhigh_vs_low_nageotte	False				
HYOU1	down	-0.660432911668111	severity_neuron_residual	severity_neuron_modhigh_vs_low_nageotte	False				
IFI6	down	-0.826702024625976	severity_neuron_residual	severity_neuron_modhigh_vs_low_nageotte	False				
IFT25	up	0.954613170733676	severity_neuron_residual	severity_neuron_modhigh_vs_low_nageotte	False				
IGFBP6	down	-1.98047835366655	severity_neuron_residual	severity_neuron_modhigh_vs_low_nageotte	False				
IGFL4	up	0.682114673463428	severity_neuron_residual	severity_neuron_modhigh_vs_low_nageotte	False				
IGIP	up	0.692701978383732	severity_neuron_residual	severity_neuron_modhigh_vs_low_nageotte	False				
IKZF5	up	0.848613821880511	severity_neuron_residual	severity_neuron_modhigh_vs_low_nageotte	False				
ILVBL	down	-0.795005773750734	severity_neuron_residual	severity_neuron_modhigh_vs_low_nageotte	False				
ITFG1	down	-0.595009417551371	severity_neuron_residual	severity_neuron_modhigh_vs_low_nageotte	False				
ITM2C	down	-0.63896358627653	severity_neuron_residual	severity_neuron_modhigh_vs_low_nageotte	False				
JMJD1C	up	0.750215125709299	severity_neuron_residual	severity_neuron_modhigh_vs_low_nageotte	False				
JUP	down	-0.851834620707433	severity_neuron_residual	severity_neuron_modhigh_vs_low_nageotte	False				
KATNIP	up	0.681594457608778	severity_neuron_residual	severity_neuron_modhigh_vs_low_nageotte	False				
KBTBD11	down	-0.951582500454279	severity_neuron_residual	severity_neuron_modhigh_vs_low_nageotte	False				
KBTBD3	up	0.614957984244692	severity_neuron_residual	severity_neuron_modhigh_vs_low_nageotte	False				
KCNA1	up	0.623266255466924	severity_neuron_residual	severity_neuron_modhigh_vs_low_nageotte	False				
KDM5A	up	1.03066395795107	severity_neuron_residual	severity_neuron_modhigh_vs_low_nageotte	False				
KIAA1191	up	0.729126011165373	severity_neuron_residual	severity_neuron_modhigh_vs_low_nageotte	False				
KIF3B	up	0.698938424934494	severity_neuron_residual	severity_neuron_modhigh_vs_low_nageotte	False				
L1CAM	down	-0.925932574958178	severity_neuron_residual	severity_neuron_modhigh_vs_low_nageotte	False				
LAMA4	up	0.646823109127265	severity_neuron_residual	severity_neuron_modhigh_vs_low_nageotte	False				
LCP2	up	0.909537085524362	severity_neuron_residual	severity_neuron_modhigh_vs_low_nageotte	False				
LDLR	down	-0.678545610972164	severity_neuron_residual	severity_neuron_modhigh_vs_low_nageotte	False				
LGALS1	down	-0.691523248067344	severity_neuron_residual	severity_neuron_modhigh_vs_low_nageotte	False				
LGALS3BP	down	-0.707589132056453	severity_neuron_residual	severity_neuron_modhigh_vs_low_nageotte	False				
LIPH	down	-0.979946530967559	severity_neuron_residual	severity_neuron_modhigh_vs_low_nageotte	False				
LMAN2	down	-0.650106059554903	severity_neuron_residual	severity_neuron_modhigh_vs_low_nageotte	False				
LMNA	down	-0.764688620192559	severity_neuron_residual	severity_neuron_modhigh_vs_low_nageotte	False				
LSAMP	down	-0.585631828263507	severity_neuron_residual	severity_neuron_modhigh_vs_low_nageotte	False				
LUC7L3	up	1.04971530683555	severity_neuron_residual	severity_neuron_modhigh_vs_low_nageotte	False				
LUZP1	up	0.628256720888671	severity_neuron_residual	severity_neuron_modhigh_vs_low_nageotte	False				
LZTS3	down	-0.78064412071259	severity_neuron_residual	severity_neuron_modhigh_vs_low_nageotte	False				
MADD	up	0.625829514807953	severity_neuron_residual	severity_neuron_modhigh_vs_low_nageotte	False				
MAOB	down	-0.619683754944748	severity_neuron_residual	severity_neuron_modhigh_vs_low_nageotte	False				
MAP1A	up	0.612328247871633	severity_neuron_residual	severity_neuron_modhigh_vs_low_nageotte	False				
MAP2K4	up	0.58843334667168	severity_neuron_residual	severity_neuron_modhigh_vs_low_nageotte	False				
MAP3K2	up	1.17499839338661	severity_neuron_residual	severity_neuron_modhigh_vs_low_nageotte	False				
MAP3K20	up	0.743342350925538	severity_neuron_residual	severity_neuron_modhigh_vs_low_nageotte	False				
MAP3K5	up	0.728736145480601	severity_neuron_residual	severity_neuron_modhigh_vs_low_nageotte	False				
MAP4K5	up	1.12045328809828	severity_neuron_residual	severity_neuron_modhigh_vs_low_nageotte	False				
MAPK10	up	0.69957504122685	severity_neuron_residual	severity_neuron_modhigh_vs_low_nageotte	False				
MAPK6	up	0.699510414349245	severity_neuron_residual	severity_neuron_modhigh_vs_low_nageotte	False				
MAST3	down	-0.701904723673054	severity_neuron_residual	severity_neuron_modhigh_vs_low_nageotte	False				
MASTL	up	0.861576467230795	severity_neuron_residual	severity_neuron_modhigh_vs_low_nageotte	False				
MED13	up	0.714837553507845	severity_neuron_residual	severity_neuron_modhigh_vs_low_nageotte	False				
METRNL	down	-0.75119878364361	severity_neuron_residual	severity_neuron_modhigh_vs_low_nageotte	False				
MEX3C	up	1.04287483331986	severity_neuron_residual	severity_neuron_modhigh_vs_low_nageotte	False				
MFSD14A	up	0.68662071807252	severity_neuron_residual	severity_neuron_modhigh_vs_low_nageotte	False				
MICOS10	up	0.694303131771513	severity_neuron_residual	severity_neuron_modhigh_vs_low_nageotte	False				
MIF	down	-0.729510078722292	severity_neuron_residual	severity_neuron_modhigh_vs_low_nageotte	False				
MPZL1	down	-0.75596934188942	severity_neuron_residual	severity_neuron_modhigh_vs_low_nageotte	False				
MT-ND4L	up	1.32045688496358	severity_neuron_residual	severity_neuron_modhigh_vs_low_nageotte	False				
MT2A	up	0.665204968324891	severity_neuron_residual	severity_neuron_modhigh_vs_low_nageotte	False				
MTMR12	up	0.703696129374614	severity_neuron_residual	severity_neuron_modhigh_vs_low_nageotte	False				
MYCBP2	up	0.787146998681695	severity_neuron_residual	severity_neuron_modhigh_vs_low_nageotte	False				
MYDGF	down	-0.83562020840709	severity_neuron_residual	severity_neuron_modhigh_vs_low_nageotte	False				
N4BP2L2	up	0.737035475461973	severity_neuron_residual	severity_neuron_modhigh_vs_low_nageotte	False				
NAGK	down	-0.593186885781201	severity_neuron_residual	severity_neuron_modhigh_vs_low_nageotte	False				
NBN	up	0.781702789952984	severity_neuron_residual	severity_neuron_modhigh_vs_low_nageotte	False				
NCDN	down	-0.824809790411861	severity_neuron_residual	severity_neuron_modhigh_vs_low_nageotte	False				
NCOA2	up	0.85045800050315	severity_neuron_residual	severity_neuron_modhigh_vs_low_nageotte	False				
NDRG1	up	0.72433985184477	severity_neuron_residual	severity_neuron_modhigh_vs_low_nageotte	False				
NECTIN1	down	-0.595739552716337	severity_neuron_residual	severity_neuron_modhigh_vs_low_nageotte	False				
NOL10	up	0.929086097837553	severity_neuron_residual	severity_neuron_modhigh_vs_low_nageotte	False				
NPC2	down	-0.666019251418845	severity_neuron_residual	severity_neuron_modhigh_vs_low_nageotte	False				
NR2C2	up	0.589872788154223	severity_neuron_residual	severity_neuron_modhigh_vs_low_nageotte	False				
NRBF2	up	0.896948537724622	severity_neuron_residual	severity_neuron_modhigh_vs_low_nageotte	False				
NT5DC3	down	-0.607920469075021	severity_neuron_residual	severity_neuron_modhigh_vs_low_nageotte	False				
NTRK1	down	-0.738095328758071	severity_neuron_residual	severity_neuron_modhigh_vs_low_nageotte	False				
NUFIP2	up	0.69702259375422	severity_neuron_residual	severity_neuron_modhigh_vs_low_nageotte	False				
NUMBL	down	-0.634369866043525	severity_neuron_residual	severity_neuron_modhigh_vs_low_nageotte	False				
NUP58	up	0.791555203478988	severity_neuron_residual	severity_neuron_modhigh_vs_low_nageotte	False				
OBSCN	down	-1.32819958743227	severity_neuron_residual	severity_neuron_modhigh_vs_low_nageotte	False				
OGT	up	0.632474563731394	severity_neuron_residual	severity_neuron_modhigh_vs_low_nageotte	False				
OS9	down	-0.630041299447096	severity_neuron_residual	severity_neuron_modhigh_vs_low_nageotte	False				
OSER1	up	0.899334184835142	severity_neuron_residual	severity_neuron_modhigh_vs_low_nageotte	False				
P2RX3	down	-0.673539321264365	severity_neuron_residual	severity_neuron_modhigh_vs_low_nageotte	False				
P4HA2	down	-0.841873405896307	severity_neuron_residual	severity_neuron_modhigh_vs_low_nageotte	False				
PAIP1	up	0.596786587885117	severity_neuron_residual	severity_neuron_modhigh_vs_low_nageotte	False				
PCCA	up	0.618859208699866	severity_neuron_residual	severity_neuron_modhigh_vs_low_nageotte	False				
PCDH1	down	-0.60196055384076	severity_neuron_residual	severity_neuron_modhigh_vs_low_nageotte	False				
PCMTD1	up	0.822237546661789	severity_neuron_residual	severity_neuron_modhigh_vs_low_nageotte	False				
PCP4	down	-0.697281531037689	severity_neuron_residual	severity_neuron_modhigh_vs_low_nageotte	False				
PCYOX1	down	-0.937755961115577	severity_neuron_residual	severity_neuron_modhigh_vs_low_nageotte	False				
PDS5B	up	1.06199653426672	severity_neuron_residual	severity_neuron_modhigh_vs_low_nageotte	False				
PFN1	down	-0.634164550803247	severity_neuron_residual	severity_neuron_modhigh_vs_low_nageotte	False				
PGAP6	up	0.92221812721432	severity_neuron_residual	severity_neuron_modhigh_vs_low_nageotte	False				
PILRB	up	0.901781646096257	severity_neuron_residual	severity_neuron_modhigh_vs_low_nageotte	False				
PITRM1	up	0.603053150974667	severity_neuron_residual	severity_neuron_modhigh_vs_low_nageotte	False				
PKN1	down	-0.913074590585571	severity_neuron_residual	severity_neuron_modhigh_vs_low_nageotte	False				
PLEKHB2	down	-0.608529627197651	severity_neuron_residual	severity_neuron_modhigh_vs_low_nageotte	False				
PLEKHM3	up	0.923407870779845	severity_neuron_residual	severity_neuron_modhigh_vs_low_nageotte	False				
PMP22	down	-0.715068898645098	severity_neuron_residual	severity_neuron_modhigh_vs_low_nageotte	False				
PNMA1	down	-0.904071088783994	severity_neuron_residual	severity_neuron_modhigh_vs_low_nageotte	False				
POLD4	up	0.807302179124627	severity_neuron_residual	severity_neuron_modhigh_vs_low_nageotte	False				
PPP1R12C	up	0.587698420007343	severity_neuron_residual	severity_neuron_modhigh_vs_low_nageotte	False				
PPP1R36	up	0.85355064692635	severity_neuron_residual	severity_neuron_modhigh_vs_low_nageotte	False				
PRDX3	up	1.33216450654753	severity_neuron_residual	severity_neuron_modhigh_vs_low_nageotte	False				
PRDX4	down	-0.762967463442279	severity_neuron_residual	severity_neuron_modhigh_vs_low_nageotte	False				
PRKAG2	up	0.796379637982154	severity_neuron_residual	severity_neuron_modhigh_vs_low_nageotte	False				
PRPSAP1	up	0.616291415704562	severity_neuron_residual	severity_neuron_modhigh_vs_low_nageotte	False				
PRR14L	up	0.820368902279505	severity_neuron_residual	severity_neuron_modhigh_vs_low_nageotte	False				
PRRC2C	up	0.766791517119706	severity_neuron_residual	severity_neuron_modhigh_vs_low_nageotte	False				
PRXL2A	down	-0.614433127098142	severity_neuron_residual	severity_neuron_modhigh_vs_low_nageotte	False				
PSAP	down	-0.868753071127358	severity_neuron_residual	severity_neuron_modhigh_vs_low_nageotte	False				
PSD3	up	0.638065088415103	severity_neuron_residual	severity_neuron_modhigh_vs_low_nageotte	False				
PTCHD1	down	-1.03506517266882	severity_neuron_residual	severity_neuron_modhigh_vs_low_nageotte	False				
PTGES	down	-0.754902788827678	severity_neuron_residual	severity_neuron_modhigh_vs_low_nageotte	False				
PTMS	down	-0.644730028879415	severity_neuron_residual	severity_neuron_modhigh_vs_low_nageotte	False				
PTPRA	up	0.830292927569192	severity_neuron_residual	severity_neuron_modhigh_vs_low_nageotte	False				
PXN	up	0.756795041566244	severity_neuron_residual	severity_neuron_modhigh_vs_low_nageotte	False				
RAB22A	up	0.695487320957006	severity_neuron_residual	severity_neuron_modhigh_vs_low_nageotte	False				
RAB5C	down	-0.852123623106987	severity_neuron_residual	severity_neuron_modhigh_vs_low_nageotte	False				
RABAC1	down	-0.724143499279526	severity_neuron_residual	severity_neuron_modhigh_vs_low_nageotte	False				
RAPGEF4	up	0.861874517032271	severity_neuron_residual	severity_neuron_modhigh_vs_low_nageotte	False				
RB1CC1	up	0.799046968550803	severity_neuron_residual	severity_neuron_modhigh_vs_low_nageotte	False				
RBAK	up	1.38256513189869	severity_neuron_residual	severity_neuron_modhigh_vs_low_nageotte	False				
RBBP8	up	0.783372185451957	severity_neuron_residual	severity_neuron_modhigh_vs_low_nageotte	False				
RBM5	up	0.586352006298476	severity_neuron_residual	severity_neuron_modhigh_vs_low_nageotte	False				
RC3H2	up	0.828259935268566	severity_neuron_residual	severity_neuron_modhigh_vs_low_nageotte	False				
RCC2	up	1.18536510519276	severity_neuron_residual	severity_neuron_modhigh_vs_low_nageotte	False				
RGS16	down	-1.19681373938286	severity_neuron_residual	severity_neuron_modhigh_vs_low_nageotte	False				
RIPOR1	down	-0.66000065020866	severity_neuron_residual	severity_neuron_modhigh_vs_low_nageotte	False				
RNF181	up	0.871408386285148	severity_neuron_residual	severity_neuron_modhigh_vs_low_nageotte	False				
RNF6	up	0.695268490256359	severity_neuron_residual	severity_neuron_modhigh_vs_low_nageotte	False				
RNH1	down	-1.10534643760316	severity_neuron_residual	severity_neuron_modhigh_vs_low_nageotte	False				
RRAGC	up	0.742975392988194	severity_neuron_residual	severity_neuron_modhigh_vs_low_nageotte	False				
RTL8A	up	1.0679951721131	severity_neuron_residual	severity_neuron_modhigh_vs_low_nageotte	False				
RTRAF	up	0.658042426542392	severity_neuron_residual	severity_neuron_modhigh_vs_low_nageotte	False				
S100A4	down	-0.782796950960288	severity_neuron_residual	severity_neuron_modhigh_vs_low_nageotte	False				
SAMD4A	up	0.884756938501931	severity_neuron_residual	severity_neuron_modhigh_vs_low_nageotte	False				
SCAMP3	down	-0.879390870546282	severity_neuron_residual	severity_neuron_modhigh_vs_low_nageotte	False				
SCD5	down	-1.06896303571774	severity_neuron_residual	severity_neuron_modhigh_vs_low_nageotte	False				
SCMH1	up	0.727328297491323	severity_neuron_residual	severity_neuron_modhigh_vs_low_nageotte	False				
SCYL2	up	0.711904966670113	severity_neuron_residual	severity_neuron_modhigh_vs_low_nageotte	False				
SDHA	up	0.78104628793518	severity_neuron_residual	severity_neuron_modhigh_vs_low_nageotte	False				
SEC11C	down	-0.752577252713739	severity_neuron_residual	severity_neuron_modhigh_vs_low_nageotte	False				
SEPTIN5	down	-0.66776279805002	severity_neuron_residual	severity_neuron_modhigh_vs_low_nageotte	False				
SERPING1	down	-1.37762786602582	severity_neuron_residual	severity_neuron_modhigh_vs_low_nageotte	False				
SERTM1	up	0.624357221352938	severity_neuron_residual	severity_neuron_modhigh_vs_low_nageotte	False				
SLC16A3	down	-1.11772517778896	severity_neuron_residual	severity_neuron_modhigh_vs_low_nageotte	False				
SLC25A28	up	1.41039981527749	severity_neuron_residual	severity_neuron_modhigh_vs_low_nageotte	False				
SLC25A4	down	-0.639386586918565	severity_neuron_residual	severity_neuron_modhigh_vs_low_nageotte	False				
SLC6A17	down	-0.627048791919559	severity_neuron_residual	severity_neuron_modhigh_vs_low_nageotte	False				
SLCO4C1	up	0.646943699625631	severity_neuron_residual	severity_neuron_modhigh_vs_low_nageotte	False				
SMAD9	up	1.0020743279942	severity_neuron_residual	severity_neuron_modhigh_vs_low_nageotte	False				
SOCS4	up	0.632705257976328	severity_neuron_residual	severity_neuron_modhigh_vs_low_nageotte	False				
SORBS1	up	0.746603699293582	severity_neuron_residual	severity_neuron_modhigh_vs_low_nageotte	False				
SOS1	up	0.850963105601573	severity_neuron_residual	severity_neuron_modhigh_vs_low_nageotte	False				
SPACA9	up	0.899092259340569	severity_neuron_residual	severity_neuron_modhigh_vs_low_nageotte	False				
SPOCK1	down	-0.850149468577748	severity_neuron_residual	severity_neuron_modhigh_vs_low_nageotte	False				
SPRYD3	down	-0.713108269782554	severity_neuron_residual	severity_neuron_modhigh_vs_low_nageotte	False				
SRRD	up	0.655015778246577	severity_neuron_residual	severity_neuron_modhigh_vs_low_nageotte	False				
SRSF5	up	1.17092813009012	severity_neuron_residual	severity_neuron_modhigh_vs_low_nageotte	False				
STARD7	up	0.786522239018111	severity_neuron_residual	severity_neuron_modhigh_vs_low_nageotte	False				
STEAP3	down	-0.89030666127632	severity_neuron_residual	severity_neuron_modhigh_vs_low_nageotte	False				
STIM1	down	-0.710267493775445	severity_neuron_residual	severity_neuron_modhigh_vs_low_nageotte	False				
STMN4	down	-0.589983996351918	severity_neuron_residual	severity_neuron_modhigh_vs_low_nageotte	False				
SUZ12	up	0.982520004606811	severity_neuron_residual	severity_neuron_modhigh_vs_low_nageotte	False				
SYN1	down	-0.646329542384949	severity_neuron_residual	severity_neuron_modhigh_vs_low_nageotte	False				
SYP	down	-0.676450339153798	severity_neuron_residual	severity_neuron_modhigh_vs_low_nageotte	False				
SYT1	down	-1.00800072090611	severity_neuron_residual	severity_neuron_modhigh_vs_low_nageotte	False				
SYT14	up	0.692788818154513	severity_neuron_residual	severity_neuron_modhigh_vs_low_nageotte	False				
TARSL2	up	0.725828198651055	severity_neuron_residual	severity_neuron_modhigh_vs_low_nageotte	False				
TCFL5	up	0.855591870703771	severity_neuron_residual	severity_neuron_modhigh_vs_low_nageotte	False				
THNSL2	down	-0.69484123357752	severity_neuron_residual	severity_neuron_modhigh_vs_low_nageotte	False				
TIMP1	down	-1.06484152065018	severity_neuron_residual	severity_neuron_modhigh_vs_low_nageotte	False				
TMBIM6	down	-1.43793994256182	severity_neuron_residual	severity_neuron_modhigh_vs_low_nageotte	False				
TMCC1	up	0.834162826736448	severity_neuron_residual	severity_neuron_modhigh_vs_low_nageotte	False				
TMED10	down	-0.598606364386822	severity_neuron_residual	severity_neuron_modhigh_vs_low_nageotte	False				
TMED3	down	-0.60326869946547	severity_neuron_residual	severity_neuron_modhigh_vs_low_nageotte	False				
TMED9	down	-0.688662473131903	severity_neuron_residual	severity_neuron_modhigh_vs_low_nageotte	False				
TMEM109	down	-0.697939224842706	severity_neuron_residual	severity_neuron_modhigh_vs_low_nageotte	False				
TMEM131	up	0.83458011959545	severity_neuron_residual	severity_neuron_modhigh_vs_low_nageotte	False				
TMEM132A	down	-0.714412962126646	severity_neuron_residual	severity_neuron_modhigh_vs_low_nageotte	False				
TMEM14A	down	-0.610870328298175	severity_neuron_residual	severity_neuron_modhigh_vs_low_nageotte	False				
TOMM5	up	0.721381850193192	severity_neuron_residual	severity_neuron_modhigh_vs_low_nageotte	False				
TPGS1	down	-0.802068327141648	severity_neuron_residual	severity_neuron_modhigh_vs_low_nageotte	False				
TRAPPC10	up	0.598147022510769	severity_neuron_residual	severity_neuron_modhigh_vs_low_nageotte	False				
TRAPPC5	down	-0.759484413664672	severity_neuron_residual	severity_neuron_modhigh_vs_low_nageotte	False				
TRAPPC8	up	0.900709793380531	severity_neuron_residual	severity_neuron_modhigh_vs_low_nageotte	False				
TRIM2	up	0.667472585308455	severity_neuron_residual	severity_neuron_modhigh_vs_low_nageotte	False				
TRIM29	up	0.602301337005623	severity_neuron_residual	severity_neuron_modhigh_vs_low_nageotte	False				
TRIM3	down	-0.672481757309657	severity_neuron_residual	severity_neuron_modhigh_vs_low_nageotte	False				
TRPV1	down	-0.827571002048783	severity_neuron_residual	severity_neuron_modhigh_vs_low_nageotte	False				
TSPYL4	down	-0.756475109447438	severity_neuron_residual	severity_neuron_modhigh_vs_low_nageotte	False				
TTC3	up	0.630473456110153	severity_neuron_residual	severity_neuron_modhigh_vs_low_nageotte	False				
TUBA1A	up	0.728619330247737	severity_neuron_residual	severity_neuron_modhigh_vs_low_nageotte	False				
TUBB2B	down	-0.831152343402188	severity_neuron_residual	severity_neuron_modhigh_vs_low_nageotte	False				
TWF2	down	-0.647471458477609	severity_neuron_residual	severity_neuron_modhigh_vs_low_nageotte	False				
UBE2M	up	0.941093062288976	severity_neuron_residual	severity_neuron_modhigh_vs_low_nageotte	False				
UBE2V1	up	1.04334529714558	severity_neuron_residual	severity_neuron_modhigh_vs_low_nageotte	False				
ULK2	up	0.629489241745939	severity_neuron_residual	severity_neuron_modhigh_vs_low_nageotte	False				
UNC79	up	0.899640693091436	severity_neuron_residual	severity_neuron_modhigh_vs_low_nageotte	False				
UQCC6	up	1.69785476632383	severity_neuron_residual	severity_neuron_modhigh_vs_low_nageotte	False				
USF3	up	0.848985868888668	severity_neuron_residual	severity_neuron_modhigh_vs_low_nageotte	False				
USO1	up	0.701540494791878	severity_neuron_residual	severity_neuron_modhigh_vs_low_nageotte	False				
USP34	up	1.11624644301678	severity_neuron_residual	severity_neuron_modhigh_vs_low_nageotte	False				
VGF	up	0.612222036809556	severity_neuron_residual	severity_neuron_modhigh_vs_low_nageotte	False				
VIM	down	-1.83899957028171	severity_neuron_residual	severity_neuron_modhigh_vs_low_nageotte	False				
VPS37C	up	1.42983360919622	severity_neuron_residual	severity_neuron_modhigh_vs_low_nageotte	False				
WASF1	up	0.656794370001677	severity_neuron_residual	severity_neuron_modhigh_vs_low_nageotte	False				
WASF3	up	1.07967599587423	severity_neuron_residual	severity_neuron_modhigh_vs_low_nageotte	False				
WASHC5	up	0.94305284561715	severity_neuron_residual	severity_neuron_modhigh_vs_low_nageotte	False				
WBP11	up	0.65877895389572	severity_neuron_residual	severity_neuron_modhigh_vs_low_nageotte	False				
WBP2	up	0.662497869682859	severity_neuron_residual	severity_neuron_modhigh_vs_low_nageotte	False				
WDR37	up	0.680433040027654	severity_neuron_residual	severity_neuron_modhigh_vs_low_nageotte	False				
WSB1	up	0.926227495513398	severity_neuron_residual	severity_neuron_modhigh_vs_low_nageotte	False				
XPO6	up	0.628492651698966	severity_neuron_residual	severity_neuron_modhigh_vs_low_nageotte	False				
XPO7	up	1.110604994331	severity_neuron_residual	severity_neuron_modhigh_vs_low_nageotte	False				
XRCC6	up	0.854929709334817	severity_neuron_residual	severity_neuron_modhigh_vs_low_nageotte	False				
YJU2	down	-0.613574106097042	severity_neuron_residual	severity_neuron_modhigh_vs_low_nageotte	False				
YJU2B	up	1.53469366631537	severity_neuron_residual	severity_neuron_modhigh_vs_low_nageotte	False				
YPEL3	up	0.652401259836746	severity_neuron_residual	severity_neuron_modhigh_vs_low_nageotte	False				
YWHAB	down	-0.69409355733364	severity_neuron_residual	severity_neuron_modhigh_vs_low_nageotte	False				
ZBTB38	up	0.737424373946937	severity_neuron_residual	severity_neuron_modhigh_vs_low_nageotte	False				
ZBTB41	up	0.631134879774388	severity_neuron_residual	severity_neuron_modhigh_vs_low_nageotte	False				
ZCWPW1	up	1.23176600550981	severity_neuron_residual	severity_neuron_modhigh_vs_low_nageotte	False				
ZDBF2	up	0.617428290947503	severity_neuron_residual	severity_neuron_modhigh_vs_low_nageotte	False				
ZEB1	up	0.94417689265428	severity_neuron_residual	severity_neuron_modhigh_vs_low_nageotte	False				
ZFC3H1	up	0.668897864570857	severity_neuron_residual	severity_neuron_modhigh_vs_low_nageotte	False				
ZFYVE16	up	0.675064551714627	severity_neuron_residual	severity_neuron_modhigh_vs_low_nageotte	False				
ZHX3	up	0.73039328946748	severity_neuron_residual	severity_neuron_modhigh_vs_low_nageotte	False				
ZMYM2	up	0.64492123276106	severity_neuron_residual	severity_neuron_modhigh_vs_low_nageotte	False				
ZMYM4	up	0.656973300021497	severity_neuron_residual	severity_neuron_modhigh_vs_low_nageotte	False				
ZNF148	up	0.705605022890703	severity_neuron_residual	severity_neuron_modhigh_vs_low_nageotte	False				
ZNF385D	up	1.11973218578306	severity_neuron_residual	severity_neuron_modhigh_vs_low_nageotte	False				
ZNF518B	up	1.10603876940986	severity_neuron_residual	severity_neuron_modhigh_vs_low_nageotte	False				
ZNF605	up	0.694785678303787	severity_neuron_residual	severity_neuron_modhigh_vs_low_nageotte	False				
ZNF800	up	1.03024362937889	severity_neuron_residual	severity_neuron_modhigh_vs_low_nageotte	False				
ADAP2			late_directionally_opposed_overlap		True	up	down	0.708608301	-0.714188284
ANXA2R			late_directionally_opposed_overlap		True	up	down	0.74332855	-0.739648209
C10orf142			late_directionally_opposed_overlap		True	up	down	1.105688304	-1.196454162
C1QTNF1			late_directionally_opposed_overlap		True	up	down	0.772274007	-1.067865085
C7orf61			late_directionally_opposed_overlap		True	down	up	-0.776700532	0.630060307
CCDC114			late_directionally_opposed_overlap		True	up	down	0.864531078	-0.90403608
CCDC36			late_directionally_opposed_overlap		True	up	down	0.951144282	-0.845418345
CREB3L2			late_directionally_opposed_overlap		True	up	down	0.79327147	-0.891650551
DEPP1			late_directionally_opposed_overlap		True	up	down	1.180625448	-0.903846257
DLC1			late_directionally_opposed_overlap		True	up	down	1.299594122	-1.228128914
FAM49A			late_directionally_opposed_overlap		True	up	down	0.668230185	-1.347262602
FNDC3B			late_directionally_opposed_overlap		True	up	down	0.682461343	-0.874902332
FZD4			late_directionally_opposed_overlap		True	up	down	1.00737281	-0.630462552
GALNT12			late_directionally_opposed_overlap		True	down	up	-0.77922347	0.753508684
GARIN5A			late_directionally_opposed_overlap		True	down	up	-0.947241972	0.906679723
H1F0			late_directionally_opposed_overlap		True	up	down	0.659129887	-0.714303516
HOXA5			late_directionally_opposed_overlap		True	up	down	0.649391281	-1.301162674
IFIT3			late_directionally_opposed_overlap		True	down	up	-0.589331737	1.456942813
MET			late_directionally_opposed_overlap		True	down	up	-0.637371091	0.615931009
NQO1			late_directionally_opposed_overlap		True	up	down	1.025786642	-0.651038019
NUMA1			late_directionally_opposed_overlap		True	up	down	0.605035378	-0.629809985
PCDH18			late_directionally_opposed_overlap		True	up	down	0.935377701	-1.515288547
PLXNA3			late_directionally_opposed_overlap		True	up	down	0.603332525	-0.678894174
RNF152			late_directionally_opposed_overlap		True	up	down	1.020567208	-1.071785944
SLC66A1L			late_directionally_opposed_overlap		True	up	down	1.235199728	-0.915193174
TMEM97			late_directionally_opposed_overlap		True	down	up	-1.408701063	0.593603274
ATRNL1			severity_directionally_opposed_overlap		True	up	down	0.696445966261866	-0.806070788
C5orf30			severity_directionally_opposed_overlap		True	up	down	0.94821216239434	-1.012411935
CILK1			severity_directionally_opposed_overlap		True	up	down	1.84044600446824	-1.572252221
FAM102A			severity_directionally_opposed_overlap		True	up	down	0.798497722092586	-0.839335362
FAM126A			severity_directionally_opposed_overlap		True	up	down	0.987142796375567	-1.653855625
FAM126B			severity_directionally_opposed_overlap		True	up	down	0.613816970630169	-1.208277818
FAM214A			severity_directionally_opposed_overlap		True	up	down	0.745114135503378	-1.203182595
FEM1B			severity_directionally_opposed_overlap		True	up	down	0.790905294341869	-0.824467514
FLRT2			severity_directionally_opposed_overlap		True	up	down	0.704714606586914	-0.813270603
IARS			severity_directionally_opposed_overlap		True	up	down	0.652603416693811	-1.410581807
ISG15			severity_directionally_opposed_overlap		True	down	up	-0.639564876528996	0.899985723
KLF9			severity_directionally_opposed_overlap		True	up	down	1.05655123588039	-0.93049556
MARCH7			severity_directionally_opposed_overlap		True	up	down	0.858993645266777	-1.338999536
MTARC2			severity_directionally_opposed_overlap		True	up	down	0.711060811021508	-0.689150434
NSD3			severity_directionally_opposed_overlap		True	up	down	1.92325119490774	-0.662807096
PABIR2			severity_directionally_opposed_overlap		True	up	down	1.65592577416619	-0.684742096
PGK1			severity_directionally_opposed_overlap		True	down	up	-1.14161293503668	0.636848169
PPIA			severity_directionally_opposed_overlap		True	up	down	1.44408968583556	-0.830653926
SPARCL1			severity_directionally_opposed_overlap		True	up	down	0.912694319328927	-0.928878673
TJP1			severity_directionally_opposed_overlap		True	up	down	0.850812442892422	-0.920149608
UHRF1BP1L			severity_directionally_opposed_overlap		True	up	down	0.739727228951143	-1.218781
UQCRH			severity_directionally_opposed_overlap		True	up	down	1.77781394329984	-0.978847744
ZADH2			severity_directionally_opposed_overlap		True	up	down	0.794854562074385	-0.720184401
ZEB2			severity_directionally_opposed_overlap		True	up	down	1.23601674934394	-1.061466059
