PG.Genes	PG.ProteinDescriptions	PG.UniProtIds	human_gene_id	current_symbol	gene_mapping_method	detected_sample_n	detection_fraction	median_log2_intensity_observed	selected_gene_representative	passes_detection_50pct	source_row
A1BG	Alpha-1B-glycoprotein	P04217	1	A1BG	official_exact	43	0.9148936170212766	5.283406475230212	True	True	369
ABI1	Abl interactor 1;Isoform 10 of Abl interactor 1;Isoform 2 of Abl interactor 1;Isoform 3 of Abl interactor 1;Isoform 4 of Abl interactor 1;Isoform 5 of Abl interactor 1;Isoform 6 of Abl interactor 1;Isoform 7 of Abl interactor 1;Isoform 8 of Abl interactor 1;Isoform 9 of Abl interactor 1	Q8IZP0;Q8IZP0-10;Q8IZP0-2;Q8IZP0-3;Q8IZP0-4;Q8IZP0-5;Q8IZP0-6;Q8IZP0-7;Q8IZP0-8;Q8IZP0-9	10006	ABI1	official_exact	4	0.0851063829787234	4.147820330216186	True	False	1376
XP32	Skin-specific protein 32	Q5T750	100129271	KPLCE	unique_synonym	10	0.2127659574468085	4.344176087842378	True	False	1303
TSTD1	Thiosulfate:glutathione sulfurtransferase;Isoform 3 of Thiosulfate:glutathione sulfurtransferase	Q8NFU3;Q8NFU3-3	100131187	TSTD1	official_exact	9	0.19148936170212766	4.664690758355481	True	False	1401
PLA2G4B	Cytosolic phospholipase A2 beta;Isoform 5 of Cytosolic phospholipase A2 beta;Isoform 2 of Cytosolic phospholipase A2 beta;Isoform 3 of Cytosolic phospholipase A2 beta	P0C869;P0C869-6;P0C869-7;P0C869-8	100137049	PLA2G4B	official_exact	2	0.0425531914893617	3.72429563972845	True	False	501
PDCD6IP	Programmed cell death 6-interacting protein;Isoform 2 of Programmed cell death 6-interacting protein	Q8WUM4;Q8WUM4-2	10015	PDCD6IP	official_exact	47	1.0	4.4255767881834345	True	True	1420
PDCD6	Programmed cell death protein 6;Isoform 2 of Programmed cell death protein 6	O75340;O75340-2	10016	PDCD6	official_exact	13	0.2765957446808511	5.298736636824473	True	False	181
TOM1	Target of Myb protein 1;Isoform 2 of Target of Myb protein 1;Isoform 3 of Target of Myb protein 1;Isoform 4 of Target of Myb protein 1	O60784;O60784-2;O60784-3;O60784-4	10043	TOM1	official_exact	7	0.14893617021276595	3.9285490971549852	True	False	172
DPP3	Dipeptidyl peptidase 3;Isoform 4 of Dipeptidyl peptidase 3	Q9NY33;Q9NY33-4	10072	DPP3	official_exact	30	0.6382978723404256	5.322182272952444	True	True	1596
ARPC5	Actin-related protein 2/3 complex subunit 5	O15511	10092	ARPC5	official_exact	1	0.02127659574468085	2.4282850236310503	True	False	130
ARPC4	Actin-related protein 2/3 complex subunit 4;Isoform 2 of Actin-related protein 2/3 complex subunit 4;Isoform 3 of Actin-related protein 2/3 complex subunit 4	P59998;P59998-2;P59998-3	10093	ARPC4	official_exact	32	0.6808510638297872	5.5444623198991465	True	True	995
ARPC3	Actin-related protein 2/3 complex subunit 3	O15145	10094	ARPC3	official_exact	3	0.06382978723404255	4.658003317408103	True	False	122
ARPC1B	Actin-related protein 2/3 complex subunit 1B	O15143	10095	ARPC1B	official_exact	14	0.2978723404255319	4.059424606336668	True	False	120
ACTR3	Actin-related protein 3	P61158	10096	ACTR3	official_exact	38	0.8085106382978723	4.982727926165431	True	True	1011
ACTR2	Actin-related protein 2;Isoform 2 of Actin-related protein 2	P61160;P61160-2	10097	ACTR2	official_exact	37	0.7872340425531915	5.147946447120968	True	True	1012
TSPAN1	Tetraspanin-1	O60635	10103	TSPAN1	official_exact	34	0.723404255319149	5.365584631235449	True	True	169
ARPC2	Actin-related protein 2/3 complex subunit 2	O15144	10109	ARPC2	official_exact	39	0.8297872340425532	4.968759063752246	True	True	121
PDIA6	Protein disulfide-isomerase A6;Isoform 2 of Protein disulfide-isomerase A6;Isoform 3 of Protein disulfide-isomerase A6;Isoform 4 of Protein disulfide-isomerase A6;Isoform 5 of Protein disulfide-isomerase A6	Q15084;Q15084-2;Q15084-3;Q15084-4;Q15084-5	10130	PDIA6	official_exact	45	0.9574468085106383	5.039903832320116	True	True	1246
BCAP31	B-cell receptor-associated protein 31;Isoform 2 of B-cell receptor-associated protein 31	P51572;P51572-2	10134	BCAP31	official_exact	6	0.1276595744680851	4.568604296413243	True	False	941
NAMPT	Nicotinamide phosphoribosyltransferase	P43490	10135	NAMPT	official_exact	20	0.425531914893617	4.490114760261491	True	False	872
ATP6AP2	Renin receptor;Isoform 2 of Renin receptor	O75787;O75787-2	10159	ATP6AP2	official_exact	38	0.8085106382978723	5.530209102035106	True	True	202
ADAM10	Disintegrin and metalloproteinase domain-containing protein 10	O14672	102	ADAM10	official_exact	34	0.723404255319149	5.072225301486245	True	True	109
NUTF2	Nuclear transport factor 2	P61970	10204	NUTF2	official_exact	21	0.44680851063829785	4.885234987551621	True	False	1023
PATJ	InaD-like protein;Isoform 2 of InaD-like protein;Isoform 3 of InaD-like protein;Isoform 4 of InaD-like protein	Q8NI35;Q8NI35-2;Q8NI35-3;Q8NI35-4	10207	PATJ	official_exact	1	0.02127659574468085	3.504876194510183	True	False	1406
FLOT1	Flotillin-1;Isoform 2 of Flotillin-1	O75955;O75955-2	10211	FLOT1	official_exact	2	0.0425531914893617	3.8389608711256615	True	False	209
PLIN3	Perilipin-3;Isoform 3 of Perilipin-3;Isoform 4 of Perilipin-3	O60664;O60664-3;O60664-4	10226	PLIN3	official_exact	22	0.46808510638297873	4.721680974577378	True	False	170
MSLN	Mesothelin	Q13421	10232	MSLN	official_exact	47	1.0	8.434695667050052	True	True	1190
HNRNPR	Heterogeneous nuclear ribonucleoprotein R;Isoform 2 of Heterogeneous nuclear ribonucleoprotein R;Isoform 4 of Heterogeneous nuclear ribonucleoprotein R	O43390;O43390-2;O43390-4	10236	HNRNPR	official_exact	4	0.0851063829787234	4.272514786265123	True	False	140
IGHV2-70D	Immunoglobulin heavy variable 2-70D	A0A0C4DH43	102723168	IGHV2-70D	official_exact	7	0.14893617021276595	6.680143582413332	True	False	56
IGHV1-69D	Immunoglobulin heavy variable 1-69D	A0A0B4J2H0	102723169	IGHV1-69D	official_exact	47	1.0	7.6234182611754076	True	True	41
IGHV3-64D	Immunoglobulin heavy variable 3-64D	A0A0J9YX35	102723170	IGHV3-64D	official_exact	45	0.9574468085106383	7.29892691370504	True	True	65
LANCL1	Glutathione S-transferase LANCL1	O43813	10314	LANCL1	official_exact	1	0.02127659574468085	7.745005319021281	True	False	153
B3GALT5	Beta-1,3-galactosyltransferase 5	Q9Y2C3	10317	B3GALT5	official_exact	33	0.7021276595744681	5.682519307632761	True	True	1673
CRISP3	Cysteine-rich secretory protein 3;Isoform 2 of Cysteine-rich secretory protein 3;Isoform 3 of Cysteine-rich secretory protein 3	P54108;P54108-2;P54108-3	10321	CRISP3	official_exact	40	0.851063829787234	5.668670113102523	True	True	963
AKR1A1	Aldo-keto reductase family 1 member A1	P14550	10327	AKR1A1	official_exact	44	0.9361702127659575	5.181541280467229	True	True	596
CNPY2	Protein canopy homolog 2	Q9Y2B0	10330	CNPY2	official_exact	10	0.2127659574468085	5.154515341080526	True	False	1672
B3GNT3	N-acetyllactosaminide beta-1,3-N-acetylglucosaminyltransferase 3	Q9Y2A9	10331	B3GNT3	official_exact	43	0.9148936170212766	5.345449645822796	True	True	1671
TFG	Protein TFG;Isoform 2 of Protein TFG;Isoform 3 of Protein TFG;Isoform 4 of Protein TFG	Q92734;Q92734-2;Q92734-3;Q92734-4	10342	TFG	official_exact	1	0.02127659574468085	5.014070883951865	True	False	1437
TUBA1B	Tubulin alpha-1B chain	P68363	10376	TUBA1B	official_exact	45	0.9574468085106383	5.351879972147078	True	True	1079
BPNT1	3'(2'),5'-bisphosphate nucleotidase 1;Isoform 2 of 3'(2'),5'-bisphosphate nucleotidase 1;Isoform 4 of 3'(2'),5'-bisphosphate nucleotidase 1	O95861;O95861-2;O95861-4	10380	BPNT1	official_exact	4	0.0851063829787234	5.1894027100554165	True	False	234
TUBB4B	Tubulin beta-4B chain	P68371	10383	TUBB4B	official_exact	44	0.9361702127659575	5.491544174947552	True	True	1081
NDRG1	Protein NDRG1	Q92597	10397	NDRG1	official_exact	6	0.1276595744680851	4.300599331383098	True	False	1433
RACK1	Receptor of activated protein C kinase 1	P63244	10399	RACK1	official_exact	13	0.2765957446808511	5.590475120880298	True	False	1071
ST3GAL6	Type 2 lactosamine alpha-2,3-sialyltransferase	Q9Y274	10402	ST3GAL6	official_exact	14	0.2978723404255319	3.900793865405059	True	False	1670
CPQ	Carboxypeptidase Q	Q9Y646	10404	CPQ	official_exact	42	0.8936170212765957	4.583759741063928	True	True	1691
WFDC2	WAP four-disulfide core domain protein 2	Q14508	10406	WFDC2	official_exact	47	1.0	7.2914110210147225	True	True	1228
BASP1	Brain acid soluble protein 1	P80723	10409	BASP1	official_exact	12	0.2553191489361702	4.9762202820808294	True	False	1093
CDSN	Corneodesmosin	Q15517	1041	CDSN	official_exact	10	0.2127659574468085	5.5302624387280765	True	False	1260
LYPLA1	Acyl-protein thioesterase 1;Isoform 2 of Acyl-protein thioesterase 1	O75608;O75608-2	10434	LYPLA1	official_exact	16	0.3404255319148936	6.130546127018789	True	False	198
IFI30	Gamma-interferon-inducible lysosomal thiol reductase	P13284	10437	IFI30	official_exact	25	0.5319148936170213	4.093812932410707	True	True	570
FAM3C	Protein FAM3C	Q92520	10447	FAM3C	official_exact	42	0.8936170212765957	4.8546786873417975	True	True	1430
BAIAP2	Brain-specific angiogenesis inhibitor 1-associated protein 2;Isoform 2 of Brain-specific angiogenesis inhibitor 1-associated protein 2;Isoform 3 of Brain-specific angiogenesis inhibitor 1-associated protein 2;Isoform 4 of Brain-specific angiogenesis inhibitor 1-associated protein 2;Isoform 5 of Brain-specific angiogenesis inhibitor 1-associated protein 2;Isoform 6 of Brain-specific angiogenesis inhibitor 1-associated protein 2	Q9UQB8;Q9UQB8-2;Q9UQB8-3;Q9UQB8-4;Q9UQB8-5;Q9UQB8-6	10458	BAIAP2	official_exact	10	0.2127659574468085	2.9431029239458324	True	False	1668
CEACAM5	Carcinoembryonic antigen-related cell adhesion molecule 5;Isoform 2 of Carcinoembryonic antigen-related cell adhesion molecule 5	P06731;P06731-2	1048	CEACAM5	official_exact	34	0.723404255319149	4.4911684636816105	True	True	417
CAP1	Adenylyl cyclase-associated protein 1;Isoform 2 of Adenylyl cyclase-associated protein 1	Q01518;Q01518-2	10487	CAP1	official_exact	43	0.9148936170212766	5.715647009610218	True	True	1117
VAT1	Synaptic vesicle membrane protein VAT-1 homolog	Q99536	10493	VAT1	official_exact	21	0.44680851063829785	4.909773627754416	True	False	1491
FBLN5	Fibulin-5	Q9UBX5	10516	FBLN5	official_exact	39	0.8297872340425532	4.673646050331476	True	True	1631
CIB1	Calcium and integrin-binding protein 1;Isoform 2 of Calcium and integrin-binding protein 1	Q99828;Q99828-2	10519	CIB1	official_exact	28	0.5957446808510638	4.199599560604176	True	True	1501
HYOU1	Hypoxia up-regulated protein 1	Q9Y4L1	10525	HYOU1	official_exact	47	1.0	5.627371457706869	True	True	1686
NEBL	Isoform 2 of Nebulette	O76041-2	10529	NEBL	official_exact	4	0.0851063829787234	3.900589652930406	True	False	213
GLRX3	Glutaredoxin-3	O76003	10539	GLRX3	official_exact	2	0.0425531914893617	4.936626401382833	True	False	211
DCTN2	Dynactin subunit 2;Isoform 2 of Dynactin subunit 2;Isoform 3 of Dynactin subunit 2	Q13561;Q13561-2;Q13561-3	10540	DCTN2	official_exact	8	0.1702127659574468	5.559930258458902	True	False	1198
ANP32B	Acidic leucine-rich nuclear phosphoprotein 32 family member B;Isoform 2 of Acidic leucine-rich nuclear phosphoprotein 32 family member B	Q92688;Q92688-2	10541	ANP32B	official_exact	12	0.2553191489361702	5.197190825156478	True	False	1435
PRDX4	Peroxiredoxin-4	Q13162	10549	PRDX4	official_exact	47	1.0	6.077014848757308	True	True	1176
ARL6IP5	PRA1 family protein 3	O75915	10550	ARL6IP5	official_exact	6	0.1276595744680851	5.065503391602334	True	False	208
AGR2	Anterior gradient protein 2 homolog	O95994	10551	AGR2	official_exact	24	0.5106382978723404	5.647364935171279	True	True	240
ARPC1A	Actin-related protein 2/3 complex subunit 1A	Q92747	10552	ARPC1A	official_exact	16	0.3404255319148936	4.569630071799471	True	False	1439
OLFM4	Olfactomedin-4	Q6UX06	10562	OLFM4	official_exact	20	0.425531914893617	5.34752180226396	True	False	1325
SLC34A2	Sodium-dependent phosphate transport protein 2B;Isoform 2 of Sodium-dependent phosphate transport protein 2B	O95436;O95436-2	10568	SLC34A2	official_exact	45	0.9574468085106383	5.5567946313378265	True	True	224
CCT7	T-complex protein 1 subunit eta;Isoform 2 of T-complex protein 1 subunit eta;Isoform 3 of T-complex protein 1 subunit eta;Isoform 4 of T-complex protein 1 subunit eta	Q99832;Q99832-2;Q99832-3;Q99832-4	10574	CCT7	official_exact	7	0.14893617021276595	4.815047454965091	True	False	1503
CCT4	T-complex protein 1 subunit delta;Isoform 2 of T-complex protein 1 subunit delta	P50991;P50991-2	10575	CCT4	official_exact	11	0.23404255319148937	3.307836584046186	True	False	934
CCT2	T-complex protein 1 subunit beta;Isoform 2 of T-complex protein 1 subunit beta	P78371;P78371-2	10576	CCT2	official_exact	13	0.2765957446808511	2.7831938958649065	True	False	1087
NPC2	NPC intracellular cholesterol transporter 2	P61916	10577	NPC2	official_exact	47	1.0	6.940782520603645	True	True	1020
PDLIM5	PDZ and LIM domain protein 5;Isoform 2 of PDZ and LIM domain protein 5;Isoform 3 of PDZ and LIM domain protein 5;Isoform 4 of PDZ and LIM domain protein 5;Isoform 6 of PDZ and LIM domain protein 5;Isoform 7 of PDZ and LIM domain protein 5	Q96HC4;Q96HC4-2;Q96HC4-3;Q96HC4-4;Q96HC4-6;Q96HC4-7	10611	PDLIM5	official_exact	4	0.0851063829787234	3.9567593398401337	True	False	1462
ERLIN1	Erlin-1	O75477	10613	ERLIN1	official_exact	7	0.14893617021276595	3.3512220630830094	True	False	194
TGOLN2	Trans-Golgi network integral membrane protein 2;Isoform TGN48 of Trans-Golgi network integral membrane protein 2;Isoform 4 of Trans-Golgi network integral membrane protein 2;Isoform 5 of Trans-Golgi network integral membrane protein 2;Isoform 7 of Trans-Golgi network integral membrane protein 2	O43493;O43493-3;O43493-4;O43493-5;O43493-7	10618	TGOLN2	official_exact	28	0.5957446808510638	4.051477280037517	True	True	145
SCGB1D2	Secretoglobin family 1D member 2	O95969	10647	SCGB1D2	official_exact	31	0.6595744680851063	6.756084310248522	True	True	239
SCGB1D1	Secretoglobin family 1D member 1	O95968	10648	SCGB1D1	official_exact	47	1.0	8.266246673146147	True	True	238
SPINT2	Kunitz-type protease inhibitor 2	O43291	10653	SPINT2	official_exact	9	0.19148936170212766	4.142868805872351	True	False	138
B3GNT2	N-acetyllactosaminide beta-1,3-N-acetylglucosaminyltransferase 2;Isoform 2 of N-acetyllactosaminide beta-1,3-N-acetylglucosaminyltransferase 2	Q9NY97;Q9NY97-2	10678	B3GNT2	official_exact	15	0.3191489361702128	3.948957650809362	True	False	1597
CCT8	T-complex protein 1 subunit theta;Isoform 2 of T-complex protein 1 subunit theta;Isoform 3 of T-complex protein 1 subunit theta	P50990;P50990-2;P50990-3	10694	CCT8	official_exact	15	0.3191489361702128	3.634154530682226	True	False	933
CFL1	Cofilin-1	P23528	1072	CFL1	official_exact	46	0.9787234042553191	5.6946310996321605	True	True	710
CTSC	Dipeptidyl peptidase 1	P53634	1075	CTSC	official_exact	47	1.0	5.998761365357643	True	True	961
GIPC1	PDZ domain-containing protein GIPC1	O14908	10755	GIPC1	official_exact	9	0.19148936170212766	4.99055637655262	True	False	115
SEPTIN9	Septin-9;Isoform 2 of Septin-9;Isoform 3 of Septin-9;Isoform 5 of Septin-9;Isoform 7 of Septin-9	Q9UHD8;Q9UHD8-2;Q9UHD8-3;Q9UHD8-5;Q9UHD8-7	10801	SEPTIN9	official_exact	5	0.10638297872340426	3.446456738653878	True	False	1638
HPSE	Heparanase;Isoform 2 of Heparanase;Isoform 3 of Heparanase;Isoform 4 of Heparanase	Q9Y251;Q9Y251-2;Q9Y251-3;Q9Y251-4	10855	HPSE	official_exact	2	0.0425531914893617	4.5060576809706925	True	False	1669
CEACAM7	Carcinoembryonic antigen-related cell adhesion molecule 7	Q14002	1087	CEACAM7	official_exact	29	0.6170212765957447	7.426266802153316	True	True	1209
SMR3B	Submaxillary gland androgen-regulated protein 3B	P02814	10879	SMR3B	official_exact	47	1.0	9.253910946813	True	True	352
RAB10	Ras-related protein Rab-10	P61026	10890	RAB10	official_exact	8	0.1702127659574468	3.8226253940828627	True	False	1008
PRDX3	Thioredoxin-dependent peroxide reductase, mitochondrial;Isoform 2 of Thioredoxin-dependent peroxide reductase, mitochondrial	P30048;P30048-2	10935	PRDX3	official_exact	9	0.19148936170212766	4.485610689512901	True	False	769
EHD1	EH domain-containing protein 1	Q9H4M9	10938	EHD1	official_exact	13	0.2765957446808511	4.6963000627563005	True	False	1551
OS9	Protein OS-9	Q13438	10956	OS9	official_exact	47	1.0	5.606785962574551	True	True	1192
TMED2	Transmembrane emp24 domain-containing protein 2	Q15363	10959	TMED2	official_exact	4	0.0851063829787234	2.9987814167840305	True	False	1252
LMAN2	Vesicular integral-membrane protein VIP36	Q12907	10960	LMAN2	official_exact	39	0.8297872340425532	4.633045323274602	True	True	1170
ERP29	Endoplasmic reticulum resident protein 29	P30040	10961	ERP29	official_exact	32	0.6808510638297872	4.885735241094785	True	True	764
STIP1	Stress-induced-phosphoprotein 1;Isoform 2 of Stress-induced-phosphoprotein 1;Isoform 3 of Stress-induced-phosphoprotein 1	P31948;P31948-2;P31948-3	10963	STIP1	official_exact	20	0.425531914893617	4.476814811121109	True	False	797
CKAP4	Cytoskeleton-associated protein 4	Q07065	10970	CKAP4	official_exact	10	0.2127659574468085	4.580190117832583	True	False	1145
YWHAQ	14-3-3 protein theta	P27348	10971	YWHAQ	official_exact	39	0.8297872340425532	4.70216412269394	True	True	734
TMED10	Transmembrane emp24 domain-containing protein 10	P49755	10972	TMED10	official_exact	26	0.5531914893617021	5.386241204167984	True	True	915
ADIRF	Adipogenesis regulatory factor	Q15847	10974	ADIRF	official_exact	30	0.6382978723404256	5.1344999218126315	True	True	1269
SPINK5	Serine protease inhibitor Kazal-type 5;Isoform short of Serine protease inhibitor Kazal-type 5;Isoform long of Serine protease inhibitor Kazal-type 5	Q9NQ38;Q9NQ38-2;Q9NQ38-3	11005	SPINK5	official_exact	21	0.44680851063829785	4.994863203135191	True	False	1575
CHAD	Chondroadherin	O15335	1101	CHAD	official_exact	19	0.40425531914893614	4.788455587099681	True	False	126
KLK11	Kallikrein-11;Isoform 1 of Kallikrein-11;Isoform 3 of Kallikrein-11;Isoform 4 of Kallikrein-11	Q9UBX7;Q9UBX7-1;Q9UBX7-3;Q9UBX7-4	11012	KLK11	official_exact	26	0.5531914893617021	5.732782622492328	True	True	1632
DSTN	Destrin	P60981	11034	DSTN	official_exact	27	0.574468085106383	5.891682482613269	True	True	1005
B4GAT1	Beta-1,4-glucuronyltransferase 1	O43505	11041	B4GAT1	official_exact	45	0.9574468085106383	5.848965856260944	True	True	146
ESM1	Endothelial cell-specific molecule 1	Q9NQ30	11082	ESM1	official_exact	7	0.14893617021276595	3.2612290928439385	True	False	1574
PRSS23	Serine protease 23	O95084	11098	PRSS23	official_exact	45	0.9574468085106383	5.583104235849222	True	True	217
CDC37	Hsp90 co-chaperone Cdc37	Q16543	11140	CDC37	official_exact	4	0.0851063829787234	4.556322294394203	True	False	1277
CORO1A	Coronin-1A	P31146	11151	CORO1A	official_exact	23	0.48936170212765956	5.129101234574001	True	False	786
CHI3L1	Chitinase-3-like protein 1	P36222	1116	CHI3L1	official_exact	25	0.5319148936170213	4.283337938887703	True	True	830
FSTL1	Follistatin-related protein 1;Isoform 2 of Follistatin-related protein 1	Q12841;Q12841-2	11167	FSTL1	official_exact	37	0.7872340425531915	4.079397539793095	True	True	1169
CHI3L2	Chitinase-3-like protein 2;Isoform 3 of Chitinase-3-like protein 2	Q15782;Q15782-6	1117	CHI3L2	official_exact	47	1.0	7.077215703490898	True	True	1265
KLK8	Kallikrein-8;Isoform 2 of Kallikrein-8	O60259;O60259-2	11202	KLK8	official_exact	18	0.3829787234042553	5.370266657580518	True	False	160
GALNT6	Polypeptide N-acetylgalactosaminyltransferase 6	Q8NCL4	11226	GALNT6	official_exact	45	0.9574468085106383	5.7673299776006886	True	True	1394
GALNT5	Polypeptide N-acetylgalactosaminyltransferase 5	Q7Z7M9	11227	GALNT5	official_exact	47	1.0	5.778537590330288	True	True	1353
PDCD10	Programmed cell death protein 10	Q9BUL8	11235	PDCD10	official_exact	37	0.7872340425531915	5.296232322779532	True	True	1518
PACSIN2	Protein kinase C and casein kinase substrate in neurons protein 2;Isoform 2 of Protein kinase C and casein kinase substrate in neurons protein 2	Q9UNF0;Q9UNF0-2	11252	PACSIN2	official_exact	5	0.10638297872340426	3.5097073606483358	True	False	1662
MAN1B1	Endoplasmic reticulum mannosyl-oligosaccharide 1,2-alpha-mannosidase	Q9UKM7	11253	MAN1B1	official_exact	8	0.1702127659574468	5.13617431724181	True	False	1650
PRR4	Proline-rich protein 4	Q16378	11272	PRR4	official_exact	47	1.0	10.338904459566717	True	True	1275
KRT71	Keratin, type II cytoskeletal 71	Q3SY84	112802	KRT71	official_exact	35	0.7446808510638298	5.05408773485505	True	True	1294
LYPLA2	Acyl-protein thioesterase 2	O95372	11313	LYPLA2	official_exact	2	0.0425531914893617	5.986020473923128	True	False	222
PARK7	Parkinson disease protein 7	Q99497	11315	PARK7	official_exact	37	0.7872340425531915	5.4469209837563355	True	True	1488
COPE	Coatomer subunit epsilon	O14579	11316	COPE	official_exact	4	0.0851063829787234	7.075014126933223	True	False	105
CHST14	Carbohydrate sulfotransferase 14	Q8NCH0	113189	CHST14	official_exact	13	0.2765957446808511	4.78403450823519	True	False	1393
GOLM2	Protein GOLM2;Isoform 5 of Protein GOLM2	Q6P4E1;Q6P4E1-5	113201	GOLM2	official_exact	35	0.7446808510638298	5.439131725462407	True	True	1319
PHB2	Prohibitin-2	Q99623	11331	PHB2	official_exact	8	0.1702127659574468	4.124004846142613	True	False	1496
CBX3	Chromobox protein homolog 3	Q13185	11335	CBX3	official_exact	2	0.0425531914893617	5.652902250810003	True	False	1178
SCRG1	Scrapie-responsive protein 1	O75711	11341	SCRG1	official_exact	18	0.3829787234042553	4.394222061977695	True	False	201
MGLL	Monoglyceride lipase	Q99685	11343	MGLL	official_exact	21	0.44680851063829785	4.913009904579475	True	False	1497
PIK3IP1	Phosphoinositide-3-kinase-interacting protein 1;Isoform 2 of Phosphoinositide-3-kinase-interacting protein 1;Isoform 4 of Phosphoinositide-3-kinase-interacting protein 1	Q96FE7;Q96FE7-2;Q96FE7-4	113791	PIK3IP1	official_exact	42	0.8936170212765957	5.1629507872410585	True	True	1458
PGLYRP2	N-acetylmuramoyl-L-alanine amidase;Isoform 2 of N-acetylmuramoyl-L-alanine amidase	Q96PD5;Q96PD5-2	114770	PGLYRP2	official_exact	12	0.2553191489361702	3.7223722690627965	True	False	1475
C1QTNF1	Complement C1q tumor necrosis factor-related protein 1;Isoform 2 of Complement C1q tumor necrosis factor-related protein 1	Q9BXJ1;Q9BXJ1-2	114897	C1QTNF1	official_exact	29	0.6170212765957447	5.371320546298852	True	True	1526
CKB	Creatine kinase B-type	P12277	1152	CKB	official_exact	12	0.2553191489361702	3.7347687605801734	True	False	558
CIRBP	Cold-inducible RNA-binding protein;Isoform 2 of Cold-inducible RNA-binding protein	Q14011;Q14011-2	1153	CIRBP	official_exact	6	0.1276595744680851	3.3816586497373424	True	False	1210
NOSTRIN	Nostrin;Isoform 2 of Nostrin;Isoform 3 of Nostrin;Isoform 4 of Nostrin	Q8IVI9;Q8IVI9-2;Q8IVI9-3;Q8IVI9-4	115677	NOSTRIN	official_exact	7	0.14893617021276595	4.3519047678161655	True	False	1370
DHRS1	Dehydrogenase/reductase SDR family member 1	Q96LJ7	115817	DHRS1	official_exact	5	0.10638297872340426	4.922543119370957	True	False	1471
NIBAN1	Protein Niban 1	Q9BZQ8	116496	NIBAN1	official_exact	21	0.44680851063829785	4.288211319307997	True	False	1530
LRG1	Leucine-rich alpha-2-glycoprotein	P02750	116844	LRG1	official_exact	46	0.9787234042553191	7.173050374039736	True	True	339
DCD	Dermcidin	P81605	117159	DCD	official_exact	47	1.0	8.301131927260936	True	True	1095
CLU	Isoform 6 of Clusterin	P10909-6	1191	CLU	official_exact	47	1.0	7.968892449910101	True	True	536
CLIC1	Chloride intracellular channel protein 1	O00299	1192	CLIC1	official_exact	46	0.9787234042553191	5.8391681454627875	True	True	89
SERPINA3	Alpha-1-antichymotrypsin	P01011	12	SERPINA3	official_exact	47	1.0	7.6005111755139465	True	True	268
TPP1	Tripeptidyl-peptidase 1	O14773	1200	TPP1	official_exact	47	1.0	6.07615307480341	True	True	111
CLN5	Ceroid-lipofuscinosis neuronal protein 5	O75503	1203	CLN5	official_exact	45	0.9574468085106383	6.186288978683704	True	True	195
LRIG3	Leucine-rich repeats and immunoglobulin-like domains protein 3	Q6UXM1	121227	LRIG3	official_exact	12	0.2553191489361702	4.9302055220188485	True	False	1330
CLTC	Clathrin heavy chain 1;Isoform 2 of Clathrin heavy chain 1	Q00610;Q00610-2	1213	CLTC	official_exact	32	0.6808510638297872	4.8839177995340375	True	True	1109
ZG16B	Zymogen granule protein 16 homolog B	Q96DA0	124220	ZG16B	official_exact	47	1.0	7.959496499335886	True	True	1456
SLC38A10	Putative sodium-coupled neutral amino acid transporter 10	Q9HBR0	124565	SLC38A10	official_exact	47	1.0	5.706479049726557	True	True	1563
CANT1	Soluble calcium-activated nucleotidase 1;Isoform 3 of Soluble calcium-activated nucleotidase 1	Q8WVQ1;Q8WVQ1-3	124583	CANT1	official_exact	47	1.0	6.089552797683815	True	True	1421
GGT6	Glutathione hydrolase 6;Isoform 2 of Glutathione hydrolase 6	Q6P531;Q6P531-2	124975	GGT6	official_exact	40	0.851063829787234	5.0899992939998135	True	True	1320
ADH1C	Alcohol dehydrogenase 1C	P00326	126	ADH1C	official_exact	9	0.19148936170212766	4.553032997124387	True	False	241
ALDH16A1	Aldehyde dehydrogenase family 16 member A1	Q8IZ83	126133	ALDH16A1	official_exact	9	0.19148936170212766	4.4815976911027375	True	False	1374
CNN2	Calponin-2	Q99439	1265	CNN2	official_exact	9	0.19148936170212766	5.351130651633127	True	False	1486
CNP	2',3'-cyclic-nucleotide 3'-phosphodiesterase;Isoform CNPI of 2',3'-cyclic-nucleotide 3'-phosphodiesterase	P09543;P09543-2	1267	CNP	official_exact	10	0.2127659574468085	4.15498603761301	True	False	489
ADH5	Alcohol dehydrogenase class-3	P11766	128	ADH5	official_exact	10	0.2127659574468085	3.984637616747599	True	False	548
NAXE	NAD(P)H-hydrate epimerase;Isoform 2 of NAD(P)H-hydrate epimerase	Q8NCW5;Q8NCW5-2	128240	NAXE	official_exact	15	0.3191489361702128	4.560473015626678	True	False	1395
WFDC12	WAP four-disulfide core domain protein 12	Q8WWY7	128488	WFDC12	official_exact	13	0.2765957446808511	4.362098865727442	True	False	1425
CHMP4B	Charged multivesicular body protein 4b	Q9H444	128866	CHMP4B	official_exact	4	0.0851063829787234	3.5204111695217577	True	False	1546
COL6A1	Collagen alpha-1(VI) chain	P12109	1291	COL6A1	official_exact	46	0.9787234042553191	5.062409988194941	True	True	552
COL6A2	Collagen alpha-2(VI) chain;Isoform 2C2A of Collagen alpha-2(VI) chain;Isoform 2C2A' of Collagen alpha-2(VI) chain	P12110;P12110-2;P12110-3	1292	COL6A2	official_exact	14	0.2978723404255319	4.14362109131492	True	False	553
COL9A3	Collagen alpha-3(IX) chain	Q14050	1299	COL9A3	official_exact	41	0.8723404255319149	4.5965360192542875	True	True	1212
GALM	Galactose mutarotase	Q96C23	130589	GALM	official_exact	7	0.14893617021276595	5.700402040280894	True	False	1455
ADH7	All-trans-retinol dehydrogenase [NAD(+)] ADH7;Isoform 2 of All-trans-retinol dehydrogenase [NAD(+)] ADH7	P40394;P40394-2	131	ADH7	official_exact	28	0.5957446808510638	5.1870400202605245	True	True	854
COMP	Cartilage oligomeric matrix protein;Isoform 2 of Cartilage oligomeric matrix protein	P49747;P49747-2	1311	COMP	official_exact	2	0.0425531914893617	6.10604407321612	True	False	913
FAM3D	Protein FAM3D	Q96BQ1	131177	FAM3D	official_exact	47	1.0	5.830386479308155	True	True	1452
COMT	Catechol O-methyltransferase;Isoform Soluble of Catechol O-methyltransferase	P21964;P21964-2	1312	COMT	official_exact	23	0.48936170212765956	4.604011562704274	True	False	686
COPA	Coatomer subunit alpha;Isoform 2 of Coatomer subunit alpha	P53621;P53621-2	1314	COPA	official_exact	4	0.0851063829787234	4.973661162014693	True	False	960
TMPRSS11B	Transmembrane protease serine 11B	Q86T26	132724	TMPRSS11B	official_exact	8	0.1702127659574468	4.551942535993776	True	False	1358
COX6B1	Cytochrome c oxidase subunit 6B1	P14854	1340	COX6B1	official_exact	9	0.19148936170212766	4.121159431946885	True	False	602
COX7A2	Cytochrome c oxidase subunit 7A2, mitochondrial	P14406	1347	COX7A2	official_exact	13	0.2765957446808511	4.874285084688349	True	False	595
CP	Ceruloplasmin	P00450	1356	CP	official_exact	47	1.0	6.700890718729542	True	True	248
CPB2	Carboxypeptidase B2	Q96IY4	1361	CPB2	official_exact	2	0.0425531914893617	5.7857665295097185	True	False	1467
CPD	Carboxypeptidase D	O75976	1362	CPD	official_exact	45	0.9574468085106383	5.045201732104548	True	True	210
MTPN	Myotrophin	P58546	136319	MTPN	official_exact	17	0.3617021276595745	4.999769180987166	True	False	993
CLDN3	Claudin-3	O15551	1365	CLDN3	official_exact	4	0.0851063829787234	5.5258717063928415	True	False	132
CPM	Carboxypeptidase M	P14384	1368	CPM	official_exact	6	0.1276595744680851	5.094595336235612	True	False	594
LYPD2	Ly6/PLAUR domain-containing protein 2	Q6UXB3	137797	LYPD2	official_exact	30	0.6382978723404256	6.613787212060153	True	True	1327
CRABP2	Cellular retinoic acid-binding protein 2	P29373	1382	CRABP2	official_exact	16	0.3404255319148936	4.200923331183928	True	False	756
ATF6B	Cyclic AMP-dependent transcription factor ATF-6 beta;Isoform 1 of Cyclic AMP-dependent transcription factor ATF-6 beta	Q99941;Q99941-2	1388	ATF6B	official_exact	15	0.3191489361702128	4.074162373595679	True	False	1505
CRIP2	Cysteine-rich protein 2;Isoform 2 of Cysteine-rich protein 2	P52943;P52943-2	1397	CRIP2	official_exact	6	0.1276595744680851	3.706981107570864	True	False	958
CRP	C-reactive protein;Isoform 2 of C-reactive protein	P02741;P02741-2	1401	CRP	official_exact	5	0.10638297872340426	3.653349370003953	True	False	332
S100A16	Protein S100-A16	Q96FQ6	140576	S100A16	official_exact	28	0.5957446808510638	4.525254658032953	True	True	1459
SIRPA	Tyrosine-protein phosphatase non-receptor type substrate 1;Isoform 2 of Tyrosine-protein phosphatase non-receptor type substrate 1	P78324;P78324-2	140885	SIRPA	official_exact	14	0.2978723404255319	4.209348553094483	True	False	1086
CRYAB	Alpha-crystallin B chain	P02511	1410	CRYAB	official_exact	16	0.3404255319148936	4.80110228792593	True	False	319
CRYM	Ketimine reductase mu-crystallin	Q14894	1428	CRYM	official_exact	2	0.0425531914893617	5.375756651705688	True	False	1240
CRYZ	Quinone oxidoreductase	Q08257	1429	CRYZ	official_exact	9	0.19148936170212766	4.256694025846458	True	False	1151
CS	Citrate synthase, mitochondrial	O75390	1431	CS	official_exact	5	0.10638297872340426	3.9514581459812175	True	False	192
CSE1L	Exportin-2;Isoform 3 of Exportin-2;Isoform 4 of Exportin-2	P55060;P55060-3;P55060-4	1434	CSE1L	official_exact	2	0.0425531914893617	3.415006133552939	True	False	974
CSF1	Macrophage colony-stimulating factor 1;Isoform 2 of Macrophage colony-stimulating factor 1;Isoform 3 of Macrophage colony-stimulating factor 1	P09603;P09603-2;P09603-3	1435	CSF1	official_exact	8	0.1702127659574468	4.833630254760644	True	False	490
MUC15	Mucin-15;Isoform 2 of Mucin-15	Q8N387;Q8N387-2	143662	MUC15	official_exact	4	0.0851063829787234	4.957785202433767	True	False	1380
KRT80	Keratin, type II cytoskeletal 80;Isoform 2 of Keratin, type II cytoskeletal 80	Q6KB66;Q6KB66-2	144501	KRT80	official_exact	20	0.425531914893617	4.728773239735802	True	False	1315
A2ML1	Alpha-2-macroglobulin-like protein 1	A8K2U0	144568	A2ML1	official_exact	25	0.5319148936170213	4.787860025242294	True	True	74
SERPINA12	Serpin A12	Q8IW75	145264	SERPINA12	official_exact	17	0.3617021276595745	5.051344544503317	True	False	1371
HAPLN3	Hyaluronan and proteoglycan link protein 3	Q96S86	145864	HAPLN3	official_exact	23	0.48936170212765956	4.940949425767798	True	False	1482
IL34	Interleukin-34;Isoform 2 of Interleukin-34	Q6ZMJ4;Q6ZMJ4-2	146433	IL34	official_exact	27	0.574468085106383	5.014117208564133	True	True	1335
RTN4RL1	Reticulon-4 receptor-like 1	Q86UN2	146760	RTN4RL1	official_exact	18	0.3829787234042553	5.199514427687198	True	False	1360
CST1	Cystatin-SN	P01037	1469	CST1	official_exact	47	1.0	8.103190464132814	True	True	276
CST2	Cystatin-SA	P09228	1470	CST2	official_exact	47	1.0	7.994974696156942	True	True	481
CST3	Cystatin-C	P01034	1471	CST3	official_exact	47	1.0	7.525877764811481	True	True	274
KRT25	Keratin, type I cytoskeletal 25	Q7Z3Z0	147183	KRT25	official_exact	40	0.851063829787234	6.480300274900584	True	True	1346
CST4	Cystatin-S	P01036	1472	CST4	official_exact	47	1.0	8.631459293107909	True	True	275
CST5	Cystatin-D	P28325	1473	CST5	official_exact	38	0.8085106382978723	4.938303532169835	True	True	747
CST6	Cystatin-M	Q15828	1474	CST6	official_exact	21	0.44680851063829785	4.363355310410827	True	False	1266
CSTA	Cystatin-A	P01040	1475	CSTA	official_exact	42	0.8936170212765957	7.022254115857239	True	True	277
CSTB	Cystatin-B	P04080	1476	CSTB	official_exact	40	0.851063829787234	5.407048278459647	True	True	362
VSIG10L	V-set and immunoglobulin domain-containing protein 10-like;Isoform 2 of V-set and immunoglobulin domain-containing protein 10-like	Q86VR7;Q86VR7-2	147645	VSIG10L	official_exact	38	0.8085106382978723	5.01043500482288	True	True	1363
BROX	BRO1 domain-containing protein BROX;Isoform 2 of BRO1 domain-containing protein BROX	Q5VW32;Q5VW32-2	148362	BROX	official_exact	22	0.46808510638297873	5.376223372466344	True	False	1307
CTBS	Di-N-acetylchitobiase	Q01459	1486	CTBS	official_exact	47	1.0	5.183644012906994	True	True	1115
CTNNA1	Catenin alpha-1;Isoform 2 of Catenin alpha-1	P35221;P35221-2	1495	CTNNA1	official_exact	15	0.3191489361702128	4.46310810951885	True	False	814
WFDC5	WAP four-disulfide core domain protein 5;Isoform 2 of WAP four-disulfide core domain protein 5	Q8TCV5;Q8TCV5-2	149708	WFDC5	official_exact	11	0.23404255319148937	5.238111095205796	True	False	1411
CTNNB1	Catenin beta-1	P35222	1499	CTNNB1	official_exact	4	0.0851063829787234	4.985320795055975	True	False	815
CTSB	Cathepsin B	P07858	1508	CTSB	official_exact	47	1.0	6.32009951765241	True	True	446
CTSD	Cathepsin D	P07339	1509	CTSD	official_exact	47	1.0	7.152698286333967	True	True	432
CTSG	Cathepsin G	P08311	1511	CTSG	official_exact	33	0.7021276595744681	5.5383266632503805	True	True	464
CTSH	Pro-cathepsin H	P09668	1512	CTSH	official_exact	46	0.9787234042553191	6.0459907369256545	True	True	492
CTSL	Procathepsin L	P07711	1514	CTSL	official_exact	47	1.0	6.252114044277047	True	True	443
CTSV	Cathepsin L2	O60911	1515	CTSV	official_exact	40	0.851063829787234	5.984883177657526	True	True	175
ASPRV1	Retroviral-like aspartic protease 1	Q53RT3	151516	ASPRV1	official_exact	27	0.574468085106383	6.259014937335055	True	True	1297
DTX3L	E3 ubiquitin-protein ligase DTX3L	Q8TDB6	151636	DTX3L	official_exact	1	0.02127659574468085	5.671699136244094	True	False	1413
PPM1L	Protein phosphatase 1L	Q5SGD2	151742	PPM1L	official_exact	43	0.9148936170212766	5.667555215183384	True	True	1300
CTSO	Cathepsin O	P43234	1519	CTSO	official_exact	35	0.7446808510638298	4.22633324943921	True	True	870
CTSS	Cathepsin S	P25774	1520	CTSS	official_exact	47	1.0	6.676221712512825	True	True	720
GLIPR2	Golgi-associated plant pathogenesis-related protein 1	Q9H4G4	152007	GLIPR2	official_exact	27	0.574468085106383	3.938564430038653	True	True	1550
CTSZ	Cathepsin Z	Q9UBR2	1522	CTSZ	official_exact	47	1.0	6.019221833834803	True	True	1626
CYBB	Cytochrome b-245 heavy chain	P04839	1536	CYBB	official_exact	2	0.0425531914893617	4.955346667115509	True	False	379
AGR3	Anterior gradient protein 3	Q8TD06	155465	AGR3	official_exact	39	0.8297872340425532	7.1865385043512	True	True	1412
PEBP4	Phosphatidylethanolamine-binding protein 4	Q96S96	157310	PEBP4	official_exact	47	1.0	7.469412160165683	True	True	1483
ADSS2	Adenylosuccinate synthetase isozyme 2	P30520	159	ADSS2	official_exact	6	0.1276595744680851	4.1604545242525015	True	False	779
AARS1	Alanine--tRNA ligase, cytoplasmic;Isoform 2 of Alanine--tRNA ligase, cytoplasmic	P49588;P49588-2	16	AARS1	official_exact	1	0.02127659574468085	4.517117166335129	True	False	909
CD55	Complement decay-accelerating factor;Isoform 1 of Complement decay-accelerating factor;Isoform 3 of Complement decay-accelerating factor;Isoform 4 of Complement decay-accelerating factor;Isoform 5 of Complement decay-accelerating factor;Isoform 6 of Complement decay-accelerating factor;Isoform 7 of Complement decay-accelerating factor	P08174;P08174-2;P08174-3;P08174-4;P08174-5;P08174-6;P08174-7	1604	CD55	official_exact	47	1.0	6.717011987494491	True	True	455
DAG1	Dystroglycan	Q14118	1605	DAG1	official_exact	45	0.9574468085106383	6.913589497169199	True	True	1215
SLC5A8	Sodium-coupled monocarboxylate transporter 1	Q8N695	160728	SLC5A8	official_exact	11	0.23404255319148937	4.590594587986286	True	False	1385
AP1B1	AP-1 complex subunit beta-1;Isoform B of AP-1 complex subunit beta-1;Isoform C of AP-1 complex subunit beta-1;Isoform 4 of AP-1 complex subunit beta-1	Q10567;Q10567-2;Q10567-3;Q10567-4	162	AP1B1	official_exact	12	0.2553191489361702	4.0355457263292696	True	False	1162
DBI	Acyl-CoA-binding protein;Isoform 2 of Acyl-CoA-binding protein;Isoform 3 of Acyl-CoA-binding protein;Isoform 4 of Acyl-CoA-binding protein;Isoform 5 of Acyl-CoA-binding protein	P07108;P07108-2;P07108-3;P07108-4;P07108-5	1622	DBI	official_exact	41	0.8723404255319149	5.047744991438024	True	True	426
ECI1	Enoyl-CoA delta isomerase 1, mitochondrial;Isoform 2 of Enoyl-CoA delta isomerase 1, mitochondrial	P42126;P42126-2	1632	ECI1	official_exact	1	0.02127659574468085	5.002444552804328	True	False	863
ACE	Angiotensin-converting enzyme;Isoform Somatic-2 of Angiotensin-converting enzyme	P12821;P12821-2	1636	ACE	official_exact	27	0.574468085106383	4.896160718737562	True	True	564
DCTN1	Dynactin subunit 1;Isoform p135 of Dynactin subunit 1;Isoform 3 of Dynactin subunit 1;Isoform 4 of Dynactin subunit 1;Isoform 5 of Dynactin subunit 1;Isoform 6 of Dynactin subunit 1	Q14203;Q14203-2;Q14203-3;Q14203-4;Q14203-5;Q14203-6	1639	DCTN1	official_exact	6	0.1276595744680851	4.025949143018181	True	False	1220
AKR1C1	Aldo-keto reductase family 1 member C1	Q04828	1645	AKR1C1	official_exact	11	0.23404255319148937	4.1783913145941565	True	False	1135
DDOST	Dolichyl-diphosphooligosaccharide--protein glycosyltransferase 48 kDa subunit;Isoform 2 of Dolichyl-diphosphooligosaccharide--protein glycosyltransferase 48 kDa subunit	P39656;P39656-2	1650	DDOST	official_exact	5	0.10638297872340426	3.9970487712501916	True	False	848
DDT	D-dopachrome decarboxylase	P30046	1652	DDT	official_exact	25	0.5319148936170213	5.735381659050884	True	True	768
DDX3X	ATP-dependent RNA helicase DDX3X;Isoform 2 of ATP-dependent RNA helicase DDX3X	O00571;O00571-2	1654	DDX3X	official_exact	12	0.2553191489361702	4.654728876920409	True	False	98
DDX5	Probable ATP-dependent RNA helicase DDX5;Isoform 2 of Probable ATP-dependent RNA helicase DDX5	P17844;P17844-2	1655	DDX5	official_exact	13	0.2765957446808511	5.0173973547058415	True	False	637
DECR1	2,4-dienoyl-CoA reductase, mitochondrial;Isoform 2 of 2,4-dienoyl-CoA reductase, mitochondrial	Q16698;Q16698-2	1666	DECR1	official_exact	6	0.1276595744680851	4.732439502601394	True	False	1282
FREM3	FRAS1-related extracellular matrix protein 3	P0C091	166752	FREM3	official_exact	19	0.40425531914893614	4.709957366317046	True	False	497
DEFA4	Neutrophil defensin 4	P12838	1669	DEFA4	official_exact	6	0.1276595744680851	4.43536393559666	True	False	566
CFD	Complement factor D	P00746	1675	CFD	official_exact	29	0.6170212765957447	5.264097783902755	True	True	260
COCH	Cochlin	O43405	1690	COCH	official_exact	46	0.9787234042553191	6.072001176314859	True	True	143
DHCR24	Delta(24)-sterol reductase;Isoform 2 of Delta(24)-sterol reductase	Q15392;Q15392-2	1718	DHCR24	official_exact	3	0.06382978723404255	4.995696687987809	True	False	1258
CYB5R3	NADH-cytochrome b5 reductase 3;Isoform 2 of NADH-cytochrome b5 reductase 3;Isoform 3 of NADH-cytochrome b5 reductase 3	P00387;P00387-2;P00387-3	1727	CYB5R3	official_exact	8	0.1702127659574468	4.342394358350818	True	False	245
NQO1	NAD(P)H dehydrogenase [quinone] 1;Isoform 2 of NAD(P)H dehydrogenase [quinone] 1;Isoform 3 of NAD(P)H dehydrogenase [quinone] 1	P15559;P15559-2;P15559-3	1728	NQO1	official_exact	3	0.06382978723404255	5.100810533437382	True	False	614
DIAPH1	Protein diaphanous homolog 1;Isoform 2 of Protein diaphanous homolog 1;Isoform 3 of Protein diaphanous homolog 1	O60610;O60610-2;O60610-3	1729	DIAPH1	official_exact	3	0.06382978723404255	5.314543969989447	True	False	167
AFM	Afamin	P43652	173	AFM	official_exact	21	0.44680851063829785	5.040762448573888	True	False	873
DLST	Dihydrolipoyllysine-residue succinyltransferase component of 2-oxoglutarate dehydrogenase complex, mitochondrial	P36957	1743	DLST	official_exact	1	0.02127659574468085	5.800138693678413	True	False	837
AGA	N(4)-(beta-N-acetylglucosaminyl)-L-asparaginase	P20933	175	AGA	official_exact	43	0.9148936170212766	4.525031464808449	True	True	675
DMBT1	Deleted in malignant brain tumors 1 protein;Isoform 3 of Deleted in malignant brain tumors 1 protein;Isoform 5 of Deleted in malignant brain tumors 1 protein;Isoform 6 of Deleted in malignant brain tumors 1 protein;Isoform 7 of Deleted in malignant brain tumors 1 protein	Q9UGM3;Q9UGM3-3;Q9UGM3-5;Q9UGM3-6;Q9UGM3-7	1755	DMBT1	official_exact	47	1.0	7.732262259432287	True	True	1636
DNASE2	Deoxyribonuclease-2-alpha;Isoform 2 of Deoxyribonuclease-2-alpha	O00115;O00115-2	1777	DNASE2	official_exact	46	0.9787234042553191	6.216360370283548	True	True	79
DYNC1H1	Cytoplasmic dynein 1 heavy chain 1	Q14204	1778	DYNC1H1	official_exact	6	0.1276595744680851	3.7978232978272644	True	False	1221
DNM2	Dynamin-2;Isoform 2 of Dynamin-2;Isoform 3 of Dynamin-2;Isoform 4 of Dynamin-2;Isoform 5 of Dynamin-2	P50570;P50570-2;P50570-3;P50570-4;P50570-5	1785	DNM2	official_exact	2	0.0425531914893617	4.502205273019863	True	False	928
DPP4	Dipeptidyl peptidase 4	P27487	1803	DPP4	official_exact	47	1.0	5.35952451291087	True	True	736
DSC1	Desmocollin-1;Isoform 1B of Desmocollin-1	Q08554;Q08554-2	1823	DSC1	official_exact	16	0.3404255319148936	4.4442479329134965	True	False	1155
DSC2	Desmocollin-2;Isoform 2B of Desmocollin-2	Q02487;Q02487-2	1824	DSC2	official_exact	45	0.9574468085106383	7.119101178078903	True	True	1124
DSC3	Desmocollin-3;Isoform 3B of Desmocollin-3	Q14574;Q14574-2	1825	DSC3	official_exact	22	0.46808510638297873	4.224972647993521	True	False	1230
DSG1	Desmoglein-1	Q02413	1828	DSG1	official_exact	35	0.7446808510638298	4.749855723303936	True	True	1123
DSG2	Desmoglein-2	Q14126	1829	DSG2	official_exact	5	0.10638297872340426	4.9749193743074995	True	False	1216
AGT	Angiotensinogen	P01019	183	AGT	official_exact	30	0.6382978723404256	5.102660395084482	True	True	269
DSG3	Desmoglein-3	P32926	1830	DSG3	official_exact	9	0.19148936170212766	4.988783052046528	True	False	800
DSP	Desmoplakin	P15924	1832	DSP	official_exact	35	0.7446808510638298	4.79675981713603	True	True	619
TOR1A	Torsin-1A	O14656	1861	TOR1A	official_exact	32	0.6808510638297872	5.057310303697562	True	True	107
TYMP	Thymidine phosphorylase	P19971	1890	TYMP	official_exact	30	0.6382978723404256	5.071901567056457	True	True	664
ECH1	Delta(3,5)-Delta(2,4)-dienoyl-CoA isomerase, mitochondrial	Q13011	1891	ECH1	official_exact	4	0.0851063829787234	4.274635929845754	True	False	1172
ECHS1	Enoyl-CoA hydratase, mitochondrial	P30084	1892	ECHS1	official_exact	5	0.10638297872340426	4.000107313584358	True	False	772
ECM1	Extracellular matrix protein 1;Isoform 4 of Extracellular matrix protein 1	Q16610;Q16610-4	1893	ECM1	official_exact	8	0.1702127659574468	5.132897641682369	True	False	1279
EDA	Ectodysplasin-A;Isoform 3 of Ectodysplasin-A	Q92838;Q92838-3	1896	EDA	official_exact	24	0.5106382978723404	4.4913099784861	True	True	1442
EDN3	Endothelin-3	P14138	1908	EDN3	official_exact	47	1.0	7.035089707982566	True	True	591
AHCY	Adenosylhomocysteinase	P23526	191	AHCY	official_exact	23	0.48936170212765956	5.110434402839047	True	False	709
KRT24	Keratin, type I cytoskeletal 24	Q2M2I5	192666	KRT24	official_exact	12	0.2553191489361702	4.598580923206516	True	False	1291
EEF1D	Elongation factor 1-delta;Isoform 2 of Elongation factor 1-delta;Isoform 3 of Elongation factor 1-delta	P29692;P29692-2;P29692-3	1936	EEF1D	official_exact	20	0.425531914893617	4.612120303476273	True	False	761
EEF1G	Elongation factor 1-gamma	P26641	1937	EEF1G	official_exact	22	0.46808510638297873	4.71525250555346	True	False	730
EEF2	Elongation factor 2	P13639	1938	EEF2	official_exact	39	0.8297872340425532	4.870912419984178	True	True	573
EFNA1	Ephrin-A1	P20827	1942	EFNA1	official_exact	11	0.23404255319148937	3.0111448293287237	True	False	673
EGF	Pro-epidermal growth factor;Isoform 3 of Pro-epidermal growth factor	P01133;P01133-3	1950	EGF	official_exact	39	0.8297872340425532	4.493678229143136	True	True	279
EGFR	Epidermal growth factor receptor;Isoform 2 of Epidermal growth factor receptor;Isoform 3 of Epidermal growth factor receptor;Isoform 4 of Epidermal growth factor receptor	P00533;P00533-2;P00533-3;P00533-4	1956	EGFR	official_exact	6	0.1276595744680851	3.196344305617991	True	False	252
KRT78	Keratin, type II cytoskeletal 78	Q8N1N4	196374	KRT78	official_exact	35	0.7446808510638298	5.147729433195256	True	True	1378
PLBD2	Putative phospholipase B-like 2;Isoform 2 of Putative phospholipase B-like 2	Q8NHP8;Q8NHP8-2	196463	PLBD2	official_exact	14	0.2978723404255319	10.860394449641086	True	False	1404
EIF2S1	Eukaryotic translation initiation factor 2 subunit 1	P05198	1965	EIF2S1	official_exact	11	0.23404255319148937	4.172818438932898	True	False	398
AHSG	Alpha-2-HS-glycoprotein	P02765	197	AHSG	official_exact	45	0.9574468085106383	5.498870383504378	True	True	344
EIF4A1	Eukaryotic initiation factor 4A-I;Isoform 2 of Eukaryotic initiation factor 4A-I	P60842;P60842-2	1973	EIF4A1	official_exact	21	0.44680851063829785	5.221047775176868	True	False	1000
EIF4B	Eukaryotic translation initiation factor 4B;Isoform 2 of Eukaryotic translation initiation factor 4B	P23588;P23588-2	1975	EIF4B	official_exact	4	0.0851063829787234	7.150960586837754	True	False	711
EIF4G1	Eukaryotic translation initiation factor 4 gamma 1;Isoform B of Eukaryotic translation initiation factor 4 gamma 1;Isoform C of Eukaryotic translation initiation factor 4 gamma 1;Isoform D of Eukaryotic translation initiation factor 4 gamma 1;Isoform E of Eukaryotic translation initiation factor 4 gamma 1;Isoform 7 of Eukaryotic translation initiation factor 4 gamma 1;Isoform 8 of Eukaryotic translation initiation factor 4 gamma 1;Isoform 9 of Eukaryotic translation initiation factor 4 gamma 1	Q04637;Q04637-3;Q04637-4;Q04637-5;Q04637-6;Q04637-7;Q04637-8;Q04637-9	1981	EIF4G1	official_exact	9	0.19148936170212766	3.8536608761505513	True	False	1132
ELANE	Neutrophil elastase	P08246	1991	ELANE	official_exact	32	0.6808510638297872	5.37320920425918	True	True	461
SERPINB1	Leukocyte elastase inhibitor	P30740	1992	SERPINB1	official_exact	45	0.9574468085106383	5.365400276125888	True	True	783
CADM4	Cell adhesion molecule 4	Q8NFZ8	199731	CADM4	official_exact	4	0.0851063829787234	3.928482278001794	True	False	1403
A2M	Alpha-2-macroglobulin	P01023	2	A2M	official_exact	44	0.9361702127659575	5.288296272923658	True	True	270
APOBEC3A	DNA dC->dU-editing enzyme APOBEC-3A;Isoform 2 of DNA dC->dU-editing enzyme APOBEC-3A	P31941;P31941-2	200315	APOBEC3A	official_exact	25	0.5319148936170213	5.08300578099106	True	True	792
PIKFYVE	1-phosphatidylinositol 3-phosphate 5-kinase	Q9Y2I7	200576	PIKFYVE	official_exact	6	0.1276595744680851	5.1669112582728	True	False	1675
ELN	Elastin;Isoform 1 of Elastin;Isoform 10 of Elastin;Isoform 12 of Elastin;Isoform 13 of Elastin;Isoform 2 of Elastin;Isoform 4 of Elastin;Isoform 5 of Elastin;Isoform 6 of Elastin;Isoform 7 of Elastin;Isoform 9 of Elastin	P15502;P15502-1;P15502-10;P15502-12;P15502-13;P15502-2;P15502-4;P15502-5;P15502-6;P15502-7;P15502-9	2006	ELN	official_exact	28	0.5957446808510638	5.13486174011192	True	True	613
LIPH	Lipase member H	Q8WWY8	200879	LIPH	official_exact	43	0.9148936170212766	4.612951827013629	True	True	1426
CTTN	Src substrate cortactin	Q14247	2017	CTTN	official_exact	26	0.5531914893617021	4.983017007024958	True	True	1223
ENO1	Alpha-enolase	P06733	2023	ENO1	official_exact	47	1.0	6.520407428766271	True	True	418
AK1	Adenylate kinase isoenzyme 1	P00568	203	AK1	official_exact	2	0.0425531914893617	4.619244884161338	True	False	254
TUBB	Tubulin beta chain	P07437	203068	TUBB	official_exact	24	0.5106382978723404	6.429383910799874	True	True	438
STOM	Stomatin	P27105	2040	STOM	official_exact	30	0.6382978723404256	4.863260727653751	True	True	732
EPHA7	Ephrin type-A receptor 7;Isoform 4 of Ephrin type-A receptor 7	Q15375;Q15375-4	2045	EPHA7	official_exact	32	0.6808510638297872	4.373313340561048	True	True	1256
EPHB4	Ephrin type-B receptor 4;Isoform 2 of Ephrin type-B receptor 4;Isoform 4 of Ephrin type-B receptor 4	P54760;P54760-2;P54760-4	2050	EPHB4	official_exact	17	0.3617021276595745	4.46993650487196	True	False	967
ERH	Enhancer of rudimentary homolog	P84090	2079	ERH	official_exact	2	0.0425531914893617	3.8937984756503354	True	False	1097
ESD	S-formylglutathione hydrolase	P10768	2098	ESD	official_exact	6	0.1276595744680851	4.343743486897376	True	False	534
ALAD	Delta-aminolevulinic acid dehydratase;Isoform 2 of Delta-aminolevulinic acid dehydratase	P13716;P13716-2	210	ALAD	official_exact	3	0.06382978723404255	3.8214301856470847	True	False	582
EVPL	Envoplakin	Q92817	2125	EVPL	official_exact	33	0.7021276595744681	4.8773117529919325	True	True	1440
ALB	Albumin	P02768	213	ALB	official_exact	47	1.0	7.518316862129376	True	True	346
EWSR1	RNA-binding protein EWS;Isoform EWS-B of RNA-binding protein EWS;Isoform 3 of RNA-binding protein EWS;Isoform 5 of RNA-binding protein EWS;Isoform 6 of RNA-binding protein EWS	Q01844;Q01844-2;Q01844-3;Q01844-5;Q01844-6	2130	EWSR1	official_exact	2	0.0425531914893617	4.770350303871728	True	False	1120
F2	Prothrombin	P00734	2147	F2	official_exact	44	0.9361702127659575	4.822612765090387	True	True	255
F3	Tissue factor	P13726	2152	F3	official_exact	26	0.5531914893617021	3.7050441350322507	True	True	583
F5	Coagulation factor V	P12259	2153	F5	official_exact	47	1.0	5.60004242250828	True	True	555
F9	Coagulation factor IX;Isoform 2 of Coagulation factor IX	P00740;P00740-2	2158	F9	official_exact	1	0.02127659574468085	5.014841857131428	True	False	259
ALDH1A1	Retinal dehydrogenase 1	P00352	216	ALDH1A1	official_exact	44	0.9361702127659575	5.80714142000604	True	True	243
F12	Coagulation factor XII	P00748	2161	F12	official_exact	6	0.1276595744680851	4.2692884893919185	True	False	262
ALDH2	Aldehyde dehydrogenase, mitochondrial;Isoform 2 of Aldehyde dehydrogenase, mitochondrial	P05091;P05091-2	217	ALDH2	official_exact	7	0.14893617021276595	3.9176210167353918	True	False	388
FABP5	Fatty acid-binding protein 5	Q01469	2171	FABP5	official_exact	45	0.9574468085106383	6.242117952823712	True	True	1116
ALDH3A1	Aldehyde dehydrogenase, dimeric NADP-preferring	P30838	218	ALDH3A1	official_exact	43	0.9148936170212766	5.860063683733594	True	True	784
ACSL1	Long-chain-fatty-acid--CoA ligase 1;Isoform 2 of Long-chain-fatty-acid--CoA ligase 1;Isoform 3 of Long-chain-fatty-acid--CoA ligase 1	P33121;P33121-2;P33121-3	2180	ACSL1	official_exact	11	0.23404255319148937	5.63559967541112	True	False	802
FBLN1	Fibulin-1;Isoform A of Fibulin-1;Isoform B of Fibulin-1;Isoform C of Fibulin-1	P23142;P23142-2;P23142-3;P23142-4	2192	FBLN1	official_exact	35	0.7446808510638298	4.5434933865466025	True	True	701
FASN	Fatty acid synthase	P49327	2194	FASN	official_exact	5	0.10638297872340426	3.268916872971102	True	False	902
FAT2	Protocadherin Fat 2	Q9NYQ8	2196	FAT2	official_exact	12	0.2553191489361702	4.886710447215185	True	False	1598
FBLN2	Fibulin-2;Isoform 2 of Fibulin-2	P98095;P98095-2	2199	FBLN2	official_exact	33	0.7021276595744681	4.581367486134722	True	True	1102
ALDH1A3	Aldehyde dehydrogenase family 1 member A3	P47895	220	ALDH1A3	official_exact	26	0.5531914893617021	4.900899817784093	True	True	885
EFEMP1	EGF-containing fibulin-like extracellular matrix protein 1;Isoform 2 of EGF-containing fibulin-like extracellular matrix protein 1;Isoform 3 of EGF-containing fibulin-like extracellular matrix protein 1;Isoform 4 of EGF-containing fibulin-like extracellular matrix protein 1	Q12805;Q12805-2;Q12805-3;Q12805-4	2202	EFEMP1	official_exact	41	0.8723404255319149	5.268189879765559	True	True	1168
FBP1	Fructose-1,6-bisphosphatase 1	P09467	2203	FBP1	official_exact	21	0.44680851063829785	5.095172118698651	True	False	487
OAF	Out at first protein homolog	Q86UD1	220323	OAF	official_exact	39	0.8297872340425532	5.985969151031781	True	True	1359
FCER1G	High affinity immunoglobulin epsilon receptor subunit gamma	P30273	2207	FCER1G	official_exact	4	0.0851063829787234	4.687827317711325	True	False	777
HNRNPA3	Heterogeneous nuclear ribonucleoprotein A3;Isoform 2 of Heterogeneous nuclear ribonucleoprotein A3	P51991;P51991-2	220988	HNRNPA3	official_exact	8	0.1702127659574468	4.6635118670681655	True	False	950
HNRNPUL2	Heterogeneous nuclear ribonucleoprotein U-like protein 2	Q1KMD3	221092	HNRNPUL2	official_exact	5	0.10638297872340426	4.451088584062986	True	False	1287
TMED4	Transmembrane emp24 domain-containing protein 4;Isoform 3 of Transmembrane emp24 domain-containing protein 4	Q7Z7H5;Q7Z7H5-3	222068	TMED4	official_exact	27	0.574468085106383	4.718465879488963	True	True	1352
ALDH9A1	4-trimethylaminobutyraldehyde dehydrogenase;Isoform 2 of 4-trimethylaminobutyraldehyde dehydrogenase;Isoform 3 of 4-trimethylaminobutyraldehyde dehydrogenase	P49189;P49189-2;P49189-3	223	ALDH9A1	official_exact	34	0.723404255319149	4.8494115336059025	True	True	900
ALDH3A2	Aldehyde dehydrogenase family 3 member A2;Isoform 2 of Aldehyde dehydrogenase family 3 member A2	P51648;P51648-2	224	ALDH3A2	official_exact	35	0.7446808510638298	5.234317513153576	True	True	942
FGA	Fibrinogen alpha chain;Isoform 2 of Fibrinogen alpha chain	P02671;P02671-2	2243	FGA	official_exact	37	0.7872340425531915	4.899378222080986	True	True	329
FGB	Fibrinogen beta chain	P02675	2244	FGB	official_exact	47	1.0	5.344699956514989	True	True	330
ALDOA	Fructose-bisphosphate aldolase A;Isoform 2 of Fructose-bisphosphate aldolase A	P04075;P04075-2	226	ALDOA	official_exact	41	0.8723404255319149	5.5695476141290365	True	True	361
FGG	Fibrinogen gamma chain;Isoform Gamma-A of Fibrinogen gamma chain	P02679;P02679-2	2266	FGG	official_exact	42	0.8936170212765957	5.067877028640571	True	True	331
FH	Fumarate hydratase, mitochondrial;Isoform Cytoplasmic of Fumarate hydratase, mitochondrial	P07954;P07954-2	2271	FH	official_exact	7	0.14893617021276595	5.996864274726572	True	False	450
FKBP1A	Peptidyl-prolyl cis-trans isomerase FKBP1A	P62942	2280	FKBP1A	official_exact	23	0.48936170212765956	5.143061944452356	True	False	1061
COPZ1	Coatomer subunit zeta-1;Isoform 4 of Coatomer subunit zeta-1;Isoform 5 of Coatomer subunit zeta-1	P61923;P61923-4;P61923-5	22818	COPZ1	official_exact	1	0.02127659574468085	4.468713648907361	True	False	1021
FKBP3	Peptidyl-prolyl cis-trans isomerase FKBP3	Q00688	2287	FKBP3	official_exact	5	0.10638297872340426	5.688802762609232	True	False	1110
ENPP4	Bis(5'-adenosyl)-triphosphatase ENPP4	Q9Y6X5	22875	ENPP4	official_exact	14	0.2978723404255319	5.11477145780337	True	False	1698
CLSTN1	Calsyntenin-1;Isoform 2 of Calsyntenin-1	O94985;O94985-2	22883	CLSTN1	official_exact	14	0.2978723404255319	4.813529186905566	True	False	216
MAPRE1	Microtubule-associated protein RP/EB family member 1	Q15691	22919	MAPRE1	official_exact	4	0.0851063829787234	4.4047800228059195	True	False	1263
PLA2R1	Secretory phospholipase A2 receptor;Isoform 2 of Secretory phospholipase A2 receptor	Q13018;Q13018-2	22925	PLA2R1	official_exact	14	0.2978723404255319	4.6126060330039955	True	False	1173
ATF6	Cyclic AMP-dependent transcription factor ATF-6 alpha	P18850	22926	ATF6	official_exact	1	0.02127659574468085	3.4618724564035683	True	False	651
PTGR1	Prostaglandin reductase 1;Isoform 2 of Prostaglandin reductase 1	Q14914;Q14914-2	22949	PTGR1	official_exact	12	0.2553191489361702	4.327425066958008	True	False	1241
RAB21	Ras-related protein Rab-21	Q9UL25	23011	RAB21	official_exact	9	0.19148936170212766	4.795396038767518	True	False	1653
ENDOD1	Endonuclease domain-containing 1 protein	O94919	23052	ENDOD1	official_exact	9	0.19148936170212766	5.526835063052681	True	False	215
ERP44	Endoplasmic reticulum resident protein 44	Q9BS26	23071	ERP44	official_exact	38	0.8085106382978723	4.504210495754295	True	True	1514
FLG	Filaggrin	P20930	2312	FLG	official_exact	40	0.851063829787234	4.376672062548315	True	True	674
SEPTIN6	Septin-6;Isoform I of Septin-6;Isoform V of Septin-6	Q14141;Q14141-2;Q14141-4	23157	SEPTIN6	official_exact	1	0.02127659574468085	6.708245519391904	True	False	1218
FLNA	Filamin-A;Isoform 2 of Filamin-A	P21333;P21333-2	2316	FLNA	official_exact	14	0.2978723404255319	4.265714040231211	True	False	680
FLNB	Filamin-B;Isoform 2 of Filamin-B;Isoform 3 of Filamin-B;Isoform 6 of Filamin-B;Isoform 7 of Filamin-B;Isoform 8 of Filamin-B;Isoform 9 of Filamin-B	O75369;O75369-2;O75369-3;O75369-6;O75369-7;O75369-8;O75369-9	2317	FLNB	official_exact	22	0.46808510638297873	4.434371590306759	True	False	191
GPD1L	Glycerol-3-phosphate dehydrogenase 1-like protein	Q8N335	23171	GPD1L	official_exact	7	0.14893617021276595	4.20241770982047	True	False	1379
MESD	LRP chaperone MESD	Q14696	23184	MESD	official_exact	4	0.0851063829787234	4.9050939950856876	True	False	1233
FLOT2	Flotillin-2	Q14254	2319	FLOT2	official_exact	2	0.0425531914893617	4.702768182003586	True	False	1224
CYFIP1	Cytoplasmic FMR1-interacting protein 1;Isoform 2 of Cytoplasmic FMR1-interacting protein 1;Isoform 3 of Cytoplasmic FMR1-interacting protein 1	Q7L576;Q7L576-2;Q7L576-3	23191	CYFIP1	official_exact	5	0.10638297872340426	4.6203752284268145	True	False	1341
GANAB	Neutral alpha-glucosidase AB	Q14697	23193	GANAB	official_exact	47	1.0	6.343680067986845	True	True	1234
PLCB1	1-phosphatidylinositol 4,5-bisphosphate phosphodiesterase beta-1;Isoform B of 1-phosphatidylinositol 4,5-bisphosphate phosphodiesterase beta-1	Q9NQ66;Q9NQ66-2	23236	PLCB1	official_exact	10	0.2127659574468085	4.266268849409377	True	False	1576
KIF13B	Kinesin-like protein KIF13B	Q9NQT8	23303	KIF13B	official_exact	2	0.0425531914893617	3.5974466491300614	True	False	1581
FMOD	Fibromodulin	Q06828	2331	FMOD	official_exact	47	1.0	6.123237017954917	True	True	1141
MAN2B2	Epididymis-specific alpha-mannosidase;Isoform 2 of Epididymis-specific alpha-mannosidase	Q9Y2E5;Q9Y2E5-2	23324	MAN2B2	official_exact	29	0.6170212765957447	4.857236225026853	True	True	1674
FN1	Fibronectin;Isoform 1 of Fibronectin;Isoform 10 of Fibronectin;Isoform 13 of Fibronectin;Isoform 14 of Fibronectin;Isoform 17 of Fibronectin;Isoform 3 of Fibronectin;Isoform 7 of Fibronectin;Isoform 8 of Fibronectin;Isoform 9 of Fibronectin	P02751;P02751-1;P02751-10;P02751-13;P02751-14;P02751-17;P02751-3;P02751-7;P02751-8;P02751-9	2335	FN1	official_exact	19	0.40425531914893614	5.095854128665169	True	False	340
NCSTN	Nicastrin;Isoform 2 of Nicastrin	Q92542;Q92542-2	23385	NCSTN	official_exact	4	0.0851063829787234	5.33129396581736	True	False	1432
FNTA	Protein farnesyltransferase/geranylgeranyltransferase type-1 subunit alpha;Isoform 2 of Protein farnesyltransferase/geranylgeranyltransferase type-1 subunit alpha	P49354;P49354-2	2339	FNTA	official_exact	3	0.06382978723404255	8.414141449324609	True	False	903
COTL1	Coactosin-like protein	Q14019	23406	COTL1	official_exact	3	0.06382978723404255	5.226596523430603	True	False	1211
TMED3	Transmembrane emp24 domain-containing protein 3;Isoform 2 of Transmembrane emp24 domain-containing protein 3	Q9Y3Q3;Q9Y3Q3-2	23423	TMED3	official_exact	15	0.3191489361702128	5.14044833036003	True	False	1682
FOLH1	Glutamate carboxypeptidase 2	Q04609	2346	FOLH1	official_exact	46	0.9787234042553191	5.75710184605555	True	True	1131
ETHE1	Persulfide dioxygenase ETHE1, mitochondrial	O95571	23474	ETHE1	official_exact	9	0.19148936170212766	8.270582065096875	True	False	228
FOLR1	Folate receptor alpha	P15328	2348	FOLR1	official_exact	45	0.9574468085106383	5.27654232234494	True	True	611
RPL13A	60S ribosomal protein L13a	P40429	23521	RPL13A	official_exact	7	0.14893617021276595	5.581007100457746	True	False	855
DDAH2	N(G),N(G)-dimethylarginine dimethylaminohydrolase 2	O95865	23564	DDAH2	official_exact	14	0.2978723404255319	4.236163160909328	True	False	235
PADI4	Protein-arginine deiminase type-4	Q9UM07	23569	PADI4	official_exact	2	0.0425531914893617	5.821555593828407	True	False	1658
CASP14	Caspase-14	P31944	23581	CASP14	official_exact	46	0.9787234042553191	6.761857472880312	True	True	794
CARHSP1	Calcium-regulated heat-stable protein 1	Q9Y2V2	23589	CARHSP1	official_exact	5	0.10638297872340426	5.53563384218978	True	False	1678
HEBP2	Heme-binding protein 2	Q9Y5Z4	23593	HEBP2	official_exact	17	0.3617021276595745	4.197906118298863	True	False	1689
LY96	Lymphocyte antigen 96	Q9Y6Y9	23643	LY96	official_exact	24	0.5106382978723404	4.840806090229229	True	True	1699
PLD3	5'-3' exonuclease PLD3	Q8IV08	23646	PLD3	official_exact	30	0.6382978723404256	5.286915343284049	True	True	1369
TRIM29	Tripartite motif-containing protein 29;Isoform Beta of Tripartite motif-containing protein 29	Q14134;Q14134-2	23650	TRIM29	official_exact	14	0.2978723404255319	3.9272018558234505	True	False	1217
PLXNB2	Plexin-B2	O15031	23654	PLXNB2	official_exact	5	0.10638297872340426	9.209120889442739	True	False	118
EML2	Echinoderm microtubule-associated protein-like 2;Isoform 2 of Echinoderm microtubule-associated protein-like 2;Isoform 3 of Echinoderm microtubule-associated protein-like 2	O95834;O95834-2;O95834-3	24139	EML2	official_exact	13	0.2765957446808511	5.208904552862625	True	False	232
ALOX12B	Arachidonate 12-lipoxygenase, 12R-type	O75342	242	ALOX12B	official_exact	5	0.10638297872340426	4.944971512132251	True	False	182
SPESP1	Sperm equatorial segment protein 1	Q6UW49	246777	SPESP1	official_exact	6	0.1276595744680851	3.609974637922904	True	False	1322
ALPL	Alkaline phosphatase, tissue-nonspecific isozyme;Isoform 2 of Alkaline phosphatase, tissue-nonspecific isozyme;Isoform 3 of Alkaline phosphatase, tissue-nonspecific isozyme	P05186;P05186-2;P05186-3	249	ALPL	official_exact	47	1.0	5.500140549689869	True	True	397
FUCA1	Tissue alpha-L-fucosidase	P04066	2517	FUCA1	official_exact	45	0.9574468085106383	6.267064259176365	True	True	360
FUCA2	Plasma alpha-L-fucosidase	Q9BTY2	2519	FUCA2	official_exact	42	0.8936170212765957	4.861121406649289	True	True	1517
FUT3	3-galactosyl-N-acetylglucosaminide 4-alpha-L-fucosyltransferase FUT3	P21217	2525	FUT3	official_exact	38	0.8085106382978723	5.810899407750276	True	True	677
G6PD	Glucose-6-phosphate 1-dehydrogenase;Isoform Long of Glucose-6-phosphate 1-dehydrogenase;Isoform 3 of Glucose-6-phosphate 1-dehydrogenase	P11413;P11413-2;P11413-3	2539	G6PD	official_exact	29	0.6170212765957447	4.609974396912954	True	True	545
XRCC6	X-ray repair cross-complementing protein 6	P12956	2547	XRCC6	official_exact	5	0.10638297872340426	5.164151357057403	True	False	568
GAA	Lysosomal alpha-glucosidase	P10253	2548	GAA	official_exact	46	0.9787234042553191	5.566563492267863	True	True	527
NPNT	Nephronectin;Isoform 5 of Nephronectin	Q6UXI9;Q6UXI9-5	255743	NPNT	official_exact	34	0.723404255319149	4.066166748891446	True	True	1329
MAMDC2	MAM domain-containing protein 2	Q7Z304	256691	MAMDC2	official_exact	10	0.2127659574468085	4.223383406666999	True	False	1344
PGLS	6-phosphogluconolactonase	O95336	25796	PGLS	official_exact	23	0.48936170212765956	5.864147974277484	True	False	221
QPCT	Glutaminyl-peptide cyclotransferase	Q16769	25797	QPCT	official_exact	45	0.9574468085106383	6.361038850739955	True	True	1285
GCA	Grancalcin	P28676	25801	GCA	official_exact	15	0.3191489361702128	5.039319032325009	True	False	750
GALC	Galactocerebrosidase;Isoform 3 of Galactocerebrosidase;Isoform 4 of Galactocerebrosidase	P54803;P54803-3;P54803-4	2581	GALC	official_exact	23	0.48936170212765956	5.1517362891705885	True	False	969
KLK5	Kallikrein-5	Q9Y337	25818	KLK5	official_exact	19	0.40425531914893614	5.146698558115103	True	False	1679
GALE	UDP-glucose 4-epimerase;Isoform 2 of UDP-glucose 4-epimerase	Q14376;Q14376-2	2582	GALE	official_exact	15	0.3191489361702128	4.67500533615786	True	False	1225
PRDX5	Peroxiredoxin-5, mitochondrial;Isoform Cytoplasmic+peroxisomal of Peroxiredoxin-5, mitochondrial	P30044;P30044-2	25824	PRDX5	official_exact	40	0.851063829787234	6.387310212338551	True	True	767
GALK1	Galactokinase;Isoform 2 of Galactokinase	P51570;P51570-2	2584	GALK1	official_exact	4	0.0851063829787234	4.306810969359262	True	False	939
METTL7A	Methyltransferase-like protein 7A	Q9H8H3	25840	TMT1A	unique_synonym	8	0.1702127659574468	4.860928387555667	True	False	1554
SUMF2	Inactive C-alpha-formylglycine-generating enzyme 2	Q8NBJ7	25870	SUMF2	official_exact	44	0.9361702127659575	5.649103218812079	True	True	1388
RPL36	60S ribosomal protein L36	Q9Y3U8	25873	RPL36	official_exact	1	0.02127659574468085	6.758905226348648	True	False	1684
GALNS	N-acetylgalactosamine-6-sulfatase	P34059	2588	GALNS	official_exact	1	0.02127659574468085	5.185581426727172	True	False	806
GALNT1	Polypeptide N-acetylgalactosaminyltransferase 1	Q10472	2589	GALNT1	official_exact	46	0.9787234042553191	5.421757075877361	True	True	1161
AMBP	Protein AMBP	P02760	259	AMBP	official_exact	44	0.9361702127659575	5.258029158286107	True	True	342
GALNT2	Polypeptide N-acetylgalactosaminyltransferase 2	Q10471	2590	GALNT2	official_exact	42	0.8936170212765957	5.089151686351263	True	True	1160
GALNT3	Polypeptide N-acetylgalactosaminyltransferase 3	Q14435	2591	GALNT3	official_exact	39	0.8297872340425532	4.946659663441619	True	True	1227
ATL3	Atlastin-3	Q6DD88	25923	ATL3	official_exact	2	0.0425531914893617	4.059214071279754	True	False	1311
SOSTDC1	Sclerostin domain-containing protein 1;Isoform 2 of Sclerostin domain-containing protein 1	Q6X4U4;Q6X4U4-2	25928	SOSTDC1	official_exact	33	0.7021276595744681	3.228237850129465	True	True	1333
CLIC4	Chloride intracellular channel protein 4	Q9Y696	25932	CLIC4	official_exact	28	0.5957446808510638	5.238000463685729	True	True	1693
GAPDH	Glyceraldehyde-3-phosphate dehydrogenase;Isoform 2 of Glyceraldehyde-3-phosphate dehydrogenase	P04406;P04406-2	2597	GAPDH	official_exact	47	1.0	6.398194384365922	True	True	373
KRT23	Keratin, type I cytoskeletal 23;Isoform 2 of Keratin, type I cytoskeletal 23	Q9C075;Q9C075-2	25984	KRT23	official_exact	7	0.14893617021276595	4.128830405495881	True	False	1531
TSKU	Tsukushin	Q8WUA8	25987	TSKU	official_exact	18	0.3829787234042553	5.617228298391975	True	False	1419
GORASP2	Golgi reassembly-stacking protein 2;Isoform 2 of Golgi reassembly-stacking protein 2;Isoform 3 of Golgi reassembly-stacking protein 2	Q9H8Y8;Q9H8Y8-2;Q9H8Y8-3	26003	GORASP2	official_exact	1	0.02127659574468085	3.6475852329844805	True	False	1556
TKFC	Triokinase/FMN cyclase;Isoform 2 of Triokinase/FMN cyclase	Q3LXA3;Q3LXA3-2	26007	TKFC	official_exact	7	0.14893617021276595	4.532139606048142	True	False	1293
FDCSP	Follicular dendritic cell secreted peptide	Q8NFU4	260436	FDCSP	official_exact	45	0.9574468085106383	9.89038044197988	True	True	1402
KLK13	Kallikrein-13	Q9UKR3	26085	KLK13	official_exact	24	0.5106382978723404	4.476111169345701	True	True	1652
SERBP1	Plasminogen activator inhibitor 1 RNA-binding protein;Isoform 2 of Plasminogen activator inhibitor 1 RNA-binding protein;Isoform 3 of Plasminogen activator inhibitor 1 RNA-binding protein;Isoform 4 of Plasminogen activator inhibitor 1 RNA-binding protein	Q8NC51;Q8NC51-2;Q8NC51-3;Q8NC51-4	26135	SERBP1	official_exact	9	0.19148936170212766	3.6812755208611843	True	False	1392
TES	Testin;Isoform 2 of Testin	Q9UGI8;Q9UGI8-2	26136	TES	official_exact	4	0.0851063829787234	5.002724463414375	True	False	1635
GAS6	Growth arrest-specific protein 6;Isoform 2 of Growth arrest-specific protein 6;Isoform 3 of Growth arrest-specific protein 6	Q14393;Q14393-1;Q14393-3	2621	GAS6	official_exact	46	0.9787234042553191	5.271684767903821	True	True	1226
PHGDH	D-3-phosphoglycerate dehydrogenase	O43175	26227	PHGDH	official_exact	32	0.6808510638297872	4.5758956918521605	True	True	133
SACS	Sacsin;Isoform 2 of Sacsin	Q9NZJ4;Q9NZJ4-2	26278	SACS	official_exact	5	0.10638297872340426	4.782572663203773	True	False	1606
GBA	Lysosomal acid glucosylceramidase;Isoform Short of Lysosomal acid glucosylceramidase;Isoform 4 of Lysosomal acid glucosylceramidase;Isoform 5 of Lysosomal acid glucosylceramidase	P04062;P04062-2;P04062-4;P04062-5	2629	GBA1	unique_synonym	45	0.9574468085106383	5.265719907546737	True	True	359
GC	Vitamin D-binding protein;Isoform 3 of Vitamin D-binding protein	P02774;P02774-3	2638	GC	official_exact	47	1.0	5.383623880458763	True	True	347
SEZ6L2	Isoform 3 of Seizure 6-like protein 2;Isoform 5 of Seizure 6-like protein 2;Isoform 6 of Seizure 6-like protein 2	Q6UXD5-3;Q6UXD5-5;Q6UXD5-6	26470	SEZ6L2	official_exact	20	0.425531914893617	6.028610458309553	True	False	1328
CNNM3	Metal transporter CNNM3;Isoform 2 of Metal transporter CNNM3;Isoform 3 of Metal transporter CNNM3	Q8NE01;Q8NE01-2;Q8NE01-3	26505	CNNM3	official_exact	9	0.19148936170212766	5.2900876296738195	True	False	1396
MYOF	Myoferlin;Isoform 2 of Myoferlin;Isoform 3 of Myoferlin;Isoform 5 of Myoferlin;Isoform 6 of Myoferlin	Q9NZM1;Q9NZM1-2;Q9NZM1-3;Q9NZM1-5;Q9NZM1-6	26509	MYOF	official_exact	5	0.10638297872340426	4.110180601241778	True	False	1607
IL36RN	Interleukin-36 receptor antagonist protein	Q9UBH0	26525	IL36RN	official_exact	2	0.0425531914893617	5.933598336016484	True	False	1623
OSTF1	Osteoclast-stimulating factor 1	Q92882	26578	OSTF1	official_exact	4	0.0851063829787234	3.559628103142754	True	False	1444
GDI1	Rab GDP dissociation inhibitor alpha	P31150	2664	GDI1	official_exact	10	0.2127659574468085	3.7026331815636127	True	False	787
GDI2	Rab GDP dissociation inhibitor beta	P50395	2665	GDI2	official_exact	39	0.8297872340425532	5.087279273360623	True	True	925
GFPT1	Glutamine--fructose-6-phosphate aminotransferase [isomerizing] 1;Isoform 2 of Glutamine--fructose-6-phosphate aminotransferase [isomerizing] 1	Q06210;Q06210-2	2673	GFPT1	official_exact	12	0.2553191489361702	3.491983025370643	True	False	1139
B4GALT1	Beta-1,4-galactosyltransferase 1;Isoform Short of Beta-1,4-galactosyltransferase 1	P15291;P15291-2	2683	B4GALT1	official_exact	44	0.9361702127659575	6.176586909782557	True	True	608
SMR3A	Submaxillary gland androgen-regulated protein 3A	Q99954	26952	SMR3A	official_exact	45	0.9574468085106383	9.532420731525882	True	True	1506
SND1	Staphylococcal nuclease domain-containing protein 1	Q7KZF4	27044	SND1	official_exact	3	0.06382978723404255	5.08830187275898	True	False	1339
PPA2	Inorganic pyrophosphatase 2, mitochondrial;Isoform 2 of Inorganic pyrophosphatase 2, mitochondrial;Isoform 3 of Inorganic pyrophosphatase 2, mitochondrial;Isoform 5 of Inorganic pyrophosphatase 2, mitochondrial	Q9H2U2;Q9H2U2-2;Q9H2U2-3;Q9H2U2-6	27068	PPA2	official_exact	4	0.0851063829787234	5.039761553608038	True	False	1544
LYPD3	Ly6/PLAUR domain-containing protein 3	O95274	27076	LYPD3	official_exact	40	0.851063829787234	5.261811571809419	True	True	219
SDCBP2	Syntenin-2	Q9H190	27111	SDCBP2	official_exact	22	0.46808510638297873	4.822149124815053	True	False	1538
DKK4	Dickkopf-related protein 4	Q9UBT3	27121	DKK4	official_exact	47	1.0	5.855109135824013	True	True	1629
BRPF3	Bromodomain and PHD finger-containing protein 3;Isoform 2 of Bromodomain and PHD finger-containing protein 3;Isoform 3 of Bromodomain and PHD finger-containing protein 3	Q9ULD4;Q9ULD4-2;Q9ULD4-3	27154	BRPF3	official_exact	1	0.02127659574468085	7.3922748360253445	True	False	1655
GLA	Alpha-galactosidase A	P06280	2717	GLA	official_exact	45	0.9574468085106383	5.053225578174357	True	True	406
GLB1	Beta-galactosidase;Isoform 3 of Beta-galactosidase	P16278;P16278-3	2720	GLB1	official_exact	41	0.8723404255319149	5.526548191110399	True	True	624
SMPDL3B	Acid sphingomyelinase-like phosphodiesterase 3b	Q92485	27293	SMPDL3B	official_exact	41	0.8723404255319149	5.465751844053625	True	True	1429
GOLIM4	Golgi integral membrane protein 4	O00461	27333	GOLIM4	official_exact	21	0.44680851063829785	3.999146025299252	True	False	92
GLG1	Golgi apparatus protein 1;Isoform 2 of Golgi apparatus protein 1	Q92896;Q92896-2	2734	GLG1	official_exact	47	1.0	5.070286396515887	True	True	1445
STK39	STE20/SPS1-related proline-alanine-rich protein kinase;Isoform 2 of STE20/SPS1-related proline-alanine-rich protein kinase	Q9UEW8;Q9UEW8-2	27347	STK39	official_exact	18	0.3829787234042553	4.340241250987255	True	False	1634
TOR1B	Torsin-1B	O14657	27348	TOR1B	official_exact	40	0.851063829787234	5.192937403911586	True	True	108
GLO1	Lactoylglutathione lyase;Isoform 2 of Lactoylglutathione lyase	Q04760;Q04760-2	2739	GLO1	official_exact	7	0.14893617021276595	4.998124772798521	True	False	1134
GLUL	Glutamine synthetase	P15104	2752	GLUL	official_exact	35	0.7446808510638298	5.411649723098871	True	True	604
GM2A	Ganglioside GM2 activator	P17900	2760	GM2A	official_exact	41	0.8723404255319149	5.457526419508204	True	True	639
GMDS	GDP-mannose 4,6 dehydratase;Isoform 2 of GDP-mannose 4,6 dehydratase	O60547;O60547-2	2762	GMDS	official_exact	17	0.3617021276595745	4.2173720236063215	True	False	164
GNA11	Guanine nucleotide-binding protein subunit alpha-11	P29992	2767	GNA11	official_exact	16	0.3404255319148936	5.006053716599929	True	False	763
GNAI2	Guanine nucleotide-binding protein G(i) subunit alpha-2;Isoform 2 of Guanine nucleotide-binding protein G(i) subunit alpha-2;Isoform 3 of Guanine nucleotide-binding protein G(i) subunit alpha-2;Isoform sGi2 of Guanine nucleotide-binding protein G(i) subunit alpha-2;Isoform 5 of Guanine nucleotide-binding protein G(i) subunit alpha-2;Isoform 6 of Guanine nucleotide-binding protein G(i) subunit alpha-2	P04899;P04899-2;P04899-3;P04899-4;P04899-5;P04899-6	2771	GNAI2	official_exact	27	0.574468085106383	5.405032623819348	True	True	381
GNAI3	Guanine nucleotide-binding protein G(i) subunit alpha	P08754	2773	GNAI3	official_exact	20	0.425531914893617	5.090431373232507	True	False	475
GNAQ	Guanine nucleotide-binding protein G(q) subunit alpha	P50148	2776	GNAQ	official_exact	14	0.2978723404255319	5.963312112202711	True	False	923
GNAS	Guanine nucleotide-binding protein G(s) subunit alpha isoforms short;Isoform Gnas-2 of Guanine nucleotide-binding protein G(s) subunit alpha isoforms short;Isoform 3 of Guanine nucleotide-binding protein G(s) subunit alpha isoforms short;Isoform 4 of Guanine nucleotide-binding protein G(s) subunit alpha isoforms short;Guanine nucleotide-binding protein G(s) subunit alpha isoforms XLas;Isoform XLas-2 of Guanine nucleotide-binding protein G(s) subunit alpha isoforms XLas	P63092;P63092-2;P63092-3;P63092-4;Q5JWF2;Q5JWF2-2	2778	GNAS	official_exact	31	0.6595744680851063	4.677905308737527	True	True	1065
GNB1	Guanine nucleotide-binding protein G(I)/G(S)/G(T) subunit beta-1;Isoform 2 of Guanine nucleotide-binding protein G(I)/G(S)/G(T) subunit beta-1	P62873;P62873-2	2782	GNB1	official_exact	30	0.6382978723404256	5.323774204070397	True	True	1054
GNB2	Guanine nucleotide-binding protein G(I)/G(S)/G(T) subunit beta-2	P62879	2783	GNB2	official_exact	40	0.851063829787234	4.944206829929755	True	True	1055
GNS	N-acetylglucosamine-6-sulfatase;Isoform 2 of N-acetylglucosamine-6-sulfatase	P15586;P15586-2	2799	GNS	official_exact	29	0.6170212765957447	4.546784739914908	True	True	615
AMY2B	Alpha-amylase 2B	P19961	280	AMY2B	official_exact	3	0.06382978723404255	4.322536097336966	True	False	663
GOT1	Aspartate aminotransferase, cytoplasmic;Isoform 2 of Aspartate aminotransferase, cytoplasmic	P17174;P17174-2	2805	GOT1	official_exact	22	0.46808510638297873	4.052103605915512	True	False	633
GOT2	Aspartate aminotransferase, mitochondrial	P00505	2806	GOT2	official_exact	10	0.2127659574468085	4.465949598310274	True	False	251
SFN	14-3-3 protein sigma;Isoform 2 of 14-3-3 protein sigma	P31947;P31947-2	2810	SFN	official_exact	43	0.9148936170212766	6.109570689016289	True	True	796
GP2	Isoform Alpha of Pancreatic secretory granule membrane major glycoprotein GP2	P55259-3	2813	GP2	official_exact	8	0.1702127659574468	4.233898181278048	True	False	980
GPC1	Glypican-1	P35052	2817	GPC1	official_exact	1	0.02127659574468085	4.494563014425102	True	False	812
GPI	Glucose-6-phosphate isomerase;Isoform 2 of Glucose-6-phosphate isomerase	P06744;P06744-2	2821	GPI	official_exact	41	0.8723404255319149	4.484894295207925	True	True	420
GPLD1	Phosphatidylinositol-glycan-specific phospholipase D	P80108	2822	GPLD1	official_exact	9	0.19148936170212766	3.9242938637612874	True	False	1090
GPM6B	Neuronal membrane glycoprotein M6-b;Isoform 2 of Neuronal membrane glycoprotein M6-b;Isoform 3 of Neuronal membrane glycoprotein M6-b;Isoform 4 of Neuronal membrane glycoprotein M6-b	Q13491;Q13491-2;Q13491-3;Q13491-4	2824	GPM6B	official_exact	3	0.06382978723404255	3.9035134007608314	True	False	1196
IGKV1-5	Immunoglobulin kappa variable 1-5	P01602	28299	IGKV1-5	official_exact	25	0.5319148936170213	7.860514244711089	True	True	285
ANG	Angiogenin	P03950	283	ANG	official_exact	44	0.9361702127659575	6.131876126930225	True	True	353
IGHV7-81	Probable non-functional immunoglobulin heavy variable 7-81	A0A0B4J1V7	28378	IGHV7-81	official_exact	9	0.19148936170212766	2.872321677258538	True	False	35
IGHV6-1	Immunoglobulin heavy variable 6-1	A0A0B4J1U7	28385	IGHV6-1	official_exact	42	0.8936170212765957	6.4971744981554655	True	True	31
IGHV5-10-1	Immunoglobulin heavy variable 5-10-1	A0A0J9YXX1	28386	IGHV5-10-1	official_exact	47	1.0	8.376889523885767	True	True	66
IGHV5-51	Immunoglobulin heavy variable 5-51	A0A0C4DH38	28388	IGHV5-51	official_exact	47	1.0	8.18831310958127	True	True	52
IGHV4-38-2	Immunoglobulin heavy variable 4-38-2	P0DP08	28389	IGHV4-38-2	official_exact	47	1.0	7.171512941217884	True	True	518
IGHV4-61	Immunoglobulin heavy variable 4-61	A0A0C4DH41	28391	IGHV4-61	official_exact	42	0.8936170212765957	6.120249651113962	True	True	54
IGHV4-39	Immunoglobulin heavy variable 4-39	P01824	28394	IGHV4-39	official_exact	45	0.9574468085106383	7.40967501555546	True	True	308
IGHV4-34	Immunoglobulin heavy variable 4-34	P06331	28395	IGHV4-34	official_exact	29	0.6170212765957447	6.054483097291633	True	True	409
IGHV4-31	Immunoglobulin heavy variable 4-31	P0DP07	28396	IGHV4-31	official_exact	21	0.44680851063829785	6.617239882892049	True	False	517
IGHV4-30-4	Immunoglobulin heavy variable 4-30-4	P0DP06	28397	IGHV4-30-4	official_exact	42	0.8936170212765957	5.903261157882175	True	True	516
IGHV4-30-2	Immunoglobulin heavy variable 4-30-2	A0A087WSY4	28398	IGHV4-30-2	official_exact	15	0.3191489361702128	4.9169188930924275	True	False	21
ANGPT1	Angiopoietin-1;Isoform 2 of Angiopoietin-1	Q15389;Q15389-2	284	ANGPT1	official_exact	20	0.425531914893617	4.15904265302708	True	False	1257
IGHV4-28	Immunoglobulin heavy variable 4-28	A0A0C4DH34	28400	IGHV4-28	official_exact	40	0.851063829787234	7.236241449124533	True	True	49
IGHV4-4	Immunoglobulin heavy variable 4-4	A0A075B6R2	28401	IGHV4-4	official_exact	21	0.44680851063829785	4.664464754225787	True	False	15
VMO1	Vitelline membrane outer layer protein 1 homolog	Q7Z5L0	284013	VMO1	official_exact	20	0.425531914893617	5.033272064436872	True	False	1349
IGHV3-38-3	Probable non-functional immunoglobulin heavy variable 3-38-3	P0DTE1	28404	IGHV3-38-3	official_exact	13	0.2765957446808511	4.773431520210417	True	False	523
IGHV3-74	Immunoglobulin heavy variable 3-74	A0A0B4J1X5	28408	IGHV3-74	official_exact	45	0.9574468085106383	5.8577063661674575	True	True	36
IGHV3-73	Immunoglobulin heavy variable 3-73	A0A0B4J1V6	28409	IGHV3-73	official_exact	47	1.0	6.971767445146548	True	True	34
IGHV3-72	Immunoglobulin heavy variable 3-72	A0A0B4J1Y9	28410	IGHV3-72	official_exact	46	0.9787234042553191	6.754913799226799	True	True	39
GSDMA	Gasdermin-A	Q96QA5	284110	GSDMA	official_exact	9	0.19148936170212766	4.283783580981201	True	False	1477
IGHV3-66	Immunoglobulin heavy variable 3-66	A0A0C4DH42	28412	IGHV3-66	official_exact	47	1.0	9.020596140419215	True	True	55
IGHV3-64	Immunoglobulin heavy variable 3-64	A0A075B6Q5	28414	IGHV3-64	official_exact	47	1.0	7.69890216809785	True	True	14
IGHV3-49	Immunoglobulin heavy variable 3-49	A0A0A0MS15	28423	IGHV3-49	official_exact	47	1.0	7.512644870869859	True	True	28
IGHV3-48	Immunoglobulin heavy variable 3-48	P01763	28424	IGHV3-48	official_exact	23	0.48936170212765956	6.684136277324907	True	False	300
IGHV3-43	Immunoglobulin heavy variable 3-43	A0A0B4J1X8	28426	IGHV3-43	official_exact	47	1.0	7.749882517826117	True	True	37
IGHV3-38	Probable non-functional immunoglobulin heavy variable 3-38	A0A0C4DH36	28429	IGHV3-38	official_exact	47	1.0	7.972659948334268	True	True	51
IGHV3-35	Probable non-functional immunoglobulin heavy variable 3-35	A0A0C4DH35	28432	IGHV3-35	official_exact	39	0.8297872340425532	9.659275162584377	True	True	50
CXCL17	C-X-C motif chemokine 17	Q6UXB2	284340	CXCL17	official_exact	47	1.0	6.824499169444682	True	True	1326
KLK9	Kallikrein-9	Q9UKQ9	284366	KLK9	official_exact	9	0.19148936170212766	4.84604383064996	True	False	1651
IGHV3-23	Immunoglobulin heavy variable 3-23	P01764	28442	IGHV3-23	official_exact	47	1.0	8.159915979428167	True	True	301
IGHV3-20	Immunoglobulin heavy variable 3-20	A0A0C4DH32	28445	IGHV3-20	official_exact	44	0.9361702127659575	6.853548047831056	True	True	47
IGHV3-16	Probable non-functional immunoglobulin heavy variable 3-16	A0A0C4DH30	28447	IGHV3-16	official_exact	27	0.574468085106383	7.8910006345989245	True	True	45
IGHV3-15	Immunoglobulin heavy variable 3-15	A0A0B4J1V0	28448	IGHV3-15	official_exact	47	1.0	7.224330150524599	True	True	32
IGHV3-13	Immunoglobulin heavy variable 3-13	P01766	28449	IGHV3-13	official_exact	42	0.8936170212765957	6.948678400362288	True	True	302
IGHV3-11	Immunoglobulin heavy variable 3-11	P01762	28450	IGHV3-11	official_exact	25	0.5319148936170213	5.908779791409001	True	True	299
IGHV3-9	Immunoglobulin heavy variable 3-9	P01782	28451	IGHV3-9	official_exact	47	1.0	7.131511448038008	True	True	305
IGHV3-7	Immunoglobulin heavy variable 3-7	P01780	28452	IGHV3-7	official_exact	44	0.9361702127659575	7.324403030752338	True	True	304
IGHV2-70	Immunoglobulin heavy variable 2-70	P01814	28454	IGHV2-70	official_exact	43	0.9148936170212766	5.430969942299602	True	True	306
IGHV2-26	Immunoglobulin heavy variable 2-26	A0A0B4J1V2	28455	IGHV2-26	official_exact	5	0.10638297872340426	3.287652641707871	True	False	33
IGHV2-5	Immunoglobulin heavy variable 2-5	P01817	28457	IGHV2-5	official_exact	47	1.0	5.740782751034137	True	True	307
IGHV1-69-2	Immunoglobulin heavy variable 1-69-2	A0A0G2JMI3	28458	IGHV1-69-2	official_exact	3	0.06382978723404255	5.868120297315011	True	False	63
IGHV1-58	Immunoglobulin heavy variable 1-58	A0A0C4DH39	28464	IGHV1-58	official_exact	15	0.3191489361702128	5.488805251120812	True	False	53
IGHV1-46	Immunoglobulin heavy variable 1-46	P01743	28465	IGHV1-46	official_exact	43	0.9148936170212766	7.116309373573969	True	True	298
IGHV1-45	Immunoglobulin heavy variable 1-45	A0A0A0MS14	28466	IGHV1-45	official_exact	33	0.7021276595744681	6.850126447637061	True	True	27
IGHV1-24	Immunoglobulin heavy variable 1-24	A0A0C4DH33	28467	IGHV1-24	official_exact	17	0.3617021276595745	5.194224669075098	True	False	48
IGHV1-18	Immunoglobulin heavy variable 1-18	A0A0C4DH31	28468	IGHV1-18	official_exact	43	0.9148936170212766	6.205704073086494	True	True	46
IGHV1-8	Immunoglobulin heavy variable 1-8	P0DP01	28472	IGHV1-8	official_exact	40	0.851063829787234	5.535916648752153	True	True	514
IGHV1-3	Immunoglobulin heavy variable 1-3	A0A0C4DH29	28473	IGHV1-3	official_exact	31	0.6595744680851063	6.108828151216569	True	True	44
IGHV1-2	Immunoglobulin heavy variable 1-2	P23083	28474	IGHV1-2	official_exact	47	1.0	8.124567514934935	True	True	700
RNF149	E3 ubiquitin-protein ligase RNF149	Q8NC42	284996	RNF149	official_exact	14	0.2978723404255319	9.314295243899068	True	False	1391
FAM83H	Protein FAM83H	Q6ZRV2	286077	SACK1H	unique_synonym	2	0.0425531914893617	3.3391443557068414	True	False	1337
LCN1P1	Putative lipocalin 1-like protein 1	Q5VSP4	286310	LCN1P1	official_exact	45	0.9574468085106383	9.258904125950965	True	True	1306
KRT6C	Keratin, type II cytoskeletal 6C	P48668	286887	KRT6C	official_exact	5	0.10638297872340426	6.034095357463887	True	False	896
GPX1	Glutathione peroxidase 1	P07203	2876	GPX1	official_exact	17	0.3617021276595745	5.295301753384255	True	False	428
IGLV10-54	Immunoglobulin lambda variable 10-54	A0A075B6I4	28772	IGLV10-54	official_exact	36	0.7659574468085106	4.89749061631368	True	True	7
IGLV9-49	Immunoglobulin lambda variable 9-49	A0A0B4J1Y8	28773	IGLV9-49	official_exact	38	0.8085106382978723	6.427600367599006	True	True	38
IGLV8-61	Immunoglobulin lambda variable 8-61	A0A075B6I0	28774	IGLV8-61	official_exact	45	0.9574468085106383	6.277890816800557	True	True	5
IGLV7-46	Immunoglobulin lambda variable 7-46	A0A075B6I9	28775	IGLV7-46	official_exact	38	0.8085106382978723	6.848585100893131	True	True	8
IGLV6-57	Immunoglobulin lambda variable 6-57	P01721	28778	IGLV6-57	official_exact	47	1.0	5.729985985932622	True	True	297
IGLV5-52	Immunoglobulin lambda variable 5-52	A0A0A0MRZ9	28779	IGLV5-52	official_exact	10	0.2127659574468085	3.9179957658018876	True	False	26
GPX3	Glutathione peroxidase 3	P22352	2878	GPX3	official_exact	47	1.0	7.772146710671348	True	True	692
IGLV5-45	Immunoglobulin lambda variable 5-45	A0A087WSX0	28781	IGLV5-45	official_exact	45	0.9574468085106383	8.263428679674966	True	True	20
IGLV4-69	Immunoglobulin lambda variable 4-69	A0A075B6H9	28784	IGLV4-69	official_exact	37	0.7872340425531915	5.102914886818672	True	True	4
IGLV4-60	Immunoglobulin lambda variable 4-60	A0A075B6I1	28785	IGLV4-60	official_exact	13	0.2765957446808511	3.7970970710132987	True	False	6
IGLV3-27	Immunoglobulin lambda variable 3-27	P01718	28791	IGLV3-27	official_exact	47	1.0	6.5061017311574805	True	True	296
IGLV3-25	Immunoglobulin lambda variable 3-25	P01717	28793	IGLV3-25	official_exact	47	1.0	7.257834380103325	True	True	295
IGLV3-21	Immunoglobulin lambda variable 3-21	P80748	28796	IGLV3-21	official_exact	46	0.9787234042553191	6.715669508873102	True	True	1094
IGLV3-19	Immunoglobulin lambda variable 3-19	P01714	28797	IGLV3-19	official_exact	47	1.0	6.8960997276379565	True	True	293
IGLV3-12	Immunoglobulin lambda variable 3-12	A0A075B6K2	28802	IGLV3-12	official_exact	14	0.2978723404255319	4.183546014647252	True	False	10
IGLV3-10	Immunoglobulin lambda variable 3-10	A0A075B6K4	28803	IGLV3-10	official_exact	38	0.8085106382978723	6.01448956857249	True	True	11
IGLV3-9	Immunoglobulin lambda variable 3-9	A0A075B6K5	28804	IGLV3-9	official_exact	47	1.0	7.915539059211074	True	True	12
IGLV3-1	Immunoglobulin lambda variable 3-1	P01715	28809	IGLV3-1	official_exact	37	0.7872340425531915	6.3258154394766715	True	True	294
IGLV2-23	Immunoglobulin lambda variable 2-23	P01705	28813	IGLV2-23	official_exact	40	0.851063829787234	4.968202780819173	True	True	292
IGLV2-18	Immunoglobulin lambda variable 2-18	A0A075B6J9	28814	IGLV2-18	official_exact	38	0.8085106382978723	7.021019895903862	True	True	9
IGLV2-14	Immunoglobulin lambda variable 2-14	P01704	28815	IGLV2-14	official_exact	43	0.9148936170212766	5.601183181353741	True	True	291
IGLV1-51	Immunoglobulin lambda variable 1-51	P01701	28820	IGLV1-51	official_exact	44	0.9361702127659575	6.166630574786463	True	True	289
IGLV1-47	Immunoglobulin lambda variable 1-47	P01700	28822	IGLV1-47	official_exact	47	1.0	7.38041389890483	True	True	288
IGLV1-44	Immunoglobulin lambda variable 1-44	P01699	28823	IGLV1-44	official_exact	46	0.9787234042553191	6.275534449058331	True	True	287
IGLV1-40	Immunoglobulin lambda variable 1-40	P01703	28825	IGLV1-40	official_exact	47	1.0	6.287837905453818	True	True	290
IGLV1-36	Immunoglobulin lambda variable 1-36	A0A0B4J1U3	28826	IGLV1-36	official_exact	22	0.46808510638297873	6.304000406979719	True	False	30
IGLC7	Immunoglobulin lambda constant 7	A0M8Q6	28834	IGLC7	official_exact	28	0.5957446808510638	6.541953828181974	True	True	68
GRB2	Growth factor receptor-bound protein 2	P62993	2885	GRB2	official_exact	7	0.14893617021276595	3.1206780066787196	True	False	1062
IGKV6D-21	Immunoglobulin kappa variable 6D-21	A0A0A0MT36	28870	IGKV6D-21	official_exact	47	1.0	7.95495132757433	True	True	29
IGKV3D-20	Immunoglobulin kappa variable 3D-20	A0A0C4DH25	28874	IGKV3D-20	official_exact	41	0.8723404255319149	7.3400436298437866	True	True	43
IGKV3D-15	Immunoglobulin kappa variable 3D-15	A0A087WSY6	28875	IGKV3D-15	official_exact	47	1.0	6.859067231466505	True	True	22
IGKV3D-7	Immunoglobulin kappa variable 3D-7	A0A0C4DH55	28877	IGKV3D-7	official_exact	38	0.8085106382978723	7.654565343681052	True	True	57
IGKV2D-30	Immunoglobulin kappa variable 2D-30	A0A075B6S6	28881	IGKV2D-30	official_exact	47	1.0	7.310940836384782	True	True	18
IGKV2D-29	Immunoglobulin kappa variable 2D-29	A0A075B6S2	28882	IGKV2D-29	official_exact	47	1.0	7.245542261771273	True	True	16
IGKV2D-26	Immunoglobulin kappa variable 2D-26	A0A0A0MRZ7	28884	IGKV2D-26	official_exact	14	0.2978723404255319	6.140354947128959	True	False	25
IGKV1D-42	Probable non-functional immunoglobulin kappa variable 1D-42	A0A075B6H8	28892	IGKV1D-42	official_exact	42	0.8936170212765957	5.783571917648773	True	True	3
IGKV1D-16	Immunoglobulin kappa variable 1D-16	P01601	28901	IGKV1D-16	official_exact	47	1.0	7.596995906439037	True	True	284
IGKV1D-8	Immunoglobulin kappa variable 1D-8	A0A087WSZ0	28904	IGKV1D-8	official_exact	4	0.0851063829787234	6.3215326888887375	True	False	23
IGKV6-21	Immunoglobulin kappa variable 6-21	A0A0C4DH24	28906	IGKV6-21	official_exact	47	1.0	6.889587885210489	True	True	42
IGKV5-2	Immunoglobulin kappa variable 5-2	P06315	28907	IGKV5-2	official_exact	7	0.14893617021276595	5.265297125946219	True	False	408
IGKV4-1	Immunoglobulin kappa variable 4-1	P06312	28908	IGKV4-1	official_exact	47	1.0	6.630966729711756	True	True	407
IGKV3-20	Immunoglobulin kappa variable 3-20	P01619	28912	IGKV3-20	official_exact	47	1.0	7.172114932533137	True	True	286
IGKV3-11	Immunoglobulin kappa variable 3-11	P04433	28914	IGKV3-11	official_exact	47	1.0	6.777205040462917	True	True	375
IGKV3-7	Probable non-functional immunoglobulin kappa variable 3-7	A0A075B6H7	28915	IGKV3-7	official_exact	46	0.9787234042553191	7.776372863836983	True	True	2
IGKV2-29	Immunoglobulin kappa variable 2-29	A2NJV5	28920	IGKV2-29	official_exact	25	0.5319148936170213	6.442285589352355	True	True	70
IGKV2-24	Immunoglobulin kappa variable 2-24	A0A0C4DH68	28923	IGKV2-24	official_exact	47	1.0	7.652612401135616	True	True	59
IGKV1-27	Immunoglobulin kappa variable 1-27	A0A075B6S5	28935	IGKV1-27	official_exact	47	1.0	6.795718058103674	True	True	17
IGKV1-16	Immunoglobulin kappa variable 1-16	P04430	28938	IGKV1-16	official_exact	39	0.8297872340425532	6.048904389404449	True	True	374
IGKV1-9	Immunoglobulin kappa variable 1-9	A0A0C4DH69	28941	IGKV1-9	official_exact	47	1.0	7.0662342439985215	True	True	60
IGKV1-8	Immunoglobulin kappa variable 1-8	A0A0C4DH67	28942	IGKV1-8	official_exact	25	0.5319148936170213	4.994915843863532	True	True	58
IGKV1-6	Immunoglobulin kappa variable 1-6	A0A0C4DH72	28943	IGKV1-6	official_exact	47	1.0	7.174566714289061	True	True	61
COA3	Cytochrome c oxidase assembly factor 3 homolog, mitochondrial	Q9Y2R0	28958	COA3	official_exact	12	0.2553191489361702	4.181506311619188	True	False	1677
GRN	Progranulin	P28799	2896	GRN	official_exact	47	1.0	6.0032577979968815	True	True	751
DBNL	Drebrin-like protein	Q9UJU6	28988	DBNL	official_exact	20	0.425531914893617	4.386010023262671	True	False	1648
ANPEP	Aminopeptidase N	P15144	290	ANPEP	official_exact	46	0.9787234042553191	5.305554492323939	True	True	605
C1GALT1C1	C1GALT1-specific chaperone 1	Q96EU7	29071	C1GALT1C1	official_exact	45	0.9574468085106383	5.273865586358876	True	True	1457
LGALSL	Galectin-related protein	Q3ZCW2	29094	LGALSL	official_exact	8	0.1702127659574468	4.445650742240654	True	False	1296
PYCARD	Apoptosis-associated speck-like protein containing a CARD;Isoform 2 of Apoptosis-associated speck-like protein containing a CARD	Q9ULZ3;Q9ULZ3-2	29108	PYCARD	official_exact	23	0.48936170212765956	4.328861433348764	True	False	1657
CXCL1	Growth-regulated alpha protein	P09341	2919	CXCL1	official_exact	3	0.06382978723404255	2.208397061321367	True	False	484
SLC25A5	ADP/ATP translocase 2	P05141	292	SLC25A5	official_exact	7	0.14893617021276595	4.467478436692549	True	False	392
PDIA3	Protein disulfide-isomerase A3	P30101	2923	PDIA3	official_exact	47	1.0	5.863805624463443	True	True	775
SLC25A6	ADP/ATP translocase 3	P12236	293	SLC25A6	official_exact	16	0.3404255319148936	4.889492522796342	True	False	554
GSN	Gelsolin;Isoform 3 of Gelsolin;Isoform 4 of Gelsolin	P06396;P06396-3;P06396-4	2934	GSN	official_exact	47	1.0	7.120151797340052	True	True	410
GSR	Glutathione reductase, mitochondrial;Isoform Cytoplasmic of Glutathione reductase, mitochondrial;Isoform 2 of Glutathione reductase, mitochondrial	P00390;P00390-2;P00390-3	2936	GSR	official_exact	29	0.6170212765957447	5.381634567846164	True	True	246
GSS	Glutathione synthetase	P48637	2937	GSS	official_exact	10	0.2127659574468085	5.08904712085526	True	False	895
GSTP1	Glutathione S-transferase P	P09211	2950	GSTP1	official_exact	47	1.0	6.679248668436759	True	True	480
GSTT1	Glutathione S-transferase theta-1	P30711	2952	GSTT1	official_exact	4	0.0851063829787234	4.289408614921313	True	False	782
OLA1	Obg-like ATPase 1;Isoform 2 of Obg-like ATPase 1	Q9NTK5;Q9NTK5-2	29789	OLA1	official_exact	5	0.10638297872340426	5.219217127428133	True	False	1591
UQCR10	Cytochrome b-c1 complex subunit 9	Q9UDW1	29796	UQCR10	official_exact	30	0.6382978723404256	5.658458775508764	True	True	1633
GUSB	Beta-glucuronidase;Isoform 2 of Beta-glucuronidase;Isoform 3 of Beta-glucuronidase	P08236;P08236-2;P08236-3	2990	GUSB	official_exact	28	0.5957446808510638	4.802541551314289	True	True	458
GYG1	Glycogenin-1;Isoform GN-1 of Glycogenin-1	P46976;P46976-2	2992	GYG1	official_exact	6	0.1276595744680851	4.918984763534148	True	False	882
GMPPB	Mannose-1-phosphate guanyltransferase beta;Isoform 2 of Mannose-1-phosphate guanyltransferase beta	Q9Y5P6;Q9Y5P6-2	29925	GMPPB	official_exact	7	0.14893617021276595	4.993327143514797	True	False	1687
GMPPA	Mannose-1-phosphate guanyltransferase alpha;Isoform 2 of Mannose-1-phosphate guanyltransferase alpha	Q96IJ6;Q96IJ6-2	29926	GMPPA	official_exact	3	0.06382978723404255	4.291454724544077	True	False	1465
IL19	Interleukin-19;Isoform 2 of Interleukin-19	Q9UHD0;Q9UHD0-2	29949	IL19	official_exact	36	0.7659574468085106	5.596564891058005	True	True	1637
DPP7	Dipeptidyl peptidase 2	Q9UHL4	29952	DPP7	official_exact	43	0.9148936170212766	5.838058424889792	True	True	1640
OBP2B	Odorant-binding protein 2b	Q9NPH6	29989	OBP2B	official_exact	16	0.3404255319148936	4.562869197743726	True	False	1573
ERO1A	ERO1-like protein alpha	Q96HE7	30001	ERO1A	official_exact	36	0.7659574468085106	4.537400217206742	True	True	1464
EFEMP2	EGF-containing fibulin-like extracellular matrix protein 2	O95967	30008	EFEMP2	official_exact	38	0.8085106382978723	5.144759267669537	True	True	237
H1-0	Histone H1.0	P07305	3005	H1-0	official_exact	13	0.2765957446808511	4.512902943023545	True	False	431
H1-3	Histone H1.3	P16402	3007	H1-3	official_exact	45	0.9574468085106383	7.229054512426707	True	True	628
H1-5	Histone H1.5	P16401	3009	H1-5	official_exact	43	0.9148936170212766	6.6109387664311425	True	True	627
ANXA1	Annexin A1	P04083	301	ANXA1	official_exact	47	1.0	6.126465648902579	True	True	363
ANXA2	Annexin A2;Isoform 2 of Annexin A2	P07355;P07355-2	302	ANXA2	official_exact	47	1.0	6.746002710900059	True	True	433
HSD17B10	3-hydroxyacyl-CoA dehydrogenase type-2;Isoform 2 of 3-hydroxyacyl-CoA dehydrogenase type-2	Q99714;Q99714-2	3028	HSD17B10	official_exact	3	0.06382978723404255	4.415905750516948	True	False	1498
HADHA	Trifunctional enzyme subunit alpha, mitochondrial	P40939	3030	HADHA	official_exact	10	0.2127659574468085	3.9733823429511057	True	False	859
HADHB	Trifunctional enzyme subunit beta, mitochondrial;Isoform 2 of Trifunctional enzyme subunit beta, mitochondrial	P55084;P55084-2	3032	HADHB	official_exact	11	0.23404255319148937	6.376925282986897	True	False	977
HAL	Histidine ammonia-lyase;Isoform 2 of Histidine ammonia-lyase	P42357;P42357-2	3034	HAL	official_exact	12	0.2553191489361702	4.49862352295153	True	False	865
HARS1	Histidine--tRNA ligase, cytoplasmic;Isoform 4 of Histidine--tRNA ligase, cytoplasmic	P12081;P12081-4	3035	HARS1	official_exact	11	0.23404255319148937	4.008980271301403	True	False	551
HBA1	Hemoglobin subunit alpha	P69905	3039	HBA1	official_exact	14	0.2978723404255319	4.897959703664622	True	False	1085
HBB	Hemoglobin subunit beta	P68871	3043	HBB	official_exact	13	0.2765957446808511	5.701052692787749	True	False	1083
SERPIND1	Heparin cofactor 2	P05546	3053	SERPIND1	official_exact	19	0.40425531914893614	4.654734349534248	True	False	403
ANXA3	Annexin A3	P12429	306	ANXA3	official_exact	40	0.851063829787234	5.422964497408486	True	True	559
HDGF	Hepatoma-derived growth factor;Isoform 2 of Hepatoma-derived growth factor;Isoform 3 of Hepatoma-derived growth factor	P51858;P51858-2;P51858-3	3068	HDGF	official_exact	4	0.0851063829787234	3.8398621783579316	True	False	947
HDLBP	Vigilin;Isoform 2 of Vigilin	Q00341;Q00341-2	3069	HDLBP	official_exact	13	0.2765957446808511	3.3846557123379952	True	False	1108
ANXA4	Annexin A4	P09525	307	ANXA4	official_exact	31	0.6595744680851063	4.64383296508302	True	True	488
HEXA	Beta-hexosaminidase subunit alpha	P06865	3073	HEXA	official_exact	45	0.9574468085106383	5.882949530815862	True	True	423
HEXB	Beta-hexosaminidase subunit beta	P07686	3074	HEXB	official_exact	47	1.0	6.490667289444592	True	True	442
CFH	Complement factor H	P08603	3075	CFH	official_exact	46	0.9787234042553191	5.644690602143113	True	True	469
CFHR1	Complement factor H-related protein 1	Q03591	3078	CFHR1	official_exact	14	0.2978723404255319	4.3105241541453	True	False	1130
ANXA5	Annexin A5	P08758	308	ANXA5	official_exact	47	1.0	6.251534563706857	True	True	476
CFHR2	Complement factor H-related protein 2;Isoform Short of Complement factor H-related protein 2	P36980;P36980-2	3080	CFHR2	official_exact	8	0.1702127659574468	4.874803298374893	True	False	838
ST6GALNAC6	Alpha-N-acetylgalactosaminide alpha-2,6-sialyltransferase 6;Isoform 2 of Alpha-N-acetylgalactosaminide alpha-2,6-sialyltransferase 6	Q969X2;Q969X2-2	30815	ST6GALNAC6	official_exact	30	0.6382978723404256	4.510513346079675	True	True	1449
TAX1BP3	Tax1-binding protein 3	O14907	30851	TAX1BP3	official_exact	14	0.2978723404255319	4.02440561104601	True	False	114
ANXA6	Annexin A6;Isoform 2 of Annexin A6	P08133;P08133-2	309	ANXA6	official_exact	22	0.46808510638297873	4.65119061964325	True	False	454
HINT1	Histidine triad nucleotide-binding protein 1	P49773	3094	HINT1	official_exact	4	0.0851063829787234	4.714792743519752	True	False	918
HK1	Hexokinase-1;Isoform 2 of Hexokinase-1;Isoform 3 of Hexokinase-1;Isoform 4 of Hexokinase-1	P19367;P19367-2;P19367-3;P19367-4	3098	HK1	official_exact	10	0.2127659574468085	5.218922172357731	True	False	657
ANXA7	Annexin A7;Isoform 2 of Annexin A7	P20073;P20073-2	310	ANXA7	official_exact	23	0.48936170212765956	4.48886701881907	True	False	667
HK3	Hexokinase-3	P52790	3101	HK3	official_exact	6	0.1276595744680851	4.313897189321156	True	False	955
HLA-A	HLA class I histocompatibility antigen, A alpha chain;Isoform 2 of HLA class I histocompatibility antigen, A alpha chain	P04439;P04439-2	3105	HLA-A	official_exact	23	0.48936170212765956	6.559961905446507	True	False	376
HLA-B	HLA class I histocompatibility antigen, B alpha chain	P01889	3106	HLA-B	official_exact	43	0.9148936170212766	5.149629604566079	True	True	317
HLA-C	HLA class I histocompatibility antigen, C alpha chain	P10321	3107	HLA-C	official_exact	42	0.8936170212765957	5.070530137171576	True	True	528
ANXA11	Annexin A11;Isoform 2 of Annexin A11	P50995;P50995-2	311	ANXA11	official_exact	43	0.9148936170212766	5.230725144420495	True	True	935
HLA-DRA	HLA class II histocompatibility antigen, DR alpha chain	P01903	3122	HLA-DRA	official_exact	11	0.23404255319148937	4.079691478578337	True	False	318
HLA-E	HLA class I histocompatibility antigen, alpha chain E	P13747	3133	HLA-E	official_exact	10	0.2127659574468085	3.9579048940170694	True	False	584
HMGB2	High mobility group protein B2	P26583	3148	HMGB2	official_exact	16	0.3404255319148936	4.774271392922045	True	False	729
HNRNPA2B1	Heterogeneous nuclear ribonucleoproteins A2/B1;Isoform A2 of Heterogeneous nuclear ribonucleoproteins A2/B1	P22626;P22626-2	3181	HNRNPA2B1	official_exact	21	0.44680851063829785	4.455495543648938	True	False	696
HNRNPC	Heterogeneous nuclear ribonucleoproteins C1/C2;Isoform C1 of Heterogeneous nuclear ribonucleoproteins C1/C2;Isoform 4 of Heterogeneous nuclear ribonucleoproteins C1/C2	P07910;P07910-2;P07910-4	3183	HNRNPC	official_exact	10	0.2127659574468085	4.512179201850955	True	False	448
HNRNPD	Heterogeneous nuclear ribonucleoprotein D0;Isoform 2 of Heterogeneous nuclear ribonucleoprotein D0;Isoform 3 of Heterogeneous nuclear ribonucleoprotein D0;Isoform 4 of Heterogeneous nuclear ribonucleoprotein D0	Q14103;Q14103-2;Q14103-3;Q14103-4	3184	HNRNPD	official_exact	16	0.3404255319148936	4.927433459180435	True	False	1213
HNRNPH1	Heterogeneous nuclear ribonucleoprotein H	P31943	3187	HNRNPH1	official_exact	14	0.2978723404255319	4.555031268640665	True	False	793
APOF	Apolipoprotein F	Q13790	319	APOF	official_exact	6	0.1276595744680851	4.651204224179031	True	False	1202
HNRNPK	Heterogeneous nuclear ribonucleoprotein K;Isoform 2 of Heterogeneous nuclear ribonucleoprotein K;Isoform 3 of Heterogeneous nuclear ribonucleoprotein K	P61978;P61978-2;P61978-3	3190	HNRNPK	official_exact	26	0.5531914893617021	4.875529411371394	True	True	1024
HNRNPU	Heterogeneous nuclear ribonucleoprotein U;Isoform 2 of Heterogeneous nuclear ribonucleoprotein U	Q00839;Q00839-2	3192	HNRNPU	official_exact	13	0.2765957446808511	4.9000427597693275	True	False	1113
HP	Haptoglobin	P00738	3240	HP	official_exact	47	1.0	7.397123612013238	True	True	257
APCS	Serum amyloid P-component	P02743	325	APCS	official_exact	24	0.5106382978723404	5.427839016208641	True	True	333
HPR	Haptoglobin-related protein;Isoform 2 of Haptoglobin-related protein	P00739;P00739-2	3250	HPR	official_exact	12	0.2553191489361702	3.7945553830925256	True	False	258
HPRT1	Hypoxanthine-guanine phosphoribosyltransferase	P00492	3251	HPRT1	official_exact	9	0.19148936170212766	4.212439536369	True	False	250
HPX	Hemopexin	P02790	3263	HPX	official_exact	46	0.9787234042553191	6.2839185325187445	True	True	351
APEH	Acylamino-acid-releasing enzyme	P13798	327	APEH	official_exact	14	0.2978723404255319	4.473278469157702	True	False	587
HRG	Histidine-rich glycoprotein	P04196	3273	HRG	official_exact	21	0.44680851063829785	4.880502674359633	True	False	368
APEX1	DNA-(apurinic or apyrimidinic site) endonuclease	P27695	328	APEX1	official_exact	1	0.02127659574468085	4.130978496092704	True	False	737
HSD17B4	Peroxisomal multifunctional enzyme type 2	P51659	3295	HSD17B4	official_exact	4	0.0851063829787234	3.835053193434968	True	False	943
HSPA4	Heat shock 70 kDa protein 4	P34932	3308	HSPA4	official_exact	10	0.2127659574468085	4.107028393449308	True	False	809
HSPA5	Endoplasmic reticulum chaperone BiP	P11021	3309	HSPA5	official_exact	47	1.0	5.930645309841271	True	True	537
HSPA8	Heat shock cognate 71 kDa protein	P11142	3312	HSPA8	official_exact	46	0.9787234042553191	5.213523036004535	True	True	540
HSPA9	Stress-70 protein, mitochondrial	P38646	3313	HSPA9	official_exact	11	0.23404255319148937	4.735771058631077	True	False	844
HSPB1	Heat shock protein beta-1	P04792	3315	HSPB1	official_exact	47	1.0	6.759101566562195	True	True	378
HSP90AA1	Heat shock protein HSP 90-alpha;Isoform 2 of Heat shock protein HSP 90-alpha	P07900;P07900-2	3320	HSP90AA1	official_exact	38	0.8085106382978723	5.496123254251962	True	True	447
HSP90AB1	Heat shock protein HSP 90-beta	P08238	3326	HSP90AB1	official_exact	45	0.9574468085106383	5.7779872663564005	True	True	459
HSPD1	60 kDa heat shock protein, mitochondrial	P10809	3329	HSPD1	official_exact	15	0.3191489361702128	3.6235334680945845	True	False	535
HSPE1	10 kDa heat shock protein, mitochondrial	P61604	3336	HSPE1	official_exact	4	0.0851063829787234	4.609227666074858	True	False	1016
HSPG2	Basement membrane-specific heparan sulfate proteoglycan core protein	P98160	3339	HSPG2	official_exact	47	1.0	6.826321446426758	True	True	1103
NDST1	Bifunctional heparan sulfate N-deacetylase/N-sulfotransferase 1	P52848	3340	NDST1	official_exact	4	0.0851063829787234	4.736186764623881	True	False	956
APOA1	Apolipoprotein A-I	P02647	335	APOA1	official_exact	47	1.0	6.580104534704637	True	True	323
APOA2	Apolipoprotein A-II	P02652	336	APOA2	official_exact	37	0.7872340425531915	4.853695613732055	True	True	325
APOA4	Apolipoprotein A-IV	P06727	337	APOA4	official_exact	43	0.9148936170212766	5.32990621471275	True	True	416
APOB	Apolipoprotein B-100	P04114	338	APOB	official_exact	26	0.5531914893617021	4.6161473601675	True	True	364
ICAM1	Intercellular adhesion molecule 1	P05362	3383	ICAM1	official_exact	34	0.723404255319149	4.767718941355305	True	True	399
S100A7A	Protein S100-A7A	Q86SG5	338324	S100A7A	official_exact	37	0.7872340425531915	5.610268473692949	True	True	1355
APOC1	Apolipoprotein C-I	P02654	341	APOC1	official_exact	8	0.1702127659574468	4.66798090718266	True	False	326
IDE	Insulin-degrading enzyme	P14735	3416	IDE	official_exact	8	0.1702127659574468	4.297637942933479	True	False	600
IDH1	Isocitrate dehydrogenase [NADP] cytoplasmic	O75874	3417	IDH1	official_exact	36	0.7659574468085106	4.359538288281335	True	True	206
IDH2	Isocitrate dehydrogenase [NADP], mitochondrial;Isoform 2 of Isocitrate dehydrogenase [NADP], mitochondrial	P48735;P48735-2	3418	IDH2	official_exact	5	0.10638297872340426	3.446690331071964	True	False	898
IDH3A	Isocitrate dehydrogenase [NAD] subunit alpha, mitochondrial	P50213	3419	IDH3A	official_exact	3	0.06382978723404255	4.899404775976529	True	False	924
IDUA	Alpha-L-iduronidase	P35475	3425	IDUA	official_exact	44	0.9361702127659575	5.663819167494859	True	True	822
KRT27	Keratin, type I cytoskeletal 27	Q7Z3Y8	342574	KRT27	official_exact	1	0.02127659574468085	6.9579031737706005	True	False	1345
CFI	Complement factor I	P05156	3426	CFI	official_exact	43	0.9148936170212766	4.722852547742774	True	True	394
NCCRP1	F-box only protein 50	Q6ZVX7	342897	NCCRP1	official_exact	32	0.6808510638297872	4.963361671596905	True	True	1338
APOC2	Apolipoprotein C-II	P02655	344	APOC2	official_exact	3	0.06382978723404255	5.416940135067793	True	False	327
APOC3	Apolipoprotein C-III	P02656	345	APOC3	official_exact	21	0.44680851063829785	4.262540071865319	True	False	328
APOD	Apolipoprotein D	P05090	347	APOD	official_exact	47	1.0	7.977675680612758	True	True	387
APOE	Apolipoprotein E	P02649	348	APOE	official_exact	46	0.9787234042553191	5.0779771674805865	True	True	324
IGF2	Insulin-like growth factor II;Isoform 2 of Insulin-like growth factor II;Isoform 3 of Insulin-like growth factor II	P01344;P01344-2;P01344-3	3481	IGF2	official_exact	10	0.2127659574468085	4.195427611199088	True	False	280
IGF2R	Cation-independent mannose-6-phosphate receptor	P11717	3482	IGF2R	official_exact	46	0.9787234042553191	4.853033120450565	True	True	547
IGFALS	Insulin-like growth factor-binding protein complex acid labile subunit;Isoform 2 of Insulin-like growth factor-binding protein complex acid labile subunit	P35858;P35858-2	3483	IGFALS	official_exact	1	0.02127659574468085	5.4426865190269735	True	False	827
IGFBP2	Insulin-like growth factor-binding protein 2	P18065	3485	IGFBP2	official_exact	15	0.3191489361702128	4.3877641377699135	True	False	644
IGFBP3	Insulin-like growth factor-binding protein 3;Isoform 2 of Insulin-like growth factor-binding protein 3	P17936;P17936-2	3486	IGFBP3	official_exact	36	0.7659574468085106	4.738853466955478	True	True	641
IGFBP5	Insulin-like growth factor-binding protein 5	P24593	3488	IGFBP5	official_exact	7	0.14893617021276595	4.455140686766668	True	False	715
IGFBP6	Insulin-like growth factor-binding protein 6	P24592	3489	IGFBP6	official_exact	40	0.851063829787234	4.650273005652574	True	True	714
IGFBP7	Insulin-like growth factor-binding protein 7;Isoform 2 of Insulin-like growth factor-binding protein 7	Q16270;Q16270-2	3490	IGFBP7	official_exact	43	0.9148936170212766	4.575048339940441	True	True	1274
IGHA1	Immunoglobulin heavy constant alpha 1	P01876	3493	IGHA1	official_exact	47	1.0	8.570416966400213	True	True	315
IGHA2	Immunoglobulin heavy constant alpha 2	P01877	3494	IGHA2	official_exact	25	0.5319148936170213	7.046321371589482	True	True	316
RTN4RL2	Reticulon-4 receptor-like 2	Q86UN3	349667	RTN4RL2	official_exact	5	0.10638297872340426	4.298607022005671	True	False	1361
APOH	Beta-2-glycoprotein 1	P02749	350	APOH	official_exact	46	0.9787234042553191	5.682213100413342	True	True	338
IGHG2	Immunoglobulin heavy constant gamma 2	P01859	3501	IGHG2	official_exact	47	1.0	6.761599621087293	True	True	311
IGHG3	Immunoglobulin heavy constant gamma 3	P01860	3502	IGHG3	official_exact	30	0.6382978723404256	5.790963349806665	True	True	312
IGHG4	Immunoglobulin heavy constant gamma 4	P01861	3503	IGHG4	official_exact	28	0.5957446808510638	5.869092464019893	True	True	313
IGHM	Immunoglobulin heavy constant mu	P01871	3507	IGHM	official_exact	45	0.9574468085106383	6.402839414755602	True	True	314
APP	Amyloid-beta precursor protein;Isoform 11 of Amyloid-beta precursor protein;Isoform L-APP733 of Amyloid-beta precursor protein;Isoform APP751 of Amyloid-beta precursor protein;Isoform L-APP752 of Amyloid-beta precursor protein	P05067;P05067-11;P05067-7;P05067-8;P05067-9	351	APP	official_exact	37	0.7872340425531915	4.421423721264971	True	True	385
JCHAIN	Immunoglobulin J chain	P01591	3512	JCHAIN	official_exact	47	1.0	7.849329595898433	True	True	281
IGKC	Immunoglobulin kappa constant	P01834	3514	IGKC	official_exact	39	0.8297872340425532	7.883596229292917	True	True	310
APRT	Adenine phosphoribosyltransferase;Isoform 2 of Adenine phosphoribosyltransferase	P07741;P07741-2	353	APRT	official_exact	19	0.40425531914893614	6.020264981282581	True	False	445
IGLC3	Immunoglobulin lambda constant 3	P0DOY3	3539	IGLC3	official_exact	47	1.0	9.021150445662075	True	True	513
IGLL1	Immunoglobulin lambda-like polypeptide 1	P15814	3543	IGLL1	official_exact	42	0.8936170212765957	7.392846299912378	True	True	616
IL1RN	Interleukin-1 receptor antagonist protein;Isoform 2 of Interleukin-1 receptor antagonist protein;Isoform 3 of Interleukin-1 receptor antagonist protein;Isoform 4 of Interleukin-1 receptor antagonist protein	P18510;P18510-2;P18510-3;P18510-4	3557	IL1RN	official_exact	40	0.851063829787234	4.97580339642302	True	True	648
IL6ST	Interleukin-6 receptor subunit beta	P40189	3572	IL6ST	official_exact	13	0.2765957446808511	4.165973012268852	True	False	851
IMPA1	Inositol monophosphatase 1;Isoform 3 of Inositol monophosphatase 1	P29218;P29218-3	3612	IMPA1	official_exact	7	0.14893617021276595	4.538011271430327	True	False	754
IMPDH2	Inosine-5'-monophosphate dehydrogenase 2	P12268	3615	IMPDH2	official_exact	3	0.06382978723404255	5.514434393409244	True	False	556
AQP5	Aquaporin-5	P55064	362	AQP5	official_exact	47	1.0	6.791908779420061	True	True	975
CXCL10	C-X-C motif chemokine 10	P02778	3627	CXCL10	official_exact	42	0.8936170212765957	6.2682745918074385	True	True	348
INPP1	Inositol polyphosphate 1-phosphatase	P49441	3628	INPP1	official_exact	2	0.0425531914893617	4.042857440861791	True	False	908
ITGAM	Integrin alpha-M;Isoform 2 of Integrin alpha-M	P11215;P11215-2	3684	ITGAM	official_exact	13	0.2765957446808511	5.0004596365885945	True	False	541
ITGB2	Integrin beta-2	P05107	3689	ITGB2	official_exact	8	0.1702127659574468	4.807589515882029	True	False	389
EIF6	Eukaryotic translation initiation factor 6	P56537	3692	EIF6	official_exact	28	0.5957446808510638	4.720794110869049	True	True	988
ITIH1	Inter-alpha-trypsin inhibitor heavy chain H1	P19827	3697	ITIH1	official_exact	15	0.3191489361702128	4.502586005641649	True	False	660
ITIH2	Inter-alpha-trypsin inhibitor heavy chain H2	P19823	3698	ITIH2	official_exact	22	0.46808510638297873	4.298535301878145	True	False	659
ACADVL	Very long-chain specific acyl-CoA dehydrogenase, mitochondrial;Isoform 2 of Very long-chain specific acyl-CoA dehydrogenase, mitochondrial;Isoform 3 of Very long-chain specific acyl-CoA dehydrogenase, mitochondrial	P49748;P49748-2;P49748-3	37	ACADVL	official_exact	10	0.2127659574468085	4.859343945521745	True	False	914
ITIH4	Inter-alpha-trypsin inhibitor heavy chain H4;Isoform 2 of Inter-alpha-trypsin inhibitor heavy chain H4;Isoform 3 of Inter-alpha-trypsin inhibitor heavy chain H4;Isoform 4 of Inter-alpha-trypsin inhibitor heavy chain H4	Q14624;Q14624-2;Q14624-3;Q14624-4	3700	ITIH4	official_exact	36	0.7659574468085106	4.659515795619718	True	True	1231
IVL	Involucrin	P07476	3713	IVL	official_exact	31	0.6595744680851063	3.9709759957650586	True	True	439
ARCN1	Coatomer subunit delta;Isoform 2 of Coatomer subunit delta	P48444;P48444-2	372	ARCN1	official_exact	9	0.19148936170212766	4.8936796274887575	True	False	893
JUP	Junction plakoglobin	P14923	3728	JUP	official_exact	19	0.40425531914893614	4.652503212874689	True	False	603
GSTK1	Glutathione S-transferase kappa 1;Isoform 2 of Glutathione S-transferase kappa 1	Q9Y2Q3;Q9Y2Q3-2	373156	GSTK1	official_exact	41	0.8723404255319149	4.217011183384694	True	True	1676
CD82	CD82 antigen;Isoform 2 of CD82 antigen	P27701;P27701-2	3732	CD82	official_exact	23	0.48936170212765956	4.437958006326009	True	False	738
KRT77	Keratin, type II cytoskeletal 1b	Q7Z794	374454	KRT77	official_exact	22	0.46808510638297873	4.774298168698495	True	False	1350
SBSN	Suprabasin	Q6UWP8	374897	SBSN	official_exact	32	0.6808510638297872	5.237293592062914	True	True	1323
MIA3	Transport and Golgi organization protein 1 homolog;Isoform 2 of Transport and Golgi organization protein 1 homolog	Q5JRA6;Q5JRA6-2	375056	MIA3	official_exact	35	0.7446808510638298	4.423998500054091	True	True	1299
AGRN	Isoform 6 of Agrin	O00468-6	375790	AGRN	official_exact	42	0.8936170212765957	4.555366136812266	True	True	94
ARF4	ADP-ribosylation factor 4	P18085	378	ARF4	official_exact	20	0.425531914893617	4.794641670878223	True	False	645
KIF5B	Kinesin-1 heavy chain	P33176	3799	KIF5B	official_exact	13	0.2765957446808511	8.032032606751665	True	False	803
ARF5	ADP-ribosylation factor 5	P84085	381	ARF5	official_exact	7	0.14893617021276595	5.631966781747914	True	False	1096
KIT	Mast/stem cell growth factor receptor Kit;Isoform 2 of Mast/stem cell growth factor receptor Kit	P10721;P10721-2	3815	KIT	official_exact	11	0.23404255319148937	4.168425603838134	True	False	533
KLKB1	Plasma kallikrein	P03952	3818	KLKB1	official_exact	9	0.19148936170212766	3.8202987670078423	True	False	354
KNG1	Isoform LMW of Kininogen-1	P01042-2	3827	KNG1	official_exact	46	0.9787234042553191	5.371627941883182	True	True	278
ARG1	Arginase-1	P05089	383	ARG1	official_exact	36	0.7659574468085106	5.548131146456902	True	True	386
KPNB1	Importin subunit beta-1	Q14974	3837	KPNB1	official_exact	8	0.1702127659574468	5.348225373708205	True	False	1242
KRT1	Keratin, type II cytoskeletal 1	P04264	3848	KRT1	official_exact	47	1.0	6.56641469379848	True	True	372
KRT2	Keratin, type II cytoskeletal 2 epidermal	P35908	3849	KRT2	official_exact	43	0.9148936170212766	5.505952532191473	True	True	828
KRT3	Keratin, type II cytoskeletal 3	P12035	3850	KRT3	official_exact	39	0.8297872340425532	6.4349742986734055	True	True	550
KRT4	Keratin, type II cytoskeletal 4	P19013	3851	KRT4	official_exact	42	0.8936170212765957	6.765822231639701	True	True	653
KRT5	Keratin, type II cytoskeletal 5	P13647	3852	KRT5	official_exact	45	0.9574468085106383	7.643484329045874	True	True	576
KRT6A	Keratin, type II cytoskeletal 6A	P02538	3853	KRT6A	official_exact	46	0.9787234042553191	7.126042787304028	True	True	321
KRT6B	Keratin, type II cytoskeletal 6B	P04259	3854	KRT6B	official_exact	15	0.3191489361702128	4.950143193474188	True	False	371
KRT7	Keratin, type II cytoskeletal 7	P08729	3855	KRT7	official_exact	46	0.9787234042553191	5.98022126591163	True	True	474
KRT8	Keratin, type II cytoskeletal 8;Isoform 2 of Keratin, type II cytoskeletal 8	P05787;P05787-2	3856	KRT8	official_exact	42	0.8936170212765957	5.567592507563723	True	True	405
KRT9	Keratin, type I cytoskeletal 9	P35527	3857	KRT9	official_exact	44	0.9361702127659575	6.022406425636456	True	True	823
KRT10	Keratin, type I cytoskeletal 10	P13645	3858	KRT10	official_exact	47	1.0	6.774634865033544	True	True	574
KRT12	Keratin, type I cytoskeletal 12	Q99456	3859	KRT12	official_exact	11	0.23404255319148937	4.384726714148619	True	False	1487
KRT13	Keratin, type I cytoskeletal 13	P13646	3860	KRT13	official_exact	44	0.9361702127659575	6.938464043328528	True	True	575
KRT14	Keratin, type I cytoskeletal 14	P02533	3861	KRT14	official_exact	45	0.9574468085106383	7.0194753526174445	True	True	320
KRT15	Keratin, type I cytoskeletal 15	P19012	3866	KRT15	official_exact	6	0.1276595744680851	3.94486801917607	True	False	652
KRT16	Keratin, type I cytoskeletal 16	P08779	3868	KRT16	official_exact	25	0.5319148936170213	5.147881098231631	True	True	477
RHOA	Transforming protein RhoA	P61586	387	RHOA	official_exact	40	0.851063829787234	4.9953398982690445	True	True	1015
KRT17	Keratin, type I cytoskeletal 17	Q04695	3872	KRT17	official_exact	34	0.723404255319149	5.145383185722812	True	True	1133
KRT18	Keratin, type I cytoskeletal 18	P05783	3875	KRT18	official_exact	23	0.48936170212765956	4.875813083503524	True	False	404
KRT19	Keratin, type I cytoskeletal 19	P08727	3880	KRT19	official_exact	44	0.9361702127659575	5.965482462263206	True	True	473
HRNR	Hornerin	Q86YZ3	388697	HRNR	official_exact	10	0.2127659574468085	3.8140797959384862	True	False	1368
FLG2	Filaggrin-2	Q5D862	388698	FLG2	official_exact	37	0.7872340425531915	4.5534142666868105	True	True	1298
LRRC26	Leucine-rich repeat-containing protein 26	Q2I0M4	389816	LRRC26	official_exact	38	0.8085106382978723	6.274396281962261	True	True	1289
ACAT2	Acetyl-CoA acetyltransferase, cytosolic;Isoform 2 of Acetyl-CoA acetyltransferase, cytosolic	Q9BWD1;Q9BWD1-2	39	ACAT2	official_exact	4	0.0851063829787234	4.435877257274889	True	False	1524
ACP7	Acid phosphatase type 7	Q6ZNF0	390928	ACP7	official_exact	2	0.0425531914893617	4.269702317377588	True	False	1336
RHOG	Rho-related GTP-binding protein RhoG	P84095	391	RHOG	official_exact	3	0.06382978723404255	3.991399792427063	True	False	1098
LAMB2	Laminin subunit beta-2	P55268	3913	LAMB2	official_exact	10	0.2127659574468085	3.286745919503489	True	False	981
LAMC1	Laminin subunit gamma-1	P11047	3915	LAMC1	official_exact	33	0.7021276595744681	4.215501154394634	True	True	538
LAMP1	Lysosome-associated membrane glycoprotein 1	P11279	3916	LAMP1	official_exact	6	0.1276595744680851	4.749325417163863	True	False	544
ARHGAP1	Rho GTPase-activating protein 1	Q07960	392	ARHGAP1	official_exact	5	0.10638297872340426	4.700082902749806	True	False	1148
LAMP2	Lysosome-associated membrane glycoprotein 2;Isoform LAMP-2B of Lysosome-associated membrane glycoprotein 2;Isoform LAMP-2C of Lysosome-associated membrane glycoprotein 2	P13473;P13473-2;P13473-3	3920	LAMP2	official_exact	22	0.46808510638297873	5.936319666817663	True	False	571
RPSA	40S ribosomal protein SA	P08865	3921	RPSA	official_exact	22	0.46808510638297873	5.346753098053483	True	False	478
LASP1	LIM and SH3 domain protein 1;Isoform 2 of LIM and SH3 domain protein 1	Q14847;Q14847-2	3927	LASP1	official_exact	20	0.425531914893617	4.522188283387774	True	False	1239
LBP	Lipopolysaccharide-binding protein	P18428	3929	LBP	official_exact	5	0.10638297872340426	3.1659582958806594	True	False	647
LCN1	Lipocalin-1	P31025	3933	LCN1	official_exact	47	1.0	8.629655665230814	True	True	785
LCN2	Neutrophil gelatinase-associated lipocalin	P80188	3934	LCN2	official_exact	47	1.0	7.587331736252468	True	True	1091
LCP1	Plastin-2	P13796	3936	LCP1	official_exact	29	0.6170212765957447	5.280725892431832	True	True	585
LDHA	L-lactate dehydrogenase A chain;Isoform 3 of L-lactate dehydrogenase A chain;Isoform 4 of L-lactate dehydrogenase A chain	P00338;P00338-3;P00338-4	3939	LDHA	official_exact	47	1.0	6.0375906875768175	True	True	242
LDHB	L-lactate dehydrogenase B chain	P07195	3945	LDHB	official_exact	30	0.6382978723404256	5.333524329723706	True	True	427
LFNG	Beta-1,3-N-acetylglucosaminyltransferase lunatic fringe	Q8NES3	3955	LFNG	official_exact	45	0.9574468085106383	5.318485024462901	True	True	1397
LGALS1	Galectin-1	P09382	3956	LGALS1	official_exact	5	0.10638297872340426	4.9388136849745745	True	False	485
LGALS3	Galectin-3	P17931	3958	LGALS3	official_exact	43	0.9148936170212766	5.388609892678766	True	True	640
LGALS3BP	Galectin-3-binding protein	Q08380	3959	LGALS3BP	official_exact	47	1.0	7.521503875244595	True	True	1153
ARHGDIA	Rho GDP-dissociation inhibitor 1	P52565	396	ARHGDIA	official_exact	25	0.5319148936170213	5.8216983790711145	True	True	953
LGALS7	Galectin-7	P47929	3963	LGALS7	official_exact	32	0.6808510638297872	4.881784375201928	True	True	888
ARHGDIB	Rho GDP-dissociation inhibitor 2	P52566	397	ARHGDIB	official_exact	24	0.5106382978723404	5.037603716986938	True	True	954
LIPA	Lysosomal acid lipase/cholesteryl ester hydrolase;Isoform 2 of Lysosomal acid lipase/cholesteryl ester hydrolase	P38571;P38571-2	3988	LIPA	official_exact	14	0.2978723404255319	5.809557501415283	True	False	842
LMAN1	Protein ERGIC-53	P49257	3998	LMAN1	official_exact	43	0.9148936170212766	5.708071507533647	True	True	901
LMNA	Prelamin-A/C	P02545	4000	LMNA	official_exact	38	0.8085106382978723	4.838501005776004	True	True	322
LMNB1	Lamin-B1	P20700	4001	LMNB1	official_exact	13	0.2765957446808511	3.8521974427845946	True	False	671
LMO7	LIM domain only protein 7;Isoform 2 of LIM domain only protein 7;Isoform 3 of LIM domain only protein 7;Isoform 4 of LIM domain only protein 7;Isoform 5 of LIM domain only protein 7	Q8WWI1;Q8WWI1-2;Q8WWI1-3;Q8WWI1-4;Q8WWI1-5	4008	LMO7	official_exact	8	0.1702127659574468	4.31449189618718	True	False	1424
PRR27	Proline-rich protein 27	Q6MZM9	401137	PRR27	official_exact	42	0.8936170212765957	7.614105061592147	True	True	1316
VWA5A	von Willebrand factor A domain-containing protein 5A	O00534	4013	VWA5A	official_exact	4	0.0851063829787234	4.129405929681221	True	False	95
LORICRIN	Loricrin	P23490	4014	LORICRIN	official_exact	10	0.2127659574468085	5.195917756792543	True	False	708
LPA	Apolipoprotein(a)	P08519	4018	LPA	official_exact	2	0.0425531914893617	5.203955258610698	True	False	466
LPO	Lactoperoxidase	P22079	4025	LPO	official_exact	47	1.0	7.682215481602922	True	True	689
LRP2	Low-density lipoprotein receptor-related protein 2	P98164	4036	LRP2	official_exact	5	0.10638297872340426	4.890810505096823	True	False	1104
LRPAP1	Alpha-2-macroglobulin receptor-associated protein	P30533	4043	LRPAP1	official_exact	7	0.14893617021276595	4.422288095912384	True	False	780
LSAMP	Limbic system-associated membrane protein	Q13449	4045	LSAMP	official_exact	34	0.723404255319149	5.749927420761419	True	True	1195
LSP1	Lymphocyte-specific protein 1;Isoform 3 of Lymphocyte-specific protein 1	P33241;P33241-3	4046	LSP1	official_exact	14	0.2978723404255319	3.401117485199004	True	False	804
LTA4H	Leukotriene A-4 hydrolase	P09960	4048	LTA4H	official_exact	25	0.5319148936170213	4.751285080186449	True	True	496
LTBP1	Latent-transforming growth factor beta-binding protein 1;Isoform 4 of Latent-transforming growth factor beta-binding protein 1	Q14766;Q14766-4	4052	LTBP1	official_exact	28	0.5957446808510638	4.183235336072344	True	True	1237
LTF	Lactotransferrin	P02788	4057	LTF	official_exact	47	1.0	8.584019383798413	True	True	350
BCAM	Basal cell adhesion molecule	P50895	4059	BCAM	official_exact	10	0.2127659574468085	3.5873338227621527	True	False	930
LUM	Lumican	P51884	4060	LUM	official_exact	12	0.2553191489361702	4.367648579345252	True	False	948
LY6E	Lymphocyte antigen 6E	Q16553	4061	LY6E	official_exact	17	0.3617021276595745	5.556058693297643	True	False	1278
LYN	Tyrosine-protein kinase Lyn;Isoform 2 of Tyrosine-protein kinase Lyn	P07948;P07948-2	4067	LYN	official_exact	11	0.23404255319148937	4.340338843349912	True	False	449
LYZ	Lysozyme C	P61626	4069	LYZ	official_exact	47	1.0	9.152972560686306	True	True	1017
TACSTD2	Tumor-associated calcium signal transducer 2	P09758	4070	TACSTD2	official_exact	29	0.6170212765957447	4.299000584415511	True	True	493
TM4SF1	Transmembrane 4 L6 family member 1	P30408	4071	TM4SF1	official_exact	9	0.19148936170212766	3.972331449844286	True	False	778
ARRB1	Beta-arrestin-1;Isoform 1B of Beta-arrestin-1	P49407;P49407-2	408	ARRB1	official_exact	2	0.0425531914893617	4.857276075676199	True	False	905
MARCKS	Myristoylated alanine-rich C-kinase substrate	P29966	4082	MARCKS	official_exact	3	0.06382978723404255	6.008287898038824	True	False	762
ARSA	Arylsulfatase A;Isoform 2 of Arylsulfatase A	P15289;P15289-2	410	ARSA	official_exact	44	0.9361702127659575	5.637852021530258	True	True	607
MAN1A1	Mannosyl-oligosaccharide 1,2-alpha-mannosidase IA	P33908	4121	MAN1A1	official_exact	41	0.8723404255319149	5.697983197492775	True	True	805
MAN2A2	Alpha-mannosidase 2x;Isoform 1 of Alpha-mannosidase 2x;Isoform 2 of Alpha-mannosidase 2x	P49641;P49641-1;P49641-2	4122	MAN2A2	official_exact	35	0.7446808510638298	4.9395995691583705	True	True	910
MAN2A1	Alpha-mannosidase 2	Q16706	4124	MAN2A1	official_exact	44	0.9361702127659575	5.408785954097145	True	True	1283
MAN2B1	Lysosomal alpha-mannosidase;Isoform 2 of Lysosomal alpha-mannosidase	O00754;O00754-2	4125	MAN2B1	official_exact	43	0.9148936170212766	4.859144030407533	True	True	102
MANBA	Beta-mannosidase	O00462	4126	MANBA	official_exact	47	1.0	5.221054119786114	True	True	93
MAOA	Amine oxidase [flavin-containing] A;Isoform 2 of Amine oxidase [flavin-containing] A	P21397;P21397-2	4128	MAOA	official_exact	8	0.1702127659574468	4.2799854949717036	True	False	681
MAP4	Microtubule-associated protein 4;Isoform 6 of Microtubule-associated protein 4	P27816;P27816-6	4134	MAP4	official_exact	1	0.02127659574468085	4.109943647265203	True	False	740
DNAJB9	DnaJ homolog subfamily B member 9	Q9UBS3	4189	DNAJB9	official_exact	42	0.8936170212765957	4.7498255970048895	True	True	1627
MDH1	Malate dehydrogenase, cytoplasmic;Isoform 3 of Malate dehydrogenase, cytoplasmic	P40925;P40925-3	4190	MDH1	official_exact	45	0.9574468085106383	5.495272306280436	True	True	857
MDH2	Malate dehydrogenase, mitochondrial	P40926	4191	MDH2	official_exact	38	0.8085106382978723	5.4408583786070945	True	True	858
MDK	Midkine	P21741	4192	MDK	official_exact	46	0.9787234042553191	5.163100481019455	True	True	683
ME1	NADP-dependent malic enzyme;Isoform 2 of NADP-dependent malic enzyme	P48163;P48163-2	4199	ME1	official_exact	9	0.19148936170212766	5.243086216188403	True	False	891
MFGE8	Lactadherin	Q08431	4240	MFGE8	official_exact	46	0.9787234042553191	6.15905818404522	True	True	1154
MELTF	Melanotransferrin	P08582	4241	MELTF	official_exact	47	1.0	5.705296578721192	True	True	468
MGAT1	Alpha-1,3-mannosyl-glycoprotein 2-beta-N-acetylglucosaminyltransferase	P26572	4245	MGAT1	official_exact	47	1.0	6.076326319073962	True	True	728
SCGB2A1	Mammaglobin-B	O75556	4246	SCGB2A1	official_exact	47	1.0	8.548197392999997	True	True	196
MGAT2	Alpha-1,6-mannosyl-glycoprotein 2-beta-N-acetylglucosaminyltransferase	Q10469	4247	MGAT2	official_exact	10	0.2127659574468085	4.0106489909576135	True	False	1159
MGAT5	Alpha-1,6-mannosylglycoprotein 6-beta-N-acetylglucosaminyltransferase A	Q09328	4249	MGAT5	official_exact	16	0.3404255319148936	4.139216126200046	True	False	1157
SCGB2A2	Mammaglobin-A;Isoform 2 of Mammaglobin-A	Q13296;Q13296-2	4250	SCGB2A2	official_exact	36	0.7659574468085106	8.086810192639572	True	True	1185
MGP	Matrix Gla protein;Isoform 2 of Matrix Gla protein	P08493;P08493-2	4256	MGP	official_exact	40	0.851063829787234	5.907905015939025	True	True	465
ASAH1	Acid ceramidase;Isoform 2 of Acid ceramidase	Q13510;Q13510-2	427	ASAH1	official_exact	47	1.0	6.187934056076655	True	True	1197
MIF	Macrophage migration inhibitory factor	P14174	4282	MIF	official_exact	40	0.851063829787234	5.889751691203644	True	True	592
MMP7	Matrilysin	P09237	4316	MMP7	official_exact	44	0.9361702127659575	6.3832657974378755	True	True	482
MMP8	Neutrophil collagenase	P22894	4317	MMP8	official_exact	14	0.2978723404255319	5.383340061174291	True	False	699
MMP9	Matrix metalloproteinase-9	P14780	4318	MMP9	official_exact	21	0.44680851063829785	5.02628213622854	True	False	601
MMP10	Stromelysin-2	P09238	4319	MMP10	official_exact	19	0.40425531914893614	4.534561146226473	True	False	483
MNDA	Myeloid cell nuclear differentiation antigen	P41218	4332	MNDA	official_exact	22	0.46808510638297873	4.450244894766991	True	False	861
MPI	Mannose-6-phosphate isomerase;Isoform 2 of Mannose-6-phosphate isomerase	P34949;P34949-2	4351	MPI	official_exact	1	0.02127659574468085	3.633259338054268	True	False	810
MPO	Myeloperoxidase;Isoform H14 of Myeloperoxidase;Isoform H7 of Myeloperoxidase	P05164;P05164-2;P05164-3	4353	MPO	official_exact	41	0.8723404255319149	6.122026035965278	True	True	396
KLK14	Kallikrein-14	Q9P0G3	43847	KLK14	official_exact	25	0.5319148936170213	4.288640815512219	True	True	1612
CCDC88C	Protein Daple	Q9P219	440193	CCDC88C	official_exact	32	0.6808510638297872	9.007073059101304	True	True	1615
H3-2	Histone HIST2H3PS2	Q5TEC6	440686	H3-7	unique_synonym	36	0.7659574468085106	5.085648964909071	True	True	1305
ASPH	Aspartyl/asparaginyl beta-hydroxylase;Isoform 10 of Aspartyl/asparaginyl beta-hydroxylase;Isoform 11 of Aspartyl/asparaginyl beta-hydroxylase;Isoform 2 of Aspartyl/asparaginyl beta-hydroxylase;Isoform 3 of Aspartyl/asparaginyl beta-hydroxylase;Isoform 4 of Aspartyl/asparaginyl beta-hydroxylase;Isoform 5 of Aspartyl/asparaginyl beta-hydroxylase;Isoform 6 of Aspartyl/asparaginyl beta-hydroxylase;Isoform 7 of Aspartyl/asparaginyl beta-hydroxylase;Isoform 8 of Aspartyl/asparaginyl beta-hydroxylase;Isoform 9 of Aspartyl/asparaginyl beta-hydroxylase	Q12797;Q12797-10;Q12797-11;Q12797-2;Q12797-3;Q12797-4;Q12797-5;Q12797-6;Q12797-7;Q12797-8;Q12797-9	444	ASPH	official_exact	27	0.574468085106383	4.033715032484571	True	True	1167
ASS1	Argininosuccinate synthase	P00966	445	ASS1	official_exact	18	0.3829787234042553	5.286734508235231	True	False	265
MSMB	Beta-microseminoprotein	P08118	4477	MSMB	official_exact	30	0.6382978723404256	6.911680324675245	True	True	453
MSN	Moesin	P26038	4478	MSN	official_exact	34	0.723404255319149	4.519004109218892	True	True	726
KPRP	Keratinocyte proline-rich protein	Q5T749	448834	KPRP	official_exact	27	0.574468085106383	5.466769406082337	True	True	1302
MTAP	S-methyl-5'-thioadenosine phosphorylase;Isoform 2 of S-methyl-5'-thioadenosine phosphorylase;Isoform 3 of S-methyl-5'-thioadenosine phosphorylase;Isoform 4 of S-methyl-5'-thioadenosine phosphorylase;Isoform 5 of S-methyl-5'-thioadenosine phosphorylase;Isoform 6 of S-methyl-5'-thioadenosine phosphorylase;Isoform 7 of S-methyl-5'-thioadenosine phosphorylase	Q13126;Q13126-2;Q13126-3;Q13126-4;Q13126-5;Q13126-6;Q13126-7	4507	MTAP	official_exact	4	0.0851063829787234	3.690995384148247	True	False	1174
MTHFD1	C-1-tetrahydrofolate synthase, cytoplasmic	P11586	4522	MTHFD1	official_exact	7	0.14893617021276595	3.827170073324521	True	False	546
MUC1	Mucin-1;Isoform Y-LSP of Mucin-1;Isoform J13 of Mucin-1;Isoform 2 of Mucin-1;Isoform 3 of Mucin-1;Isoform 4 of Mucin-1;Isoform Y of Mucin-1;Isoform 8 of Mucin-1	P15941;P15941-11;P15941-17;P15941-2;P15941-3;P15941-4;P15941-7;P15941-8	4582	MUC1	official_exact	27	0.574468085106383	5.715285555825809	True	True	620
MUC4	Mucin-4;Isoform 10 of Mucin-4;Isoform 12 of Mucin-4;Isoform 13 of Mucin-4;Isoform 17 of Mucin-4	Q99102;Q99102-10;Q99102-12;Q99102-13;Q99102-17	4585	MUC4	official_exact	29	0.6170212765957447	5.208852472659415	True	True	1485
MUC5AC	Mucin-5AC	P98088	4586	MUC5AC	official_exact	36	0.7659574468085106	5.230188189365034	True	True	1101
MUC6	Mucin-6	Q6W4X9	4588	MUC6	official_exact	2	0.0425531914893617	5.691711520563412	True	False	1332
MUC7	Mucin-7	Q8TAX7	4589	MUC7	official_exact	47	1.0	6.872400967810779	True	True	1407
MX1	Interferon-induced GTP-binding protein Mx1;Isoform 2 of Interferon-induced GTP-binding protein Mx1	P20591;P20591-2	4599	MX1	official_exact	2	0.0425531914893617	7.052840584590822	True	False	669
SERPINC1	Antithrombin-III	P01008	462	SERPINC1	official_exact	44	0.9361702127659575	5.498745829080873	True	True	266
MYH9	Myosin-9	P35579	4627	MYH9	official_exact	40	0.851063829787234	4.480926659012196	True	True	825
MYL6	Myosin light polypeptide 6;Isoform Smooth muscle of Myosin light polypeptide 6	P60660;P60660-2	4637	MYL6	official_exact	42	0.8936170212765957	5.322492253610614	True	True	998
MYO1C	Unconventional myosin-Ic;Isoform 2 of Unconventional myosin-Ic;Isoform 3 of Unconventional myosin-Ic	O00159;O00159-2;O00159-3	4641	MYO1C	official_exact	24	0.5106382978723404	4.812116138563438	True	True	81
MYO1D	Unconventional myosin-Id	O94832	4642	MYO1D	official_exact	9	0.19148936170212766	3.762716883438064	True	False	214
MYO5B	Unconventional myosin-Vb	Q9ULV0	4645	MYO5B	official_exact	7	0.14893617021276595	5.670662191522821	True	False	1656
MYO6	Unconventional myosin-VI;Isoform 1 of Unconventional myosin-VI;Isoform 2 of Unconventional myosin-VI;Isoform 4 of Unconventional myosin-VI;Isoform 5 of Unconventional myosin-VI;Isoform 6 of Unconventional myosin-VI	Q9UM54;Q9UM54-1;Q9UM54-2;Q9UM54-4;Q9UM54-5;Q9UM54-6	4646	MYO6	official_exact	9	0.19148936170212766	3.4987444133343084	True	False	1659
NACA	Nascent polypeptide-associated complex subunit alpha, muscle-specific form;Isoform skNAC-2 of Nascent polypeptide-associated complex subunit alpha, muscle-specific form;Nascent polypeptide-associated complex subunit alpha	E9PAV3;E9PAV3-2;Q13765	4666	NACA	official_exact	6	0.1276595744680851	4.683673016063565	True	False	78
NAGA	Alpha-N-acetylgalactosaminidase	P17050	4668	NAGA	official_exact	43	0.9148936170212766	5.204477563808045	True	True	632
NAGLU	Alpha-N-acetylglucosaminidase	P54802	4669	NAGLU	official_exact	44	0.9361702127659575	5.908292834961243	True	True	968
HNRNPM	Heterogeneous nuclear ribonucleoprotein M;Isoform 2 of Heterogeneous nuclear ribonucleoprotein M	P52272;P52272-2	4670	HNRNPM	official_exact	13	0.2765957446808511	5.442733337582874	True	False	952
NARS1	Asparagine--tRNA ligase, cytoplasmic	O43776	4677	NARS1	official_exact	13	0.2765957446808511	4.163494438809608	True	False	152
CEACAM6	Carcinoembryonic antigen-related cell adhesion molecule 6	P40199	4680	CEACAM6	official_exact	23	0.48936170212765956	4.053275137360439	True	False	852
NBL1	Neuroblastoma suppressor of tumorigenicity 1;Isoform 2 of Neuroblastoma suppressor of tumorigenicity 1	P41271;P41271-2	4681	NBL1	official_exact	13	0.2765957446808511	4.754724835539444	True	False	862
NCF2	Neutrophil cytosol factor 2;Isoform 2 of Neutrophil cytosol factor 2;Isoform 3 of Neutrophil cytosol factor 2;Isoform 4 of Neutrophil cytosol factor 2	P19878;P19878-2;P19878-3;P19878-4	4688	NCF2	official_exact	2	0.0425531914893617	6.392744160655344	True	False	661
NCL	Nucleolin	P19338	4691	NUCLEOLIN	unique_synonym	9	0.19148936170212766	3.8456004031092252	True	False	656
ATIC	Bifunctional purine biosynthesis protein ATIC;Isoform 2 of Bifunctional purine biosynthesis protein ATIC	P31939;P31939-2	471	ATIC	official_exact	8	0.1702127659574468	3.4854167422246825	True	False	791
NDUFS1	NADH-ubiquinone oxidoreductase 75 kDa subunit, mitochondrial;Isoform 2 of NADH-ubiquinone oxidoreductase 75 kDa subunit, mitochondrial;Isoform 3 of NADH-ubiquinone oxidoreductase 75 kDa subunit, mitochondrial;Isoform 4 of NADH-ubiquinone oxidoreductase 75 kDa subunit, mitochondrial;Isoform 5 of NADH-ubiquinone oxidoreductase 75 kDa subunit, mitochondrial	P28331;P28331-2;P28331-3;P28331-4;P28331-5	4719	NDUFS1	official_exact	3	0.06382978723404255	3.7580853299393384	True	False	748
SEPTIN2	Septin-2;Isoform 2 of Septin-2;Isoform 3 of Septin-2	Q15019;Q15019-2;Q15019-3	4735	SEPTIN2	official_exact	11	0.23404255319148937	3.62169978000959	True	False	1244
NEDD8	NEDD8	Q15843	4738	NEDD8	official_exact	4	0.0851063829787234	4.692020678221653	True	False	1268
ATOX1	Copper transport protein ATOX1	O00244	475	ATOX1	official_exact	6	0.1276595744680851	4.990192826027238	True	False	88
NEU1	Sialidase-1	Q99519	4758	NEU1	official_exact	45	0.9574468085106383	5.504051801327007	True	True	1489
NEU2	Sialidase-2	Q9Y3R4	4759	NEU2	official_exact	2	0.0425531914893617	4.491881923620734	True	False	1683
ATP1A1	Sodium/potassium-transporting ATPase subunit alpha-1;Isoform 3 of Sodium/potassium-transporting ATPase subunit alpha-1;Isoform 4 of Sodium/potassium-transporting ATPase subunit alpha-1	P05023;P05023-3;P05023-4	476	ATP1A1	official_exact	27	0.574468085106383	5.1154856843503325	True	True	383
SNU13	NHP2-like protein 1	P55769	4809	SNU13	official_exact	4	0.0851063829787234	3.265643772636947	True	False	983
ATP1B1	Sodium/potassium-transporting ATPase subunit beta-1;Isoform 2 of Sodium/potassium-transporting ATPase subunit beta-1	P05026;P05026-2	481	ATP1B1	official_exact	9	0.19148936170212766	4.745293539122158	True	False	384
NME2	Nucleoside diphosphate kinase B;Isoform 3 of Nucleoside diphosphate kinase B	P22392;P22392-2	4831	NME2	official_exact	35	0.7446808510638298	5.31481859170438	True	True	693
NME3	Nucleoside diphosphate kinase 3	Q13232	4832	NME3	official_exact	46	0.9787234042553191	5.6455765433926075	True	True	1182
PNP	Purine nucleoside phosphorylase	P00491	4860	PNP	official_exact	24	0.5106382978723404	4.853130553649599	True	True	249
NPM1	Nucleophosmin;Isoform 2 of Nucleophosmin	P06748;P06748-2	4869	NPM1	official_exact	8	0.1702127659574468	5.647609529093764	True	False	421
ATP2A2	Sarcoplasmic/endoplasmic reticulum calcium ATPase 2;Isoform 2 of Sarcoplasmic/endoplasmic reticulum calcium ATPase 2;Isoform 3 of Sarcoplasmic/endoplasmic reticulum calcium ATPase 2;Isoform 4 of Sarcoplasmic/endoplasmic reticulum calcium ATPase 2;Isoform 5 of Sarcoplasmic/endoplasmic reticulum calcium ATPase 2	P16615;P16615-2;P16615-3;P16615-4;P16615-5	488	ATP2A2	official_exact	11	0.23404255319148937	5.140411974905647	True	False	630
ATP2A3	Sarcoplasmic/endoplasmic reticulum calcium ATPase 3;Isoform SERCA3B of Sarcoplasmic/endoplasmic reticulum calcium ATPase 3;Isoform SERCA3C of Sarcoplasmic/endoplasmic reticulum calcium ATPase 3;Isoform SERCA3G of Sarcoplasmic/endoplasmic reticulum calcium ATPase 3;Isoform SERCA3E of Sarcoplasmic/endoplasmic reticulum calcium ATPase 3;Isoform SERCA3D of Sarcoplasmic/endoplasmic reticulum calcium ATPase 3;Isoform SERCA3F of Sarcoplasmic/endoplasmic reticulum calcium ATPase 3	Q93084;Q93084-1;Q93084-3;Q93084-4;Q93084-5;Q93084-6;Q93084-7	489	ATP2A3	official_exact	2	0.0425531914893617	2.8124514242822345	True	False	1446
NRDC	Nardilysin;Isoform 2 of Nardilysin	O43847;O43847-2	4898	NRDC	official_exact	2	0.0425531914893617	4.964932639836319	True	False	154
YBX1	Y-box-binding protein 1	P67809	4904	YBX1	official_exact	6	0.1276595744680851	4.134892999391909	True	False	1074
NSF	Vesicle-fusing ATPase	P46459	4905	NSF	official_exact	18	0.3829787234042553	3.8140130756317663	True	False	876
NT5E	5'-nucleotidase;Isoform 2 of 5'-nucleotidase	P21589;P21589-2	4907	NT5E	official_exact	34	0.723404255319149	4.7786639487607445	True	True	682
NUCB1	Nucleobindin-1	Q02818	4924	NUCB1	official_exact	47	1.0	6.5744364630516765	True	True	1127
NUCB2	Nucleobindin-2;Isoform 2 of Nucleobindin-2	P80303;P80303-2	4925	NUCB2	official_exact	47	1.0	6.721816075126728	True	True	1092
ATP5F1A	ATP synthase subunit alpha, mitochondrial	P25705	498	ATP5F1A	official_exact	34	0.723404255319149	4.486534443516572	True	True	719
CRNN	Cornulin	Q9UBG3	49860	CRNN	official_exact	36	0.7659574468085106	5.083211599638688	True	True	1622
ORM1	Alpha-1-acid glycoprotein 1	P02763	5004	ORM1	official_exact	45	0.9574468085106383	5.657431308334382	True	True	343
ORM2	Alpha-1-acid glycoprotein 2	P19652	5005	ORM2	official_exact	43	0.9148936170212766	5.359854900882545	True	True	658
ALDH7A1	Alpha-aminoadipic semialdehyde dehydrogenase;Isoform 2 of Alpha-aminoadipic semialdehyde dehydrogenase;Isoform 4 of Alpha-aminoadipic semialdehyde dehydrogenase	P49419;P49419-2;P49419-4	501	ALDH7A1	official_exact	11	0.23404255319148937	4.591364375175957	True	False	907
P4HB	Protein disulfide-isomerase	P07237	5034	P4HB	official_exact	47	1.0	6.499854887240393	True	True	430
PA2G4	Proliferation-associated protein 2G4	Q9UQ80	5036	PA2G4	official_exact	4	0.0851063829787234	4.207397850734956	True	False	1667
PEBP1	Phosphatidylethanolamine-binding protein 1	P30086	5037	PEBP1	official_exact	45	0.9574468085106383	5.378639096375296	True	True	774
FURIN	Furin	P09958	5045	FURIN	official_exact	47	1.0	5.542815325493969	True	True	495
PAFAH1B1	Platelet-activating factor acetylhydrolase IB subunit beta	P43034	5048	PAFAH1B1	official_exact	19	0.40425531914893614	4.19004573513829	True	False	869
PAFAH1B2	Platelet-activating factor acetylhydrolase IB subunit alpha2;Isoform 2 of Platelet-activating factor acetylhydrolase IB subunit alpha2;Isoform 3 of Platelet-activating factor acetylhydrolase IB subunit alpha2;Isoform 4 of Platelet-activating factor acetylhydrolase IB subunit alpha2	P68402;P68402-2;P68402-3;P68402-4	5049	PAFAH1B2	official_exact	4	0.0851063829787234	5.157175363602389	True	False	1082
PRDX1	Peroxiredoxin-1	Q06830	5052	PRDX1	official_exact	47	1.0	6.418852572080724	True	True	1142
SERPINB2	Plasminogen activator inhibitor 2	P05120	5055	SERPINB2	official_exact	9	0.19148936170212766	4.6084480678415165	True	False	391
ATP5F1B	ATP synthase subunit beta, mitochondrial	P06576	506	ATP5F1B	official_exact	39	0.8297872340425532	4.888044211796396	True	True	412
PAM	Peptidyl-glycine alpha-amidating monooxygenase;Isoform 5 of Peptidyl-glycine alpha-amidating monooxygenase;Isoform 6 of Peptidyl-glycine alpha-amidating monooxygenase	P19021;P19021-5;P19021-6	5066	PAM	official_exact	45	0.9574468085106383	5.742122724542536	True	True	654
HP1BP3	Heterochromatin protein 1-binding protein 3	Q5SSJ5	50809	HP1BP3	official_exact	7	0.14893617021276595	3.7635941243977555	True	False	1301
F11R	Junctional adhesion molecule A	Q9Y624	50848	F11R	official_exact	42	0.8936170212765957	6.77635610683678	True	True	1690
SPOCK3	Isoform 1 of Testican-3;Isoform 8 of Testican-3	Q9BQ16-1;Q9BQ16-8	50859	SPOCK3	official_exact	43	0.9148936170212766	5.2631984106497	True	True	1509
ATP5F1C	ATP synthase subunit gamma, mitochondrial;Isoform Heart of ATP synthase subunit gamma, mitochondrial	P36542;P36542-2	509	ATP5F1C	official_exact	4	0.0851063829787234	5.088429724585466	True	False	831
PCBD1	Pterin-4-alpha-carbinolamine dehydratase	P61457	5092	PCBD1	official_exact	5	0.10638297872340426	4.525667997980123	True	False	1014
PCBP1	Poly(rC)-binding protein 1	Q15365	5093	PCBP1	official_exact	32	0.6808510638297872	5.507867852746692	True	True	1253
PCDH1	Protocadherin-1;Isoform 2 of Protocadherin-1	Q08174;Q08174-2	5097	PCDH1	official_exact	19	0.40425531914893614	4.2001630038248825	True	False	1149
PCDHGC3	Protocadherin gamma-C3;Isoform 2 of Protocadherin gamma-C3	Q9UN70;Q9UN70-2	5098	PCDHGC3	official_exact	10	0.2127659574468085	4.504026896836509	True	False	1661
GLOD4	Glyoxalase domain-containing protein 4;Isoform 2 of Glyoxalase domain-containing protein 4	Q9HC38;Q9HC38-2	51031	GLOD4	official_exact	22	0.46808510638297873	5.168518406979893	True	False	1564
LAP3	Cytosol aminopeptidase;Isoform 2 of Cytosol aminopeptidase	P28838;P28838-2	51056	LAP3	official_exact	20	0.425531914893617	4.91824820327899	True	False	752
PCMT1	Protein-L-isoaspartate(D-aspartate) O-methyltransferase;Isoform 2 of Protein-L-isoaspartate(D-aspartate) O-methyltransferase	P22061;P22061-2	5110	PCMT1	official_exact	37	0.7872340425531915	5.045096721285192	True	True	688
SDF4	45 kDa calcium-binding protein	Q9BRK5	51150	SDF4	official_exact	46	0.9787234042553191	5.646703275542174	True	True	1513
VPS28	Vacuolar protein sorting-associated protein 28 homolog;Isoform 2 of Vacuolar protein sorting-associated protein 28 homolog	Q9UK41;Q9UK41-2	51160	VPS28	official_exact	10	0.2127659574468085	3.4654827844495673	True	False	1649
PCOLCE	Procollagen C-endopeptidase enhancer 1	Q15113	5118	PCOLCE	official_exact	43	0.9148936170212766	5.349147300510744	True	True	1247
DCXR	L-xylulose reductase	Q7Z4W1	51181	DCXR	official_exact	9	0.19148936170212766	3.7746261191127024	True	False	1348
CPA4	Carboxypeptidase A4;Isoform 2 of Carboxypeptidase A4	Q9UI42;Q9UI42-2	51200	CPA4	official_exact	23	0.48936170212765956	4.75126546337744	True	False	1643
GLTP	Glycolipid transfer protein	Q9NZD2	51228	GLTP	official_exact	13	0.2765957446808511	4.9519418657650744	True	False	1603
CRIM1	Cysteine-rich motor neuron 1 protein	Q9NZV1	51232	CRIM1	official_exact	21	0.44680851063829785	3.8874225608457613	True	False	1610
MZB1	Marginal zone B- and B1-cell-specific protein	Q8WU39	51237	MZB1	official_exact	10	0.2127659574468085	5.303933109048102	True	False	1418
COX16	Cytochrome c oxidase assembly protein COX16 homolog, mitochondrial	Q9P0S2	51241	COX16	official_exact	40	0.851063829787234	5.213915453756432	True	True	1613
NT5C3A	Isoform 1 of Cytosolic 5'-nucleotidase 3A	Q9H0P0-1	51251	NT5C3A	official_exact	5	0.10638297872340426	3.3269187821179567	True	False	1536
C1RL	Complement C1r subcomponent-like protein	Q9NZP8	51279	C1RL	official_exact	46	0.9787234042553191	5.350788180903503	True	True	1608
GOLM1	Golgi membrane protein 1;Isoform 2 of Golgi membrane protein 1	Q8NBJ4;Q8NBJ4-2	51280	GOLM1	official_exact	47	1.0	6.2886753106532804	True	True	1387
BPIFA1	BPI fold-containing family A member 1;Isoform 2 of BPI fold-containing family A member 1	Q9NP55;Q9NP55-2	51297	BPIFA1	official_exact	6	0.1276595744680851	3.57826617612419	True	False	1570
ATP5F1D	ATP synthase subunit delta, mitochondrial	P30049	513	ATP5F1D	official_exact	11	0.23404255319148937	5.18075735779412	True	False	770
KRT76	Keratin, type II cytoskeletal 2 oral	Q01546	51350	KRT76	official_exact	25	0.5319148936170213	5.683633645182635	True	True	1118
PCYOX1	Prenylcysteine oxidase 1;Isoform 2 of Prenylcysteine oxidase 1	Q9UHG3;Q9UHG3-2	51449	PCYOX1	official_exact	18	0.3829787234042553	5.079947448448986	True	False	1639
RTCB	RNA-splicing ligase RtcB homolog	Q9Y3I0	51493	RTCB	official_exact	2	0.0425531914893617	3.9834282257882334	True	False	1681
ATP5PB	ATP synthase F(0) complex subunit B1, mitochondrial	P24539	515	ATP5PB	official_exact	4	0.0851063829787234	2.226143002169442	True	False	713
VTA1	Vacuolar protein sorting-associated protein VTA1 homolog;Isoform 2 of Vacuolar protein sorting-associated protein VTA1 homolog	Q9NP79;Q9NP79-2	51534	VTA1	official_exact	2	0.0425531914893617	4.6372186825240105	True	False	1571
UFM1	Ubiquitin-fold modifier 1	P61960	51569	UFM1	official_exact	32	0.6808510638297872	4.529330965201346	True	True	1022
CYRIB	CYFIP-related Rac1 interactor B	Q9NUQ9	51571	CYRIB	official_exact	5	0.10638297872340426	4.304665207733026	True	False	1592
CUTA	Protein CutA;Isoform A of Protein CutA;Isoform C of Protein CutA	O60888;O60888-2;O60888-3	51596	CUTA	official_exact	43	0.9148936170212766	8.068191944843898	True	True	174
LSR	Lipolysis-stimulated lipoprotein receptor;Isoform 4 of Lipolysis-stimulated lipoprotein receptor;Isoform 5 of Lipolysis-stimulated lipoprotein receptor;Isoform 6 of Lipolysis-stimulated lipoprotein receptor	Q86X29;Q86X29-4;Q86X29-5;Q86X29-6	51599	LSR	official_exact	47	1.0	5.860086897300434	True	True	1365
ATP6V1H	V-type proton ATPase subunit H;Isoform 2 of V-type proton ATPase subunit H	Q9UI12;Q9UI12-2	51606	ATP6V1H	official_exact	3	0.06382978723404255	4.310153851131608	True	False	1642
TPPP3	Tubulin polymerization-promoting protein family member 3	Q9BW30	51673	TPPP3	official_exact	4	0.0851063829787234	5.6013993023129265	True	False	1522
ENPP3	Ectonucleotide pyrophosphatase/phosphodiesterase family member 3	O14638	5169	ENPP3	official_exact	34	0.723404255319149	5.08484239411826	True	True	106
VPS29	Vacuolar protein sorting-associated protein 29;Isoform 2 of Vacuolar protein sorting-associated protein 29	Q9UBQ0;Q9UBQ0-2	51699	VPS29	official_exact	5	0.10638297872340426	4.144289951537464	True	False	1625
CYB5R2	NADH-cytochrome b5 reductase 2	Q6BCY4	51700	CYB5R2	official_exact	3	0.06382978723404255	4.5795357711097715	True	False	1310
GPRC5B	G-protein coupled receptor family C group 5 member B;Isoform 2 of G-protein coupled receptor family C group 5 member B	Q9NZH0;Q9NZH0-2	51704	GPRC5B	official_exact	21	0.44680851063829785	4.67729984037262	True	False	1604
CAB39	Calcium-binding protein 39	Q9Y376	51719	CAB39	official_exact	20	0.425531914893617	4.2395379459829385	True	False	1680
DNAJB11	DnaJ homolog subfamily B member 11	Q9UBS4	51726	DNAJB11	official_exact	31	0.6595744680851063	4.645259656016032	True	True	1628
CMPK1	UMP-CMP kinase;Isoform 3 of UMP-CMP kinase	P30085;P30085-3	51727	CMPK1	official_exact	28	0.5957446808510638	4.915242723749065	True	True	773
ERAP1	Endoplasmic reticulum aminopeptidase 1;Isoform 2 of Endoplasmic reticulum aminopeptidase 1	Q9NZ08;Q9NZ08-2	51752	ERAP1	official_exact	47	1.0	5.419666416748233	True	True	1602
SERPINF1	Pigment epithelium-derived factor	P36955	5176	SERPINF1	official_exact	47	1.0	5.673125404498175	True	True	836
STK26	Serine/threonine-protein kinase 26;Isoform 2 of Serine/threonine-protein kinase 26;Isoform 3 of Serine/threonine-protein kinase 26	Q9P289;Q9P289-2;Q9P289-3	51765	STK26	official_exact	3	0.06382978723404255	4.676482576549819	True	False	1617
CALML5	Calmodulin-like protein 5	Q9NZT1	51806	CALML5	official_exact	43	0.9148936170212766	5.812837812462363	True	True	1609
GALNT7	N-acetylgalactosaminyltransferase 7	Q86SF2	51809	GALNT7	official_exact	47	1.0	5.358240576197578	True	True	1354
PEPD	Xaa-Pro dipeptidase;Isoform 3 of Xaa-Pro dipeptidase	P12955;P12955-3	5184	PEPD	official_exact	14	0.2978723404255319	4.355176773751913	True	False	567
CFP	Properdin	P27918	5199	CFP	official_exact	3	0.06382978723404255	5.847331141810802	True	False	742
ACP1	Low molecular weight phosphotyrosine protein phosphatase	P24666	52	ACP1	official_exact	13	0.2765957446808511	5.189919546747002	True	False	716
PFDN4	Prefoldin subunit 4	Q9NQP4	5203	PFDN4	official_exact	3	0.06382978723404255	4.465603519508647	True	False	1579
PFKL	ATP-dependent 6-phosphofructokinase, liver type	P17858	5211	PFKL	official_exact	10	0.2127659574468085	5.044506637071633	True	False	638
PFKP	ATP-dependent 6-phosphofructokinase, platelet type	Q01813	5214	PFKP	official_exact	7	0.14893617021276595	5.07245992106521	True	False	1119
PFN1	Profilin-1	P07737	5216	PFN1	official_exact	46	0.9787234042553191	6.32783834676983	True	True	444
PFN2	Profilin-2;Isoform IIb of Profilin-2	P35080;P35080-2	5217	PFN2	official_exact	12	0.2553191489361702	6.054735901208257	True	False	813
PGAM1	Phosphoglycerate mutase 1	P18669	5223	PGAM1	official_exact	35	0.7446808510638298	4.744041226318898	True	True	650
PGD	6-phosphogluconate dehydrogenase, decarboxylating;Isoform 2 of 6-phosphogluconate dehydrogenase, decarboxylating	P52209;P52209-2	5226	PGD	official_exact	37	0.7872340425531915	4.994099694841215	True	True	951
ATP6V1A	V-type proton ATPase catalytic subunit A;Isoform 2 of V-type proton ATPase catalytic subunit A	P38606;P38606-2	523	ATP6V1A	official_exact	22	0.46808510638297873	4.36022630967186	True	False	843
PGK1	Phosphoglycerate kinase 1;Isoform 2 of Phosphoglycerate kinase 1	P00558;P00558-2	5230	PGK1	official_exact	46	0.9787234042553191	5.3658229776065784	True	True	253
PGM1	Phosphoglucomutase-1	P36871	5236	PGM1	official_exact	22	0.46808510638297873	4.447323295183109	True	False	833
PHB	Prohibitin	P35232	5245	PHB1	unique_synonym	9	0.19148936170212766	4.436122609178535	True	False	816
SLC25A3	Phosphate carrier protein, mitochondrial;Isoform B of Phosphate carrier protein, mitochondrial	Q00325;Q00325-2	5250	SLC25A3	official_exact	19	0.40425531914893614	4.573629507289792	True	False	1107
ATP6V1B2	V-type proton ATPase subunit B, brain isoform	P21281	526	ATP6V1B2	official_exact	12	0.2553191489361702	5.089342675636131	True	False	679
SERPINA1	Alpha-1-antitrypsin;Isoform 2 of Alpha-1-antitrypsin	P01009;P01009-2	5265	SERPINA1	official_exact	47	1.0	5.636943287266165	True	True	267
PI3	Elafin	P19957	5266	PI3	official_exact	46	0.9787234042553191	5.727208050558764	True	True	662
SERPINA4	Kallistatin	P29622	5267	SERPINA4	official_exact	10	0.2127659574468085	4.561237394421804	True	False	760
SERPINB5	Serpin B5	P36952	5268	SERPINB5	official_exact	36	0.7659574468085106	5.704869763016974	True	True	835
SERPINB6	Serpin B6	P35237	5269	SERPINB6	official_exact	11	0.23404255319148937	5.358589500659897	True	False	817
SERPINE2	Glia-derived nexin;Isoform 2 of Glia-derived nexin;Isoform 3 of Glia-derived nexin	P07093;P07093-2;P07093-3	5270	SERPINE2	official_exact	2	0.0425531914893617	5.38860445227497	True	False	425
SERPINB8	Serpin B8	P50452	5271	SERPINB8	official_exact	7	0.14893617021276595	4.349368167369504	True	False	926
SERPINI1	Neuroserpin	Q99574	5274	SERPINI1	official_exact	47	1.0	6.059580465455027	True	True	1493
SERPINB13	Serpin B13;Isoform 2 of Serpin B13	Q9UIV8;Q9UIV8-2	5275	SERPINB13	official_exact	1	0.02127659574468085	4.980197117454934	True	False	1644
PIGR	Polymeric immunoglobulin receptor	P01833	5284	PIGR	official_exact	47	1.0	8.16324795970563	True	True	309
ACP2	Lysosomal acid phosphatase	P11117	53	ACP2	official_exact	24	0.5106382978723404	4.84458659722236	True	True	539
PIP	Prolactin-inducible protein	P12273	5304	PIP	official_exact	47	1.0	9.360737529987045	True	True	557
PITPNA	Phosphatidylinositol transfer protein alpha isoform	Q00169	5306	PITPNA	official_exact	8	0.1702127659574468	4.420022901988258	True	False	1106
PKM	Pyruvate kinase PKM	P14618	5315	PKM	official_exact	47	1.0	5.519064380995022	True	True	598
PKP1	Plakophilin-1;Isoform 1 of Plakophilin-1	Q13835;Q13835-2	5317	PKP1	official_exact	19	0.40425531914893614	4.69867086446357	True	False	1204
PLA2G2A	Phospholipase A2, membrane associated	P14555	5320	PLA2G2A	official_exact	47	1.0	7.284751536910698	True	True	597
PLCD1	1-phosphatidylinositol 4,5-bisphosphate phosphodiesterase delta-1;Isoform 2 of 1-phosphatidylinositol 4,5-bisphosphate phosphodiesterase delta-1	P51178;P51178-2	5333	PLCD1	official_exact	5	0.10638297872340426	4.0726566684245675	True	False	938
NUDT9	ADP-ribose pyrophosphatase, mitochondrial;Isoform 2 of ADP-ribose pyrophosphatase, mitochondrial	Q9BW91;Q9BW91-2	53343	NUDT9	official_exact	1	0.02127659574468085	3.455691937486817	True	False	1523
PLEC	Plectin;Isoform 2 of Plectin;Isoform 3 of Plectin;Isoform 4 of Plectin;Isoform 5 of Plectin;Isoform 6 of Plectin;Isoform 7 of Plectin;Isoform 8 of Plectin;Isoform 9 of Plectin	Q15149;Q15149-2;Q15149-3;Q15149-4;Q15149-5;Q15149-6;Q15149-7;Q15149-8;Q15149-9	5339	PLEC	official_exact	33	0.7021276595744681	4.997666975959116	True	True	1248
PLG	Plasminogen	P00747	5340	PLG	official_exact	44	0.9361702127659575	5.171183786816416	True	True	261
SERPINF2	Alpha-2-antiplasmin	P08697	5345	SERPINF2	official_exact	25	0.5319148936170213	5.623106642576593	True	True	471
FXYD3	FXYD domain-containing ion transport regulator 3;Isoform 2 of FXYD domain-containing ion transport regulator 3;Isoform 3 of FXYD domain-containing ion transport regulator 3;Isoform 4 of FXYD domain-containing ion transport regulator 3	Q14802;Q14802-2;Q14802-3;Q14802-4	5349	FXYD3	official_exact	38	0.8085106382978723	5.950104973305866	True	True	1238
PLOD1	Procollagen-lysine,2-oxoglutarate 5-dioxygenase 1;Isoform 2 of Procollagen-lysine,2-oxoglutarate 5-dioxygenase 1	Q02809;Q02809-2	5351	PLOD1	official_exact	47	1.0	6.718962061004117	True	True	1126
PLP2	Proteolipid protein 2	Q04941	5355	PLP2	official_exact	11	0.23404255319148937	4.801280303067744	True	False	1138
PLS3	Plastin-3	P13797	5358	PLS3	official_exact	37	0.7872340425531915	5.7553980091227634	True	True	586
PLSCR1	Phospholipid scramblase 1;Isoform 2 of Phospholipid scramblase 1	O15162;O15162-2	5359	PLSCR1	official_exact	10	0.2127659574468085	3.1396976488488395	True	False	123
PLTP	Phospholipid transfer protein	P55058	5360	PLTP	official_exact	47	1.0	7.879972340694614	True	True	973
ATP6AP1	V-type proton ATPase subunit S1	Q15904	537	ATP6AP1	official_exact	45	0.9574468085106383	5.675838401141876	True	True	1270
PML	Protein PML;Isoform PML-7 of Protein PML;Isoform PML-11 of Protein PML;Isoform PML-12 of Protein PML;Isoform PML-13 of Protein PML;Isoform PML-14 of Protein PML;Isoform PML-5 of Protein PML;Isoform PML-8 of Protein PML;Isoform PML-6 of Protein PML;Isoform PML-4 of Protein PML;Isoform PML-2 of Protein PML;Isoform PML-3 of Protein PML	P29590;P29590-10;P29590-11;P29590-12;P29590-13;P29590-14;P29590-2;P29590-3;P29590-4;P29590-5;P29590-8;P29590-9	5371	PML	official_exact	4	0.0851063829787234	5.741372677232	True	False	759
PMM2	Phosphomannomutase 2;Isoform 2 of Phosphomannomutase 2	O15305;O15305-2	5373	PMM2	official_exact	4	0.0851063829787234	5.310213373062259	True	False	125
ATP5PO	ATP synthase subunit O, mitochondrial	P48047	539	ATP5PO	official_exact	7	0.14893617021276595	3.481440270425188	True	False	889
A4GALT	Lactosylceramide 4-alpha-galactosyltransferase	Q9NPC4	53947	A4GALT	official_exact	7	0.14893617021276595	3.8302190484106236	True	False	1572
ACP5	Tartrate-resistant acid phosphatase type 5	P13686	54	ACP5	official_exact	9	0.19148936170212766	4.224333389140503	True	False	579
FAM3B	Protein FAM3B;Isoform A of Protein FAM3B;Isoform C of Protein FAM3B	P58499;P58499-2;P58499-3	54097	FAM3B	official_exact	43	0.9148936170212766	5.19041895918327	True	True	992
NANS	Sialic acid synthase	Q9NR45	54187	NANS	official_exact	8	0.1702127659574468	4.541366055598884	True	False	1584
PODXL	Podocalyxin;Isoform 2 of Podocalyxin	O00592;O00592-2	5420	PODXL	official_exact	46	0.9787234042553191	6.725213660293697	True	True	101
CYCS	Cytochrome c	P99999	54205	CYCS	official_exact	17	0.3617021276595745	5.54404964273316	True	False	1105
DPM3	Dolichol-phosphate mannosyltransferase subunit 3;Isoform 2 of Dolichol-phosphate mannosyltransferase subunit 3	Q9P2X0;Q9P2X0-2	54344	DPM3	official_exact	12	0.2553191489361702	4.644893871055244	True	False	1620
SIAE	Sialate O-acetylesterase	Q9HAT2	54414	SIAE	official_exact	45	0.9574468085106383	5.366171845759835	True	True	1558
PON1	Serum paraoxonase/arylesterase 1	P27169	5444	PON1	official_exact	9	0.19148936170212766	5.797903706595507	True	False	733
PON3	Serum paraoxonase/lactonase 3	Q15166	5446	PON3	official_exact	41	0.8723404255319149	4.434280291700158	True	True	1249
PPA1	Inorganic pyrophosphatase	Q15181	5464	PPA1	official_exact	12	0.2553191489361702	4.473383597373362	True	False	1250
MANSC1	MANSC domain-containing protein 1;Isoform 2 of MANSC domain-containing protein 1	Q9H8J5;Q9H8J5-2	54682	MANSC1	official_exact	19	0.40425531914893614	4.911675053093774	True	False	1555
FAM20A	Pseudokinase FAM20A	Q96MK3	54757	FAM20A	official_exact	39	0.8297872340425532	5.170947362418897	True	True	1472
CTSA	Lysosomal protective protein;Isoform 2 of Lysosomal protective protein	P10619;P10619-2	5476	CTSA	official_exact	46	0.9787234042553191	5.808935432509156	True	True	531
CFAP46	Cilia- and flagella-associated protein 46;Isoform 2 of Cilia- and flagella-associated protein 46;Isoform 3 of Cilia- and flagella-associated protein 46	Q8IYW2;Q8IYW2-2;Q8IYW2-3	54777	CFAP46	official_exact	1	0.02127659574468085	3.5228683548454947	True	False	1373
PPIA	Peptidyl-prolyl cis-trans isomerase A	P62937	5478	PPIA	official_exact	47	1.0	6.383610829761396	True	True	1060
PPIB	Peptidyl-prolyl cis-trans isomerase B	P23284	5479	PPIB	official_exact	47	1.0	6.175189214353062	True	True	704
PPIC	Peptidyl-prolyl cis-trans isomerase C	P45877	5480	PPIC	official_exact	38	0.8085106382978723	6.892355500861678	True	True	874
CKMT1A	Creatine kinase U-type, mitochondrial	P12532	548596	CKMT1A	official_exact	17	0.3617021276595745	4.500774180862835	True	False	560
EPS8L1	Epidermal growth factor receptor kinase substrate 8-like protein 1;Isoform 2 of Epidermal growth factor receptor kinase substrate 8-like protein 1;Isoform 4 of Epidermal growth factor receptor kinase substrate 8-like protein 1	Q8TE68;Q8TE68-2;Q8TE68-4	54869	EPS8L1	official_exact	7	0.14893617021276595	4.954810257758797	True	False	1415
CHCHD3	MICOS complex subunit MIC19	Q9NX63	54927	CHCHD3	official_exact	3	0.06382978723404255	4.10299399500244	True	False	1595
BPNT2	Golgi-resident adenosine 3',5'-bisphosphate 3'-phosphatase	Q9NX62	54928	BPNT2	official_exact	2	0.0425531914893617	4.301038589388089	True	False	1594
PPL	Periplakin	O60437	5493	PPL	official_exact	37	0.7872340425531915	4.568965281942478	True	True	161
ODAM	Odontogenic ameloblast-associated protein	A1E959	54959	ODAM	official_exact	1	0.02127659574468085	4.3172191005585265	True	False	69
SSH3	Protein phosphatase Slingshot homolog 3;Isoform 3 of Protein phosphatase Slingshot homolog 3	Q8TE77;Q8TE77-3	54961	SSH3	official_exact	2	0.0425531914893617	4.315828977911989	True	False	1416
TMEM132A	Transmembrane protein 132A;Isoform 2 of Transmembrane protein 132A	Q24JP5;Q24JP5-2	54972	TMEM132A	official_exact	28	0.5957446808510638	5.088840520410455	True	True	1288
ACP3	Prostatic acid phosphatase;Isoform 2 of Prostatic acid phosphatase	P15309;P15309-2	55	ACP3	official_exact	47	1.0	4.812377888766893	True	True	609
PPP1CB	Serine/threonine-protein phosphatase PP1-beta catalytic subunit	P62140	5500	PPP1CB	official_exact	37	0.7872340425531915	4.787670848400392	True	True	1026
LAMTOR1	Ragulator complex protein LAMTOR1	Q6IAA8	55004	LAMTOR1	official_exact	3	0.06382978723404255	3.6473629017702893	True	False	1314
PPP1CC	Serine/threonine-protein phosphatase PP1-gamma catalytic subunit;Isoform 2 of Serine/threonine-protein phosphatase PP1-gamma catalytic subunit	P36873;P36873-2	5501	PPP1CC	official_exact	1	0.02127659574468085	5.151122789608944	True	False	834
PPP1R7	Protein phosphatase 1 regulatory subunit 7;Isoform 2 of Protein phosphatase 1 regulatory subunit 7	Q15435;Q15435-2	5510	PPP1R7	official_exact	12	0.2553191489361702	4.911440752876423	True	False	1259
ANO1	Anoctamin-1;Isoform 2 of Anoctamin-1	Q5XXA6;Q5XXA6-2	55107	ANO1	official_exact	15	0.3191489361702128	4.155534421540417	True	False	1308
CRTAC1	Cartilage acidic protein 1;Isoform 2 of Cartilage acidic protein 1;Isoform 3 of Cartilage acidic protein 1	Q9NQ79;Q9NQ79-2;Q9NQ79-3	55118	CRTAC1	official_exact	3	0.06382978723404255	4.058634563525354	True	False	1577
PPP2R1A	Serine/threonine-protein phosphatase 2A 65 kDa regulatory subunit A alpha isoform	P30153	5518	PPP2R1A	official_exact	18	0.3829787234042553	5.0922774540633196	True	False	776
PPP2R2A	Serine/threonine-protein phosphatase 2A 55 kDa regulatory subunit B alpha isoform	P63151	5520	PPP2R2A	official_exact	6	0.1276595744680851	4.353033498384882	True	False	1067
UBA6	Ubiquitin-like modifier-activating enzyme 6;Isoform 2 of Ubiquitin-like modifier-activating enzyme 6	A0AVT1;A0AVT1-2	55236	UBA6	official_exact	1	0.02127659574468085	4.173686284784639	True	False	67
PGM2	Phosphoglucomutase-2	Q96G03	55276	PGM2	official_exact	21	0.44680851063829785	5.078167750773841	True	False	1461
TMEM40	Transmembrane protein 40;Isoform 2 of Transmembrane protein 40	Q8WWA1;Q8WWA1-2	55287	TMEM40	official_exact	1	0.02127659574468085	3.9541043463508414	True	False	1423
CPPED1	Serine/threonine-protein phosphatase CPPED1	Q9BRF8	55313	CPPED1	official_exact	29	0.6170212765957447	4.345537357025207	True	True	1512
PPT1	Palmitoyl-protein thioesterase 1	P50897	5538	PPT1	official_exact	44	0.9361702127659575	5.370478936300263	True	True	931
PRCP	Lysosomal Pro-X carboxypeptidase;Isoform 2 of Lysosomal Pro-X carboxypeptidase	P42785;P42785-2	5547	PRCP	official_exact	40	0.851063829787234	4.60858748104746	True	True	867
PRELP	Prolargin	P51888	5549	PRELP	official_exact	23	0.48936170212765956	4.334100438701788	True	False	949
PREP	Prolyl endopeptidase	P48147	5550	PREP	official_exact	9	0.19148936170212766	4.05724413402836	True	False	890
TNFRSF19	Tumor necrosis factor receptor superfamily member 19;Isoform 2 of Tumor necrosis factor receptor superfamily member 19	Q9NS68;Q9NS68-2	55504	TNFRSF19	official_exact	33	0.7021276595744681	3.693629242867293	True	True	1587
GALNT10	Polypeptide N-acetylgalactosaminyltransferase 10;Isoform 2 of Polypeptide N-acetylgalactosaminyltransferase 10	Q86SR1;Q86SR1-2	55568	GALNT10	official_exact	14	0.2978723404255319	4.878813588460108	True	False	1357
NAGK	N-acetyl-D-glucosamine kinase;Isoform 2 of N-acetyl-D-glucosamine kinase	Q9UJ70;Q9UJ70-2	55577	NAGK	official_exact	13	0.2765957446808511	5.553228625580389	True	False	1645
OTUB1	Ubiquitin thioesterase OTUB1	Q96FW1	55611	OTUB1	official_exact	12	0.2553191489361702	4.309867027232626	True	False	1460
PACS1	Phosphofurin acidic cluster sorting protein 1;Isoform 2 of Phosphofurin acidic cluster sorting protein 1	Q6VY07;Q6VY07-2	55690	PACS1	official_exact	7	0.14893617021276595	4.652276933263373	True	False	1331
VPS35	Vacuolar protein sorting-associated protein 35	Q96QK1	55737	VPS35	official_exact	15	0.3191489361702128	4.869379501962742	True	False	1478
CNDP2	Cytosolic non-specific dipeptidase	Q96KP4	55748	CNDP2	official_exact	29	0.6170212765957447	5.0560525466339294	True	True	1469
UGGT2	UDP-glucose:glycoprotein glucosyltransferase 2	Q9NYU1	55757	UGGT2	official_exact	11	0.23404255319148937	3.9259654559762365	True	False	1599
CAND1	Cullin-associated NEDD8-dissociated protein 1	Q86VP6	55832	CAND1	official_exact	15	0.3191489361702128	4.175096450745115	True	False	1362
GSDMB	Gasdermin-B;Isoform 2 of Gasdermin-B;Isoform 3 of Gasdermin-B;Isoform 4 of Gasdermin-B;Isoform 6 of Gasdermin-B	Q8TAX9;Q8TAX9-2;Q8TAX9-3;Q8TAX9-4;Q8TAX9-6	55876	GSDMB	official_exact	3	0.06382978723404255	4.922109616236649	True	False	1408
PRKCSH	Glucosidase 2 subunit beta;Isoform 2 of Glucosidase 2 subunit beta	P14314;P14314-2	5589	PRKCSH	official_exact	47	1.0	6.532085967329383	True	True	593
GPRC5C	G-protein coupled receptor family C group 5 member C;Isoform 2 of G-protein coupled receptor family C group 5 member C	Q9NQ84;Q9NQ84-2	55890	GPRC5C	official_exact	36	0.7659574468085106	4.950214370568464	True	True	1578
MAPK1	Mitogen-activated protein kinase 1;Isoform 2 of Mitogen-activated protein kinase 1	P28482;P28482-2	5594	MAPK1	official_exact	4	0.0851063829787234	5.034632155290723	True	False	749
SULF2	Extracellular sulfatase Sulf-2;Isoform 2 of Extracellular sulfatase Sulf-2	Q8IWU5;Q8IWU5-2	55959	SULF2	official_exact	43	0.9148936170212766	4.2300103175369	True	True	1372
NSFL1C	NSFL1 cofactor p47;Isoform 3 of NSFL1 cofactor p47	Q9UNZ2;Q9UNZ2-5	55968	NSFL1C	official_exact	8	0.1702127659574468	4.511810680796501	True	False	1665
GNG12	Guanine nucleotide-binding protein G(I)/G(S)/G(O) subunit gamma-12	Q9UBI6	55970	GNG12	official_exact	26	0.5531914893617021	5.310202605868733	True	True	1624
MYDGF	Myeloid-derived growth factor	Q969H8	56005	MYDGF	official_exact	20	0.425531914893617	4.343367578887912	True	False	1447
PDGFC	Platelet-derived growth factor C	Q9NRA1	56034	PDGFC	official_exact	45	0.9574468085106383	5.7510189017887585	True	True	1585
DNAJC3	DnaJ homolog subfamily C member 3	Q13217	5611	DNAJC3	official_exact	47	1.0	6.54577473667917	True	True	1180
PRNP	Major prion protein	P04156	5621	PRNP	official_exact	25	0.5319148936170213	4.5793502383878035	True	True	366
PROS1	Vitamin K-dependent protein S	P07225	5627	PROS1	official_exact	2	0.0425531914893617	5.144011180066107	True	False	429
AZGP1	Zinc-alpha-2-glycoprotein	P25311	563	AZGP1	official_exact	47	1.0	8.496017590276436	True	True	717
IL36G	Interleukin-36 gamma;Isoform 2 of Interleukin-36 gamma	Q9NZH8;Q9NZH8-2	56300	IL36G	official_exact	28	0.5957446808510638	7.63374796766091	True	True	1605
LGMN	Legumain	Q99538	5641	LGMN	official_exact	46	0.9787234042553191	5.2939370631817475	True	True	1492
PRSS1	Trypsin-1	P07477	5644	PRSS1	official_exact	11	0.23404255319148937	7.516430799098562	True	False	440
PRSS3	Trypsin-3;Isoform 2 of Trypsin-3;Isoform 3 of Trypsin-3;Isoform 4 of Trypsin-3;Isoform 5 of Trypsin-3	P35030;P35030-2;P35030-3;P35030-4;P35030-5	5646	PRSS3	official_exact	39	0.8297872340425532	6.388444092326693	True	True	811
CCL28	C-C motif chemokine 28	Q9NRJ3	56477	CCL28	official_exact	42	0.8936170212765957	6.795721150835985	True	True	1586
MASP1	Mannan-binding lectin serine protease 1	P48740	5648	MASP1	official_exact	10	0.2127659574468085	7.270645539032678	True	False	899
KLK7	Kallikrein-7	P49862	5650	KLK7	official_exact	25	0.5319148936170213	5.725049578354902	True	True	920
PRSS8	Prostasin	Q16651	5652	PRSS8	official_exact	47	1.0	6.298659596432295	True	True	1280
KLK6	Kallikrein-6	Q92876	5653	KLK6	official_exact	22	0.46808510638297873	5.187762860546177	True	False	1443
HTRA1	Serine protease HTRA1	Q92743	5654	HTRA1	official_exact	47	1.0	6.925331138202126	True	True	1438
KLK10	Kallikrein-10	O43240	5655	KLK10	official_exact	21	0.44680851063829785	4.297947860400632	True	False	134
PRTN3	Myeloblastin	P24158	5657	PRTN3	official_exact	38	0.8085106382978723	6.006857246262013	True	True	712
AZU1	Azurocidin	P20160	566	AZU1	official_exact	30	0.6382978723404256	6.203319511955124	True	True	668
PSAP	Isoform Sap-mu-9 of Prosaposin	P07602-3	5660	PSAP	official_exact	47	1.0	6.995940405181332	True	True	441
NPDC1	Neural proliferation differentiation and control protein 1	Q9NQX5	56654	NPDC1	official_exact	12	0.2553191489361702	4.865380967513775	True	False	1583
B2M	Beta-2-microglobulin	P61769	567	B2M	official_exact	47	1.0	7.565200650583422	True	True	1018
RETN	Resistin	Q9HD89	56729	RETN	official_exact	11	0.23404255319148937	4.415312129136948	True	False	1567
PSMA1	Proteasome subunit alpha type-1;Isoform Long of Proteasome subunit alpha type-1	P25786;P25786-2	5682	PSMA1	official_exact	19	0.40425531914893614	4.497934408944844	True	False	721
PSMA2	Proteasome subunit alpha type-2	P25787	5683	PSMA2	official_exact	4	0.0851063829787234	3.0768858463704425	True	False	722
PSMA3	Proteasome subunit alpha type-3;Isoform 2 of Proteasome subunit alpha type-3	P25788;P25788-2	5684	PSMA3	official_exact	17	0.3617021276595745	4.622257639421687	True	False	723
PSMA4	Proteasome subunit alpha type-4	P25789	5685	PSMA4	official_exact	22	0.46808510638297873	4.8684695688418635	True	False	724
PSMA5	Proteasome subunit alpha type-5	P28066	5686	PSMA5	official_exact	18	0.3829787234042553	4.850679026159403	True	False	744
PSMA6	Proteasome subunit alpha type-6	P60900	5687	PSMA6	official_exact	27	0.574468085106383	4.854270892320263	True	True	1002
PSMA7	Proteasome subunit alpha type-7	O14818	5688	PSMA7	official_exact	26	0.5531914893617021	4.334847891648524	True	True	113
UGGT1	UDP-glucose:glycoprotein glucosyltransferase 1;Isoform 2 of UDP-glucose:glycoprotein glucosyltransferase 1	Q9NYU2;Q9NYU2-2	56886	UGGT1	official_exact	36	0.7659574468085106	4.736948819899691	True	True	1600
PSMB1	Proteasome subunit beta type-1	P20618	5689	PSMB1	official_exact	18	0.3829787234042553	4.594626972725434	True	False	670
PSMB2	Proteasome subunit beta type-2	P49721	5690	PSMB2	official_exact	16	0.3404255319148936	4.360351518852263	True	False	912
PSMB3	Proteasome subunit beta type-3	P49720	5691	PSMB3	official_exact	17	0.3617021276595745	5.498257466885002	True	False	911
SEMA3G	Semaphorin-3G	Q9NS98	56920	SEMA3G	official_exact	28	0.5957446808510638	4.280578196333078	True	True	1589
LXN	Latexin	Q9BS40	56925	LXN	official_exact	16	0.3404255319148936	4.5642859608956625	True	False	1515
PSMB5	Proteasome subunit beta type-5	P28074	5693	PSMB5	official_exact	7	0.14893617021276595	4.202414122277741	True	False	746
PSMB6	Proteasome subunit beta type-6	P28072	5694	PSMB6	official_exact	15	0.3191489361702128	5.55197515961951	True	False	745
NIT2	Omega-amidase NIT2	Q9NQR4	56954	NIT2	official_exact	9	0.19148936170212766	4.153923840504446	True	False	1580
PSMB8	Proteasome subunit beta type-8;Isoform 2 of Proteasome subunit beta type-8	P28062;P28062-2	5696	PSMB8	official_exact	8	0.1702127659574468	4.6735485774800996	True	False	743
TOMM22	Mitochondrial import receptor subunit TOM22 homolog	Q9NS69	56993	TOMM22	official_exact	11	0.23404255319148937	3.3828382455450074	True	False	1588
PSMC2	26S proteasome regulatory subunit 7	P35998	5701	PSMC2	official_exact	5	0.10638297872340426	4.785846641572271	True	False	829
PSMC3	26S proteasome regulatory subunit 6A	P17980	5702	PSMC3	official_exact	5	0.10638297872340426	4.386365635305979	True	False	642
PSMD2	26S proteasome non-ATPase regulatory subunit 2;Isoform 3 of 26S proteasome non-ATPase regulatory subunit 2	Q13200;Q13200-3	5708	PSMD2	official_exact	6	0.1276595744680851	4.232560617523881	True	False	1179
PSMD3	26S proteasome non-ATPase regulatory subunit 3	O43242	5709	PSMD3	official_exact	4	0.0851063829787234	5.01879431086242	True	False	135
RAB25	Ras-related protein Rab-25	P57735	57111	RAB25	official_exact	8	0.1702127659574468	4.511949506951691	True	False	990
CD177	CD177 antigen	Q8N6Q3	57126	CD177	official_exact	5	0.10638297872340426	4.092146108720581	True	False	1386
PSMD7	26S proteasome non-ATPase regulatory subunit 7	P51665	5713	PSMD7	official_exact	2	0.0425531914893617	3.5740764836444052	True	False	944
APMAP	Adipocyte plasma membrane-associated protein;Isoform 2 of Adipocyte plasma membrane-associated protein	Q9HDC9;Q9HDC9-2	57136	APMAP	official_exact	10	0.2127659574468085	5.671744767564616	True	False	1568
SLURP1	Secreted Ly-6/uPAR-related protein 1	P55000	57152	SLURP1	official_exact	6	0.1276595744680851	4.327401171994525	True	False	971
PSMD11	26S proteasome non-ATPase regulatory subunit 11;Isoform 2 of 26S proteasome non-ATPase regulatory subunit 11	O00231;O00231-2	5717	PSMD11	official_exact	10	0.2127659574468085	4.071065920082825	True	False	87
CORO1B	Coronin-1B	Q9BR76	57175	CORO1B	official_exact	7	0.14893617021276595	4.5710572918346495	True	False	1510
PSMD13	26S proteasome non-ATPase regulatory subunit 13;Isoform 2 of 26S proteasome non-ATPase regulatory subunit 13	Q9UNM6;Q9UNM6-2	5719	PSMD13	official_exact	7	0.14893617021276595	5.040069106249604	True	False	1663
SELENON	Selenoprotein N;Isoform 2 of Selenoprotein N	Q9NZV5;Q9NZV5-2	57190	SELENON	official_exact	4	0.0851063829787234	4.249739569652959	True	False	1611
PSME1	Proteasome activator complex subunit 1;Isoform 2 of Proteasome activator complex subunit 1;Isoform 3 of Proteasome activator complex subunit 1	Q06323;Q06323-2;Q06323-3	5720	PSME1	official_exact	29	0.6170212765957447	4.888094207183511	True	True	1140
PSME2	Proteasome activator complex subunit 2	Q9UL46	5721	PSME2	official_exact	14	0.2978723404255319	4.25714703604884	True	False	1654
ADGRG6	Adhesion G-protein coupled receptor G6;Isoform 2 of Adhesion G-protein coupled receptor G6;Isoform 3 of Adhesion G-protein coupled receptor G6;Isoform 4 of Adhesion G-protein coupled receptor G6	Q86SQ4;Q86SQ4-2;Q86SQ4-3;Q86SQ4-4	57211	ADGRG6	official_exact	47	1.0	6.424089767251785	True	True	1356
IGHV7-4-1	Immunoglobulin heavy variable 7-4-1	A0A0J9YVY3	57289	IGHV7-4-1	official_exact	33	0.7021276595744681	6.474196595063321	True	True	64
IGHV3-30-3	Immunoglobulin heavy variable 3-30-3	P0DP02	57290	IGHV3-30-3	official_exact	47	1.0	6.8411667726839465	True	True	515
S100A14	Protein S100-A14	Q9HCY8	57402	S100A14	official_exact	27	0.574468085106383	4.791492610187046	True	True	1566
NDRG2	Protein NDRG2;Isoform 2 of Protein NDRG2;Isoform 3 of Protein NDRG2;Isoform 6 of Protein NDRG2	Q9UN36;Q9UN36-2;Q9UN36-3;Q9UN36-6	57447	NDRG2	official_exact	24	0.5106382978723404	4.425624106984928	True	True	1660
GALNT16	Polypeptide N-acetylgalactosaminyltransferase 16;Isoform 2 of Polypeptide N-acetylgalactosaminyltransferase 16	Q8N428;Q8N428-2	57452	GALNT16	official_exact	36	0.7659574468085106	4.119023671043525	True	True	1381
LRRC47	Leucine-rich repeat-containing protein 47	Q8N1G4	57470	LRRC47	official_exact	1	0.02127659574468085	5.335940798537283	True	False	1377
PTK7	Inactive tyrosine-protein kinase 7;Isoform 2 of Inactive tyrosine-protein kinase 7;Isoform 4 of Inactive tyrosine-protein kinase 7;Isoform 5 of Inactive tyrosine-protein kinase 7;Isoform 6 of Inactive tyrosine-protein kinase 7	Q13308;Q13308-2;Q13308-4;Q13308-5;Q13308-6	5754	PTK7	official_exact	22	0.46808510638297873	4.000668069443393	True	False	1186
TXNDC16	Thioredoxin domain-containing protein 16	Q9P2K2	57544	TXNDC16	official_exact	21	0.44680851063829785	4.493008967992874	True	False	1619
TWF1	Twinfilin-1	Q12792	5756	TWF1	official_exact	10	0.2127659574468085	3.437740591051204	True	False	1166
PTMA	Prothymosin alpha;Isoform 2 of Prothymosin alpha	P06454;P06454-2	5757	PTMA	official_exact	32	0.6808510638297872	5.745408475812319	True	True	411
VPS18	Vacuolar protein sorting-associated protein 18 homolog	Q9P253	57617	VPS18	official_exact	2	0.0425531914893617	7.233598906792114	True	False	1616
PTMS	Parathymosin	P20962	5763	PTMS	official_exact	1	0.02127659574468085	2.7821092881115916	True	False	676
PTN	Pleiotrophin	P21246	5764	PTN	official_exact	36	0.7659574468085106	5.959838890256382	True	True	678
QSOX1	Sulfhydryl oxidase 1	O00391	5768	QSOX1	official_exact	47	1.0	6.472493646696362	True	True	91
PTPN6	Tyrosine-protein phosphatase non-receptor type 6;Isoform 2 of Tyrosine-protein phosphatase non-receptor type 6;Isoform 4 of Tyrosine-protein phosphatase non-receptor type 6	P29350;P29350-3;P29350-4	5777	PTPN6	official_exact	3	0.06382978723404255	4.819113628380174	True	False	755
PTPRF	Receptor-type tyrosine-protein phosphatase F;Isoform 2 of Receptor-type tyrosine-protein phosphatase F	P10586;P10586-2	5792	PTPRF	official_exact	44	0.9361702127659575	4.820655525584629	True	True	529
PTPRJ	Receptor-type tyrosine-protein phosphatase eta	Q12913	5795	PTPRJ	official_exact	28	0.5957446808510638	4.6785903301058	True	True	1171
PTPRS	Isoform PTPS-MEA of Receptor-type tyrosine-protein phosphatase S;Isoform 2 of Receptor-type tyrosine-protein phosphatase S	Q13332-2;Q13332-6	5802	PTPRS	official_exact	41	0.8723404255319149	3.97898358732462	True	True	1187
PVR	Poliovirus receptor;Isoform Beta of Poliovirus receptor;Isoform Gamma of Poliovirus receptor;Isoform Delta of Poliovirus receptor	P15151;P15151-2;P15151-3;P15151-4	5817	PVR	official_exact	3	0.06382978723404255	3.4110689636217386	True	False	606
NECTIN2	Nectin-2;Isoform Alpha of Nectin-2	Q92692;Q92692-2	5819	NECTIN2	official_exact	3	0.06382978723404255	4.694473093165268	True	False	1436
PYGB	Glycogen phosphorylase, brain form	P11216	5834	PYGB	official_exact	13	0.2765957446808511	4.5027138262017665	True	False	542
PYGL	Glycogen phosphorylase, liver form;Isoform 2 of Glycogen phosphorylase, liver form	P06737;P06737-2	5836	PYGL	official_exact	19	0.40425531914893614	5.309391696149614	True	False	419
SQOR	Sulfide:quinone oxidoreductase, mitochondrial	Q9Y6N5	58472	SQOR	official_exact	11	0.23404255319148937	4.901537197537356	True	False	1695
ENOPH1	Enolase-phosphatase E1	Q9UHY7	58478	ENOPH1	official_exact	3	0.06382978723404255	4.182754561651212	True	False	1641
OPRPN	Opiorphin prepropeptide	Q99935	58503	OPRPN	official_exact	47	1.0	9.71017688087909	True	True	1504
RBM25	RNA-binding protein 25	P49756	58517	RBM25	official_exact	10	0.2127659574468085	5.490705148998474	True	False	916
ABRACL	Costars family protein ABRACL	Q9P1F3	58527	ABRACL	official_exact	11	0.23404255319148937	5.523815331585624	True	False	1614
QARS1	Glutamine--tRNA ligase;Isoform 2 of Glutamine--tRNA ligase	P47897;P47897-2	5859	QARS1	official_exact	42	0.8936170212765957	7.029530953400039	True	True	886
RAB2A	Ras-related protein Rab-2A	P61019	5862	RAB2A	official_exact	16	0.3404255319148936	4.078272283877611	True	False	1007
RAB27B	Ras-related protein Rab-27B	O00194	5874	RAB27B	official_exact	7	0.14893617021276595	4.871015296403065	True	False	85
RAB5C	Ras-related protein Rab-5C;Isoform 2 of Ras-related protein Rab-5C	P51148;P51148-2	5878	RAB5C	official_exact	13	0.2765957446808511	5.3499351658064676	True	False	936
RAC1	Ras-related C3 botulinum toxin substrate 1;Isoform B of Ras-related C3 botulinum toxin substrate 1	P63000;P63000-2	5879	RAC1	official_exact	44	0.9361702127659575	5.981093369955975	True	True	1063
RAD23B	UV excision repair protein RAD23 homolog B	P54727	5887	RAD23B	official_exact	3	0.06382978723404255	6.457196114278227	True	False	966
RALA	Ras-related protein Ral-A	P11233	5898	RALA	official_exact	16	0.3404255319148936	3.5261204821878813	True	False	543
RAN	GTP-binding nuclear protein Ran	P62826	5901	RAN	official_exact	20	0.425531914893617	5.922567512669046	True	False	1048
RAP1A	Ras-related protein Rap-1A	P62834	5906	RAP1A	official_exact	11	0.23404255319148937	3.6483695420368107	True	False	1049
;RAP1B;RAP1B	Ras-related protein Rap-1b-like protein;Ras-related protein Rap-1b;Isoform 3 of Ras-related protein Rap-1b	A6NIZ1;P61224;P61224-3	5908	RAP1B	official_exact	33	0.7021276595744681	5.31466414077649	True	True	73
RARS1	Arginine--tRNA ligase, cytoplasmic	P54136	5917	RARS1	official_exact	6	0.1276595744680851	4.66548305429165	True	False	964
RARRES1	Retinoic acid receptor responder protein 1	P49788	5918	RARRES1	official_exact	47	1.0	7.46136091141066	True	True	919
RARRES2	Retinoic acid receptor responder protein 2	Q99969	5919	RARRES2	official_exact	21	0.44680851063829785	4.491937235698054	True	False	1508
NTN4	Netrin-4;Isoform 2 of Netrin-4;Isoform 3 of Netrin-4	Q9HB63;Q9HB63-2;Q9HB63-3	59277	NTN4	official_exact	10	0.2127659574468085	5.255268291694168	True	False	1561
SCPEP1	Retinoid-inducible serine carboxypeptidase;Isoform 2 of Retinoid-inducible serine carboxypeptidase	Q9HB40;Q9HB40-2	59342	SCPEP1	official_exact	44	0.9361702127659575	5.809631469768821	True	True	1560
RBP1	Retinol-binding protein 1;Isoform 2 of Retinol-binding protein 1;Isoform 3 of Retinol-binding protein 1	P09455;P09455-2;P09455-3	5947	RBP1	official_exact	8	0.1702127659574468	4.576153813414965	True	False	486
RBP4	Retinol-binding protein 4	P02753	5950	RBP4	official_exact	9	0.19148936170212766	5.788319964029443	True	False	341
RCN1	Reticulocalbin-1	Q15293	5954	RCN1	official_exact	47	1.0	6.907167116914307	True	True	1251
RDX	Radixin;Isoform 5 of Radixin	P35241;P35241-5	5962	RDX	official_exact	45	0.9574468085106383	6.6255850032353605	True	True	818
ACTB	Actin, cytoplasmic 1	P60709	60	ACTB	official_exact	47	1.0	6.3683394002340865	True	True	999
MYG1	MYG1 exonuclease	Q9HB07	60314	MYG1	official_exact	44	0.9361702127659575	10.439632693377304	True	True	1559
RNASE1	Ribonuclease pancreatic	P07998	6035	RNASE1	official_exact	2	0.0425531914893617	4.315511537624806	True	False	452
RNASE2	Non-secretory ribonuclease	P10153	6036	RNASE2	official_exact	4	0.0851063829787234	6.567891043965136	True	False	525
RNASE3	Eosinophil cationic protein	P12724	6037	RNASE3	official_exact	28	0.5957446808510638	6.4205922727257105	True	True	562
RNASE4	Ribonuclease 4	P34096	6038	RNASE4	official_exact	47	1.0	7.367561657957136	True	True	807
RNH1	Ribonuclease inhibitor	P13489	6050	RNH1	official_exact	38	0.8085106382978723	5.066871683495261	True	True	572
RNPEP	Aminopeptidase B	Q9H4A4	6051	RNPEP	official_exact	14	0.2978723404255319	5.137022947576005	True	False	1548
SPCS3	Signal peptidase complex subunit 3	P61009	60559	SPCS3	official_exact	22	0.46808510638297873	4.307226290154966	True	False	1006
TNFRSF17	Tumor necrosis factor receptor superfamily member 17	Q02223	608	TNFRSF17	official_exact	6	0.1276595744680851	4.089491183937929	True	False	1121
RPL3	60S ribosomal protein L3	P39023	6122	RPL3	official_exact	5	0.10638297872340426	3.7878850276025466	True	False	846
RPL4	60S ribosomal protein L4	P36578	6124	RPL4	official_exact	2	0.0425531914893617	4.913620044255049	True	False	832
RPL6	60S ribosomal protein L6	Q02878	6128	RPL6	official_exact	5	0.10638297872340426	5.72302280713939	True	False	1128
RPL7A	60S ribosomal protein L7a	P62424	6130	RPL7A	official_exact	22	0.46808510638297873	4.328215479710349	True	False	1038
RPL8	60S ribosomal protein L8	P62917	6132	RPL8	official_exact	5	0.10638297872340426	4.019554929062439	True	False	1059
RPL9	60S ribosomal protein L9	P32969	6133	RPL9	official_exact	3	0.06382978723404255	4.331793744359769	True	False	801
RPL11	60S ribosomal protein L11;Isoform 2 of 60S ribosomal protein L11	P62913;P62913-2	6135	RPL11	official_exact	13	0.2765957446808511	5.461271222511994	True	False	1058
RPL12	60S ribosomal protein L12	P30050	6136	RPL12	official_exact	18	0.3829787234042553	4.602545048813144	True	False	771
RPL17	60S ribosomal protein L17;Isoform 3 of 60S ribosomal protein L17	P18621;P18621-3	6139	RPL17	official_exact	5	0.10638297872340426	3.9920865681600546	True	False	649
RPL18	60S ribosomal protein L18;Isoform 2 of 60S ribosomal protein L18	Q07020;Q07020-2	6141	RPL18	official_exact	12	0.2553191489361702	4.580727906774776	True	False	1143
RPL18A	60S ribosomal protein L18a	Q02543	6142	RPL18A	official_exact	6	0.1276595744680851	4.666825876816838	True	False	1125
RPL19	60S ribosomal protein L19	P84098	6143	RPL19	official_exact	6	0.1276595744680851	3.6350499493065307	True	False	1099
RPL22	60S ribosomal protein L22	P35268	6146	RPL22	official_exact	14	0.2978723404255319	5.0306833611248045	True	False	819
RPL23A	60S ribosomal protein L23a	P62750	6147	RPL23A	official_exact	7	0.14893617021276595	6.3259573136635705	True	False	1044
RPL30	60S ribosomal protein L30	P62888	6156	RPL30	official_exact	19	0.40425531914893614	4.391743771514376	True	False	1056
RPL27A	60S ribosomal protein L27a	P46776	6157	RPL27A	official_exact	9	0.19148936170212766	5.094551317058755	True	False	877
RPL29	60S ribosomal protein L29	P47914	6159	RPL29	official_exact	7	0.14893617021276595	4.798245144120853	True	False	887
RPL32	60S ribosomal protein L32	P62910	6161	RPL32	official_exact	6	0.1276595744680851	3.2338780673053464	True	False	1057
RPLP2	60S acidic ribosomal protein P2	P05387	6181	RPLP2	official_exact	19	0.40425531914893614	4.637695596974915	True	False	400
RPN1	Dolichyl-diphosphooligosaccharide--protein glycosyltransferase subunit 1	P04843	6184	RPN1	official_exact	5	0.10638297872340426	4.944909602023576	True	False	380
RPS2	40S ribosomal protein S2	P15880	6187	RPS2	official_exact	11	0.23404255319148937	5.279334700428001	True	False	617
RPS3	40S ribosomal protein S3;Isoform 2 of 40S ribosomal protein S3	P23396;P23396-2	6188	RPS3	official_exact	18	0.3829787234042553	5.186872679952313	True	False	707
RPS4X	40S ribosomal protein S4, X isoform	P62701	6191	RPS4X	official_exact	5	0.10638297872340426	6.0912245551691315	True	False	1041
RPS5	40S ribosomal protein S5	P46782	6193	RPS5	official_exact	3	0.06382978723404255	4.443719968201307	True	False	879
RPS6	40S ribosomal protein S6	P62753	6194	RPS6	official_exact	10	0.2127659574468085	5.5597367477162845	True	False	1045
RPS8	40S ribosomal protein S8	P62241	6202	RPS8	official_exact	13	0.2765957446808511	4.356645261769241	True	False	1027
RPS9	40S ribosomal protein S9	P46781	6203	RPS9	official_exact	10	0.2127659574468085	4.011576645189108	True	False	878
RPS11	40S ribosomal protein S11	P62280	6205	RPS11	official_exact	2	0.0425531914893617	5.491439632573278	True	False	1034
RPS12	40S ribosomal protein S12	P25398	6206	RPS12	official_exact	10	0.2127659574468085	3.307105557679309	True	False	718
RPS13	40S ribosomal protein S13	P62277	6207	RPS13	official_exact	5	0.10638297872340426	2.4496849387598933	True	False	1033
RPS14	40S ribosomal protein S14	P62263	6208	RPS14	official_exact	10	0.2127659574468085	6.614840766714374	True	False	1031
RPS15A	40S ribosomal protein S15a	P62244	6210	RPS15A	official_exact	10	0.2127659574468085	5.402122644014566	True	False	1028
RPS16	40S ribosomal protein S16	P62249	6217	RPS16	official_exact	18	0.3829787234042553	4.8545345947826934	True	False	1029
RPS17	40S ribosomal protein S17	P08708	6218	RPS17	official_exact	7	0.14893617021276595	3.986596634105627	True	False	472
RPS18	40S ribosomal protein S18	P62269	6222	RPS18	official_exact	15	0.3191489361702128	5.660358298696016	True	False	1032
RPS19	40S ribosomal protein S19	P39019	6223	RPS19	official_exact	5	0.10638297872340426	7.001252177841661	True	False	845
RPS20	40S ribosomal protein S20;Isoform 2 of 40S ribosomal protein S20	P60866;P60866-2	6224	RPS20	official_exact	6	0.1276595744680851	5.386651512974495	True	False	1001
RPS21	40S ribosomal protein S21	P63220	6227	RPS21	official_exact	10	0.2127659574468085	4.789052847989379	True	False	1070
RPS24	40S ribosomal protein S24;Isoform 2 of 40S ribosomal protein S24;Isoform 3 of 40S ribosomal protein S24;Isoform 4 of 40S ribosomal protein S24	P62847;P62847-2;P62847-3;P62847-4	6229	RPS24	official_exact	5	0.10638297872340426	4.077853947481123	True	False	1050
RPS25	40S ribosomal protein S25	P62851	6230	RPS25	official_exact	6	0.1276595744680851	3.603360744264571	True	False	1051
RPS26	40S ribosomal protein S26	P62854	6231	RPS26	official_exact	2	0.0425531914893617	3.861510389900402	True	False	1052
RPS27	40S ribosomal protein S27	P42677	6232	RPS27	official_exact	2	0.0425531914893617	4.756503709565447	True	False	866
RPS28	40S ribosomal protein S28	P62857	6234	RPS28	official_exact	15	0.3191489361702128	5.059868240076081	True	False	1053
RRBP1	Ribosome-binding protein 1;Isoform 2 of Ribosome-binding protein 1	Q9P2E9;Q9P2E9-3	6238	RRBP1	official_exact	33	0.7021276595744681	4.380507172409488	True	True	1618
S100A1	Protein S100-A1	P23297	6271	S100A1	official_exact	8	0.1702127659574468	5.399587993375443	True	False	705
SORT1	Sortilin	Q99523	6272	SORT1	official_exact	43	0.9148936170212766	5.893134948007895	True	True	1490
S100A2	Protein S100-A2	P29034	6273	S100A2	official_exact	2	0.0425531914893617	3.375837749914754	True	False	753
S100A4	Protein S100-A4	P26447	6275	S100A4	official_exact	47	1.0	7.00800709296646	True	True	727
S100A6	Protein S100-A6	P06703	6277	S100A6	official_exact	35	0.7446808510638298	5.8792300510534465	True	True	415
S100A7	Protein S100-A7	P31151	6278	S100A7	official_exact	32	0.6808510638297872	6.622945239857965	True	True	788
S100A8	Protein S100-A8	P05109	6279	S100A8	official_exact	47	1.0	8.364495382181776	True	True	390
S100A9	Protein S100-A9	P06702	6280	S100A9	official_exact	46	0.9787234042553191	7.237784684518989	True	True	414
S100A10	Protein S100-A10	P60903	6281	S100A10	official_exact	5	0.10638297872340426	5.2988463880735	True	False	1003
S100A11	Protein S100-A11	P31949	6282	S100A11	official_exact	47	1.0	6.5891522145406425	True	True	798
S100A13	Protein S100-A13	Q99584	6284	S100A13	official_exact	10	0.2127659574468085	5.246075223563475	True	False	1494
S100P	Protein S100-P	P25815	6286	S100P	official_exact	42	0.8936170212765957	4.985749609748716	True	True	725
SAA1	Serum amyloid A-1 protein	P0DJI8	6288	SAA1	official_exact	32	0.6808510638297872	5.619412742041181	True	True	503
SAA2	Serum amyloid A-2 protein	P0DJI9	6289	SAA2	official_exact	5	0.10638297872340426	5.1227630774011494	True	False	504
CFB	Complement factor B	P00751	629	CFB	official_exact	47	1.0	6.090071218882192	True	True	263
SAA4	Serum amyloid A-4 protein	P35542	6291	SAA4	official_exact	2	0.0425531914893617	6.541462066529604	True	False	824
SERPINB3	Serpin B3	P29508	6317	SERPINB3	official_exact	41	0.8723404255319149	6.201772158422514	True	True	758
SERPINB4	Serpin B4	P48594	6318	SERPINB4	official_exact	6	0.1276595744680851	5.003179540617536	True	False	894
CEACAM1	Carcinoembryonic antigen-related cell adhesion molecule 1;Isoform 10 of Carcinoembryonic antigen-related cell adhesion molecule 1;Isoform 2 of Carcinoembryonic antigen-related cell adhesion molecule 1;Isoform 8 of Carcinoembryonic antigen-related cell adhesion molecule 1	P13688;P13688-10;P13688-2;P13688-8	634	CEACAM1	official_exact	41	0.8723404255319149	4.594664367755447	True	True	580
SCP2	Non-specific lipid-transfer protein;Isoform SCP2 of Non-specific lipid-transfer protein;Isoform 4 of Non-specific lipid-transfer protein;Isoform 6 of Non-specific lipid-transfer protein;Isoform 7 of Non-specific lipid-transfer protein;Isoform 8 of Non-specific lipid-transfer protein	P22307;P22307-2;P22307-4;P22307-6;P22307-7;P22307-8	6342	SCP2	official_exact	12	0.2553191489361702	3.5419798127437403	True	False	690
CCL21	C-C motif chemokine 21	O00585	6366	CCL21	official_exact	5	0.10638297872340426	4.455351303492763	True	False	100
BID	BH3-interacting domain death agonist;Isoform 2 of BH3-interacting domain death agonist	P55957;P55957-2	637	BID	official_exact	8	0.1702127659574468	3.1359401953033306	True	False	987
SDC4	Syndecan-4;Isoform 2 of Syndecan-4	P31431;P31431-2	6385	SDC4	official_exact	33	0.7021276595744681	6.014481110629855	True	True	789
SDCBP	Syntenin-1;Isoform 3 of Syntenin-1	O00560;O00560-3	6386	SDCBP	official_exact	47	1.0	7.155568699349802	True	True	96
SH2D4A	SH2 domain-containing protein 4A;Isoform 2 of SH2 domain-containing protein 4A	Q9H788;Q9H788-2	63898	SH2D4A	official_exact	3	0.06382978723404255	3.7007427987509773	True	False	1553
SEMA3F	Semaphorin-3F;Isoform 2 of Semaphorin-3F	Q13275;Q13275-2	6405	SEMA3F	official_exact	17	0.3617021276595745	3.9247302436577884	True	False	1183
PRSS22	Brain-specific serine protease 4	Q9GZN4	64063	PRSS22	official_exact	45	0.9574468085106383	5.402496867744409	True	True	1534
SEMG2	Semenogelin-2	Q02383	6407	SEMG2	official_exact	3	0.06382978723404255	4.0744229174647195	True	False	1122
SMOC1	SPARC-related modular calcium-binding protein 1;Isoform 2 of SPARC-related modular calcium-binding protein 1	Q9H4F8;Q9H4F8-2	64093	SMOC1	official_exact	26	0.5531914893617021	4.222248549969201	True	True	1549
TMBIM1	Protein lifeguard 3	Q969X1	64114	TMBIM1	official_exact	19	0.40425531914893614	5.025174716423936	True	False	1448
TINAGL1	Tubulointerstitial nephritis antigen-like	Q9GZM7	64129	TINAGL1	official_exact	42	0.8936170212765957	4.950444423154403	True	True	1533
XYLT1	Xylosyltransferase 1	Q86Y38	64131	XYLT1	official_exact	34	0.723404255319149	4.798114324172612	True	True	1367
XYLT2	Xylosyltransferase 2	Q9H1B5	64132	XYLT2	official_exact	18	0.3829787234042553	4.163166539448216	True	False	1539
SELENOP	Selenoprotein P	P49908	6414	SELENOP	official_exact	44	0.9361702127659575	6.01483311885217	True	True	921
SET	Protein SET;Isoform 2 of Protein SET;Isoform 3 of Protein SET;Isoform 4 of Protein SET	Q01105;Q01105-2;Q01105-3;Q01105-4	6418	SET	official_exact	28	0.5957446808510638	5.3017383750117535	True	True	1114
BLMH	Bleomycin hydrolase	Q13867	642	BLMH	official_exact	32	0.6808510638297872	5.687409514973942	True	True	1206
SFPQ	Splicing factor, proline- and glutamine-rich	P23246	6421	SFPQ	official_exact	3	0.06382978723404255	4.064515826247939	True	False	702
SFRP1	Secreted frizzled-related protein 1	Q8N474	6422	SFRP1	official_exact	47	1.0	7.570944300086722	True	True	1382
TOR3A	Torsin-3A	Q9H497	64222	TOR3A	official_exact	13	0.2765957446808511	5.22107817010024	True	False	1547
SFRP4	Secreted frizzled-related protein 4	Q6FHJ7	6424	SFRP4	official_exact	2	0.0425531914893617	3.043701686103404	True	False	1313
SRSF1	Serine/arginine-rich splicing factor 1	Q07955	6426	SRSF1	official_exact	4	0.0851063829787234	5.332842534533859	True	False	1147
SIL1	Nucleotide exchange factor SIL1	Q9H173	64374	SIL1	official_exact	46	0.9787234042553191	6.063324522356401	True	True	1537
BLVRA	Biliverdin reductase A	P53004	644	BLVRA	official_exact	9	0.19148936170212766	6.161718541453955	True	False	959
ATG3	Ubiquitin-like-conjugating enzyme ATG3;Isoform 2 of Ubiquitin-like-conjugating enzyme ATG3	Q9NT62;Q9NT62-2	64422	ATG3	official_exact	6	0.1276595744680851	3.738199347272758	True	False	1590
CSMD1	CUB and sushi domain-containing protein 1;Isoform 2 of CUB and sushi domain-containing protein 1;Isoform 3 of CUB and sushi domain-containing protein 1;Isoform 4 of CUB and sushi domain-containing protein 1	Q96PZ7;Q96PZ7-2;Q96PZ7-3;Q96PZ7-4	64478	CSMD1	official_exact	5	0.10638297872340426	3.903008383064029	True	False	1476
SGSH	N-sulphoglucosamine sulphohydrolase	P51688	6448	SGSH	official_exact	38	0.8085106382978723	5.572539793948874	True	True	945
SGTA	Small glutamine-rich tetratricopeptide repeat-containing protein alpha	O43765	6449	SGTA	official_exact	2	0.0425531914893617	4.514929475438494	True	False	151
BLVRB	Flavin reductase (NADPH)	P30043	645	BLVRB	official_exact	16	0.3404255319148936	4.344589250354439	True	False	766
SH3BGRL	SH3 domain-binding glutamic acid-rich-like protein	O75368	6451	SH3BGRL	official_exact	37	0.7872340425531915	5.217582213192182	True	True	190
SH3GL3	Endophilin-A3;Isoform 2 of Endophilin-A3;Isoform 3 of Endophilin-A3;Isoform 4 of Endophilin-A3	Q99963;Q99963-2;Q99963-3;Q99963-4	6457	SH3GL3	official_exact	47	1.0	8.478669281247674	True	True	1507
SHMT1	Serine hydroxymethyltransferase, cytosolic;Isoform 2 of Serine hydroxymethyltransferase, cytosolic;Isoform 3 of Serine hydroxymethyltransferase, cytosolic	P34896;P34896-2;P34896-3	6470	SHMT1	official_exact	7	0.14893617021276595	4.591024289928593	True	False	808
EPS8L2	Epidermal growth factor receptor kinase substrate 8-like protein 2;Isoform 3 of Epidermal growth factor receptor kinase substrate 8-like protein 2	Q9H6S3;Q9H6S3-3	64787	EPS8L2	official_exact	25	0.5319148936170213	4.922244572497136	True	True	1552
ST6GAL1	Beta-galactoside alpha-2,6-sialyltransferase 1	P15907	6480	ST6GAL1	official_exact	46	0.9787234042553191	4.4659589871522964	True	True	618
ST3GAL1	CMP-N-acetylneuraminate-beta-galactosamide-alpha-2,3-sialyltransferase 1	Q11201	6482	ST3GAL1	official_exact	47	1.0	5.684699616900949	True	True	1164
ST3GAL4	CMP-N-acetylneuraminate-beta-galactosamide-alpha-2,3-sialyltransferase 4;Isoform 2 of CMP-N-acetylneuraminate-beta-galactosamide-alpha-2,3-sialyltransferase 4;Isoform 3 of CMP-N-acetylneuraminate-beta-galactosamide-alpha-2,3-sialyltransferase 4;Isoform 4 of CMP-N-acetylneuraminate-beta-galactosamide-alpha-2,3-sialyltransferase 4;Isoform 5 of CMP-N-acetylneuraminate-beta-galactosamide-alpha-2,3-sialyltransferase 4;Isoform 6 of CMP-N-acetylneuraminate-beta-galactosamide-alpha-2,3-sialyltransferase 4;Isoform 7 of CMP-N-acetylneuraminate-beta-galactosamide-alpha-2,3-sialyltransferase 4	Q11206;Q11206-2;Q11206-3;Q11206-4;Q11206-5;Q11206-6;Q11206-7	6484	ST3GAL4	official_exact	20	0.425531914893617	3.9068263943042236	True	False	1165
NIBAN2	Protein Niban 2;Isoform 2 of Protein Niban 2	Q96TA1;Q96TA1-2	64855	NIBAN2	official_exact	31	0.6595744680851063	4.981754528428094	True	True	1484
VWA1	von Willebrand factor A domain-containing protein 1	Q6PCB0	64856	VWA1	official_exact	41	0.8723404255319149	4.895535622489682	True	True	1321
SKP1	S-phase kinase-associated protein 1	P63208	6500	SKP1	official_exact	8	0.1702127659574468	4.4797749218849745	True	False	1069
BMP3	Bone morphogenetic protein 3	P12645	651	BMP3	official_exact	37	0.7872340425531915	4.79637307023091	True	True	561
SLC1A5	Neutral amino acid transporter B(0)	Q15758	6510	SLC1A5	official_exact	5	0.10638297872340426	3.7117979211792766	True	False	1264
SLC3A2	4F2 cell-surface antigen heavy chain;Isoform 2 of 4F2 cell-surface antigen heavy chain;Isoform 3 of 4F2 cell-surface antigen heavy chain;Isoform 4 of 4F2 cell-surface antigen heavy chain	P08195;P08195-2;P08195-3;P08195-4	6520	SLC3A2	official_exact	8	0.1702127659574468	3.126361632548932	True	False	457
SLC5A1	Sodium/glucose cotransporter 1;Isoform 2 of Sodium/glucose cotransporter 1	P13866;P13866-2	6523	SLC5A1	official_exact	20	0.425531914893617	5.197644156574202	True	False	588
SLC12A2	Solute carrier family 12 member 2;Isoform 2 of Solute carrier family 12 member 2	P55011;P55011-3	6558	SLC12A2	official_exact	5	0.10638297872340426	4.801541809437196	True	False	972
SLC14A1	Urea transporter 1;Isoform 2 of Urea transporter 1	Q13336;Q13336-2	6563	SLC14A1	official_exact	17	0.3617021276595745	4.50401796688615	True	False	1188
SLIT3	Slit homolog 3 protein;Isoform 4 of Slit homolog 3 protein	O75094;O75094-4	6586	SLIT3	official_exact	42	0.8936170212765957	4.4814923674808895	True	True	178
SLPI	Antileukoproteinase	P03973	6590	SLPI	official_exact	47	1.0	8.215362359964399	True	True	355
CHID1	Chitinase domain-containing protein 1;Isoform 2 of Chitinase domain-containing protein 1;Isoform 3 of Chitinase domain-containing protein 1	Q9BWS9;Q9BWS9-2;Q9BWS9-3	66005	CHID1	official_exact	46	0.9787234042553191	5.750624687451338	True	True	1525
SMPD1	Sphingomyelin phosphodiesterase;Isoform 4 of Sphingomyelin phosphodiesterase	P17405;P17405-4	6609	SMPD1	official_exact	39	0.8297872340425532	6.383854690171096	True	True	635
SNRPD2	Small nuclear ribonucleoprotein Sm D2	P62316	6633	SNRPD2	official_exact	5	0.10638297872340426	3.8104429783934264	True	False	1035
SNRPD3	Small nuclear ribonucleoprotein Sm D3;Isoform 2 of Small nuclear ribonucleoprotein Sm D3	P62318;P62318-2	6634	SNRPD3	official_exact	9	0.19148936170212766	5.37955737492396	True	False	1036
SOD1	Superoxide dismutase [Cu-Zn]	P00441	6647	SOD1	official_exact	33	0.7021276595744681	5.892911943198719	True	True	247
SOD2	Superoxide dismutase [Mn], mitochondrial;Isoform 4 of Superoxide dismutase [Mn], mitochondrial	P04179;P04179-4	6648	SOD2	official_exact	23	0.48936170212765956	4.3244777876981075	True	False	367
SOD3	Extracellular superoxide dismutase [Cu-Zn]	P08294	6649	SOD3	official_exact	43	0.9148936170212766	4.714596856586902	True	True	463
SORD	Sorbitol dehydrogenase	Q00796	6652	SORD	official_exact	12	0.2553191489361702	5.2728039973369665	True	False	1112
SORL1	Sortilin-related receptor	Q92673	6653	SORL1	official_exact	25	0.5319148936170213	4.560891730026915	True	True	1434
SPINT1	Kunitz-type protease inhibitor 1;Isoform 2 of Kunitz-type protease inhibitor 1	O43278;O43278-2	6692	SPINT1	official_exact	43	0.9148936170212766	4.503015184702971	True	True	136
SPRR1A	Cornifin-A	P35321	6698	SPRR1A	official_exact	20	0.425531914893617	4.358010065637903	True	False	820
SPRR1B	Cornifin-B	P22528	6699	SPRR1B	official_exact	34	0.723404255319149	5.4898125543408005	True	True	694
SPRR2A	Small proline-rich protein 2A	P35326	6700	SPRR2A	official_exact	16	0.3404255319148936	5.667786231967457	True	False	821
SPRR2D	Small proline-rich protein 2D	P22532	6703	SPRR2D	official_exact	25	0.5319148936170213	5.6775013687282465	True	True	695
SPRR2F	Small proline-rich protein 2F	Q96RM1	6705	SPRR2F	official_exact	4	0.0851063829787234	7.010744584307918	True	False	1480
SPRR2G	Small proline-rich protein 2G	Q9BYE4	6706	SPRR2G	official_exact	2	0.0425531914893617	7.121022641310791	True	False	1529
SPRR3	Small proline-rich protein 3	Q9UBC9	6707	SPRR3	official_exact	38	0.8085106382978723	6.7163788895967125	True	True	1621
SPTAN1	Spectrin alpha chain, non-erythrocytic 1;Isoform 2 of Spectrin alpha chain, non-erythrocytic 1;Isoform 3 of Spectrin alpha chain, non-erythrocytic 1	Q13813;Q13813-2;Q13813-3	6709	SPTAN1	official_exact	21	0.44680851063829785	4.5217209562166225	True	False	1203
BPI	Bactericidal permeability-increasing protein	P17213	671	BPI	official_exact	17	0.3617021276595745	4.5742533925031665	True	False	634
SPTBN2	Spectrin beta chain, non-erythrocytic 2	O15020	6712	SPTBN2	official_exact	9	0.19148936170212766	4.713714363581814	True	False	117
SRI	Sorcin;Isoform 2 of Sorcin;Isoform 3 of Sorcin	P30626;P30626-2;P30626-3	6717	SRI	official_exact	5	0.10638297872340426	4.221772216685627	True	False	781
SRP14	Signal recognition particle 14 kDa protein	P37108	6727	SRP14	official_exact	1	0.02127659574468085	3.892173966074511	True	False	839
SRPRA	Signal recognition particle receptor subunit alpha;Isoform 2 of Signal recognition particle receptor subunit alpha	P08240;P08240-2	6734	SRPRA	official_exact	28	0.5957446808510638	4.412504072460859	True	True	460
RO60	60 kDa SS-A/Ro ribonucleoprotein;Isoform Short of 60 kDa SS-A/Ro ribonucleoprotein;Isoform 3 of 60 kDa SS-A/Ro ribonucleoprotein;Isoform 4 of 60 kDa SS-A/Ro ribonucleoprotein;Isoform 5 of 60 kDa SS-A/Ro ribonucleoprotein	P10155;P10155-2;P10155-3;P10155-4;P10155-5	6738	RO60	official_exact	9	0.19148936170212766	5.183906108571245	True	False	526
SSBP1	Single-stranded DNA-binding protein, mitochondrial	Q04837	6742	SSBP1	official_exact	6	0.1276595744680851	3.1966699104762064	True	False	1136
SSR4	Translocon-associated protein subunit delta	P51571	6748	SSR4	official_exact	7	0.14893617021276595	4.884234439128138	True	False	940
ST13	Hsc70-interacting protein	P50502	6767	ST13	official_exact	13	0.2765957446808511	5.080878994325969	True	False	927
ST14	Suppressor of tumorigenicity 14 protein	Q9Y5Y6	6768	ST14	official_exact	19	0.40425531914893614	4.135748264658697	True	False	1688
STAT1	Signal transducer and activator of transcription 1-alpha/beta	P42224	6772	STAT1	official_exact	13	0.2765957446808511	5.9208052369916775	True	False	864
STAT3	Signal transducer and activator of transcription 3;Isoform Del-701 of Signal transducer and activator of transcription 3;Isoform 3 of Signal transducer and activator of transcription 3	P40763;P40763-2;P40763-3	6774	STAT3	official_exact	3	0.06382978723404255	2.6975477245445076	True	False	856
STAU1	Double-stranded RNA-binding protein Staufen homolog 1;Isoform Short of Double-stranded RNA-binding protein Staufen homolog 1	O95793;O95793-2	6780	STAU1	official_exact	46	0.9787234042553191	4.581169005788564	True	True	231
HSPA13	Heat shock 70 kDa protein 13	P48723	6782	HSPA13	official_exact	47	1.0	6.018640132542717	True	True	897
STIM1	Stromal interaction molecule 1;Isoform 2 of Stromal interaction molecule 1	Q13586;Q13586-2	6786	STIM1	official_exact	8	0.1702127659574468	4.242861751052674	True	False	1199
STX3	Syntaxin-3;Isoform B of Syntaxin-3;Isoform 3 of Syntaxin-3	Q13277;Q13277-2;Q13277-3	6809	STX3	official_exact	6	0.1276595744680851	4.15116034490868	True	False	1184
STXBP2	Syntaxin-binding protein 2;Isoform 2 of Syntaxin-binding protein 2;Isoform 3 of Syntaxin-binding protein 2	Q15833;Q15833-2;Q15833-3	6813	STXBP2	official_exact	4	0.0851063829787234	3.779958623964797	True	False	1267
SULT2B1	Sulfotransferase 2B1;Isoform 2 of Sulfotransferase 2B1	O00204;O00204-2	6820	SULT2B1	official_exact	9	0.19148936170212766	4.489461274377288	True	False	86
BST1	ADP-ribosyl cyclase/cyclic ADP-ribose hydrolase 2;Isoform 2 of ADP-ribosyl cyclase/cyclic ADP-ribose hydrolase 2	Q10588;Q10588-2	683	BST1	official_exact	8	0.1702127659574468	5.399660269392104	True	False	1163
BTD	Biotinidase;Isoform 2 of Biotinidase;Isoform 3 of Biotinidase;Isoform 4 of Biotinidase	P43251;P43251-2;P43251-3;P43251-4	686	BTD	official_exact	47	1.0	6.194449981330898	True	True	871
TALDO1	Transaldolase	P37837	6888	TALDO1	official_exact	40	0.851063829787234	5.637514721788937	True	True	841
TAPBP	Tapasin;Isoform 2 of Tapasin;Isoform 3 of Tapasin	O15533;O15533-2;O15533-3	6892	TAPBP	official_exact	12	0.2553191489361702	5.319108469874548	True	False	131
TBCA	Tubulin-specific chaperone A;Isoform 2 of Tubulin-specific chaperone A	O75347;O75347-2	6902	TBCA	official_exact	6	0.1276595744680851	4.465128715905237	True	False	183
ELOC	Elongin-C	Q15369	6921	ELOC	official_exact	4	0.0851063829787234	4.343064997556531	True	False	1254
ELOB	Elongin-B;Isoform 2 of Elongin-B	Q15370;Q15370-2	6923	ELOB	official_exact	7	0.14893617021276595	4.786117842002477	True	False	1255
GCFC2	Isoform 4 of Intron Large complex component GCFC2	P16383-4	6936	GCFC2	official_exact	23	0.48936170212765956	8.382500150487983	True	False	626
TCN1	Transcobalamin-1	P20061	6947	TCN1	official_exact	47	1.0	7.611509807405007	True	True	665
TCN2	Transcobalamin-2	P20062	6948	TCN2	official_exact	41	0.8723404255319149	4.915235594178367	True	True	666
TCP1	T-complex protein 1 subunit alpha	P17987	6950	TCP1	official_exact	15	0.3191489361702128	4.683239338913904	True	False	643
TF	Serotransferrin	P02787	7018	TF	official_exact	47	1.0	6.880561993494643	True	True	349
TFF1	Trefoil factor 1	P04155	7031	TFF1	official_exact	40	0.851063829787234	5.924184398518843	True	True	365
TFF3	Trefoil factor 3	Q07654	7033	TFF3	official_exact	32	0.6808510638297872	6.097760338058226	True	True	1146
TGFB2	Transforming growth factor beta-2 proprotein;Isoform B of Transforming growth factor beta-2 proprotein	P61812;P61812-2	7042	TGFB2	official_exact	26	0.5531914893617021	4.8618642019687055	True	True	1019
TGFBI	Transforming growth factor-beta-induced protein ig-h3	Q15582	7045	TGFBI	official_exact	30	0.6382978723404256	3.7585016442002637	True	True	1261
TGM1	Protein-glutamine gamma-glutamyltransferase K	P22735	7051	TGM1	official_exact	19	0.40425531914893614	5.315553840346829	True	False	698
TGM2	Protein-glutamine gamma-glutamyltransferase 2	P21980	7052	TGM2	official_exact	32	0.6808510638297872	5.4342101495000215	True	True	687
TGM3	Protein-glutamine gamma-glutamyltransferase E	Q08188	7053	TGM3	official_exact	37	0.7872340425531915	4.922893583026504	True	True	1150
THBS1	Thrombospondin-1	P07996	7057	THBS1	official_exact	47	1.0	5.83548993049085	True	True	451
TIMP1	Metalloproteinase inhibitor 1	P01033	7076	TIMP1	official_exact	47	1.0	7.378613829895093	True	True	273
TIMP2	Metalloproteinase inhibitor 2	P16035	7077	TIMP2	official_exact	43	0.9148936170212766	5.0856627395026015	True	True	621
C1QBP	Complement component 1 Q subcomponent-binding protein, mitochondrial	Q07021	708	C1QBP	official_exact	4	0.0851063829787234	4.1107013300268225	True	False	1144
TKT	Transketolase;Isoform 2 of Transketolase	P29401;P29401-2	7086	TKT	official_exact	31	0.6595744680851063	5.108532592300744	True	True	757
TLN1	Talin-1	Q9Y490	7094	TLN1	official_exact	14	0.2978723404255319	3.5091190620245563	True	False	1685
TLR2	Toll-like receptor 2	O60603	7097	TLR2	official_exact	46	0.9787234042553191	5.705255544449272	True	True	166
ACTG1	Actin, cytoplasmic 2	P63261	71	ACTG1	official_exact	12	0.2553191489361702	4.932938063824684	True	False	1072
SERPING1	Plasma protease C1 inhibitor;Isoform 2 of Plasma protease C1 inhibitor;Isoform 3 of Plasma protease C1 inhibitor	P05155;P05155-2;P05155-3	710	SERPING1	official_exact	45	0.9574468085106383	5.987544980201005	True	True	393
TMSB4X	Thymosin beta-4	P62328	7114	TMSB4X	official_exact	45	0.9574468085106383	6.3494538862442695	True	True	1037
C1QA	Complement C1q subcomponent subunit A	P02745	712	C1QA	official_exact	2	0.0425531914893617	5.888286447166443	True	False	334
CLEC3B	Tetranectin	P05452	7123	CLEC3B	official_exact	44	0.9361702127659575	4.986899167735171	True	True	402
C1QB	Complement C1q subcomponent subunit B	P02746	713	C1QB	official_exact	7	0.14893617021276595	4.802633602965254	True	False	335
C1QC	Complement C1q subcomponent subunit C	P02747	714	C1QC	official_exact	11	0.23404255319148937	4.5850033175931975	True	False	336
TNS1	Tensin-1	Q9HBL0	7145	TNS1	official_exact	20	0.425531914893617	3.194290759656923	True	False	1562
C1R	Complement C1r subcomponent	P00736	715	C1R	official_exact	41	0.8723404255319149	5.4640743009582105	True	True	256
C1S	Complement C1s subcomponent	P09871	716	C1S	official_exact	16	0.3404255319148936	4.493228009491844	True	False	494
TPD52	Tumor protein D52;Isoform 2 of Tumor protein D52;Isoform 3 of Tumor protein D52;Isoform 4 of Tumor protein D52;Isoform 5 of Tumor protein D52;Isoform 6 of Tumor protein D52;Isoform 7 of Tumor protein D52	P55327;P55327-2;P55327-3;P55327-4;P55327-5;P55327-6;P55327-7	7163	TPD52	official_exact	22	0.46808510638297873	4.24074611985963	True	False	982
TPD52L2	Tumor protein D54;Isoform 2 of Tumor protein D54;Isoform 3 of Tumor protein D54;Isoform 4 of Tumor protein D54;Isoform 5 of Tumor protein D54;Isoform 6 of Tumor protein D54;Isoform 7 of Tumor protein D54	O43399;O43399-2;O43399-3;O43399-4;O43399-5;O43399-6;O43399-7	7165	TPD52L2	official_exact	4	0.0851063829787234	4.7895174589268805	True	False	142
TPI1	Triosephosphate isomerase;Isoform 2 of Triosephosphate isomerase	P60174;P60174-3	7167	TPI1	official_exact	47	1.0	5.6343679374870845	True	True	997
C2	Complement C2	P06681	717	C2	official_exact	35	0.7446808510638298	4.5079690467306275	True	True	413
TPM3	Isoform 2 of Tropomyosin alpha-3 chain;Isoform 5 of Tropomyosin alpha-3 chain	P06753-2;P06753-5	7170	TPM3	official_exact	42	0.8936170212765957	4.991240226627855	True	True	422
TPM4	Isoform 2 of Tropomyosin alpha-4 chain	P67936-2	7171	TPM4	official_exact	14	0.2978723404255319	4.771216763040722	True	False	1076
TPT1	Translationally-controlled tumor protein	P13693	7178	TPT1	official_exact	12	0.2553191489361702	4.344944832502787	True	False	581
C3	Complement C3	P01024	718	C3	official_exact	47	1.0	7.23716181051252	True	True	271
CRISP2	Cysteine-rich secretory protein 2;Isoform 2 of Cysteine-rich secretory protein 2	P16562;P16562-2	7180	CRISP2	official_exact	6	0.1276595744680851	3.508016372665169	True	False	629
HSP90B1	Endoplasmin	P14625	7184	HSP90B1	official_exact	46	0.9787234042553191	5.166276069604216	True	True	599
C4A	Complement C4-A	P0C0L4	720	C4A	official_exact	46	0.9787234042553191	5.420613480950605	True	True	498
CCT3	T-complex protein 1 subunit gamma;Isoform 2 of T-complex protein 1 subunit gamma	P49368;P49368-2	7203	CCT3	official_exact	14	0.2978723404255319	4.957044913616404	True	False	904
C4B	Complement C4-B	P0C0L5	721	C4B	official_exact	16	0.3404255319148936	5.380793333711833	True	False	499
C4BPA	C4b-binding protein alpha chain	P04003	722	C4BPA	official_exact	24	0.5106382978723404	4.781772955960111	True	True	356
TSN	Translin	Q15631	7247	TSN	official_exact	3	0.06382978723404255	5.523941165337747	True	False	1262
TSG101	Tumor susceptibility gene 101 protein	Q99816	7251	TSG101	official_exact	23	0.48936170212765956	5.1802057142342575	True	False	1500
TSNAX	Translin-associated protein X	Q99598	7257	TSNAX	official_exact	1	0.02127659574468085	4.049934109508718	True	False	1495
CAPN5	Calpain-5	O15484	726	CAPN5	official_exact	8	0.1702127659574468	4.804241286045864	True	False	129
GFUS	GDP-L-fucose synthase	Q13630	7264	GFUS	official_exact	12	0.2553191489361702	5.077950435520852	True	False	1200
C5	Complement C5	P01031	727	C5	official_exact	9	0.19148936170212766	4.755430406368303	True	False	272
TTR	Transthyretin	P02766	7276	TTR	official_exact	46	0.9787234042553191	6.839574244444533	True	True	345
TUBA4A	Tubulin alpha-4A chain;Isoform 2 of Tubulin alpha-4A chain	P68366;P68366-2	7277	TUBA4A	official_exact	16	0.3404255319148936	5.894925688048522	True	False	1080
MUC5B	Mucin-5B	Q9HC84	727897	MUC5B	official_exact	41	0.8723404255319149	5.286122002919359	True	True	1565
TUBB2A	Tubulin beta-2A chain	Q13885	7280	TUBB2A	official_exact	7	0.14893617021276595	3.466543647506875	True	False	1207
TUFM	Elongation factor Tu, mitochondrial	P49411	7284	TUFM	official_exact	14	0.2978723404255319	4.053036840022382	True	False	906
TUFT1	Tuftelin;Isoform 2 of Tuftelin;Isoform 3 of Tuftelin	Q9NNX1;Q9NNX1-2;Q9NNX1-3	7286	TUFT1	official_exact	2	0.0425531914893617	5.185123381811354	True	False	1569
C6	Complement component C6	P13671	729	C6	official_exact	5	0.10638297872340426	5.4317753241302915	True	False	578
TXN	Thioredoxin	P10599	7295	TXN	official_exact	47	1.0	7.282780197506602	True	True	530
C7	Complement component C7	P10643	730	C7	official_exact	4	0.0851063829787234	5.134693765355304	True	False	532
C8A	Complement component C8 alpha chain	P07357	731	C8A	official_exact	9	0.19148936170212766	3.742345212995121	True	False	434
UBA1	Ubiquitin-like modifier-activating enzyme 1;Isoform 2 of Ubiquitin-like modifier-activating enzyme 1	P22314;P22314-2	7317	UBA1	official_exact	36	0.7659574468085106	4.827057154426272	True	True	691
C8B	Complement component C8 beta chain	P07358	732	C8B	official_exact	8	0.1702127659574468	5.394791543562025	True	False	435
C8G	Complement component C8 gamma chain	P07360	733	C8G	official_exact	8	0.1702127659574468	5.943393045827949	True	False	436
UBE2L3	Ubiquitin-conjugating enzyme E2 L3;Isoform 2 of Ubiquitin-conjugating enzyme E2 L3;Isoform 3 of Ubiquitin-conjugating enzyme E2 L3	P68036;P68036-2;P68036-3	7332	UBE2L3	official_exact	9	0.19148936170212766	5.335717593707495	True	False	1077
UBE2N	Ubiquitin-conjugating enzyme E2 N	P61088	7334	UBE2N	official_exact	14	0.2978723404255319	5.246591490522112	True	False	1010
UCHL3	Ubiquitin carboxyl-terminal hydrolase isozyme L3	P15374	7347	UCHL3	official_exact	3	0.06382978723404255	4.710167734993869	True	False	612
UPK1B	Uroplakin-1b	O75841	7348	UPK1B	official_exact	15	0.3191489361702128	4.707391151548162	True	False	205
C9	Complement component C9	P02748	735	C9	official_exact	36	0.7659574468085106	5.197940872588275	True	True	337
UGP2	UTP--glucose-1-phosphate uridylyltransferase;Isoform 2 of UTP--glucose-1-phosphate uridylyltransferase	Q16851;Q16851-2	7360	UGP2	official_exact	13	0.2765957446808511	4.742668397148376	True	False	1286
UQCRC1	Cytochrome b-c1 complex subunit 1, mitochondrial	P31930	7384	UQCRC1	official_exact	9	0.19148936170212766	3.6279685287256833	True	False	790
UQCRC2	Cytochrome b-c1 complex subunit 2, mitochondrial	P22695	7385	UQCRC2	official_exact	5	0.10638297872340426	4.14152000806966	True	False	697
VCL	Vinculin;Isoform 1 of Vinculin	P18206;P18206-2	7414	VCL	official_exact	34	0.723404255319149	4.782857711450946	True	True	646
VCP	Transitional endoplasmic reticulum ATPase	P55072	7415	VCP	official_exact	37	0.7872340425531915	4.961962036652918	True	True	976
VDAC1	Voltage-dependent anion-selective channel protein 1	P21796	7416	VDAC1	official_exact	13	0.2765957446808511	4.666902598866187	True	False	684
VDAC2	Voltage-dependent anion-selective channel protein 2;Isoform 1 of Voltage-dependent anion-selective channel protein 2;Isoform 2 of Voltage-dependent anion-selective channel protein 2	P45880;P45880-1;P45880-2	7417	VDAC2	official_exact	7	0.14893617021276595	4.5507835332433055	True	False	875
VEGFB	Vascular endothelial growth factor B;Isoform VEGF-B167 of Vascular endothelial growth factor B	P49765;P49765-2	7423	VEGFB	official_exact	7	0.14893617021276595	4.620274425587046	True	False	917
EZR	Ezrin	P15311	7430	EZR	official_exact	45	0.9574468085106383	5.11178837249029	True	True	610
VIM	Vimentin	P08670	7431	VIM	official_exact	36	0.7659574468085106	5.503092112128185	True	True	470
VTN	Vitronectin	P04004	7448	VTN	official_exact	47	1.0	5.950958340550979	True	True	357
WARS1	Tryptophan--tRNA ligase, cytoplasmic;Isoform 2 of Tryptophan--tRNA ligase, cytoplasmic	P23381;P23381-2	7453	WARS1	official_exact	11	0.23404255319148937	4.325010168910233	True	False	706
EIF4H	Eukaryotic translation initiation factor 4H;Isoform Short of Eukaryotic translation initiation factor 4H	Q15056;Q15056-2	7458	EIF4H	official_exact	12	0.2553191489361702	5.235943890059936	True	False	1245
XPNPEP1	Xaa-Pro aminopeptidase 1;Isoform 2 of Xaa-Pro aminopeptidase 1;Isoform 3 of Xaa-Pro aminopeptidase 1;Isoform 4 of Xaa-Pro aminopeptidase 1	Q9NQW7;Q9NQW7-2;Q9NQW7-3;Q9NQW7-4	7511	XPNPEP1	official_exact	1	0.02127659574468085	3.603394983721526	True	False	1582
YWHAB	14-3-3 protein beta/alpha;Isoform Short of 14-3-3 protein beta/alpha	P31946;P31946-2	7529	YWHAB	official_exact	25	0.5319148936170213	5.224731551903281	True	True	795
YWHAE	14-3-3 protein epsilon	P62258	7531	YWHAE	official_exact	45	0.9574468085106383	4.874131961349327	True	True	1030
YWHAG	14-3-3 protein gamma	P61981	7532	YWHAG	official_exact	18	0.3829787234042553	3.727261290936638	True	False	1025
YWHAH	14-3-3 protein eta	Q04917	7533	YWHAH	official_exact	18	0.3829787234042553	4.770049993141356	True	False	1137
YWHAZ	14-3-3 protein zeta/delta	P63104	7534	YWHAZ	official_exact	46	0.9787234042553191	6.217895366757051	True	True	1066
PTTG1IP	Pituitary tumor-transforming gene 1 protein-interacting protein	P53801	754	PTTG1IP	official_exact	11	0.23404255319148937	4.758137902214751	True	False	962
CNBP	Cellular nucleic acid-binding protein;Isoform 2 of Cellular nucleic acid-binding protein;Isoform 3 of Cellular nucleic acid-binding protein;Isoform 7 of Cellular nucleic acid-binding protein	P62633;P62633-2;P62633-3;P62633-7	7555	CNBP	official_exact	2	0.0425531914893617	3.328865689124976	True	False	1040
CA2	Carbonic anhydrase 2	P00918	760	CA2	official_exact	15	0.3191489361702128	3.682842460704821	True	False	264
CA6	Carbonic anhydrase 6;Isoform 3 of Carbonic anhydrase 6	P23280;P23280-3	765	CA6	official_exact	21	0.44680851063829785	4.881074741357023	True	False	703
PSAPL1	Proactivator polypeptide-like 1	Q6NUJ1	768239	PSAPL1	official_exact	40	0.851063829787234	6.122322973634171	True	True	1317
ZNF185	Zinc finger protein 185;Isoform 2 of Zinc finger protein 185;Isoform 3 of Zinc finger protein 185;Isoform 4 of Zinc finger protein 185;Isoform 5 of Zinc finger protein 185;Isoform 6 of Zinc finger protein 185;Isoform 7 of Zinc finger protein 185;Isoform 8 of Zinc finger protein 185;Isoform 9 of Zinc finger protein 185	O15231;O15231-2;O15231-3;O15231-4;O15231-5;O15231-6;O15231-7;O15231-8;O15231-9	7739	ZNF185	official_exact	6	0.1276595744680851	3.652306385236466	True	False	124
ZYX	Zyxin;Isoform 2 of Zyxin	Q15942;Q15942-2	7791	ZYX	official_exact	3	0.06382978723404255	4.394717940475037	True	False	1271
DDR1	Epithelial discoidin domain-containing receptor 1;Isoform 2 of Epithelial discoidin domain-containing receptor 1;Isoform 4 of Epithelial discoidin domain-containing receptor 1;Isoform 5 of Epithelial discoidin domain-containing receptor 1	Q08345;Q08345-2;Q08345-5;Q08345-6	780	DDR1	official_exact	32	0.6808510638297872	4.13373426460259	True	True	1152
MOGS	Mannosyl-oligosaccharide glucosidase;Isoform 2 of Mannosyl-oligosaccharide glucosidase	Q13724;Q13724-2	7841	MOGS	official_exact	35	0.7446808510638298	4.9596484305634405	True	True	1201
MANF	Mesencephalic astrocyte-derived neurotrophic factor	P55145	7873	MANF	official_exact	8	0.1702127659574468	4.042213567200497	True	False	978
RAB7A	Ras-related protein Rab-7a	P51149	7879	RAB7A	official_exact	26	0.5531914893617021	4.80447876986506	True	True	937
CRELD1	Protein disulfide isomerase CRELD1;Isoform 2 of Protein disulfide isomerase CRELD1	Q96HD1;Q96HD1-2	78987	CRELD1	official_exact	14	0.2978723404255319	3.586565238249084	True	False	1463
METRN	Meteorin	Q9UJH8	79006	METRN	official_exact	7	0.14893617021276595	3.0172643002853956	True	False	1646
GGCT	Gamma-glutamylcyclotransferase	O75223	79017	GGCT	official_exact	43	0.9148936170212766	5.794183413856508	True	True	180
AHNAK	Neuroblast differentiation-associated protein AHNAK	Q09666	79026	AHNAK	official_exact	37	0.7872340425531915	5.159044736811798	True	True	1158
REEP5	Receptor expression-enhancing protein 5	Q00765	7905	REEP5	official_exact	2	0.0425531914893617	4.492037131502847	True	False	1111
TMEM109	Transmembrane protein 109	Q9BVC6	79073	TMEM109	official_exact	16	0.3404255319148936	4.731607010796996	True	False	1520
SARG	Specifically androgen-regulated gene protein	Q9BW04	79098	C1orf116	unique_synonym	4	0.0851063829787234	3.1809948856746137	True	False	1521
GDPD3	Lysophospholipase D GDPD3;Isoform 2 of Lysophospholipase D GDPD3	Q7L5L3;Q7L5L3-1	79153	GDPD3	official_exact	10	0.2127659574468085	4.483014388605897	True	False	1342
GNPTAB	N-acetylglucosamine-1-phosphotransferase subunits alpha/beta	Q3T906	79158	GNPTAB	official_exact	15	0.3191489361702128	5.420004140581992	True	False	1295
EFHD2	EF-hand domain-containing protein D2	Q96C19	79180	EFHD2	official_exact	19	0.40425531914893614	4.525083215182903	True	False	1454
TMEM43	Transmembrane protein 43	Q9BTV4	79188	TMEM43	official_exact	3	0.06382978723404255	3.634612331176753	True	False	1516
DDX39B	Spliceosome RNA helicase DDX39B;Isoform 2 of Spliceosome RNA helicase DDX39B	Q13838;Q13838-2	7919	DDX39B	official_exact	3	0.06382978723404255	6.23048314577574	True	False	1205
GLB1L	Beta-galactosidase-1-like protein;Isoform 2 of Beta-galactosidase-1-like protein	Q6UWU2;Q6UWU2-2	79411	GLB1L	official_exact	18	0.3829787234042553	5.575673004184059	True	False	1324
VTCN1	V-set domain-containing T-cell activation inhibitor 1	Q7Z7D3	79679	VTCN1	official_exact	31	0.6595744680851063	5.299341073251708	True	True	1351
STEAP4	Metalloreductase STEAP4	Q687X5	79689	STEAP4	official_exact	33	0.7021276595744681	5.6074927550251505	True	True	1309
GAL3ST4	Galactose-3-O-sulfotransferase 4	Q96RP7	79690	GAL3ST4	official_exact	4	0.0851063829787234	2.5431921186841944	True	False	1481
VPS37B	Vacuolar protein sorting-associated protein 37B	Q9H9H4	79720	VPS37B	official_exact	24	0.5106382978723404	3.6078014134491534	True	True	1557
MYH14	Isoform 2 of Myosin-14;Isoform 6 of Myosin-14	Q7Z406-2;Q7Z406-6	79784	MYH14	official_exact	34	0.723404255319149	4.492136298460085	True	True	1347
TFPI2	Tissue factor pathway inhibitor 2;Isoform 2 of Tissue factor pathway inhibitor 2	P48307;P48307-2	7980	TFPI2	official_exact	1	0.02127659574468085	3.404901694704467	True	False	892
PLBD1	Phospholipase B-like 1	Q6P4A8	79887	PLBD1	official_exact	22	0.46808510638297873	5.2042883225739125	True	False	1318
MAB21L4	Protein mab-21-like 4	Q08AI8	79919	MAB21L4	official_exact	6	0.1276595744680851	4.835985192242776	True	False	1156
KIAA0319L	Dyslexia-associated protein KIAA0319-like protein;Isoform 2 of Dyslexia-associated protein KIAA0319-like protein	Q8IZA0;Q8IZA0-2	79932	KIAA0319L	official_exact	38	0.8085106382978723	4.853829553159627	True	True	1375
POF1B	Protein POF1B;Isoform 1 of Protein POF1B	Q8WVV4;Q8WVV4-1	79983	POF1B	official_exact	13	0.2765957446808511	4.565655760390151	True	False	1422
PSCA	Prostate stem cell antigen	O43653	8000	PSCA	official_exact	26	0.5531914893617021	5.049196093811906	True	True	148
UXS1	UDP-glucuronic acid decarboxylase 1;Isoform 2 of UDP-glucuronic acid decarboxylase 1	Q8NBZ7;Q8NBZ7-2	80146	UXS1	official_exact	8	0.1702127659574468	3.946846605257126	True	False	1390
SPG11	Spatacsin;Isoform 2 of Spatacsin;Isoform 3 of Spatacsin	Q96JI7;Q96JI7-2;Q96JI7-3	80208	SPG11	official_exact	42	0.8936170212765957	16.40987596510268	True	True	1468
CCDC6	Coiled-coil domain-containing protein 6	Q16204	8030	CCDC6	official_exact	5	0.10638297872340426	4.469851072527999	True	False	1273
COL18A1	Collagen alpha-1(XVIII) chain;Isoform 2 of Collagen alpha-1(XVIII) chain;Isoform 3 of Collagen alpha-1(XVIII) chain	P39060;P39060-1;P39060-2	80781	COL18A1	official_exact	35	0.7446808510638298	4.774951902136689	True	True	847
ACTN4	Alpha-actinin-4	O43707	81	ACTN4	official_exact	45	0.9574468085106383	5.180581492253116	True	True	149
CALML3	Calmodulin-like protein 3	P27482	810	CALML3	official_exact	32	0.6808510638297872	5.889126191954048	True	True	735
CALR	Calreticulin	P27797	811	CALR	official_exact	47	1.0	5.536784340890879	True	True	739
ANP32A	Acidic leucine-rich nuclear phosphoprotein 32 family member A	P39687	8125	ANP32A	official_exact	7	0.14893617021276595	4.431211667489102	True	False	849
CALU	Calumenin;Isoform 3 of Calumenin	O43852;O43852-3	813	CALU	official_exact	47	1.0	6.352103520309297	True	True	155
GAN	Gigaxonin	Q9H2C0	8139	GAN	official_exact	2	0.0425531914893617	4.591251520209646	True	False	1542
HM13	Minor histocompatibility antigen H13;Isoform 2 of Minor histocompatibility antigen H13;Isoform 4 of Minor histocompatibility antigen H13;Isoform 5 of Minor histocompatibility antigen H13	Q8TCT9;Q8TCT9-2;Q8TCT9-4;Q8TCT9-5	81502	HM13	official_exact	9	0.19148936170212766	3.636610682447286	True	False	1410
ITFG1	T-cell immunomodulatory protein	Q8TB96	81533	ITFG1	official_exact	35	0.7446808510638298	4.254840485661159	True	True	1409
TXNDC5	Thioredoxin domain-containing protein 5;Isoform 2 of Thioredoxin domain-containing protein 5	Q8NBS9;Q8NBS9-2	81567	TXNDC5	official_exact	41	0.8723404255319149	5.6818803955064485	True	True	1389
MIA	Melanoma-derived growth regulatory protein	Q16674	8190	MIA	official_exact	3	0.06382978723404255	4.328895390542554	True	False	1281
CAMP	Cathelicidin antimicrobial peptide	P49913	820	CAMP	official_exact	22	0.46808510638297873	5.018238727266258	True	False	922
GDF5	Growth/differentiation factor 5	P43026	8200	GDF5	official_exact	6	0.1276595744680851	4.330169011082335	True	False	868
CANX	Calnexin;Isoform 2 of Calnexin	P27824;P27824-2	821	CANX	official_exact	15	0.3191489361702128	4.036961532477803	True	False	741
CAPG	Macrophage-capping protein;Isoform 2 of Macrophage-capping protein	P40121;P40121-2	822	CAPG	official_exact	35	0.7446808510638298	4.663588287856878	True	True	850
CAPN1	Calpain-1 catalytic subunit	P07384	823	CAPN1	official_exact	36	0.7659574468085106	4.936514465880094	True	True	437
CAPN2	Calpain-2 catalytic subunit	P17655	824	CAPN2	official_exact	20	0.425531914893617	4.789426538975956	True	False	636
CAPNS1	Calpain small subunit 1	P04632	826	CAPNS1	official_exact	38	0.8085106382978723	5.384084032370732	True	True	377
CAPS	Calcyphosin;Isoform 3 of Calcyphosin	Q13938;Q13938-4	828	CAPS	official_exact	19	0.40425531914893614	4.413558464758747	True	False	1208
CAPZA1	F-actin-capping protein subunit alpha-1	P52907	829	CAPZA1	official_exact	30	0.6382978723404256	5.070692268131996	True	True	957
CAPZA2	F-actin-capping protein subunit alpha-2	P47755	830	CAPZA2	official_exact	21	0.44680851063829785	5.261789775317387	True	False	883
CAST	Isoform 10 of Calpastatin;Isoform 5 of Calpastatin;Isoform 6 of Calpastatin;Isoform 7 of Calpastatin;Isoform 9 of Calpastatin	P20810-10;P20810-5;P20810-6;P20810-7;P20810-9	831	CAST	official_exact	17	0.3617021276595745	4.30648034262984	True	False	672
CAPZB	Isoform 2 of F-actin-capping protein subunit beta	P47756-2	832	CAPZB	official_exact	34	0.723404255319149	5.122138763552089	True	True	884
FZD1	Frizzled-1	Q9UP38	8321	FZD1	official_exact	9	0.19148936170212766	5.3419901379092085	True	False	1666
FCRL5	Fc receptor-like protein 5;Isoform 3 of Fc receptor-like protein 5	Q96RD9;Q96RD9-3	83416	FCRL5	official_exact	6	0.1276595744680851	3.748475344077664	True	False	1479
SH3BGRL3	SH3 domain-binding glutamic acid-rich-like protein 3	Q9H299	83442	SH3BGRL3	official_exact	28	0.5957446808510638	4.958139583554667	True	True	1541
EPPK1	Epiplakin	P58107	83481	EPPK1	official_exact	43	0.9148936170212766	7.015930699587056	True	True	991
H4C1	Histone H4	P62805	8359	H4C1	official_exact	45	0.9574468085106383	7.075754142936662	True	True	1046
CRISPLD1	Cysteine-rich secretory protein LCCL domain-containing 1	Q9H336	83690	CRISPLD1	official_exact	31	0.6595744680851063	4.214472245474962	True	True	1545
TMPRSS13	Transmembrane protease serine 13;Isoform 2 of Transmembrane protease serine 13;Isoform 3 of Transmembrane protease serine 13;Isoform 6 of Transmembrane protease serine 13	Q9BYE2;Q9BYE2-2;Q9BYE2-3;Q9BYE2-6	84000	TMPRSS13	official_exact	21	0.44680851063829785	4.360162569603003	True	False	1528
SLC25A11	Mitochondrial 2-oxoglutarate/malate carrier protein;Isoform 2 of Mitochondrial 2-oxoglutarate/malate carrier protein	Q02978;Q02978-2	8402	SLC25A11	official_exact	2	0.0425531914893617	1.8696538823587505	True	False	1129
SPARCL1	SPARC-like protein 1	Q14515	8404	SPARCL1	official_exact	45	0.9574468085106383	6.208671515869414	True	True	1229
ADGRV1	Adhesion G-protein coupled receptor V1;Isoform 2 of Adhesion G-protein coupled receptor V1	Q8WXG9;Q8WXG9-2	84059	ADGRV1	official_exact	44	0.9361702127659575	8.05872663659143	True	True	1427
TAGLN2	Transgelin-2;Isoform 2 of Transgelin-2	P37802;P37802-2	8407	TAGLN2	official_exact	41	0.8723404255319149	5.212596719448802	True	True	840
ANXA9	Annexin A9	O76027	8416	ANXA9	official_exact	6	0.1276595744680851	4.15501851598179	True	False	212
STX7	Syntaxin-7;Isoform 2 of Syntaxin-7	O15400;O15400-2	8417	STX7	official_exact	4	0.0851063829787234	4.280018873107171	True	False	128
STK24	Serine/threonine-protein kinase 24;Isoform A of Serine/threonine-protein kinase 24	Q9Y6E0;Q9Y6E0-2	8428	STK24	official_exact	14	0.2978723404255319	4.162416030895716	True	False	1694
CAPNS2	Calpain small subunit 2	Q96L46	84290	CAPNS2	official_exact	11	0.23404255319148937	4.974484612106493	True	False	1470
DDI2	Protein DDI1 homolog 2;Isoform 2 of Protein DDI1 homolog 2;Isoform 3 of Protein DDI1 homolog 2	Q5TDH0;Q5TDH0-2;Q5TDH0-3	84301	DDI2	official_exact	2	0.0425531914893617	4.904927547332422	True	False	1304
RASAL1	RasGAP-activating-like protein 1;Isoform 2 of RasGAP-activating-like protein 1;Isoform 3 of RasGAP-activating-like protein 1;Isoform 4 of RasGAP-activating-like protein 1	O95294;O95294-2;O95294-3;O95294-4	8437	RASAL1	official_exact	3	0.06382978723404255	5.319460028915889	True	False	220
ATRN	Attractin;Isoform 2 of Attractin;Isoform 3 of Attractin	O75882;O75882-2;O75882-3	8455	ATRN	official_exact	47	1.0	5.276533945574734	True	True	207
GNPTG	N-acetylglucosamine-1-phosphotransferase subunit gamma	Q9UJJ9	84572	GNPTG	official_exact	45	0.9574468085106383	6.130417538310089	True	True	1647
RNASE7	Ribonuclease 7	Q9H1E1	84659	RNASE7	official_exact	12	0.2553191489361702	5.08325788373976	True	False	1540
CAT	Catalase	P04040	847	CAT	official_exact	33	0.7021276595744681	4.223386482108065	True	True	358
TXNDC17	Thioredoxin domain-containing protein 17	Q9BRA2	84817	TXNDC17	official_exact	21	0.44680851063829785	4.5912948574223025	True	False	1511
ATP5MD	ATP synthase membrane subunit DAPIT, mitochondrial	Q96IX5	84833	ATP5MK	unique_synonym	5	0.10638297872340426	5.139481874625437	True	False	1466
LRP11	Low-density lipoprotein receptor-related protein 11;Isoform 2 of Low-density lipoprotein receptor-related protein 11	Q86VZ4;Q86VZ4-2	84918	LRP11	official_exact	2	0.0425531914893617	3.3352300191968713	True	False	1364
YBX3	Y-box-binding protein 3;Isoform 2 of Y-box-binding protein 3;Isoform 3 of Y-box-binding protein 3	P16989;P16989-2;P16989-3	8531	YBX3	official_exact	2	0.0425531914893617	6.253346072061828	True	False	631
CHST1	Carbohydrate sulfotransferase 1	O43916	8534	CHST1	official_exact	11	0.23404255319148937	3.114580988913651	True	False	157
BCAS1	Breast carcinoma-amplified sequence 1;Isoform 2 of Breast carcinoma-amplified sequence 1	O75363;O75363-2	8537	BCAS1	official_exact	9	0.19148936170212766	3.9061882765532787	True	False	188
APOL1	Apolipoprotein L1;Isoform 2 of Apolipoprotein L1;Isoform 3 of Apolipoprotein L1	O14791;O14791-2;O14791-3	8542	APOL1	official_exact	5	0.10638297872340426	3.8633049464329687	True	False	112
TNKS1BP1	182 kDa tankyrase-1-binding protein	Q9C0C2	85456	CNOT12	unique_synonym	3	0.06382978723404255	2.207329853723217	True	False	1532
SCIN	Adseverin;Isoform 2 of Adseverin	Q9Y6U3;Q9Y6U3-2	85477	SCIN	official_exact	8	0.1702127659574468	5.230776335765118	True	False	1697
YARS1	Tyrosine--tRNA ligase, cytoplasmic	P54577	8565	YARS1	official_exact	4	0.0851063829787234	5.014632955262233	True	False	965
LY6D	Lymphocyte antigen 6D	Q14210	8581	LY6D	official_exact	17	0.3617021276595745	4.269365279026511	True	False	1222
RNASET2	Ribonuclease T2	O00584	8635	RNASET2	official_exact	47	1.0	6.611298395339335	True	True	99
SERPINA6	Corticosteroid-binding globulin	P08185	866	SERPINA6	official_exact	17	0.3617021276595745	4.336092307393749	True	False	456
EIF3B	Eukaryotic translation initiation factor 3 subunit B;Isoform 2 of Eukaryotic translation initiation factor 3 subunit B	P55884;P55884-2	8662	EIF3B	official_exact	3	0.06382978723404255	5.068207692706028	True	False	986
EIF3D	Eukaryotic translation initiation factor 3 subunit D;Isoform 2 of Eukaryotic translation initiation factor 3 subunit D;Isoform 3 of Eukaryotic translation initiation factor 3 subunit D	O15371;O15371-2;O15371-3	8664	EIF3D	official_exact	2	0.0425531914893617	3.011328239019816	True	False	127
EIF3F	Eukaryotic translation initiation factor 3 subunit F	O00303	8665	EIF3F	official_exact	7	0.14893617021276595	5.232794326134043	True	False	90
EIF3I	Eukaryotic translation initiation factor 3 subunit I	Q13347	8668	EIF3I	official_exact	3	0.06382978723404255	3.3443468432960617	True	False	1189
EIF3J	Eukaryotic translation initiation factor 3 subunit J;Isoform 2 of Eukaryotic translation initiation factor 3 subunit J;Isoform 3 of Eukaryotic translation initiation factor 3 subunit J	O75822;O75822-2;O75822-3	8669	EIF3J	official_exact	4	0.0851063829787234	4.441334919360555	True	False	203
VAMP8	Vesicle-associated membrane protein 8	Q9BV40	8673	VAMP8	official_exact	7	0.14893617021276595	3.9103108728648754	True	False	1519
GALNT4	Polypeptide N-acetylgalactosaminyltransferase 4	Q8N4A0	8693	GALNT4	official_exact	44	0.9361702127659575	5.068836012789955	True	True	1383
ACTN1	Alpha-actinin-1;Isoform 3 of Alpha-actinin-1	P12814;P12814-3	87	ACTN1	official_exact	23	0.48936170212765956	3.977286300655901	True	False	563
B4GALT4	Beta-1,4-galactosyltransferase 4	O60513	8702	B4GALT4	official_exact	40	0.851063829787234	4.491768795080145	True	True	163
SERPINB7	Serpin B7;Isoform 2 of Serpin B7	O75635;O75635-2	8710	SERPINB7	official_exact	20	0.425531914893617	5.225087500161849	True	False	200
MBTPS1	Membrane-bound transcription factor site-1 protease	Q14703	8720	MBTPS1	official_exact	6	0.1276595744680851	5.008907260377896	True	False	1235
CTSF	Cathepsin F	Q9UBX1	8722	CTSF	official_exact	45	0.9574468085106383	5.931936589852691	True	True	1630
CBR1	Carbonyl reductase [NADPH] 1	P16152	873	CBR1	official_exact	25	0.5319148936170213	5.153219100243432	True	True	623
CBR3	Carbonyl reductase [NADPH] 3	O75828	874	CBR3	official_exact	5	0.10638297872340426	2.7074081092137328	True	False	204
TNFSF10	Tumor necrosis factor ligand superfamily member 10	P50591	8743	TNFSF10	official_exact	45	0.9574468085106383	5.412791162915552	True	True	929
ADAM15	Disintegrin and metalloproteinase domain-containing protein 15;Isoform 10 of Disintegrin and metalloproteinase domain-containing protein 15;Isoform 2 of Disintegrin and metalloproteinase domain-containing protein 15;Isoform 3 of Disintegrin and metalloproteinase domain-containing protein 15;Isoform 4 of Disintegrin and metalloproteinase domain-containing protein 15;Isoform 5 of Disintegrin and metalloproteinase domain-containing protein 15;Isoform 6 of Disintegrin and metalloproteinase domain-containing protein 15;Isoform 7 of Disintegrin and metalloproteinase domain-containing protein 15;Isoform 8 of Disintegrin and metalloproteinase domain-containing protein 15;Isoform 9 of Disintegrin and metalloproteinase domain-containing protein 15	Q13444;Q13444-10;Q13444-2;Q13444-3;Q13444-4;Q13444-5;Q13444-6;Q13444-7;Q13444-8;Q13444-9	8751	ADAM15	official_exact	29	0.6170212765957447	3.7915791521174675	True	True	1194
ADAM9	Disintegrin and metalloproteinase domain-containing protein 9;Isoform 2 of Disintegrin and metalloproteinase domain-containing protein 9	Q13443;Q13443-2	8754	ADAM9	official_exact	42	0.8936170212765957	4.801179012248369	True	True	1193
SNAP23	Synaptosomal-associated protein 23	O00161	8773	SNAP23	official_exact	5	0.10638297872340426	3.176286695397536	True	False	83
NAPA	Alpha-soluble NSF attachment protein	P54920	8775	NAPA	official_exact	9	0.19148936170212766	5.176627432795133	True	False	970
MATN4	Matrilin-4;Isoform 2 of Matrilin-4;Isoform 3 of Matrilin-4;Isoform 4 of Matrilin-4	O95460;O95460-2;O95460-3;O95460-4	8785	MATN4	official_exact	10	0.2127659574468085	3.3787124564375137	True	False	225
FBP2	Fructose-1,6-bisphosphatase isozyme 2	O00757	8789	FBP2	official_exact	13	0.2765957446808511	6.394784786002752	True	False	103
SCEL	Sciellin;Isoform 2 of Sciellin;Isoform 3 of Sciellin	O95171;O95171-2;O95171-3	8796	SCEL	official_exact	25	0.5319148936170213	4.648965335953037	True	True	218
CREG1	Protein CREG1	O75629	8804	CREG1	official_exact	34	0.723404255319149	4.906992814286259	True	True	199
IQGAP1	Ras GTPase-activating-like protein IQGAP1	P46940	8826	IQGAP1	official_exact	34	0.723404255319149	4.946313424031348	True	True	881
GGH	Gamma-glutamyl hydrolase	Q92820	8836	GGH	official_exact	41	0.8723404255319149	5.288276526331158	True	True	1441
PROM1	Prominin-1;Isoform 2 of Prominin-1	O43490;O43490-2	8842	PROM1	official_exact	47	1.0	5.5723589509141815	True	True	144
FCGBP	IgGFc-binding protein	Q9Y6R7	8857	FCGBP	official_exact	46	0.9787234042553191	6.790496216386748	True	True	1696
CPNE3	Copine-3	O75131	8895	CPNE3	official_exact	27	0.574468085106383	4.750618672834391	True	True	179
CPNE1	Copine-1	Q99829	8904	CPNE1	official_exact	8	0.1702127659574468	4.596281366806659	True	False	1502
KYNU	Kynureninase;Isoform 2 of Kynureninase	Q16719;Q16719-2	8942	KYNU	official_exact	6	0.1276595744680851	5.2986371213929395	True	False	1284
H1-10	Histone H1.10	Q92522	8971	H1-10	official_exact	11	0.23404255319148937	4.301545873685324	True	False	1431
SERPINB12	Isoform 2 of Serpin B12	Q96P63-2	89777	SERPINB12	official_exact	21	0.44680851063829785	4.93138560573941	True	False	1474
PLOD3	Multifunctional procollagen lysine hydroxylase and glycosyltransferase LH3	O60568	8985	PLOD3	official_exact	26	0.5531914893617021	4.391835888900319	True	True	165
SELENBP1	Methanethiol oxidase;Isoform 4 of Methanethiol oxidase	Q13228;Q13228-4	8991	SELENBP1	official_exact	43	0.9148936170212766	5.025415363256168	True	True	1181
PGLYRP1	Peptidoglycan recognition protein 1	O75594	8993	PGLYRP1	official_exact	10	0.2127659574468085	4.6437754685171395	True	False	197
LACRT	Extracellular glycoprotein lacritin	Q9GZZ8	90070	LACRT	official_exact	47	1.0	7.308024830650627	True	True	1535
MCFD2	Multiple coagulation factor deficiency protein 2;Isoform 2 of Multiple coagulation factor deficiency protein 2;Isoform 3 of Multiple coagulation factor deficiency protein 2	Q8NI22;Q8NI22-2;Q8NI22-3	90411	MCFD2	official_exact	45	0.9574468085106383	5.465000100642332	True	True	1405
RPL14	60S ribosomal protein L14	P50914	9045	RPL14	official_exact	12	0.2553191489361702	4.957579917741416	True	False	932
GPRC5A	Retinoic acid-induced protein 3	Q8NFJ5	9052	GPRC5A	official_exact	5	0.10638297872340426	4.730586433926624	True	False	1398
SLC13A2	Solute carrier family 13 member 2;Isoform 2 of Solute carrier family 13 member 2;Isoform 3 of Solute carrier family 13 member 2	Q13183;Q13183-2;Q13183-3	9058	SLC13A2	official_exact	41	0.8723404255319149	5.1750248554402924	True	True	1177
ANGPTL1	Angiopoietin-related protein 1	O95841	9068	ANGPTL1	official_exact	46	0.9787234042553191	5.2697283159034845	True	True	233
CCT6A	T-complex protein 1 subunit zeta	P40227	908	CCT6A	official_exact	13	0.2765957446808511	4.364845868526485	True	False	853
PDLIM1	PDZ and LIM domain protein 1	O00151	9124	PDLIM1	official_exact	18	0.3829787234042553	4.044331148175797	True	False	80
SYNGR2	Synaptogyrin-2;Isoform 2 of Synaptogyrin-2	O43760;O43760-2	9144	SYNGR2	official_exact	4	0.0851063829787234	4.603233225963387	True	False	150
TMSB10	Thymosin beta-10	P63313	9168	TMSB10	official_exact	12	0.2553191489361702	5.072186250484993	True	False	1073
LRRFIP1	Leucine-rich repeat flightless-interacting protein 1;Isoform 2 of Leucine-rich repeat flightless-interacting protein 1;Isoform 3 of Leucine-rich repeat flightless-interacting protein 1	Q32MZ4;Q32MZ4-2;Q32MZ4-3	9208	LRRFIP1	official_exact	3	0.06382978723404255	4.813139811888293	True	False	1292
FCMR	Fas apoptotic inhibitory molecule 3;Isoform 3 of Fas apoptotic inhibitory molecule 3	O60667;O60667-3	9214	FCMR	official_exact	9	0.19148936170212766	4.2870303193254475	True	False	171
GCNT3	Beta-1,3-galactosyl-O-glycosyl-glycoprotein beta-1,6-N-acetylglucosaminyltransferase 3	O95395	9245	GCNT3	official_exact	43	0.9148936170212766	5.232185508876153	True	True	223
ARRDC1	Arrestin domain-containing protein 1	Q8N5I2	92714	ARRDC1	official_exact	3	0.06382978723404255	4.313235548237594	True	False	1384
DNER	Delta and Notch-like epidermal growth factor-related receptor	Q8NFT8	92737	DNER	official_exact	41	0.8723404255319149	4.985935807127887	True	True	1400
BPIFB1	BPI fold-containing family B member 1	Q8TDL5	92747	BPIFB1	official_exact	4	0.0851063829787234	4.291202701995176	True	False	1414
COPB2	Coatomer subunit beta';Isoform 2 of Coatomer subunit beta'	P35606;P35606-2	9276	COPB2	official_exact	18	0.3829787234042553	4.34839143120082	True	False	826
CD9	CD9 antigen	P21926	928	CD9	official_exact	43	0.9148936170212766	6.738062460733862	True	True	685
CD14	Monocyte differentiation antigen CD14	P08571	929	CD14	official_exact	47	1.0	7.371340489486925	True	True	467
B3GNT7	UDP-GlcNAc:betaGal beta-1,3-N-acetylglucosaminyltransferase 7	Q8NFL0	93010	B3GNT7	official_exact	33	0.7021276595744681	5.7253358830250685	True	True	1399
DMKN	Dermokine;Isoform 16 of Dermokine;Isoform 2 of Dermokine;Isoform 3 of Dermokine;Isoform 4 of Dermokine;Isoform 5 of Dermokine;Isoform 6 of Dermokine;Isoform 7 of Dermokine	Q6E0U4;Q6E0U4-16;Q6E0U4-2;Q6E0U4-3;Q6E0U4-4;Q6E0U4-5;Q6E0U4-6;Q6E0U4-7	93099	DMKN	official_exact	13	0.2765957446808511	5.045959250399521	True	False	1312
NAPRT	Nicotinate phosphoribosyltransferase;Isoform 3 of Nicotinate phosphoribosyltransferase	Q6XQN6;Q6XQN6-3	93100	NAPRT	official_exact	24	0.5106382978723404	4.040605318181283	True	True	1334
PTER	Phosphotriesterase-related protein;Isoform 2 of Phosphotriesterase-related protein	Q96BW5;Q96BW5-2	9317	PTER	official_exact	1	0.02127659574468085	6.070455269355517	True	False	1453
B4GALT5	Beta-1,4-galactosyltransferase 5	O43286	9334	B4GALT5	official_exact	2	0.0425531914893617	4.438011412379876	True	False	137
MGAM2	Probable maltase-glucoamylase 2	Q2M2H8	93432	MGAM2	official_exact	10	0.2127659574468085	4.362253825621153	True	False	1290
TXNL1	Thioredoxin-like protein 1	O43396	9352	TXNL1	official_exact	6	0.1276595744680851	5.00602170934933	True	False	141
ITGBL1	Integrin beta-like protein 1;Isoform 2 of Integrin beta-like protein 1;Isoform 3 of Integrin beta-like protein 1	O95965;O95965-2;O95965-3	9358	ITGBL1	official_exact	33	0.7021276595744681	4.304384746437954	True	True	236
SLC9A3R1	Na(+)/H(+) exchange regulatory cofactor NHE-RF1	O14745	9368	NHERF1	unique_synonym	47	1.0	5.6461998533204945	True	True	110
TM9SF2	Transmembrane 9 superfamily member 2	Q99805	9375	TM9SF2	official_exact	10	0.2127659574468085	4.2698382133046024	True	False	1499
HS6ST1	Heparan-sulfate 6-O-sulfotransferase 1;Isoform 2 of Heparan-sulfate 6-O-sulfotransferase 1	O60243;O60243-2	9394	HS6ST1	official_exact	8	0.1702127659574468	5.101106121989289	True	False	159
MUC16	Mucin-16	Q8WXI7	94025	MUC16	official_exact	38	0.8085106382978723	5.323199572064048	True	True	1428
SELENOF	Selenoprotein F	O60613	9403	SELENOF	official_exact	38	0.8085106382978723	4.644852226169235	True	True	168
SYAP1	Synapse-associated protein 1	Q96A49	94056	SYAP1	official_exact	1	0.02127659574468085	10.864036670144648	True	False	1450
GSTO1	Glutathione S-transferase omega-1	P78417	9446	GSTO1	official_exact	33	0.7021276595744681	5.991160325009231	True	True	1088
SCARB2	Lysosome membrane protein 2	Q14108	950	SCARB2	official_exact	13	0.2765957446808511	4.2879008754473995	True	False	1214
NPEPPS	Puromycin-sensitive aminopeptidase	P55786	9520	NPEPPS	official_exact	28	0.5957446808510638	5.004509509268783	True	True	984
EEF1E1	Eukaryotic translation elongation factor 1 epsilon-1;Isoform 2 of Eukaryotic translation elongation factor 1 epsilon-1	O43324;O43324-2	9521	EEF1E1	official_exact	1	0.02127659574468085	3.885639498922766	True	False	139
TECR	Very-long-chain enoyl-CoA reductase	Q9NZ01	9524	TECR	official_exact	6	0.1276595744680851	3.378397122468292	True	False	1601
VPS4B	Vacuolar protein sorting-associated protein 4B	O75351	9525	VPS4B	official_exact	16	0.3404255319148936	5.182528468623512	True	False	185
TMEM59	Transmembrane protein 59	Q9BXS4	9528	TMEM59	official_exact	10	0.2127659574468085	4.034644833706244	True	False	1527
GMFG	Glia maturation factor gamma	O60234	9535	GMFG	official_exact	11	0.23404255319148937	3.933003427167968	True	False	158
RAB3D	Ras-related protein Rab-3D	O95716	9545	RAB3D	official_exact	8	0.1702127659574468	5.68680320315281	True	False	229
ENTPD6	Ectonucleoside triphosphate diphosphohydrolase 6;Isoform 2 of Ectonucleoside triphosphate diphosphohydrolase 6;Isoform 3 of Ectonucleoside triphosphate diphosphohydrolase 6	O75354;O75354-2;O75354-3	955	ENTPD6	official_exact	3	0.06382978723404255	4.97770659585336	True	False	186
ATP6V1G1	V-type proton ATPase subunit G 1	O75348	9550	ATP6V1G1	official_exact	9	0.19148936170212766	4.085485588775072	True	False	184
SEC22B	Vesicle-trafficking protein SEC22b	O75396	9554	SEC22B	official_exact	6	0.1276595744680851	4.265929757187493	True	False	193
MACROH2A1	Core histone macro-H2A.1;Isoform 1 of Core histone macro-H2A.1;Isoform 3 of Core histone macro-H2A.1	O75367;O75367-2;O75367-3	9555	MACROH2A1	official_exact	22	0.46808510638297873	4.184260072743815	True	False	189
ENTPD3	Ectonucleoside triphosphate diphosphohydrolase 3;Isoform 2 of Ectonucleoside triphosphate diphosphohydrolase 3	O75355;O75355-2	956	ENTPD3	official_exact	18	0.3829787234042553	4.00894499083938	True	False	187
MINPP1	Multiple inositol polyphosphate phosphatase 1	Q9UNW1	9562	MINPP1	official_exact	45	0.9574468085106383	4.897752598381843	True	True	1664
H6PD	GDH/6PGL endoplasmic bifunctional protein;Isoform 2 of GDH/6PGL endoplasmic bifunctional protein	O95479;O95479-2	9563	H6PD	official_exact	41	0.8723404255319149	3.8043823605295843	True	True	227
PRDX6	Peroxiredoxin-6	P30041	9588	PRDX6	official_exact	45	0.9574468085106383	5.452155005509866	True	True	765
CD44	CD44 antigen;Isoform 10 of CD44 antigen;Isoform 11 of CD44 antigen;Isoform 12 of CD44 antigen;Isoform 13 of CD44 antigen;Isoform 14 of CD44 antigen;Isoform 15 of CD44 antigen;Isoform 16 of CD44 antigen;Isoform 17 of CD44 antigen;Isoform 18 of CD44 antigen;Isoform 3 of CD44 antigen;Isoform 4 of CD44 antigen;Isoform 5 of CD44 antigen;Isoform 6 of CD44 antigen;Isoform 7 of CD44 antigen;Isoform 8 of CD44 antigen;Isoform 9 of CD44 antigen	P16070;P16070-10;P16070-11;P16070-12;P16070-13;P16070-14;P16070-15;P16070-16;P16070-17;P16070-18;P16070-3;P16070-4;P16070-5;P16070-6;P16070-7;P16070-8;P16070-9	960	CD44	official_exact	44	0.9361702127659575	6.1149079039652054	True	True	622
PDIA4	Protein disulfide-isomerase A4	P13667	9601	PDIA4	official_exact	38	0.8085106382978723	4.923745035016641	True	True	577
ISG15	Ubiquitin-like protein ISG15	P05161	9636	ISG15	official_exact	6	0.1276595744680851	3.094370823053274	True	False	395
CD58	Lymphocyte function-associated antigen 3;Isoform 2 of Lymphocyte function-associated antigen 3;Isoform 3 of Lymphocyte function-associated antigen 3	P19256;P19256-2;P19256-3	965	CD58	official_exact	29	0.6170212765957447	4.840007403675737	True	True	655
CD59	CD59 glycoprotein;Isoform 2 of CD59 glycoprotein	P13987;P13987-2	966	CD59	official_exact	47	1.0	6.973903586794902	True	True	590
CD63	CD63 antigen;Isoform 2 of CD63 antigen;Isoform 3 of CD63 antigen	P08962;P08962-2;P08962-3	967	CD63	official_exact	43	0.9148936170212766	5.437158863963914	True	True	479
CLINT1	Clathrin interactor 1;Isoform 2 of Clathrin interactor 1;Isoform 3 of Clathrin interactor 1	Q14677;Q14677-2;Q14677-3	9685	CLINT1	official_exact	5	0.10638297872340426	4.429147214348463	True	False	1232
BZW1	Basic leucine zipper and W2 domain-containing protein 1;Isoform 2 of Basic leucine zipper and W2 domain-containing protein 1;Isoform 3 of Basic leucine zipper and W2 domain-containing protein 1;Isoform 4 of Basic leucine zipper and W2 domain-containing protein 1	Q7L1Q6;Q7L1Q6-2;Q7L1Q6-3;Q7L1Q6-4	9689	BZW1	official_exact	7	0.14893617021276595	4.648492757909888	True	False	1340
CD74	HLA class II histocompatibility antigen gamma chain;Isoform 2 of HLA class II histocompatibility antigen gamma chain	P04233;P04233-2	972	CD74	official_exact	32	0.6808510638297872	4.275158384534759	True	True	370
SEMA3E	Semaphorin-3E;Isoform 2 of Semaphorin-3E	O15041;O15041-2	9723	SEMA3E	official_exact	31	0.6595744680851063	3.9356258490185736	True	True	119
SLK	STE20-like serine/threonine-protein kinase;Isoform 2 of STE20-like serine/threonine-protein kinase	Q9H2G2;Q9H2G2-2	9748	SLK	official_exact	15	0.3191489361702128	4.368860636722909	True	False	1543
CD81	CD81 antigen	P60033	975	CD81	official_exact	23	0.48936170212765956	6.283098953435811	True	False	996
MLEC	Malectin	Q14165	9761	MLEC	official_exact	13	0.2765957446808511	5.385936896815913	True	False	1219
CDA	Cytidine deaminase	P32320	978	CDA	official_exact	21	0.44680851063829785	4.448450586273544	True	False	799
EFCAB14	EF-hand calcium-binding domain-containing protein 14	O75071	9813	EFCAB14	official_exact	8	0.1702127659574468	4.834621081568351	True	False	176
PSMD6	26S proteasome non-ATPase regulatory subunit 6;Isoform 4 of 26S proteasome non-ATPase regulatory subunit 6	Q15008;Q15008-4	9861	PSMD6	official_exact	10	0.2127659574468085	7.339901298702728	True	False	1243
SEPTIN7	Septin-7;Isoform 2 of Septin-7	Q16181;Q16181-2	989	SEPTIN7	official_exact	13	0.2765957446808511	4.400410036377148	True	False	1272
OXSR1	Serine/threonine-protein kinase OSR1	O95747	9943	OXSR1	official_exact	7	0.14893617021276595	3.51441380537629	True	False	230
WDR1	WD repeat-containing protein 1	O75083	9948	WDR1	official_exact	35	0.7446808510638298	5.096301758999953	True	True	177
MVP	Major vault protein	Q14764	9961	MVP	official_exact	27	0.574468085106383	4.508114530442031	True	True	1236
CDC42	Cell division control protein 42 homolog	P60953	998	CDC42	official_exact	38	0.8085106382978723	4.889372477717991	True	True	1004
CDH1	Cadherin-1;Isoform 2 of Cadherin-1	P12830;P12830-2	999	CDH1	official_exact	46	0.9787234042553191	7.310722130327397	True	True	565
