gene	module	gene_id	current_symbol	mapping_method	is_non_grey	candidate	include_in_block_map	exclusion_reason
XIST	grey	7503	XIST	unique_official_exact	False	False	False	grey_not_a_network_block
SCD	yellow	6319	SCD	unique_official_exact	True	True	True	included
HBB	blue	3043	HBB	unique_official_exact	True	True	True	included
PLIN1	yellow	5346	PLIN1	unique_official_exact	True	True	True	included
PLIN4	yellow	729359	PLIN4	unique_official_exact	True	True	True	included
GPAM	yellow	57678	GPAM	unique_official_exact	True	True	True	included
LEP	yellow	3952	LEP	unique_official_exact	True	True	True	included
GPD1	yellow	2819	GPD1	unique_official_exact	True	True	True	included
G0S2	yellow	50486	G0S2	unique_official_exact	True	True	True	included
RPS29	grey	6235	RPS29	unique_official_exact	False	False	False	grey_not_a_network_block
ADIPOQ	yellow	9370	ADIPOQ	unique_official_exact	True	True	True	included
TRARG1	yellow	286753	TRARG1	unique_official_exact	True	True	True	included
CIDEC	yellow	63924	CIDEC	unique_official_exact	True	True	True	included
FABP4	yellow	2167	FABP4	unique_official_exact	True	True	True	included
CD177	grey	57126	CD177	unique_official_exact	False	False	False	grey_not_a_network_block
CD36	yellow	948	CD36	unique_official_exact	True	True	True	included
LYVE1	blue	10894	LYVE1	unique_official_exact	True	True	True	included
LIPE	yellow	3991	LIPE	unique_official_exact	True	True	True	included
DES	pink	1674	DES	unique_official_exact	True	True	True	included
THRSP	yellow	7069	THRSP	unique_official_exact	True	True	True	included
DRP2	brown	1821	DRP2	unique_official_exact	True	True	True	included
FASN	yellow	2194	FASN	unique_official_exact	True	True	True	included
CES1	yellow	1066	CES1	unique_official_exact	True	True	True	included
MBP	brown	4155	MBP	unique_official_exact	True	True	True	included
ALAS2	blue	212	ALAS2	unique_official_exact	True	True	True	included
TENT5C	blue	54855	TENT5C	unique_official_exact	True	True	True	included
F13A1	blue	2162	F13A1	unique_official_exact	True	True	True	included
MIR3648-1	grey	100500862	MIR3648-1	unique_official_exact	False	False	False	grey_not_a_network_block
COMP	blue	1311	COMP	unique_official_exact	True	True	True	included
JCHAIN	grey	3512	JCHAIN	unique_official_exact	False	False	False	grey_not_a_network_block
SFRP4	red	6424	SFRP4	unique_official_exact	True	True	True	included
PCSK2	brown	5126	PCSK2	unique_official_exact	True	True	True	included
CYBB	blue	1536	CYBB	unique_official_exact	True	True	True	included
MGST1	yellow	4257	MGST1	unique_official_exact	True	True	True	included
PCK1	yellow	5105	PCK1	unique_official_exact	True	True	True	included
ERBB3	brown	2065	ERBB3	unique_official_exact	True	True	True	included
ACSL1	yellow	2180	ACSL1	unique_official_exact	True	True	True	included
MYOC	blue	4653	MYOC	unique_official_exact	True	True	True	included
PRX	brown	57716	PRX	unique_official_exact	True	True	True	included
ACTG2	pink	72	ACTG2	unique_official_exact	True	True	True	included
PMP2	brown	5375	PMP2	unique_official_exact	True	True	True	included
CHL1	brown	10752	CHL1	unique_official_exact	True	True	True	included
DGAT2	yellow	84649	DGAT2	unique_official_exact	True	True	True	included
MPZ	brown	4359	MPZ	unique_official_exact	True	True	True	included
MIR663A	grey	724033	MIR663A	unique_official_exact	False	False	False	grey_not_a_network_block
PDE3B	yellow	5140	PDE3B	unique_official_exact	True	True	True	included
KDM5D	grey	8284	KDM5D	unique_official_exact	False	False	False	grey_not_a_network_block
PPP1R1A	yellow	5502	PPP1R1A	unique_official_exact	True	True	True	included
L1CAM	brown	3897	L1CAM	unique_official_exact	True	True	True	included
MRC1	blue	4360	MRC1	unique_official_exact	True	True	True	included
SLC4A1	blue	6521	SLC4A1	unique_official_exact	True	True	True	included
RELN	brown	5649	RELN	unique_official_exact	True	True	True	included
C3	blue	718	C3	unique_official_exact	True	True	True	included
PI16	blue	221476	PI16	unique_official_exact	True	True	True	included
PRKY	grey	5616	PRKY	unique_official_exact	False	False	False	grey_not_a_network_block
FBLN1	blue	2192	FBLN1	unique_official_exact	True	True	True	included
MPEG1	blue	219972	MPEG1	unique_official_exact	True	True	True	included
LPL	yellow	4023	LPL	unique_official_exact	True	True	True	included
ANGPTL7	red	10218	ANGPTL7	unique_official_exact	True	True	True	included
LAMC2	grey	3918	LAMC2	unique_official_exact	False	False	False	grey_not_a_network_block
C1QA	blue	712	C1QA	unique_official_exact	True	True	True	included
BCAS1	brown	8537	BCAS1	unique_official_exact	True	True	True	included
AOC3	yellow	8639	AOC3	unique_official_exact	True	True	True	included
ANKRD30BL	grey	554226	ANKRD30BL	unique_official_exact	False	False	False	grey_not_a_network_block
IGF1	blue	3479	IGF1	unique_official_exact	True	True	True	included
CSF1R	blue	1436	CSF1R	unique_official_exact	True	True	True	included
NRXN1	brown	9378	NRXN1	unique_official_exact	True	True	True	included
LINC00273	grey	649159	LINC00273	unique_official_exact	False	False	False	grey_not_a_network_block
USP9Y	grey	8287	USP9Y	unique_official_exact	False	False	False	grey_not_a_network_block
MYH11	pink	4629	MYH11	unique_official_exact	True	True	True	included
SOX10	brown	6663	SOX10	unique_official_exact	True	True	True	included
ASPN	blue	54829	ASPN	unique_official_exact	True	True	True	included
PCDH8	grey	5100	PCDH8	unique_official_exact	False	False	False	grey_not_a_network_block
SERPINA3	red	12	SERPINA3	unique_official_exact	True	True	True	included
GFAP	brown	2670	GFAP	unique_official_exact	True	True	True	included
HSPB7	yellow	27129	HSPB7	unique_official_exact	True	True	True	included
CEBPA	yellow	1050	CEBPA	unique_official_exact	True	True	True	included
RGS5	pink	8490	RGS5	unique_official_exact	True	True	True	included
PLA2G2A	blue	5320	PLA2G2A	unique_official_exact	True	True	True	included
SCN7A	brown	6332	SCN7A	unique_official_exact	True	True	True	included
GPM6B	brown	2824	GPM6B	unique_official_exact	True	True	True	included
GYG2	yellow	8908	GYG2	unique_official_exact	True	True	True	included
TXLNGY	grey	246126	TXLNGY	unique_official_exact	False	False	False	grey_not_a_network_block
HLA-H	grey	3136	HLA-H	unique_official_exact	False	False	False	grey_not_a_network_block
UTY	grey	7404	UTY	unique_official_exact	False	False	False	grey_not_a_network_block
CLDN19	brown	149461	CLDN19	unique_official_exact	True	True	True	included
CNTN2	brown	6900	CNTN2	unique_official_exact	True	True	True	included
CNTN1	brown	1272	CNTN1	unique_official_exact	True	True	True	included
KRT19	green	3880	KRT19	unique_official_exact	True	True	True	included
PLP1	brown	5354	PLP1	unique_official_exact	True	True	True	included
CCDC80	blue	151887	CCDC80	unique_official_exact	True	True	True	included
MTRNR2L1	magenta	100462977	MTRNR2L1	unique_official_exact	True	True	True	included
APOD	blue	347	APOD	unique_official_exact	True	True	True	included
CCN5	blue	8839	CCN5	unique_official_exact	True	True	True	included
LENG8	turquoise	114823	LENG8	unique_official_exact	True	True	True	included
MXRA5	blue	25878	MXRA5	unique_official_exact	True	True	True	included
MTRNR2L2	turquoise	100462981	MTRNR2L2	unique_official_exact	True	True	True	included
LYZ	blue	4069	LYZ	unique_official_exact	True	True	True	included
MAOA	yellow	4128	MAOA	unique_official_exact	True	True	True	included
EMILIN3	green	90187	EMILIN3	unique_official_exact	True	True	True	included
ITIH5	yellow	80760	ITIH5	unique_official_exact	True	True	True	included
CDH19	brown	28513	CDH19	unique_official_exact	True	True	True	included
PLCG2	turquoise	5336	PLCG2	unique_official_exact	True	True	True	included
PCDH20	brown	64881	PCDH20	unique_official_exact	True	True	True	included
LCP1	blue	3936	LCP1	unique_official_exact	True	True	True	included
SORCS1	brown	114815	SORCS1	unique_official_exact	True	True	True	included
CD163	blue	9332	CD163	unique_official_exact	True	True	True	included
PTGER3	yellow	5733	PTGER3	unique_official_exact	True	True	True	included
ZFY	grey	7544	ZFY	unique_official_exact	False	False	False	grey_not_a_network_block
NEAT1	turquoise	283131	NEAT1	unique_official_exact	True	True	True	included
NCMAP	brown	400746	NCMAP	unique_official_exact	True	True	True	included
VCAN	blue	1462	VCAN	unique_official_exact	True	True	True	included
CFD	blue	1675	CFD	unique_official_exact	True	True	True	included
LMTK1	brown	9625	LMTK1	unique_official_exact	True	True	True	included
S100B	brown	6285	S100B	unique_official_exact	True	True	True	included
C1QC	blue	714	C1QC	unique_official_exact	True	True	True	included
EPB41	blue	2035	EPB41	unique_official_exact	True	True	True	included
FKBP5	grey	2289	FKBP5	unique_official_exact	False	False	False	grey_not_a_network_block
CD248	blue	57124	CD248	unique_official_exact	True	True	True	included
MMRN1	yellow	22915	MMRN1	unique_official_exact	True	True	True	included
TF	yellow	7018	TF	unique_official_exact	True	True	True	included
FCGBP	blue	8857	FCGBP	unique_official_exact	True	True	True	included
PLXNA4	yellow	91584	PLXNA4	unique_official_exact	True	True	True	included
AGPAT2	yellow	10555	AGPAT2	unique_official_exact	True	True	True	included
SCARA5	blue	286133	SCARA5	unique_official_exact	True	True	True	included
RMRP	grey	6023	RMRP	unique_official_exact	False	False	False	grey_not_a_network_block
FYB1	blue	2533	FYB1	unique_official_exact	True	True	True	included
C7	blue	730	C7	unique_official_exact	True	True	True	included
TMOD2	brown	29767	TMOD2	unique_official_exact	True	True	True	included
PTPRC	blue	5788	PTPRC	unique_official_exact	True	True	True	included
MALAT1	turquoise	378938	MALAT1	unique_official_exact	True	True	True	included
PLXNB3	brown	5365	PLXNB3	unique_official_exact	True	True	True	included
DCN	blue	1634	DCN	unique_official_exact	True	True	True	included
C1QB	blue	713	C1QB	unique_official_exact	True	True	True	included
SFRP2	blue	6423	SFRP2	unique_official_exact	True	True	True	included
NCAM1	brown	4684	NCAM1	unique_official_exact	True	True	True	included
GRIK3	brown	2899	GRIK3	unique_official_exact	True	True	True	included
PNPLA2	yellow	57104	PNPLA2	unique_official_exact	True	True	True	included
CD68	blue	968	CD68	unique_official_exact	True	True	True	included
HLA-DRA	blue	3122	HLA-DRA	unique_official_exact	True	True	True	included
CNN1	pink	1264	CNN1	unique_official_exact	True	True	True	included
FHL1	yellow	2273	FHL1	unique_official_exact	True	True	True	included
SHROOM3	brown	57619	SHROOM3	unique_official_exact	True	True	True	included
COL3A1	blue	1281	COL3A1	unique_official_exact	True	True	True	included
ERAP2	grey	64167	ERAP2	unique_official_exact	False	False	False	grey_not_a_network_block
HERC2P2	turquoise	400322	HERC2P2	unique_official_exact	True	True	True	included
MOXD1	red	26002	MOXD1	unique_official_exact	True	True	True	included
CYP4B1	green	1580	CYP4B1	unique_official_exact	True	True	True	included
ANKRD36	turquoise	375248	ANKRD36	unique_official_exact	True	True	True	included
HLA-DPA1	blue	3113	HLA-DPA1	unique_official_exact	True	True	True	included
ANK3	brown	288	ANK3	unique_official_exact	True	True	True	included
MYO15B	turquoise	80022	MYO15B	unique_official_exact	True	True	True	included
HLA-DQB1	blue	3119	HLA-DQB1	unique_official_exact	True	True	True	included
XKR4	brown	114786	XKR4	unique_official_exact	True	True	True	included
RBP4	yellow	5950	RBP4	unique_official_exact	True	True	True	included
MMP2	blue	4313	MMP2	unique_official_exact	True	True	True	included
GALNT15	yellow	117248	GALNT15	unique_official_exact	True	True	True	included
GYPC	blue	2995	GYPC	unique_official_exact	True	True	True	included
SNORD17	grey	692086	SNORD17	unique_official_exact	False	False	False	grey_not_a_network_block
ADAMTS5	yellow	11096	ADAMTS5	unique_official_exact	True	True	True	included
CILP	blue	8483	CILP	unique_official_exact	True	True	True	included
DMTN	yellow	2039	DMTN	unique_official_exact	True	True	True	included
PRIMA1	brown	145270	PRIMA1	unique_official_exact	True	True	True	included
CRLF1	red	9244	CRLF1	unique_official_exact	True	True	True	included
PDK4	yellow	5166	PDK4	unique_official_exact	True	True	True	included
CADM1	brown	23705	CADM1	unique_official_exact	True	True	True	included
NPR3	yellow	4883	NPR3	unique_official_exact	True	True	True	included
DPT	yellow	1805	DPT	unique_official_exact	True	True	True	included
CNP	brown	1267	CNP	unique_official_exact	True	True	True	included
DCLK3	brown	85443	DCLK3	unique_official_exact	True	True	True	included
CADM2	brown	253559	CADM2	unique_official_exact	True	True	True	included
COL28A1	brown	340267	COL28A1	unique_official_exact	True	True	True	included
TUBB1	blue	81027	TUBB1	unique_official_exact	True	True	True	included
MAPK8IP1	brown	9479	MAPK8IP1	unique_official_exact	True	True	True	included
PER1	grey	5187	PER1	unique_official_exact	False	False	False	grey_not_a_network_block
ITGB8	brown	3696	ITGB8	unique_official_exact	True	True	True	included
EFEMP1	blue	2202	EFEMP1	unique_official_exact	True	True	True	included
RDH10	brown	157506	RDH10	unique_official_exact	True	True	True	included
TGM2	pink	7052	TGM2	unique_official_exact	True	True	True	included
RETSAT	yellow	54884	RETSAT	unique_official_exact	True	True	True	included
GAS2L3	brown	283431	GAS2L3	unique_official_exact	True	True	True	included
SPTBN5	turquoise	51332	SPTBN5	unique_official_exact	True	True	True	included
SPON1	yellow	10418	SPON1	unique_official_exact	True	True	True	included
VWF	black	7450	VWF	unique_official_exact	True	True	True	included
CIT	brown	11113	CIT	unique_official_exact	True	True	True	included
SCARNA10	grey	692148	SCARNA10	unique_official_exact	False	False	False	grey_not_a_network_block
H19	grey	283120	H19	unique_official_exact	False	False	False	grey_not_a_network_block
LSAMP	brown	4045	LSAMP	unique_official_exact	True	True	True	included
PLEKHB1	brown	58473	PLEKHB1	unique_official_exact	True	True	True	included
SFRP1	blue	6422	SFRP1	unique_official_exact	True	True	True	included
APC2	brown	10297	APC2	unique_official_exact	True	True	True	included
PCOLCE2	blue	26577	PCOLCE2	unique_official_exact	True	True	True	included
APOE	yellow	348	APOE	unique_official_exact	True	True	True	included
ABCA2	brown	20	ABCA2	unique_official_exact	True	True	True	included
MDGA1	grey	266727	MDGA1	unique_official_exact	False	False	False	grey_not_a_network_block
SPP1	brown	6696	SPP1	unique_official_exact	True	True	True	included
POSTN	black	10631	POSTN	unique_official_exact	True	True	True	included
KLB	yellow	152831	KLB	unique_official_exact	True	True	True	included
RNASE1	blue	6035	RNASE1	unique_official_exact	True	True	True	included
MTRNR2L8	turquoise	100463486	MTRNR2L8	unique_official_exact	True	True	True	included
KIF1A	brown	547	KIF1A	unique_official_exact	True	True	True	included
CCL21	blue	6366	CCL21	unique_official_exact	True	True	True	included
PTCH2	turquoise	8643	PTCH2	unique_official_exact	True	True	True	included
GFRA3	brown	2676	GFRA3	unique_official_exact	True	True	True	included
PRKAR2B	yellow	5577	PRKAR2B	unique_official_exact	True	True	True	included
PPBP	blue	5473	PPBP	unique_official_exact	True	True	True	included
HBA2	blue	3040	HBA2	unique_official_exact	True	True	True	included
FAT3	green	120114	FAT3	unique_official_exact	True	True	True	included
SCRN1	brown	9805	SCRN1	unique_official_exact	True	True	True	included
HLA-DRB1	blue	3123	HLA-DRB1	unique_official_exact	True	True	True	included
PRG4	blue	10216	PRG4	unique_official_exact	True	True	True	included
KCNQ1OT1	turquoise	10984	KCNQ1OT1	unique_official_exact	True	True	True	included
CUTALP	grey	253039	CUTALP	unique_official_exact	False	False	False	grey_not_a_network_block
NKTR	turquoise	4820	NKTR	unique_official_exact	True	True	True	included
GRK3	yellow	157	GRK3	unique_official_exact	True	True	True	included
HLA-DPB1	blue	3115	HLA-DPB1	unique_official_exact	True	True	True	included
BHLHE41	blue	79365	BHLHE41	unique_official_exact	True	True	True	included
ADAMTS14	turquoise	140766	ADAMTS14	unique_official_exact	True	True	True	included
AGAP11	turquoise	119385	AGAP11	unique_official_exact	True	True	True	included
GPX4	yellow	2879	GPX4	unique_official_exact	True	True	True	included
KLF9	grey	687	KLF9	unique_official_exact	False	False	False	grey_not_a_network_block
HLA-DRB5	red	3127	HLA-DRB5	unique_official_exact	True	True	True	included
GPNMB	blue	10457	GPNMB	unique_official_exact	True	True	True	included
PMP22	brown	5376	PMP22	unique_official_exact	True	True	True	included
COL1A1	blue	1277	COL1A1	unique_official_exact	True	True	True	included
EGFL6	yellow	25975	EGFL6	unique_official_exact	True	True	True	included
ITGB2	blue	3689	ITGB2	unique_official_exact	True	True	True	included
NRCAM	brown	4897	NRCAM	unique_official_exact	True	True	True	included
PTPRZ1	brown	5803	PTPRZ1	unique_official_exact	True	True	True	included
CDR1	yellow	1038	CDR1	unique_official_exact	True	True	True	included
SPOCK1	blue	6695	SPOCK1	unique_official_exact	True	True	True	included
CCN1	yellow	3491	CCN1	unique_official_exact	True	True	True	included
GPX3	yellow	2878	GPX3	unique_official_exact	True	True	True	included
SERPINF1	blue	5176	SERPINF1	unique_official_exact	True	True	True	included
RPS4Y1	grey	6192	RPS4Y1	unique_official_exact	False	False	False	grey_not_a_network_block
FBN1	blue	2200	FBN1	unique_official_exact	True	True	True	included
PLEKHH2	turquoise	130271	PLEKHH2	unique_official_exact	True	True	True	included
DIO2	red	1734	DIO2	unique_official_exact	True	True	True	included
CPM	yellow	1368	CPM	unique_official_exact	True	True	True	included
ARHGDIB	blue	397	ARHGDIB	unique_official_exact	True	True	True	included
PRRX1	blue	5396	PRRX1	unique_official_exact	True	True	True	included
CPXM2	blue	119587	CPXM2	unique_official_exact	True	True	True	included
SVEP1	yellow	79987	SVEP1	unique_official_exact	True	True	True	included
GABBR1	turquoise	2550	GABBR1	unique_official_exact	True	True	True	included
MAL	brown	4118	MAL	unique_official_exact	True	True	True	included
MYRF	brown	745	MYRF	unique_official_exact	True	True	True	included
CADM4	brown	199731	CADM4	unique_official_exact	True	True	True	included
HK2	yellow	3099	HK2	unique_official_exact	True	True	True	included
EXOC3	turquoise	11336	EXOC3	unique_official_exact	True	True	True	included
PEX5L	brown	51555	PEX5L	unique_official_exact	True	True	True	included
ATP10B	brown	23120	ATP10B	unique_official_exact	True	True	True	included
GREB1	green	9687	GREB1	unique_official_exact	True	True	True	included
ACAN	pink	176	ACAN	unique_official_exact	True	True	True	included
TTN	turquoise	7273	TTN	unique_official_exact	True	True	True	included
CTNNAL1	brown	8727	CTNNAL1	unique_official_exact	True	True	True	included
USP53	green	54532	USP53	unique_official_exact	True	True	True	included
MSR1	blue	4481	MSR1	unique_official_exact	True	True	True	included
PTGDS	green	5730	PTGDS	unique_official_exact	True	True	True	included
AKAP19	brown	84281	AKAP19	unique_official_exact	True	True	True	included
ARGLU1	turquoise	55082	ARGLU1	unique_official_exact	True	True	True	included
CRISPLD2	red	83716	CRISPLD2	unique_official_exact	True	True	True	included
ZBTB16	pink	7704	ZBTB16	unique_official_exact	True	True	True	included
FRAS1	brown	80144	FRAS1	unique_official_exact	True	True	True	included
LAPTM5	blue	7805	LAPTM5	unique_official_exact	True	True	True	included
GDF10	blue	2662	GDF10	unique_official_exact	True	True	True	included
C1R	blue	715	C1R	unique_official_exact	True	True	True	included
ADRA2A	yellow	150	ADRA2A	unique_official_exact	True	True	True	included
RYR2	pink	6262	RYR2	unique_official_exact	True	True	True	included
NPIPB5	turquoise	100132247	NPIPB5	unique_official_exact	True	True	True	included
ATP1A2	brown	477	ATP1A2	unique_official_exact	True	True	True	included
RPPH1	grey	85495	RPPH1	unique_official_exact	False	False	False	grey_not_a_network_block
HLA-DOA	red	3111	HLA-DOA	unique_official_exact	True	True	True	included
CTSS	blue	1520	CTSS	unique_official_exact	True	True	True	included
IGFBP3	yellow	3486	IGFBP3	unique_official_exact	True	True	True	included
RASSF2	red	9770	RASSF2	unique_official_exact	True	True	True	included
LDLR	black	3949	LDLR	unique_official_exact	True	True	True	included
GAP43	brown	2596	GAP43	unique_official_exact	True	True	True	included
ITGA11	blue	22801	ITGA11	unique_official_exact	True	True	True	included
NR1D1	grey	9572	NR1D1	unique_official_exact	False	False	False	grey_not_a_network_block
CD14	blue	929	CD14	unique_official_exact	True	True	True	included
NRBP2	turquoise	340371	NRBP2	unique_official_exact	True	True	True	included
LMOD1	pink	25802	LMOD1	unique_official_exact	True	True	True	included
GATM	brown	2628	GATM	unique_official_exact	True	True	True	included
LOC100190986	turquoise	100190986	LOC100190986	unique_official_exact	True	True	True	included
LUC7L3	turquoise	51747	LUC7L3	unique_official_exact	True	True	True	included
LGI4	brown	163175	LGI4	unique_official_exact	True	True	True	included
SORBS2	pink	8470	SORBS2	unique_official_exact	True	True	True	included
ANGPTL2	blue	23452	ANGPTL2	unique_official_exact	True	True	True	included
MLIP	brown	90523	MLIP	unique_official_exact	True	True	True	included
COL12A1	blue	1303	COL12A1	unique_official_exact	True	True	True	included
SLC35F1	brown	222553	SLC35F1	unique_official_exact	True	True	True	included
FZD4	yellow	8322	FZD4	unique_official_exact	True	True	True	included
APBB1IP	yellow	54518	APBB1IP	unique_official_exact	True	True	True	included
SHANK3	turquoise	85358	SHANK3	unique_official_exact	True	True	True	included
SPEG	pink	10290	SPEG	unique_official_exact	True	True	True	included
COBL	brown	23242	COBL	unique_official_exact	True	True	True	included
GAS7	brown	8522	GAS7	unique_official_exact	True	True	True	included
PECAM1	black	5175	PECAM1	unique_official_exact	True	True	True	included
WSB1	turquoise	26118	WSB1	unique_official_exact	True	True	True	included
LGALS12	yellow	85329	LGALS12	unique_official_exact	True	True	True	included
NQO1	yellow	1728	NQO1	unique_official_exact	True	True	True	included
AQP7	yellow	364	AQP7	unique_official_exact	True	True	True	included
OLFML3	blue	56944	OLFML3	unique_official_exact	True	True	True	included
SYT11	brown	23208	SYT11	unique_official_exact	True	True	True	included
LINC01000	turquoise	402483	LINC01000	unique_official_exact	True	True	True	included
KAT2A	turquoise	2648	KAT2A	unique_official_exact	True	True	True	included
ITGBL1	green	9358	ITGBL1	unique_official_exact	True	True	True	included
TPM2	pink	7169	TPM2	unique_official_exact	True	True	True	included
TGFBI	red	7045	TGFBI	unique_official_exact	True	True	True	included
CXCL14	red	9547	CXCL14	unique_official_exact	True	True	True	included
ZNF536	brown	9745	ZNF536	unique_official_exact	True	True	True	included
BMP8B	brown	656	BMP8B	unique_official_exact	True	True	True	included
ITGAM	blue	3684	ITGAM	unique_official_exact	True	True	True	included
VSIG4	blue	11326	VSIG4	unique_official_exact	True	True	True	included
PTGFR	blue	5737	PTGFR	unique_official_exact	True	True	True	included
PLOD2	yellow	5352	PLOD2	unique_official_exact	True	True	True	included
PLVAP	black	83483	PLVAP	unique_official_exact	True	True	True	included
ACACB	magenta	32	ACACB	unique_official_exact	True	True	True	included
SNRNP70	turquoise	6625	SNRNP70	unique_official_exact	True	True	True	included
DCAF12	blue	25853	DCAF12	unique_official_exact	True	True	True	included
ITGA8	pink	8516	ITGA8	unique_official_exact	True	True	True	included
CTSB	blue	1508	CTSB	unique_official_exact	True	True	True	included
C11orf96	pink	387763	C11orf96	unique_official_exact	True	True	True	included
CTSK	blue	1513	CTSK	unique_official_exact	True	True	True	included
TTC14	turquoise	151613	TTC14	unique_official_exact	True	True	True	included
RYR3	turquoise	6263	RYR3	unique_official_exact	True	True	True	included
GUCY1A2	blue	2977	GUCY1A2	unique_official_exact	True	True	True	included
GRAMD1B	brown	57476	GRAMD1B	unique_official_exact	True	True	True	included
FGF1	brown	2246	FGF1	unique_official_exact	True	True	True	included
TAFA5	brown	25817	TAFA5	unique_official_exact	True	True	True	included
LOC440300	turquoise	440300	LOC440300	unique_official_exact	True	True	True	included
TRIM58	blue	25893	TRIM58	unique_official_exact	True	True	True	included
PARM1	pink	25849	PARM1	unique_official_exact	True	True	True	included
ALDH2	yellow	217	ALDH2	unique_official_exact	True	True	True	included
PNISR	turquoise	25957	PNISR	unique_official_exact	True	True	True	included
CACNA1H	pink	8912	CACNA1H	unique_official_exact	True	True	True	included
IL1R1	yellow	3554	IL1R1	unique_official_exact	True	True	True	included
COL6A3	blue	1293	COL6A3	unique_official_exact	True	True	True	included
PRKCA	brown	5578	PRKCA	unique_official_exact	True	True	True	included
MIR663B	grey	100313824	MIR663B	unique_official_exact	False	False	False	grey_not_a_network_block
NPY1R	yellow	4886	NPY1R	unique_official_exact	True	True	True	included
GLDN	brown	342035	GLDN	unique_official_exact	True	True	True	included
SCUBE1	green	80274	SCUBE1	unique_official_exact	True	True	True	included
THY1	blue	7070	THY1	unique_official_exact	True	True	True	included
SAMHD1	brown	25939	SAMHD1	unique_official_exact	True	True	True	included
SUSD5	pink	26032	SUSD5	unique_official_exact	True	True	True	included
SLC22A3	green	6581	SLC22A3	unique_official_exact	True	True	True	included
ANKRD36B	turquoise	57730	ANKRD36B	unique_official_exact	True	True	True	included
ACSS2	yellow	55902	ACSS2	unique_official_exact	True	True	True	included
CRABP2	red	1382	CRABP2	unique_official_exact	True	True	True	included
CLIC5	green	53405	CLIC5	unique_official_exact	True	True	True	included
MCAM	black	4162	MCAM	unique_official_exact	True	True	True	included
SECISBP2L	brown	9728	SECISBP2L	unique_official_exact	True	True	True	included
RAPGEF3	turquoise	10411	RAPGEF3	unique_official_exact	True	True	True	included
KIT	blue	3815	KIT	unique_official_exact	True	True	True	included
CFAP44	turquoise	55779	CFAP44	unique_official_exact	True	True	True	included
NCAM2	brown	4685	NCAM2	unique_official_exact	True	True	True	included
PLN	pink	5350	PLN	unique_official_exact	True	True	True	included
ARHGAP19	brown	84986	ARHGAP19	unique_official_exact	True	True	True	included
PPARG	yellow	5468	PPARG	unique_official_exact	True	True	True	included
SYK	blue	6850	SYK	unique_official_exact	True	True	True	included
PDGFRL	red	5157	PDGFRL	unique_official_exact	True	True	True	included
ISM1	blue	140862	ISM1	unique_official_exact	True	True	True	included
PLCB4	turquoise	5332	PLCB4	unique_official_exact	True	True	True	included
STON2	blue	85439	STON2	unique_official_exact	True	True	True	included
HMCN1	blue	83872	HMCN1	unique_official_exact	True	True	True	included
RALGAPA2	turquoise	57186	RALGAPA2	unique_official_exact	True	True	True	included
NGFR	grey	4804	NGFR	unique_official_exact	False	False	False	grey_not_a_network_block
FEZ1	brown	9638	FEZ1	unique_official_exact	True	True	True	included
SHC4	brown	399694	SHC4	unique_official_exact	True	True	True	included
PLEKHG5	turquoise	57449	PLEKHG5	unique_official_exact	True	True	True	included
NOS1	green	4842	NOS1	unique_official_exact	True	True	True	included
LYN	blue	4067	LYN	unique_official_exact	True	True	True	included
TNC	grey	3371	TNC	unique_official_exact	False	False	False	grey_not_a_network_block
DOK6	brown	220164	DOK6	unique_official_exact	True	True	True	included
SMTN	turquoise	6525	SMTN	unique_official_exact	True	True	True	included
NR4A2	brown	4929	NR4A2	unique_official_exact	True	True	True	included
IL7R	blue	3575	IL7R	unique_official_exact	True	True	True	included
SLIT2	brown	9353	SLIT2	unique_official_exact	True	True	True	included
CCDC144BP	turquoise	284047	CCDC144BP	unique_official_exact	True	True	True	included
CLDN5	black	7122	CLDN5	unique_official_exact	True	True	True	included
ASTN2	brown	23245	ASTN2	unique_official_exact	True	True	True	included
LGMN	blue	5641	LGMN	unique_official_exact	True	True	True	included
CRYAB	yellow	1410	CRYAB	unique_official_exact	True	True	True	included
FBLN2	blue	2199	FBLN2	unique_official_exact	True	True	True	included
MFAP4	blue	4239	MFAP4	unique_official_exact	True	True	True	included
PPP1R14A	pink	94274	PPP1R14A	unique_official_exact	True	True	True	included
MFAP3L	brown	9848	MFAP3L	unique_official_exact	True	True	True	included
FOS	grey	2353	FOS	unique_official_exact	False	False	False	grey_not_a_network_block
ADGRB3	brown	577	ADGRB3	unique_official_exact	True	True	True	included
CDH1	brown	999	CDH1	unique_official_exact	True	True	True	included
LEPR	red	3953	LEPR	unique_official_exact	True	True	True	included
EPAS1	black	2034	EPAS1	unique_official_exact	True	True	True	included
ANKRD10	turquoise	55608	ANKRD10	unique_official_exact	True	True	True	included
GPR34	blue	2857	GPR34	unique_official_exact	True	True	True	included
LAMA3	turquoise	3909	LAMA3	unique_official_exact	True	True	True	included
UGT8	brown	7368	UGT8	unique_official_exact	True	True	True	included
COL16A1	turquoise	1307	COL16A1	unique_official_exact	True	True	True	included
TSKU	yellow	25987	TSKU	unique_official_exact	True	True	True	included
SLC40A1	blue	30061	SLC40A1	unique_official_exact	True	True	True	included
VKORC1L1	yellow	154807	VKORC1L1	unique_official_exact	True	True	True	included
NLRP1	magenta	22861	NLRP1	unique_official_exact	True	True	True	included
ST6GALNAC2	brown	10610	ST6GALNAC2	unique_official_exact	True	True	True	included
SLC2A1	green	6513	SLC2A1	unique_official_exact	True	True	True	included
SORL1	red	6653	SORL1	unique_official_exact	True	True	True	included
VLDLR	yellow	7436	VLDLR	unique_official_exact	True	True	True	included
DUSP1	yellow	1843	DUSP1	unique_official_exact	True	True	True	included
SRSF5	turquoise	6430	SRSF5	unique_official_exact	True	True	True	included
CCNL2	turquoise	81669	CCNL2	unique_official_exact	True	True	True	included
CD74	blue	972	CD74	unique_official_exact	True	True	True	included
ALDH1A2	yellow	8854	ALDH1A2	unique_official_exact	True	True	True	included
TMEM132C	yellow	92293	TMEM132C	unique_official_exact	True	True	True	included
FRZB	red	2487	FRZB	unique_official_exact	True	True	True	included
PAM	blue	5066	PAM	unique_official_exact	True	True	True	included
EGFL7	black	51162	EGFL7	unique_official_exact	True	True	True	included
RASEF	brown	158158	RASEF	unique_official_exact	True	True	True	included
PRDM16	brown	63976	PRDM16	unique_official_exact	True	True	True	included
CPE	yellow	1363	CPE	unique_official_exact	True	True	True	included
ECRG4	turquoise	84417	ECRG4	unique_official_exact	True	True	True	included
CARMN	turquoise	728264	CARMN	unique_official_exact	True	True	True	included
PCDH18	yellow	54510	PCDH18	unique_official_exact	True	True	True	included
NLGN4X	brown	57502	NLGN4X	unique_official_exact	True	True	True	included
HRH1	green	3269	HRH1	unique_official_exact	True	True	True	included
SDK2	brown	54549	SDK2	unique_official_exact	True	True	True	included
BCAT1	blue	586	BCAT1	unique_official_exact	True	True	True	included
DMD	brown	1756	DMD	unique_official_exact	True	True	True	included
ALDH1A3	brown	220	ALDH1A3	unique_official_exact	True	True	True	included
HLA-DQA1	grey	3117	HLA-DQA1	unique_official_exact	False	False	False	grey_not_a_network_block
ADH1B	yellow	125	ADH1B	unique_official_exact	True	True	True	included
OGN	red	4969	OGN	unique_official_exact	True	True	True	included
KIAA1549L	brown	25758	KIAA1549L	unique_official_exact	True	True	True	included
SELENOP	blue	6414	SELENOP	unique_official_exact	True	True	True	included
THBS4	green	7060	THBS4	unique_official_exact	True	True	True	included
HMCN2	black	256158	HMCN2	unique_official_exact	True	True	True	included
AKR1C1	yellow	1645	AKR1C1	unique_official_exact	True	True	True	included
FTL	yellow	2512	FTL	unique_official_exact	True	True	True	included
ADAM23	brown	8745	ADAM23	unique_official_exact	True	True	True	included
C1S	blue	716	C1S	unique_official_exact	True	True	True	included
NHS	green	4810	NHS	unique_official_exact	True	True	True	included
IDH1	yellow	3417	IDH1	unique_official_exact	True	True	True	included
EGR1	grey	1958	EGR1	unique_official_exact	False	False	False	grey_not_a_network_block
ABCA9	grey	10350	ABCA9	unique_official_exact	False	False	False	grey_not_a_network_block
FAM193B	turquoise	54540	FAM193B	unique_official_exact	True	True	True	included
TIMP4	yellow	7079	TIMP4	unique_official_exact	True	True	True	included
FAM107B	yellow	83641	FAM107B	unique_official_exact	True	True	True	included
SEMA3B	brown	7869	SEMA3B	unique_official_exact	True	True	True	included
CGNL1	red	84952	CGNL1	unique_official_exact	True	True	True	included
NOTCH3	pink	4854	NOTCH3	unique_official_exact	True	True	True	included
MAG	brown	4099	MAG	unique_official_exact	True	True	True	included
PRUNE2	yellow	158471	PRUNE2	unique_official_exact	True	True	True	included
ITM2C	brown	81618	ITM2C	unique_official_exact	True	True	True	included
ID4	yellow	3400	ID4	unique_official_exact	True	True	True	included
PRSS23	grey	11098	PRSS23	unique_official_exact	False	False	False	grey_not_a_network_block
LAMA5	turquoise	3911	LAMA5	unique_official_exact	True	True	True	included
CSPG4	turquoise	1464	CSPG4	unique_official_exact	True	True	True	included
PCDH10	brown	57575	PCDH10	unique_official_exact	True	True	True	included
SPRY4	grey	81848	SPRY4	unique_official_exact	False	False	False	grey_not_a_network_block
DAB2	blue	1601	DAB2	unique_official_exact	True	True	True	included
ACKR1	yellow	2532	ACKR1	unique_official_exact	True	True	True	included
TENM2	green	57451	TENM2	unique_official_exact	True	True	True	included
MAPK8IP3	turquoise	23162	MAPK8IP3	unique_official_exact	True	True	True	included
PFKFB3	yellow	5209	PFKFB3	unique_official_exact	True	True	True	included
RERGL	grey	79785	RERGL	unique_official_exact	False	False	False	grey_not_a_network_block
ELFN2	green	114794	ELFN2	unique_official_exact	True	True	True	included
DNHD1	turquoise	144132	DNHD1	unique_official_exact	True	True	True	included
SEMA3G	yellow	56920	SEMA3G	unique_official_exact	True	True	True	included
CASQ2	pink	845	CASQ2	unique_official_exact	True	True	True	included
FLRT2	green	23768	FLRT2	unique_official_exact	True	True	True	included
TSC22D3	pink	1831	TSC22D3	unique_official_exact	True	True	True	included
CALB2	yellow	794	CALB2	unique_official_exact	True	True	True	included
MEG3	turquoise	55384	MEG3	unique_official_exact	True	True	True	included
CP	yellow	1356	CP	unique_official_exact	True	True	True	included
DNM1	yellow	1759	DNM1	unique_official_exact	True	True	True	included
LRRC4C	brown	57689	LRRC4C	unique_official_exact	True	True	True	included
ACTA2	pink	59	ACTA2	unique_official_exact	True	True	True	included
BGN	grey	633	BGN	unique_official_exact	False	False	False	grey_not_a_network_block
CPAMD8	magenta	27151	CPAMD8	unique_official_exact	True	True	True	included
FMN2	brown	56776	FMN2	unique_official_exact	True	True	True	included
ABCA10	turquoise	10349	ABCA10	unique_official_exact	True	True	True	included
FLNC	pink	2318	FLNC	unique_official_exact	True	True	True	included
CX3CL1	pink	6376	CX3CL1	unique_official_exact	True	True	True	included
CYB5R2	brown	51700	CYB5R2	unique_official_exact	True	True	True	included
ADCY4	turquoise	196883	ADCY4	unique_official_exact	True	True	True	included
GBP4	black	115361	GBP4	unique_official_exact	True	True	True	included
MNDA	blue	4332	MNDA	unique_official_exact	True	True	True	included
MYO5C	black	55930	MYO5C	unique_official_exact	True	True	True	included
COL27A1	turquoise	85301	COL27A1	unique_official_exact	True	True	True	included
GPC3	blue	2719	GPC3	unique_official_exact	True	True	True	included
GIMAP4	yellow	55303	GIMAP4	unique_official_exact	True	True	True	included
CFB	red	629	CFB	unique_official_exact	True	True	True	included
SESN3	brown	143686	SESN3	unique_official_exact	True	True	True	included
SOX2	brown	6657	SOX2	unique_official_exact	True	True	True	included
ACVR1C	yellow	130399	ACVR1C	unique_official_exact	True	True	True	included
ZMAT1	turquoise	84460	ZMAT1	unique_official_exact	True	True	True	included
THBS1	green	7057	THBS1	unique_official_exact	True	True	True	included
CD4	blue	920	CD4	unique_official_exact	True	True	True	included
TTTY15	grey	64595	TTTY15	unique_official_exact	False	False	False	grey_not_a_network_block
PLEKHA4	green	57664	PLEKHA4	unique_official_exact	True	True	True	included
C6	yellow	729	C6	unique_official_exact	True	True	True	included
TSHZ2	yellow	128553	TSHZ2	unique_official_exact	True	True	True	included
SIPA1L2	brown	57568	SIPA1L2	unique_official_exact	True	True	True	included
COLEC12	blue	81035	COLEC12	unique_official_exact	True	True	True	included
LRP4	grey	4038	LRP4	unique_official_exact	False	False	False	grey_not_a_network_block
HTRA3	blue	94031	HTRA3	unique_official_exact	True	True	True	included
SLC24A3	yellow	57419	SLC24A3	unique_official_exact	True	True	True	included
PTPRB	black	5787	PTPRB	unique_official_exact	True	True	True	included
TMEM132B	brown	114795	TMEM132B	unique_official_exact	True	True	True	included
PPP2R2B	brown	5521	PPP2R2B	unique_official_exact	True	True	True	included
PLAAT5	yellow	117245	PLAAT5	unique_official_exact	True	True	True	included
OLFML2B	red	25903	OLFML2B	unique_official_exact	True	True	True	included
APOL6	yellow	80830	APOL6	unique_official_exact	True	True	True	included
TMEM176B	brown	28959	TMEM176B	unique_official_exact	True	True	True	included
ELN	yellow	2006	ELN	unique_official_exact	True	True	True	included
PDXDC2P	turquoise	109731405	PDXDC2P	unique_official_exact	True	True	True	included
MICALL2	brown	79778	MICALL2	unique_official_exact	True	True	True	included
AKR1C2	yellow	1646	AKR1C2	unique_official_exact	True	True	True	included
KALRN	turquoise	8997	KALRN	unique_official_exact	True	True	True	included
SEC31B	turquoise	25956	SEC31B	unique_official_exact	True	True	True	included
ACKR3	blue	57007	ACKR3	unique_official_exact	True	True	True	included
LINC00342	turquoise	150759	LINC00342	unique_official_exact	True	True	True	included
JUNB	yellow	3726	JUNB	unique_official_exact	True	True	True	included
GLP1R	grey	2740	GLP1R	unique_official_exact	False	False	False	grey_not_a_network_block
MEST	yellow	4232	MEST	unique_official_exact	True	True	True	included
TBX2	turquoise	6909	TBX2	unique_official_exact	True	True	True	included
CXCL12	yellow	6387	CXCL12	unique_official_exact	True	True	True	included
ITGB4	brown	3691	ITGB4	unique_official_exact	True	True	True	included
PNMA8A	grey	55228	PNMA8A	unique_official_exact	False	False	False	grey_not_a_network_block
ADAMTSL2	red	9719	ADAMTSL2	unique_official_exact	True	True	True	included
AR	yellow	367	AR	unique_official_exact	True	True	True	included
PCOLCE	blue	5118	PCOLCE	unique_official_exact	True	True	True	included
SLC16A7	yellow	9194	SLC16A7	unique_official_exact	True	True	True	included
AOX1	blue	316	AOX1	unique_official_exact	True	True	True	included
THSD4	green	79875	THSD4	unique_official_exact	True	True	True	included
HEMGN	grey	55363	HEMGN	unique_official_exact	False	False	False	grey_not_a_network_block
S100A9	blue	6280	S100A9	unique_official_exact	True	True	True	included
PTGIS	blue	5740	PTGIS	unique_official_exact	True	True	True	included
MME	brown	4311	MME	unique_official_exact	True	True	True	included
LAIR1	blue	3903	LAIR1	unique_official_exact	True	True	True	included
ABI3BP	green	25890	ABI3BP	unique_official_exact	True	True	True	included
ADAM33	turquoise	80332	ADAM33	unique_official_exact	True	True	True	included
FZD1	green	8321	FZD1	unique_official_exact	True	True	True	included
NFASC	brown	23114	NFASC	unique_official_exact	True	True	True	included
APLNR	yellow	187	APLNR	unique_official_exact	True	True	True	included
SEMA5A	brown	9037	SEMA5A	unique_official_exact	True	True	True	included
CAT	yellow	847	CAT	unique_official_exact	True	True	True	included
SIX1	yellow	6495	SIX1	unique_official_exact	True	True	True	included
MFAP5	red	8076	MFAP5	unique_official_exact	True	True	True	included
HSPG2	turquoise	3339	HSPG2	unique_official_exact	True	True	True	included
ARHGEF26	brown	26084	ARHGEF26	unique_official_exact	True	True	True	included
VWA1	brown	64856	VWA1	unique_official_exact	True	True	True	included
BCAM	pink	4059	BCAM	unique_official_exact	True	True	True	included
SEMA7A	brown	8482	SEMA7A	unique_official_exact	True	True	True	included
GFRA1	brown	2674	GFRA1	unique_official_exact	True	True	True	included
SELL	blue	6402	SELL	unique_official_exact	True	True	True	included
USP32P1	turquoise	162632	USP32P1	unique_official_exact	True	True	True	included
DDX3Y	grey	8653	DDX3Y	unique_official_exact	False	False	False	grey_not_a_network_block
MYO5B	green	4645	MYO5B	unique_official_exact	True	True	True	included
TSPYL2	turquoise	64061	TSPYL2	unique_official_exact	True	True	True	included
ROBO4	black	54538	ROBO4	unique_official_exact	True	True	True	included
NAIP	turquoise	4671	NAIP	unique_official_exact	True	True	True	included
MEGF9	brown	1955	MEGF9	unique_official_exact	True	True	True	included
TNFAIP2	magenta	7127	TNFAIP2	unique_official_exact	True	True	True	included
PLXNB1	turquoise	5364	PLXNB1	unique_official_exact	True	True	True	included
NPNT	green	255743	NPNT	unique_official_exact	True	True	True	included
SERPINE1	black	5054	SERPINE1	unique_official_exact	True	True	True	included
CDC25B	turquoise	994	CDC25B	unique_official_exact	True	True	True	included
MTRNR2L9	turquoise	100463487	MTRNR2L9	unique_official_exact	True	True	True	included
TNMD	yellow	64102	TNMD	unique_official_exact	True	True	True	included
PPP1R9A	brown	55607	PPP1R9A	unique_official_exact	True	True	True	included
FIBIN	green	387758	FIBIN	unique_official_exact	True	True	True	included
ATP8A1	brown	10396	ATP8A1	unique_official_exact	True	True	True	included
SOX2-OT	brown	347689	SOX2-OT	unique_official_exact	True	True	True	included
SPARCL1	pink	8404	SPARCL1	unique_official_exact	True	True	True	included
CCDC144A	turquoise	9720	CCDC144A	unique_official_exact	True	True	True	included
HSPB6	yellow	126393	HSPB6	unique_official_exact	True	True	True	included
STS	blue	412	STS	unique_official_exact	True	True	True	included
TLR4	blue	7099	TLR4	unique_official_exact	True	True	True	included
EPHB2	red	2048	EPHB2	unique_official_exact	True	True	True	included
EMX2OS	yellow	196047	EMX2OS	unique_official_exact	True	True	True	included
S1PR1	yellow	1901	S1PR1	unique_official_exact	True	True	True	included
HNRNPA2B1	turquoise	3181	HNRNPA2B1	unique_official_exact	True	True	True	included
ADAMTSL3	green	57188	ADAMTSL3	unique_official_exact	True	True	True	included
COL18A1	pink	80781	COL18A1	unique_official_exact	True	True	True	included
NXF1	turquoise	10482	NXF1	unique_official_exact	True	True	True	included
MYO1F	blue	4542	MYO1F	unique_official_exact	True	True	True	included
DOCK11	yellow	139818	DOCK11	unique_official_exact	True	True	True	included
CCDC69	yellow	26112	CCDC69	unique_official_exact	True	True	True	included
GGT5	yellow	2687	GGT5	unique_official_exact	True	True	True	included
CFI	grey	3426	CFI	unique_official_exact	False	False	False	grey_not_a_network_block
SRPX2	yellow	27286	SRPX2	unique_official_exact	True	True	True	included
PDZD4	brown	57595	PDZD4	unique_official_exact	True	True	True	included
BTAF1	turquoise	9044	BTAF1	unique_official_exact	True	True	True	included
MYL9	pink	10398	MYL9	unique_official_exact	True	True	True	included
ABCA5	turquoise	23461	ABCA5	unique_official_exact	True	True	True	included
DEPP1	yellow	11067	DEPP1	unique_official_exact	True	True	True	included
IGFBP5	blue	3488	IGFBP5	unique_official_exact	True	True	True	included
ISLR	blue	3671	ISLR	unique_official_exact	True	True	True	included
BMPR1B	green	658	BMPR1B	unique_official_exact	True	True	True	included
XRRA1	grey	143570	XRRA1	unique_official_exact	False	False	False	grey_not_a_network_block
COL1A2	blue	1278	COL1A2	unique_official_exact	True	True	True	included
SOX18	yellow	54345	SOX18	unique_official_exact	True	True	True	included
SIK2	yellow	23235	SIK2	unique_official_exact	True	True	True	included
PRKCB	blue	5579	PRKCB	unique_official_exact	True	True	True	included
SLC25A27	turquoise	9481	SLC25A27	unique_official_exact	True	True	True	included
AKR1B1	grey	231	AKR1B1	unique_official_exact	False	False	False	grey_not_a_network_block
TENM3	brown	55714	TENM3	unique_official_exact	True	True	True	included
FADS3	magenta	3995	FADS3	unique_official_exact	True	True	True	included
DDIT4	grey	54541	DDIT4	unique_official_exact	False	False	False	grey_not_a_network_block
MMD	yellow	23531	MMD	unique_official_exact	True	True	True	included
SNCA	brown	6622	SNCA	unique_official_exact	True	True	True	included
PDE5A	grey	8654	PDE5A	unique_official_exact	False	False	False	grey_not_a_network_block
GIMAP6	yellow	474344	GIMAP6	unique_official_exact	True	True	True	included
FST	blue	10468	FST	unique_official_exact	True	True	True	included
ITGA10	turquoise	8515	ITGA10	unique_official_exact	True	True	True	included
FBLN5	blue	10516	FBLN5	unique_official_exact	True	True	True	included
STARD9	turquoise	57519	STARD9	unique_official_exact	True	True	True	included
HEY2	pink	23493	HEY2	unique_official_exact	True	True	True	included
VAT1L	green	57687	VAT1L	unique_official_exact	True	True	True	included
ADGRL3	brown	23284	ADGRL3	unique_official_exact	True	True	True	included
LMO7	green	4008	LMO7	unique_official_exact	True	True	True	included
PRXL2A	yellow	84293	PRXL2A	unique_official_exact	True	True	True	included
DCLK1	blue	9201	DCLK1	unique_official_exact	True	True	True	included
ANGPT1	yellow	284	ANGPT1	unique_official_exact	True	True	True	included
TTYH1	brown	57348	TTYH1	unique_official_exact	True	True	True	included
SRPX	blue	8406	SRPX	unique_official_exact	True	True	True	included
KHDRBS3	brown	10656	KHDRBS3	unique_official_exact	True	True	True	included
LBH	pink	81606	LBH	unique_official_exact	True	True	True	included
NRXN3	brown	9369	NRXN3	unique_official_exact	True	True	True	included
ENPP6	green	133121	ENPP6	unique_official_exact	True	True	True	included
TTYH3	blue	80727	TTYH3	unique_official_exact	True	True	True	included
ADGRG1	black	9289	ADGRG1	unique_official_exact	True	True	True	included
CTSH	grey	1512	CTSH	unique_official_exact	False	False	False	grey_not_a_network_block
STK17B	blue	9262	STK17B	unique_official_exact	True	True	True	included
ATP1B1	red	481	ATP1B1	unique_official_exact	True	True	True	included
SLITRK5	brown	26050	SLITRK5	unique_official_exact	True	True	True	included
PLTP	blue	5360	PLTP	unique_official_exact	True	True	True	included
NLRC5	turquoise	84166	NLRC5	unique_official_exact	True	True	True	included
DMPK	pink	1760	DMPK	unique_official_exact	True	True	True	included
DUSP4	yellow	1846	DUSP4	unique_official_exact	True	True	True	included
ARRDC4	brown	91947	ARRDC4	unique_official_exact	True	True	True	included
FGL2	green	10875	FGL2	unique_official_exact	True	True	True	included
PRPF38B	turquoise	55119	PRPF38B	unique_official_exact	True	True	True	included
SDHAP2	turquoise	727956	SDHAP2	unique_official_exact	True	True	True	included
COL11A1	green	1301	COL11A1	unique_official_exact	True	True	True	included
ZBTB7C	green	201501	ZBTB7C	unique_official_exact	True	True	True	included
DYSF	black	8291	DYSF	unique_official_exact	True	True	True	included
MYH14	grey	79784	MYH14	unique_official_exact	False	False	False	grey_not_a_network_block
KIAA1755	brown	85449	KIAA1755	unique_official_exact	True	True	True	included
CLSTN2	yellow	64084	CLSTN2	unique_official_exact	True	True	True	included
CACNA1C	pink	775	CACNA1C	unique_official_exact	True	True	True	included
C1QTNF1	yellow	114897	C1QTNF1	unique_official_exact	True	True	True	included
ARHGEF16	brown	27237	ARHGEF16	unique_official_exact	True	True	True	included
PTGFRN	blue	5738	PTGFRN	unique_official_exact	True	True	True	included
IQGAP2	brown	10788	IQGAP2	unique_official_exact	True	True	True	included
HSPB1	yellow	3315	HSPB1	unique_official_exact	True	True	True	included
PPP2R1B	yellow	5519	PPP2R1B	unique_official_exact	True	True	True	included
KIF19	brown	124602	KIF19	unique_official_exact	True	True	True	included
HLA-B	yellow	3106	HLA-B	unique_official_exact	True	True	True	included
PNPLA7	turquoise	375775	PNPLA7	unique_official_exact	True	True	True	included
OGT	turquoise	8473	OGT	unique_official_exact	True	True	True	included
SPON2	blue	10417	SPON2	unique_official_exact	True	True	True	included
SLC19A3	yellow	80704	SLC19A3	unique_official_exact	True	True	True	included
TNXB	grey	7148	TNXB	unique_official_exact	False	False	False	grey_not_a_network_block
CLK4	turquoise	57396	CLK4	unique_official_exact	True	True	True	included
HLA-G	grey	3135	HLA-G	unique_official_exact	False	False	False	grey_not_a_network_block
PLAAT3	yellow	11145	PLAAT3	unique_official_exact	True	True	True	included
KLHL29	turquoise	114818	KLHL29	unique_official_exact	True	True	True	included
SEMA6D	brown	80031	SEMA6D	unique_official_exact	True	True	True	included
MDH1	yellow	4190	MDH1	unique_official_exact	True	True	True	included
LIMCH1	grey	22998	LIMCH1	unique_official_exact	False	False	False	grey_not_a_network_block
CAPN3	turquoise	825	CAPN3	unique_official_exact	True	True	True	included
SLC25A37	blue	51312	SLC25A37	unique_official_exact	True	True	True	included
TMEM170B	grey	100113407	TMEM170B	unique_official_exact	False	False	False	grey_not_a_network_block
TSPAN11	red	441631	TSPAN11	unique_official_exact	True	True	True	included
SIN3B	turquoise	23309	SIN3B	unique_official_exact	True	True	True	included
ITPRID2	brown	6744	ITPRID2	unique_official_exact	True	True	True	included
EMP1	blue	2012	EMP1	unique_official_exact	True	True	True	included
FNDC1	blue	84624	FNDC1	unique_official_exact	True	True	True	included
NR2F1	green	7025	NR2F1	unique_official_exact	True	True	True	included
LSP1	blue	4046	LSP1	unique_official_exact	True	True	True	included
PLEK	blue	5341	PLEK	unique_official_exact	True	True	True	included
SPTB	brown	6710	SPTB	unique_official_exact	True	True	True	included
EPB41L4B	brown	54566	EPB41L4B	unique_official_exact	True	True	True	included
GHR	yellow	2690	GHR	unique_official_exact	True	True	True	included
BIN2	blue	51411	BIN2	unique_official_exact	True	True	True	included
GPR37L1	brown	9283	GPR37L1	unique_official_exact	True	True	True	included
SLIT3	yellow	6586	SLIT3	unique_official_exact	True	True	True	included
SLC4A5	turquoise	57835	SLC4A5	unique_official_exact	True	True	True	included
PPP1R16B	black	26051	PPP1R16B	unique_official_exact	True	True	True	included
AHSA2P	turquoise	130872	AHSA2P	unique_official_exact	True	True	True	included
KCNMB4	brown	27345	KCNMB4	unique_official_exact	True	True	True	included
NNMT	yellow	4837	NNMT	unique_official_exact	True	True	True	included
SEC16B	turquoise	89866	SEC16B	unique_official_exact	True	True	True	included
BDKRB2	green	624	BDKRB2	unique_official_exact	True	True	True	included
SCARNA5	grey	677775	SCARNA5	unique_official_exact	False	False	False	grey_not_a_network_block
PIEZO2	brown	63895	PIEZO2	unique_official_exact	True	True	True	included
DKK2	blue	27123	DKK2	unique_official_exact	True	True	True	included
FLRT1	brown	23769	FLRT1	unique_official_exact	True	True	True	included
ABCA6	turquoise	23460	ABCA6	unique_official_exact	True	True	True	included
CX3CR1	blue	1524	CX3CR1	unique_official_exact	True	True	True	included
KLF4	yellow	9314	KLF4	unique_official_exact	True	True	True	included
A4GALT	green	53947	A4GALT	unique_official_exact	True	True	True	included
ENPP2	yellow	5168	ENPP2	unique_official_exact	True	True	True	included
SCN9A	brown	6335	SCN9A	unique_official_exact	True	True	True	included
ERRFI1	yellow	54206	ERRFI1	unique_official_exact	True	True	True	included
HSD11B1	yellow	3290	HSD11B1	unique_official_exact	True	True	True	included
DDX17	turquoise	10521	DDX17	unique_official_exact	True	True	True	included
LTBP2	red	4053	LTBP2	unique_official_exact	True	True	True	included
FOLR2	blue	2350	FOLR2	unique_official_exact	True	True	True	included
PGM1	yellow	5236	PGM1	unique_official_exact	True	True	True	included
SYNC	yellow	81493	SYNC	unique_official_exact	True	True	True	included
F3	blue	2152	F3	unique_official_exact	True	True	True	included
IFI44L	grey	10964	IFI44L	unique_official_exact	False	False	False	grey_not_a_network_block
TAGLN	pink	6876	TAGLN	unique_official_exact	True	True	True	included
RND3	blue	390	RND3	unique_official_exact	True	True	True	included
P2RX1	pink	5023	P2RX1	unique_official_exact	True	True	True	included
PODXL	black	5420	PODXL	unique_official_exact	True	True	True	included
INSIG1	yellow	3638	INSIG1	unique_official_exact	True	True	True	included
ASPH	yellow	444	ASPH	unique_official_exact	True	True	True	included
SERPINB9	brown	5272	SERPINB9	unique_official_exact	True	True	True	included
PLAC4	turquoise	191585	PLAC4	unique_official_exact	True	True	True	included
CUBN	brown	8029	CUBN	unique_official_exact	True	True	True	included
CENPT	turquoise	80152	CENPT	unique_official_exact	True	True	True	included
PC	yellow	5091	PC	unique_official_exact	True	True	True	included
ADH1C	red	126	ADH1C	unique_official_exact	True	True	True	included
SLC6A6	black	6533	SLC6A6	unique_official_exact	True	True	True	included
NPR1	yellow	4881	NPR1	unique_official_exact	True	True	True	included
FADS1	grey	3992	FADS1	unique_official_exact	False	False	False	grey_not_a_network_block
HIF3A	turquoise	64344	HIF3A	unique_official_exact	True	True	True	included
SBSPON	green	157869	SBSPON	unique_official_exact	True	True	True	included
SFRP5	green	6425	SFRP5	unique_official_exact	True	True	True	included
PYGL	yellow	5836	PYGL	unique_official_exact	True	True	True	included
COL5A3	turquoise	50509	COL5A3	unique_official_exact	True	True	True	included
SH3BP5-AS1	turquoise	100505696	SH3BP5-AS1	unique_official_exact	True	True	True	included
AASS	turquoise	10157	AASS	unique_official_exact	True	True	True	included
RASD1	yellow	51655	RASD1	unique_official_exact	True	True	True	included
DMTF1	turquoise	9988	DMTF1	unique_official_exact	True	True	True	included
PCBP4	brown	57060	PCBP4	unique_official_exact	True	True	True	included
MAN1A1	blue	4121	MAN1A1	unique_official_exact	True	True	True	included
GPX1	blue	2876	GPX1	unique_official_exact	True	True	True	included
SEMA3D	green	223117	SEMA3D	unique_official_exact	True	True	True	included
METRN	brown	79006	METRN	unique_official_exact	True	True	True	included
CYP1B1	red	1545	CYP1B1	unique_official_exact	True	True	True	included
MUC20	turquoise	200958	MUC20	unique_official_exact	True	True	True	included
CDKN2B	yellow	1030	CDKN2B	unique_official_exact	True	True	True	included
FMO2	grey	2327	FMO2	unique_official_exact	False	False	False	grey_not_a_network_block
RGMA	green	56963	RGMA	unique_official_exact	True	True	True	included
SHC3	blue	53358	SHC3	unique_official_exact	True	True	True	included
INTS3	turquoise	65123	INTS3	unique_official_exact	True	True	True	included
TUBA1A	brown	7846	TUBA1A	unique_official_exact	True	True	True	included
ODF2L	turquoise	57489	ODF2L	unique_official_exact	True	True	True	included
PCSK7	grey	9159	PCSK7	unique_official_exact	False	False	False	grey_not_a_network_block
GSN	blue	2934	GSN	unique_official_exact	True	True	True	included
GNS	yellow	2799	GNS	unique_official_exact	True	True	True	included
B4GALNT4	brown	338707	B4GALNT4	unique_official_exact	True	True	True	included
ALDH1B1	pink	219	ALDH1B1	unique_official_exact	True	True	True	included
DPP4	red	1803	DPP4	unique_official_exact	True	True	True	included
ME1	yellow	4199	ME1	unique_official_exact	True	True	True	included
RGS6	green	9628	RGS6	unique_official_exact	True	True	True	included
GUSBP1	turquoise	728411	GUSBP1	unique_official_exact	True	True	True	included
ARHGAP20	yellow	57569	ARHGAP20	unique_official_exact	True	True	True	included
CADM3	brown	57863	CADM3	unique_official_exact	True	True	True	included
GUCY1A1	pink	2982	GUCY1A1	unique_official_exact	True	True	True	included
NBEAL2	turquoise	23218	NBEAL2	unique_official_exact	True	True	True	included
SOX8	brown	30812	SOX8	unique_official_exact	True	True	True	included
RPL39	grey	6170	RPL39	unique_official_exact	False	False	False	grey_not_a_network_block
NDRG2	brown	57447	NDRG2	unique_official_exact	True	True	True	included
LINC-PINT	turquoise	378805	LINC-PINT	unique_official_exact	True	True	True	included
ACE	black	1636	ACE	unique_official_exact	True	True	True	included
SORCS3	brown	22986	SORCS3	unique_official_exact	True	True	True	included
SUGP2	turquoise	10147	SUGP2	unique_official_exact	True	True	True	included
ARHGAP30	blue	257106	ARHGAP30	unique_official_exact	True	True	True	included
CEBPD	grey	1052	CEBPD	unique_official_exact	False	False	False	grey_not_a_network_block
MICAL3	turquoise	57553	MICAL3	unique_official_exact	True	True	True	included
EDIL3	brown	10085	EDIL3	unique_official_exact	True	True	True	included
MAN2C1	turquoise	4123	MAN2C1	unique_official_exact	True	True	True	included
FOXD3	brown	27022	FOXD3	unique_official_exact	True	True	True	included
PAPLN	green	89932	PAPLN	unique_official_exact	True	True	True	included
PYROXD2	turquoise	84795	PYROXD2	unique_official_exact	True	True	True	included
ANXA1	yellow	301	ANXA1	unique_official_exact	True	True	True	included
IRAG1	pink	10335	IRAG1	unique_official_exact	True	True	True	included
MRTFB	black	57496	MRTFB	unique_official_exact	True	True	True	included
LAMB3	grey	3914	LAMB3	unique_official_exact	False	False	False	grey_not_a_network_block
C1RL-AS1	turquoise	283314	C1RL-AS1	unique_official_exact	True	True	True	included
ADAMTS9	turquoise	56999	ADAMTS9	unique_official_exact	True	True	True	included
ADIPOR1	blue	51094	ADIPOR1	unique_official_exact	True	True	True	included
GIMAP8	yellow	155038	GIMAP8	unique_official_exact	True	True	True	included
SCUBE3	pink	222663	SCUBE3	unique_official_exact	True	True	True	included
GALNT17	brown	64409	GALNT17	unique_official_exact	True	True	True	included
SLC6A1	turquoise	6529	SLC6A1	unique_official_exact	True	True	True	included
NGEF	green	25791	NGEF	unique_official_exact	True	True	True	included
EGR2	brown	1959	EGR2	unique_official_exact	True	True	True	included
HRCT1	pink	646962	HRCT1	unique_official_exact	True	True	True	included
SLC38A1	pink	81539	SLC38A1	unique_official_exact	True	True	True	included
SENP7	turquoise	57337	SENP7	unique_official_exact	True	True	True	included
GBE1	yellow	2632	GBE1	unique_official_exact	True	True	True	included
DOCK5	green	80005	DOCK5	unique_official_exact	True	True	True	included
ALDH1A1	brown	216	ALDH1A1	unique_official_exact	True	True	True	included
CELSR2	brown	1952	CELSR2	unique_official_exact	True	True	True	included
FREM2	brown	341640	FREM2	unique_official_exact	True	True	True	included
CAPS	brown	828	CAPS	unique_official_exact	True	True	True	included
LUM	blue	4060	LUM	unique_official_exact	True	True	True	included
PDZRN4	green	29951	PDZRN4	unique_official_exact	True	True	True	included
PRDM16-DT	brown	440556	PRDM16-DT	unique_official_exact	True	True	True	included
AIF1L	brown	83543	AIF1L	unique_official_exact	True	True	True	included
KIF5C	brown	3800	KIF5C	unique_official_exact	True	True	True	included
PLCB2	grey	5330	PLCB2	unique_official_exact	False	False	False	grey_not_a_network_block
CLK1	turquoise	1195	CLK1	unique_official_exact	True	True	True	included
PDE1A	green	5136	PDE1A	unique_official_exact	True	True	True	included
B2M	blue	567	B2M	unique_official_exact	True	True	True	included
CLDN1	green	9076	CLDN1	unique_official_exact	True	True	True	included
ADAMTS10	turquoise	81794	ADAMTS10	unique_official_exact	True	True	True	included
SRSF11	turquoise	9295	SRSF11	unique_official_exact	True	True	True	included
PTCH1	green	5727	PTCH1	unique_official_exact	True	True	True	included
KANK4	brown	163782	KANK4	unique_official_exact	True	True	True	included
AFAP1L2	brown	84632	AFAP1L2	unique_official_exact	True	True	True	included
ARHGAP25	blue	9938	ARHGAP25	unique_official_exact	True	True	True	included
DTX1	yellow	1840	DTX1	unique_official_exact	True	True	True	included
PDLIM3	pink	27295	PDLIM3	unique_official_exact	True	True	True	included
ACO1	yellow	48	ACO1	unique_official_exact	True	True	True	included
CTNNA3	brown	29119	CTNNA3	unique_official_exact	True	True	True	included
JPH2	pink	57158	JPH2	unique_official_exact	True	True	True	included
PAG1	grey	55824	PAG1	unique_official_exact	False	False	False	grey_not_a_network_block
ID1	pink	3397	ID1	unique_official_exact	True	True	True	included
SHISA6	green	388336	SHISA6	unique_official_exact	True	True	True	included
IQCN	turquoise	80726	IQCN	unique_official_exact	True	True	True	included
HERC2P3	turquoise	283755	HERC2P3	unique_official_exact	True	True	True	included
BMP3	green	651	BMP3	unique_official_exact	True	True	True	included
NOTCH4	magenta	4855	NOTCH4	unique_official_exact	True	True	True	included
BTNL9	turquoise	153579	BTNL9	unique_official_exact	True	True	True	included
SERPINA5	blue	5104	SERPINA5	unique_official_exact	True	True	True	included
EMILIN2	blue	84034	EMILIN2	unique_official_exact	True	True	True	included
POLE	turquoise	5426	POLE	unique_official_exact	True	True	True	included
ABCC9	yellow	10060	ABCC9	unique_official_exact	True	True	True	included
DHDDS	yellow	79947	DHDDS	unique_official_exact	True	True	True	included
RAP1GAP	brown	5909	RAP1GAP	unique_official_exact	True	True	True	included
RUNX2	red	860	RUNX2	unique_official_exact	True	True	True	included
FZD2	green	2535	FZD2	unique_official_exact	True	True	True	included
SEMA5B	green	54437	SEMA5B	unique_official_exact	True	True	True	included
SDC2	red	6383	SDC2	unique_official_exact	True	True	True	included
PPP1R1B	yellow	84152	PPP1R1B	unique_official_exact	True	True	True	included
GSTM3	red	2947	GSTM3	unique_official_exact	True	True	True	included
GAB1	green	2549	GAB1	unique_official_exact	True	True	True	included
SORCS2	green	57537	SORCS2	unique_official_exact	True	True	True	included
DIPK2B	yellow	79742	DIPK2B	unique_official_exact	True	True	True	included
PGGHG	turquoise	80162	PGGHG	unique_official_exact	True	True	True	included
RBM6	turquoise	10180	RBM6	unique_official_exact	True	True	True	included
SHISA3	grey	152573	SHISA3	unique_official_exact	False	False	False	grey_not_a_network_block
PCDH1	pink	5097	PCDH1	unique_official_exact	True	True	True	included
PTGS1	blue	5742	PTGS1	unique_official_exact	True	True	True	included
PTPRE	brown	5791	PTPRE	unique_official_exact	True	True	True	included
MYOCD	pink	93649	MYOCD	unique_official_exact	True	True	True	included
KCNJ10	brown	3766	KCNJ10	unique_official_exact	True	True	True	included
TMEM176A	brown	55365	TMEM176A	unique_official_exact	True	True	True	included
CCDC7	turquoise	79741	CCDC7	unique_official_exact	True	True	True	included
DOCK2	blue	1794	DOCK2	unique_official_exact	True	True	True	included
THSD7A	brown	221981	THSD7A	unique_official_exact	True	True	True	included
STAB1	yellow	23166	STAB1	unique_official_exact	True	True	True	included
SLC25A39	blue	51629	SLC25A39	unique_official_exact	True	True	True	included
TUBGCP6	turquoise	85378	TUBGCP6	unique_official_exact	True	True	True	included
CLEC3B	blue	7123	CLEC3B	unique_official_exact	True	True	True	included
SLCO2A1	grey	6578	SLCO2A1	unique_official_exact	False	False	False	grey_not_a_network_block
SLC1A3	blue	6507	SLC1A3	unique_official_exact	True	True	True	included
PRNP	brown	5621	PRNP	unique_official_exact	True	True	True	included
FILIP1	grey	27145	FILIP1	unique_official_exact	False	False	False	grey_not_a_network_block
ITGA6	green	3655	ITGA6	unique_official_exact	True	True	True	included
PLXNC1	blue	10154	PLXNC1	unique_official_exact	True	True	True	included
ZNF528	turquoise	84436	ZNF528	unique_official_exact	True	True	True	included
ITGA7	turquoise	3679	ITGA7	unique_official_exact	True	True	True	included
AKAP9	turquoise	10142	AKAP9	unique_official_exact	True	True	True	included
EDN1	black	1906	EDN1	unique_official_exact	True	True	True	included
RPL23	grey	9349	RPL23	unique_official_exact	False	False	False	grey_not_a_network_block
CLEC14A	black	161198	CLEC14A	unique_official_exact	True	True	True	included
NCKAP1L	blue	3071	NCKAP1L	unique_official_exact	True	True	True	included
TNNT2	green	7139	TNNT2	unique_official_exact	True	True	True	included
RPS15A	grey	6210	RPS15A	unique_official_exact	False	False	False	grey_not_a_network_block
TP53INP2	brown	58476	TP53INP2	unique_official_exact	True	True	True	included
SOCS3	grey	9021	SOCS3	unique_official_exact	False	False	False	grey_not_a_network_block
NRGN	grey	4900	NRGN	unique_official_exact	False	False	False	grey_not_a_network_block
KREMEN1	blue	83999	KREMEN1	unique_official_exact	True	True	True	included
SLC5A3	grey	6526	SLC5A3	unique_official_exact	False	False	False	grey_not_a_network_block
WSCD2	red	9671	WSCD2	unique_official_exact	True	True	True	included
PODN	blue	127435	PODN	unique_official_exact	True	True	True	included
ASPNAT	yellow	339983	ASPNAT	unique_official_exact	True	True	True	included
FLT4	black	2324	FLT4	unique_official_exact	True	True	True	included
JAKMIP2	brown	9832	JAKMIP2	unique_official_exact	True	True	True	included
PIK3R3	black	8503	PIK3R3	unique_official_exact	True	True	True	included
SLC16A12	green	387700	SLC16A12	unique_official_exact	True	True	True	included
PLXDC2	brown	84898	PLXDC2	unique_official_exact	True	True	True	included
RPLP2	grey	6181	RPLP2	unique_official_exact	False	False	False	grey_not_a_network_block
ST3GAL1	yellow	6482	ST3GAL1	unique_official_exact	True	True	True	included
MGP	blue	4256	MGP	unique_official_exact	True	True	True	included
SPATA13	brown	221178	SPATA13	unique_official_exact	True	True	True	included
C1orf198	brown	84886	C1orf198	unique_official_exact	True	True	True	included
CCN2	yellow	1490	CCN2	unique_official_exact	True	True	True	included
FCGRT	blue	2217	FCGRT	unique_official_exact	True	True	True	included
OBSCN	turquoise	84033	OBSCN	unique_official_exact	True	True	True	included
COX6C	grey	1345	COX6C	unique_official_exact	False	False	False	grey_not_a_network_block
IKZF1	blue	10320	IKZF1	unique_official_exact	True	True	True	included
SLC9A3	brown	6550	SLC9A3	unique_official_exact	True	True	True	included
ERBB2	green	2064	ERBB2	unique_official_exact	True	True	True	included
ABCD2	yellow	225	ABCD2	unique_official_exact	True	True	True	included
CAPN6	red	827	CAPN6	unique_official_exact	True	True	True	included
PLXNA3	turquoise	55558	PLXNA3	unique_official_exact	True	True	True	included
SYNE2	turquoise	23224	SYNE2	unique_official_exact	True	True	True	included
ALS2CL	turquoise	259173	ALS2CL	unique_official_exact	True	True	True	included
ARHGAP39	brown	80728	ARHGAP39	unique_official_exact	True	True	True	included
CTHRC1	blue	115908	CTHRC1	unique_official_exact	True	True	True	included
AFF2	grey	2334	AFF2	unique_official_exact	False	False	False	grey_not_a_network_block
DSG2	black	1829	DSG2	unique_official_exact	True	True	True	included
SYTL4	grey	94121	SYTL4	unique_official_exact	False	False	False	grey_not_a_network_block
PITPNM3	grey	83394	PITPNM3	unique_official_exact	False	False	False	grey_not_a_network_block
PCDH9	brown	5101	PCDH9	unique_official_exact	True	True	True	included
FADS2	grey	9415	FADS2	unique_official_exact	False	False	False	grey_not_a_network_block
ADGRL4	yellow	64123	ADGRL4	unique_official_exact	True	True	True	included
OTULINL	blue	54491	OTULINL	unique_official_exact	True	True	True	included
CDH13	black	1012	CDH13	unique_official_exact	True	True	True	included
PDE3A	grey	5139	PDE3A	unique_official_exact	False	False	False	grey_not_a_network_block
LONRF1	turquoise	91694	LONRF1	unique_official_exact	True	True	True	included
SAMD4A	grey	23034	SAMD4A	unique_official_exact	False	False	False	grey_not_a_network_block
SLCO2B1	blue	11309	SLCO2B1	unique_official_exact	True	True	True	included
INMT	red	11185	INMT	unique_official_exact	True	True	True	included
ALDH9A1	yellow	223	ALDH9A1	unique_official_exact	True	True	True	included
TINAGL1	pink	64129	TINAGL1	unique_official_exact	True	True	True	included
SDC3	brown	9672	SDC3	unique_official_exact	True	True	True	included
NEK1	brown	4750	NEK1	unique_official_exact	True	True	True	included
WIPF1	red	7456	WIPF1	unique_official_exact	True	True	True	included
CCNL1	turquoise	57018	CCNL1	unique_official_exact	True	True	True	included
NEDD9	black	4739	NEDD9	unique_official_exact	True	True	True	included
RSPO3	red	84870	RSPO3	unique_official_exact	True	True	True	included
CPVL	blue	54504	CPVL	unique_official_exact	True	True	True	included
UNC13C	pink	440279	UNC13C	unique_official_exact	True	True	True	included
STOX2	brown	56977	STOX2	unique_official_exact	True	True	True	included
IRF8	blue	3394	IRF8	unique_official_exact	True	True	True	included
MYLK	pink	4638	MYLK	unique_official_exact	True	True	True	included
NHSL1	blue	57224	NHSL1	unique_official_exact	True	True	True	included
IL16	grey	3603	IL16	unique_official_exact	False	False	False	grey_not_a_network_block
FHOD1	grey	29109	FHOD1	unique_official_exact	False	False	False	grey_not_a_network_block
PLLP	brown	51090	PLLP	unique_official_exact	True	True	True	included
DENND2A	green	27147	DENND2A	unique_official_exact	True	True	True	included
EGFLAM	brown	133584	EGFLAM	unique_official_exact	True	True	True	included
GSTT1	grey	2952	GSTT1	unique_official_exact	False	False	False	grey_not_a_network_block
TTLL7	turquoise	79739	TTLL7	unique_official_exact	True	True	True	included
PTGER4	blue	5734	PTGER4	unique_official_exact	True	True	True	included
OSGIN2	grey	734	OSGIN2	unique_official_exact	False	False	False	grey_not_a_network_block
CIART	grey	148523	CIART	unique_official_exact	False	False	False	grey_not_a_network_block
NKAIN2	brown	154215	NKAIN2	unique_official_exact	True	True	True	included
ALDH1L1	yellow	10840	ALDH1L1	unique_official_exact	True	True	True	included
DACT1	green	51339	DACT1	unique_official_exact	True	True	True	included
FSTL1	blue	11167	FSTL1	unique_official_exact	True	True	True	included
ADAMTS15	grey	170689	ADAMTS15	unique_official_exact	False	False	False	grey_not_a_network_block
SLC27A6	brown	28965	SLC27A6	unique_official_exact	True	True	True	included
MECOM	black	2122	MECOM	unique_official_exact	True	True	True	included
C1orf21	green	81563	C1orf21	unique_official_exact	True	True	True	included
CACHD1	yellow	57685	CACHD1	unique_official_exact	True	True	True	included
F8	black	2157	F8	unique_official_exact	True	True	True	included
STARD13	brown	90627	STARD13	unique_official_exact	True	True	True	included
PHYKPL	turquoise	85007	PHYKPL	unique_official_exact	True	True	True	included
FAM171B	red	165215	FAM171B	unique_official_exact	True	True	True	included
CRIM1	black	51232	CRIM1	unique_official_exact	True	True	True	included
SNCG	yellow	6623	SNCG	unique_official_exact	True	True	True	included
PPL	yellow	5493	PPL	unique_official_exact	True	True	True	included
HYOU1	red	10525	HYOU1	unique_official_exact	True	True	True	included
ABCB1	brown	5243	ABCB1	unique_official_exact	True	True	True	included
NFIX	blue	4784	NFIX	unique_official_exact	True	True	True	included
LGI2	grey	55203	LGI2	unique_official_exact	False	False	False	grey_not_a_network_block
EFR3B	brown	22979	EFR3B	unique_official_exact	True	True	True	included
MIRLET7BHG	turquoise	400931	MIRLET7BHG	unique_official_exact	True	True	True	included
MS4A6A	blue	64231	MS4A6A	unique_official_exact	True	True	True	included
RSRP1	turquoise	57035	RSRP1	unique_official_exact	True	True	True	included
ANGPT2	yellow	285	ANGPT2	unique_official_exact	True	True	True	included
KLF2	pink	10365	KLF2	unique_official_exact	True	True	True	included
AQP7P1	magenta	375719	AQP7P1	unique_official_exact	True	True	True	included
EMCN	black	51705	EMCN	unique_official_exact	True	True	True	included
AHI1	turquoise	54806	AHI1	unique_official_exact	True	True	True	included
LRRK2	grey	120892	LRRK2	unique_official_exact	False	False	False	grey_not_a_network_block
ADAM12	yellow	8038	ADAM12	unique_official_exact	True	True	True	included
TNIK	red	23043	TNIK	unique_official_exact	True	True	True	included
TLE2	green	7089	TLE2	unique_official_exact	True	True	True	included
GNG2	brown	54331	GNG2	unique_official_exact	True	True	True	included
ASS1	yellow	445	ASS1	unique_official_exact	True	True	True	included
NR1D2	grey	9975	NR1D2	unique_official_exact	False	False	False	grey_not_a_network_block
CD93	black	22918	CD93	unique_official_exact	True	True	True	included
GPR155	brown	151556	GPR155	unique_official_exact	True	True	True	included
ANO2	turquoise	57101	ANO2	unique_official_exact	True	True	True	included
CPA3	blue	1359	CPA3	unique_official_exact	True	True	True	included
SPARC	blue	6678	SPARC	unique_official_exact	True	True	True	included
LIMS2	turquoise	55679	LIMS2	unique_official_exact	True	True	True	included
IL10RA	blue	3587	IL10RA	unique_official_exact	True	True	True	included
ADA2	blue	51816	ADA2	unique_official_exact	True	True	True	included
FRMD3	brown	257019	FRMD3	unique_official_exact	True	True	True	included
MASP1	blue	5648	MASP1	unique_official_exact	True	True	True	included
FILIP1L	yellow	11259	FILIP1L	unique_official_exact	True	True	True	included
FRG1BP	grey	284802	FRG1BP	unique_official_exact	False	False	False	grey_not_a_network_block
PTPDC1	brown	138639	PTPDC1	unique_official_exact	True	True	True	included
CDH11	red	1009	CDH11	unique_official_exact	True	True	True	included
USP54	green	159195	USP54	unique_official_exact	True	True	True	included
PIEZO1	black	9780	PIEZO1	unique_official_exact	True	True	True	included
JAG1	pink	182	JAG1	unique_official_exact	True	True	True	included
HMOX1	blue	3162	HMOX1	unique_official_exact	True	True	True	included
CSF3R	blue	1441	CSF3R	unique_official_exact	True	True	True	included
ELOVL5	yellow	60481	ELOVL5	unique_official_exact	True	True	True	included
ZHX3	green	23051	ZHX3	unique_official_exact	True	True	True	included
NOD1	turquoise	10392	NOD1	unique_official_exact	True	True	True	included
SSB	grey	6741	SSB	unique_official_exact	False	False	False	grey_not_a_network_block
RBM38	blue	55544	RBM38	unique_official_exact	True	True	True	included
ITIH3	turquoise	3699	ITIH3	unique_official_exact	True	True	True	included
STK32A	brown	202374	STK32A	unique_official_exact	True	True	True	included
COTL1	blue	23406	COTL1	unique_official_exact	True	True	True	included
NET1	pink	10276	NET1	unique_official_exact	True	True	True	included
IL34	brown	146433	IL34	unique_official_exact	True	True	True	included
NEXN	pink	91624	NEXN	unique_official_exact	True	True	True	included
ZSWIM6	brown	57688	ZSWIM6	unique_official_exact	True	True	True	included
H2AJ	grey	55766	H2AJ	unique_official_exact	False	False	False	grey_not_a_network_block
LAMA2	brown	3908	LAMA2	unique_official_exact	True	True	True	included
P4HA1	red	5033	P4HA1	unique_official_exact	True	True	True	included
NKAIN3	brown	286183	NKAIN3	unique_official_exact	True	True	True	included
MYOZ3	red	91977	MYOZ3	unique_official_exact	True	True	True	included
CDH6	brown	1004	CDH6	unique_official_exact	True	True	True	included
SH3TC2	brown	79628	SH3TC2	unique_official_exact	True	True	True	included
ARHGAP15	brown	55843	ARHGAP15	unique_official_exact	True	True	True	included
PHGDH	blue	26227	PHGDH	unique_official_exact	True	True	True	included
EPB41L3	yellow	23136	EPB41L3	unique_official_exact	True	True	True	included
NT5E	blue	4907	NT5E	unique_official_exact	True	True	True	included
ANO1	black	55107	ANO1	unique_official_exact	True	True	True	included
WASF3	blue	10810	WASF3	unique_official_exact	True	True	True	included
IGFBP6	green	3489	IGFBP6	unique_official_exact	True	True	True	included
CIITA	turquoise	4261	CIITA	unique_official_exact	True	True	True	included
OMD	red	4958	OMD	unique_official_exact	True	True	True	included
FHL2	blue	2274	FHL2	unique_official_exact	True	True	True	included
CLMN	brown	79789	CLMN	unique_official_exact	True	True	True	included
KLF10	blue	7071	KLF10	unique_official_exact	True	True	True	included
GBP1	grey	2633	GBP1	unique_official_exact	False	False	False	grey_not_a_network_block
BNIP3	yellow	664	BNIP3	unique_official_exact	True	True	True	included
ISYNA1	green	51477	ISYNA1	unique_official_exact	True	True	True	included
LAMB1	brown	3912	LAMB1	unique_official_exact	True	True	True	included
TMEM47	pink	83604	TMEM47	unique_official_exact	True	True	True	included
ROR1	green	4919	ROR1	unique_official_exact	True	True	True	included
IL17RD	red	54756	IL17RD	unique_official_exact	True	True	True	included
ZFX	grey	7543	ZFX	unique_official_exact	False	False	False	grey_not_a_network_block
GALNT16	blue	57452	GALNT16	unique_official_exact	True	True	True	included
COL24A1	grey	255631	COL24A1	unique_official_exact	False	False	False	grey_not_a_network_block
GLIPR2	blue	152007	GLIPR2	unique_official_exact	True	True	True	included
SSPN	red	8082	SSPN	unique_official_exact	True	True	True	included
MAF	brown	4094	MAF	unique_official_exact	True	True	True	included
PPFIBP2	brown	8495	PPFIBP2	unique_official_exact	True	True	True	included
CD84	blue	8832	CD84	unique_official_exact	True	True	True	included
KIAA0040	yellow	9674	KIAA0040	unique_official_exact	True	True	True	included
SFI1	turquoise	9814	SFI1	unique_official_exact	True	True	True	included
PKD1P1	turquoise	339044	PKD1P1	unique_official_exact	True	True	True	included
CNR1	grey	1268	CNR1	unique_official_exact	False	False	False	grey_not_a_network_block
ACAA2	yellow	10449	ACAA2	unique_official_exact	True	True	True	included
CIDEA	yellow	1149	CIDEA	unique_official_exact	True	True	True	included
MEOX1	black	4222	MEOX1	unique_official_exact	True	True	True	included
FN1	red	2335	FN1	unique_official_exact	True	True	True	included
HPS5	grey	11234	HPS5	unique_official_exact	False	False	False	grey_not_a_network_block
HK1	yellow	3098	HK1	unique_official_exact	True	True	True	included
NEURL1B	green	54492	NEURL1B	unique_official_exact	True	True	True	included
YWHAG	yellow	7532	YWHAG	unique_official_exact	True	True	True	included
PDZD2	brown	23037	PDZD2	unique_official_exact	True	True	True	included
ST8SIA4	red	7903	ST8SIA4	unique_official_exact	True	True	True	included
COL8A1	green	1295	COL8A1	unique_official_exact	True	True	True	included
EFHD1	pink	80303	EFHD1	unique_official_exact	True	True	True	included
FGFBP2	brown	83888	FGFBP2	unique_official_exact	True	True	True	included
TM6SF1	grey	53346	TM6SF1	unique_official_exact	False	False	False	grey_not_a_network_block
SEC14L5	brown	9717	SEC14L5	unique_official_exact	True	True	True	included
TIE1	black	7075	TIE1	unique_official_exact	True	True	True	included
AFF3	grey	3899	AFF3	unique_official_exact	False	False	False	grey_not_a_network_block
UACA	turquoise	55075	UACA	unique_official_exact	True	True	True	included
GRIK2	brown	2898	GRIK2	unique_official_exact	True	True	True	included
PIK3AP1	blue	118788	PIK3AP1	unique_official_exact	True	True	True	included
KCNK12	brown	56660	KCNK12	unique_official_exact	True	True	True	included
AQP1	black	358	AQP1	unique_official_exact	True	True	True	included
TENM4	blue	26011	TENM4	unique_official_exact	True	True	True	included
HSPA12A	brown	259217	HSPA12A	unique_official_exact	True	True	True	included
CELSR1	black	9620	CELSR1	unique_official_exact	True	True	True	included
PXDN	yellow	7837	PXDN	unique_official_exact	True	True	True	included
HNMT	yellow	3176	HNMT	unique_official_exact	True	True	True	included
ADGRF5	black	221395	ADGRF5	unique_official_exact	True	True	True	included
F11R	yellow	50848	F11R	unique_official_exact	True	True	True	included
P2RY14	red	9934	P2RY14	unique_official_exact	True	True	True	included
P3H3	red	10536	P3H3	unique_official_exact	True	True	True	included
TCIRG1	turquoise	10312	TCIRG1	unique_official_exact	True	True	True	included
ACTC1	pink	70	ACTC1	unique_official_exact	True	True	True	included
ADAMTS1	pink	9510	ADAMTS1	unique_official_exact	True	True	True	included
DDAH1	red	23576	DDAH1	unique_official_exact	True	True	True	included
SFSWAP	turquoise	6433	SFSWAP	unique_official_exact	True	True	True	included
INSC	brown	387755	INSC	unique_official_exact	True	True	True	included
GLIPR1	blue	11010	GLIPR1	unique_official_exact	True	True	True	included
RASIP1	black	54922	RASIP1	unique_official_exact	True	True	True	included
PLEKHG1	black	57480	PLEKHG1	unique_official_exact	True	True	True	included
EOGT	yellow	285203	EOGT	unique_official_exact	True	True	True	included
RARRES1	red	5918	RARRES1	unique_official_exact	True	True	True	included
CASP10	black	843	CASP10	unique_official_exact	True	True	True	included
FZD6	yellow	8323	FZD6	unique_official_exact	True	True	True	included
TYROBP	blue	7305	TYROBP	unique_official_exact	True	True	True	included
PRKAA2	green	5563	PRKAA2	unique_official_exact	True	True	True	included
TRIM29	green	23650	TRIM29	unique_official_exact	True	True	True	included
ANKRD30B	turquoise	374860	ANKRD30B	unique_official_exact	True	True	True	included
FMOD	blue	2331	FMOD	unique_official_exact	True	True	True	included
FRMD5	brown	84978	FRMD5	unique_official_exact	True	True	True	included
GRIN2B	brown	2904	GRIN2B	unique_official_exact	True	True	True	included
HOOK2	yellow	29911	HOOK2	unique_official_exact	True	True	True	included
GOLGA8A	turquoise	23015	GOLGA8A	unique_official_exact	True	True	True	included
PLD2	grey	5338	PLD2	unique_official_exact	False	False	False	grey_not_a_network_block
ARHGEF25	green	115557	ARHGEF25	unique_official_exact	True	True	True	included
NFKBIA	brown	4792	NFKBIA	unique_official_exact	True	True	True	included
AVPR1A	yellow	552	AVPR1A	unique_official_exact	True	True	True	included
DHCR24	yellow	1718	DHCR24	unique_official_exact	True	True	True	included
ANGPTL4	yellow	51129	ANGPTL4	unique_official_exact	True	True	True	included
LSS	magenta	4047	LSS	unique_official_exact	True	True	True	included
CROCC	turquoise	9696	CROCC	unique_official_exact	True	True	True	included
TNS3	green	64759	TNS3	unique_official_exact	True	True	True	included
XAF1	turquoise	54739	XAF1	unique_official_exact	True	True	True	included
CSRNP3	pink	80034	CSRNP3	unique_official_exact	True	True	True	included
CALCRL	yellow	10203	CALCRL	unique_official_exact	True	True	True	included
GSN-AS1	turquoise	57000	GSN-AS1	unique_official_exact	True	True	True	included
FTX	turquoise	100302692	FTX	unique_official_exact	True	True	True	included
VCAM1	blue	7412	VCAM1	unique_official_exact	True	True	True	included
PAIP2B	brown	400961	PAIP2B	unique_official_exact	True	True	True	included
ALAS1	blue	211	ALAS1	unique_official_exact	True	True	True	included
DAPK1	green	1612	DAPK1	unique_official_exact	True	True	True	included
ECM2	blue	1842	ECM2	unique_official_exact	True	True	True	included
TMTC4	brown	84899	TMTC4	unique_official_exact	True	True	True	included
P2RY1	brown	5028	P2RY1	unique_official_exact	True	True	True	included
MDK	brown	4192	MDK	unique_official_exact	True	True	True	included
LDHB	yellow	3945	LDHB	unique_official_exact	True	True	True	included
LIMA1	yellow	51474	LIMA1	unique_official_exact	True	True	True	included
ERG	black	2078	ERG	unique_official_exact	True	True	True	included
PEAR1	green	375033	PEAR1	unique_official_exact	True	True	True	included
ANKRD44	green	91526	ANKRD44	unique_official_exact	True	True	True	included
PCNX2	grey	80003	PCNX2	unique_official_exact	False	False	False	grey_not_a_network_block
CLU	blue	1191	CLU	unique_official_exact	True	True	True	included
CLTCL1	turquoise	8218	CLTCL1	unique_official_exact	True	True	True	included
GBP3	grey	2635	GBP3	unique_official_exact	False	False	False	grey_not_a_network_block
ITGB5	yellow	3693	ITGB5	unique_official_exact	True	True	True	included
TSPAN8	brown	7103	TSPAN8	unique_official_exact	True	True	True	included
PIP4K2C	grey	79837	PIP4K2C	unique_official_exact	False	False	False	grey_not_a_network_block
TMEM130	green	222865	TMEM130	unique_official_exact	True	True	True	included
CMYA5	turquoise	202333	CMYA5	unique_official_exact	True	True	True	included
TUBA1C	grey	84790	TUBA1C	unique_official_exact	False	False	False	grey_not_a_network_block
TMEM164	yellow	84187	TMEM164	unique_official_exact	True	True	True	included
ECSCR	black	641700	ECSCR	unique_official_exact	True	True	True	included
ITPR3	brown	3710	ITPR3	unique_official_exact	True	True	True	included
MYOM1	yellow	8736	MYOM1	unique_official_exact	True	True	True	included
SPTLC2	blue	9517	SPTLC2	unique_official_exact	True	True	True	included
SEMA4B	brown	10509	SEMA4B	unique_official_exact	True	True	True	included
TSPAN15	brown	23555	TSPAN15	unique_official_exact	True	True	True	included
TGFB3	blue	7043	TGFB3	unique_official_exact	True	True	True	included
PALM	yellow	5064	PALM	unique_official_exact	True	True	True	included
PIK3R1	green	5295	PIK3R1	unique_official_exact	True	True	True	included
LOX	blue	4015	LOX	unique_official_exact	True	True	True	included
IFT172	turquoise	26160	IFT172	unique_official_exact	True	True	True	included
RASGEF1A	brown	221002	RASGEF1A	unique_official_exact	True	True	True	included
KIAA1217	green	56243	KIAA1217	unique_official_exact	True	True	True	included
SEPTIN3	brown	55964	SEPTIN3	unique_official_exact	True	True	True	included
CABLES1	red	91768	CABLES1	unique_official_exact	True	True	True	included
GFPT2	blue	9945	GFPT2	unique_official_exact	True	True	True	included
LVRN	yellow	206338	LVRN	unique_official_exact	True	True	True	included
N4BP2L2-IT2	turquoise	116828	N4BP2L2-IT2	unique_official_exact	True	True	True	included
CDH7	brown	1005	CDH7	unique_official_exact	True	True	True	included
SCARNA7	turquoise	677767	SCARNA7	unique_official_exact	True	True	True	included
LHX6	yellow	26468	LHX6	unique_official_exact	True	True	True	included
SETD7	blue	80854	SETD7	unique_official_exact	True	True	True	included
HCG18	turquoise	414777	HCG18	unique_official_exact	True	True	True	included
MS4A7	blue	58475	MS4A7	unique_official_exact	True	True	True	included
CC2D1A	brown	54862	CC2D1A	unique_official_exact	True	True	True	included
GAS1	blue	2619	GAS1	unique_official_exact	True	True	True	included
FTH1	yellow	2495	FTH1	unique_official_exact	True	True	True	included
AEBP1	blue	165	AEBP1	unique_official_exact	True	True	True	included
FOXC1	green	2296	FOXC1	unique_official_exact	True	True	True	included
LCP2	blue	3937	LCP2	unique_official_exact	True	True	True	included
NLGN3	brown	54413	NLGN3	unique_official_exact	True	True	True	included
ITGA5	black	3678	ITGA5	unique_official_exact	True	True	True	included
ZNF605	grey	100289635	ZNF605	unique_official_exact	False	False	False	grey_not_a_network_block
RASL12	grey	51285	RASL12	unique_official_exact	False	False	False	grey_not_a_network_block
CCDC57	turquoise	284001	CCDC57	unique_official_exact	True	True	True	included
COL9A3	brown	1299	COL9A3	unique_official_exact	True	True	True	included
RPS20	grey	6224	RPS20	unique_official_exact	False	False	False	grey_not_a_network_block
NID2	brown	22795	NID2	unique_official_exact	True	True	True	included
SLC24A4	brown	123041	SLC24A4	unique_official_exact	True	True	True	included
ICAM1	grey	3383	ICAM1	unique_official_exact	False	False	False	grey_not_a_network_block
DSE	blue	29940	DSE	unique_official_exact	True	True	True	included
PLK2	brown	10769	PLK2	unique_official_exact	True	True	True	included
ALCAM	brown	214	ALCAM	unique_official_exact	True	True	True	included
RPS25	grey	6230	RPS25	unique_official_exact	False	False	False	grey_not_a_network_block
PHACTR2	green	9749	PHACTR2	unique_official_exact	True	True	True	included
ADAMTS9-AS2	turquoise	100507098	ADAMTS9-AS2	unique_official_exact	True	True	True	included
CERCAM	blue	51148	CERCAM	unique_official_exact	True	True	True	included
RPS12	grey	6206	RPS12	unique_official_exact	False	False	False	grey_not_a_network_block
PCGF3	turquoise	10336	PCGF3	unique_official_exact	True	True	True	included
WNT2B	red	7482	WNT2B	unique_official_exact	True	True	True	included
ARRDC2	grey	27106	ARRDC2	unique_official_exact	False	False	False	grey_not_a_network_block
KANK1	yellow	23189	KANK1	unique_official_exact	True	True	True	included
FHL5	pink	9457	FHL5	unique_official_exact	True	True	True	included
CARF	turquoise	79800	CARF	unique_official_exact	True	True	True	included
ANGPTL1	pink	9068	ANGPTL1	unique_official_exact	True	True	True	included
PALLD	red	23022	PALLD	unique_official_exact	True	True	True	included
APBB3	turquoise	10307	APBB3	unique_official_exact	True	True	True	included
NEFL	red	4747	NEFL	unique_official_exact	True	True	True	included
SDHAP1	turquoise	255812	SDHAP1	unique_official_exact	True	True	True	included
FSCN1	blue	6624	FSCN1	unique_official_exact	True	True	True	included
IGSF11	brown	152404	IGSF11	unique_official_exact	True	True	True	included
ARHGEF6	yellow	9459	ARHGEF6	unique_official_exact	True	True	True	included
AHR	brown	196	AHR	unique_official_exact	True	True	True	included
SZT2	turquoise	23334	SZT2	unique_official_exact	True	True	True	included
FGF7	blue	2252	FGF7	unique_official_exact	True	True	True	included
NSA2	grey	10412	NSA2	unique_official_exact	False	False	False	grey_not_a_network_block
TYRO3	grey	7301	TYRO3	unique_official_exact	False	False	False	grey_not_a_network_block
TOMM70	grey	9868	TOMM70	unique_official_exact	False	False	False	grey_not_a_network_block
ZNF185	green	7739	ZNF185	unique_official_exact	True	True	True	included
MEDAG	blue	84935	MEDAG	unique_official_exact	True	True	True	included
ATP6V0E1	blue	8992	ATP6V0E1	unique_official_exact	True	True	True	included
PBX1	yellow	5087	PBX1	unique_official_exact	True	True	True	included
PTPRU	brown	10076	PTPRU	unique_official_exact	True	True	True	included
HLA-DMB	grey	3109	HLA-DMB	unique_official_exact	False	False	False	grey_not_a_network_block
PCDHB16	grey	57717	PCDHB16	unique_official_exact	False	False	False	grey_not_a_network_block
LARP1B	grey	55132	LARP1B	unique_official_exact	False	False	False	grey_not_a_network_block
ARID5A	pink	10865	ARID5A	unique_official_exact	True	True	True	included
OAS3	grey	4940	OAS3	unique_official_exact	False	False	False	grey_not_a_network_block
ST6GAL1	blue	6480	ST6GAL1	unique_official_exact	True	True	True	included
TRPV3	brown	162514	TRPV3	unique_official_exact	True	True	True	included
MBOAT2	brown	129642	MBOAT2	unique_official_exact	True	True	True	included
RNPC3	turquoise	55599	RNPC3	unique_official_exact	True	True	True	included
CDK5RAP3	turquoise	80279	CDK5RAP3	unique_official_exact	True	True	True	included
RAB23	red	51715	RAB23	unique_official_exact	True	True	True	included
SEC11A	blue	23478	SEC11A	unique_official_exact	True	True	True	included
MPZL1	blue	9019	MPZL1	unique_official_exact	True	True	True	included
HR	brown	55806	HR	unique_official_exact	True	True	True	included
ARHGEF10	brown	9639	ARHGEF10	unique_official_exact	True	True	True	included
ETV1	brown	2115	ETV1	unique_official_exact	True	True	True	included
KLF5	green	688	KLF5	unique_official_exact	True	True	True	included
NCALD	pink	83988	NCALD	unique_official_exact	True	True	True	included
RECK	blue	8434	RECK	unique_official_exact	True	True	True	included
BHLHE40	brown	8553	BHLHE40	unique_official_exact	True	True	True	included
RAB14	grey	51552	RAB14	unique_official_exact	False	False	False	grey_not_a_network_block
SH3PXD2A	green	9644	SH3PXD2A	unique_official_exact	True	True	True	included
RAP1GDS1	brown	5910	RAP1GDS1	unique_official_exact	True	True	True	included
ARSB	grey	411	ARSB	unique_official_exact	False	False	False	grey_not_a_network_block
SMG1P1	turquoise	641298	SMG1P1	unique_official_exact	True	True	True	included
CD151	yellow	977	CD151	unique_official_exact	True	True	True	included
WDR75	grey	84128	WDR75	unique_official_exact	False	False	False	grey_not_a_network_block
FREM1	magenta	158326	FREM1	unique_official_exact	True	True	True	included
RAI14	red	26064	RAI14	unique_official_exact	True	True	True	included
PIP4K2A	grey	5305	PIP4K2A	unique_official_exact	False	False	False	grey_not_a_network_block
C9orf72	turquoise	203228	C9orf72	unique_official_exact	True	True	True	included
GPSM2	green	29899	GPSM2	unique_official_exact	True	True	True	included
MLXIP	magenta	22877	MLXIP	unique_official_exact	True	True	True	included
ZNF862	turquoise	643641	ZNF862	unique_official_exact	True	True	True	included
PAX8-AS1	grey	654433	PAX8-AS1	unique_official_exact	False	False	False	grey_not_a_network_block
RHOT2	turquoise	89941	RHOT2	unique_official_exact	True	True	True	included
ADAMTSL4	green	54507	ADAMTSL4	unique_official_exact	True	True	True	included
ST3GAL4	green	6484	ST3GAL4	unique_official_exact	True	True	True	included
FAM180B	blue	399888	FAM180B	unique_official_exact	True	True	True	included
RPL35	grey	11224	RPL35	unique_official_exact	False	False	False	grey_not_a_network_block
DBT	grey	1629	DBT	unique_official_exact	False	False	False	grey_not_a_network_block
EFNB1	green	1947	EFNB1	unique_official_exact	True	True	True	included
RNASE4	blue	6038	RNASE4	unique_official_exact	True	True	True	included
INHBB	yellow	3625	INHBB	unique_official_exact	True	True	True	included
SHMT1	yellow	6470	SHMT1	unique_official_exact	True	True	True	included
CSRP2	black	1466	CSRP2	unique_official_exact	True	True	True	included
MXD1	grey	4084	MXD1	unique_official_exact	False	False	False	grey_not_a_network_block
PRKCD	yellow	5580	PRKCD	unique_official_exact	True	True	True	included
SYNGR2	grey	9144	SYNGR2	unique_official_exact	False	False	False	grey_not_a_network_block
ARHGAP45	blue	23526	ARHGAP45	unique_official_exact	True	True	True	included
CLIP2	brown	7461	CLIP2	unique_official_exact	True	True	True	included
DPYSL3	red	1809	DPYSL3	unique_official_exact	True	True	True	included
LINC01004	turquoise	100216546	LINC01004	unique_official_exact	True	True	True	included
EBF1	yellow	1879	EBF1	unique_official_exact	True	True	True	included
ARHGAP10	turquoise	79658	ARHGAP10	unique_official_exact	True	True	True	included
PLEKHA6	grey	22874	PLEKHA6	unique_official_exact	False	False	False	grey_not_a_network_block
PHLDB1	turquoise	23187	PHLDB1	unique_official_exact	True	True	True	included
PDZRN3	grey	23024	PDZRN3	unique_official_exact	False	False	False	grey_not_a_network_block
ZNF623	grey	9831	ZNF623	unique_official_exact	False	False	False	grey_not_a_network_block
MALT1	black	10892	MALT1	unique_official_exact	True	True	True	included
PDE2A	black	5138	PDE2A	unique_official_exact	True	True	True	included
SIRPA	blue	140885	SIRPA	unique_official_exact	True	True	True	included
NR4A1	grey	3164	NR4A1	unique_official_exact	False	False	False	grey_not_a_network_block
SEMA4C	brown	54910	SEMA4C	unique_official_exact	True	True	True	included
CRABP1	blue	1381	CRABP1	unique_official_exact	True	True	True	included
POU3F1	brown	5453	POU3F1	unique_official_exact	True	True	True	included
PVR	green	5817	PVR	unique_official_exact	True	True	True	included
PTPN6	blue	5777	PTPN6	unique_official_exact	True	True	True	included
WDR27	turquoise	253769	WDR27	unique_official_exact	True	True	True	included
MEGF6	black	1953	MEGF6	unique_official_exact	True	True	True	included
NAV2	brown	89797	NAV2	unique_official_exact	True	True	True	included
SIGLEC1	blue	6614	SIGLEC1	unique_official_exact	True	True	True	included
NR2F2-AS1	turquoise	644192	NR2F2-AS1	unique_official_exact	True	True	True	included
SYT15	black	83849	SYT15	unique_official_exact	True	True	True	included
KCNIP2	yellow	30819	KCNIP2	unique_official_exact	True	True	True	included
COL14A1	brown	7373	COL14A1	unique_official_exact	True	True	True	included
STK38L	yellow	23012	STK38L	unique_official_exact	True	True	True	included
VPS13A	turquoise	23230	VPS13A	unique_official_exact	True	True	True	included
CCDC14	turquoise	64770	CCDC14	unique_official_exact	True	True	True	included
NAV3	brown	89795	NAV3	unique_official_exact	True	True	True	included
NCOA4	blue	8031	NCOA4	unique_official_exact	True	True	True	included
DOCK4	turquoise	9732	DOCK4	unique_official_exact	True	True	True	included
CSF2RB	blue	1439	CSF2RB	unique_official_exact	True	True	True	included
HIC1	grey	3090	HIC1	unique_official_exact	False	False	False	grey_not_a_network_block
TMEM87B	grey	84910	TMEM87B	unique_official_exact	False	False	False	grey_not_a_network_block
TET1	green	80312	TET1	unique_official_exact	True	True	True	included
FAM53B	brown	9679	FAM53B	unique_official_exact	True	True	True	included
RAP1GAP2	turquoise	23108	RAP1GAP2	unique_official_exact	True	True	True	included
HLA-C	yellow	3107	HLA-C	unique_official_exact	True	True	True	included
TENT5A	red	55603	TENT5A	unique_official_exact	True	True	True	included
CYP26B1	grey	56603	CYP26B1	unique_official_exact	False	False	False	grey_not_a_network_block
HLA-E	yellow	3133	HLA-E	unique_official_exact	True	True	True	included
ARHGEF15	black	22899	ARHGEF15	unique_official_exact	True	True	True	included
CEP290	turquoise	80184	CEP290	unique_official_exact	True	True	True	included
RPS13	grey	6207	RPS13	unique_official_exact	False	False	False	grey_not_a_network_block
NXPH3	blue	11248	NXPH3	unique_official_exact	True	True	True	included
TRIM22	grey	10346	TRIM22	unique_official_exact	False	False	False	grey_not_a_network_block
SERPINE2	brown	5270	SERPINE2	unique_official_exact	True	True	True	included
FAM107A	grey	11170	FAM107A	unique_official_exact	False	False	False	grey_not_a_network_block
THBD	black	7056	THBD	unique_official_exact	True	True	True	included
ANK1	blue	286	ANK1	unique_official_exact	True	True	True	included
CLEC2D	turquoise	29121	CLEC2D	unique_official_exact	True	True	True	included
CCDC85A	black	114800	CCDC85A	unique_official_exact	True	True	True	included
ALG5	red	29880	ALG5	unique_official_exact	True	True	True	included
CD55	blue	1604	CD55	unique_official_exact	True	True	True	included
ECH1	yellow	1891	ECH1	unique_official_exact	True	True	True	included
ADAMTS2	yellow	9509	ADAMTS2	unique_official_exact	True	True	True	included
AHCYL2	green	23382	AHCYL2	unique_official_exact	True	True	True	included
KCNK2	red	3776	KCNK2	unique_official_exact	True	True	True	included
TMT1A	yellow	25840	TMT1A	unique_official_exact	True	True	True	included
PUS7	grey	54517	PUS7	unique_official_exact	False	False	False	grey_not_a_network_block
HERC2P9	turquoise	440248	HERC2P9	unique_official_exact	True	True	True	included
ITM2A	blue	9452	ITM2A	unique_official_exact	True	True	True	included
PPP1R3C	pink	5507	PPP1R3C	unique_official_exact	True	True	True	included
TEP1	turquoise	7011	TEP1	unique_official_exact	True	True	True	included
PPIL4	grey	85313	PPIL4	unique_official_exact	False	False	False	grey_not_a_network_block
PDXK	yellow	8566	PDXK	unique_official_exact	True	True	True	included
SLFN5	yellow	162394	SLFN5	unique_official_exact	True	True	True	included
DACH1	black	1602	DACH1	unique_official_exact	True	True	True	included
ACCS	turquoise	84680	ACCS	unique_official_exact	True	True	True	included
IFT140	turquoise	9742	IFT140	unique_official_exact	True	True	True	included
CREBZF	turquoise	58487	CREBZF	unique_official_exact	True	True	True	included
CST3	blue	1471	CST3	unique_official_exact	True	True	True	included
HLA-A	yellow	3105	HLA-A	unique_official_exact	True	True	True	included
TMEM119	blue	338773	TMEM119	unique_official_exact	True	True	True	included
GLIS3	brown	169792	GLIS3	unique_official_exact	True	True	True	included
DDX60L	grey	91351	DDX60L	unique_official_exact	False	False	False	grey_not_a_network_block
AMIGO2	yellow	347902	AMIGO2	unique_official_exact	True	True	True	included
TLCD2	yellow	727910	TLCD2	unique_official_exact	True	True	True	included
BTBD6	yellow	90135	BTBD6	unique_official_exact	True	True	True	included
CYBRD1	blue	79901	CYBRD1	unique_official_exact	True	True	True	included
MICAL1	turquoise	64780	MICAL1	unique_official_exact	True	True	True	included
PTGES	grey	9536	PTGES	unique_official_exact	False	False	False	grey_not_a_network_block
CREB5	grey	9586	CREB5	unique_official_exact	False	False	False	grey_not_a_network_block
LTBP1	grey	4052	LTBP1	unique_official_exact	False	False	False	grey_not_a_network_block
TC2N	grey	123036	TC2N	unique_official_exact	False	False	False	grey_not_a_network_block
DAB1	brown	1600	DAB1	unique_official_exact	True	True	True	included
THRB	yellow	7068	THRB	unique_official_exact	True	True	True	included
MN1	yellow	4330	MN1	unique_official_exact	True	True	True	included
SHPK	turquoise	23729	SHPK	unique_official_exact	True	True	True	included
SPNS2	black	124976	SPNS2	unique_official_exact	True	True	True	included
NDNF	yellow	79625	NDNF	unique_official_exact	True	True	True	included
HGF	red	3082	HGF	unique_official_exact	True	True	True	included
RASGRF2	green	5924	RASGRF2	unique_official_exact	True	True	True	included
DTNA	grey	1837	DTNA	unique_official_exact	False	False	False	grey_not_a_network_block
ATG5	grey	9474	ATG5	unique_official_exact	False	False	False	grey_not_a_network_block
GPC6	green	10082	GPC6	unique_official_exact	True	True	True	included
NEURL4	turquoise	84461	NEURL4	unique_official_exact	True	True	True	included
DSTN	pink	11034	DSTN	unique_official_exact	True	True	True	included
CADM3-AS1	turquoise	100131825	CADM3-AS1	unique_official_exact	True	True	True	included
THEMIS2	blue	9473	THEMIS2	unique_official_exact	True	True	True	included
TRIM66	turquoise	9866	TRIM66	unique_official_exact	True	True	True	included
KCNMA1	grey	3778	KCNMA1	unique_official_exact	False	False	False	grey_not_a_network_block
CYTH4	blue	27128	CYTH4	unique_official_exact	True	True	True	included
LMBR1L	turquoise	55716	LMBR1L	unique_official_exact	True	True	True	included
HTATSF1P2	yellow	401233	HTATSF1P2	unique_official_exact	True	True	True	included
RYR1	brown	6261	RYR1	unique_official_exact	True	True	True	included
EDNRA	grey	1909	EDNRA	unique_official_exact	False	False	False	grey_not_a_network_block
SEMA3C	red	10512	SEMA3C	unique_official_exact	True	True	True	included
GIGYF1	turquoise	64599	GIGYF1	unique_official_exact	True	True	True	included
NCKAP5	grey	344148	NCKAP5	unique_official_exact	False	False	False	grey_not_a_network_block
PHLDA1	brown	22822	PHLDA1	unique_official_exact	True	True	True	included
PLEC	green	5339	PLEC	unique_official_exact	True	True	True	included
MON2	turquoise	23041	MON2	unique_official_exact	True	True	True	included
BIRC3	brown	330	BIRC3	unique_official_exact	True	True	True	included
EHBP1L1	turquoise	254102	EHBP1L1	unique_official_exact	True	True	True	included
TAF1C	turquoise	9013	TAF1C	unique_official_exact	True	True	True	included
NOS3	black	4846	NOS3	unique_official_exact	True	True	True	included
PRKCH	yellow	5583	PRKCH	unique_official_exact	True	True	True	included
S100A11	grey	6282	S100A11	unique_official_exact	False	False	False	grey_not_a_network_block
THBS2	blue	7058	THBS2	unique_official_exact	True	True	True	included
KDR	grey	3791	KDR	unique_official_exact	False	False	False	grey_not_a_network_block
INPP5D	turquoise	3635	INPP5D	unique_official_exact	True	True	True	included
HCN1	brown	348980	HCN1	unique_official_exact	True	True	True	included
NOTCH1	turquoise	4851	NOTCH1	unique_official_exact	True	True	True	included
EVI2B	blue	2124	EVI2B	unique_official_exact	True	True	True	included
SERPING1	blue	710	SERPING1	unique_official_exact	True	True	True	included
RNF2	blue	6045	RNF2	unique_official_exact	True	True	True	included
MTHFR	turquoise	4524	MTHFR	unique_official_exact	True	True	True	included
UBB	yellow	7314	UBB	unique_official_exact	True	True	True	included
NAV1	yellow	89796	NAV1	unique_official_exact	True	True	True	included
RNF150	yellow	57484	RNF150	unique_official_exact	True	True	True	included
EMB	blue	133418	EMB	unique_official_exact	True	True	True	included
PCDH7	brown	5099	PCDH7	unique_official_exact	True	True	True	included
VGLL3	brown	389136	VGLL3	unique_official_exact	True	True	True	included
MGAT4A	black	11320	MGAT4A	unique_official_exact	True	True	True	included
CALML4	turquoise	91860	CALML4	unique_official_exact	True	True	True	included
MMP15	brown	4324	MMP15	unique_official_exact	True	True	True	included
FRMD1	turquoise	79981	FRMD1	unique_official_exact	True	True	True	included
GPR17	turquoise	2840	GPR17	unique_official_exact	True	True	True	included
MAMDC2	red	256691	MAMDC2	unique_official_exact	True	True	True	included
NRK	grey	203447	NRK	unique_official_exact	False	False	False	grey_not_a_network_block
SV2B	brown	9899	SV2B	unique_official_exact	True	True	True	included
IL33	yellow	90865	IL33	unique_official_exact	True	True	True	included
EDNRB	grey	1910	EDNRB	unique_official_exact	False	False	False	grey_not_a_network_block
RPL26	grey	6154	RPL26	unique_official_exact	False	False	False	grey_not_a_network_block
DSP	grey	1832	DSP	unique_official_exact	False	False	False	grey_not_a_network_block
CHRDL1	blue	91851	CHRDL1	unique_official_exact	True	True	True	included
GPC1	green	2817	GPC1	unique_official_exact	True	True	True	included
SCN5A	brown	6331	SCN5A	unique_official_exact	True	True	True	included
CD276	blue	80381	CD276	unique_official_exact	True	True	True	included
TPP1	blue	1200	TPP1	unique_official_exact	True	True	True	included
COL15A1	yellow	1306	COL15A1	unique_official_exact	True	True	True	included
B3GAT1	brown	27087	B3GAT1	unique_official_exact	True	True	True	included
MORF4L2	green	9643	MORF4L2	unique_official_exact	True	True	True	included
SLC12A2	brown	6558	SLC12A2	unique_official_exact	True	True	True	included
PPM1K	brown	152926	PPM1K	unique_official_exact	True	True	True	included
RUSC1	turquoise	23623	RUSC1	unique_official_exact	True	True	True	included
FOXS1	red	2307	FOXS1	unique_official_exact	True	True	True	included
MFAP3	grey	4238	MFAP3	unique_official_exact	False	False	False	grey_not_a_network_block
ZNF83	turquoise	55769	ZNF83	unique_official_exact	True	True	True	included
TBC1D9	yellow	23158	TBC1D9	unique_official_exact	True	True	True	included
PEG10	brown	23089	PEG10	unique_official_exact	True	True	True	included
PNN	turquoise	5411	PNN	unique_official_exact	True	True	True	included
RARG	grey	5916	RARG	unique_official_exact	False	False	False	grey_not_a_network_block
CYB5R3	yellow	1727	CYB5R3	unique_official_exact	True	True	True	included
MAP3K6	turquoise	9064	MAP3K6	unique_official_exact	True	True	True	included
SGCD	grey	6444	SGCD	unique_official_exact	False	False	False	grey_not_a_network_block
DENND3	turquoise	22898	DENND3	unique_official_exact	True	True	True	included
SH3BGRL2	yellow	83699	SH3BGRL2	unique_official_exact	True	True	True	included
ICOSLG	blue	23308	ICOSLG	unique_official_exact	True	True	True	included
NRIP2	brown	83714	NRIP2	unique_official_exact	True	True	True	included
PGM5	pink	5239	PGM5	unique_official_exact	True	True	True	included
R3HDM4	blue	91300	R3HDM4	unique_official_exact	True	True	True	included
GANC	turquoise	2595	GANC	unique_official_exact	True	True	True	included
SIRAL2	grey	55007	SIRAL2	unique_official_exact	False	False	False	grey_not_a_network_block
CROCCP3	turquoise	114819	CROCCP3	unique_official_exact	True	True	True	included
HEXB	blue	3074	HEXB	unique_official_exact	True	True	True	included
PRCP	yellow	5547	PRCP	unique_official_exact	True	True	True	included
SH3GLB2	turquoise	56904	SH3GLB2	unique_official_exact	True	True	True	included
PKP2	green	5318	PKP2	unique_official_exact	True	True	True	included
PPP1R12C	turquoise	54776	PPP1R12C	unique_official_exact	True	True	True	included
RNF157	grey	114804	RNF157	unique_official_exact	False	False	False	grey_not_a_network_block
CD164	yellow	8763	CD164	unique_official_exact	True	True	True	included
TTYH2	brown	94015	TTYH2	unique_official_exact	True	True	True	included
SDE2	grey	163859	SDE2	unique_official_exact	False	False	False	grey_not_a_network_block
HILPDA	yellow	29923	HILPDA	unique_official_exact	True	True	True	included
DLL4	black	54567	DLL4	unique_official_exact	True	True	True	included
TMPRSS5	brown	80975	TMPRSS5	unique_official_exact	True	True	True	included
VSIG10	magenta	54621	VSIG10	unique_official_exact	True	True	True	included
COL7A1	brown	1294	COL7A1	unique_official_exact	True	True	True	included
ZNF700	grey	90592	ZNF700	unique_official_exact	False	False	False	grey_not_a_network_block
NR3C2	brown	4306	NR3C2	unique_official_exact	True	True	True	included
BIN1	grey	274	BIN1	unique_official_exact	False	False	False	grey_not_a_network_block
DOCK8	blue	81704	DOCK8	unique_official_exact	True	True	True	included
DDHD1	turquoise	80821	DDHD1	unique_official_exact	True	True	True	included
KDM5C	turquoise	8242	KDM5C	unique_official_exact	True	True	True	included
MATN2	green	4147	MATN2	unique_official_exact	True	True	True	included
APOLD1	black	81575	APOLD1	unique_official_exact	True	True	True	included
ATF3	blue	467	ATF3	unique_official_exact	True	True	True	included
RASSF3	yellow	283349	RASSF3	unique_official_exact	True	True	True	included
SERPINA1	blue	5265	SERPINA1	unique_official_exact	True	True	True	included
GUSBP11	turquoise	91316	GUSBP11	unique_official_exact	True	True	True	included
DGLUCY	magenta	80017	DGLUCY	unique_official_exact	True	True	True	included
GAREM1	green	64762	GAREM1	unique_official_exact	True	True	True	included
SECISBP2	turquoise	79048	SECISBP2	unique_official_exact	True	True	True	included
KIAA0586	grey	9786	KIAA0586	unique_official_exact	False	False	False	grey_not_a_network_block
RARRES2	grey	5919	RARRES2	unique_official_exact	False	False	False	grey_not_a_network_block
GLRX	yellow	2745	GLRX	unique_official_exact	True	True	True	included
MARCHF2	yellow	51257	MARCHF2	unique_official_exact	True	True	True	included
TIMP1	blue	7076	TIMP1	unique_official_exact	True	True	True	included
CDC50B	red	161291	CDC50B	unique_official_exact	True	True	True	included
FKBP4	grey	2288	FKBP4	unique_official_exact	False	False	False	grey_not_a_network_block
OLFM1	grey	10439	OLFM1	unique_official_exact	False	False	False	grey_not_a_network_block
TANC2	brown	26115	TANC2	unique_official_exact	True	True	True	included
TMEM178B	brown	100507421	TMEM178B	unique_official_exact	True	True	True	included
RPS3A	blue	6189	RPS3A	unique_official_exact	True	True	True	included
EHBP1	brown	23301	EHBP1	unique_official_exact	True	True	True	included
AJUBA	turquoise	84962	AJUBA	unique_official_exact	True	True	True	included
LONRF2	green	164832	LONRF2	unique_official_exact	True	True	True	included
PYGO1	green	26108	PYGO1	unique_official_exact	True	True	True	included
TBC1D1	pink	23216	TBC1D1	unique_official_exact	True	True	True	included
NFAM1	blue	150372	NFAM1	unique_official_exact	True	True	True	included
SLC22A17	brown	51310	SLC22A17	unique_official_exact	True	True	True	included
RCAN2	pink	10231	RCAN2	unique_official_exact	True	True	True	included
MVB12B	brown	89853	MVB12B	unique_official_exact	True	True	True	included
PPA1	grey	5464	PPA1	unique_official_exact	False	False	False	grey_not_a_network_block
DHRS3	red	9249	DHRS3	unique_official_exact	True	True	True	included
BARD1	grey	580	BARD1	unique_official_exact	False	False	False	grey_not_a_network_block
DNAJB9	blue	4189	DNAJB9	unique_official_exact	True	True	True	included
CD53	blue	963	CD53	unique_official_exact	True	True	True	included
ESAM	black	90952	ESAM	unique_official_exact	True	True	True	included
RBM5	turquoise	10181	RBM5	unique_official_exact	True	True	True	included
BICD1	brown	636	BICD1	unique_official_exact	True	True	True	included
SERPINH1	yellow	871	SERPINH1	unique_official_exact	True	True	True	included
PDLIM1	yellow	9124	PDLIM1	unique_official_exact	True	True	True	included
MYO19	turquoise	80179	MYO19	unique_official_exact	True	True	True	included
AHNAK2	grey	113146	AHNAK2	unique_official_exact	False	False	False	grey_not_a_network_block
FOXD1	green	2297	FOXD1	unique_official_exact	True	True	True	included
DAG1	brown	1605	DAG1	unique_official_exact	True	True	True	included
FBXO32	grey	114907	FBXO32	unique_official_exact	False	False	False	grey_not_a_network_block
FLVCR2	green	55640	FLVCR2	unique_official_exact	True	True	True	included
STEAP4	grey	79689	STEAP4	unique_official_exact	False	False	False	grey_not_a_network_block
PMEPA1	yellow	56937	PMEPA1	unique_official_exact	True	True	True	included
S100A4	yellow	6275	S100A4	unique_official_exact	True	True	True	included
ZNF33A	turquoise	7581	ZNF33A	unique_official_exact	True	True	True	included
MYL12A	blue	10627	MYL12A	unique_official_exact	True	True	True	included
REV3L	yellow	5980	REV3L	unique_official_exact	True	True	True	included
RNF123	turquoise	63891	RNF123	unique_official_exact	True	True	True	included
AACS	yellow	65985	AACS	unique_official_exact	True	True	True	included
TACR1	black	6869	TACR1	unique_official_exact	True	True	True	included
SLC2A4	yellow	6517	SLC2A4	unique_official_exact	True	True	True	included
PIK3CG	blue	5294	PIK3CG	unique_official_exact	True	True	True	included
PDGFRB	yellow	5159	PDGFRB	unique_official_exact	True	True	True	included
FRA10AC1	turquoise	118924	FRA10AC1	unique_official_exact	True	True	True	included
PAPSS2	blue	9060	PAPSS2	unique_official_exact	True	True	True	included
USP6NL	brown	9712	USP6NL	unique_official_exact	True	True	True	included
PLXNA2	black	5362	PLXNA2	unique_official_exact	True	True	True	included
PDGFRA	red	5156	PDGFRA	unique_official_exact	True	True	True	included
SKIL	red	6498	SKIL	unique_official_exact	True	True	True	included
PKDCC	grey	91461	PKDCC	unique_official_exact	False	False	False	grey_not_a_network_block
C6orf132	blue	647024	C6orf132	unique_official_exact	True	True	True	included
IGF2	grey	3481	IGF2	unique_official_exact	False	False	False	grey_not_a_network_block
SYNJ2	green	8871	SYNJ2	unique_official_exact	True	True	True	included
COL6A2	blue	1292	COL6A2	unique_official_exact	True	True	True	included
PXDC1	yellow	221749	PXDC1	unique_official_exact	True	True	True	included
ZNF266	turquoise	10781	ZNF266	unique_official_exact	True	True	True	included
CD34	yellow	947	CD34	unique_official_exact	True	True	True	included
HYAL2	black	8692	HYAL2	unique_official_exact	True	True	True	included
APOL1	yellow	8542	APOL1	unique_official_exact	True	True	True	included
SNAI2	yellow	6591	SNAI2	unique_official_exact	True	True	True	included
CORO1A	blue	11151	CORO1A	unique_official_exact	True	True	True	included
ATP6V1C1	grey	528	ATP6V1C1	unique_official_exact	False	False	False	grey_not_a_network_block
COL8A2	green	1296	COL8A2	unique_official_exact	True	True	True	included
ARVCF	brown	421	ARVCF	unique_official_exact	True	True	True	included
MAST4	yellow	375449	MAST4	unique_official_exact	True	True	True	included
NAE1	grey	8883	NAE1	unique_official_exact	False	False	False	grey_not_a_network_block
PIM3	black	415116	PIM3	unique_official_exact	True	True	True	included
NTRK3	turquoise	4916	NTRK3	unique_official_exact	True	True	True	included
RGCC	grey	28984	RGCC	unique_official_exact	False	False	False	grey_not_a_network_block
VAMP4	grey	8674	VAMP4	unique_official_exact	False	False	False	grey_not_a_network_block
NT5DC3	brown	51559	NT5DC3	unique_official_exact	True	True	True	included
FLT1	black	2321	FLT1	unique_official_exact	True	True	True	included
MTARC1	yellow	64757	MTARC1	unique_official_exact	True	True	True	included
CAMK2G	pink	818	CAMK2G	unique_official_exact	True	True	True	included
NBEA	brown	26960	NBEA	unique_official_exact	True	True	True	included
ELL	grey	8178	ELL	unique_official_exact	False	False	False	grey_not_a_network_block
VIT	red	5212	VIT	unique_official_exact	True	True	True	included
PTPN4	grey	5775	PTPN4	unique_official_exact	False	False	False	grey_not_a_network_block
SGMS2	green	166929	SGMS2	unique_official_exact	True	True	True	included
NBPF15	turquoise	284565	NBPF15	unique_official_exact	True	True	True	included
CACNA1D	green	776	CACNA1D	unique_official_exact	True	True	True	included
FMNL1	blue	752	FMNL1	unique_official_exact	True	True	True	included
RPS8	grey	6202	RPS8	unique_official_exact	False	False	False	grey_not_a_network_block
ARF5	blue	381	ARF5	unique_official_exact	True	True	True	included
LIG4	grey	3981	LIG4	unique_official_exact	False	False	False	grey_not_a_network_block
UCP2	blue	7351	UCP2	unique_official_exact	True	True	True	included
MR1	grey	3140	MR1	unique_official_exact	False	False	False	grey_not_a_network_block
DDR2	blue	4921	DDR2	unique_official_exact	True	True	True	included
SHOX2	grey	6474	SHOX2	unique_official_exact	False	False	False	grey_not_a_network_block
RPSA	grey	3921	RPSA	unique_official_exact	False	False	False	grey_not_a_network_block
IGFBP2	grey	3485	IGFBP2	unique_official_exact	False	False	False	grey_not_a_network_block
DOT1L	turquoise	84444	DOT1L	unique_official_exact	True	True	True	included
SPG7	turquoise	6687	SPG7	unique_official_exact	True	True	True	included
BMP7	brown	655	BMP7	unique_official_exact	True	True	True	included
DCHS1	black	8642	DCHS1	unique_official_exact	True	True	True	included
PIAS1	green	8554	PIAS1	unique_official_exact	True	True	True	included
ITGB3	yellow	3690	ITGB3	unique_official_exact	True	True	True	included
NOX4	blue	50507	NOX4	unique_official_exact	True	True	True	included
HSPB8	yellow	26353	HSPB8	unique_official_exact	True	True	True	included
PGM2L1	brown	283209	PGM2L1	unique_official_exact	True	True	True	included
ARL4D	green	379	ARL4D	unique_official_exact	True	True	True	included
SYTL2	pink	54843	SYTL2	unique_official_exact	True	True	True	included
DNAH1	turquoise	25981	DNAH1	unique_official_exact	True	True	True	included
AIFM2	yellow	84883	AIFM2	unique_official_exact	True	True	True	included
MAP2K1	yellow	5604	MAP2K1	unique_official_exact	True	True	True	included
CARD6	blue	84674	CARD6	unique_official_exact	True	True	True	included
CXXC5	brown	51523	CXXC5	unique_official_exact	True	True	True	included
FOXD2	green	2306	FOXD2	unique_official_exact	True	True	True	included
ADAMTSL1	grey	92949	ADAMTSL1	unique_official_exact	False	False	False	grey_not_a_network_block
BOK	yellow	666	BOK	unique_official_exact	True	True	True	included
PNMA2	red	10687	PNMA2	unique_official_exact	True	True	True	included
HCP5	yellow	10866	HCP5	unique_official_exact	True	True	True	included
RBBP8	grey	5932	RBBP8	unique_official_exact	False	False	False	grey_not_a_network_block
RASA4	black	10156	RASA4	unique_official_exact	True	True	True	included
CCAR1	turquoise	55749	CCAR1	unique_official_exact	True	True	True	included
INF2	turquoise	64423	INF2	unique_official_exact	True	True	True	included
TJP2	yellow	9414	TJP2	unique_official_exact	True	True	True	included
ATIC	grey	471	ATIC	unique_official_exact	False	False	False	grey_not_a_network_block
ZNF234	grey	10780	ZNF234	unique_official_exact	False	False	False	grey_not_a_network_block
AARS2	turquoise	57505	AARS2	unique_official_exact	True	True	True	included
CASZ1	pink	54897	CASZ1	unique_official_exact	True	True	True	included
RAMP3	black	10268	RAMP3	unique_official_exact	True	True	True	included
SEMA6B	yellow	10501	SEMA6B	unique_official_exact	True	True	True	included
ANPEP	grey	290	ANPEP	unique_official_exact	False	False	False	grey_not_a_network_block
CACNA2D1	yellow	781	CACNA2D1	unique_official_exact	True	True	True	included
KITLG	grey	4254	KITLG	unique_official_exact	False	False	False	grey_not_a_network_block
MITF	blue	4286	MITF	unique_official_exact	True	True	True	included
ARAP2	brown	116984	ARAP2	unique_official_exact	True	True	True	included
CHST15	grey	51363	CHST15	unique_official_exact	False	False	False	grey_not_a_network_block
MYO6	turquoise	4646	MYO6	unique_official_exact	True	True	True	included
CHML	brown	1122	CHML	unique_official_exact	True	True	True	included
ABHD13	grey	84945	ABHD13	unique_official_exact	False	False	False	grey_not_a_network_block
ZNF302	brown	55900	ZNF302	unique_official_exact	True	True	True	included
SOX6	brown	55553	SOX6	unique_official_exact	True	True	True	included
ARAP3	turquoise	64411	ARAP3	unique_official_exact	True	True	True	included
DOP1A	turquoise	23033	DOP1A	unique_official_exact	True	True	True	included
DKK3	green	27122	DKK3	unique_official_exact	True	True	True	included
ZNF385A	yellow	25946	ZNF385A	unique_official_exact	True	True	True	included
ELOVL6	yellow	79071	ELOVL6	unique_official_exact	True	True	True	included
TEKT4P2	grey	100132288	TEKT4P2	unique_official_exact	False	False	False	grey_not_a_network_block
MEF2C	yellow	4208	MEF2C	unique_official_exact	True	True	True	included
ENY2	grey	56943	ENY2	unique_official_exact	False	False	False	grey_not_a_network_block
MTERF4	turquoise	130916	MTERF4	unique_official_exact	True	True	True	included
RGS11	turquoise	8786	RGS11	unique_official_exact	True	True	True	included
C1orf115	grey	79762	C1orf115	unique_official_exact	False	False	False	grey_not_a_network_block
RUNX1	green	861	RUNX1	unique_official_exact	True	True	True	included
PDGFB	black	5155	PDGFB	unique_official_exact	True	True	True	included
TMEM37	yellow	140738	TMEM37	unique_official_exact	True	True	True	included
ITGA1	grey	3672	ITGA1	unique_official_exact	False	False	False	grey_not_a_network_block
SPATA20	grey	64847	SPATA20	unique_official_exact	False	False	False	grey_not_a_network_block
AXIN2	green	8313	AXIN2	unique_official_exact	True	True	True	included
ANOS1	grey	3730	ANOS1	unique_official_exact	False	False	False	grey_not_a_network_block
TSC22D4	brown	81628	TSC22D4	unique_official_exact	True	True	True	included
PDE4B	yellow	5142	PDE4B	unique_official_exact	True	True	True	included
NAA25	turquoise	80018	NAA25	unique_official_exact	True	True	True	included
SMAP2	blue	64744	SMAP2	unique_official_exact	True	True	True	included
MSRB3	pink	253827	MSRB3	unique_official_exact	True	True	True	included
TGFB1	blue	7040	TGFB1	unique_official_exact	True	True	True	included
CDH5	black	1003	CDH5	unique_official_exact	True	True	True	included
BICC1	red	80114	BICC1	unique_official_exact	True	True	True	included
SLC27A1	brown	376497	SLC27A1	unique_official_exact	True	True	True	included
BRPF3	green	27154	BRPF3	unique_official_exact	True	True	True	included
CYGB	yellow	114757	CYGB	unique_official_exact	True	True	True	included
RPL27	grey	6155	RPL27	unique_official_exact	False	False	False	grey_not_a_network_block
HTRA1	blue	5654	HTRA1	unique_official_exact	True	True	True	included
DYNLL1	grey	8655	DYNLL1	unique_official_exact	False	False	False	grey_not_a_network_block
SPOCK2	blue	9806	SPOCK2	unique_official_exact	True	True	True	included
CYRIB	blue	51571	CYRIB	unique_official_exact	True	True	True	included
FLNA	pink	2316	FLNA	unique_official_exact	True	True	True	included
WDR35	grey	57539	WDR35	unique_official_exact	False	False	False	grey_not_a_network_block
BCL2L1	grey	598	BCL2L1	unique_official_exact	False	False	False	grey_not_a_network_block
CAPRIN2	turquoise	65981	CAPRIN2	unique_official_exact	True	True	True	included
FLJ16779	green	100192386	FLJ16779	unique_official_exact	True	True	True	included
RIPOR2	grey	9750	RIPOR2	unique_official_exact	False	False	False	grey_not_a_network_block
TBC1D16	yellow	125058	TBC1D16	unique_official_exact	True	True	True	included
MRO	red	83876	MRO	unique_official_exact	True	True	True	included
GSTM5	grey	2949	GSTM5	unique_official_exact	False	False	False	grey_not_a_network_block
ATOH8	brown	84913	ATOH8	unique_official_exact	True	True	True	included
MED22	grey	6837	MED22	unique_official_exact	False	False	False	grey_not_a_network_block
HCLS1	blue	3059	HCLS1	unique_official_exact	True	True	True	included
PAN2	turquoise	9924	PAN2	unique_official_exact	True	True	True	included
SRSF10	turquoise	10772	SRSF10	unique_official_exact	True	True	True	included
FOXP2	green	93986	FOXP2	unique_official_exact	True	True	True	included
SLC9A9	blue	285195	SLC9A9	unique_official_exact	True	True	True	included
CREB3L1	grey	90993	CREB3L1	unique_official_exact	False	False	False	grey_not_a_network_block
ADM	blue	133	ADM	unique_official_exact	True	True	True	included
ATXN3	turquoise	4287	ATXN3	unique_official_exact	True	True	True	included
C3orf70	brown	285382	C3orf70	unique_official_exact	True	True	True	included
TRABD2B	brown	388630	TRABD2B	unique_official_exact	True	True	True	included
MIR22HG	yellow	84981	MIR22HG	unique_official_exact	True	True	True	included
KIAA1614	turquoise	57710	KIAA1614	unique_official_exact	True	True	True	included
MEF2A	pink	4205	MEF2A	unique_official_exact	True	True	True	included
TMEM204	grey	79652	TMEM204	unique_official_exact	False	False	False	grey_not_a_network_block
PDE1B	yellow	5153	PDE1B	unique_official_exact	True	True	True	included
LRRN2	green	10446	LRRN2	unique_official_exact	True	True	True	included
ABCC5	turquoise	10057	ABCC5	unique_official_exact	True	True	True	included
CSRP1	green	1465	CSRP1	unique_official_exact	True	True	True	included
SMOC2	blue	64094	SMOC2	unique_official_exact	True	True	True	included
DNM1P46	turquoise	196968	DNM1P46	unique_official_exact	True	True	True	included
SELENBP1	yellow	8991	SELENBP1	unique_official_exact	True	True	True	included
LYNX1	grey	66004	LYNX1	unique_official_exact	False	False	False	grey_not_a_network_block
MYOF	yellow	26509	MYOF	unique_official_exact	True	True	True	included
UBA7	turquoise	7318	UBA7	unique_official_exact	True	True	True	included
TARBP1	turquoise	6894	TARBP1	unique_official_exact	True	True	True	included
NKD1	pink	85407	NKD1	unique_official_exact	True	True	True	included
SEMA4D	brown	10507	SEMA4D	unique_official_exact	True	True	True	included
SULF1	red	23213	SULF1	unique_official_exact	True	True	True	included
TCF7	brown	6932	TCF7	unique_official_exact	True	True	True	included
GDE1	blue	51573	GDE1	unique_official_exact	True	True	True	included
CUL9	turquoise	23113	CUL9	unique_official_exact	True	True	True	included
TSPAN18	yellow	90139	TSPAN18	unique_official_exact	True	True	True	included
HMGCR	grey	3156	HMGCR	unique_official_exact	False	False	False	grey_not_a_network_block
SMIM14	blue	201895	SMIM14	unique_official_exact	True	True	True	included
ABCA1	grey	19	ABCA1	unique_official_exact	False	False	False	grey_not_a_network_block
HEBP2	yellow	23593	HEBP2	unique_official_exact	True	True	True	included
USF1	grey	7391	USF1	unique_official_exact	False	False	False	grey_not_a_network_block
NOVA1	yellow	4857	NOVA1	unique_official_exact	True	True	True	included
MTSS2	brown	92154	MTSS2	unique_official_exact	True	True	True	included
RBPJ	blue	3516	RBPJ	unique_official_exact	True	True	True	included
IGF2BP2	turquoise	10644	IGF2BP2	unique_official_exact	True	True	True	included
TGFB2	blue	7042	TGFB2	unique_official_exact	True	True	True	included
TCEA3	turquoise	6920	TCEA3	unique_official_exact	True	True	True	included
SCUBE2	yellow	57758	SCUBE2	unique_official_exact	True	True	True	included
FAM3C	blue	10447	FAM3C	unique_official_exact	True	True	True	included
SNX6	blue	58533	SNX6	unique_official_exact	True	True	True	included
FBXO31	black	79791	FBXO31	unique_official_exact	True	True	True	included
NEGR1	grey	257194	NEGR1	unique_official_exact	False	False	False	grey_not_a_network_block
ANKRD26	turquoise	22852	ANKRD26	unique_official_exact	True	True	True	included
PSMB2	grey	5690	PSMB2	unique_official_exact	False	False	False	grey_not_a_network_block
FAM32A	blue	26017	FAM32A	unique_official_exact	True	True	True	included
HSPA12B	black	116835	HSPA12B	unique_official_exact	True	True	True	included
RRAS	grey	6237	RRAS	unique_official_exact	False	False	False	grey_not_a_network_block
PUM3	grey	9933	PUM3	unique_official_exact	False	False	False	grey_not_a_network_block
SLA	blue	6503	SLA	unique_official_exact	True	True	True	included
ZNF736	grey	728927	ZNF736	unique_official_exact	False	False	False	grey_not_a_network_block
IL4R	yellow	3566	IL4R	unique_official_exact	True	True	True	included
FHDC1	brown	85462	FHDC1	unique_official_exact	True	True	True	included
ACSL4	yellow	2182	ACSL4	unique_official_exact	True	True	True	included
RPL24	grey	6152	RPL24	unique_official_exact	False	False	False	grey_not_a_network_block
ITGA2	brown	3673	ITGA2	unique_official_exact	True	True	True	included
SLITRK4	blue	139065	SLITRK4	unique_official_exact	True	True	True	included
GBP5	blue	115362	GBP5	unique_official_exact	True	True	True	included
CFH	red	3075	CFH	unique_official_exact	True	True	True	included
TFDP1	grey	7027	TFDP1	unique_official_exact	False	False	False	grey_not_a_network_block
CEP43	turquoise	11116	CEP43	unique_official_exact	True	True	True	included
DLD	grey	1738	DLD	unique_official_exact	False	False	False	grey_not_a_network_block
ADGRA3	grey	166647	ADGRA3	unique_official_exact	False	False	False	grey_not_a_network_block
STOM	yellow	2040	STOM	unique_official_exact	True	True	True	included
SELP	grey	6403	SELP	unique_official_exact	False	False	False	grey_not_a_network_block
SGCE	red	8910	SGCE	unique_official_exact	True	True	True	included
MFGE8	pink	4240	MFGE8	unique_official_exact	True	True	True	included
MRAS	green	22808	MRAS	unique_official_exact	True	True	True	included
CDKN1A	grey	1026	CDKN1A	unique_official_exact	False	False	False	grey_not_a_network_block
PPIC	blue	5480	PPIC	unique_official_exact	True	True	True	included
BTK	grey	695	BTK	unique_official_exact	False	False	False	grey_not_a_network_block
SUSD2	pink	56241	SUSD2	unique_official_exact	True	True	True	included
GIMAP7	black	168537	GIMAP7	unique_official_exact	True	True	True	included
EPHB3	brown	2049	EPHB3	unique_official_exact	True	True	True	included
BMS1P20	grey	96610	BMS1P20	unique_official_exact	False	False	False	grey_not_a_network_block
RHOQ	yellow	23433	RHOQ	unique_official_exact	True	True	True	included
ZNF37BP	turquoise	100129482	ZNF37BP	unique_official_exact	True	True	True	included
EPHA3	red	2042	EPHA3	unique_official_exact	True	True	True	included
RNF180	grey	285671	RNF180	unique_official_exact	False	False	False	grey_not_a_network_block
SYNM	black	23336	SYNM	unique_official_exact	True	True	True	included
MTRNR2L10	turquoise	100463488	MTRNR2L10	unique_official_exact	True	True	True	included
RFTN1	grey	23180	RFTN1	unique_official_exact	False	False	False	grey_not_a_network_block
CHP1	yellow	11261	CHP1	unique_official_exact	True	True	True	included
AP5Z1	grey	9907	AP5Z1	unique_official_exact	False	False	False	grey_not_a_network_block
MS4A2	blue	2206	MS4A2	unique_official_exact	True	True	True	included
PLEKHA2	green	59339	PLEKHA2	unique_official_exact	True	True	True	included
OAT	blue	4942	OAT	unique_official_exact	True	True	True	included
RAI2	grey	10742	RAI2	unique_official_exact	False	False	False	grey_not_a_network_block
PLEKHO2	grey	80301	PLEKHO2	unique_official_exact	False	False	False	grey_not_a_network_block
KCNA2	brown	3737	KCNA2	unique_official_exact	True	True	True	included
LARP6	blue	55323	LARP6	unique_official_exact	True	True	True	included
ANKZF1	turquoise	55139	ANKZF1	unique_official_exact	True	True	True	included
PGD	yellow	5226	PGD	unique_official_exact	True	True	True	included
ITPK1	grey	3705	ITPK1	unique_official_exact	False	False	False	grey_not_a_network_block
GRB10	pink	2887	GRB10	unique_official_exact	True	True	True	included
RBM39	turquoise	9584	RBM39	unique_official_exact	True	True	True	included
ZFP36	grey	7538	ZFP36	unique_official_exact	False	False	False	grey_not_a_network_block
NBEAL1	turquoise	65065	NBEAL1	unique_official_exact	True	True	True	included
CCDC82	grey	79780	CCDC82	unique_official_exact	False	False	False	grey_not_a_network_block
GRN	blue	2896	GRN	unique_official_exact	True	True	True	included
FRMD6	brown	122786	FRMD6	unique_official_exact	True	True	True	included
SOX13	turquoise	9580	SOX13	unique_official_exact	True	True	True	included
ADAM10	brown	102	ADAM10	unique_official_exact	True	True	True	included
CMTM6	red	54918	CMTM6	unique_official_exact	True	True	True	included
PRKG1	pink	5592	PRKG1	unique_official_exact	True	True	True	included
RRM2B	grey	50484	RRM2B	unique_official_exact	False	False	False	grey_not_a_network_block
SLC29A4	yellow	222962	SLC29A4	unique_official_exact	True	True	True	included
MAST2	turquoise	23139	MAST2	unique_official_exact	True	True	True	included
CLIP4	grey	79745	CLIP4	unique_official_exact	False	False	False	grey_not_a_network_block
GTPBP10	grey	85865	GTPBP10	unique_official_exact	False	False	False	grey_not_a_network_block
COPE	grey	11316	COPE	unique_official_exact	False	False	False	grey_not_a_network_block
RPL31	grey	6160	RPL31	unique_official_exact	False	False	False	grey_not_a_network_block
ZNF438	grey	220929	ZNF438	unique_official_exact	False	False	False	grey_not_a_network_block
TMCC3	grey	57458	TMCC3	unique_official_exact	False	False	False	grey_not_a_network_block
GPT2	yellow	84706	GPT2	unique_official_exact	True	True	True	included
EIF1AX	grey	1964	EIF1AX	unique_official_exact	False	False	False	grey_not_a_network_block
DYRK2	grey	8445	DYRK2	unique_official_exact	False	False	False	grey_not_a_network_block
BCAP31	yellow	10134	BCAP31	unique_official_exact	True	True	True	included
ARFIP2	grey	23647	ARFIP2	unique_official_exact	False	False	False	grey_not_a_network_block
MAP1A	blue	4130	MAP1A	unique_official_exact	True	True	True	included
ZNF366	yellow	167465	ZNF366	unique_official_exact	True	True	True	included
FCGR2B	blue	2213	FCGR2B	unique_official_exact	True	True	True	included
MLH3	grey	27030	MLH3	unique_official_exact	False	False	False	grey_not_a_network_block
FLI1	yellow	2313	FLI1	unique_official_exact	True	True	True	included
SSH2	grey	85464	SSH2	unique_official_exact	False	False	False	grey_not_a_network_block
TMEM215	brown	401498	TMEM215	unique_official_exact	True	True	True	included
RTKN	brown	6242	RTKN	unique_official_exact	True	True	True	included
RPLP0	blue	6175	RPLP0	unique_official_exact	True	True	True	included
SETD1B	turquoise	23067	SETD1B	unique_official_exact	True	True	True	included
FAIM2	brown	23017	FAIM2	unique_official_exact	True	True	True	included
SEL1L3	blue	23231	SEL1L3	unique_official_exact	True	True	True	included
ABHD12	brown	26090	ABHD12	unique_official_exact	True	True	True	included
DIP2A	turquoise	23181	DIP2A	unique_official_exact	True	True	True	included
CD109	grey	135228	CD109	unique_official_exact	False	False	False	grey_not_a_network_block
TUBB2B	brown	347733	TUBB2B	unique_official_exact	True	True	True	included
PLEKHF2	grey	79666	PLEKHF2	unique_official_exact	False	False	False	grey_not_a_network_block
RCAN1	grey	1827	RCAN1	unique_official_exact	False	False	False	grey_not_a_network_block
ABTB1	turquoise	80325	ABTB1	unique_official_exact	True	True	True	included
ARHGAP24	brown	83478	ARHGAP24	unique_official_exact	True	True	True	included
POU2F1	grey	5451	POU2F1	unique_official_exact	False	False	False	grey_not_a_network_block
CLMP	yellow	79827	CLMP	unique_official_exact	True	True	True	included
OLA1	grey	29789	OLA1	unique_official_exact	False	False	False	grey_not_a_network_block
BTN2A2	grey	10385	BTN2A2	unique_official_exact	False	False	False	grey_not_a_network_block
WDFY4	blue	57705	WDFY4	unique_official_exact	True	True	True	included
SSC5D	blue	284297	SSC5D	unique_official_exact	True	True	True	included
FMNL2	brown	114793	FMNL2	unique_official_exact	True	True	True	included
TRA2A	turquoise	29896	TRA2A	unique_official_exact	True	True	True	included
CFAP36	grey	112942	CFAP36	unique_official_exact	False	False	False	grey_not_a_network_block
SLC2A13	blue	114134	SLC2A13	unique_official_exact	True	True	True	included
RASGEF1C	brown	255426	RASGEF1C	unique_official_exact	True	True	True	included
VPS37A	grey	137492	VPS37A	unique_official_exact	False	False	False	grey_not_a_network_block
SOBP	grey	55084	SOBP	unique_official_exact	False	False	False	grey_not_a_network_block
ZNF44	turquoise	51710	ZNF44	unique_official_exact	True	True	True	included
GFOD1	turquoise	54438	GFOD1	unique_official_exact	True	True	True	included
TUBB4A	brown	10382	TUBB4A	unique_official_exact	True	True	True	included
SLC39A8	grey	64116	SLC39A8	unique_official_exact	False	False	False	grey_not_a_network_block
PLEKHG3	turquoise	26030	PLEKHG3	unique_official_exact	True	True	True	included
COL6A1	yellow	1291	COL6A1	unique_official_exact	True	True	True	included
MAP3K4	brown	4216	MAP3K4	unique_official_exact	True	True	True	included
BMX	grey	660	BMX	unique_official_exact	False	False	False	grey_not_a_network_block
SLC8A1	yellow	6546	SLC8A1	unique_official_exact	True	True	True	included
CSGALNACT1	black	55790	CSGALNACT1	unique_official_exact	True	True	True	included
MED23	turquoise	9439	MED23	unique_official_exact	True	True	True	included
PTPRJ	brown	5795	PTPRJ	unique_official_exact	True	True	True	included
PLPPR4	grey	9890	PLPPR4	unique_official_exact	False	False	False	grey_not_a_network_block
PREX1	grey	57580	PREX1	unique_official_exact	False	False	False	grey_not_a_network_block
GSE1	yellow	23199	GSE1	unique_official_exact	True	True	True	included
DDR1	brown	780	DDR1	unique_official_exact	True	True	True	included
ZNF280D	turquoise	54816	ZNF280D	unique_official_exact	True	True	True	included
GJC1	brown	10052	GJC1	unique_official_exact	True	True	True	included
CA12	yellow	771	CA12	unique_official_exact	True	True	True	included
AKAP8L	turquoise	26993	AKAP8L	unique_official_exact	True	True	True	included
ECM1	blue	1893	ECM1	unique_official_exact	True	True	True	included
PLIN2	yellow	123	PLIN2	unique_official_exact	True	True	True	included
DOCK10	grey	55619	DOCK10	unique_official_exact	False	False	False	grey_not_a_network_block
MAGI3	turquoise	260425	MAGI3	unique_official_exact	True	True	True	included
PROCR	blue	10544	PROCR	unique_official_exact	True	True	True	included
SCARB1	yellow	949	SCARB1	unique_official_exact	True	True	True	included
SCD5	green	79966	SCD5	unique_official_exact	True	True	True	included
GATAD1	turquoise	57798	GATAD1	unique_official_exact	True	True	True	included
ABO	turquoise	28	ABO	unique_official_exact	True	True	True	included
PER2	grey	8864	PER2	unique_official_exact	False	False	False	grey_not_a_network_block
BCL2	grey	596	BCL2	unique_official_exact	False	False	False	grey_not_a_network_block
KSR1	turquoise	8844	KSR1	unique_official_exact	True	True	True	included
ZNF692	turquoise	55657	ZNF692	unique_official_exact	True	True	True	included
PLD3	blue	23646	PLD3	unique_official_exact	True	True	True	included
PEPD	blue	5184	PEPD	unique_official_exact	True	True	True	included
HLA-DRB6	grey	3128	HLA-DRB6	unique_official_exact	False	False	False	grey_not_a_network_block
SNHG29	grey	125144	SNHG29	unique_official_exact	False	False	False	grey_not_a_network_block
MAPK4	grey	5596	MAPK4	unique_official_exact	False	False	False	grey_not_a_network_block
BMP4	grey	652	BMP4	unique_official_exact	False	False	False	grey_not_a_network_block
CCDC88C	black	440193	CCDC88C	unique_official_exact	True	True	True	included
SEPTIN11	yellow	55752	SEPTIN11	unique_official_exact	True	True	True	included
CDK19	brown	23097	CDK19	unique_official_exact	True	True	True	included
FXYD6	grey	53826	FXYD6	unique_official_exact	False	False	False	grey_not_a_network_block
ELMOD3	magenta	84173	ELMOD3	unique_official_exact	True	True	True	included
PER3	grey	8863	PER3	unique_official_exact	False	False	False	grey_not_a_network_block
CHMP2B	red	25978	CHMP2B	unique_official_exact	True	True	True	included
ACAP3	turquoise	116983	ACAP3	unique_official_exact	True	True	True	included
CNNM4	turquoise	26504	CNNM4	unique_official_exact	True	True	True	included
ESYT3	turquoise	83850	ESYT3	unique_official_exact	True	True	True	included
SCNN1A	green	6337	SCNN1A	unique_official_exact	True	True	True	included
ECHS1	yellow	1892	ECHS1	unique_official_exact	True	True	True	included
PWAR5	grey	8123	PWAR5	unique_official_exact	False	False	False	grey_not_a_network_block
S100A6	grey	6277	S100A6	unique_official_exact	False	False	False	grey_not_a_network_block
PCYT1A	magenta	5130	PCYT1A	unique_official_exact	True	True	True	included
ATP6V0D1	yellow	9114	ATP6V0D1	unique_official_exact	True	True	True	included
LRRC7	turquoise	57554	LRRC7	unique_official_exact	True	True	True	included
SYNPO2	red	171024	SYNPO2	unique_official_exact	True	True	True	included
GTF2H5	grey	404672	GTF2H5	unique_official_exact	False	False	False	grey_not_a_network_block
ATOSA	magenta	56204	ATOSA	unique_official_exact	True	True	True	included
MRFAP1L1	grey	114932	MRFAP1L1	unique_official_exact	False	False	False	grey_not_a_network_block
SOCS6	green	9306	SOCS6	unique_official_exact	True	True	True	included
HLA-F	black	3134	HLA-F	unique_official_exact	True	True	True	included
MARCKS	brown	4082	MARCKS	unique_official_exact	True	True	True	included
DST	turquoise	667	DST	unique_official_exact	True	True	True	included
SRI	red	6717	SRI	unique_official_exact	True	True	True	included
DIS3L2	turquoise	129563	DIS3L2	unique_official_exact	True	True	True	included
RPS23	blue	6228	RPS23	unique_official_exact	True	True	True	included
SCIN	blue	85477	SCIN	unique_official_exact	True	True	True	included
S100A13	yellow	6284	S100A13	unique_official_exact	True	True	True	included
NBPF8	turquoise	728841	NBPF8	unique_official_exact	True	True	True	included
PLSCR4	green	57088	PLSCR4	unique_official_exact	True	True	True	included
NCF2	blue	4688	NCF2	unique_official_exact	True	True	True	included
STEAP2	blue	261729	STEAP2	unique_official_exact	True	True	True	included
MAT2B	blue	27430	MAT2B	unique_official_exact	True	True	True	included
LOXL4	grey	84171	LOXL4	unique_official_exact	False	False	False	grey_not_a_network_block
BAIAP2	brown	10458	BAIAP2	unique_official_exact	True	True	True	included
ACOX1	yellow	51	ACOX1	unique_official_exact	True	True	True	included
OLFM2	yellow	93145	OLFM2	unique_official_exact	True	True	True	included
RIOK3	grey	8780	RIOK3	unique_official_exact	False	False	False	grey_not_a_network_block
VEGFA	grey	7422	VEGFA	unique_official_exact	False	False	False	grey_not_a_network_block
WIPI1	grey	55062	WIPI1	unique_official_exact	False	False	False	grey_not_a_network_block
ARHGEF37	green	389337	ARHGEF37	unique_official_exact	True	True	True	included
ZEB2	brown	9839	ZEB2	unique_official_exact	True	True	True	included
SESN1	grey	27244	SESN1	unique_official_exact	False	False	False	grey_not_a_network_block
DDX3X	grey	1654	DDX3X	unique_official_exact	False	False	False	grey_not_a_network_block
TLE1	brown	7088	TLE1	unique_official_exact	True	True	True	included
RBM33	turquoise	155435	RBM33	unique_official_exact	True	True	True	included
LRRCC1	brown	85444	LRRCC1	unique_official_exact	True	True	True	included
AK4	yellow	205	AK4	unique_official_exact	True	True	True	included
BCOR	brown	54880	BCOR	unique_official_exact	True	True	True	included
KIF13B	brown	23303	KIF13B	unique_official_exact	True	True	True	included
MRC2	red	9902	MRC2	unique_official_exact	True	True	True	included
APMAP	yellow	57136	APMAP	unique_official_exact	True	True	True	included
LPAR1	green	1902	LPAR1	unique_official_exact	True	True	True	included
LHFPL6	blue	10186	LHFPL6	unique_official_exact	True	True	True	included
PTPRM	black	5797	PTPRM	unique_official_exact	True	True	True	included
EAPP	grey	55837	EAPP	unique_official_exact	False	False	False	grey_not_a_network_block
CDC42EP3	grey	10602	CDC42EP3	unique_official_exact	False	False	False	grey_not_a_network_block
HLA-DMA	grey	3108	HLA-DMA	unique_official_exact	False	False	False	grey_not_a_network_block
C12orf57	grey	113246	C12orf57	unique_official_exact	False	False	False	grey_not_a_network_block
BCKDK	grey	10295	BCKDK	unique_official_exact	False	False	False	grey_not_a_network_block
MBOAT1	grey	154141	MBOAT1	unique_official_exact	False	False	False	grey_not_a_network_block
TPO	turquoise	7173	TPO	unique_official_exact	True	True	True	included
NOTCH2NLA	turquoise	388677	NOTCH2NLA	unique_official_exact	True	True	True	included
MINDY3	grey	80013	MINDY3	unique_official_exact	False	False	False	grey_not_a_network_block
RUFY3	turquoise	22902	RUFY3	unique_official_exact	True	True	True	included
TEK	yellow	7010	TEK	unique_official_exact	True	True	True	included
SEPTIN6	green	23157	SEPTIN6	unique_official_exact	True	True	True	included
PHF11	grey	51131	PHF11	unique_official_exact	False	False	False	grey_not_a_network_block
ANKRD33B	green	651746	ANKRD33B	unique_official_exact	True	True	True	included
GSR	grey	2936	GSR	unique_official_exact	False	False	False	grey_not_a_network_block
HEG1	yellow	57493	HEG1	unique_official_exact	True	True	True	included
RAC2	blue	5880	RAC2	unique_official_exact	True	True	True	included
FLRT3	green	23767	FLRT3	unique_official_exact	True	True	True	included
KDM6A	turquoise	7403	KDM6A	unique_official_exact	True	True	True	included
RBM28	turquoise	55131	RBM28	unique_official_exact	True	True	True	included
SCAPER	turquoise	49855	SCAPER	unique_official_exact	True	True	True	included
STYX	grey	6815	STYX	unique_official_exact	False	False	False	grey_not_a_network_block
GJA5	grey	2702	GJA5	unique_official_exact	False	False	False	grey_not_a_network_block
ATPAF1	grey	64756	ATPAF1	unique_official_exact	False	False	False	grey_not_a_network_block
HNRNPH3	turquoise	3189	HNRNPH3	unique_official_exact	True	True	True	included
GPR137B	brown	7107	GPR137B	unique_official_exact	True	True	True	included
BAZ1A	grey	11177	BAZ1A	unique_official_exact	False	False	False	grey_not_a_network_block
RAPGEF4	grey	11069	RAPGEF4	unique_official_exact	False	False	False	grey_not_a_network_block
ABCC4	grey	10257	ABCC4	unique_official_exact	False	False	False	grey_not_a_network_block
CAPN5	red	726	CAPN5	unique_official_exact	True	True	True	included
CMKLR1	blue	1240	CMKLR1	unique_official_exact	True	True	True	included
NCDN	brown	23154	NCDN	unique_official_exact	True	True	True	included
ZNF638	turquoise	27332	ZNF638	unique_official_exact	True	True	True	included
PRKACB	blue	5567	PRKACB	unique_official_exact	True	True	True	included
AGAP1	brown	116987	AGAP1	unique_official_exact	True	True	True	included
RPS6KA1	blue	6195	RPS6KA1	unique_official_exact	True	True	True	included
TNFRSF14	turquoise	8764	TNFRSF14	unique_official_exact	True	True	True	included
OLFML1	blue	283298	OLFML1	unique_official_exact	True	True	True	included
FRY	pink	10129	FRY	unique_official_exact	True	True	True	included
PCDH17	brown	27253	PCDH17	unique_official_exact	True	True	True	included
PTPRS	grey	5802	PTPRS	unique_official_exact	False	False	False	grey_not_a_network_block
NMNAT2	grey	23057	NMNAT2	unique_official_exact	False	False	False	grey_not_a_network_block
SELENOI	brown	85465	SELENOI	unique_official_exact	True	True	True	included
BID	yellow	637	BID	unique_official_exact	True	True	True	included
JAK2	turquoise	3717	JAK2	unique_official_exact	True	True	True	included
CRACDL	grey	343990	CRACDL	unique_official_exact	False	False	False	grey_not_a_network_block
IFIT3	brown	3437	IFIT3	unique_official_exact	True	True	True	included
ELL2	yellow	22936	ELL2	unique_official_exact	True	True	True	included
CEP170B	black	283638	CEP170B	unique_official_exact	True	True	True	included
DLG1	green	1739	DLG1	unique_official_exact	True	True	True	included
FGFR2	blue	2263	FGFR2	unique_official_exact	True	True	True	included
AGPAT4	grey	56895	AGPAT4	unique_official_exact	False	False	False	grey_not_a_network_block
GGPS1	grey	9453	GGPS1	unique_official_exact	False	False	False	grey_not_a_network_block
SPICE1	turquoise	152185	SPICE1	unique_official_exact	True	True	True	included
MCM6	grey	4175	MCM6	unique_official_exact	False	False	False	grey_not_a_network_block
PDLIM4	brown	8572	PDLIM4	unique_official_exact	True	True	True	included
MAP2	green	4133	MAP2	unique_official_exact	True	True	True	included
NEO1	red	4756	NEO1	unique_official_exact	True	True	True	included
TBC1D8	turquoise	11138	TBC1D8	unique_official_exact	True	True	True	included
LRRC32	black	2615	LRRC32	unique_official_exact	True	True	True	included
MNT	grey	4335	MNT	unique_official_exact	False	False	False	grey_not_a_network_block
ERCC6L2-AS1	grey	100128782	ERCC6L2-AS1	unique_official_exact	False	False	False	grey_not_a_network_block
NUDT3	brown	11165	NUDT3	unique_official_exact	True	True	True	included
KRCC1	grey	51315	KRCC1	unique_official_exact	False	False	False	grey_not_a_network_block
GOLGA8B	turquoise	440270	GOLGA8B	unique_official_exact	True	True	True	included
RGL2	turquoise	5863	RGL2	unique_official_exact	True	True	True	included
CYFIP2	brown	26999	CYFIP2	unique_official_exact	True	True	True	included
PDPR	grey	55066	PDPR	unique_official_exact	False	False	False	grey_not_a_network_block
GASK1B	brown	51313	GASK1B	unique_official_exact	True	True	True	included
PLEKHA7	brown	144100	PLEKHA7	unique_official_exact	True	True	True	included
AZGP1	brown	563	AZGP1	unique_official_exact	True	True	True	included
PATJ	turquoise	10207	PATJ	unique_official_exact	True	True	True	included
CEP57	grey	9702	CEP57	unique_official_exact	False	False	False	grey_not_a_network_block
PAQR8	brown	85315	PAQR8	unique_official_exact	True	True	True	included
OSBPL1A	grey	114876	OSBPL1A	unique_official_exact	False	False	False	grey_not_a_network_block
SCAND2P	turquoise	54581	SCAND2P	unique_official_exact	True	True	True	included
PRICKLE1	green	144165	PRICKLE1	unique_official_exact	True	True	True	included
PARP14	turquoise	54625	PARP14	unique_official_exact	True	True	True	included
TANGO2	grey	128989	TANGO2	unique_official_exact	False	False	False	grey_not_a_network_block
RNF103	brown	7844	RNF103	unique_official_exact	True	True	True	included
MYC	grey	4609	MYC	unique_official_exact	False	False	False	grey_not_a_network_block
OBSL1	turquoise	23363	OBSL1	unique_official_exact	True	True	True	included
CFL2	grey	1073	CFL2	unique_official_exact	False	False	False	grey_not_a_network_block
TMEM200A	grey	114801	TMEM200A	unique_official_exact	False	False	False	grey_not_a_network_block
MCF2L	turquoise	23263	MCF2L	unique_official_exact	True	True	True	included
ANTXR1	red	84168	ANTXR1	unique_official_exact	True	True	True	included
CHD7	brown	55636	CHD7	unique_official_exact	True	True	True	included
SLC25A1	yellow	6576	SLC25A1	unique_official_exact	True	True	True	included
C14orf132	red	56967	C14orf132	unique_official_exact	True	True	True	included
SCARNA2	black	677766	SCARNA2	unique_official_exact	True	True	True	included
AFDN	green	4301	AFDN	unique_official_exact	True	True	True	included
PLEKHM1P1	turquoise	440456	PLEKHM1P1	unique_official_exact	True	True	True	included
CCL2	grey	6347	CCL2	unique_official_exact	False	False	False	grey_not_a_network_block
CTSF	blue	8722	CTSF	unique_official_exact	True	True	True	included
NALCN	brown	259232	NALCN	unique_official_exact	True	True	True	included
SRGN	blue	5552	SRGN	unique_official_exact	True	True	True	included
COL4A5	turquoise	1287	COL4A5	unique_official_exact	True	True	True	included
PPP1R12B	green	4660	PPP1R12B	unique_official_exact	True	True	True	included
GPR176	grey	11245	GPR176	unique_official_exact	False	False	False	grey_not_a_network_block
TRPV1	turquoise	7442	TRPV1	unique_official_exact	True	True	True	included
SGSM3	turquoise	27352	SGSM3	unique_official_exact	True	True	True	included
TBC1D2	green	55357	TBC1D2	unique_official_exact	True	True	True	included
ADAP2	blue	55803	ADAP2	unique_official_exact	True	True	True	included
CCR1	blue	1230	CCR1	unique_official_exact	True	True	True	included
MYL6	yellow	4637	MYL6	unique_official_exact	True	True	True	included
VASN	yellow	114990	VASN	unique_official_exact	True	True	True	included
BST2	grey	684	BST2	unique_official_exact	False	False	False	grey_not_a_network_block
DHX38	grey	9785	DHX38	unique_official_exact	False	False	False	grey_not_a_network_block
APOL4	blue	80832	APOL4	unique_official_exact	True	True	True	included
WDR73	turquoise	84942	WDR73	unique_official_exact	True	True	True	included
ARHGEF28	green	64283	ARHGEF28	unique_official_exact	True	True	True	included
CALU	blue	813	CALU	unique_official_exact	True	True	True	included
TPPP	black	11076	TPPP	unique_official_exact	True	True	True	included
NGDN	turquoise	25983	NGDN	unique_official_exact	True	True	True	included
THBS3	turquoise	7059	THBS3	unique_official_exact	True	True	True	included
ABRAXAS1	grey	84142	ABRAXAS1	unique_official_exact	False	False	False	grey_not_a_network_block
LRRFIP2	turquoise	9209	LRRFIP2	unique_official_exact	True	True	True	included
TP63	grey	8626	TP63	unique_official_exact	False	False	False	grey_not_a_network_block
CSRNP1	black	64651	CSRNP1	unique_official_exact	True	True	True	included
ELOVL7	grey	79993	ELOVL7	unique_official_exact	False	False	False	grey_not_a_network_block
ARMCX4	turquoise	100131755	ARMCX4	unique_official_exact	True	True	True	included
PSMA4	blue	5685	PSMA4	unique_official_exact	True	True	True	included
NR2C1	turquoise	7181	NR2C1	unique_official_exact	True	True	True	included
MTMR9LP	turquoise	339483	MTMR9LP	unique_official_exact	True	True	True	included
CKAP2	grey	26586	CKAP2	unique_official_exact	False	False	False	grey_not_a_network_block
ZNF175	grey	7728	ZNF175	unique_official_exact	False	False	False	grey_not_a_network_block
REL	blue	5966	REL	unique_official_exact	True	True	True	included
LCA5	red	167691	LCA5	unique_official_exact	True	True	True	included
PLEKHB2	grey	55041	PLEKHB2	unique_official_exact	False	False	False	grey_not_a_network_block
CORO2B	brown	10391	CORO2B	unique_official_exact	True	True	True	included
RAPH1	green	65059	RAPH1	unique_official_exact	True	True	True	included
ZNF608	brown	57507	ZNF608	unique_official_exact	True	True	True	included
KLHL5	yellow	51088	KLHL5	unique_official_exact	True	True	True	included
RRP15	grey	51018	RRP15	unique_official_exact	False	False	False	grey_not_a_network_block
LRRN1	brown	57633	LRRN1	unique_official_exact	True	True	True	included
LRRC4	brown	64101	LRRC4	unique_official_exact	True	True	True	included
ARFGAP1	turquoise	55738	ARFGAP1	unique_official_exact	True	True	True	included
TRAF1	turquoise	7185	TRAF1	unique_official_exact	True	True	True	included
CEMIP	turquoise	57214	CEMIP	unique_official_exact	True	True	True	included
EHMT2	brown	10919	EHMT2	unique_official_exact	True	True	True	included
PRICKLE4	turquoise	29964	PRICKLE4	unique_official_exact	True	True	True	included
RUFY2	grey	55680	RUFY2	unique_official_exact	False	False	False	grey_not_a_network_block
NLGN1	green	22871	NLGN1	unique_official_exact	True	True	True	included
ACVR1	grey	90	ACVR1	unique_official_exact	False	False	False	grey_not_a_network_block
NUDCD1	grey	84955	NUDCD1	unique_official_exact	False	False	False	grey_not_a_network_block
TNFSF10	yellow	8743	TNFSF10	unique_official_exact	True	True	True	included
PACSIN3	brown	29763	PACSIN3	unique_official_exact	True	True	True	included
ARHGAP29	pink	9411	ARHGAP29	unique_official_exact	True	True	True	included
RGL1	green	23179	RGL1	unique_official_exact	True	True	True	included
COL5A2	yellow	1290	COL5A2	unique_official_exact	True	True	True	included
OLFM4	brown	10562	OLFM4	unique_official_exact	True	True	True	included
RICTOR	turquoise	253260	RICTOR	unique_official_exact	True	True	True	included
ETNK2	green	55224	ETNK2	unique_official_exact	True	True	True	included
ENOSF1	turquoise	55556	ENOSF1	unique_official_exact	True	True	True	included
DNAI4	grey	79819	DNAI4	unique_official_exact	False	False	False	grey_not_a_network_block
PAK1	grey	5058	PAK1	unique_official_exact	False	False	False	grey_not_a_network_block
KCTD9	green	54793	KCTD9	unique_official_exact	True	True	True	included
DNM3OS	grey	100628315	DNM3OS	unique_official_exact	False	False	False	grey_not_a_network_block
DRAM1	blue	55332	DRAM1	unique_official_exact	True	True	True	included
SMARCA1	green	6594	SMARCA1	unique_official_exact	True	True	True	included
DSC2	blue	1824	DSC2	unique_official_exact	True	True	True	included
CYP4V2	turquoise	285440	CYP4V2	unique_official_exact	True	True	True	included
RPLP1	grey	6176	RPLP1	unique_official_exact	False	False	False	grey_not_a_network_block
SF3A2	grey	8175	SF3A2	unique_official_exact	False	False	False	grey_not_a_network_block
LZTS1	brown	11178	LZTS1	unique_official_exact	True	True	True	included
CD82	green	3732	CD82	unique_official_exact	True	True	True	included
SOX7	pink	83595	SOX7	unique_official_exact	True	True	True	included
CCDC3	green	83643	CCDC3	unique_official_exact	True	True	True	included
PSMD12	grey	5718	PSMD12	unique_official_exact	False	False	False	grey_not_a_network_block
SYNGR1	brown	9145	SYNGR1	unique_official_exact	True	True	True	included
SPRY1	yellow	10252	SPRY1	unique_official_exact	True	True	True	included
PDK3	grey	5165	PDK3	unique_official_exact	False	False	False	grey_not_a_network_block
F2R	blue	2149	F2R	unique_official_exact	True	True	True	included
DBN1	blue	1627	DBN1	unique_official_exact	True	True	True	included
AK5	brown	26289	AK5	unique_official_exact	True	True	True	included
KLF8	turquoise	11279	KLF8	unique_official_exact	True	True	True	included
ANAPC2	turquoise	29882	ANAPC2	unique_official_exact	True	True	True	included
PRELP	green	5549	PRELP	unique_official_exact	True	True	True	included
EPHB4	black	2050	EPHB4	unique_official_exact	True	True	True	included
ABI1	grey	10006	ABI1	unique_official_exact	False	False	False	grey_not_a_network_block
LONRF3	grey	79836	LONRF3	unique_official_exact	False	False	False	grey_not_a_network_block
NR1H3	magenta	10062	NR1H3	unique_official_exact	True	True	True	included
PGRMC2	yellow	10424	PGRMC2	unique_official_exact	True	True	True	included
PELO	grey	53918	PELO	unique_official_exact	False	False	False	grey_not_a_network_block
ZNF75D	grey	7626	ZNF75D	unique_official_exact	False	False	False	grey_not_a_network_block
ADIRF	black	10974	ADIRF	unique_official_exact	True	True	True	included
IDI1	grey	3422	IDI1	unique_official_exact	False	False	False	grey_not_a_network_block
GATA2	yellow	2624	GATA2	unique_official_exact	True	True	True	included
DTX2P1-UPK3BP1-PMS2P11	turquoise	441263	DTX2P1-UPK3BP1-PMS2P11	unique_official_exact	True	True	True	included
PDE4A	blue	5141	PDE4A	unique_official_exact	True	True	True	included
RHOB	black	388	RHOB	unique_official_exact	True	True	True	included
KDM4C	turquoise	23081	KDM4C	unique_official_exact	True	True	True	included
PRODH	brown	5625	PRODH	unique_official_exact	True	True	True	included
MAMDC4	turquoise	158056	MAMDC4	unique_official_exact	True	True	True	included
PCSK5	grey	5125	PCSK5	unique_official_exact	False	False	False	grey_not_a_network_block
ZNF767P	turquoise	79970	ZNF767P	unique_official_exact	True	True	True	included
TMTC2	brown	160335	TMTC2	unique_official_exact	True	True	True	included
PDE9A	turquoise	5152	PDE9A	unique_official_exact	True	True	True	included
FSTL5	green	56884	FSTL5	unique_official_exact	True	True	True	included
CTTNBP2NL	grey	55917	CTTNBP2NL	unique_official_exact	False	False	False	grey_not_a_network_block
ERVK13-1	turquoise	100507321	ERVK13-1	unique_official_exact	True	True	True	included
CGGBP1	blue	8545	CGGBP1	unique_official_exact	True	True	True	included
ADCY5	pink	111	ADCY5	unique_official_exact	True	True	True	included
ZNF577	turquoise	84765	ZNF577	unique_official_exact	True	True	True	included
JAG2	black	3714	JAG2	unique_official_exact	True	True	True	included
CKB	pink	1152	CKB	unique_official_exact	True	True	True	included
INPP4B	pink	8821	INPP4B	unique_official_exact	True	True	True	included
ADAM19	green	8728	ADAM19	unique_official_exact	True	True	True	included
CASP8AP2	grey	9994	CASP8AP2	unique_official_exact	False	False	False	grey_not_a_network_block
RBM4	turquoise	5936	RBM4	unique_official_exact	True	True	True	included
DUSP6	grey	1848	DUSP6	unique_official_exact	False	False	False	grey_not_a_network_block
GULP1	green	51454	GULP1	unique_official_exact	True	True	True	included
ADIPOR2	yellow	79602	ADIPOR2	unique_official_exact	True	True	True	included
SUMO1	yellow	7341	SUMO1	unique_official_exact	True	True	True	included
HECTD4	turquoise	283450	HECTD4	unique_official_exact	True	True	True	included
REPS2	red	9185	REPS2	unique_official_exact	True	True	True	included
SUDS3	turquoise	64426	SUDS3	unique_official_exact	True	True	True	included
IGFBP4	blue	3487	IGFBP4	unique_official_exact	True	True	True	included
MARK1	grey	4139	MARK1	unique_official_exact	False	False	False	grey_not_a_network_block
SHLD2	grey	54537	SHLD2	unique_official_exact	False	False	False	grey_not_a_network_block
HSD3B7	yellow	80270	HSD3B7	unique_official_exact	True	True	True	included
FUNDC2	red	65991	FUNDC2	unique_official_exact	True	True	True	included
ING3	grey	54556	ING3	unique_official_exact	False	False	False	grey_not_a_network_block
FKBP7	red	51661	FKBP7	unique_official_exact	True	True	True	included
RIMS1	grey	22999	RIMS1	unique_official_exact	False	False	False	grey_not_a_network_block
AKAP12	green	9590	AKAP12	unique_official_exact	True	True	True	included
TIMP2	red	7077	TIMP2	unique_official_exact	True	True	True	included
STRADB	grey	55437	STRADB	unique_official_exact	False	False	False	grey_not_a_network_block
EIF3J	grey	8669	EIF3J	unique_official_exact	False	False	False	grey_not_a_network_block
FBRSL1	turquoise	57666	FBRSL1	unique_official_exact	True	True	True	included
ZSCAN26	grey	7741	ZSCAN26	unique_official_exact	False	False	False	grey_not_a_network_block
MYCT1	black	80177	MYCT1	unique_official_exact	True	True	True	included
GLCCI1	grey	113263	GLCCI1	unique_official_exact	False	False	False	grey_not_a_network_block
CLASP2	brown	23122	CLASP2	unique_official_exact	True	True	True	included
VAV2	turquoise	7410	VAV2	unique_official_exact	True	True	True	included
ZNF615	red	284370	ZNF615	unique_official_exact	True	True	True	included
COL21A1	brown	81578	COL21A1	unique_official_exact	True	True	True	included
ZNF37A	turquoise	7587	ZNF37A	unique_official_exact	True	True	True	included
DNAJB4	black	11080	DNAJB4	unique_official_exact	True	True	True	included
DZIP3	turquoise	9666	DZIP3	unique_official_exact	True	True	True	included
ST7L	red	54879	ST7L	unique_official_exact	True	True	True	included
ZNF706	grey	51123	ZNF706	unique_official_exact	False	False	False	grey_not_a_network_block
CTTNBP2	turquoise	83992	CTTNBP2	unique_official_exact	True	True	True	included
HYDIN	turquoise	54768	HYDIN	unique_official_exact	True	True	True	included
BTG2	yellow	7832	BTG2	unique_official_exact	True	True	True	included
MGLL	yellow	11343	MGLL	unique_official_exact	True	True	True	included
ETAA1	grey	54465	ETAA1	unique_official_exact	False	False	False	grey_not_a_network_block
IQCK	grey	124152	IQCK	unique_official_exact	False	False	False	grey_not_a_network_block
FYTTD1	grey	84248	FYTTD1	unique_official_exact	False	False	False	grey_not_a_network_block
ZNF117	magenta	51351	ZNF117	unique_official_exact	True	True	True	included
ARHGAP4	grey	393	ARHGAP4	unique_official_exact	False	False	False	grey_not_a_network_block
NNAT	yellow	4826	NNAT	unique_official_exact	True	True	True	included
PTPN5	grey	84867	PTPN5	unique_official_exact	False	False	False	grey_not_a_network_block
IFI44	turquoise	10561	IFI44	unique_official_exact	True	True	True	included
CAP2	grey	10486	CAP2	unique_official_exact	False	False	False	grey_not_a_network_block
RCSD1	blue	92241	RCSD1	unique_official_exact	True	True	True	included
LRRC8C	black	84230	LRRC8C	unique_official_exact	True	True	True	included
PTPRD	grey	5789	PTPRD	unique_official_exact	False	False	False	grey_not_a_network_block
ZNF335	turquoise	63925	ZNF335	unique_official_exact	True	True	True	included
PPP2CA	red	5515	PPP2CA	unique_official_exact	True	True	True	included
ABRAXAS2	grey	23172	ABRAXAS2	unique_official_exact	False	False	False	grey_not_a_network_block
ZNF12	green	7559	ZNF12	unique_official_exact	True	True	True	included
GPIHBP1	black	338328	GPIHBP1	unique_official_exact	True	True	True	included
MDM4	turquoise	4194	MDM4	unique_official_exact	True	True	True	included
GLIS2	red	84662	GLIS2	unique_official_exact	True	True	True	included
PIK3R5	blue	23533	PIK3R5	unique_official_exact	True	True	True	included
AFAP1	green	60312	AFAP1	unique_official_exact	True	True	True	included
CEP135	grey	9662	CEP135	unique_official_exact	False	False	False	grey_not_a_network_block
CAV2	yellow	858	CAV2	unique_official_exact	True	True	True	included
PDLIM2	grey	64236	PDLIM2	unique_official_exact	False	False	False	grey_not_a_network_block
ITGAL	blue	3683	ITGAL	unique_official_exact	True	True	True	included
NPRL3	grey	8131	NPRL3	unique_official_exact	False	False	False	grey_not_a_network_block
SNX14	grey	57231	SNX14	unique_official_exact	False	False	False	grey_not_a_network_block
GJB2	red	2706	GJB2	unique_official_exact	True	True	True	included
MAFB	blue	9935	MAFB	unique_official_exact	True	True	True	included
ADAM9	blue	8754	ADAM9	unique_official_exact	True	True	True	included
VWA2	brown	340706	VWA2	unique_official_exact	True	True	True	included
FBXL20	grey	84961	FBXL20	unique_official_exact	False	False	False	grey_not_a_network_block
SAMD5	brown	389432	SAMD5	unique_official_exact	True	True	True	included
CCNT2	turquoise	905	CCNT2	unique_official_exact	True	True	True	included
DNAJC10	green	54431	DNAJC10	unique_official_exact	True	True	True	included
LRRFIP1	black	9208	LRRFIP1	unique_official_exact	True	True	True	included
MYO1D	yellow	4642	MYO1D	unique_official_exact	True	True	True	included
ZFP3	grey	124961	ZFP3	unique_official_exact	False	False	False	grey_not_a_network_block
GTF3A	yellow	2971	GTF3A	unique_official_exact	True	True	True	included
TXNRD1	blue	7296	TXNRD1	unique_official_exact	True	True	True	included
EOLA2-DT	turquoise	100272228	EOLA2-DT	unique_official_exact	True	True	True	included
PDE1C	brown	5137	PDE1C	unique_official_exact	True	True	True	included
ATXN7	grey	6314	ATXN7	unique_official_exact	False	False	False	grey_not_a_network_block
CASKIN2	brown	57513	CASKIN2	unique_official_exact	True	True	True	included
HNRNPA1	grey	3178	HNRNPA1	unique_official_exact	False	False	False	grey_not_a_network_block
LRRC1	grey	55227	LRRC1	unique_official_exact	False	False	False	grey_not_a_network_block
FZD3	green	7976	FZD3	unique_official_exact	True	True	True	included
TANC1	turquoise	85461	TANC1	unique_official_exact	True	True	True	included
BNIP3L	yellow	665	BNIP3L	unique_official_exact	True	True	True	included
ZSCAN29	grey	146050	ZSCAN29	unique_official_exact	False	False	False	grey_not_a_network_block
COG4	grey	25839	COG4	unique_official_exact	False	False	False	grey_not_a_network_block
TTC21B	turquoise	79809	TTC21B	unique_official_exact	True	True	True	included
MSX1	yellow	4487	MSX1	unique_official_exact	True	True	True	included
ETF1	yellow	2107	ETF1	unique_official_exact	True	True	True	included
PWWP2A	grey	114825	PWWP2A	unique_official_exact	False	False	False	grey_not_a_network_block
RPL37	grey	6167	RPL37	unique_official_exact	False	False	False	grey_not_a_network_block
SLC35A1	grey	10559	SLC35A1	unique_official_exact	False	False	False	grey_not_a_network_block
CEBPZOS	grey	100505876	CEBPZOS	unique_official_exact	False	False	False	grey_not_a_network_block
CFAP298	grey	56683	CFAP298	unique_official_exact	False	False	False	grey_not_a_network_block
CEP85L	brown	387119	CEP85L	unique_official_exact	True	True	True	included
LYRM2	grey	57226	LYRM2	unique_official_exact	False	False	False	grey_not_a_network_block
FIGN	brown	55137	FIGN	unique_official_exact	True	True	True	included
KIF21A	brown	55605	KIF21A	unique_official_exact	True	True	True	included
IL20RB	green	53833	IL20RB	unique_official_exact	True	True	True	included
TNFRSF1B	yellow	7133	TNFRSF1B	unique_official_exact	True	True	True	included
MYO10	turquoise	4651	MYO10	unique_official_exact	True	True	True	included
CNTLN	turquoise	54875	CNTLN	unique_official_exact	True	True	True	included
JUND	yellow	3727	JUND	unique_official_exact	True	True	True	included
ALDH1L2	green	160428	ALDH1L2	unique_official_exact	True	True	True	included
SHTN1	grey	57698	SHTN1	unique_official_exact	False	False	False	grey_not_a_network_block
TPPP3	grey	51673	TPPP3	unique_official_exact	False	False	False	grey_not_a_network_block
PERP	red	64065	PERP	unique_official_exact	True	True	True	included
SELENOK	grey	58515	SELENOK	unique_official_exact	False	False	False	grey_not_a_network_block
PDP2	grey	57546	PDP2	unique_official_exact	False	False	False	grey_not_a_network_block
SWT1	turquoise	54823	SWT1	unique_official_exact	True	True	True	included
TRANK1	grey	9881	TRANK1	unique_official_exact	False	False	False	grey_not_a_network_block
NVL	grey	4931	NVL	unique_official_exact	False	False	False	grey_not_a_network_block
PRUNE1	grey	58497	PRUNE1	unique_official_exact	False	False	False	grey_not_a_network_block
RPL23AP7	grey	118433	RPL23AP7	unique_official_exact	False	False	False	grey_not_a_network_block
UBA3	grey	9039	UBA3	unique_official_exact	False	False	False	grey_not_a_network_block
ASXL3	brown	80816	ASXL3	unique_official_exact	True	True	True	included
MAML3	turquoise	55534	MAML3	unique_official_exact	True	True	True	included
TBL2	grey	26608	TBL2	unique_official_exact	False	False	False	grey_not_a_network_block
TIA1	turquoise	7072	TIA1	unique_official_exact	True	True	True	included
EIF4A3	grey	9775	EIF4A3	unique_official_exact	False	False	False	grey_not_a_network_block
THAP5	green	168451	THAP5	unique_official_exact	True	True	True	included
ECHDC2	turquoise	55268	ECHDC2	unique_official_exact	True	True	True	included
TTC7A	black	57217	TTC7A	unique_official_exact	True	True	True	included
LOXL1	blue	4016	LOXL1	unique_official_exact	True	True	True	included
ATP6V1A	grey	523	ATP6V1A	unique_official_exact	False	False	False	grey_not_a_network_block
SP110	turquoise	3431	SP110	unique_official_exact	True	True	True	included
GPATCH11	yellow	253635	GPATCH11	unique_official_exact	True	True	True	included
STMN1	brown	3925	STMN1	unique_official_exact	True	True	True	included
MAOB	yellow	4129	MAOB	unique_official_exact	True	True	True	included
ZNF521	yellow	25925	ZNF521	unique_official_exact	True	True	True	included
ZNF507	green	22847	ZNF507	unique_official_exact	True	True	True	included
SOWAHC	brown	65124	SOWAHC	unique_official_exact	True	True	True	included
TMSB4X	blue	7114	TMSB4X	unique_official_exact	True	True	True	included
TPP2	turquoise	7174	TPP2	unique_official_exact	True	True	True	included
SLC35B4	grey	84912	SLC35B4	unique_official_exact	False	False	False	grey_not_a_network_block
PMVK	grey	10654	PMVK	unique_official_exact	False	False	False	grey_not_a_network_block
RPL41	blue	6171	RPL41	unique_official_exact	True	True	True	included
RALGPS2	grey	55103	RALGPS2	unique_official_exact	False	False	False	grey_not_a_network_block
NOAZFP	grey	27309	NOAZFP	unique_official_exact	False	False	False	grey_not_a_network_block
RASA2	turquoise	5922	RASA2	unique_official_exact	True	True	True	included
PLEKHG2	turquoise	64857	PLEKHG2	unique_official_exact	True	True	True	included
TBX15	yellow	6913	TBX15	unique_official_exact	True	True	True	included
AMOT	red	154796	AMOT	unique_official_exact	True	True	True	included
ATAD1	red	84896	ATAD1	unique_official_exact	True	True	True	included
LGALS3	grey	3958	LGALS3	unique_official_exact	False	False	False	grey_not_a_network_block
ATP2B2	brown	491	ATP2B2	unique_official_exact	True	True	True	included
SIK1	grey	150094	SIK1	unique_official_exact	False	False	False	grey_not_a_network_block
FGFRL1	yellow	53834	FGFRL1	unique_official_exact	True	True	True	included
NNT	yellow	23530	NNT	unique_official_exact	True	True	True	included
PROX1	grey	5629	PROX1	unique_official_exact	False	False	False	grey_not_a_network_block
EPHX1	yellow	2052	EPHX1	unique_official_exact	True	True	True	included
MLXIPL	yellow	51085	MLXIPL	unique_official_exact	True	True	True	included
KBTBD11	green	9920	KBTBD11	unique_official_exact	True	True	True	included
HCK	blue	3055	HCK	unique_official_exact	True	True	True	included
CLEC12A	grey	160364	CLEC12A	unique_official_exact	False	False	False	grey_not_a_network_block
HEATR5A	grey	25938	HEATR5A	unique_official_exact	False	False	False	grey_not_a_network_block
TMED8	grey	283578	TMED8	unique_official_exact	False	False	False	grey_not_a_network_block
SUN1	turquoise	23353	SUN1	unique_official_exact	True	True	True	included
ADGRG6	brown	57211	ADGRG6	unique_official_exact	True	True	True	included
DLEC1	turquoise	9940	DLEC1	unique_official_exact	True	True	True	included
STAT1	yellow	6772	STAT1	unique_official_exact	True	True	True	included
CHST2	grey	9435	CHST2	unique_official_exact	False	False	False	grey_not_a_network_block
SCRIB	turquoise	23513	SCRIB	unique_official_exact	True	True	True	included
TNFRSF21	blue	27242	TNFRSF21	unique_official_exact	True	True	True	included
CDK17	turquoise	5128	CDK17	unique_official_exact	True	True	True	included
LDLRAD4	yellow	753	LDLRAD4	unique_official_exact	True	True	True	included
ANP32A	grey	8125	ANP32A	unique_official_exact	False	False	False	grey_not_a_network_block
SCPEP1	blue	59342	SCPEP1	unique_official_exact	True	True	True	included
ROBO1	grey	6091	ROBO1	unique_official_exact	False	False	False	grey_not_a_network_block
UBE2G1	yellow	7326	UBE2G1	unique_official_exact	True	True	True	included
MAGT1	grey	84061	MAGT1	unique_official_exact	False	False	False	grey_not_a_network_block
RRAGC	yellow	64121	RRAGC	unique_official_exact	True	True	True	included
ZNF518A	turquoise	9849	ZNF518A	unique_official_exact	True	True	True	included
WNT6	green	7475	WNT6	unique_official_exact	True	True	True	included
EMSY	grey	56946	EMSY	unique_official_exact	False	False	False	grey_not_a_network_block
AGRN	black	375790	AGRN	unique_official_exact	True	True	True	included
N4BP2L2	turquoise	10443	N4BP2L2	unique_official_exact	True	True	True	included
RAB29	yellow	8934	RAB29	unique_official_exact	True	True	True	included
RPS18	grey	6222	RPS18	unique_official_exact	False	False	False	grey_not_a_network_block
NBPF3	grey	84224	NBPF3	unique_official_exact	False	False	False	grey_not_a_network_block
GPSM1	brown	26086	GPSM1	unique_official_exact	True	True	True	included
ACSS1	turquoise	84532	ACSS1	unique_official_exact	True	True	True	included
TRAK1	turquoise	22906	TRAK1	unique_official_exact	True	True	True	included
MX1	grey	4599	MX1	unique_official_exact	False	False	False	grey_not_a_network_block
AQP3	grey	360	AQP3	unique_official_exact	False	False	False	grey_not_a_network_block
MCCC1	grey	56922	MCCC1	unique_official_exact	False	False	False	grey_not_a_network_block
BMP6	yellow	654	BMP6	unique_official_exact	True	True	True	included
PRRG4	brown	79056	PRRG4	unique_official_exact	True	True	True	included
PGR	pink	5241	PGR	unique_official_exact	True	True	True	included
EIF2B4	grey	8890	EIF2B4	unique_official_exact	False	False	False	grey_not_a_network_block
CHPF	grey	79586	CHPF	unique_official_exact	False	False	False	grey_not_a_network_block
BCL2L2	grey	599	BCL2L2	unique_official_exact	False	False	False	grey_not_a_network_block
RTTN	turquoise	25914	RTTN	unique_official_exact	True	True	True	included
HSDL2	yellow	84263	HSDL2	unique_official_exact	True	True	True	included
FAM217B	grey	63939	FAM217B	unique_official_exact	False	False	False	grey_not_a_network_block
ALAD	blue	210	ALAD	unique_official_exact	True	True	True	included
MYRIP	pink	25924	MYRIP	unique_official_exact	True	True	True	included
UBE3B	magenta	89910	UBE3B	unique_official_exact	True	True	True	included
UGDH	blue	7358	UGDH	unique_official_exact	True	True	True	included
NTN1	grey	9423	NTN1	unique_official_exact	False	False	False	grey_not_a_network_block
LZTR1	turquoise	8216	LZTR1	unique_official_exact	True	True	True	included
RETREG1	brown	54463	RETREG1	unique_official_exact	True	True	True	included
FLJ42627	turquoise	645644	FLJ42627	unique_official_exact	True	True	True	included
ZNF397	green	84307	ZNF397	unique_official_exact	True	True	True	included
KHDC4	turquoise	22889	KHDC4	unique_official_exact	True	True	True	included
IFFO1	turquoise	25900	IFFO1	unique_official_exact	True	True	True	included
CCND1	grey	595	CCND1	unique_official_exact	False	False	False	grey_not_a_network_block
KAZN	grey	23254	KAZN	unique_official_exact	False	False	False	grey_not_a_network_block
STX18	grey	53407	STX18	unique_official_exact	False	False	False	grey_not_a_network_block
EXPH5	brown	23086	EXPH5	unique_official_exact	True	True	True	included
ME2	brown	4200	ME2	unique_official_exact	True	True	True	included
FAM135B	brown	51059	FAM135B	unique_official_exact	True	True	True	included
TUBB2A	yellow	7280	TUBB2A	unique_official_exact	True	True	True	included
PPP2R5A	yellow	5525	PPP2R5A	unique_official_exact	True	True	True	included
EHD1	yellow	10938	EHD1	unique_official_exact	True	True	True	included
LUC7L	turquoise	55692	LUC7L	unique_official_exact	True	True	True	included
SYNE1	turquoise	23345	SYNE1	unique_official_exact	True	True	True	included
PLD1	grey	5337	PLD1	unique_official_exact	False	False	False	grey_not_a_network_block
PLA2G4A	yellow	5321	PLA2G4A	unique_official_exact	True	True	True	included
HIP1R	black	9026	HIP1R	unique_official_exact	True	True	True	included
MAP3K5	green	4217	MAP3K5	unique_official_exact	True	True	True	included
ESYT1	yellow	23344	ESYT1	unique_official_exact	True	True	True	included
LMO2	black	4005	LMO2	unique_official_exact	True	True	True	included
HACL1	magenta	26061	HACL1	unique_official_exact	True	True	True	included
CASP4	blue	837	CASP4	unique_official_exact	True	True	True	included
MGAT3	brown	4248	MGAT3	unique_official_exact	True	True	True	included
BCS1L	green	617	BCS1L	unique_official_exact	True	True	True	included
NPAT	grey	4863	NPAT	unique_official_exact	False	False	False	grey_not_a_network_block
YTHDF2	grey	51441	YTHDF2	unique_official_exact	False	False	False	grey_not_a_network_block
SRGAP3	grey	9901	SRGAP3	unique_official_exact	False	False	False	grey_not_a_network_block
ZFP62	grey	643836	ZFP62	unique_official_exact	False	False	False	grey_not_a_network_block
CRELD1	grey	78987	CRELD1	unique_official_exact	False	False	False	grey_not_a_network_block
NOC3L	grey	64318	NOC3L	unique_official_exact	False	False	False	grey_not_a_network_block
ZNF251	turquoise	90987	ZNF251	unique_official_exact	True	True	True	included
FAM241A	grey	132720	FAM241A	unique_official_exact	False	False	False	grey_not_a_network_block
SPTLC3	brown	55304	SPTLC3	unique_official_exact	True	True	True	included
TYMP	grey	1890	TYMP	unique_official_exact	False	False	False	grey_not_a_network_block
ARMC1	grey	55156	ARMC1	unique_official_exact	False	False	False	grey_not_a_network_block
SALL2	brown	6297	SALL2	unique_official_exact	True	True	True	included
PRP4K	turquoise	8899	PRP4K	unique_official_exact	True	True	True	included
OGFRL1	red	79627	OGFRL1	unique_official_exact	True	True	True	included
EML3	turquoise	256364	EML3	unique_official_exact	True	True	True	included
RELL1	grey	768211	RELL1	unique_official_exact	False	False	False	grey_not_a_network_block
TSPAN5	grey	10098	TSPAN5	unique_official_exact	False	False	False	grey_not_a_network_block
NHERF2	black	9351	NHERF2	unique_official_exact	True	True	True	included
AIG1	yellow	51390	AIG1	unique_official_exact	True	True	True	included
EEPD1	magenta	80820	EEPD1	unique_official_exact	True	True	True	included
SOX5	brown	6660	SOX5	unique_official_exact	True	True	True	included
WTIP	turquoise	126374	WTIP	unique_official_exact	True	True	True	included
EFHC1	turquoise	114327	EFHC1	unique_official_exact	True	True	True	included
GMPS	grey	8833	GMPS	unique_official_exact	False	False	False	grey_not_a_network_block
TPRG1L	blue	127262	TPRG1L	unique_official_exact	True	True	True	included
MAN2B2	blue	23324	MAN2B2	unique_official_exact	True	True	True	included
GAB3	grey	139716	GAB3	unique_official_exact	False	False	False	grey_not_a_network_block
SLC35D1	grey	23169	SLC35D1	unique_official_exact	False	False	False	grey_not_a_network_block
DYNC2H1	turquoise	79659	DYNC2H1	unique_official_exact	True	True	True	included
MMP28	grey	79148	MMP28	unique_official_exact	False	False	False	grey_not_a_network_block
CREG1	blue	8804	CREG1	unique_official_exact	True	True	True	included
ZGRF1	turquoise	55345	ZGRF1	unique_official_exact	True	True	True	included
HMGXB3	turquoise	22993	HMGXB3	unique_official_exact	True	True	True	included
TXN	grey	7295	TXN	unique_official_exact	False	False	False	grey_not_a_network_block
IGHMBP2	turquoise	3508	IGHMBP2	unique_official_exact	True	True	True	included
RPS27	grey	6232	RPS27	unique_official_exact	False	False	False	grey_not_a_network_block
BDH2	grey	56898	BDH2	unique_official_exact	False	False	False	grey_not_a_network_block
HDAC9	brown	9734	HDAC9	unique_official_exact	True	True	True	included
DNAJA2	grey	10294	DNAJA2	unique_official_exact	False	False	False	grey_not_a_network_block
NUP58	grey	9818	NUP58	unique_official_exact	False	False	False	grey_not_a_network_block
ENTPD2	green	954	ENTPD2	unique_official_exact	True	True	True	included
SLC7A5P2	turquoise	387254	SLC7A5P2	unique_official_exact	True	True	True	included
PRPS2	green	5634	PRPS2	unique_official_exact	True	True	True	included
RNF13	brown	11342	RNF13	unique_official_exact	True	True	True	included
DUS1L	turquoise	64118	DUS1L	unique_official_exact	True	True	True	included
ACACA	magenta	31	ACACA	unique_official_exact	True	True	True	included
GLI3	grey	2737	GLI3	unique_official_exact	False	False	False	grey_not_a_network_block
DEGS1	yellow	8560	DEGS1	unique_official_exact	True	True	True	included
DIS3L	grey	115752	DIS3L	unique_official_exact	False	False	False	grey_not_a_network_block
PLA2G4C	grey	8605	PLA2G4C	unique_official_exact	False	False	False	grey_not_a_network_block
PLCL2	red	23228	PLCL2	unique_official_exact	True	True	True	included
TKT	yellow	7086	TKT	unique_official_exact	True	True	True	included
TWIST2	yellow	117581	TWIST2	unique_official_exact	True	True	True	included
SH3BP5	blue	9467	SH3BP5	unique_official_exact	True	True	True	included
RAB2B	grey	84932	RAB2B	unique_official_exact	False	False	False	grey_not_a_network_block
XYLT1	yellow	64131	XYLT1	unique_official_exact	True	True	True	included
ICA1L	turquoise	130026	ICA1L	unique_official_exact	True	True	True	included
RPS4X	grey	6191	RPS4X	unique_official_exact	False	False	False	grey_not_a_network_block
LEPROT	blue	54741	LEPROT	unique_official_exact	True	True	True	included
SH2D3C	black	10044	SH2D3C	unique_official_exact	True	True	True	included
OSBPL3	grey	26031	OSBPL3	unique_official_exact	False	False	False	grey_not_a_network_block
HACD3	grey	51495	HACD3	unique_official_exact	False	False	False	grey_not_a_network_block
DSEL	yellow	92126	DSEL	unique_official_exact	True	True	True	included
EXOC2	grey	55770	EXOC2	unique_official_exact	False	False	False	grey_not_a_network_block
CHM	grey	1121	CHM	unique_official_exact	False	False	False	grey_not_a_network_block
MMP24OS	blue	101410538	MMP24OS	unique_official_exact	True	True	True	included
IFIT1	grey	3434	IFIT1	unique_official_exact	False	False	False	grey_not_a_network_block
CAPN7	turquoise	23473	CAPN7	unique_official_exact	True	True	True	included
SNAPC1	grey	6617	SNAPC1	unique_official_exact	False	False	False	grey_not_a_network_block
ADAM22	yellow	53616	ADAM22	unique_official_exact	True	True	True	included
TAF1D	grey	79101	TAF1D	unique_official_exact	False	False	False	grey_not_a_network_block
MLLT10	turquoise	8028	MLLT10	unique_official_exact	True	True	True	included
PALMD	yellow	54873	PALMD	unique_official_exact	True	True	True	included
MYLIP	grey	29116	MYLIP	unique_official_exact	False	False	False	grey_not_a_network_block
THOC5	grey	8563	THOC5	unique_official_exact	False	False	False	grey_not_a_network_block
NTNG1	brown	22854	NTNG1	unique_official_exact	True	True	True	included
KANK3	black	256949	KANK3	unique_official_exact	True	True	True	included
MED17	grey	9440	MED17	unique_official_exact	False	False	False	grey_not_a_network_block
GUSB	red	2990	GUSB	unique_official_exact	True	True	True	included
AKAP6	grey	9472	AKAP6	unique_official_exact	False	False	False	grey_not_a_network_block
IKBKG	grey	8517	IKBKG	unique_official_exact	False	False	False	grey_not_a_network_block
SPOPL	pink	339745	SPOPL	unique_official_exact	True	True	True	included
NSMF	green	26012	NSMF	unique_official_exact	True	True	True	included
ALDOC	yellow	230	ALDOC	unique_official_exact	True	True	True	included
CDH3	red	1001	CDH3	unique_official_exact	True	True	True	included
IFI27	grey	3429	IFI27	unique_official_exact	False	False	False	grey_not_a_network_block
SGCB	brown	6443	SGCB	unique_official_exact	True	True	True	included
SOD2	blue	6648	SOD2	unique_official_exact	True	True	True	included
MKRN1	blue	23608	MKRN1	unique_official_exact	True	True	True	included
BCLAF3	turquoise	256643	BCLAF3	unique_official_exact	True	True	True	included
RPL36	grey	25873	RPL36	unique_official_exact	False	False	False	grey_not_a_network_block
EXTL2	grey	2135	EXTL2	unique_official_exact	False	False	False	grey_not_a_network_block
ANXA5	blue	308	ANXA5	unique_official_exact	True	True	True	included
MIR100HG	green	399959	MIR100HG	unique_official_exact	True	True	True	included
ARHGAP6	yellow	395	ARHGAP6	unique_official_exact	True	True	True	included
ATAD2B	turquoise	54454	ATAD2B	unique_official_exact	True	True	True	included
SMAD7	yellow	4092	SMAD7	unique_official_exact	True	True	True	included
CUL7	turquoise	9820	CUL7	unique_official_exact	True	True	True	included
NATD1	yellow	256302	NATD1	unique_official_exact	True	True	True	included
RPIA	yellow	22934	RPIA	unique_official_exact	True	True	True	included
KANSL1L	green	151050	KANSL1L	unique_official_exact	True	True	True	included
ENGASE	turquoise	64772	ENGASE	unique_official_exact	True	True	True	included
SULF2	black	55959	SULF2	unique_official_exact	True	True	True	included
THNSL2	grey	55258	THNSL2	unique_official_exact	False	False	False	grey_not_a_network_block
TNFRSF19	brown	55504	TNFRSF19	unique_official_exact	True	True	True	included
PDLIM7	turquoise	9260	PDLIM7	unique_official_exact	True	True	True	included
EIF2S3	grey	1968	EIF2S3	unique_official_exact	False	False	False	grey_not_a_network_block
SPRYD3	blue	84926	SPRYD3	unique_official_exact	True	True	True	included
AP3M2	grey	10947	AP3M2	unique_official_exact	False	False	False	grey_not_a_network_block
YY1	grey	7528	YY1	unique_official_exact	False	False	False	grey_not_a_network_block
NAAA	blue	27163	NAAA	unique_official_exact	True	True	True	included
CYRIA	blue	81553	CYRIA	unique_official_exact	True	True	True	included
CYTH1	black	9267	CYTH1	unique_official_exact	True	True	True	included
FUT8	brown	2530	FUT8	unique_official_exact	True	True	True	included
SLC9A7	green	84679	SLC9A7	unique_official_exact	True	True	True	included
TMEM165	grey	55858	TMEM165	unique_official_exact	False	False	False	grey_not_a_network_block
ABCA8	brown	10351	ABCA8	unique_official_exact	True	True	True	included
PLCL1	grey	5334	PLCL1	unique_official_exact	False	False	False	grey_not_a_network_block
DHH	brown	50846	DHH	unique_official_exact	True	True	True	included
THAP9-AS1	grey	100499177	THAP9-AS1	unique_official_exact	False	False	False	grey_not_a_network_block
TMX4	red	56255	TMX4	unique_official_exact	True	True	True	included
TMEM100	grey	55273	TMEM100	unique_official_exact	False	False	False	grey_not_a_network_block
ETV5	grey	2119	ETV5	unique_official_exact	False	False	False	grey_not_a_network_block
NTRK2	yellow	4915	NTRK2	unique_official_exact	True	True	True	included
CYP4X1	turquoise	260293	CYP4X1	unique_official_exact	True	True	True	included
BNC2	green	54796	BNC2	unique_official_exact	True	True	True	included
NAA60	grey	79903	NAA60	unique_official_exact	False	False	False	grey_not_a_network_block
TMEM18	grey	129787	TMEM18	unique_official_exact	False	False	False	grey_not_a_network_block
APBB1	brown	322	APBB1	unique_official_exact	True	True	True	included
HNRNPH1	turquoise	3187	HNRNPH1	unique_official_exact	True	True	True	included
DCP2	grey	167227	DCP2	unique_official_exact	False	False	False	grey_not_a_network_block
SLC39A1	red	27173	SLC39A1	unique_official_exact	True	True	True	included
PROS1	green	5627	PROS1	unique_official_exact	True	True	True	included
CECR7	brown	100130418	CECR7	unique_official_exact	True	True	True	included
METTL17	turquoise	64745	METTL17	unique_official_exact	True	True	True	included
BRD3	green	8019	BRD3	unique_official_exact	True	True	True	included
SMARCD2	blue	6603	SMARCD2	unique_official_exact	True	True	True	included
ARNT2	brown	9915	ARNT2	unique_official_exact	True	True	True	included
ATM	turquoise	472	ATM	unique_official_exact	True	True	True	included
ALKBH3	grey	221120	ALKBH3	unique_official_exact	False	False	False	grey_not_a_network_block
KMT2B	turquoise	9757	KMT2B	unique_official_exact	True	True	True	included
NRP2	green	8828	NRP2	unique_official_exact	True	True	True	included
RPS6KA3	blue	6197	RPS6KA3	unique_official_exact	True	True	True	included
SLC30A4	grey	7782	SLC30A4	unique_official_exact	False	False	False	grey_not_a_network_block
ADGRD1	green	283383	ADGRD1	unique_official_exact	True	True	True	included
IPO8	brown	10526	IPO8	unique_official_exact	True	True	True	included
ZNF33B	turquoise	7582	ZNF33B	unique_official_exact	True	True	True	included
CTNS	turquoise	1497	CTNS	unique_official_exact	True	True	True	included
TMEM63A	turquoise	9725	TMEM63A	unique_official_exact	True	True	True	included
ABCG1	black	9619	ABCG1	unique_official_exact	True	True	True	included
ERGIC2	grey	51290	ERGIC2	unique_official_exact	False	False	False	grey_not_a_network_block
KIF3C	brown	3797	KIF3C	unique_official_exact	True	True	True	included
MTHFD1	yellow	4522	MTHFD1	unique_official_exact	True	True	True	included
ANXA3	grey	306	ANXA3	unique_official_exact	False	False	False	grey_not_a_network_block
DAPK2	turquoise	23604	DAPK2	unique_official_exact	True	True	True	included
GLI1	green	2735	GLI1	unique_official_exact	True	True	True	included
ASAH1	yellow	427	ASAH1	unique_official_exact	True	True	True	included
CYP7B1	brown	9420	CYP7B1	unique_official_exact	True	True	True	included
ENTPD7	grey	57089	ENTPD7	unique_official_exact	False	False	False	grey_not_a_network_block
PPID	grey	5481	PPID	unique_official_exact	False	False	False	grey_not_a_network_block
PDE8A	turquoise	5151	PDE8A	unique_official_exact	True	True	True	included
AFAP1L1	green	134265	AFAP1L1	unique_official_exact	True	True	True	included
SCYL2	grey	55681	SCYL2	unique_official_exact	False	False	False	grey_not_a_network_block
NYNRIN	black	57523	NYNRIN	unique_official_exact	True	True	True	included
PHKA2	turquoise	5256	PHKA2	unique_official_exact	True	True	True	included
PLEKHA8	brown	84725	PLEKHA8	unique_official_exact	True	True	True	included
MAP2K3	yellow	5606	MAP2K3	unique_official_exact	True	True	True	included
SAR1A	blue	56681	SAR1A	unique_official_exact	True	True	True	included
PHB2	grey	11331	PHB2	unique_official_exact	False	False	False	grey_not_a_network_block
C1QBP	blue	708	C1QBP	unique_official_exact	True	True	True	included
PCDHGC3	blue	5098	PCDHGC3	unique_official_exact	True	True	True	included
LMCD1	black	29995	LMCD1	unique_official_exact	True	True	True	included
GPANK1	grey	7918	GPANK1	unique_official_exact	False	False	False	grey_not_a_network_block
NAP1L2	grey	4674	NAP1L2	unique_official_exact	False	False	False	grey_not_a_network_block
REXO2	yellow	25996	REXO2	unique_official_exact	True	True	True	included
RNMT	grey	8731	RNMT	unique_official_exact	False	False	False	grey_not_a_network_block
CADPS2	grey	93664	CADPS2	unique_official_exact	False	False	False	grey_not_a_network_block
PGAP4	grey	84302	PGAP4	unique_official_exact	False	False	False	grey_not_a_network_block
CAVIN2	black	8436	CAVIN2	unique_official_exact	True	True	True	included
TTF1	grey	7270	TTF1	unique_official_exact	False	False	False	grey_not_a_network_block
SYDE2	green	84144	SYDE2	unique_official_exact	True	True	True	included
AHDC1	grey	27245	AHDC1	unique_official_exact	False	False	False	grey_not_a_network_block
PGF	grey	5228	PGF	unique_official_exact	False	False	False	grey_not_a_network_block
C14orf180	yellow	400258	C14orf180	unique_official_exact	True	True	True	included
AUTS2	brown	26053	AUTS2	unique_official_exact	True	True	True	included
CTXND1	brown	100996492	CTXND1	unique_official_exact	True	True	True	included
SREK1IP1	grey	285672	SREK1IP1	unique_official_exact	False	False	False	grey_not_a_network_block
CHST3	grey	9469	CHST3	unique_official_exact	False	False	False	grey_not_a_network_block
SLC2A4RG	grey	56731	SLC2A4RG	unique_official_exact	False	False	False	grey_not_a_network_block
RTN4	yellow	57142	RTN4	unique_official_exact	True	True	True	included
ZNHIT6	red	54680	ZNHIT6	unique_official_exact	True	True	True	included
CWC27	grey	10283	CWC27	unique_official_exact	False	False	False	grey_not_a_network_block
B4GALT1	blue	2683	B4GALT1	unique_official_exact	True	True	True	included
RRAD	grey	6236	RRAD	unique_official_exact	False	False	False	grey_not_a_network_block
ZNF469	blue	84627	ZNF469	unique_official_exact	True	True	True	included
PLSCR1	grey	5359	PLSCR1	unique_official_exact	False	False	False	grey_not_a_network_block
TJP1	green	7082	TJP1	unique_official_exact	True	True	True	included
RFTN2	brown	130132	RFTN2	unique_official_exact	True	True	True	included
RIC8B	grey	55188	RIC8B	unique_official_exact	False	False	False	grey_not_a_network_block
ZZZ3	green	26009	ZZZ3	unique_official_exact	True	True	True	included
CYC1	yellow	1537	CYC1	unique_official_exact	True	True	True	included
ATP8B1	pink	5205	ATP8B1	unique_official_exact	True	True	True	included
DACT3	grey	147906	DACT3	unique_official_exact	False	False	False	grey_not_a_network_block
CCDC91	grey	55297	CCDC91	unique_official_exact	False	False	False	grey_not_a_network_block
KCTD15	pink	79047	KCTD15	unique_official_exact	True	True	True	included
ABHD15	yellow	116236	ABHD15	unique_official_exact	True	True	True	included
PSMA7	grey	5688	PSMA7	unique_official_exact	False	False	False	grey_not_a_network_block
GCA	grey	25801	GCA	unique_official_exact	False	False	False	grey_not_a_network_block
BOD1L1	turquoise	259282	BOD1L1	unique_official_exact	True	True	True	included
SLC71A1	grey	64645	SLC71A1	unique_official_exact	False	False	False	grey_not_a_network_block
TMEM120A	grey	83862	TMEM120A	unique_official_exact	False	False	False	grey_not_a_network_block
CCDC51	green	79714	CCDC51	unique_official_exact	True	True	True	included
TTC33	grey	23548	TTC33	unique_official_exact	False	False	False	grey_not_a_network_block
C2CD5	turquoise	9847	C2CD5	unique_official_exact	True	True	True	included
CMIP	black	80790	CMIP	unique_official_exact	True	True	True	included
DOK5	green	55816	DOK5	unique_official_exact	True	True	True	included
NABP1	magenta	64859	NABP1	unique_official_exact	True	True	True	included
ATP6AP1	grey	537	ATP6AP1	unique_official_exact	False	False	False	grey_not_a_network_block
CSAD	turquoise	51380	CSAD	unique_official_exact	True	True	True	included
EXTL1	brown	2134	EXTL1	unique_official_exact	True	True	True	included
FAP	blue	2191	FAP	unique_official_exact	True	True	True	included
VPS11	grey	55823	VPS11	unique_official_exact	False	False	False	grey_not_a_network_block
PON2	grey	5445	PON2	unique_official_exact	False	False	False	grey_not_a_network_block
LRP5	magenta	4041	LRP5	unique_official_exact	True	True	True	included
ATP10A	turquoise	57194	ATP10A	unique_official_exact	True	True	True	included
ATP2A3	black	489	ATP2A3	unique_official_exact	True	True	True	included
UIMC1	turquoise	51720	UIMC1	unique_official_exact	True	True	True	included
FOXO1	grey	2308	FOXO1	unique_official_exact	False	False	False	grey_not_a_network_block
CTSO	blue	1519	CTSO	unique_official_exact	True	True	True	included
YJU2B	turquoise	81576	YJU2B	unique_official_exact	True	True	True	included
SLBP	grey	7884	SLBP	unique_official_exact	False	False	False	grey_not_a_network_block
ASPA	brown	443	ASPA	unique_official_exact	True	True	True	included
TRRAP	turquoise	8295	TRRAP	unique_official_exact	True	True	True	included
H1-2	grey	3006	H1-2	unique_official_exact	False	False	False	grey_not_a_network_block
ENTPD4	turquoise	9583	ENTPD4	unique_official_exact	True	True	True	included
GLS	turquoise	2744	GLS	unique_official_exact	True	True	True	included
PADI2	brown	11240	PADI2	unique_official_exact	True	True	True	included
CHST11	blue	50515	CHST11	unique_official_exact	True	True	True	included
CLNS1A	grey	1207	CLNS1A	unique_official_exact	False	False	False	grey_not_a_network_block
ZMYM1	grey	79830	ZMYM1	unique_official_exact	False	False	False	grey_not_a_network_block
ADCY7	blue	113	ADCY7	unique_official_exact	True	True	True	included
CEMIP2	grey	23670	CEMIP2	unique_official_exact	False	False	False	grey_not_a_network_block
C6orf120	grey	387263	C6orf120	unique_official_exact	False	False	False	grey_not_a_network_block
FASTKD2	grey	22868	FASTKD2	unique_official_exact	False	False	False	grey_not_a_network_block
DHRS7	red	51635	DHRS7	unique_official_exact	True	True	True	included
MOB2	grey	81532	MOB2	unique_official_exact	False	False	False	grey_not_a_network_block
GTPBP2	magenta	54676	GTPBP2	unique_official_exact	True	True	True	included
ZNF91	grey	7644	ZNF91	unique_official_exact	False	False	False	grey_not_a_network_block
IGSF3	red	3321	IGSF3	unique_official_exact	True	True	True	included
DTX3	turquoise	196403	DTX3	unique_official_exact	True	True	True	included
GIMAP1	black	170575	GIMAP1	unique_official_exact	True	True	True	included
SPIDR	turquoise	23514	SPIDR	unique_official_exact	True	True	True	included
MYH10	yellow	4628	MYH10	unique_official_exact	True	True	True	included
SMG1	turquoise	23049	SMG1	unique_official_exact	True	True	True	included
BTN3A1	grey	11119	BTN3A1	unique_official_exact	False	False	False	grey_not_a_network_block
SBDS	grey	51119	SBDS	unique_official_exact	False	False	False	grey_not_a_network_block
ZNF204P	turquoise	7754	ZNF204P	unique_official_exact	True	True	True	included
BRF1	turquoise	2972	BRF1	unique_official_exact	True	True	True	included
FNBP4	turquoise	23360	FNBP4	unique_official_exact	True	True	True	included
APOBEC3C	red	27350	APOBEC3C	unique_official_exact	True	True	True	included
TYK2	turquoise	7297	TYK2	unique_official_exact	True	True	True	included
SRXN1	blue	140809	SRXN1	unique_official_exact	True	True	True	included
OSBPL10	black	114884	OSBPL10	unique_official_exact	True	True	True	included
PLEKHO1	grey	51177	PLEKHO1	unique_official_exact	False	False	False	grey_not_a_network_block
CDC123	blue	8872	CDC123	unique_official_exact	True	True	True	included
FNTA	brown	2339	FNTA	unique_official_exact	True	True	True	included
ERBIN	brown	55914	ERBIN	unique_official_exact	True	True	True	included
HEPACAM	yellow	220296	HEPACAM	unique_official_exact	True	True	True	included
ALDH18A1	grey	5832	ALDH18A1	unique_official_exact	False	False	False	grey_not_a_network_block
EZR	green	7430	EZR	unique_official_exact	True	True	True	included
CEP70	grey	80321	CEP70	unique_official_exact	False	False	False	grey_not_a_network_block
FOSL2	yellow	2355	FOSL2	unique_official_exact	True	True	True	included
TMEM9	grey	252839	TMEM9	unique_official_exact	False	False	False	grey_not_a_network_block
RPL34	grey	6164	RPL34	unique_official_exact	False	False	False	grey_not_a_network_block
RIN3	grey	79890	RIN3	unique_official_exact	False	False	False	grey_not_a_network_block
RPAP2	turquoise	79871	RPAP2	unique_official_exact	True	True	True	included
ZNF354B	grey	117608	ZNF354B	unique_official_exact	False	False	False	grey_not_a_network_block
GPR108	grey	56927	GPR108	unique_official_exact	False	False	False	grey_not_a_network_block
CBX1	grey	10951	CBX1	unique_official_exact	False	False	False	grey_not_a_network_block
SNORA53	grey	677832	SNORA53	unique_official_exact	False	False	False	grey_not_a_network_block
IARS2	yellow	55699	IARS2	unique_official_exact	True	True	True	included
ANKRD20A12P	turquoise	100874392	ANKRD20A12P	unique_official_exact	True	True	True	included
FAM20A	grey	54757	FAM20A	unique_official_exact	False	False	False	grey_not_a_network_block
TP53I11	pink	9537	TP53I11	unique_official_exact	True	True	True	included
PLCXD3	blue	345557	PLCXD3	unique_official_exact	True	True	True	included
UHRF2	turquoise	115426	UHRF2	unique_official_exact	True	True	True	included
ZMAT3	red	64393	ZMAT3	unique_official_exact	True	True	True	included
ENC1	blue	8507	ENC1	unique_official_exact	True	True	True	included
NUAK1	green	9891	NUAK1	unique_official_exact	True	True	True	included
ZNF471	turquoise	57573	ZNF471	unique_official_exact	True	True	True	included
LINC02693	blue	339263	LINC02693	unique_official_exact	True	True	True	included
LOXL2	yellow	4017	LOXL2	unique_official_exact	True	True	True	included
ZFP28	turquoise	140612	ZFP28	unique_official_exact	True	True	True	included
ERO1A	grey	30001	ERO1A	unique_official_exact	False	False	False	grey_not_a_network_block
COQ8A	magenta	56997	COQ8A	unique_official_exact	True	True	True	included
LETR1	green	400456	LETR1	unique_official_exact	True	True	True	included
SH3BP4	black	23677	SH3BP4	unique_official_exact	True	True	True	included
ADK	grey	132	ADK	unique_official_exact	False	False	False	grey_not_a_network_block
MOB3B	grey	79817	MOB3B	unique_official_exact	False	False	False	grey_not_a_network_block
TTC13	turquoise	79573	TTC13	unique_official_exact	True	True	True	included
B3GLCT	blue	145173	B3GLCT	unique_official_exact	True	True	True	included
GPR161	grey	23432	GPR161	unique_official_exact	False	False	False	grey_not_a_network_block
HEYL	pink	26508	HEYL	unique_official_exact	True	True	True	included
PTK2B	grey	2185	PTK2B	unique_official_exact	False	False	False	grey_not_a_network_block
MARCHF8	yellow	220972	MARCHF8	unique_official_exact	True	True	True	included
MOGS	grey	7841	MOGS	unique_official_exact	False	False	False	grey_not_a_network_block
NCAPD2	grey	9918	NCAPD2	unique_official_exact	False	False	False	grey_not_a_network_block
SH3BP5L	grey	80851	SH3BP5L	unique_official_exact	False	False	False	grey_not_a_network_block
PLPP1	yellow	8611	PLPP1	unique_official_exact	True	True	True	included
MPHOSPH8	turquoise	54737	MPHOSPH8	unique_official_exact	True	True	True	included
B4GALNT3	brown	283358	B4GALNT3	unique_official_exact	True	True	True	included
LRRC8B	brown	23507	LRRC8B	unique_official_exact	True	True	True	included
RNF216P1	turquoise	441191	RNF216P1	unique_official_exact	True	True	True	included
LRRC42	green	115353	LRRC42	unique_official_exact	True	True	True	included
LYSMD3	grey	116068	LYSMD3	unique_official_exact	False	False	False	grey_not_a_network_block
KAT8	grey	84148	KAT8	unique_official_exact	False	False	False	grey_not_a_network_block
NCK1	grey	4690	NCK1	unique_official_exact	False	False	False	grey_not_a_network_block
ACTR10	grey	55860	ACTR10	unique_official_exact	False	False	False	grey_not_a_network_block
INHBA	red	3624	INHBA	unique_official_exact	True	True	True	included
IFT22	grey	64792	IFT22	unique_official_exact	False	False	False	grey_not_a_network_block
ERLIN2	grey	11160	ERLIN2	unique_official_exact	False	False	False	grey_not_a_network_block
TALDO1	yellow	6888	TALDO1	unique_official_exact	True	True	True	included
VEZF1	red	7716	VEZF1	unique_official_exact	True	True	True	included
SYBU	grey	55638	SYBU	unique_official_exact	False	False	False	grey_not_a_network_block
AKAP1	black	8165	AKAP1	unique_official_exact	True	True	True	included
ZC2HC1A	grey	51101	ZC2HC1A	unique_official_exact	False	False	False	grey_not_a_network_block
ATG12	grey	9140	ATG12	unique_official_exact	False	False	False	grey_not_a_network_block
CPLANE1	turquoise	65250	CPLANE1	unique_official_exact	True	True	True	included
ORAI2	blue	80228	ORAI2	unique_official_exact	True	True	True	included
BCL6	grey	604	BCL6	unique_official_exact	False	False	False	grey_not_a_network_block
XPA	grey	7507	XPA	unique_official_exact	False	False	False	grey_not_a_network_block
SMARCB1	red	6598	SMARCB1	unique_official_exact	True	True	True	included
PDIA5	grey	10954	PDIA5	unique_official_exact	False	False	False	grey_not_a_network_block
ZCCHC8	grey	55596	ZCCHC8	unique_official_exact	False	False	False	grey_not_a_network_block
SMCHD1	turquoise	23347	SMCHD1	unique_official_exact	True	True	True	included
OAZ1	blue	4946	OAZ1	unique_official_exact	True	True	True	included
COL5A1	grey	1289	COL5A1	unique_official_exact	False	False	False	grey_not_a_network_block
TMEM87A	grey	25963	TMEM87A	unique_official_exact	False	False	False	grey_not_a_network_block
FAT4	pink	79633	FAT4	unique_official_exact	True	True	True	included
SYNRG	grey	11276	SYNRG	unique_official_exact	False	False	False	grey_not_a_network_block
GOPC	grey	57120	GOPC	unique_official_exact	False	False	False	grey_not_a_network_block
HMG20A	green	10363	HMG20A	unique_official_exact	True	True	True	included
RPL23AP53	grey	644128	RPL23AP53	unique_official_exact	False	False	False	grey_not_a_network_block
ZNF721	turquoise	170960	ZNF721	unique_official_exact	True	True	True	included
ZNF655	turquoise	79027	ZNF655	unique_official_exact	True	True	True	included
PAMR1	red	25891	PAMR1	unique_official_exact	True	True	True	included
HEBP1	grey	50865	HEBP1	unique_official_exact	False	False	False	grey_not_a_network_block
MAGI2	turquoise	9863	MAGI2	unique_official_exact	True	True	True	included
PABPC1	blue	26986	PABPC1	unique_official_exact	True	True	True	included
TNK2	turquoise	10188	TNK2	unique_official_exact	True	True	True	included
IDH2	blue	3418	IDH2	unique_official_exact	True	True	True	included
TTC39C	blue	125488	TTC39C	unique_official_exact	True	True	True	included
TTC9	brown	23508	TTC9	unique_official_exact	True	True	True	included
LRATD2	black	157638	LRATD2	unique_official_exact	True	True	True	included
LINC00924	red	145820	LINC00924	unique_official_exact	True	True	True	included
HES1	green	3280	HES1	unique_official_exact	True	True	True	included
FES	grey	2242	FES	unique_official_exact	False	False	False	grey_not_a_network_block
TEF	grey	7008	TEF	unique_official_exact	False	False	False	grey_not_a_network_block
RUBCN	brown	9711	RUBCN	unique_official_exact	True	True	True	included
LHCGR	turquoise	3973	LHCGR	unique_official_exact	True	True	True	included
ITFG2	turquoise	55846	ITFG2	unique_official_exact	True	True	True	included
ZBTB37	grey	84614	ZBTB37	unique_official_exact	False	False	False	grey_not_a_network_block
SCRN3	grey	79634	SCRN3	unique_official_exact	False	False	False	grey_not_a_network_block
CMAHP	grey	8418	CMAHP	unique_official_exact	False	False	False	grey_not_a_network_block
EGLN3	grey	112399	EGLN3	unique_official_exact	False	False	False	grey_not_a_network_block
PTP4A3	turquoise	11156	PTP4A3	unique_official_exact	True	True	True	included
TIAM1	brown	7074	TIAM1	unique_official_exact	True	True	True	included
LOC100506474	turquoise	100506474	LOC100506474	unique_official_exact	True	True	True	included
CCDC149	brown	91050	CCDC149	unique_official_exact	True	True	True	included
LPCAT2	red	54947	LPCAT2	unique_official_exact	True	True	True	included
DDAH2	grey	23564	DDAH2	unique_official_exact	False	False	False	grey_not_a_network_block
EBF3	yellow	253738	EBF3	unique_official_exact	True	True	True	included
HDGFL3	red	50810	HDGFL3	unique_official_exact	True	True	True	included
CCDC92	yellow	80212	CCDC92	unique_official_exact	True	True	True	included
H1-10	grey	8971	H1-10	unique_official_exact	False	False	False	grey_not_a_network_block
TCF25	grey	22980	TCF25	unique_official_exact	False	False	False	grey_not_a_network_block
METTL3	turquoise	56339	METTL3	unique_official_exact	True	True	True	included
P4HA2	brown	8974	P4HA2	unique_official_exact	True	True	True	included
UCHL1	yellow	7345	UCHL1	unique_official_exact	True	True	True	included
UBN2	turquoise	254048	UBN2	unique_official_exact	True	True	True	included
C19orf12	yellow	83636	C19orf12	unique_official_exact	True	True	True	included
GUCY1B1	grey	2983	GUCY1B1	unique_official_exact	False	False	False	grey_not_a_network_block
KCNAB1	pink	7881	KCNAB1	unique_official_exact	True	True	True	included
PSD3	green	23362	PSD3	unique_official_exact	True	True	True	included
CASP3	grey	836	CASP3	unique_official_exact	False	False	False	grey_not_a_network_block
FCGR2A	blue	2212	FCGR2A	unique_official_exact	True	True	True	included
FPR3	blue	2359	FPR3	unique_official_exact	True	True	True	included
INPP5F	brown	22876	INPP5F	unique_official_exact	True	True	True	included
FBLIM1	pink	54751	FBLIM1	unique_official_exact	True	True	True	included
RDH11	grey	51109	RDH11	unique_official_exact	False	False	False	grey_not_a_network_block
LOC155060	turquoise	155060	LOC155060	unique_official_exact	True	True	True	included
PSMD13	grey	5719	PSMD13	unique_official_exact	False	False	False	grey_not_a_network_block
GEMIN5	grey	25929	GEMIN5	unique_official_exact	False	False	False	grey_not_a_network_block
LDHA	yellow	3939	LDHA	unique_official_exact	True	True	True	included
MFSD8	grey	256471	MFSD8	unique_official_exact	False	False	False	grey_not_a_network_block
TCN2	grey	6948	TCN2	unique_official_exact	False	False	False	grey_not_a_network_block
ACAD10	grey	80724	ACAD10	unique_official_exact	False	False	False	grey_not_a_network_block
FURIN	yellow	5045	FURIN	unique_official_exact	True	True	True	included
BCAR1	black	9564	BCAR1	unique_official_exact	True	True	True	included
DGKD	turquoise	8527	DGKD	unique_official_exact	True	True	True	included
DDX11	turquoise	1663	DDX11	unique_official_exact	True	True	True	included
FZD5	yellow	7855	FZD5	unique_official_exact	True	True	True	included
MALL	yellow	7851	MALL	unique_official_exact	True	True	True	included
TNS2	turquoise	23371	TNS2	unique_official_exact	True	True	True	included
GARNL3	turquoise	84253	GARNL3	unique_official_exact	True	True	True	included
PLAC9	yellow	219348	PLAC9	unique_official_exact	True	True	True	included
NBPF1	grey	55672	NBPF1	unique_official_exact	False	False	False	grey_not_a_network_block
RNF44	grey	22838	RNF44	unique_official_exact	False	False	False	grey_not_a_network_block
GLTP	brown	51228	GLTP	unique_official_exact	True	True	True	included
OPHN1	turquoise	4983	OPHN1	unique_official_exact	True	True	True	included
RPN1	blue	6184	RPN1	unique_official_exact	True	True	True	included
PKIG	black	11142	PKIG	unique_official_exact	True	True	True	included
H3-3B	brown	3021	H3-3B	unique_official_exact	True	True	True	included
EIF2B3	grey	8891	EIF2B3	unique_official_exact	False	False	False	grey_not_a_network_block
ALKBH8	grey	91801	ALKBH8	unique_official_exact	False	False	False	grey_not_a_network_block
ZBTB8A	turquoise	653121	ZBTB8A	unique_official_exact	True	True	True	included
LINC00989	grey	100506035	LINC00989	unique_official_exact	False	False	False	grey_not_a_network_block
CRAMP1	turquoise	57585	CRAMP1	unique_official_exact	True	True	True	included
FAM193A	turquoise	8603	FAM193A	unique_official_exact	True	True	True	included
HNRNPDL	grey	9987	HNRNPDL	unique_official_exact	False	False	False	grey_not_a_network_block
FN3K	brown	64122	FN3K	unique_official_exact	True	True	True	included
SPECC1L	grey	23384	SPECC1L	unique_official_exact	False	False	False	grey_not_a_network_block
STAT2	turquoise	6773	STAT2	unique_official_exact	True	True	True	included
ATP8B4	yellow	79895	ATP8B4	unique_official_exact	True	True	True	included
HS6ST1	green	9394	HS6ST1	unique_official_exact	True	True	True	included
WDR44	grey	54521	WDR44	unique_official_exact	False	False	False	grey_not_a_network_block
NOL9	grey	79707	NOL9	unique_official_exact	False	False	False	grey_not_a_network_block
MIR568	grey	693153	MIR568	unique_official_exact	False	False	False	grey_not_a_network_block
RAP2A	grey	5911	RAP2A	unique_official_exact	False	False	False	grey_not_a_network_block
MTURN	brown	222166	MTURN	unique_official_exact	True	True	True	included
TBC1D32	turquoise	221322	TBC1D32	unique_official_exact	True	True	True	included
MRS2	grey	57380	MRS2	unique_official_exact	False	False	False	grey_not_a_network_block
MMRN2	black	79812	MMRN2	unique_official_exact	True	True	True	included
ANKRD27	grey	84079	ANKRD27	unique_official_exact	False	False	False	grey_not_a_network_block
ATP9A	yellow	10079	ATP9A	unique_official_exact	True	True	True	included
TMEM131L	magenta	23240	TMEM131L	unique_official_exact	True	True	True	included
SH3YL1	grey	26751	SH3YL1	unique_official_exact	False	False	False	grey_not_a_network_block
NUMB	green	8650	NUMB	unique_official_exact	True	True	True	included
CUEDC2	grey	79004	CUEDC2	unique_official_exact	False	False	False	grey_not_a_network_block
SMC2	grey	10592	SMC2	unique_official_exact	False	False	False	grey_not_a_network_block
PISD	yellow	23761	PISD	unique_official_exact	True	True	True	included
SLC41A1	brown	254428	SLC41A1	unique_official_exact	True	True	True	included
ZFC3H1	turquoise	196441	ZFC3H1	unique_official_exact	True	True	True	included
ITGA9	grey	3680	ITGA9	unique_official_exact	False	False	False	grey_not_a_network_block
DHFR2	grey	200895	DHFR2	unique_official_exact	False	False	False	grey_not_a_network_block
SOX4	grey	6659	SOX4	unique_official_exact	False	False	False	grey_not_a_network_block
CD44	yellow	960	CD44	unique_official_exact	True	True	True	included
BUD31	grey	8896	BUD31	unique_official_exact	False	False	False	grey_not_a_network_block
SRP14	grey	6727	SRP14	unique_official_exact	False	False	False	grey_not_a_network_block
SPRY2	red	10253	SPRY2	unique_official_exact	True	True	True	included
CEBPZ	grey	10153	CEBPZ	unique_official_exact	False	False	False	grey_not_a_network_block
WDR90	turquoise	197335	WDR90	unique_official_exact	True	True	True	included
ETFA	grey	2108	ETFA	unique_official_exact	False	False	False	grey_not_a_network_block
SRBD1	green	55133	SRBD1	unique_official_exact	True	True	True	included
MYOT	brown	9499	MYOT	unique_official_exact	True	True	True	included
LMO3	yellow	55885	LMO3	unique_official_exact	True	True	True	included
FANCC	turquoise	2176	FANCC	unique_official_exact	True	True	True	included
SH2B3	blue	10019	SH2B3	unique_official_exact	True	True	True	included
ANP32E	grey	81611	ANP32E	unique_official_exact	False	False	False	grey_not_a_network_block
UBE2A	yellow	7319	UBE2A	unique_official_exact	True	True	True	included
PSMA1	grey	5682	PSMA1	unique_official_exact	False	False	False	grey_not_a_network_block
ACADL	grey	33	ACADL	unique_official_exact	False	False	False	grey_not_a_network_block
AAMP	grey	14	AAMP	unique_official_exact	False	False	False	grey_not_a_network_block
DPY19L3	brown	147991	DPY19L3	unique_official_exact	True	True	True	included
FAR1	grey	84188	FAR1	unique_official_exact	False	False	False	grey_not_a_network_block
OTUD7B	brown	56957	OTUD7B	unique_official_exact	True	True	True	included
OAF	green	220323	OAF	unique_official_exact	True	True	True	included
PCDH19	pink	57526	PCDH19	unique_official_exact	True	True	True	included
RBM25	turquoise	58517	RBM25	unique_official_exact	True	True	True	included
ZKSCAN5	grey	23660	ZKSCAN5	unique_official_exact	False	False	False	grey_not_a_network_block
C3AR1	blue	719	C3AR1	unique_official_exact	True	True	True	included
GPD1L	grey	23171	GPD1L	unique_official_exact	False	False	False	grey_not_a_network_block
IFI30	blue	10437	IFI30	unique_official_exact	True	True	True	included
GPD2	grey	2820	GPD2	unique_official_exact	False	False	False	grey_not_a_network_block
BMPER	yellow	168667	BMPER	unique_official_exact	True	True	True	included
PEX5	blue	5830	PEX5	unique_official_exact	True	True	True	included
CLSTN3	grey	9746	CLSTN3	unique_official_exact	False	False	False	grey_not_a_network_block
GVINP1	grey	387751	GVINP1	unique_official_exact	False	False	False	grey_not_a_network_block
ARHGEF17	turquoise	9828	ARHGEF17	unique_official_exact	True	True	True	included
YOD1	grey	55432	YOD1	unique_official_exact	False	False	False	grey_not_a_network_block
MYADM	yellow	91663	MYADM	unique_official_exact	True	True	True	included
TPCN2	turquoise	219931	TPCN2	unique_official_exact	True	True	True	included
EFCAB13	turquoise	124989	EFCAB13	unique_official_exact	True	True	True	included
KLHL3	turquoise	26249	KLHL3	unique_official_exact	True	True	True	included
TNFAIP3	grey	7128	TNFAIP3	unique_official_exact	False	False	False	grey_not_a_network_block
RBM27	grey	54439	RBM27	unique_official_exact	False	False	False	grey_not_a_network_block
ZNF385D	yellow	79750	ZNF385D	unique_official_exact	True	True	True	included
TNFRSF1A	blue	7132	TNFRSF1A	unique_official_exact	True	True	True	included
CHN1	grey	1123	CHN1	unique_official_exact	False	False	False	grey_not_a_network_block
RPS6KA4	grey	8986	RPS6KA4	unique_official_exact	False	False	False	grey_not_a_network_block
SLC4A4	grey	8671	SLC4A4	unique_official_exact	False	False	False	grey_not_a_network_block
B3GNT9	grey	84752	B3GNT9	unique_official_exact	False	False	False	grey_not_a_network_block
NCBP1	grey	4686	NCBP1	unique_official_exact	False	False	False	grey_not_a_network_block
TBCEL	grey	219899	TBCEL	unique_official_exact	False	False	False	grey_not_a_network_block
TGFBR1	blue	7046	TGFBR1	unique_official_exact	True	True	True	included
PEX19	yellow	5824	PEX19	unique_official_exact	True	True	True	included
HAGH	grey	3029	HAGH	unique_official_exact	False	False	False	grey_not_a_network_block
FGFR1OP2	grey	26127	FGFR1OP2	unique_official_exact	False	False	False	grey_not_a_network_block
REV1	grey	51455	REV1	unique_official_exact	False	False	False	grey_not_a_network_block
PAPPA	brown	5069	PAPPA	unique_official_exact	True	True	True	included
PCDHGA10	grey	56106	PCDHGA10	unique_official_exact	False	False	False	grey_not_a_network_block
RNF24	blue	11237	RNF24	unique_official_exact	True	True	True	included
SLC16A2	grey	6567	SLC16A2	unique_official_exact	False	False	False	grey_not_a_network_block
SDHB	grey	6390	SDHB	unique_official_exact	False	False	False	grey_not_a_network_block
METTL14	grey	57721	METTL14	unique_official_exact	False	False	False	grey_not_a_network_block
PTGR1	grey	22949	PTGR1	unique_official_exact	False	False	False	grey_not_a_network_block
RRAS2	grey	22800	RRAS2	unique_official_exact	False	False	False	grey_not_a_network_block
DENND6A	grey	201627	DENND6A	unique_official_exact	False	False	False	grey_not_a_network_block
HLF	grey	3131	HLF	unique_official_exact	False	False	False	grey_not_a_network_block
CYBA	blue	1535	CYBA	unique_official_exact	True	True	True	included
CPXM1	red	56265	CPXM1	unique_official_exact	True	True	True	included
USP1	grey	7398	USP1	unique_official_exact	False	False	False	grey_not_a_network_block
BASP1	blue	10409	BASP1	unique_official_exact	True	True	True	included
SERTAD4	grey	56256	SERTAD4	unique_official_exact	False	False	False	grey_not_a_network_block
NEMF	turquoise	9147	NEMF	unique_official_exact	True	True	True	included
PXK	grey	54899	PXK	unique_official_exact	False	False	False	grey_not_a_network_block
PRKD2	black	25865	PRKD2	unique_official_exact	True	True	True	included
ARHGEF40	grey	55701	ARHGEF40	unique_official_exact	False	False	False	grey_not_a_network_block
ELMOD2	blue	255520	ELMOD2	unique_official_exact	True	True	True	included
SHROOM2	grey	357	SHROOM2	unique_official_exact	False	False	False	grey_not_a_network_block
FAS	grey	355	FAS	unique_official_exact	False	False	False	grey_not_a_network_block
TAF1B	grey	9014	TAF1B	unique_official_exact	False	False	False	grey_not_a_network_block
ZNF248	grey	57209	ZNF248	unique_official_exact	False	False	False	grey_not_a_network_block
AP2S1	blue	1175	AP2S1	unique_official_exact	True	True	True	included
KLF11	grey	8462	KLF11	unique_official_exact	False	False	False	grey_not_a_network_block
LASP1	yellow	3927	LASP1	unique_official_exact	True	True	True	included
ZNF462	brown	58499	ZNF462	unique_official_exact	True	True	True	included
TFPI	red	7035	TFPI	unique_official_exact	True	True	True	included
CDH2	brown	1000	CDH2	unique_official_exact	True	True	True	included
ZNF326	grey	284695	ZNF326	unique_official_exact	False	False	False	grey_not_a_network_block
CD86	blue	942	CD86	unique_official_exact	True	True	True	included
MSANTD4	grey	84437	MSANTD4	unique_official_exact	False	False	False	grey_not_a_network_block
TRPM3	brown	80036	TRPM3	unique_official_exact	True	True	True	included
ZNF841	turquoise	284371	ZNF841	unique_official_exact	True	True	True	included
LINC01239	magenta	441389	LINC01239	unique_official_exact	True	True	True	included
ZNF281	grey	23528	ZNF281	unique_official_exact	False	False	False	grey_not_a_network_block
TMEM154	blue	201799	TMEM154	unique_official_exact	True	True	True	included
WDFY2	turquoise	115825	WDFY2	unique_official_exact	True	True	True	included
PTAFR	blue	5724	PTAFR	unique_official_exact	True	True	True	included
TMED3	red	23423	TMED3	unique_official_exact	True	True	True	included
AK9	turquoise	221264	AK9	unique_official_exact	True	True	True	included
EEA1	grey	8411	EEA1	unique_official_exact	False	False	False	grey_not_a_network_block
PRPF3	turquoise	9129	PRPF3	unique_official_exact	True	True	True	included
RUNDC3B	turquoise	154661	RUNDC3B	unique_official_exact	True	True	True	included
BAZ2B	turquoise	29994	BAZ2B	unique_official_exact	True	True	True	included
ZMPSTE24	red	10269	ZMPSTE24	unique_official_exact	True	True	True	included
RBAK	grey	57786	RBAK	unique_official_exact	False	False	False	grey_not_a_network_block
TMOD1	green	7111	TMOD1	unique_official_exact	True	True	True	included
ZXDB	grey	158586	ZXDB	unique_official_exact	False	False	False	grey_not_a_network_block
NAB2	green	4665	NAB2	unique_official_exact	True	True	True	included
H1-0	red	3005	H1-0	unique_official_exact	True	True	True	included
KIAA1671	green	85379	KIAA1671	unique_official_exact	True	True	True	included
TNFAIP1	grey	7126	TNFAIP1	unique_official_exact	False	False	False	grey_not_a_network_block
ZNF493	turquoise	284443	ZNF493	unique_official_exact	True	True	True	included
MFSD1	blue	64747	MFSD1	unique_official_exact	True	True	True	included
SOX12	brown	6666	SOX12	unique_official_exact	True	True	True	included
STARD8	grey	9754	STARD8	unique_official_exact	False	False	False	grey_not_a_network_block
CASTOR2	red	729438	CASTOR2	unique_official_exact	True	True	True	included
AOPEP	turquoise	84909	AOPEP	unique_official_exact	True	True	True	included
PRKAB2	grey	5565	PRKAB2	unique_official_exact	False	False	False	grey_not_a_network_block
RGS3	yellow	5998	RGS3	unique_official_exact	True	True	True	included
GNG11	black	2791	GNG11	unique_official_exact	True	True	True	included
NOL10	grey	79954	NOL10	unique_official_exact	False	False	False	grey_not_a_network_block
PUS7L	grey	83448	PUS7L	unique_official_exact	False	False	False	grey_not_a_network_block
SUFU	brown	51684	SUFU	unique_official_exact	True	True	True	included
ATL1	brown	51062	ATL1	unique_official_exact	True	True	True	included
RORA	grey	6095	RORA	unique_official_exact	False	False	False	grey_not_a_network_block
RMP64	grey	25871	RMP64	unique_official_exact	False	False	False	grey_not_a_network_block
APPL1	red	26060	APPL1	unique_official_exact	True	True	True	included
CEP164	turquoise	22897	CEP164	unique_official_exact	True	True	True	included
RXRG	brown	6258	RXRG	unique_official_exact	True	True	True	included
ZNF567	grey	163081	ZNF567	unique_official_exact	False	False	False	grey_not_a_network_block
NCKIPSD	grey	51517	NCKIPSD	unique_official_exact	False	False	False	grey_not_a_network_block
SUSD6	green	9766	SUSD6	unique_official_exact	True	True	True	included
HOXA10	grey	3206	HOXA10	unique_official_exact	False	False	False	grey_not_a_network_block
NELFB	grey	25920	NELFB	unique_official_exact	False	False	False	grey_not_a_network_block
PHLPP2	grey	23035	PHLPP2	unique_official_exact	False	False	False	grey_not_a_network_block
DNAJC1	grey	64215	DNAJC1	unique_official_exact	False	False	False	grey_not_a_network_block
FLNB	green	2317	FLNB	unique_official_exact	True	True	True	included
EPDR1	grey	54749	EPDR1	unique_official_exact	False	False	False	grey_not_a_network_block
IFIT2	brown	3433	IFIT2	unique_official_exact	True	True	True	included
SULT1A1	yellow	6817	SULT1A1	unique_official_exact	True	True	True	included
PUDP	red	8226	PUDP	unique_official_exact	True	True	True	included
ITGB1BP1	yellow	9270	ITGB1BP1	unique_official_exact	True	True	True	included
TSPAN2	pink	10100	TSPAN2	unique_official_exact	True	True	True	included
LEMD2	turquoise	221496	LEMD2	unique_official_exact	True	True	True	included
PCNT	turquoise	5116	PCNT	unique_official_exact	True	True	True	included
CD300LG	yellow	146894	CD300LG	unique_official_exact	True	True	True	included
LRRC59	blue	55379	LRRC59	unique_official_exact	True	True	True	included
MTMR6	blue	9107	MTMR6	unique_official_exact	True	True	True	included
YES1	blue	7525	YES1	unique_official_exact	True	True	True	included
RAPGEF6	turquoise	51735	RAPGEF6	unique_official_exact	True	True	True	included
HSPA2	brown	3306	HSPA2	unique_official_exact	True	True	True	included
DOCK9	turquoise	23348	DOCK9	unique_official_exact	True	True	True	included
CLCC1	grey	23155	CLCC1	unique_official_exact	False	False	False	grey_not_a_network_block
FMN1	blue	342184	FMN1	unique_official_exact	True	True	True	included
SMAD1	grey	4086	SMAD1	unique_official_exact	False	False	False	grey_not_a_network_block
DDX31	turquoise	64794	DDX31	unique_official_exact	True	True	True	included
RRN3	grey	54700	RRN3	unique_official_exact	False	False	False	grey_not_a_network_block
IFIH1	grey	64135	IFIH1	unique_official_exact	False	False	False	grey_not_a_network_block
CHFR	turquoise	55743	CHFR	unique_official_exact	True	True	True	included
SKA2	brown	348235	SKA2	unique_official_exact	True	True	True	included
POLE3	red	54107	POLE3	unique_official_exact	True	True	True	included
ZDHHC20	grey	253832	ZDHHC20	unique_official_exact	False	False	False	grey_not_a_network_block
ATP2C1	grey	27032	ATP2C1	unique_official_exact	False	False	False	grey_not_a_network_block
KLF6	brown	1316	KLF6	unique_official_exact	True	True	True	included
TMEM175	turquoise	84286	TMEM175	unique_official_exact	True	True	True	included
ATG16L2	turquoise	89849	ATG16L2	unique_official_exact	True	True	True	included
ZNF514	turquoise	84874	ZNF514	unique_official_exact	True	True	True	included
GAS6	red	2621	GAS6	unique_official_exact	True	True	True	included
BTBD9	grey	114781	BTBD9	unique_official_exact	False	False	False	grey_not_a_network_block
NBN	grey	4683	NBN	unique_official_exact	False	False	False	grey_not_a_network_block
TMEM209	grey	84928	TMEM209	unique_official_exact	False	False	False	grey_not_a_network_block
CHAMP1	blue	283489	CHAMP1	unique_official_exact	True	True	True	included
MROH1	turquoise	727957	MROH1	unique_official_exact	True	True	True	included
SREK1	turquoise	140890	SREK1	unique_official_exact	True	True	True	included
NCR3LG1	grey	374383	NCR3LG1	unique_official_exact	False	False	False	grey_not_a_network_block
CRBN	turquoise	51185	CRBN	unique_official_exact	True	True	True	included
CR1	blue	1378	CR1	unique_official_exact	True	True	True	included
RAB30	blue	27314	RAB30	unique_official_exact	True	True	True	included
LMBRD1	red	55788	LMBRD1	unique_official_exact	True	True	True	included
CNTN4	red	152330	CNTN4	unique_official_exact	True	True	True	included
ADCY1	pink	107	ADCY1	unique_official_exact	True	True	True	included
MORC2	turquoise	22880	MORC2	unique_official_exact	True	True	True	included
VEGFB	yellow	7423	VEGFB	unique_official_exact	True	True	True	included
WASH5P	turquoise	375690	WASH5P	unique_official_exact	True	True	True	included
ZEB1	red	6935	ZEB1	unique_official_exact	True	True	True	included
FARP1	pink	10160	FARP1	unique_official_exact	True	True	True	included
CLCN3	brown	1182	CLCN3	unique_official_exact	True	True	True	included
RIMKLB	turquoise	57494	RIMKLB	unique_official_exact	True	True	True	included
CYYR1	black	116159	CYYR1	unique_official_exact	True	True	True	included
RGMB	brown	285704	RGMB	unique_official_exact	True	True	True	included
RHOBTB3	grey	22836	RHOBTB3	unique_official_exact	False	False	False	grey_not_a_network_block
ARL8A	red	127829	ARL8A	unique_official_exact	True	True	True	included
PLXNA1	grey	5361	PLXNA1	unique_official_exact	False	False	False	grey_not_a_network_block
MCM4	grey	4173	MCM4	unique_official_exact	False	False	False	grey_not_a_network_block
ZNF331	green	55422	ZNF331	unique_official_exact	True	True	True	included
TXNDC5	blue	81567	TXNDC5	unique_official_exact	True	True	True	included
GET1	grey	7485	GET1	unique_official_exact	False	False	False	grey_not_a_network_block
HSPA5	blue	3309	HSPA5	unique_official_exact	True	True	True	included
NEDD4L	grey	23327	NEDD4L	unique_official_exact	False	False	False	grey_not_a_network_block
SEC14L1	yellow	6397	SEC14L1	unique_official_exact	True	True	True	included
PSME3	grey	10197	PSME3	unique_official_exact	False	False	False	grey_not_a_network_block
VARS2	grey	57176	VARS2	unique_official_exact	False	False	False	grey_not_a_network_block
RBBP9	grey	10741	RBBP9	unique_official_exact	False	False	False	grey_not_a_network_block
ZNF333	turquoise	84449	ZNF333	unique_official_exact	True	True	True	included
ARPC3	grey	10094	ARPC3	unique_official_exact	False	False	False	grey_not_a_network_block
CTSD	blue	1509	CTSD	unique_official_exact	True	True	True	included
CCDC191	turquoise	57577	CCDC191	unique_official_exact	True	True	True	included
MEAF6	grey	64769	MEAF6	unique_official_exact	False	False	False	grey_not_a_network_block
CYB5A	grey	1528	CYB5A	unique_official_exact	False	False	False	grey_not_a_network_block
TRIL	grey	9865	TRIL	unique_official_exact	False	False	False	grey_not_a_network_block
WNK2	grey	65268	WNK2	unique_official_exact	False	False	False	grey_not_a_network_block
TLN2	magenta	83660	TLN2	unique_official_exact	True	True	True	included
N4BP2	grey	55728	N4BP2	unique_official_exact	False	False	False	grey_not_a_network_block
ARHGAP9	blue	64333	ARHGAP9	unique_official_exact	True	True	True	included
NRN1	brown	51299	NRN1	unique_official_exact	True	True	True	included
LAMP2	brown	3920	LAMP2	unique_official_exact	True	True	True	included
GPX8	red	493869	GPX8	unique_official_exact	True	True	True	included
TRIM25	black	7706	TRIM25	unique_official_exact	True	True	True	included
EPB41L2	green	2037	EPB41L2	unique_official_exact	True	True	True	included
GYG1	grey	2992	GYG1	unique_official_exact	False	False	False	grey_not_a_network_block
RCAN3	brown	11123	RCAN3	unique_official_exact	True	True	True	included
IVNS1ABP	brown	10625	IVNS1ABP	unique_official_exact	True	True	True	included
CALR	blue	811	CALR	unique_official_exact	True	True	True	included
LRCH1	grey	23143	LRCH1	unique_official_exact	False	False	False	grey_not_a_network_block
PPP1R3B	yellow	79660	PPP1R3B	unique_official_exact	True	True	True	included
ARF4	blue	378	ARF4	unique_official_exact	True	True	True	included
LYPLAL1	grey	127018	LYPLAL1	unique_official_exact	False	False	False	grey_not_a_network_block
NEB	turquoise	4703	NEB	unique_official_exact	True	True	True	included
SLC35C1	yellow	55343	SLC35C1	unique_official_exact	True	True	True	included
DBP	grey	1628	DBP	unique_official_exact	False	False	False	grey_not_a_network_block
PARP6	turquoise	56965	PARP6	unique_official_exact	True	True	True	included
PGAP1	brown	80055	PGAP1	unique_official_exact	True	True	True	included
ACAT1	grey	38	ACAT1	unique_official_exact	False	False	False	grey_not_a_network_block
HMGB2	grey	3148	HMGB2	unique_official_exact	False	False	False	grey_not_a_network_block
RASGRP2	turquoise	10235	RASGRP2	unique_official_exact	True	True	True	included
NECTIN1	grey	5818	NECTIN1	unique_official_exact	False	False	False	grey_not_a_network_block
PM20D2	green	135293	PM20D2	unique_official_exact	True	True	True	included
COQ9	grey	57017	COQ9	unique_official_exact	False	False	False	grey_not_a_network_block
C5AR1	blue	728	C5AR1	unique_official_exact	True	True	True	included
LARP4	grey	113251	LARP4	unique_official_exact	False	False	False	grey_not_a_network_block
SDC4	green	6385	SDC4	unique_official_exact	True	True	True	included
PDE8B	magenta	8622	PDE8B	unique_official_exact	True	True	True	included
TCERG1	turquoise	10915	TCERG1	unique_official_exact	True	True	True	included
ZNF473	grey	25888	ZNF473	unique_official_exact	False	False	False	grey_not_a_network_block
CLIC2	blue	1193	CLIC2	unique_official_exact	True	True	True	included
PNPLA6	grey	10908	PNPLA6	unique_official_exact	False	False	False	grey_not_a_network_block
MMUT	grey	4594	MMUT	unique_official_exact	False	False	False	grey_not_a_network_block
SEMA3E	red	9723	SEMA3E	unique_official_exact	True	True	True	included
CRISPLD1	red	83690	CRISPLD1	unique_official_exact	True	True	True	included
ATP5PO	grey	539	ATP5PO	unique_official_exact	False	False	False	grey_not_a_network_block
PRICKLE2	magenta	166336	PRICKLE2	unique_official_exact	True	True	True	included
UNC5B	grey	219699	UNC5B	unique_official_exact	False	False	False	grey_not_a_network_block
HDAC7	turquoise	51564	HDAC7	unique_official_exact	True	True	True	included
RPS27A	grey	6233	RPS27A	unique_official_exact	False	False	False	grey_not_a_network_block
PHF23	grey	79142	PHF23	unique_official_exact	False	False	False	grey_not_a_network_block
ATP5F1C	red	509	ATP5F1C	unique_official_exact	True	True	True	included
KCNE4	grey	23704	KCNE4	unique_official_exact	False	False	False	grey_not_a_network_block
DNAJC6	grey	9829	DNAJC6	unique_official_exact	False	False	False	grey_not_a_network_block
LPP	pink	4026	LPP	unique_official_exact	True	True	True	included
GM2A	grey	2760	GM2A	unique_official_exact	False	False	False	grey_not_a_network_block
TMEM123	brown	114908	TMEM123	unique_official_exact	True	True	True	included
FAM43A	grey	131583	FAM43A	unique_official_exact	False	False	False	grey_not_a_network_block
SLC25A43	grey	203427	SLC25A43	unique_official_exact	False	False	False	grey_not_a_network_block
SMO	green	6608	SMO	unique_official_exact	True	True	True	included
TRAPPC6B	grey	122553	TRAPPC6B	unique_official_exact	False	False	False	grey_not_a_network_block
TMEM64	red	169200	TMEM64	unique_official_exact	True	True	True	included
NRBF2	grey	29982	NRBF2	unique_official_exact	False	False	False	grey_not_a_network_block
POMT1	turquoise	10585	POMT1	unique_official_exact	True	True	True	included
TSPAN3	grey	10099	TSPAN3	unique_official_exact	False	False	False	grey_not_a_network_block
KDM1A	grey	23028	KDM1A	unique_official_exact	False	False	False	grey_not_a_network_block
PCDHB11	grey	56125	PCDHB11	unique_official_exact	False	False	False	grey_not_a_network_block
GJA4	pink	2701	GJA4	unique_official_exact	True	True	True	included
SNED1	turquoise	25992	SNED1	unique_official_exact	True	True	True	included
ANKMY2	grey	57037	ANKMY2	unique_official_exact	False	False	False	grey_not_a_network_block
POLR3F	grey	10621	POLR3F	unique_official_exact	False	False	False	grey_not_a_network_block
SC5D	grey	6309	SC5D	unique_official_exact	False	False	False	grey_not_a_network_block
RWDD2B	grey	10069	RWDD2B	unique_official_exact	False	False	False	grey_not_a_network_block
ESCO1	grey	114799	ESCO1	unique_official_exact	False	False	False	grey_not_a_network_block
EBF2	green	64641	EBF2	unique_official_exact	True	True	True	included
EAF1	grey	85403	EAF1	unique_official_exact	False	False	False	grey_not_a_network_block
MCTP1	black	79772	MCTP1	unique_official_exact	True	True	True	included
CSF1	yellow	1435	CSF1	unique_official_exact	True	True	True	included
GALT	turquoise	2592	GALT	unique_official_exact	True	True	True	included
BRAT1	turquoise	221927	BRAT1	unique_official_exact	True	True	True	included
MLPH	pink	79083	MLPH	unique_official_exact	True	True	True	included
TPI1	blue	7167	TPI1	unique_official_exact	True	True	True	included
VPS51	grey	738	VPS51	unique_official_exact	False	False	False	grey_not_a_network_block
ZSCAN30	grey	100101467	ZSCAN30	unique_official_exact	False	False	False	grey_not_a_network_block
SLC25A29	turquoise	123096	SLC25A29	unique_official_exact	True	True	True	included
STRBP	grey	55342	STRBP	unique_official_exact	False	False	False	grey_not_a_network_block
PREX2	black	80243	PREX2	unique_official_exact	True	True	True	included
ZMAT2	grey	153527	ZMAT2	unique_official_exact	False	False	False	grey_not_a_network_block
STMN3	blue	50861	STMN3	unique_official_exact	True	True	True	included
ADH5	yellow	128	ADH5	unique_official_exact	True	True	True	included
TRAM2-AS1	grey	401264	TRAM2-AS1	unique_official_exact	False	False	False	grey_not_a_network_block
TRIM23	brown	373	TRIM23	unique_official_exact	True	True	True	included
NOL8	grey	55035	NOL8	unique_official_exact	False	False	False	grey_not_a_network_block
ZNF780B	turquoise	163131	ZNF780B	unique_official_exact	True	True	True	included
NUP85	turquoise	79902	NUP85	unique_official_exact	True	True	True	included
YTHDF1	grey	54915	YTHDF1	unique_official_exact	False	False	False	grey_not_a_network_block
PDIA4	blue	9601	PDIA4	unique_official_exact	True	True	True	included
HECA	grey	51696	HECA	unique_official_exact	False	False	False	grey_not_a_network_block
CDH23	turquoise	64072	CDH23	unique_official_exact	True	True	True	included
TRIP10	turquoise	9322	TRIP10	unique_official_exact	True	True	True	included
RTF2	grey	51507	RTF2	unique_official_exact	False	False	False	grey_not_a_network_block
PLBD1	blue	79887	PLBD1	unique_official_exact	True	True	True	included
BAIAP2L1	turquoise	55971	BAIAP2L1	unique_official_exact	True	True	True	included
IP6K2	brown	51447	IP6K2	unique_official_exact	True	True	True	included
TPM3P9	grey	147804	TPM3P9	unique_official_exact	False	False	False	grey_not_a_network_block
LGALS9	blue	3965	LGALS9	unique_official_exact	True	True	True	included
PRPS1	grey	5631	PRPS1	unique_official_exact	False	False	False	grey_not_a_network_block
DET1	grey	55070	DET1	unique_official_exact	False	False	False	grey_not_a_network_block
KIAA1328	turquoise	57536	KIAA1328	unique_official_exact	True	True	True	included
LIG3	grey	3980	LIG3	unique_official_exact	False	False	False	grey_not_a_network_block
ANKS1A	turquoise	23294	ANKS1A	unique_official_exact	True	True	True	included
SNX5	blue	27131	SNX5	unique_official_exact	True	True	True	included
ZNF22	grey	7570	ZNF22	unique_official_exact	False	False	False	grey_not_a_network_block
EML1	red	2009	EML1	unique_official_exact	True	True	True	included
MIMS2	red	116151	MIMS2	unique_official_exact	True	True	True	included
MBOAT7	grey	79143	MBOAT7	unique_official_exact	False	False	False	grey_not_a_network_block
KMT5B	grey	51111	KMT5B	unique_official_exact	False	False	False	grey_not_a_network_block
OXCT1	grey	5019	OXCT1	unique_official_exact	False	False	False	grey_not_a_network_block
SLC9A8	turquoise	23315	SLC9A8	unique_official_exact	True	True	True	included
SASH1	yellow	23328	SASH1	unique_official_exact	True	True	True	included
PCCA	grey	5095	PCCA	unique_official_exact	False	False	False	grey_not_a_network_block
PSMD6	yellow	9861	PSMD6	unique_official_exact	True	True	True	included
RNF26	grey	79102	RNF26	unique_official_exact	False	False	False	grey_not_a_network_block
SYT2	turquoise	127833	SYT2	unique_official_exact	True	True	True	included
CEP83	grey	51134	CEP83	unique_official_exact	False	False	False	grey_not_a_network_block
EVC2	turquoise	132884	EVC2	unique_official_exact	True	True	True	included
GSAP	turquoise	54103	GSAP	unique_official_exact	True	True	True	included
LIPA	blue	3988	LIPA	unique_official_exact	True	True	True	included
DLEU1	grey	10301	DLEU1	unique_official_exact	False	False	False	grey_not_a_network_block
NDUFA13	grey	51079	NDUFA13	unique_official_exact	False	False	False	grey_not_a_network_block
FOXL1	turquoise	2300	FOXL1	unique_official_exact	True	True	True	included
SNX4	grey	8723	SNX4	unique_official_exact	False	False	False	grey_not_a_network_block
ZKSCAN8	grey	7745	ZKSCAN8	unique_official_exact	False	False	False	grey_not_a_network_block
MMP9	blue	4318	MMP9	unique_official_exact	True	True	True	included
ING5	turquoise	84289	ING5	unique_official_exact	True	True	True	included
PSMD8	yellow	5714	PSMD8	unique_official_exact	True	True	True	included
CHTF8	grey	54921	CHTF8	unique_official_exact	False	False	False	grey_not_a_network_block
TRDMT1	grey	1787	TRDMT1	unique_official_exact	False	False	False	grey_not_a_network_block
TRAF3IP3	blue	80342	TRAF3IP3	unique_official_exact	True	True	True	included
TCFL5	grey	10732	TCFL5	unique_official_exact	False	False	False	grey_not_a_network_block
MTSS1	green	9788	MTSS1	unique_official_exact	True	True	True	included
MBD6	turquoise	114785	MBD6	unique_official_exact	True	True	True	included
DNAJC7	grey	7266	DNAJC7	unique_official_exact	False	False	False	grey_not_a_network_block
LRP2BP	turquoise	55805	LRP2BP	unique_official_exact	True	True	True	included
LRSAM1	turquoise	90678	LRSAM1	unique_official_exact	True	True	True	included
SOAT1	blue	6646	SOAT1	unique_official_exact	True	True	True	included
EFHD2	blue	79180	EFHD2	unique_official_exact	True	True	True	included
ATP6V1D	grey	51382	ATP6V1D	unique_official_exact	False	False	False	grey_not_a_network_block
WDR41	grey	55255	WDR41	unique_official_exact	False	False	False	grey_not_a_network_block
LEPROTL1	yellow	23484	LEPROTL1	unique_official_exact	True	True	True	included
CDON	blue	50937	CDON	unique_official_exact	True	True	True	included
IBA57	grey	200205	IBA57	unique_official_exact	False	False	False	grey_not_a_network_block
NGRN	grey	51335	NGRN	unique_official_exact	False	False	False	grey_not_a_network_block
CD9	brown	928	CD9	unique_official_exact	True	True	True	included
MANBA	grey	4126	MANBA	unique_official_exact	False	False	False	grey_not_a_network_block
ZNF134	grey	7693	ZNF134	unique_official_exact	False	False	False	grey_not_a_network_block
MED8	yellow	112950	MED8	unique_official_exact	True	True	True	included
LGALSL	grey	29094	LGALSL	unique_official_exact	False	False	False	grey_not_a_network_block
SUCO	grey	51430	SUCO	unique_official_exact	False	False	False	grey_not_a_network_block
PTPRK	black	5796	PTPRK	unique_official_exact	True	True	True	included
FHIP1B	turquoise	84067	FHIP1B	unique_official_exact	True	True	True	included
ADD3	green	120	ADD3	unique_official_exact	True	True	True	included
ARHGAP18	blue	93663	ARHGAP18	unique_official_exact	True	True	True	included
GK5	turquoise	256356	GK5	unique_official_exact	True	True	True	included
DGAT1	black	8694	DGAT1	unique_official_exact	True	True	True	included
PRKCE	turquoise	5581	PRKCE	unique_official_exact	True	True	True	included
SASH3	blue	54440	SASH3	unique_official_exact	True	True	True	included
ATP13A3	grey	79572	ATP13A3	unique_official_exact	False	False	False	grey_not_a_network_block
CDK18	brown	5129	CDK18	unique_official_exact	True	True	True	included
SARM1	grey	23098	SARM1	unique_official_exact	False	False	False	grey_not_a_network_block
UXT	grey	8409	UXT	unique_official_exact	False	False	False	grey_not_a_network_block
NFIL3	grey	4783	NFIL3	unique_official_exact	False	False	False	grey_not_a_network_block
EHD4	yellow	30844	EHD4	unique_official_exact	True	True	True	included
TMEM65	grey	157378	TMEM65	unique_official_exact	False	False	False	grey_not_a_network_block
ZNF267	grey	10308	ZNF267	unique_official_exact	False	False	False	grey_not_a_network_block
DNM3	turquoise	26052	DNM3	unique_official_exact	True	True	True	included
CXCL9	grey	4283	CXCL9	unique_official_exact	False	False	False	grey_not_a_network_block
SAMD1	grey	90378	SAMD1	unique_official_exact	False	False	False	grey_not_a_network_block
BTBD3	brown	22903	BTBD3	unique_official_exact	True	True	True	included
HOXA3	grey	3200	HOXA3	unique_official_exact	False	False	False	grey_not_a_network_block
JAM2	grey	58494	JAM2	unique_official_exact	False	False	False	grey_not_a_network_block
AFG2A	grey	166378	AFG2A	unique_official_exact	False	False	False	grey_not_a_network_block
ZSCAN18	grey	65982	ZSCAN18	unique_official_exact	False	False	False	grey_not_a_network_block
RASSF5	green	83593	RASSF5	unique_official_exact	True	True	True	included
CCDC146	turquoise	57639	CCDC146	unique_official_exact	True	True	True	included
CCDC90B	grey	60492	CCDC90B	unique_official_exact	False	False	False	grey_not_a_network_block
GCSHP3	grey	100329109	GCSHP3	unique_official_exact	False	False	False	grey_not_a_network_block
PKHD1L1	grey	93035	PKHD1L1	unique_official_exact	False	False	False	grey_not_a_network_block
UBC	grey	7316	UBC	unique_official_exact	False	False	False	grey_not_a_network_block
CAVIN3	grey	112464	CAVIN3	unique_official_exact	False	False	False	grey_not_a_network_block
FTSJ3	grey	117246	FTSJ3	unique_official_exact	False	False	False	grey_not_a_network_block
HCFC1R1	grey	54985	HCFC1R1	unique_official_exact	False	False	False	grey_not_a_network_block
ZDHHC8	brown	29801	ZDHHC8	unique_official_exact	True	True	True	included
HNRNPA0	grey	10949	HNRNPA0	unique_official_exact	False	False	False	grey_not_a_network_block
MIOS	grey	54468	MIOS	unique_official_exact	False	False	False	grey_not_a_network_block
ZNF483	green	158399	ZNF483	unique_official_exact	True	True	True	included
PYGB	yellow	5834	PYGB	unique_official_exact	True	True	True	included
GMFB	brown	2764	GMFB	unique_official_exact	True	True	True	included
TBX18	grey	9096	TBX18	unique_official_exact	False	False	False	grey_not_a_network_block
SMIM5	brown	643008	SMIM5	unique_official_exact	True	True	True	included
GAS5	grey	60674	GAS5	unique_official_exact	False	False	False	grey_not_a_network_block
YWHAH	red	7533	YWHAH	unique_official_exact	True	True	True	included
KYAT3	grey	56267	KYAT3	unique_official_exact	False	False	False	grey_not_a_network_block
SNIP1	grey	79753	SNIP1	unique_official_exact	False	False	False	grey_not_a_network_block
ZC3H3	turquoise	23144	ZC3H3	unique_official_exact	True	True	True	included
RPA2	grey	6118	RPA2	unique_official_exact	False	False	False	grey_not_a_network_block
LINC00641	brown	283624	LINC00641	unique_official_exact	True	True	True	included
MACO1	grey	55219	MACO1	unique_official_exact	False	False	False	grey_not_a_network_block
TRIB1	yellow	10221	TRIB1	unique_official_exact	True	True	True	included
NUP54	grey	53371	NUP54	unique_official_exact	False	False	False	grey_not_a_network_block
STK40	yellow	83931	STK40	unique_official_exact	True	True	True	included
LRP3	blue	4037	LRP3	unique_official_exact	True	True	True	included
PLA2G6	turquoise	8398	PLA2G6	unique_official_exact	True	True	True	included
RUVBL1	grey	8607	RUVBL1	unique_official_exact	False	False	False	grey_not_a_network_block
LRRC8D	brown	55144	LRRC8D	unique_official_exact	True	True	True	included
SPHK2	grey	56848	SPHK2	unique_official_exact	False	False	False	grey_not_a_network_block
GRID1	grey	2894	GRID1	unique_official_exact	False	False	False	grey_not_a_network_block
FBXO10	grey	26267	FBXO10	unique_official_exact	False	False	False	grey_not_a_network_block
FXYD5	black	53827	FXYD5	unique_official_exact	True	True	True	included
STMN2	blue	11075	STMN2	unique_official_exact	True	True	True	included
RPS21	grey	6227	RPS21	unique_official_exact	False	False	False	grey_not_a_network_block
CNN2	blue	1265	CNN2	unique_official_exact	True	True	True	included
GEMIN8	grey	54960	GEMIN8	unique_official_exact	False	False	False	grey_not_a_network_block
CCNG2	grey	901	CCNG2	unique_official_exact	False	False	False	grey_not_a_network_block
CUTC	yellow	51076	CUTC	unique_official_exact	True	True	True	included
ARL6IP4	grey	51329	ARL6IP4	unique_official_exact	False	False	False	grey_not_a_network_block
HELZ2	grey	85441	HELZ2	unique_official_exact	False	False	False	grey_not_a_network_block
GUCD1	yellow	83606	GUCD1	unique_official_exact	True	True	True	included
RMDN1	brown	51115	RMDN1	unique_official_exact	True	True	True	included
ZFP90	grey	146198	ZFP90	unique_official_exact	False	False	False	grey_not_a_network_block
CAMLG	grey	819	CAMLG	unique_official_exact	False	False	False	grey_not_a_network_block
NIF3L1	grey	60491	NIF3L1	unique_official_exact	False	False	False	grey_not_a_network_block
ZNF317	grey	57693	ZNF317	unique_official_exact	False	False	False	grey_not_a_network_block
SNX17	grey	9784	SNX17	unique_official_exact	False	False	False	grey_not_a_network_block
ATR	turquoise	545	ATR	unique_official_exact	True	True	True	included
TMEM38B	grey	55151	TMEM38B	unique_official_exact	False	False	False	grey_not_a_network_block
LRP12	grey	29967	LRP12	unique_official_exact	False	False	False	grey_not_a_network_block
BTG1	yellow	694	BTG1	unique_official_exact	True	True	True	included
MRPS15	grey	64960	MRPS15	unique_official_exact	False	False	False	grey_not_a_network_block
UBE2D2	red	7322	UBE2D2	unique_official_exact	True	True	True	included
FAM66C	grey	440078	FAM66C	unique_official_exact	False	False	False	grey_not_a_network_block
GXYLT1	red	283464	GXYLT1	unique_official_exact	True	True	True	included
ATRN	red	8455	ATRN	unique_official_exact	True	True	True	included
FAM53C	grey	51307	FAM53C	unique_official_exact	False	False	False	grey_not_a_network_block
PLAGL1	grey	5325	PLAGL1	unique_official_exact	False	False	False	grey_not_a_network_block
SERINC5	brown	256987	SERINC5	unique_official_exact	True	True	True	included
PIP5K1A	grey	8394	PIP5K1A	unique_official_exact	False	False	False	grey_not_a_network_block
HSPH1	grey	10808	HSPH1	unique_official_exact	False	False	False	grey_not_a_network_block
PPP1R18	grey	170954	PPP1R18	unique_official_exact	False	False	False	grey_not_a_network_block
ATRAID	grey	51374	ATRAID	unique_official_exact	False	False	False	grey_not_a_network_block
OCLN	green	100506658	OCLN	unique_official_exact	True	True	True	included
RNF31	grey	55072	RNF31	unique_official_exact	False	False	False	grey_not_a_network_block
ATE1	grey	11101	ATE1	unique_official_exact	False	False	False	grey_not_a_network_block
YEATS2	turquoise	55689	YEATS2	unique_official_exact	True	True	True	included
CAB39L	brown	81617	CAB39L	unique_official_exact	True	True	True	included
PDHA1	grey	5160	PDHA1	unique_official_exact	False	False	False	grey_not_a_network_block
NRG1	brown	3084	NRG1	unique_official_exact	True	True	True	included
ZNF503	grey	84858	ZNF503	unique_official_exact	False	False	False	grey_not_a_network_block
CCDC186	grey	55088	CCDC186	unique_official_exact	False	False	False	grey_not_a_network_block
VCPIP1	grey	80124	VCPIP1	unique_official_exact	False	False	False	grey_not_a_network_block
C2	blue	717	C2	unique_official_exact	True	True	True	included
POLR2C	grey	5432	POLR2C	unique_official_exact	False	False	False	grey_not_a_network_block
GABRA4	pink	2557	GABRA4	unique_official_exact	True	True	True	included
EPSTI1	yellow	94240	EPSTI1	unique_official_exact	True	True	True	included
GJA1	grey	2697	GJA1	unique_official_exact	False	False	False	grey_not_a_network_block
CC2D1B	turquoise	200014	CC2D1B	unique_official_exact	True	True	True	included
ERV3-1	magenta	2086	ERV3-1	unique_official_exact	True	True	True	included
TUB	grey	7275	TUB	unique_official_exact	False	False	False	grey_not_a_network_block
KANSL2	grey	54934	KANSL2	unique_official_exact	False	False	False	grey_not_a_network_block
ZBTB17	grey	7709	ZBTB17	unique_official_exact	False	False	False	grey_not_a_network_block
HSPA13	red	6782	HSPA13	unique_official_exact	True	True	True	included
MTNAP1	grey	55028	MTNAP1	unique_official_exact	False	False	False	grey_not_a_network_block
GSTK1	grey	373156	GSTK1	unique_official_exact	False	False	False	grey_not_a_network_block
ETV6	grey	2120	ETV6	unique_official_exact	False	False	False	grey_not_a_network_block
MTMR4	turquoise	9110	MTMR4	unique_official_exact	True	True	True	included
SPSB1	yellow	80176	SPSB1	unique_official_exact	True	True	True	included
NIPA1	grey	123606	NIPA1	unique_official_exact	False	False	False	grey_not_a_network_block
PPP1CC	blue	5501	PPP1CC	unique_official_exact	True	True	True	included
TAF8	grey	129685	TAF8	unique_official_exact	False	False	False	grey_not_a_network_block
MFSD12	brown	126321	MFSD12	unique_official_exact	True	True	True	included
PDE7B	grey	27115	PDE7B	unique_official_exact	False	False	False	grey_not_a_network_block
ANKDD1A	grey	348094	ANKDD1A	unique_official_exact	False	False	False	grey_not_a_network_block
CNIH1	grey	10175	CNIH1	unique_official_exact	False	False	False	grey_not_a_network_block
SFPQ	turquoise	6421	SFPQ	unique_official_exact	True	True	True	included
MYO1E	brown	4643	MYO1E	unique_official_exact	True	True	True	included
TECPR1	turquoise	25851	TECPR1	unique_official_exact	True	True	True	included
ZNF691	grey	51058	ZNF691	unique_official_exact	False	False	False	grey_not_a_network_block
DDX20	grey	11218	DDX20	unique_official_exact	False	False	False	grey_not_a_network_block
AKT1S1	grey	84335	AKT1S1	unique_official_exact	False	False	False	grey_not_a_network_block
PLCB1	brown	23236	PLCB1	unique_official_exact	True	True	True	included
SRPK2	grey	6733	SRPK2	unique_official_exact	False	False	False	grey_not_a_network_block
GOLM1	red	51280	GOLM1	unique_official_exact	True	True	True	included
RPS6KB2	grey	6199	RPS6KB2	unique_official_exact	False	False	False	grey_not_a_network_block
VCF1	yellow	84923	VCF1	unique_official_exact	True	True	True	included
IGSF8	brown	93185	IGSF8	unique_official_exact	True	True	True	included
PPP1CA	grey	5499	PPP1CA	unique_official_exact	False	False	False	grey_not_a_network_block
RPL23A	grey	6147	RPL23A	unique_official_exact	False	False	False	grey_not_a_network_block
BACH2	brown	60468	BACH2	unique_official_exact	True	True	True	included
PLAA	grey	9373	PLAA	unique_official_exact	False	False	False	grey_not_a_network_block
LRRK1	grey	79705	LRRK1	unique_official_exact	False	False	False	grey_not_a_network_block
TSPAN6	grey	7105	TSPAN6	unique_official_exact	False	False	False	grey_not_a_network_block
C11orf24	grey	53838	C11orf24	unique_official_exact	False	False	False	grey_not_a_network_block
MIER1	red	57708	MIER1	unique_official_exact	True	True	True	included
RBM8A	grey	9939	RBM8A	unique_official_exact	False	False	False	grey_not_a_network_block
PSMB5	grey	5693	PSMB5	unique_official_exact	False	False	False	grey_not_a_network_block
CRTAC1	grey	55118	CRTAC1	unique_official_exact	False	False	False	grey_not_a_network_block
AMIGO1	green	57463	AMIGO1	unique_official_exact	True	True	True	included
CBLB	turquoise	868	CBLB	unique_official_exact	True	True	True	included
SOX9	green	6662	SOX9	unique_official_exact	True	True	True	included
SH3KBP1	yellow	30011	SH3KBP1	unique_official_exact	True	True	True	included
SORD	brown	6652	SORD	unique_official_exact	True	True	True	included
EHD3	grey	30845	EHD3	unique_official_exact	False	False	False	grey_not_a_network_block
AEBP2	grey	121536	AEBP2	unique_official_exact	False	False	False	grey_not_a_network_block
TNNC1	green	7134	TNNC1	unique_official_exact	True	True	True	included
QTRT2	grey	79691	QTRT2	unique_official_exact	False	False	False	grey_not_a_network_block
SQLE	grey	6713	SQLE	unique_official_exact	False	False	False	grey_not_a_network_block
VAPB	red	9217	VAPB	unique_official_exact	True	True	True	included
KCNJ2	red	3759	KCNJ2	unique_official_exact	True	True	True	included
BLMH	grey	642	BLMH	unique_official_exact	False	False	False	grey_not_a_network_block
EIF2D	grey	1939	EIF2D	unique_official_exact	False	False	False	grey_not_a_network_block
LINC00639	turquoise	283547	LINC00639	unique_official_exact	True	True	True	included
SLTM	turquoise	79811	SLTM	unique_official_exact	True	True	True	included
JAML	blue	120425	JAML	unique_official_exact	True	True	True	included
KCNK5	brown	8645	KCNK5	unique_official_exact	True	True	True	included
STIP1	grey	10963	STIP1	unique_official_exact	False	False	False	grey_not_a_network_block
SEPTIN7	red	989	SEPTIN7	unique_official_exact	True	True	True	included
SH3BP2	brown	6452	SH3BP2	unique_official_exact	True	True	True	included
PROSER2	green	254427	PROSER2	unique_official_exact	True	True	True	included
FAAH	turquoise	2166	FAAH	unique_official_exact	True	True	True	included
POMT2	turquoise	29954	POMT2	unique_official_exact	True	True	True	included
GID4	grey	79018	GID4	unique_official_exact	False	False	False	grey_not_a_network_block
ZNF347	grey	84671	ZNF347	unique_official_exact	False	False	False	grey_not_a_network_block
NDST1	brown	3340	NDST1	unique_official_exact	True	True	True	included
TCF3	grey	6929	TCF3	unique_official_exact	False	False	False	grey_not_a_network_block
RPAP1	grey	26015	RPAP1	unique_official_exact	False	False	False	grey_not_a_network_block
CSNK1E	turquoise	1454	CSNK1E	unique_official_exact	True	True	True	included
RPRD1B	grey	58490	RPRD1B	unique_official_exact	False	False	False	grey_not_a_network_block
PFKFB2	grey	5208	PFKFB2	unique_official_exact	False	False	False	grey_not_a_network_block
NAMPT	blue	10135	NAMPT	unique_official_exact	True	True	True	included
SKAP2	grey	8935	SKAP2	unique_official_exact	False	False	False	grey_not_a_network_block
AGA	grey	175	AGA	unique_official_exact	False	False	False	grey_not_a_network_block
POLR1D	grey	51082	POLR1D	unique_official_exact	False	False	False	grey_not_a_network_block
IKZF3	blue	22806	IKZF3	unique_official_exact	True	True	True	included
AMZ2	grey	51321	AMZ2	unique_official_exact	False	False	False	grey_not_a_network_block
FAM13C	black	220965	FAM13C	unique_official_exact	True	True	True	included
CLEC10A	blue	10462	CLEC10A	unique_official_exact	True	True	True	included
BFAR	grey	51283	BFAR	unique_official_exact	False	False	False	grey_not_a_network_block
NLN	grey	57486	NLN	unique_official_exact	False	False	False	grey_not_a_network_block
MAN2A2	brown	4122	MAN2A2	unique_official_exact	True	True	True	included
SLC10A3	blue	8273	SLC10A3	unique_official_exact	True	True	True	included
BCORL1	turquoise	63035	BCORL1	unique_official_exact	True	True	True	included
FUBP1	turquoise	8880	FUBP1	unique_official_exact	True	True	True	included
TMEM135	yellow	65084	TMEM135	unique_official_exact	True	True	True	included
CACYBP	grey	27101	CACYBP	unique_official_exact	False	False	False	grey_not_a_network_block
KCTD11	brown	147040	KCTD11	unique_official_exact	True	True	True	included
MYO1B	grey	4430	MYO1B	unique_official_exact	False	False	False	grey_not_a_network_block
CRNKL1	red	51340	CRNKL1	unique_official_exact	True	True	True	included
ANXA6	yellow	309	ANXA6	unique_official_exact	True	True	True	included
ZSCAN32	grey	54925	ZSCAN32	unique_official_exact	False	False	False	grey_not_a_network_block
TDRKH	green	11022	TDRKH	unique_official_exact	True	True	True	included
C1RL	grey	51279	C1RL	unique_official_exact	False	False	False	grey_not_a_network_block
CNKSR2	green	22866	CNKSR2	unique_official_exact	True	True	True	included
PPP4R2	grey	151987	PPP4R2	unique_official_exact	False	False	False	grey_not_a_network_block
RTN4RL1	grey	146760	RTN4RL1	unique_official_exact	False	False	False	grey_not_a_network_block
NEK4	grey	6787	NEK4	unique_official_exact	False	False	False	grey_not_a_network_block
ZNF449	grey	203523	ZNF449	unique_official_exact	False	False	False	grey_not_a_network_block
PPP1R21	grey	129285	PPP1R21	unique_official_exact	False	False	False	grey_not_a_network_block
NR2F1-AS1	brown	441094	NR2F1-AS1	unique_official_exact	True	True	True	included
MDH2	grey	4191	MDH2	unique_official_exact	False	False	False	grey_not_a_network_block
UBE2M	grey	9040	UBE2M	unique_official_exact	False	False	False	grey_not_a_network_block
SUPT3H	turquoise	8464	SUPT3H	unique_official_exact	True	True	True	included
SIAH2	blue	6478	SIAH2	unique_official_exact	True	True	True	included
ALDH4A1	yellow	8659	ALDH4A1	unique_official_exact	True	True	True	included
CYP51A1	grey	1595	CYP51A1	unique_official_exact	False	False	False	grey_not_a_network_block
ITPKC	black	80271	ITPKC	unique_official_exact	True	True	True	included
DMWD	turquoise	1762	DMWD	unique_official_exact	True	True	True	included
G3BP2	grey	9908	G3BP2	unique_official_exact	False	False	False	grey_not_a_network_block
CHLSN	grey	84310	CHLSN	unique_official_exact	False	False	False	grey_not_a_network_block
SDCCAG8	turquoise	10806	SDCCAG8	unique_official_exact	True	True	True	included
OFD1	turquoise	8481	OFD1	unique_official_exact	True	True	True	included
AASDH	grey	132949	AASDH	unique_official_exact	False	False	False	grey_not_a_network_block
CMTM3	blue	123920	CMTM3	unique_official_exact	True	True	True	included
WHAMMP1	grey	100288615	WHAMMP1	unique_official_exact	False	False	False	grey_not_a_network_block
DPP7	grey	29952	DPP7	unique_official_exact	False	False	False	grey_not_a_network_block
TET2	brown	54790	TET2	unique_official_exact	True	True	True	included
METTL6	grey	131965	METTL6	unique_official_exact	False	False	False	grey_not_a_network_block
FA2H	brown	79152	FA2H	unique_official_exact	True	True	True	included
PRRT2	turquoise	112476	PRRT2	unique_official_exact	True	True	True	included
CACTIN	grey	58509	CACTIN	unique_official_exact	False	False	False	grey_not_a_network_block
KLF15	grey	28999	KLF15	unique_official_exact	False	False	False	grey_not_a_network_block
ZNF426	grey	79088	ZNF426	unique_official_exact	False	False	False	grey_not_a_network_block
PNPO	grey	55163	PNPO	unique_official_exact	False	False	False	grey_not_a_network_block
TDP1	grey	55775	TDP1	unique_official_exact	False	False	False	grey_not_a_network_block
IL13RA1	blue	3597	IL13RA1	unique_official_exact	True	True	True	included
BAHCC1	grey	57597	BAHCC1	unique_official_exact	False	False	False	grey_not_a_network_block
MFF	grey	56947	MFF	unique_official_exact	False	False	False	grey_not_a_network_block
OSBPL11	grey	114885	OSBPL11	unique_official_exact	False	False	False	grey_not_a_network_block
CSE1L	red	1434	CSE1L	unique_official_exact	True	True	True	included
SLC41A2	blue	84102	SLC41A2	unique_official_exact	True	True	True	included
NHSL3	green	57648	NHSL3	unique_official_exact	True	True	True	included
RNF170	grey	81790	RNF170	unique_official_exact	False	False	False	grey_not_a_network_block
ZBTB21	grey	49854	ZBTB21	unique_official_exact	False	False	False	grey_not_a_network_block
MIGA1	brown	374986	MIGA1	unique_official_exact	True	True	True	included
ZFYVE27	turquoise	118813	ZFYVE27	unique_official_exact	True	True	True	included
SLC35A4	yellow	113829	SLC35A4	unique_official_exact	True	True	True	included
TACC2	grey	10579	TACC2	unique_official_exact	False	False	False	grey_not_a_network_block
POLR1B	grey	84172	POLR1B	unique_official_exact	False	False	False	grey_not_a_network_block
ACBD4	turquoise	79777	ACBD4	unique_official_exact	True	True	True	included
ZNF559	grey	84527	ZNF559	unique_official_exact	False	False	False	grey_not_a_network_block
MMS19	turquoise	64210	MMS19	unique_official_exact	True	True	True	included
CIPC	brown	85457	CIPC	unique_official_exact	True	True	True	included
MAPK9	grey	5601	MAPK9	unique_official_exact	False	False	False	grey_not_a_network_block
CTSA	yellow	5476	CTSA	unique_official_exact	True	True	True	included
WDR20	grey	91833	WDR20	unique_official_exact	False	False	False	grey_not_a_network_block
MDFIC	grey	29969	MDFIC	unique_official_exact	False	False	False	grey_not_a_network_block
ACADVL	black	37	ACADVL	unique_official_exact	True	True	True	included
ZNF687	grey	57592	ZNF687	unique_official_exact	False	False	False	grey_not_a_network_block
HINT1	grey	3094	HINT1	unique_official_exact	False	False	False	grey_not_a_network_block
IRS2	grey	8660	IRS2	unique_official_exact	False	False	False	grey_not_a_network_block
ABHD5	magenta	51099	ABHD5	unique_official_exact	True	True	True	included
INTS7	grey	25896	INTS7	unique_official_exact	False	False	False	grey_not_a_network_block
TAF9B	grey	51616	TAF9B	unique_official_exact	False	False	False	grey_not_a_network_block
LPGAT1	yellow	9926	LPGAT1	unique_official_exact	True	True	True	included
HERC5	grey	51191	HERC5	unique_official_exact	False	False	False	grey_not_a_network_block
ZC3H12C	brown	85463	ZC3H12C	unique_official_exact	True	True	True	included
ATP13A2	grey	23400	ATP13A2	unique_official_exact	False	False	False	grey_not_a_network_block
BICRA	turquoise	29998	BICRA	unique_official_exact	True	True	True	included
NUDT12	red	83594	NUDT12	unique_official_exact	True	True	True	included
PTP4A1	grey	7803	PTP4A1	unique_official_exact	False	False	False	grey_not_a_network_block
SUCLG1	yellow	8802	SUCLG1	unique_official_exact	True	True	True	included
GOLGA7	grey	51125	GOLGA7	unique_official_exact	False	False	False	grey_not_a_network_block
AGPS	blue	8540	AGPS	unique_official_exact	True	True	True	included
JARID2	brown	3720	JARID2	unique_official_exact	True	True	True	included
TTF2	grey	8458	TTF2	unique_official_exact	False	False	False	grey_not_a_network_block
USP4	turquoise	7375	USP4	unique_official_exact	True	True	True	included
ENO2	brown	2026	ENO2	unique_official_exact	True	True	True	included
CDR2	red	1039	CDR2	unique_official_exact	True	True	True	included
NAGK	grey	55577	NAGK	unique_official_exact	False	False	False	grey_not_a_network_block
UTP15	grey	84135	UTP15	unique_official_exact	False	False	False	grey_not_a_network_block
NAT10	grey	55226	NAT10	unique_official_exact	False	False	False	grey_not_a_network_block
ZCCHC7	grey	84186	ZCCHC7	unique_official_exact	False	False	False	grey_not_a_network_block
ZDBF2	grey	57683	ZDBF2	unique_official_exact	False	False	False	grey_not_a_network_block
ZFP82	grey	284406	ZFP82	unique_official_exact	False	False	False	grey_not_a_network_block
SYNPO	green	11346	SYNPO	unique_official_exact	True	True	True	included
PEA15	blue	8682	PEA15	unique_official_exact	True	True	True	included
HAX1	grey	10456	HAX1	unique_official_exact	False	False	False	grey_not_a_network_block
MAP3K20	yellow	51776	MAP3K20	unique_official_exact	True	True	True	included
LFNG	black	3955	LFNG	unique_official_exact	True	True	True	included
SGK1	grey	6446	SGK1	unique_official_exact	False	False	False	grey_not_a_network_block
CLUH	yellow	23277	CLUH	unique_official_exact	True	True	True	included
CALD1	red	800	CALD1	unique_official_exact	True	True	True	included
CPEB4	yellow	80315	CPEB4	unique_official_exact	True	True	True	included
ZFHX4	blue	79776	ZFHX4	unique_official_exact	True	True	True	included
HPGDS	blue	27306	HPGDS	unique_official_exact	True	True	True	included
IFNAR2	grey	3455	IFNAR2	unique_official_exact	False	False	False	grey_not_a_network_block
BTN3A2	grey	11118	BTN3A2	unique_official_exact	False	False	False	grey_not_a_network_block
ZFP91	blue	80829	ZFP91	unique_official_exact	True	True	True	included
LRRN3	yellow	54674	LRRN3	unique_official_exact	True	True	True	included
FAM177A1	brown	283635	FAM177A1	unique_official_exact	True	True	True	included
GFRA2	red	2675	GFRA2	unique_official_exact	True	True	True	included
STAMBP	grey	10617	STAMBP	unique_official_exact	False	False	False	grey_not_a_network_block
EXD3	turquoise	54932	EXD3	unique_official_exact	True	True	True	included
STK3	grey	6788	STK3	unique_official_exact	False	False	False	grey_not_a_network_block
AIP	grey	9049	AIP	unique_official_exact	False	False	False	grey_not_a_network_block
DCUN1D5	grey	84259	DCUN1D5	unique_official_exact	False	False	False	grey_not_a_network_block
SLC25A32	grey	81034	SLC25A32	unique_official_exact	False	False	False	grey_not_a_network_block
ACVR2B	grey	93	ACVR2B	unique_official_exact	False	False	False	grey_not_a_network_block
CALHM5	grey	254228	CALHM5	unique_official_exact	False	False	False	grey_not_a_network_block
TOX	brown	9760	TOX	unique_official_exact	True	True	True	included
EVA1C	turquoise	59271	EVA1C	unique_official_exact	True	True	True	included
PCMT1	grey	5110	PCMT1	unique_official_exact	False	False	False	grey_not_a_network_block
EVI2A	blue	2123	EVI2A	unique_official_exact	True	True	True	included
ABCC1	magenta	4363	ABCC1	unique_official_exact	True	True	True	included
CDKN2AIP	grey	55602	CDKN2AIP	unique_official_exact	False	False	False	grey_not_a_network_block
CTSG	blue	1511	CTSG	unique_official_exact	True	True	True	included
INVS	turquoise	27130	INVS	unique_official_exact	True	True	True	included
AMD1	grey	262	AMD1	unique_official_exact	False	False	False	grey_not_a_network_block
GABARAPL2	blue	11345	GABARAPL2	unique_official_exact	True	True	True	included
UBAP2	grey	55833	UBAP2	unique_official_exact	False	False	False	grey_not_a_network_block
ARL3	grey	403	ARL3	unique_official_exact	False	False	False	grey_not_a_network_block
RBM17	green	84991	RBM17	unique_official_exact	True	True	True	included
COX6B1	grey	1340	COX6B1	unique_official_exact	False	False	False	grey_not_a_network_block
MAFK	grey	7975	MAFK	unique_official_exact	False	False	False	grey_not_a_network_block
H1-4	grey	3008	H1-4	unique_official_exact	False	False	False	grey_not_a_network_block
ZNF182	grey	7569	ZNF182	unique_official_exact	False	False	False	grey_not_a_network_block
LETMD1	grey	25875	LETMD1	unique_official_exact	False	False	False	grey_not_a_network_block
MAP7D1	yellow	55700	MAP7D1	unique_official_exact	True	True	True	included
CNPY4	grey	245812	CNPY4	unique_official_exact	False	False	False	grey_not_a_network_block
CASP8	grey	841	CASP8	unique_official_exact	False	False	False	grey_not_a_network_block
SRGAP2	brown	23380	SRGAP2	unique_official_exact	True	True	True	included
HARS2	grey	23438	HARS2	unique_official_exact	False	False	False	grey_not_a_network_block
CLTA	grey	1211	CLTA	unique_official_exact	False	False	False	grey_not_a_network_block
MFN2	yellow	9927	MFN2	unique_official_exact	True	True	True	included
TCHP	turquoise	84260	TCHP	unique_official_exact	True	True	True	included
GZF1	grey	64412	GZF1	unique_official_exact	False	False	False	grey_not_a_network_block
SAMD9L	grey	219285	SAMD9L	unique_official_exact	False	False	False	grey_not_a_network_block
GOLGA4	turquoise	2803	GOLGA4	unique_official_exact	True	True	True	included
ITPR1	black	3708	ITPR1	unique_official_exact	True	True	True	included
PLCE1	green	51196	PLCE1	unique_official_exact	True	True	True	included
DISP1	brown	84976	DISP1	unique_official_exact	True	True	True	included
MFSD6	grey	54842	MFSD6	unique_official_exact	False	False	False	grey_not_a_network_block
UBQLN4	grey	56893	UBQLN4	unique_official_exact	False	False	False	grey_not_a_network_block
KIFBP	grey	26128	KIFBP	unique_official_exact	False	False	False	grey_not_a_network_block
TBX3	green	6926	TBX3	unique_official_exact	True	True	True	included
GLCE	grey	26035	GLCE	unique_official_exact	False	False	False	grey_not_a_network_block
ABL2	grey	27	ABL2	unique_official_exact	False	False	False	grey_not_a_network_block
SPCS2	grey	9789	SPCS2	unique_official_exact	False	False	False	grey_not_a_network_block
ENG	black	2022	ENG	unique_official_exact	True	True	True	included
DHFR	grey	1719	DHFR	unique_official_exact	False	False	False	grey_not_a_network_block
RASSF4	brown	83937	RASSF4	unique_official_exact	True	True	True	included
TMEM14EP	turquoise	645843	TMEM14EP	unique_official_exact	True	True	True	included
DHX15	turquoise	1665	DHX15	unique_official_exact	True	True	True	included
TCEA2	grey	6919	TCEA2	unique_official_exact	False	False	False	grey_not_a_network_block
CDR2L	grey	30850	CDR2L	unique_official_exact	False	False	False	grey_not_a_network_block
ITGB1	yellow	3688	ITGB1	unique_official_exact	True	True	True	included
ARRB2	blue	409	ARRB2	unique_official_exact	True	True	True	included
FARSB	grey	10056	FARSB	unique_official_exact	False	False	False	grey_not_a_network_block
SIPA1L3	grey	23094	SIPA1L3	unique_official_exact	False	False	False	grey_not_a_network_block
CBS	green	875	CBS	unique_official_exact	True	True	True	included
DDHD2	grey	23259	DDHD2	unique_official_exact	False	False	False	grey_not_a_network_block
MRRF	black	92399	MRRF	unique_official_exact	True	True	True	included
SLC30A6	grey	55676	SLC30A6	unique_official_exact	False	False	False	grey_not_a_network_block
ZNF506	grey	440515	ZNF506	unique_official_exact	False	False	False	grey_not_a_network_block
RGS12	grey	6002	RGS12	unique_official_exact	False	False	False	grey_not_a_network_block
KLHL9	grey	55958	KLHL9	unique_official_exact	False	False	False	grey_not_a_network_block
ABCB7	grey	22	ABCB7	unique_official_exact	False	False	False	grey_not_a_network_block
PCDHGA2	grey	56113	PCDHGA2	unique_official_exact	False	False	False	grey_not_a_network_block
RASSF8	green	11228	RASSF8	unique_official_exact	True	True	True	included
TSC1	turquoise	7248	TSC1	unique_official_exact	True	True	True	included
IGBP1	blue	3476	IGBP1	unique_official_exact	True	True	True	included
STX5	red	6811	STX5	unique_official_exact	True	True	True	included
BIRC2	grey	329	BIRC2	unique_official_exact	False	False	False	grey_not_a_network_block
TMEM39A	grey	55254	TMEM39A	unique_official_exact	False	False	False	grey_not_a_network_block
HM13	blue	81502	HM13	unique_official_exact	True	True	True	included
PPP1R10	grey	5514	PPP1R10	unique_official_exact	False	False	False	grey_not_a_network_block
TMEM168	turquoise	64418	TMEM168	unique_official_exact	True	True	True	included
ARHGAP28	grey	79822	ARHGAP28	unique_official_exact	False	False	False	grey_not_a_network_block
TXNL1	grey	9352	TXNL1	unique_official_exact	False	False	False	grey_not_a_network_block
ANKRD40	red	91369	ANKRD40	unique_official_exact	True	True	True	included
DEPTOR	grey	64798	DEPTOR	unique_official_exact	False	False	False	grey_not_a_network_block
IER3	grey	8870	IER3	unique_official_exact	False	False	False	grey_not_a_network_block
HACL2	grey	10994	HACL2	unique_official_exact	False	False	False	grey_not_a_network_block
NDRG3	grey	57446	NDRG3	unique_official_exact	False	False	False	grey_not_a_network_block
FOXO4	brown	4303	FOXO4	unique_official_exact	True	True	True	included
SLU7	red	10569	SLU7	unique_official_exact	True	True	True	included
SPATS2	grey	65244	SPATS2	unique_official_exact	False	False	False	grey_not_a_network_block
RASGRF1	brown	5923	RASGRF1	unique_official_exact	True	True	True	included
ZDHHC7	blue	55625	ZDHHC7	unique_official_exact	True	True	True	included
TMEM259	turquoise	91304	TMEM259	unique_official_exact	True	True	True	included
NSL1	turquoise	25936	NSL1	unique_official_exact	True	True	True	included
ARFGEF3	grey	57221	ARFGEF3	unique_official_exact	False	False	False	grey_not_a_network_block
TBC1D15	grey	64786	TBC1D15	unique_official_exact	False	False	False	grey_not_a_network_block
RRM1	grey	6240	RRM1	unique_official_exact	False	False	False	grey_not_a_network_block
AGFG1	grey	3267	AGFG1	unique_official_exact	False	False	False	grey_not_a_network_block
PRPF39	grey	55015	PRPF39	unique_official_exact	False	False	False	grey_not_a_network_block
GON4L	turquoise	54856	GON4L	unique_official_exact	True	True	True	included
LRRTM2	brown	26045	LRRTM2	unique_official_exact	True	True	True	included
TPD52	grey	7163	TPD52	unique_official_exact	False	False	False	grey_not_a_network_block
PIGK	brown	10026	PIGK	unique_official_exact	True	True	True	included
ZC3H15	grey	55854	ZC3H15	unique_official_exact	False	False	False	grey_not_a_network_block
ECI2	grey	10455	ECI2	unique_official_exact	False	False	False	grey_not_a_network_block
CD46	magenta	4179	CD46	unique_official_exact	True	True	True	included
ZNF470	brown	388566	ZNF470	unique_official_exact	True	True	True	included
PPFIA2	grey	8499	PPFIA2	unique_official_exact	False	False	False	grey_not_a_network_block
TET3	brown	200424	TET3	unique_official_exact	True	True	True	included
STUM	pink	375057	STUM	unique_official_exact	True	True	True	included
UBE2Q1	blue	55585	UBE2Q1	unique_official_exact	True	True	True	included
IFT52	red	51098	IFT52	unique_official_exact	True	True	True	included
ARSD	grey	414	ARSD	unique_official_exact	False	False	False	grey_not_a_network_block
SLF2	turquoise	55719	SLF2	unique_official_exact	True	True	True	included
NCKAP5L	grey	57701	NCKAP5L	unique_official_exact	False	False	False	grey_not_a_network_block
SRSF8	brown	10929	SRSF8	unique_official_exact	True	True	True	included
RHBDF1	brown	64285	RHBDF1	unique_official_exact	True	True	True	included
NEDD1	grey	121441	NEDD1	unique_official_exact	False	False	False	grey_not_a_network_block
ZNF518B	blue	85460	ZNF518B	unique_official_exact	True	True	True	included
GMEB1	grey	10691	GMEB1	unique_official_exact	False	False	False	grey_not_a_network_block
PFDN5	blue	5204	PFDN5	unique_official_exact	True	True	True	included
ZNF138	grey	7697	ZNF138	unique_official_exact	False	False	False	grey_not_a_network_block
PAXBP1	turquoise	94104	PAXBP1	unique_official_exact	True	True	True	included
PIGG	turquoise	54872	PIGG	unique_official_exact	True	True	True	included
ZBTB5	grey	9925	ZBTB5	unique_official_exact	False	False	False	grey_not_a_network_block
ADO	brown	84890	ADO	unique_official_exact	True	True	True	included
ADGRL2	black	23266	ADGRL2	unique_official_exact	True	True	True	included
SAFB2	turquoise	9667	SAFB2	unique_official_exact	True	True	True	included
GTF3C3	grey	9330	GTF3C3	unique_official_exact	False	False	False	grey_not_a_network_block
DNAJC2	grey	27000	DNAJC2	unique_official_exact	False	False	False	grey_not_a_network_block
ZMYND8	turquoise	23613	ZMYND8	unique_official_exact	True	True	True	included
SLPI	red	6590	SLPI	unique_official_exact	True	True	True	included
R3HDM1	grey	23518	R3HDM1	unique_official_exact	False	False	False	grey_not_a_network_block
CMPK1	blue	51727	CMPK1	unique_official_exact	True	True	True	included
USP31	grey	57478	USP31	unique_official_exact	False	False	False	grey_not_a_network_block
PAWR	turquoise	5074	PAWR	unique_official_exact	True	True	True	included
GLDC	brown	2731	GLDC	unique_official_exact	True	True	True	included
EXTL3	green	2137	EXTL3	unique_official_exact	True	True	True	included
ARL4C	grey	10123	ARL4C	unique_official_exact	False	False	False	grey_not_a_network_block
CEBPB	yellow	1051	CEBPB	unique_official_exact	True	True	True	included
ORMDL3	yellow	94103	ORMDL3	unique_official_exact	True	True	True	included
EPS8	yellow	2059	EPS8	unique_official_exact	True	True	True	included
MRPS31P5	turquoise	100887750	MRPS31P5	unique_official_exact	True	True	True	included
ZNF777	grey	27153	ZNF777	unique_official_exact	False	False	False	grey_not_a_network_block
PPARGC1A	red	10891	PPARGC1A	unique_official_exact	True	True	True	included
IRAK3	yellow	11213	IRAK3	unique_official_exact	True	True	True	included
BZW2	grey	28969	BZW2	unique_official_exact	False	False	False	grey_not_a_network_block
OXCT2	turquoise	64064	OXCT2	unique_official_exact	True	True	True	included
SNX19	grey	399979	SNX19	unique_official_exact	False	False	False	grey_not_a_network_block
NPDC1	turquoise	56654	NPDC1	unique_official_exact	True	True	True	included
SEMA3F	pink	6405	SEMA3F	unique_official_exact	True	True	True	included
PCNP	red	57092	PCNP	unique_official_exact	True	True	True	included
USHBP1	turquoise	83878	USHBP1	unique_official_exact	True	True	True	included
SYPL1	grey	6856	SYPL1	unique_official_exact	False	False	False	grey_not_a_network_block
DIPK1B	black	138311	DIPK1B	unique_official_exact	True	True	True	included
LHFPL2	grey	10184	LHFPL2	unique_official_exact	False	False	False	grey_not_a_network_block
ENDOD1	brown	23052	ENDOD1	unique_official_exact	True	True	True	included
CCNYL1	grey	151195	CCNYL1	unique_official_exact	False	False	False	grey_not_a_network_block
PARD3	brown	56288	PARD3	unique_official_exact	True	True	True	included
NFIB	yellow	4781	NFIB	unique_official_exact	True	True	True	included
C5	grey	727	C5	unique_official_exact	False	False	False	grey_not_a_network_block
MTHFD1L	grey	25902	MTHFD1L	unique_official_exact	False	False	False	grey_not_a_network_block
GALC	grey	2581	GALC	unique_official_exact	False	False	False	grey_not_a_network_block
ERMAP	grey	114625	ERMAP	unique_official_exact	False	False	False	grey_not_a_network_block
ALOX5	blue	240	ALOX5	unique_official_exact	True	True	True	included
PSIP1	grey	11168	PSIP1	unique_official_exact	False	False	False	grey_not_a_network_block
AP1S2	brown	8905	AP1S2	unique_official_exact	True	True	True	included
KLHDC8B	grey	200942	KLHDC8B	unique_official_exact	False	False	False	grey_not_a_network_block
TP53I3	turquoise	9540	TP53I3	unique_official_exact	True	True	True	included
NUCB2	blue	4925	NUCB2	unique_official_exact	True	True	True	included
SHROOM4	turquoise	57477	SHROOM4	unique_official_exact	True	True	True	included
RSRC2	turquoise	65117	RSRC2	unique_official_exact	True	True	True	included
PDPN	brown	10630	PDPN	unique_official_exact	True	True	True	included
UBL3	grey	5412	UBL3	unique_official_exact	False	False	False	grey_not_a_network_block
ABLIM3	grey	22885	ABLIM3	unique_official_exact	False	False	False	grey_not_a_network_block
USP37	grey	57695	USP37	unique_official_exact	False	False	False	grey_not_a_network_block
USP13	grey	8975	USP13	unique_official_exact	False	False	False	grey_not_a_network_block
FKBP8	blue	23770	FKBP8	unique_official_exact	True	True	True	included
PPM1F	grey	9647	PPM1F	unique_official_exact	False	False	False	grey_not_a_network_block
SGPL1	brown	8879	SGPL1	unique_official_exact	True	True	True	included
NFATC1	green	4772	NFATC1	unique_official_exact	True	True	True	included
PTPRG	green	5793	PTPRG	unique_official_exact	True	True	True	included
CXCL16	red	58191	CXCL16	unique_official_exact	True	True	True	included
U2AF1L4	grey	199746	U2AF1L4	unique_official_exact	False	False	False	grey_not_a_network_block
RHEB	grey	6009	RHEB	unique_official_exact	False	False	False	grey_not_a_network_block
RNF185	grey	91445	RNF185	unique_official_exact	False	False	False	grey_not_a_network_block
TSG101	grey	7251	TSG101	unique_official_exact	False	False	False	grey_not_a_network_block
NCBP2	grey	22916	NCBP2	unique_official_exact	False	False	False	grey_not_a_network_block
MPP7	pink	143098	MPP7	unique_official_exact	True	True	True	included
SLC29A1	yellow	2030	SLC29A1	unique_official_exact	True	True	True	included
BEND7	grey	222389	BEND7	unique_official_exact	False	False	False	grey_not_a_network_block
RHBDD2	red	57414	RHBDD2	unique_official_exact	True	True	True	included
JRK	turquoise	8629	JRK	unique_official_exact	True	True	True	included
INPP5A	grey	3632	INPP5A	unique_official_exact	False	False	False	grey_not_a_network_block
EFNA5	blue	1946	EFNA5	unique_official_exact	True	True	True	included
LDLRAP1	grey	26119	LDLRAP1	unique_official_exact	False	False	False	grey_not_a_network_block
RPL12	grey	6136	RPL12	unique_official_exact	False	False	False	grey_not_a_network_block
ARL6IP5	blue	10550	ARL6IP5	unique_official_exact	True	True	True	included
APOB	green	338	APOB	unique_official_exact	True	True	True	included
ELP1	turquoise	8518	ELP1	unique_official_exact	True	True	True	included
VIRMA	grey	25962	VIRMA	unique_official_exact	False	False	False	grey_not_a_network_block
FOXD2-AS1	green	84793	FOXD2-AS1	unique_official_exact	True	True	True	included
PPP3CB	grey	5532	PPP3CB	unique_official_exact	False	False	False	grey_not_a_network_block
PRPF18	grey	8559	PRPF18	unique_official_exact	False	False	False	grey_not_a_network_block
CPSF1	turquoise	29894	CPSF1	unique_official_exact	True	True	True	included
ACVRL1	yellow	94	ACVRL1	unique_official_exact	True	True	True	included
CLCN2	brown	1181	CLCN2	unique_official_exact	True	True	True	included
SFMBT1	grey	51460	SFMBT1	unique_official_exact	False	False	False	grey_not_a_network_block
SETD3	grey	84193	SETD3	unique_official_exact	False	False	False	grey_not_a_network_block
NOL7	green	51406	NOL7	unique_official_exact	True	True	True	included
STAT5A	yellow	6776	STAT5A	unique_official_exact	True	True	True	included
FAM111A	brown	63901	FAM111A	unique_official_exact	True	True	True	included
ERBB4	grey	2066	ERBB4	unique_official_exact	False	False	False	grey_not_a_network_block
YTHDC2	turquoise	64848	YTHDC2	unique_official_exact	True	True	True	included
SIL1	grey	64374	SIL1	unique_official_exact	False	False	False	grey_not_a_network_block
EIF2B1	grey	1967	EIF2B1	unique_official_exact	False	False	False	grey_not_a_network_block
MAP9	grey	79884	MAP9	unique_official_exact	False	False	False	grey_not_a_network_block
TP53INP1	grey	94241	TP53INP1	unique_official_exact	False	False	False	grey_not_a_network_block
SRP19	grey	6728	SRP19	unique_official_exact	False	False	False	grey_not_a_network_block
ENAH	grey	55740	ENAH	unique_official_exact	False	False	False	grey_not_a_network_block
TRPC4AP	turquoise	26133	TRPC4AP	unique_official_exact	True	True	True	included
IL6R	grey	3570	IL6R	unique_official_exact	False	False	False	grey_not_a_network_block
TANK	grey	10010	TANK	unique_official_exact	False	False	False	grey_not_a_network_block
RNF19B	grey	127544	RNF19B	unique_official_exact	False	False	False	grey_not_a_network_block
HPS4	grey	89781	HPS4	unique_official_exact	False	False	False	grey_not_a_network_block
METAP1	grey	23173	METAP1	unique_official_exact	False	False	False	grey_not_a_network_block
UTP11	grey	51118	UTP11	unique_official_exact	False	False	False	grey_not_a_network_block
RCN1	blue	5954	RCN1	unique_official_exact	True	True	True	included
CA5B	grey	11238	CA5B	unique_official_exact	False	False	False	grey_not_a_network_block
CEP20	grey	123811	CEP20	unique_official_exact	False	False	False	grey_not_a_network_block
NMT2	yellow	9397	NMT2	unique_official_exact	True	True	True	included
PRPF19	grey	27339	PRPF19	unique_official_exact	False	False	False	grey_not_a_network_block
ZNF880	grey	400713	ZNF880	unique_official_exact	False	False	False	grey_not_a_network_block
TLE5	green	166	TLE5	unique_official_exact	True	True	True	included
FBN2	grey	2201	FBN2	unique_official_exact	False	False	False	grey_not_a_network_block
CACNB2	turquoise	783	CACNB2	unique_official_exact	True	True	True	included
ARL15	grey	54622	ARL15	unique_official_exact	False	False	False	grey_not_a_network_block
SLC35D2	grey	11046	SLC35D2	unique_official_exact	False	False	False	grey_not_a_network_block
ZNF277	grey	11179	ZNF277	unique_official_exact	False	False	False	grey_not_a_network_block
GALNT12	red	79695	GALNT12	unique_official_exact	True	True	True	included
GSTO1	grey	9446	GSTO1	unique_official_exact	False	False	False	grey_not_a_network_block
BEND3P3	grey	650623	BEND3P3	unique_official_exact	False	False	False	grey_not_a_network_block
RPTOR	black	57521	RPTOR	unique_official_exact	True	True	True	included
UVSSA	turquoise	57654	UVSSA	unique_official_exact	True	True	True	included
SLC1A4	grey	6509	SLC1A4	unique_official_exact	False	False	False	grey_not_a_network_block
PPARD	grey	5467	PPARD	unique_official_exact	False	False	False	grey_not_a_network_block
PAGR1	turquoise	79447	PAGR1	unique_official_exact	True	True	True	included
HNRNPA3	turquoise	220988	HNRNPA3	unique_official_exact	True	True	True	included
RAP2B	blue	5912	RAP2B	unique_official_exact	True	True	True	included
MTIF2	grey	4528	MTIF2	unique_official_exact	False	False	False	grey_not_a_network_block
HDAC1	grey	3065	HDAC1	unique_official_exact	False	False	False	grey_not_a_network_block
GLIDR	brown	389741	GLIDR	unique_official_exact	True	True	True	included
ARL13B	green	200894	ARL13B	unique_official_exact	True	True	True	included
GPRC5B	green	51704	GPRC5B	unique_official_exact	True	True	True	included
POLRMT	grey	5442	POLRMT	unique_official_exact	False	False	False	grey_not_a_network_block
PICALM	yellow	8301	PICALM	unique_official_exact	True	True	True	included
DZIP1L	turquoise	199221	DZIP1L	unique_official_exact	True	True	True	included
ZFP41	turquoise	286128	ZFP41	unique_official_exact	True	True	True	included
TUBGCP2	grey	10844	TUBGCP2	unique_official_exact	False	False	False	grey_not_a_network_block
MYSM1	turquoise	114803	MYSM1	unique_official_exact	True	True	True	included
UBLCP1	grey	134510	UBLCP1	unique_official_exact	False	False	False	grey_not_a_network_block
UQCRFS1	blue	7386	UQCRFS1	unique_official_exact	True	True	True	included
MRPS35	grey	60488	MRPS35	unique_official_exact	False	False	False	grey_not_a_network_block
YPEL5	grey	51646	YPEL5	unique_official_exact	False	False	False	grey_not_a_network_block
ST3GAL5	grey	8869	ST3GAL5	unique_official_exact	False	False	False	grey_not_a_network_block
HACE1	grey	57531	HACE1	unique_official_exact	False	False	False	grey_not_a_network_block
TSR1	grey	55720	TSR1	unique_official_exact	False	False	False	grey_not_a_network_block
UGP2	yellow	7360	UGP2	unique_official_exact	True	True	True	included
CBX4	grey	8535	CBX4	unique_official_exact	False	False	False	grey_not_a_network_block
PODXL2	brown	50512	PODXL2	unique_official_exact	True	True	True	included
PFN1	yellow	5216	PFN1	unique_official_exact	True	True	True	included
B3GALNT2	grey	148789	B3GALNT2	unique_official_exact	False	False	False	grey_not_a_network_block
ZDHHC2	brown	51201	ZDHHC2	unique_official_exact	True	True	True	included
PRPF31	grey	26121	PRPF31	unique_official_exact	False	False	False	grey_not_a_network_block
MUC1	green	4582	MUC1	unique_official_exact	True	True	True	included
MYCBP2	yellow	23077	MYCBP2	unique_official_exact	True	True	True	included
ZNF45	grey	7596	ZNF45	unique_official_exact	False	False	False	grey_not_a_network_block
IRX6	yellow	79190	IRX6	unique_official_exact	True	True	True	included
VTA1	grey	51534	VTA1	unique_official_exact	False	False	False	grey_not_a_network_block
TOMM20	red	9804	TOMM20	unique_official_exact	True	True	True	included
ATP13A1	turquoise	57130	ATP13A1	unique_official_exact	True	True	True	included
PDIA6	blue	10130	PDIA6	unique_official_exact	True	True	True	included
PAQR6	brown	79957	PAQR6	unique_official_exact	True	True	True	included
IKBIP	grey	121457	IKBIP	unique_official_exact	False	False	False	grey_not_a_network_block
MAN2B1	blue	4125	MAN2B1	unique_official_exact	True	True	True	included
NUP93	grey	9688	NUP93	unique_official_exact	False	False	False	grey_not_a_network_block
FRMD4B	green	23150	FRMD4B	unique_official_exact	True	True	True	included
ZNF808	grey	388558	ZNF808	unique_official_exact	False	False	False	grey_not_a_network_block
GPHN	grey	10243	GPHN	unique_official_exact	False	False	False	grey_not_a_network_block
FECH	blue	2235	FECH	unique_official_exact	True	True	True	included
IFT74	grey	80173	IFT74	unique_official_exact	False	False	False	grey_not_a_network_block
LRCH4	turquoise	4034	LRCH4	unique_official_exact	True	True	True	included
TRIM14	blue	9830	TRIM14	unique_official_exact	True	True	True	included
COQ10B	grey	80219	COQ10B	unique_official_exact	False	False	False	grey_not_a_network_block
DESI2	blue	51029	DESI2	unique_official_exact	True	True	True	included
OSBP2	yellow	23762	OSBP2	unique_official_exact	True	True	True	included
PYROXD1	grey	79912	PYROXD1	unique_official_exact	False	False	False	grey_not_a_network_block
SERAC1	grey	84947	SERAC1	unique_official_exact	False	False	False	grey_not_a_network_block
GLUL	green	2752	GLUL	unique_official_exact	True	True	True	included
NPIPA5	turquoise	100288332	NPIPA5	unique_official_exact	True	True	True	included
QTMAN	grey	79712	QTMAN	unique_official_exact	False	False	False	grey_not_a_network_block
PPIB	blue	5479	PPIB	unique_official_exact	True	True	True	included
RAB12	grey	201475	RAB12	unique_official_exact	False	False	False	grey_not_a_network_block
DCUN1D4	grey	23142	DCUN1D4	unique_official_exact	False	False	False	grey_not_a_network_block
ERCC3	turquoise	2071	ERCC3	unique_official_exact	True	True	True	included
FKBP10	red	60681	FKBP10	unique_official_exact	True	True	True	included
QRSL1	grey	55278	QRSL1	unique_official_exact	False	False	False	grey_not_a_network_block
PSMD5	grey	5711	PSMD5	unique_official_exact	False	False	False	grey_not_a_network_block
RPP30	grey	10556	RPP30	unique_official_exact	False	False	False	grey_not_a_network_block
KIF26A	black	26153	KIF26A	unique_official_exact	True	True	True	included
LDB3	pink	11155	LDB3	unique_official_exact	True	True	True	included
TSPOAP1	turquoise	9256	TSPOAP1	unique_official_exact	True	True	True	included
TBC1D14	grey	57533	TBC1D14	unique_official_exact	False	False	False	grey_not_a_network_block
D2HGDH	turquoise	728294	D2HGDH	unique_official_exact	True	True	True	included
RAI1	turquoise	10743	RAI1	unique_official_exact	True	True	True	included
P2RX7	brown	5027	P2RX7	unique_official_exact	True	True	True	included
BDP1	turquoise	55814	BDP1	unique_official_exact	True	True	True	included
FAH	yellow	2184	FAH	unique_official_exact	True	True	True	included
PRKD1	grey	5587	PRKD1	unique_official_exact	False	False	False	grey_not_a_network_block
GRAMD1A	turquoise	57655	GRAMD1A	unique_official_exact	True	True	True	included
KPNA5	turquoise	3841	KPNA5	unique_official_exact	True	True	True	included
FCN1	blue	2219	FCN1	unique_official_exact	True	True	True	included
PRDM15	turquoise	63977	PRDM15	unique_official_exact	True	True	True	included
CENPB	blue	1059	CENPB	unique_official_exact	True	True	True	included
PLCD3	green	113026	PLCD3	unique_official_exact	True	True	True	included
WSB2	blue	55884	WSB2	unique_official_exact	True	True	True	included
EIF2S2	grey	8894	EIF2S2	unique_official_exact	False	False	False	grey_not_a_network_block
RCL1	grey	10171	RCL1	unique_official_exact	False	False	False	grey_not_a_network_block
EIF3G	grey	8666	EIF3G	unique_official_exact	False	False	False	grey_not_a_network_block
TOM1L2	brown	146691	TOM1L2	unique_official_exact	True	True	True	included
DVL2	grey	1856	DVL2	unique_official_exact	False	False	False	grey_not_a_network_block
RNASEH2C	turquoise	84153	RNASEH2C	unique_official_exact	True	True	True	included
ANK2	blue	287	ANK2	unique_official_exact	True	True	True	included
ST6GALNAC5	brown	81849	ST6GALNAC5	unique_official_exact	True	True	True	included
DROSHA	grey	29102	DROSHA	unique_official_exact	False	False	False	grey_not_a_network_block
DZIP1	grey	22873	DZIP1	unique_official_exact	False	False	False	grey_not_a_network_block
CEP89	grey	84902	CEP89	unique_official_exact	False	False	False	grey_not_a_network_block
VTI1A	grey	143187	VTI1A	unique_official_exact	False	False	False	grey_not_a_network_block
COQ5	grey	84274	COQ5	unique_official_exact	False	False	False	grey_not_a_network_block
STAG3L5P-PVRIG2P-PILRB	turquoise	101752399	STAG3L5P-PVRIG2P-PILRB	unique_official_exact	True	True	True	included
ERCC4	grey	2072	ERCC4	unique_official_exact	False	False	False	grey_not_a_network_block
KMT5A	grey	387893	KMT5A	unique_official_exact	False	False	False	grey_not_a_network_block
TRPV2	grey	51393	TRPV2	unique_official_exact	False	False	False	grey_not_a_network_block
LITAF	blue	9516	LITAF	unique_official_exact	True	True	True	included
CALM2	red	805	CALM2	unique_official_exact	True	True	True	included
GLI2	grey	2736	GLI2	unique_official_exact	False	False	False	grey_not_a_network_block
ANO3	yellow	63982	ANO3	unique_official_exact	True	True	True	included
BRWD3	turquoise	254065	BRWD3	unique_official_exact	True	True	True	included
ZNF627	grey	199692	ZNF627	unique_official_exact	False	False	False	grey_not_a_network_block
C2CD2	yellow	25966	C2CD2	unique_official_exact	True	True	True	included
TLCD4	grey	148534	TLCD4	unique_official_exact	False	False	False	grey_not_a_network_block
TPD52L2	yellow	7165	TPD52L2	unique_official_exact	True	True	True	included
ADCK2	grey	90956	ADCK2	unique_official_exact	False	False	False	grey_not_a_network_block
TRAPPC9	grey	83696	TRAPPC9	unique_official_exact	False	False	False	grey_not_a_network_block
ALDOA	yellow	226	ALDOA	unique_official_exact	True	True	True	included
CNOT10	grey	25904	CNOT10	unique_official_exact	False	False	False	grey_not_a_network_block
LANCL2	grey	55915	LANCL2	unique_official_exact	False	False	False	grey_not_a_network_block
LINC01088	green	100505875	LINC01088	unique_official_exact	True	True	True	included
ZNF549	grey	256051	ZNF549	unique_official_exact	False	False	False	grey_not_a_network_block
TCP11L1	grey	55346	TCP11L1	unique_official_exact	False	False	False	grey_not_a_network_block
NKAPD1	grey	55216	NKAPD1	unique_official_exact	False	False	False	grey_not_a_network_block
HMGA1	grey	3159	HMGA1	unique_official_exact	False	False	False	grey_not_a_network_block
PPRC1	turquoise	23082	PPRC1	unique_official_exact	True	True	True	included
BTBD1	grey	53339	BTBD1	unique_official_exact	False	False	False	grey_not_a_network_block
CDIP1	green	29965	CDIP1	unique_official_exact	True	True	True	included
SENP1	grey	29843	SENP1	unique_official_exact	False	False	False	grey_not_a_network_block
GALM	blue	130589	GALM	unique_official_exact	True	True	True	included
ISG20	brown	3669	ISG20	unique_official_exact	True	True	True	included
CNOT6	grey	57472	CNOT6	unique_official_exact	False	False	False	grey_not_a_network_block
FOXK2	grey	3607	FOXK2	unique_official_exact	False	False	False	grey_not_a_network_block
ATP5PB	red	515	ATP5PB	unique_official_exact	True	True	True	included
RPS7	grey	6201	RPS7	unique_official_exact	False	False	False	grey_not_a_network_block
RPL8	grey	6132	RPL8	unique_official_exact	False	False	False	grey_not_a_network_block
GTF2F2	brown	2963	GTF2F2	unique_official_exact	True	True	True	included
SCAMP5	grey	192683	SCAMP5	unique_official_exact	False	False	False	grey_not_a_network_block
PAIP1	yellow	10605	PAIP1	unique_official_exact	True	True	True	included
TRERF1	grey	55809	TRERF1	unique_official_exact	False	False	False	grey_not_a_network_block
ABCF1	blue	23	ABCF1	unique_official_exact	True	True	True	included
COG3	grey	83548	COG3	unique_official_exact	False	False	False	grey_not_a_network_block
BUD13	grey	84811	BUD13	unique_official_exact	False	False	False	grey_not_a_network_block
RCC2	grey	55920	RCC2	unique_official_exact	False	False	False	grey_not_a_network_block
SNX29	grey	92017	SNX29	unique_official_exact	False	False	False	grey_not_a_network_block
ZNF252P	grey	286101	ZNF252P	unique_official_exact	False	False	False	grey_not_a_network_block
MBD5	grey	55777	MBD5	unique_official_exact	False	False	False	grey_not_a_network_block
EEF1B2	blue	1933	EEF1B2	unique_official_exact	True	True	True	included
ABLIM1	blue	3983	ABLIM1	unique_official_exact	True	True	True	included
DCAF7	brown	10238	DCAF7	unique_official_exact	True	True	True	included
DOK4	red	55715	DOK4	unique_official_exact	True	True	True	included
CLASRP	turquoise	11129	CLASRP	unique_official_exact	True	True	True	included
UBAC2	grey	337867	UBAC2	unique_official_exact	False	False	False	grey_not_a_network_block
CHTOP	grey	26097	CHTOP	unique_official_exact	False	False	False	grey_not_a_network_block
SLC48A1	grey	55652	SLC48A1	unique_official_exact	False	False	False	grey_not_a_network_block
RHBDF2	grey	79651	RHBDF2	unique_official_exact	False	False	False	grey_not_a_network_block
USP42	grey	84132	USP42	unique_official_exact	False	False	False	grey_not_a_network_block
NCAPD3	grey	23310	NCAPD3	unique_official_exact	False	False	False	grey_not_a_network_block
ZNF195	grey	7748	ZNF195	unique_official_exact	False	False	False	grey_not_a_network_block
AKAP8	grey	10270	AKAP8	unique_official_exact	False	False	False	grey_not_a_network_block
BLTP3B	grey	23074	BLTP3B	unique_official_exact	False	False	False	grey_not_a_network_block
LSM8	grey	51691	LSM8	unique_official_exact	False	False	False	grey_not_a_network_block
BCL9L	yellow	283149	BCL9L	unique_official_exact	True	True	True	included
RPS9	grey	6203	RPS9	unique_official_exact	False	False	False	grey_not_a_network_block
RASGEF1B	grey	153020	RASGEF1B	unique_official_exact	False	False	False	grey_not_a_network_block
COG1	turquoise	9382	COG1	unique_official_exact	True	True	True	included
CEP44	grey	80817	CEP44	unique_official_exact	False	False	False	grey_not_a_network_block
TWF1	grey	5756	TWF1	unique_official_exact	False	False	False	grey_not_a_network_block
DLL1	black	28514	DLL1	unique_official_exact	True	True	True	included
GNAZ	red	2781	GNAZ	unique_official_exact	True	True	True	included
GSPT1	yellow	2935	GSPT1	unique_official_exact	True	True	True	included
SLC13A4	turquoise	26266	SLC13A4	unique_official_exact	True	True	True	included
IL1RAP	red	3556	IL1RAP	unique_official_exact	True	True	True	included
POU3F2	brown	5454	POU3F2	unique_official_exact	True	True	True	included
JCAD	grey	57608	JCAD	unique_official_exact	False	False	False	grey_not_a_network_block
TCEAL7	grey	56849	TCEAL7	unique_official_exact	False	False	False	grey_not_a_network_block
FXYD1	brown	5348	FXYD1	unique_official_exact	True	True	True	included
POFUT3	red	84750	POFUT3	unique_official_exact	True	True	True	included
TSPYL5	grey	85453	TSPYL5	unique_official_exact	False	False	False	grey_not_a_network_block
VSTM4	grey	196740	VSTM4	unique_official_exact	False	False	False	grey_not_a_network_block
KRT222	blue	125113	KRT222	unique_official_exact	True	True	True	included
ACSL5	grey	51703	ACSL5	unique_official_exact	False	False	False	grey_not_a_network_block
ZNF791	grey	163049	ZNF791	unique_official_exact	False	False	False	grey_not_a_network_block
TPRG1	yellow	285386	TPRG1	unique_official_exact	True	True	True	included
PDGFC	grey	56034	PDGFC	unique_official_exact	False	False	False	grey_not_a_network_block
RRAGD	yellow	58528	RRAGD	unique_official_exact	True	True	True	included
PDGFD	red	80310	PDGFD	unique_official_exact	True	True	True	included
CHCHD7	grey	79145	CHCHD7	unique_official_exact	False	False	False	grey_not_a_network_block
SMC4	grey	10051	SMC4	unique_official_exact	False	False	False	grey_not_a_network_block
MOCS3	grey	27304	MOCS3	unique_official_exact	False	False	False	grey_not_a_network_block
BCL10	grey	8915	BCL10	unique_official_exact	False	False	False	grey_not_a_network_block
DSN1	grey	79980	DSN1	unique_official_exact	False	False	False	grey_not_a_network_block
APPL2	grey	55198	APPL2	unique_official_exact	False	False	False	grey_not_a_network_block
PIAS4	grey	51588	PIAS4	unique_official_exact	False	False	False	grey_not_a_network_block
ALG10B	grey	144245	ALG10B	unique_official_exact	False	False	False	grey_not_a_network_block
HYAL1	grey	3373	HYAL1	unique_official_exact	False	False	False	grey_not_a_network_block
MAP4K3	grey	8491	MAP4K3	unique_official_exact	False	False	False	grey_not_a_network_block
IVD	turquoise	3712	IVD	unique_official_exact	True	True	True	included
ZNF793	grey	390927	ZNF793	unique_official_exact	False	False	False	grey_not_a_network_block
NFKBIZ	black	64332	NFKBIZ	unique_official_exact	True	True	True	included
SOCS2	black	8835	SOCS2	unique_official_exact	True	True	True	included
CSTF3	grey	1479	CSTF3	unique_official_exact	False	False	False	grey_not_a_network_block
CRIP1	grey	1396	CRIP1	unique_official_exact	False	False	False	grey_not_a_network_block
KIF27	turquoise	55582	KIF27	unique_official_exact	True	True	True	included
HECW2	grey	57520	HECW2	unique_official_exact	False	False	False	grey_not_a_network_block
CWC22	red	57703	CWC22	unique_official_exact	True	True	True	included
RESF1	grey	55196	RESF1	unique_official_exact	False	False	False	grey_not_a_network_block
TAF2	grey	6873	TAF2	unique_official_exact	False	False	False	grey_not_a_network_block
FAM117A	grey	81558	FAM117A	unique_official_exact	False	False	False	grey_not_a_network_block
SLC43A3	blue	29015	SLC43A3	unique_official_exact	True	True	True	included
CUL2	grey	8453	CUL2	unique_official_exact	False	False	False	grey_not_a_network_block
PLEKHM1	magenta	9842	PLEKHM1	unique_official_exact	True	True	True	included
IER2	yellow	9592	IER2	unique_official_exact	True	True	True	included
WDR91	turquoise	29062	WDR91	unique_official_exact	True	True	True	included
DDX10	grey	1662	DDX10	unique_official_exact	False	False	False	grey_not_a_network_block
DGKG	pink	1608	DGKG	unique_official_exact	True	True	True	included
ECHDC3	yellow	79746	ECHDC3	unique_official_exact	True	True	True	included
ZNF839	turquoise	55778	ZNF839	unique_official_exact	True	True	True	included
ATXN10	grey	25814	ATXN10	unique_official_exact	False	False	False	grey_not_a_network_block
ATG14	grey	22863	ATG14	unique_official_exact	False	False	False	grey_not_a_network_block
SLC44A2	brown	57153	SLC44A2	unique_official_exact	True	True	True	included
DAP	blue	1611	DAP	unique_official_exact	True	True	True	included
GCC1	blue	79571	GCC1	unique_official_exact	True	True	True	included
CENPC	grey	1060	CENPC	unique_official_exact	False	False	False	grey_not_a_network_block
WFS1	grey	7466	WFS1	unique_official_exact	False	False	False	grey_not_a_network_block
RBMXL1	brown	494115	RBMXL1	unique_official_exact	True	True	True	included
CDK10	turquoise	8558	CDK10	unique_official_exact	True	True	True	included
PPARA	grey	5465	PPARA	unique_official_exact	False	False	False	grey_not_a_network_block
CTDP1	magenta	9150	CTDP1	unique_official_exact	True	True	True	included
SPTBN4	grey	57731	SPTBN4	unique_official_exact	False	False	False	grey_not_a_network_block
CREBL2	blue	1389	CREBL2	unique_official_exact	True	True	True	included
BRPF1	grey	7862	BRPF1	unique_official_exact	False	False	False	grey_not_a_network_block
ENTPD3	turquoise	956	ENTPD3	unique_official_exact	True	True	True	included
CEP95	turquoise	90799	CEP95	unique_official_exact	True	True	True	included
MRPL49	grey	740	MRPL49	unique_official_exact	False	False	False	grey_not_a_network_block
KIF20B	grey	9585	KIF20B	unique_official_exact	False	False	False	grey_not_a_network_block
MAP7D3	yellow	79649	MAP7D3	unique_official_exact	True	True	True	included
ERGIC3	grey	51614	ERGIC3	unique_official_exact	False	False	False	grey_not_a_network_block
MYEF2	brown	50804	MYEF2	unique_official_exact	True	True	True	included
TUT4	brown	23318	TUT4	unique_official_exact	True	True	True	included
UPF3A	pink	65110	UPF3A	unique_official_exact	True	True	True	included
NUCKS1	red	64710	NUCKS1	unique_official_exact	True	True	True	included
TLDC2	turquoise	140711	TLDC2	unique_official_exact	True	True	True	included
LTAP1	blue	25912	LTAP1	unique_official_exact	True	True	True	included
MTMR10	grey	54893	MTMR10	unique_official_exact	False	False	False	grey_not_a_network_block
CILK1	grey	22858	CILK1	unique_official_exact	False	False	False	grey_not_a_network_block
ITGAX	grey	3687	ITGAX	unique_official_exact	False	False	False	grey_not_a_network_block
FAM20B	green	9917	FAM20B	unique_official_exact	True	True	True	included
NEK11	grey	79858	NEK11	unique_official_exact	False	False	False	grey_not_a_network_block
ZNF865	grey	100507290	ZNF865	unique_official_exact	False	False	False	grey_not_a_network_block
PIM1	yellow	5292	PIM1	unique_official_exact	True	True	True	included
NFATC2	grey	4773	NFATC2	unique_official_exact	False	False	False	grey_not_a_network_block
STX16	turquoise	8675	STX16	unique_official_exact	True	True	True	included
AMOTL2	grey	51421	AMOTL2	unique_official_exact	False	False	False	grey_not_a_network_block
TRMT10B	turquoise	158234	TRMT10B	unique_official_exact	True	True	True	included
CBLN4	grey	140689	CBLN4	unique_official_exact	False	False	False	grey_not_a_network_block
ZNF276	turquoise	92822	ZNF276	unique_official_exact	True	True	True	included
IWS1	turquoise	55677	IWS1	unique_official_exact	True	True	True	included
HIC2	grey	23119	HIC2	unique_official_exact	False	False	False	grey_not_a_network_block
SMYD2	yellow	56950	SMYD2	unique_official_exact	True	True	True	included
PPIP5K2	grey	23262	PPIP5K2	unique_official_exact	False	False	False	grey_not_a_network_block
PRRG1	blue	5638	PRRG1	unique_official_exact	True	True	True	included
IFRD2	yellow	7866	IFRD2	unique_official_exact	True	True	True	included
KLF3	blue	51274	KLF3	unique_official_exact	True	True	True	included
POLR2E	yellow	5434	POLR2E	unique_official_exact	True	True	True	included
TEAD3	grey	7005	TEAD3	unique_official_exact	False	False	False	grey_not_a_network_block
LGALS3BP	blue	3959	LGALS3BP	unique_official_exact	True	True	True	included
AFTPH	grey	54812	AFTPH	unique_official_exact	False	False	False	grey_not_a_network_block
AHCY	red	191	AHCY	unique_official_exact	True	True	True	included
MBD2	grey	8932	MBD2	unique_official_exact	False	False	False	grey_not_a_network_block
TANGO6	turquoise	79613	TANGO6	unique_official_exact	True	True	True	included
CALM3	red	808	CALM3	unique_official_exact	True	True	True	included
GGA2	grey	23062	GGA2	unique_official_exact	False	False	False	grey_not_a_network_block
LRP1B	grey	53353	LRP1B	unique_official_exact	False	False	False	grey_not_a_network_block
NPM1	blue	4869	NPM1	unique_official_exact	True	True	True	included
PITPNM1	brown	9600	PITPNM1	unique_official_exact	True	True	True	included
CARS1	grey	833	CARS1	unique_official_exact	False	False	False	grey_not_a_network_block
PIGT	blue	51604	PIGT	unique_official_exact	True	True	True	included
IFT88	turquoise	8100	IFT88	unique_official_exact	True	True	True	included
ASB6	grey	140459	ASB6	unique_official_exact	False	False	False	grey_not_a_network_block
STOX1	black	219736	STOX1	unique_official_exact	True	True	True	included
BTD	magenta	686	BTD	unique_official_exact	True	True	True	included
PAF1	grey	54623	PAF1	unique_official_exact	False	False	False	grey_not_a_network_block
LEF1	brown	51176	LEF1	unique_official_exact	True	True	True	included
ZNF8	grey	7554	ZNF8	unique_official_exact	False	False	False	grey_not_a_network_block
RPL38	grey	6169	RPL38	unique_official_exact	False	False	False	grey_not_a_network_block
MAK16	grey	84549	MAK16	unique_official_exact	False	False	False	grey_not_a_network_block
BACH1	red	571	BACH1	unique_official_exact	True	True	True	included
KCNT2	turquoise	343450	KCNT2	unique_official_exact	True	True	True	included
E2F4	grey	1874	E2F4	unique_official_exact	False	False	False	grey_not_a_network_block
CLTB	green	1212	CLTB	unique_official_exact	True	True	True	included
PDK2	grey	5164	PDK2	unique_official_exact	False	False	False	grey_not_a_network_block
PITRM1	magenta	10531	PITRM1	unique_official_exact	True	True	True	included
GPM6A	brown	2823	GPM6A	unique_official_exact	True	True	True	included
QKI	brown	9444	QKI	unique_official_exact	True	True	True	included
NDUFB10	grey	4716	NDUFB10	unique_official_exact	False	False	False	grey_not_a_network_block
CEP112	turquoise	201134	CEP112	unique_official_exact	True	True	True	included
SCARA3	blue	51435	SCARA3	unique_official_exact	True	True	True	included
PNP	yellow	4860	PNP	unique_official_exact	True	True	True	included
SNCAIP	black	9627	SNCAIP	unique_official_exact	True	True	True	included
RASA1	turquoise	5921	RASA1	unique_official_exact	True	True	True	included
ZFP30	grey	22835	ZFP30	unique_official_exact	False	False	False	grey_not_a_network_block
POT1	grey	25913	POT1	unique_official_exact	False	False	False	grey_not_a_network_block
PCDHGB6	grey	56100	PCDHGB6	unique_official_exact	False	False	False	grey_not_a_network_block
DNTTIP2	grey	30836	DNTTIP2	unique_official_exact	False	False	False	grey_not_a_network_block
TAF7	grey	6879	TAF7	unique_official_exact	False	False	False	grey_not_a_network_block
ARMH4	grey	145407	ARMH4	unique_official_exact	False	False	False	grey_not_a_network_block
HSD17B12	grey	51144	HSD17B12	unique_official_exact	False	False	False	grey_not_a_network_block
EIF2AK1	blue	27102	EIF2AK1	unique_official_exact	True	True	True	included
EIF4E2	blue	9470	EIF4E2	unique_official_exact	True	True	True	included
RAB31	blue	11031	RAB31	unique_official_exact	True	True	True	included
BCAS2	grey	10286	BCAS2	unique_official_exact	False	False	False	grey_not_a_network_block
CTPS1	turquoise	1503	CTPS1	unique_official_exact	True	True	True	included
DCK	grey	1633	DCK	unique_official_exact	False	False	False	grey_not_a_network_block
TRAF5	turquoise	7188	TRAF5	unique_official_exact	True	True	True	included
MKI67	grey	4288	MKI67	unique_official_exact	False	False	False	grey_not_a_network_block
CITED2	grey	10370	CITED2	unique_official_exact	False	False	False	grey_not_a_network_block
TSPAN14	grey	81619	TSPAN14	unique_official_exact	False	False	False	grey_not_a_network_block
YIPF5	grey	81555	YIPF5	unique_official_exact	False	False	False	grey_not_a_network_block
UAP1	yellow	6675	UAP1	unique_official_exact	True	True	True	included
SCCPDH	grey	51097	SCCPDH	unique_official_exact	False	False	False	grey_not_a_network_block
RECQL	grey	5965	RECQL	unique_official_exact	False	False	False	grey_not_a_network_block
NAALADL2	grey	254827	NAALADL2	unique_official_exact	False	False	False	grey_not_a_network_block
UBXN1	grey	51035	UBXN1	unique_official_exact	False	False	False	grey_not_a_network_block
EXOC5	grey	10640	EXOC5	unique_official_exact	False	False	False	grey_not_a_network_block
RO60	grey	6738	RO60	unique_official_exact	False	False	False	grey_not_a_network_block
P3H1	grey	64175	P3H1	unique_official_exact	False	False	False	grey_not_a_network_block
COMMD9	blue	29099	COMMD9	unique_official_exact	True	True	True	included
ZBTB9	grey	221504	ZBTB9	unique_official_exact	False	False	False	grey_not_a_network_block
POR	grey	5447	POR	unique_official_exact	False	False	False	grey_not_a_network_block
CDO1	grey	1036	CDO1	unique_official_exact	False	False	False	grey_not_a_network_block
RRP7A	grey	27341	RRP7A	unique_official_exact	False	False	False	grey_not_a_network_block
OSTM1	grey	28962	OSTM1	unique_official_exact	False	False	False	grey_not_a_network_block
RIT1	grey	6016	RIT1	unique_official_exact	False	False	False	grey_not_a_network_block
KRIT1	grey	889	KRIT1	unique_official_exact	False	False	False	grey_not_a_network_block
BRD9	turquoise	65980	BRD9	unique_official_exact	True	True	True	included
ITPKB	brown	3707	ITPKB	unique_official_exact	True	True	True	included
ADAMTS8	brown	11095	ADAMTS8	unique_official_exact	True	True	True	included
MLH1	grey	4292	MLH1	unique_official_exact	False	False	False	grey_not_a_network_block
CC2D2A	grey	57545	CC2D2A	unique_official_exact	False	False	False	grey_not_a_network_block
SNX21	yellow	90203	SNX21	unique_official_exact	True	True	True	included
FSTL3	grey	10272	FSTL3	unique_official_exact	False	False	False	grey_not_a_network_block
CIBAR1	grey	137392	CIBAR1	unique_official_exact	False	False	False	grey_not_a_network_block
GOLGA1	grey	2800	GOLGA1	unique_official_exact	False	False	False	grey_not_a_network_block
GDI1	brown	2664	GDI1	unique_official_exact	True	True	True	included
MTMR1	grey	8776	MTMR1	unique_official_exact	False	False	False	grey_not_a_network_block
TNRC6C	brown	57690	TNRC6C	unique_official_exact	True	True	True	included
FZD8	brown	8325	FZD8	unique_official_exact	True	True	True	included
APOL3	black	80833	APOL3	unique_official_exact	True	True	True	included
TMOD3	green	29766	TMOD3	unique_official_exact	True	True	True	included
SLC75A1	turquoise	10227	SLC75A1	unique_official_exact	True	True	True	included
CLCN4	grey	1183	CLCN4	unique_official_exact	False	False	False	grey_not_a_network_block
CCDC6	grey	8030	CCDC6	unique_official_exact	False	False	False	grey_not_a_network_block
NSF	grey	4905	NSF	unique_official_exact	False	False	False	grey_not_a_network_block
SLC7A6	turquoise	9057	SLC7A6	unique_official_exact	True	True	True	included
LNPEP	yellow	4012	LNPEP	unique_official_exact	True	True	True	included
METTL16	grey	79066	METTL16	unique_official_exact	False	False	False	grey_not_a_network_block
DLC1	grey	10395	DLC1	unique_official_exact	False	False	False	grey_not_a_network_block
TPM4	red	7171	TPM4	unique_official_exact	True	True	True	included
MAP3K1	grey	4214	MAP3K1	unique_official_exact	False	False	False	grey_not_a_network_block
RNF167	grey	26001	RNF167	unique_official_exact	False	False	False	grey_not_a_network_block
TMEM9B	red	56674	TMEM9B	unique_official_exact	True	True	True	included
HDAC11	brown	79885	HDAC11	unique_official_exact	True	True	True	included
STON1	green	11037	STON1	unique_official_exact	True	True	True	included
SAMD12	green	401474	SAMD12	unique_official_exact	True	True	True	included
HNRNPLL	green	92906	HNRNPLL	unique_official_exact	True	True	True	included
TDRD3	turquoise	81550	TDRD3	unique_official_exact	True	True	True	included
CASTOR3P	brown	352954	CASTOR3P	unique_official_exact	True	True	True	included
LIN7C	grey	55327	LIN7C	unique_official_exact	False	False	False	grey_not_a_network_block
LIMS1	yellow	3987	LIMS1	unique_official_exact	True	True	True	included
KCNN3	pink	3782	KCNN3	unique_official_exact	True	True	True	included
PRKAA1	grey	5562	PRKAA1	unique_official_exact	False	False	False	grey_not_a_network_block
PELI1	grey	57162	PELI1	unique_official_exact	False	False	False	grey_not_a_network_block
MAP3K8	grey	1326	MAP3K8	unique_official_exact	False	False	False	grey_not_a_network_block
NR5A2	grey	2494	NR5A2	unique_official_exact	False	False	False	grey_not_a_network_block
ATF6B	grey	1388	ATF6B	unique_official_exact	False	False	False	grey_not_a_network_block
ARSG	grey	22901	ARSG	unique_official_exact	False	False	False	grey_not_a_network_block
TMEM248	red	55069	TMEM248	unique_official_exact	True	True	True	included
LEO1	grey	123169	LEO1	unique_official_exact	False	False	False	grey_not_a_network_block
GYS1	grey	2997	GYS1	unique_official_exact	False	False	False	grey_not_a_network_block
CCDC71	grey	64925	CCDC71	unique_official_exact	False	False	False	grey_not_a_network_block
FAM20C	blue	56975	FAM20C	unique_official_exact	True	True	True	included
TINF2	grey	26277	TINF2	unique_official_exact	False	False	False	grey_not_a_network_block
RPS6KB1	blue	6198	RPS6KB1	unique_official_exact	True	True	True	included
RANGAP1	grey	5905	RANGAP1	unique_official_exact	False	False	False	grey_not_a_network_block
HERC4	grey	26091	HERC4	unique_official_exact	False	False	False	grey_not_a_network_block
CDK9	turquoise	1025	CDK9	unique_official_exact	True	True	True	included
FAM149A	grey	25854	FAM149A	unique_official_exact	False	False	False	grey_not_a_network_block
WBP1L	blue	54838	WBP1L	unique_official_exact	True	True	True	included
TAB1	brown	10454	TAB1	unique_official_exact	True	True	True	included
ATAD5	turquoise	79915	ATAD5	unique_official_exact	True	True	True	included
NPTX2	brown	4885	NPTX2	unique_official_exact	True	True	True	included
LACTB	grey	114294	LACTB	unique_official_exact	False	False	False	grey_not_a_network_block
PSMA6	grey	5687	PSMA6	unique_official_exact	False	False	False	grey_not_a_network_block
FKRP	grey	79147	FKRP	unique_official_exact	False	False	False	grey_not_a_network_block
NHERF1	grey	9368	NHERF1	unique_official_exact	False	False	False	grey_not_a_network_block
PRKRA	grey	8575	PRKRA	unique_official_exact	False	False	False	grey_not_a_network_block
NIPSNAP3A	yellow	25934	NIPSNAP3A	unique_official_exact	True	True	True	included
FAU	grey	2197	FAU	unique_official_exact	False	False	False	grey_not_a_network_block
PPP6R2	turquoise	9701	PPP6R2	unique_official_exact	True	True	True	included
CDAN1	turquoise	146059	CDAN1	unique_official_exact	True	True	True	included
UBA6	grey	55236	UBA6	unique_official_exact	False	False	False	grey_not_a_network_block
LTV1	magenta	84946	LTV1	unique_official_exact	True	True	True	included
ZBTB46	grey	140685	ZBTB46	unique_official_exact	False	False	False	grey_not_a_network_block
NCF4	blue	4689	NCF4	unique_official_exact	True	True	True	included
EDRF1	turquoise	26098	EDRF1	unique_official_exact	True	True	True	included
ANGEL2	grey	90806	ANGEL2	unique_official_exact	False	False	False	grey_not_a_network_block
TIPE1	grey	126282	TIPE1	unique_official_exact	False	False	False	grey_not_a_network_block
RSL24D1	grey	51187	RSL24D1	unique_official_exact	False	False	False	grey_not_a_network_block
EIF3A	yellow	8661	EIF3A	unique_official_exact	True	True	True	included
PSMC1	grey	5700	PSMC1	unique_official_exact	False	False	False	grey_not_a_network_block
IPO9	turquoise	55705	IPO9	unique_official_exact	True	True	True	included
CDYL	grey	9425	CDYL	unique_official_exact	False	False	False	grey_not_a_network_block
GABPB2	turquoise	126626	GABPB2	unique_official_exact	True	True	True	included
AGO3	grey	192669	AGO3	unique_official_exact	False	False	False	grey_not_a_network_block
CMTM4	grey	146223	CMTM4	unique_official_exact	False	False	False	grey_not_a_network_block
LPIN1	grey	23175	LPIN1	unique_official_exact	False	False	False	grey_not_a_network_block
ANGEL1	turquoise	23357	ANGEL1	unique_official_exact	True	True	True	included
ADRA1A	yellow	148	ADRA1A	unique_official_exact	True	True	True	included
PDE12	grey	201626	PDE12	unique_official_exact	False	False	False	grey_not_a_network_block
RPS6	grey	6194	RPS6	unique_official_exact	False	False	False	grey_not_a_network_block
LRRC40	grey	55631	LRRC40	unique_official_exact	False	False	False	grey_not_a_network_block
SETD4	turquoise	54093	SETD4	unique_official_exact	True	True	True	included
CLPTM1	grey	1209	CLPTM1	unique_official_exact	False	False	False	grey_not_a_network_block
SNHG16	brown	100507246	SNHG16	unique_official_exact	True	True	True	included
TRIM5	grey	85363	TRIM5	unique_official_exact	False	False	False	grey_not_a_network_block
PEG3	brown	5178	PEG3	unique_official_exact	True	True	True	included
ACER3	grey	55331	ACER3	unique_official_exact	False	False	False	grey_not_a_network_block
KCNMB1	pink	3779	KCNMB1	unique_official_exact	True	True	True	included
NTN4	grey	59277	NTN4	unique_official_exact	False	False	False	grey_not_a_network_block
SESTD1	yellow	91404	SESTD1	unique_official_exact	True	True	True	included
COMT	grey	1312	COMT	unique_official_exact	False	False	False	grey_not_a_network_block
MTMR11	grey	10903	MTMR11	unique_official_exact	False	False	False	grey_not_a_network_block
GADD45B	grey	4616	GADD45B	unique_official_exact	False	False	False	grey_not_a_network_block
DNAJC5	grey	80331	DNAJC5	unique_official_exact	False	False	False	grey_not_a_network_block
RALGDS	turquoise	5900	RALGDS	unique_official_exact	True	True	True	included
ANKRD24	turquoise	170961	ANKRD24	unique_official_exact	True	True	True	included
RHOU	grey	58480	RHOU	unique_official_exact	False	False	False	grey_not_a_network_block
KDSR	red	2531	KDSR	unique_official_exact	True	True	True	included
ZNF677	grey	342926	ZNF677	unique_official_exact	False	False	False	grey_not_a_network_block
SSR4	red	6748	SSR4	unique_official_exact	True	True	True	included
ATP6V0A2	grey	23545	ATP6V0A2	unique_official_exact	False	False	False	grey_not_a_network_block
SEPHS2	blue	22928	SEPHS2	unique_official_exact	True	True	True	included
FMNL3	grey	91010	FMNL3	unique_official_exact	False	False	False	grey_not_a_network_block
COA5	turquoise	493753	COA5	unique_official_exact	True	True	True	included
MTRF1L	grey	54516	MTRF1L	unique_official_exact	False	False	False	grey_not_a_network_block
ARMCX5	grey	64860	ARMCX5	unique_official_exact	False	False	False	grey_not_a_network_block
KTN1	grey	3895	KTN1	unique_official_exact	False	False	False	grey_not_a_network_block
TMEM220	grey	388335	TMEM220	unique_official_exact	False	False	False	grey_not_a_network_block
CSGALNACT2	grey	55454	CSGALNACT2	unique_official_exact	False	False	False	grey_not_a_network_block
TTC7B	grey	145567	TTC7B	unique_official_exact	False	False	False	grey_not_a_network_block
CLN8	brown	2055	CLN8	unique_official_exact	True	True	True	included
GDAP2	grey	54834	GDAP2	unique_official_exact	False	False	False	grey_not_a_network_block
MTRR	grey	4552	MTRR	unique_official_exact	False	False	False	grey_not_a_network_block
INTS6	grey	26512	INTS6	unique_official_exact	False	False	False	grey_not_a_network_block
CWC25	grey	54883	CWC25	unique_official_exact	False	False	False	grey_not_a_network_block
TRIM28	grey	10155	TRIM28	unique_official_exact	False	False	False	grey_not_a_network_block
HEMK1	turquoise	51409	HEMK1	unique_official_exact	True	True	True	included
XG	blue	7499	XG	unique_official_exact	True	True	True	included
YARS1	grey	8565	YARS1	unique_official_exact	False	False	False	grey_not_a_network_block
MS4A4A	blue	51338	MS4A4A	unique_official_exact	True	True	True	included
TGFB1I1	grey	7041	TGFB1I1	unique_official_exact	False	False	False	grey_not_a_network_block
TTC8	grey	123016	TTC8	unique_official_exact	False	False	False	grey_not_a_network_block
ZNF678	grey	339500	ZNF678	unique_official_exact	False	False	False	grey_not_a_network_block
SLC23A2	brown	9962	SLC23A2	unique_official_exact	True	True	True	included
ST6GALNAC1	grey	55808	ST6GALNAC1	unique_official_exact	False	False	False	grey_not_a_network_block
GRSF1	grey	2926	GRSF1	unique_official_exact	False	False	False	grey_not_a_network_block
CCL5	blue	6352	CCL5	unique_official_exact	True	True	True	included
PGAM1	blue	5223	PGAM1	unique_official_exact	True	True	True	included
POLR3A	grey	11128	POLR3A	unique_official_exact	False	False	False	grey_not_a_network_block
PPP2R3A	grey	5523	PPP2R3A	unique_official_exact	False	False	False	grey_not_a_network_block
MTIF3	magenta	219402	MTIF3	unique_official_exact	True	True	True	included
MPI	grey	4351	MPI	unique_official_exact	False	False	False	grey_not_a_network_block
FBLN7	black	129804	FBLN7	unique_official_exact	True	True	True	included
HMCES	grey	56941	HMCES	unique_official_exact	False	False	False	grey_not_a_network_block
SMS	blue	6611	SMS	unique_official_exact	True	True	True	included
NSMCE4A	grey	54780	NSMCE4A	unique_official_exact	False	False	False	grey_not_a_network_block
TMX3	grey	54495	TMX3	unique_official_exact	False	False	False	grey_not_a_network_block
ARMC2	grey	84071	ARMC2	unique_official_exact	False	False	False	grey_not_a_network_block
ILDR2	brown	387597	ILDR2	unique_official_exact	True	True	True	included
ZNRF2	grey	223082	ZNRF2	unique_official_exact	False	False	False	grey_not_a_network_block
EIF3M	grey	10480	EIF3M	unique_official_exact	False	False	False	grey_not_a_network_block
PLCG1	turquoise	5335	PLCG1	unique_official_exact	True	True	True	included
HAS2	blue	3037	HAS2	unique_official_exact	True	True	True	included
RSU1	grey	6251	RSU1	unique_official_exact	False	False	False	grey_not_a_network_block
ATF1	grey	466	ATF1	unique_official_exact	False	False	False	grey_not_a_network_block
SRGAP1	turquoise	57522	SRGAP1	unique_official_exact	True	True	True	included
UBE2K	grey	3093	UBE2K	unique_official_exact	False	False	False	grey_not_a_network_block
GADD45A	grey	1647	GADD45A	unique_official_exact	False	False	False	grey_not_a_network_block
ELAPOR2	grey	222223	ELAPOR2	unique_official_exact	False	False	False	grey_not_a_network_block
NSRP1	grey	84081	NSRP1	unique_official_exact	False	False	False	grey_not_a_network_block
PIK3IP1	grey	113791	PIK3IP1	unique_official_exact	False	False	False	grey_not_a_network_block
SRM	grey	6723	SRM	unique_official_exact	False	False	False	grey_not_a_network_block
MAP3K12	turquoise	7786	MAP3K12	unique_official_exact	True	True	True	included
TNFSF15	green	9966	TNFSF15	unique_official_exact	True	True	True	included
SAP18	red	10284	SAP18	unique_official_exact	True	True	True	included
ZFAND6	grey	54469	ZFAND6	unique_official_exact	False	False	False	grey_not_a_network_block
ZMYM2	turquoise	7750	ZMYM2	unique_official_exact	True	True	True	included
ANKAR	turquoise	150709	ANKAR	unique_official_exact	True	True	True	included
L3MBTL3	grey	84456	L3MBTL3	unique_official_exact	False	False	False	grey_not_a_network_block
STRN3	grey	29966	STRN3	unique_official_exact	False	False	False	grey_not_a_network_block
GRAMD2B	brown	65983	GRAMD2B	unique_official_exact	True	True	True	included
KCTD1	brown	284252	KCTD1	unique_official_exact	True	True	True	included
SNHG8	grey	100093630	SNHG8	unique_official_exact	False	False	False	grey_not_a_network_block
OTUD4	grey	54726	OTUD4	unique_official_exact	False	False	False	grey_not_a_network_block
RIMS4	blue	140730	RIMS4	unique_official_exact	True	True	True	included
PPM1G	blue	5496	PPM1G	unique_official_exact	True	True	True	included
RGS22	grey	26166	RGS22	unique_official_exact	False	False	False	grey_not_a_network_block
EYA2	blue	2139	EYA2	unique_official_exact	True	True	True	included
NIM1K	brown	167359	NIM1K	unique_official_exact	True	True	True	included
KDM6B	grey	23135	KDM6B	unique_official_exact	False	False	False	grey_not_a_network_block
GBA2	turquoise	57704	GBA2	unique_official_exact	True	True	True	included
SMAD6	black	4091	SMAD6	unique_official_exact	True	True	True	included
AKR1C3	yellow	8644	AKR1C3	unique_official_exact	True	True	True	included
FBXO3	grey	26273	FBXO3	unique_official_exact	False	False	False	grey_not_a_network_block
OXR1	grey	55074	OXR1	unique_official_exact	False	False	False	grey_not_a_network_block
PPP2R2A	blue	5520	PPP2R2A	unique_official_exact	True	True	True	included
SH3RF1	grey	57630	SH3RF1	unique_official_exact	False	False	False	grey_not_a_network_block
FCF1	grey	51077	FCF1	unique_official_exact	False	False	False	grey_not_a_network_block
UNC5C	brown	8633	UNC5C	unique_official_exact	True	True	True	included
RMND5A	grey	64795	RMND5A	unique_official_exact	False	False	False	grey_not_a_network_block
SRF	pink	6722	SRF	unique_official_exact	True	True	True	included
XPO4	grey	64328	XPO4	unique_official_exact	False	False	False	grey_not_a_network_block
PDE10A	grey	10846	PDE10A	unique_official_exact	False	False	False	grey_not_a_network_block
MRPS22	grey	56945	MRPS22	unique_official_exact	False	False	False	grey_not_a_network_block
LTO1	grey	220064	LTO1	unique_official_exact	False	False	False	grey_not_a_network_block
CDK12	turquoise	51755	CDK12	unique_official_exact	True	True	True	included
KIAA0513	blue	9764	KIAA0513	unique_official_exact	True	True	True	included
RIPOR3	turquoise	140876	RIPOR3	unique_official_exact	True	True	True	included
TENT4B	grey	64282	TENT4B	unique_official_exact	False	False	False	grey_not_a_network_block
SIDT2	grey	51092	SIDT2	unique_official_exact	False	False	False	grey_not_a_network_block
TNS1	black	7145	TNS1	unique_official_exact	True	True	True	included
PPP4C	grey	5531	PPP4C	unique_official_exact	False	False	False	grey_not_a_network_block
GATD3	grey	8209	GATD3	unique_official_exact	False	False	False	grey_not_a_network_block
PRDX2	blue	7001	PRDX2	unique_official_exact	True	True	True	included
AMPD3	blue	272	AMPD3	unique_official_exact	True	True	True	included
NTAN1	grey	123803	NTAN1	unique_official_exact	False	False	False	grey_not_a_network_block
TSC2	turquoise	7249	TSC2	unique_official_exact	True	True	True	included
PYGM	grey	5837	PYGM	unique_official_exact	False	False	False	grey_not_a_network_block
UBR3	magenta	130507	UBR3	unique_official_exact	True	True	True	included
UXS1	grey	80146	UXS1	unique_official_exact	False	False	False	grey_not_a_network_block
PTPA	grey	5524	PTPA	unique_official_exact	False	False	False	grey_not_a_network_block
TAP1	blue	6890	TAP1	unique_official_exact	True	True	True	included
NDOR1	grey	27158	NDOR1	unique_official_exact	False	False	False	grey_not_a_network_block
HOMEZ	grey	57594	HOMEZ	unique_official_exact	False	False	False	grey_not_a_network_block
PELI2	grey	57161	PELI2	unique_official_exact	False	False	False	grey_not_a_network_block
ELF4	black	2000	ELF4	unique_official_exact	True	True	True	included
ACVR2A	grey	92	ACVR2A	unique_official_exact	False	False	False	grey_not_a_network_block
SLC7A2	turquoise	6542	SLC7A2	unique_official_exact	True	True	True	included
MGAT1	yellow	4245	MGAT1	unique_official_exact	True	True	True	included
SNRNP48	grey	154007	SNRNP48	unique_official_exact	False	False	False	grey_not_a_network_block
LRRN4CL	blue	221091	LRRN4CL	unique_official_exact	True	True	True	included
ADAMTS12	magenta	81792	ADAMTS12	unique_official_exact	True	True	True	included
EEF1AKMT3	grey	25895	EEF1AKMT3	unique_official_exact	False	False	False	grey_not_a_network_block
ZSWIM7	grey	125150	ZSWIM7	unique_official_exact	False	False	False	grey_not_a_network_block
CLDN11	green	5010	CLDN11	unique_official_exact	True	True	True	included
CYB5RL	grey	606495	CYB5RL	unique_official_exact	False	False	False	grey_not_a_network_block
MAPK10	grey	5602	MAPK10	unique_official_exact	False	False	False	grey_not_a_network_block
CCNDBP1	yellow	23582	CCNDBP1	unique_official_exact	True	True	True	included
H2AZ2	red	94239	H2AZ2	unique_official_exact	True	True	True	included
NXPE3	brown	91775	NXPE3	unique_official_exact	True	True	True	included
XPNPEP2	grey	7512	XPNPEP2	unique_official_exact	False	False	False	grey_not_a_network_block
PCDHB5	grey	26167	PCDHB5	unique_official_exact	False	False	False	grey_not_a_network_block
PCDHB4	grey	56131	PCDHB4	unique_official_exact	False	False	False	grey_not_a_network_block
SPG21	grey	51324	SPG21	unique_official_exact	False	False	False	grey_not_a_network_block
MBTD1	grey	54799	MBTD1	unique_official_exact	False	False	False	grey_not_a_network_block
NOP2	grey	4839	NOP2	unique_official_exact	False	False	False	grey_not_a_network_block
ZNF84	turquoise	7637	ZNF84	unique_official_exact	True	True	True	included
RNF8	grey	9025	RNF8	unique_official_exact	False	False	False	grey_not_a_network_block
SLC7A1	blue	6541	SLC7A1	unique_official_exact	True	True	True	included
CTC1	turquoise	80169	CTC1	unique_official_exact	True	True	True	included
SAT1	magenta	6303	SAT1	unique_official_exact	True	True	True	included
MED24	grey	9862	MED24	unique_official_exact	False	False	False	grey_not_a_network_block
EVI5	brown	7813	EVI5	unique_official_exact	True	True	True	included
NUPR1	yellow	26471	NUPR1	unique_official_exact	True	True	True	included
UBL4A	grey	8266	UBL4A	unique_official_exact	False	False	False	grey_not_a_network_block
WASL	red	8976	WASL	unique_official_exact	True	True	True	included
PRKCI	green	5584	PRKCI	unique_official_exact	True	True	True	included
ZDHHC6	grey	64429	ZDHHC6	unique_official_exact	False	False	False	grey_not_a_network_block
GALK2	brown	2585	GALK2	unique_official_exact	True	True	True	included
HMGCS1	grey	3157	HMGCS1	unique_official_exact	False	False	False	grey_not_a_network_block
PTPN9	green	5780	PTPN9	unique_official_exact	True	True	True	included
ANKS6	turquoise	203286	ANKS6	unique_official_exact	True	True	True	included
SHPRH	turquoise	257218	SHPRH	unique_official_exact	True	True	True	included
MPZL2	grey	10205	MPZL2	unique_official_exact	False	False	False	grey_not_a_network_block
VASP	grey	7408	VASP	unique_official_exact	False	False	False	grey_not_a_network_block
LIFR	black	3977	LIFR	unique_official_exact	True	True	True	included
FOXC2	grey	2303	FOXC2	unique_official_exact	False	False	False	grey_not_a_network_block
DDX54	grey	79039	DDX54	unique_official_exact	False	False	False	grey_not_a_network_block
SLC16A1	blue	6566	SLC16A1	unique_official_exact	True	True	True	included
VWA8	grey	23078	VWA8	unique_official_exact	False	False	False	grey_not_a_network_block
TSNAX	grey	7257	TSNAX	unique_official_exact	False	False	False	grey_not_a_network_block
ARB2A	grey	83989	ARB2A	unique_official_exact	False	False	False	grey_not_a_network_block
AP5B1	yellow	91056	AP5B1	unique_official_exact	True	True	True	included
CHMP1A	grey	5119	CHMP1A	unique_official_exact	False	False	False	grey_not_a_network_block
DDIT4L	grey	115265	DDIT4L	unique_official_exact	False	False	False	grey_not_a_network_block
TTLL12	grey	23170	TTLL12	unique_official_exact	False	False	False	grey_not_a_network_block
PFKP	grey	5214	PFKP	unique_official_exact	False	False	False	grey_not_a_network_block
CEP162	turquoise	22832	CEP162	unique_official_exact	True	True	True	included
GABARAP	blue	11337	GABARAP	unique_official_exact	True	True	True	included
GTF3C2	grey	2976	GTF3C2	unique_official_exact	False	False	False	grey_not_a_network_block
TBCK	grey	93627	TBCK	unique_official_exact	False	False	False	grey_not_a_network_block
PLCB3	turquoise	5331	PLCB3	unique_official_exact	True	True	True	included
RRP8	grey	23378	RRP8	unique_official_exact	False	False	False	grey_not_a_network_block
PLCD4	grey	84812	PLCD4	unique_official_exact	False	False	False	grey_not_a_network_block
SREBF2	green	6721	SREBF2	unique_official_exact	True	True	True	included
NPIPB3	turquoise	23117	NPIPB3	unique_official_exact	True	True	True	included
TBC1D22A	turquoise	25771	TBC1D22A	unique_official_exact	True	True	True	included
USP28	grey	57646	USP28	unique_official_exact	False	False	False	grey_not_a_network_block
EXOSC2	grey	23404	EXOSC2	unique_official_exact	False	False	False	grey_not_a_network_block
NADK	yellow	65220	NADK	unique_official_exact	True	True	True	included
FZD7	grey	8324	FZD7	unique_official_exact	False	False	False	grey_not_a_network_block
PSME2	grey	5721	PSME2	unique_official_exact	False	False	False	grey_not_a_network_block
MBNL3	yellow	55796	MBNL3	unique_official_exact	True	True	True	included
RUNX1T1	turquoise	862	RUNX1T1	unique_official_exact	True	True	True	included
ADGRA2	yellow	25960	ADGRA2	unique_official_exact	True	True	True	included
DICER1	turquoise	23405	DICER1	unique_official_exact	True	True	True	included
TERF1	grey	7013	TERF1	unique_official_exact	False	False	False	grey_not_a_network_block
TRIM27	grey	5987	TRIM27	unique_official_exact	False	False	False	grey_not_a_network_block
MRPS9	grey	64965	MRPS9	unique_official_exact	False	False	False	grey_not_a_network_block
C1QTNF7	grey	114905	C1QTNF7	unique_official_exact	False	False	False	grey_not_a_network_block
TMEM35B	grey	100506144	TMEM35B	unique_official_exact	False	False	False	grey_not_a_network_block
PCYT2	grey	5833	PCYT2	unique_official_exact	False	False	False	grey_not_a_network_block
NDST2	grey	8509	NDST2	unique_official_exact	False	False	False	grey_not_a_network_block
RNF11	yellow	26994	RNF11	unique_official_exact	True	True	True	included
BMERB1	magenta	89927	BMERB1	unique_official_exact	True	True	True	included
TAF9	grey	6880	TAF9	unique_official_exact	False	False	False	grey_not_a_network_block
ACTR1B	grey	10120	ACTR1B	unique_official_exact	False	False	False	grey_not_a_network_block
CAMKK1	black	84254	CAMKK1	unique_official_exact	True	True	True	included
NUP88	grey	4927	NUP88	unique_official_exact	False	False	False	grey_not_a_network_block
BLCAP	yellow	10904	BLCAP	unique_official_exact	True	True	True	included
MACROH2A1	blue	9555	MACROH2A1	unique_official_exact	True	True	True	included
CELF2	grey	10659	CELF2	unique_official_exact	False	False	False	grey_not_a_network_block
EMC2	grey	9694	EMC2	unique_official_exact	False	False	False	grey_not_a_network_block
METRNL	grey	284207	METRNL	unique_official_exact	False	False	False	grey_not_a_network_block
NASP	turquoise	4678	NASP	unique_official_exact	True	True	True	included
GRINA	yellow	2907	GRINA	unique_official_exact	True	True	True	included
ACADSB	grey	36	ACADSB	unique_official_exact	False	False	False	grey_not_a_network_block
CTDNEP1	blue	23399	CTDNEP1	unique_official_exact	True	True	True	included
LOC148696	turquoise	148696	LOC148696	unique_official_exact	True	True	True	included
ZFYVE21	grey	79038	ZFYVE21	unique_official_exact	False	False	False	grey_not_a_network_block
MCC	brown	4163	MCC	unique_official_exact	True	True	True	included
BCL6B	black	255877	BCL6B	unique_official_exact	True	True	True	included
FHIP2A	grey	57700	FHIP2A	unique_official_exact	False	False	False	grey_not_a_network_block
TBC1D17	grey	79735	TBC1D17	unique_official_exact	False	False	False	grey_not_a_network_block
DPY19L4	grey	286148	DPY19L4	unique_official_exact	False	False	False	grey_not_a_network_block
ANKRD52	turquoise	283373	ANKRD52	unique_official_exact	True	True	True	included
USP12	grey	219333	USP12	unique_official_exact	False	False	False	grey_not_a_network_block
LPCAT1	yellow	79888	LPCAT1	unique_official_exact	True	True	True	included
SLC35H1	grey	51006	SLC35H1	unique_official_exact	False	False	False	grey_not_a_network_block
TMEM167A	grey	153339	TMEM167A	unique_official_exact	False	False	False	grey_not_a_network_block
GKAP1	grey	80318	GKAP1	unique_official_exact	False	False	False	grey_not_a_network_block
CCDC200	grey	100874261	CCDC200	unique_official_exact	False	False	False	grey_not_a_network_block
NECTIN2	grey	5819	NECTIN2	unique_official_exact	False	False	False	grey_not_a_network_block
LRRC37A3	turquoise	374819	LRRC37A3	unique_official_exact	True	True	True	included
LMNB2	grey	84823	LMNB2	unique_official_exact	False	False	False	grey_not_a_network_block
MTUS1	turquoise	57509	MTUS1	unique_official_exact	True	True	True	included
UTP3	grey	57050	UTP3	unique_official_exact	False	False	False	grey_not_a_network_block
SIGMAR1	grey	10280	SIGMAR1	unique_official_exact	False	False	False	grey_not_a_network_block
MAN1C1	blue	57134	MAN1C1	unique_official_exact	True	True	True	included
UBA52	grey	7311	UBA52	unique_official_exact	False	False	False	grey_not_a_network_block
MECR	yellow	51102	MECR	unique_official_exact	True	True	True	included
ATXN7L1	grey	222255	ATXN7L1	unique_official_exact	False	False	False	grey_not_a_network_block
CCDC97	grey	90324	CCDC97	unique_official_exact	False	False	False	grey_not_a_network_block
ZNF432	grey	9668	ZNF432	unique_official_exact	False	False	False	grey_not_a_network_block
IPO4	grey	79711	IPO4	unique_official_exact	False	False	False	grey_not_a_network_block
RASSF1	grey	11186	RASSF1	unique_official_exact	False	False	False	grey_not_a_network_block
SYT10	brown	341359	SYT10	unique_official_exact	True	True	True	included
ADARB1	pink	104	ADARB1	unique_official_exact	True	True	True	included
GATA6	black	2627	GATA6	unique_official_exact	True	True	True	included
C5orf15	grey	56951	C5orf15	unique_official_exact	False	False	False	grey_not_a_network_block
APBB2	green	323	APBB2	unique_official_exact	True	True	True	included
GCLC	yellow	2729	GCLC	unique_official_exact	True	True	True	included
GLUD1P3	turquoise	2749	GLUD1P3	unique_official_exact	True	True	True	included
ANKS1B	turquoise	56899	ANKS1B	unique_official_exact	True	True	True	included
CTNNBIP1	grey	56998	CTNNBIP1	unique_official_exact	False	False	False	grey_not_a_network_block
SLC26A4	green	5172	SLC26A4	unique_official_exact	True	True	True	included
NCLN	grey	56926	NCLN	unique_official_exact	False	False	False	grey_not_a_network_block
GPC4	grey	2239	GPC4	unique_official_exact	False	False	False	grey_not_a_network_block
PTPN3	black	5774	PTPN3	unique_official_exact	True	True	True	included
MORC3	grey	23515	MORC3	unique_official_exact	False	False	False	grey_not_a_network_block
MPC1	grey	51660	MPC1	unique_official_exact	False	False	False	grey_not_a_network_block
SUMF1	grey	285362	SUMF1	unique_official_exact	False	False	False	grey_not_a_network_block
AVL9	grey	23080	AVL9	unique_official_exact	False	False	False	grey_not_a_network_block
IQCB1	grey	9657	IQCB1	unique_official_exact	False	False	False	grey_not_a_network_block
ASCC1	grey	51008	ASCC1	unique_official_exact	False	False	False	grey_not_a_network_block
KPNA1	blue	3836	KPNA1	unique_official_exact	True	True	True	included
CCT8	red	10694	CCT8	unique_official_exact	True	True	True	included
NTM	brown	50863	NTM	unique_official_exact	True	True	True	included
HSD17B11	grey	51170	HSD17B11	unique_official_exact	False	False	False	grey_not_a_network_block
CDKN1C	grey	1028	CDKN1C	unique_official_exact	False	False	False	grey_not_a_network_block
GCC2	grey	9648	GCC2	unique_official_exact	False	False	False	grey_not_a_network_block
HIBADH	grey	11112	HIBADH	unique_official_exact	False	False	False	grey_not_a_network_block
DPY19L2	turquoise	283417	DPY19L2	unique_official_exact	True	True	True	included
VPS52	grey	6293	VPS52	unique_official_exact	False	False	False	grey_not_a_network_block
ABLIM2	grey	84448	ABLIM2	unique_official_exact	False	False	False	grey_not_a_network_block
ELF1	blue	1997	ELF1	unique_official_exact	True	True	True	included
WDR3	grey	10885	WDR3	unique_official_exact	False	False	False	grey_not_a_network_block
ZNF112	grey	7771	ZNF112	unique_official_exact	False	False	False	grey_not_a_network_block
COPG1	blue	22820	COPG1	unique_official_exact	True	True	True	included
SLC8B1	grey	80024	SLC8B1	unique_official_exact	False	False	False	grey_not_a_network_block
OAS1	grey	4938	OAS1	unique_official_exact	False	False	False	grey_not_a_network_block
BLOC1S6	red	26258	BLOC1S6	unique_official_exact	True	True	True	included
ITPRIP	grey	85450	ITPRIP	unique_official_exact	False	False	False	grey_not_a_network_block
KIF2A	grey	3796	KIF2A	unique_official_exact	False	False	False	grey_not_a_network_block
PRKX	grey	5613	PRKX	unique_official_exact	False	False	False	grey_not_a_network_block
SGSM2	turquoise	9905	SGSM2	unique_official_exact	True	True	True	included
ADGRG2	green	10149	ADGRG2	unique_official_exact	True	True	True	included
ITPR2	grey	3709	ITPR2	unique_official_exact	False	False	False	grey_not_a_network_block
CYP4Z2P	turquoise	163720	CYP4Z2P	unique_official_exact	True	True	True	included
DPH6	turquoise	89978	DPH6	unique_official_exact	True	True	True	included
KDM7A	grey	80853	KDM7A	unique_official_exact	False	False	False	grey_not_a_network_block
KIF3B	blue	9371	KIF3B	unique_official_exact	True	True	True	included
CAV1	yellow	857	CAV1	unique_official_exact	True	True	True	included
ZRANB2	turquoise	9406	ZRANB2	unique_official_exact	True	True	True	included
UBTD2	red	92181	UBTD2	unique_official_exact	True	True	True	included
CDH24	black	64403	CDH24	unique_official_exact	True	True	True	included
VRK3	grey	51231	VRK3	unique_official_exact	False	False	False	grey_not_a_network_block
OGG1	grey	4968	OGG1	unique_official_exact	False	False	False	grey_not_a_network_block
DYNC2I1	turquoise	55112	DYNC2I1	unique_official_exact	True	True	True	included
MAMLD1	grey	10046	MAMLD1	unique_official_exact	False	False	False	grey_not_a_network_block
FHOD3	brown	80206	FHOD3	unique_official_exact	True	True	True	included
CBLL1	green	79872	CBLL1	unique_official_exact	True	True	True	included
RPL35A	grey	6165	RPL35A	unique_official_exact	False	False	False	grey_not_a_network_block
HMG20B	grey	10362	HMG20B	unique_official_exact	False	False	False	grey_not_a_network_block
ARHGAP27	magenta	201176	ARHGAP27	unique_official_exact	True	True	True	included
PPA2	grey	27068	PPA2	unique_official_exact	False	False	False	grey_not_a_network_block
POGLUT1	grey	56983	POGLUT1	unique_official_exact	False	False	False	grey_not_a_network_block
RAVER2	grey	55225	RAVER2	unique_official_exact	False	False	False	grey_not_a_network_block
KLHL31	yellow	401265	KLHL31	unique_official_exact	True	True	True	included
ZC3H6	grey	376940	ZC3H6	unique_official_exact	False	False	False	grey_not_a_network_block
JUN	grey	3725	JUN	unique_official_exact	False	False	False	grey_not_a_network_block
CCDC66	grey	285331	CCDC66	unique_official_exact	False	False	False	grey_not_a_network_block
SMG1P3	turquoise	100271836	SMG1P3	unique_official_exact	True	True	True	included
TBXAS1	blue	6916	TBXAS1	unique_official_exact	True	True	True	included
NT5C	grey	30833	NT5C	unique_official_exact	False	False	False	grey_not_a_network_block
ZNF621	turquoise	285268	ZNF621	unique_official_exact	True	True	True	included
FDFT1	grey	2222	FDFT1	unique_official_exact	False	False	False	grey_not_a_network_block
SEC23B	red	10483	SEC23B	unique_official_exact	True	True	True	included
DNAJC21	brown	134218	DNAJC21	unique_official_exact	True	True	True	included
ATXN2L	turquoise	11273	ATXN2L	unique_official_exact	True	True	True	included
TTLL5	grey	23093	TTLL5	unique_official_exact	False	False	False	grey_not_a_network_block
CAPN15	grey	6650	CAPN15	unique_official_exact	False	False	False	grey_not_a_network_block
CAPNS1	blue	826	CAPNS1	unique_official_exact	True	True	True	included
ZNF436	grey	80818	ZNF436	unique_official_exact	False	False	False	grey_not_a_network_block
ANAPC7	grey	51434	ANAPC7	unique_official_exact	False	False	False	grey_not_a_network_block
DIABLO	grey	56616	DIABLO	unique_official_exact	False	False	False	grey_not_a_network_block
SLC6A1-AS1	grey	100874090	SLC6A1-AS1	unique_official_exact	False	False	False	grey_not_a_network_block
RTN3	yellow	10313	RTN3	unique_official_exact	True	True	True	included
ARHGAP21	yellow	57584	ARHGAP21	unique_official_exact	True	True	True	included
PAPPA2	grey	60676	PAPPA2	unique_official_exact	False	False	False	grey_not_a_network_block
ID3	pink	3399	ID3	unique_official_exact	True	True	True	included
MCUR1	grey	63933	MCUR1	unique_official_exact	False	False	False	grey_not_a_network_block
LETM1	yellow	3954	LETM1	unique_official_exact	True	True	True	included
ZFHX2	turquoise	85446	ZFHX2	unique_official_exact	True	True	True	included
YWHAZ	blue	7534	YWHAZ	unique_official_exact	True	True	True	included
CPNE1	grey	8904	CPNE1	unique_official_exact	False	False	False	grey_not_a_network_block
GNPTAB	brown	79158	GNPTAB	unique_official_exact	True	True	True	included
NUS1	brown	116150	NUS1	unique_official_exact	True	True	True	included
PLS3	yellow	5358	PLS3	unique_official_exact	True	True	True	included
PCDHGA12	grey	26025	PCDHGA12	unique_official_exact	False	False	False	grey_not_a_network_block
ARRDC3	red	57561	ARRDC3	unique_official_exact	True	True	True	included
HMGN1	grey	3150	HMGN1	unique_official_exact	False	False	False	grey_not_a_network_block
RERG	green	85004	RERG	unique_official_exact	True	True	True	included
DENND5B	grey	160518	DENND5B	unique_official_exact	False	False	False	grey_not_a_network_block
RFC1	grey	5981	RFC1	unique_official_exact	False	False	False	grey_not_a_network_block
PHACTR4	turquoise	65979	PHACTR4	unique_official_exact	True	True	True	included
HARS1	grey	3035	HARS1	unique_official_exact	False	False	False	grey_not_a_network_block
TK2	yellow	7084	TK2	unique_official_exact	True	True	True	included
MKRN2	grey	23609	MKRN2	unique_official_exact	False	False	False	grey_not_a_network_block
SQOR	grey	58472	SQOR	unique_official_exact	False	False	False	grey_not_a_network_block
NDUFA9	grey	4704	NDUFA9	unique_official_exact	False	False	False	grey_not_a_network_block
SORBS3	grey	10174	SORBS3	unique_official_exact	False	False	False	grey_not_a_network_block
MAPRE3	grey	22924	MAPRE3	unique_official_exact	False	False	False	grey_not_a_network_block
MGAT2	blue	4247	MGAT2	unique_official_exact	True	True	True	included
FTO	grey	79068	FTO	unique_official_exact	False	False	False	grey_not_a_network_block
CEPT1	grey	10390	CEPT1	unique_official_exact	False	False	False	grey_not_a_network_block
CAB39	grey	51719	CAB39	unique_official_exact	False	False	False	grey_not_a_network_block
NLGN4Y	grey	22829	NLGN4Y	unique_official_exact	False	False	False	grey_not_a_network_block
ZNF383	grey	163087	ZNF383	unique_official_exact	False	False	False	grey_not_a_network_block
DDX55	turquoise	57696	DDX55	unique_official_exact	True	True	True	included
XPNPEP1	grey	7511	XPNPEP1	unique_official_exact	False	False	False	grey_not_a_network_block
SDF4	blue	51150	SDF4	unique_official_exact	True	True	True	included
NOL4L	grey	140688	NOL4L	unique_official_exact	False	False	False	grey_not_a_network_block
ZNF181	green	339318	ZNF181	unique_official_exact	True	True	True	included
RAB3IL1	grey	5866	RAB3IL1	unique_official_exact	False	False	False	grey_not_a_network_block
AREL1	grey	9870	AREL1	unique_official_exact	False	False	False	grey_not_a_network_block
APCDD1	yellow	147495	APCDD1	unique_official_exact	True	True	True	included
TPM1	pink	7168	TPM1	unique_official_exact	True	True	True	included
TWF2	grey	11344	TWF2	unique_official_exact	False	False	False	grey_not_a_network_block
PRMT3	grey	10196	PRMT3	unique_official_exact	False	False	False	grey_not_a_network_block
MCPH1	grey	79648	MCPH1	unique_official_exact	False	False	False	grey_not_a_network_block
PRDX6	yellow	9588	PRDX6	unique_official_exact	True	True	True	included
TBKBP1	grey	9755	TBKBP1	unique_official_exact	False	False	False	grey_not_a_network_block
SMC6	grey	79677	SMC6	unique_official_exact	False	False	False	grey_not_a_network_block
NARF	grey	26502	NARF	unique_official_exact	False	False	False	grey_not_a_network_block
ADCY2	green	108	ADCY2	unique_official_exact	True	True	True	included
LIMK2	turquoise	3985	LIMK2	unique_official_exact	True	True	True	included
ZKSCAN2	grey	342357	ZKSCAN2	unique_official_exact	False	False	False	grey_not_a_network_block
CRTAP	blue	10491	CRTAP	unique_official_exact	True	True	True	included
TTC31	grey	64427	TTC31	unique_official_exact	False	False	False	grey_not_a_network_block
RNGTT	grey	8732	RNGTT	unique_official_exact	False	False	False	grey_not_a_network_block
CMTM5	brown	116173	CMTM5	unique_official_exact	True	True	True	included
MCM9	grey	254394	MCM9	unique_official_exact	False	False	False	grey_not_a_network_block
TCP11L2	grey	255394	TCP11L2	unique_official_exact	False	False	False	grey_not_a_network_block
HS2ST1	grey	9653	HS2ST1	unique_official_exact	False	False	False	grey_not_a_network_block
GARRE1	black	9710	GARRE1	unique_official_exact	True	True	True	included
CCDC117	grey	150275	CCDC117	unique_official_exact	False	False	False	grey_not_a_network_block
MAP2K5	grey	5607	MAP2K5	unique_official_exact	False	False	False	grey_not_a_network_block
KCNQ1	blue	3784	KCNQ1	unique_official_exact	True	True	True	included
ALG12	grey	79087	ALG12	unique_official_exact	False	False	False	grey_not_a_network_block
ROBO3	turquoise	64221	ROBO3	unique_official_exact	True	True	True	included
PEDS1	grey	387521	PEDS1	unique_official_exact	False	False	False	grey_not_a_network_block
PICK1	turquoise	9463	PICK1	unique_official_exact	True	True	True	included
NACC1	grey	112939	NACC1	unique_official_exact	False	False	False	grey_not_a_network_block
CDK5RAP1	grey	51654	CDK5RAP1	unique_official_exact	False	False	False	grey_not_a_network_block
USP46	brown	64854	USP46	unique_official_exact	True	True	True	included
RNF125	grey	54941	RNF125	unique_official_exact	False	False	False	grey_not_a_network_block
IL17RA	blue	23765	IL17RA	unique_official_exact	True	True	True	included
HIF1A	grey	3091	HIF1A	unique_official_exact	False	False	False	grey_not_a_network_block
TAF3	grey	83860	TAF3	unique_official_exact	False	False	False	grey_not_a_network_block
ATP11C	grey	286410	ATP11C	unique_official_exact	False	False	False	grey_not_a_network_block
ANO6	yellow	196527	ANO6	unique_official_exact	True	True	True	included
NCS1	pink	23413	NCS1	unique_official_exact	True	True	True	included
STT3B	red	201595	STT3B	unique_official_exact	True	True	True	included
NREP	grey	9315	NREP	unique_official_exact	False	False	False	grey_not_a_network_block
JAK3	blue	3718	JAK3	unique_official_exact	True	True	True	included
HDAC2	grey	3066	HDAC2	unique_official_exact	False	False	False	grey_not_a_network_block
TAP2	grey	6891	TAP2	unique_official_exact	False	False	False	grey_not_a_network_block
SRFBP1	turquoise	153443	SRFBP1	unique_official_exact	True	True	True	included
PHYHIP	grey	9796	PHYHIP	unique_official_exact	False	False	False	grey_not_a_network_block
DYNLRB1	grey	83658	DYNLRB1	unique_official_exact	False	False	False	grey_not_a_network_block
TGFBR3	yellow	7049	TGFBR3	unique_official_exact	True	True	True	included
ZNF704	yellow	619279	ZNF704	unique_official_exact	True	True	True	included
SDCBP	red	6386	SDCBP	unique_official_exact	True	True	True	included
LRRTM4	brown	80059	LRRTM4	unique_official_exact	True	True	True	included
UBE2D1	grey	7321	UBE2D1	unique_official_exact	False	False	False	grey_not_a_network_block
FHIP2B	turquoise	64760	FHIP2B	unique_official_exact	True	True	True	included
SMIM10	red	644538	SMIM10	unique_official_exact	True	True	True	included
PI4K2A	blue	55361	PI4K2A	unique_official_exact	True	True	True	included
CNNM2	grey	54805	CNNM2	unique_official_exact	False	False	False	grey_not_a_network_block
MBIP	grey	51562	MBIP	unique_official_exact	False	False	False	grey_not_a_network_block
ACTN4	pink	81	ACTN4	unique_official_exact	True	True	True	included
ABHD17A	grey	81926	ABHD17A	unique_official_exact	False	False	False	grey_not_a_network_block
PITPNM2	grey	57605	PITPNM2	unique_official_exact	False	False	False	grey_not_a_network_block
C14orf119	blue	55017	C14orf119	unique_official_exact	True	True	True	included
LAS1L	grey	81887	LAS1L	unique_official_exact	False	False	False	grey_not_a_network_block
TTC23	grey	64927	TTC23	unique_official_exact	False	False	False	grey_not_a_network_block
FGD2	grey	221472	FGD2	unique_official_exact	False	False	False	grey_not_a_network_block
ZNF337	turquoise	26152	ZNF337	unique_official_exact	True	True	True	included
TMEM219	blue	124446	TMEM219	unique_official_exact	True	True	True	included
BOC	blue	91653	BOC	unique_official_exact	True	True	True	included
CMBL	red	134147	CMBL	unique_official_exact	True	True	True	included
MX2	grey	4600	MX2	unique_official_exact	False	False	False	grey_not_a_network_block
CRY2	yellow	1408	CRY2	unique_official_exact	True	True	True	included
SHE	yellow	126669	SHE	unique_official_exact	True	True	True	included
VDAC1	blue	7416	VDAC1	unique_official_exact	True	True	True	included
CBR4	grey	84869	CBR4	unique_official_exact	False	False	False	grey_not_a_network_block
TMEM59L	red	25789	TMEM59L	unique_official_exact	True	True	True	included
EDC4	turquoise	23644	EDC4	unique_official_exact	True	True	True	included
ECHDC1	yellow	55862	ECHDC1	unique_official_exact	True	True	True	included
FAM180A	blue	389558	FAM180A	unique_official_exact	True	True	True	included
SMIM3	yellow	85027	SMIM3	unique_official_exact	True	True	True	included
PIK3CA	grey	5290	PIK3CA	unique_official_exact	False	False	False	grey_not_a_network_block
B3GNT2	grey	10678	B3GNT2	unique_official_exact	False	False	False	grey_not_a_network_block
EPB41L4A	turquoise	64097	EPB41L4A	unique_official_exact	True	True	True	included
SANBR	turquoise	84542	SANBR	unique_official_exact	True	True	True	included
CAMK2N1	yellow	55450	CAMK2N1	unique_official_exact	True	True	True	included
RNF145	grey	153830	RNF145	unique_official_exact	False	False	False	grey_not_a_network_block
RCOR1	grey	23186	RCOR1	unique_official_exact	False	False	False	grey_not_a_network_block
AUP1	grey	550	AUP1	unique_official_exact	False	False	False	grey_not_a_network_block
RIGI	grey	23586	RIGI	unique_official_exact	False	False	False	grey_not_a_network_block
TXNL4B	grey	54957	TXNL4B	unique_official_exact	False	False	False	grey_not_a_network_block
ZBTB40	turquoise	9923	ZBTB40	unique_official_exact	True	True	True	included
EPB41L1	yellow	2036	EPB41L1	unique_official_exact	True	True	True	included
UBXN7	grey	26043	UBXN7	unique_official_exact	False	False	False	grey_not_a_network_block
PRMT5	grey	10419	PRMT5	unique_official_exact	False	False	False	grey_not_a_network_block
RWDD2A	grey	112611	RWDD2A	unique_official_exact	False	False	False	grey_not_a_network_block
HNRNPA1L2	grey	144983	HNRNPA1L2	unique_official_exact	False	False	False	grey_not_a_network_block
LONP1	black	9361	LONP1	unique_official_exact	True	True	True	included
WWC2	grey	80014	WWC2	unique_official_exact	False	False	False	grey_not_a_network_block
PARP9	blue	83666	PARP9	unique_official_exact	True	True	True	included
EEIG1	brown	399665	EEIG1	unique_official_exact	True	True	True	included
ALDH6A1	brown	4329	ALDH6A1	unique_official_exact	True	True	True	included
ATP5MC3	grey	518	ATP5MC3	unique_official_exact	False	False	False	grey_not_a_network_block
GRIN2A	grey	2903	GRIN2A	unique_official_exact	False	False	False	grey_not_a_network_block
MTO1	grey	25821	MTO1	unique_official_exact	False	False	False	grey_not_a_network_block
ENTPD6	grey	955	ENTPD6	unique_official_exact	False	False	False	grey_not_a_network_block
GFOD2	grey	81577	GFOD2	unique_official_exact	False	False	False	grey_not_a_network_block
MAPK14	magenta	1432	MAPK14	unique_official_exact	True	True	True	included
FOXP4	grey	116113	FOXP4	unique_official_exact	False	False	False	grey_not_a_network_block
IRF2BPL	grey	64207	IRF2BPL	unique_official_exact	False	False	False	grey_not_a_network_block
IRS1	magenta	3667	IRS1	unique_official_exact	True	True	True	included
ERH	red	2079	ERH	unique_official_exact	True	True	True	included
SLC25A46	grey	91137	SLC25A46	unique_official_exact	False	False	False	grey_not_a_network_block
SELENOS	grey	55829	SELENOS	unique_official_exact	False	False	False	grey_not_a_network_block
MTA1	turquoise	9112	MTA1	unique_official_exact	True	True	True	included
EIF4E3	grey	317649	EIF4E3	unique_official_exact	False	False	False	grey_not_a_network_block
APH1B	grey	83464	APH1B	unique_official_exact	False	False	False	grey_not_a_network_block
RAB3D	grey	9545	RAB3D	unique_official_exact	False	False	False	grey_not_a_network_block
MAGI1	turquoise	9223	MAGI1	unique_official_exact	True	True	True	included
HSPA8	blue	3312	HSPA8	unique_official_exact	True	True	True	included
UBE2L6	blue	9246	UBE2L6	unique_official_exact	True	True	True	included
PRMT1	grey	3276	PRMT1	unique_official_exact	False	False	False	grey_not_a_network_block
CLPTM1L	grey	81037	CLPTM1L	unique_official_exact	False	False	False	grey_not_a_network_block
PPTC7	grey	160760	PPTC7	unique_official_exact	False	False	False	grey_not_a_network_block
MAPKBP1	turquoise	23005	MAPKBP1	unique_official_exact	True	True	True	included
IFNGR2	grey	3460	IFNGR2	unique_official_exact	False	False	False	grey_not_a_network_block
SSBP4	grey	170463	SSBP4	unique_official_exact	False	False	False	grey_not_a_network_block
GABPB1-AS1	turquoise	100129387	GABPB1-AS1	unique_official_exact	True	True	True	included
CLDND1	grey	56650	CLDND1	unique_official_exact	False	False	False	grey_not_a_network_block
SOCS4	green	122809	SOCS4	unique_official_exact	True	True	True	included
ERP29	grey	10961	ERP29	unique_official_exact	False	False	False	grey_not_a_network_block
MTHFD2	pink	10797	MTHFD2	unique_official_exact	True	True	True	included
RPL13	grey	6137	RPL13	unique_official_exact	False	False	False	grey_not_a_network_block
MAPKAPK2	grey	9261	MAPKAPK2	unique_official_exact	False	False	False	grey_not_a_network_block
PPCS	yellow	79717	PPCS	unique_official_exact	True	True	True	included
JAM3	green	83700	JAM3	unique_official_exact	True	True	True	included
MAP3K14	grey	9020	MAP3K14	unique_official_exact	False	False	False	grey_not_a_network_block
SAMM50	grey	25813	SAMM50	unique_official_exact	False	False	False	grey_not_a_network_block
UTP18	grey	51096	UTP18	unique_official_exact	False	False	False	grey_not_a_network_block
SREBF1	grey	6720	SREBF1	unique_official_exact	False	False	False	grey_not_a_network_block
GAA	grey	2548	GAA	unique_official_exact	False	False	False	grey_not_a_network_block
MYH7B	turquoise	57644	MYH7B	unique_official_exact	True	True	True	included
TRIO	turquoise	7204	TRIO	unique_official_exact	True	True	True	included
TXNIP	yellow	10628	TXNIP	unique_official_exact	True	True	True	included
MPP1	blue	4354	MPP1	unique_official_exact	True	True	True	included
NUP188	grey	23511	NUP188	unique_official_exact	False	False	False	grey_not_a_network_block
TMEM109	blue	79073	TMEM109	unique_official_exact	True	True	True	included
EEF1AKMT2	grey	399818	EEF1AKMT2	unique_official_exact	False	False	False	grey_not_a_network_block
GPKOW	grey	27238	GPKOW	unique_official_exact	False	False	False	grey_not_a_network_block
DNAJC18	turquoise	202052	DNAJC18	unique_official_exact	True	True	True	included
ZNF32	grey	7580	ZNF32	unique_official_exact	False	False	False	grey_not_a_network_block
GTF2E2	grey	2961	GTF2E2	unique_official_exact	False	False	False	grey_not_a_network_block
ZNF570	grey	148268	ZNF570	unique_official_exact	False	False	False	grey_not_a_network_block
CACNB4	blue	785	CACNB4	unique_official_exact	True	True	True	included
SYNE3	yellow	161176	SYNE3	unique_official_exact	True	True	True	included
TCF7L1	yellow	83439	TCF7L1	unique_official_exact	True	True	True	included
DNAH10	brown	196385	DNAH10	unique_official_exact	True	True	True	included
ZSWIM8	turquoise	23053	ZSWIM8	unique_official_exact	True	True	True	included
STX12	grey	23673	STX12	unique_official_exact	False	False	False	grey_not_a_network_block
NIPSNAP1	red	8508	NIPSNAP1	unique_official_exact	True	True	True	included
CEP131	turquoise	22994	CEP131	unique_official_exact	True	True	True	included
CEP120	grey	153241	CEP120	unique_official_exact	False	False	False	grey_not_a_network_block
NIPA2	grey	81614	NIPA2	unique_official_exact	False	False	False	grey_not_a_network_block
CLK2	turquoise	1196	CLK2	unique_official_exact	True	True	True	included
SAP30BP	turquoise	29115	SAP30BP	unique_official_exact	True	True	True	included
SHC1	yellow	6464	SHC1	unique_official_exact	True	True	True	included
SCN4B	yellow	6330	SCN4B	unique_official_exact	True	True	True	included
RNF19A	grey	25897	RNF19A	unique_official_exact	False	False	False	grey_not_a_network_block
MPHOSPH9	grey	10198	MPHOSPH9	unique_official_exact	False	False	False	grey_not_a_network_block
FGD6	green	55785	FGD6	unique_official_exact	True	True	True	included
KPNA2	blue	3838	KPNA2	unique_official_exact	True	True	True	included
VILL	grey	50853	VILL	unique_official_exact	False	False	False	grey_not_a_network_block
DNAL1	grey	83544	DNAL1	unique_official_exact	False	False	False	grey_not_a_network_block
SETDB2	brown	83852	SETDB2	unique_official_exact	True	True	True	included
TTBK2	grey	146057	TTBK2	unique_official_exact	False	False	False	grey_not_a_network_block
MAP1B	red	4131	MAP1B	unique_official_exact	True	True	True	included
SERGEF	grey	26297	SERGEF	unique_official_exact	False	False	False	grey_not_a_network_block
PDHB	grey	5162	PDHB	unique_official_exact	False	False	False	grey_not_a_network_block
DHCR7	yellow	1717	DHCR7	unique_official_exact	True	True	True	included
NAP1L5	grey	266812	NAP1L5	unique_official_exact	False	False	False	grey_not_a_network_block
AGL	grey	178	AGL	unique_official_exact	False	False	False	grey_not_a_network_block
DYNLT3	grey	6990	DYNLT3	unique_official_exact	False	False	False	grey_not_a_network_block
UVRAG	magenta	7405	UVRAG	unique_official_exact	True	True	True	included
MAPT	yellow	4137	MAPT	unique_official_exact	True	True	True	included
LYRM9	grey	201229	LYRM9	unique_official_exact	False	False	False	grey_not_a_network_block
ANGPTL5	blue	253935	ANGPTL5	unique_official_exact	True	True	True	included
PGM3	grey	5238	PGM3	unique_official_exact	False	False	False	grey_not_a_network_block
ATP6V1F	blue	9296	ATP6V1F	unique_official_exact	True	True	True	included
NDRG4	black	65009	NDRG4	unique_official_exact	True	True	True	included
CFL1	blue	1072	CFL1	unique_official_exact	True	True	True	included
NADK2	grey	133686	NADK2	unique_official_exact	False	False	False	grey_not_a_network_block
CDK6	brown	1021	CDK6	unique_official_exact	True	True	True	included
ATG2B	turquoise	55102	ATG2B	unique_official_exact	True	True	True	included
CCNH	grey	902	CCNH	unique_official_exact	False	False	False	grey_not_a_network_block
TMEM167B	red	56900	TMEM167B	unique_official_exact	True	True	True	included
PIGN	grey	23556	PIGN	unique_official_exact	False	False	False	grey_not_a_network_block
RMDN2	grey	151393	RMDN2	unique_official_exact	False	False	False	grey_not_a_network_block
BRF2	grey	55290	BRF2	unique_official_exact	False	False	False	grey_not_a_network_block
SOCS5	grey	9655	SOCS5	unique_official_exact	False	False	False	grey_not_a_network_block
ANXA4	grey	307	ANXA4	unique_official_exact	False	False	False	grey_not_a_network_block
FAN1	turquoise	22909	FAN1	unique_official_exact	True	True	True	included
NDUFV2	grey	4729	NDUFV2	unique_official_exact	False	False	False	grey_not_a_network_block
ARHGEF10L	pink	55160	ARHGEF10L	unique_official_exact	True	True	True	included
BRK1	grey	55845	BRK1	unique_official_exact	False	False	False	grey_not_a_network_block
EXOSC10	turquoise	5394	EXOSC10	unique_official_exact	True	True	True	included
ZFAND4	grey	93550	ZFAND4	unique_official_exact	False	False	False	grey_not_a_network_block
TMCO4	grey	255104	TMCO4	unique_official_exact	False	False	False	grey_not_a_network_block
ZBTB22	brown	9278	ZBTB22	unique_official_exact	True	True	True	included
VWA5A	blue	4013	VWA5A	unique_official_exact	True	True	True	included
USP3	grey	9960	USP3	unique_official_exact	False	False	False	grey_not_a_network_block
PGS1	grey	9489	PGS1	unique_official_exact	False	False	False	grey_not_a_network_block
TMEM44	grey	93109	TMEM44	unique_official_exact	False	False	False	grey_not_a_network_block
SUZ12	grey	23512	SUZ12	unique_official_exact	False	False	False	grey_not_a_network_block
AGTPBP1	grey	23287	AGTPBP1	unique_official_exact	False	False	False	grey_not_a_network_block
PLBD2	blue	196463	PLBD2	unique_official_exact	True	True	True	included
FBXO38	green	81545	FBXO38	unique_official_exact	True	True	True	included
AP1M1	yellow	8907	AP1M1	unique_official_exact	True	True	True	included
NEK6	brown	10783	NEK6	unique_official_exact	True	True	True	included
WDR37	grey	22884	WDR37	unique_official_exact	False	False	False	grey_not_a_network_block
PAXIP1	grey	22976	PAXIP1	unique_official_exact	False	False	False	grey_not_a_network_block
NUBP2	grey	10101	NUBP2	unique_official_exact	False	False	False	grey_not_a_network_block
LRP11	grey	84918	LRP11	unique_official_exact	False	False	False	grey_not_a_network_block
ZFYVE9	grey	9372	ZFYVE9	unique_official_exact	False	False	False	grey_not_a_network_block
ILF2	grey	3608	ILF2	unique_official_exact	False	False	False	grey_not_a_network_block
CLEC2B	blue	9976	CLEC2B	unique_official_exact	True	True	True	included
BAG1	blue	573	BAG1	unique_official_exact	True	True	True	included
MEA1	grey	4201	MEA1	unique_official_exact	False	False	False	grey_not_a_network_block
SLC66A2	green	80148	SLC66A2	unique_official_exact	True	True	True	included
FOCAD	grey	54914	FOCAD	unique_official_exact	False	False	False	grey_not_a_network_block
TAF15	grey	8148	TAF15	unique_official_exact	False	False	False	grey_not_a_network_block
MMS22L	grey	253714	MMS22L	unique_official_exact	False	False	False	grey_not_a_network_block
E4F1	turquoise	1877	E4F1	unique_official_exact	True	True	True	included
CMTR1	grey	23070	CMTR1	unique_official_exact	False	False	False	grey_not_a_network_block
SINHCAF	grey	58516	SINHCAF	unique_official_exact	False	False	False	grey_not_a_network_block
PRMT6	brown	55170	PRMT6	unique_official_exact	True	True	True	included
NARS2	grey	79731	NARS2	unique_official_exact	False	False	False	grey_not_a_network_block
ZNF140	grey	7699	ZNF140	unique_official_exact	False	False	False	grey_not_a_network_block
EMILIN1	grey	11117	EMILIN1	unique_official_exact	False	False	False	grey_not_a_network_block
ARF1	grey	375	ARF1	unique_official_exact	False	False	False	grey_not_a_network_block
KCTD10	grey	83892	KCTD10	unique_official_exact	False	False	False	grey_not_a_network_block
NUP160	grey	23279	NUP160	unique_official_exact	False	False	False	grey_not_a_network_block
DAPK3	pink	1613	DAPK3	unique_official_exact	True	True	True	included
SCARB2	red	950	SCARB2	unique_official_exact	True	True	True	included
TGFBRAP1	grey	9392	TGFBRAP1	unique_official_exact	False	False	False	grey_not_a_network_block
STN1	grey	79991	STN1	unique_official_exact	False	False	False	grey_not_a_network_block
SPI1	blue	6688	SPI1	unique_official_exact	True	True	True	included
BCL7B	yellow	9275	BCL7B	unique_official_exact	True	True	True	included
ZNF654	grey	55279	ZNF654	unique_official_exact	False	False	False	grey_not_a_network_block
RFC5	grey	5985	RFC5	unique_official_exact	False	False	False	grey_not_a_network_block
FXN	grey	2395	FXN	unique_official_exact	False	False	False	grey_not_a_network_block
LRIG1	grey	26018	LRIG1	unique_official_exact	False	False	False	grey_not_a_network_block
IKBKB	turquoise	3551	IKBKB	unique_official_exact	True	True	True	included
TBC1D4	magenta	9882	TBC1D4	unique_official_exact	True	True	True	included
TIPE3	grey	388121	TIPE3	unique_official_exact	False	False	False	grey_not_a_network_block
SLC33A1	grey	9197	SLC33A1	unique_official_exact	False	False	False	grey_not_a_network_block
PHKA1	grey	5255	PHKA1	unique_official_exact	False	False	False	grey_not_a_network_block
WBP11	grey	51729	WBP11	unique_official_exact	False	False	False	grey_not_a_network_block
DENND4B	turquoise	9909	DENND4B	unique_official_exact	True	True	True	included
VPS26B	grey	112936	VPS26B	unique_official_exact	False	False	False	grey_not_a_network_block
PALB2	grey	79728	PALB2	unique_official_exact	False	False	False	grey_not_a_network_block
CNPPD1	grey	27013	CNPPD1	unique_official_exact	False	False	False	grey_not_a_network_block
UPRT	grey	139596	UPRT	unique_official_exact	False	False	False	grey_not_a_network_block
UMPS	grey	7372	UMPS	unique_official_exact	False	False	False	grey_not_a_network_block
SEC23A	grey	10484	SEC23A	unique_official_exact	False	False	False	grey_not_a_network_block
CBX3	grey	11335	CBX3	unique_official_exact	False	False	False	grey_not_a_network_block
RLF	grey	6018	RLF	unique_official_exact	False	False	False	grey_not_a_network_block
RAB32	grey	10981	RAB32	unique_official_exact	False	False	False	grey_not_a_network_block
PKD1	turquoise	5310	PKD1	unique_official_exact	True	True	True	included
BTRC	grey	8945	BTRC	unique_official_exact	False	False	False	grey_not_a_network_block
BBS2	brown	583	BBS2	unique_official_exact	True	True	True	included
WDR59	turquoise	79726	WDR59	unique_official_exact	True	True	True	included
TMEM63B	grey	55362	TMEM63B	unique_official_exact	False	False	False	grey_not_a_network_block
LRCH3	grey	84859	LRCH3	unique_official_exact	False	False	False	grey_not_a_network_block
ZNF460	turquoise	10794	ZNF460	unique_official_exact	True	True	True	included
KBTBD2	grey	25948	KBTBD2	unique_official_exact	False	False	False	grey_not_a_network_block
GID8	red	54994	GID8	unique_official_exact	True	True	True	included
C3orf18	grey	51161	C3orf18	unique_official_exact	False	False	False	grey_not_a_network_block
ARHGAP26	grey	23092	ARHGAP26	unique_official_exact	False	False	False	grey_not_a_network_block
MED16	grey	10025	MED16	unique_official_exact	False	False	False	grey_not_a_network_block
UBXN2B	grey	137886	UBXN2B	unique_official_exact	False	False	False	grey_not_a_network_block
C3orf38	red	285237	C3orf38	unique_official_exact	True	True	True	included
ANKRD28	black	23243	ANKRD28	unique_official_exact	True	True	True	included
CRIP2	pink	1397	CRIP2	unique_official_exact	True	True	True	included
PSMD1	grey	5707	PSMD1	unique_official_exact	False	False	False	grey_not_a_network_block
TMED5	grey	50999	TMED5	unique_official_exact	False	False	False	grey_not_a_network_block
TMTC1	turquoise	83857	TMTC1	unique_official_exact	True	True	True	included
GLT8D2	red	83468	GLT8D2	unique_official_exact	True	True	True	included
RFLNB	yellow	359845	RFLNB	unique_official_exact	True	True	True	included
NXN	black	64359	NXN	unique_official_exact	True	True	True	included
DYNC1LI1	grey	51143	DYNC1LI1	unique_official_exact	False	False	False	grey_not_a_network_block
IREB2	grey	3658	IREB2	unique_official_exact	False	False	False	grey_not_a_network_block
RELB	yellow	5971	RELB	unique_official_exact	True	True	True	included
RPS6KA5	brown	9252	RPS6KA5	unique_official_exact	True	True	True	included
ME3	turquoise	10873	ME3	unique_official_exact	True	True	True	included
VEGFC	yellow	7424	VEGFC	unique_official_exact	True	True	True	included
ZNF827	yellow	152485	ZNF827	unique_official_exact	True	True	True	included
TCF7L2	grey	6934	TCF7L2	unique_official_exact	False	False	False	grey_not_a_network_block
PHRF1	turquoise	57661	PHRF1	unique_official_exact	True	True	True	included
JADE1	grey	79960	JADE1	unique_official_exact	False	False	False	grey_not_a_network_block
NDN	grey	4692	NDN	unique_official_exact	False	False	False	grey_not_a_network_block
CCPG1	grey	9236	CCPG1	unique_official_exact	False	False	False	grey_not_a_network_block
FBXL3	grey	26224	FBXL3	unique_official_exact	False	False	False	grey_not_a_network_block
FUS	grey	2521	FUS	unique_official_exact	False	False	False	grey_not_a_network_block
MAPK11	black	5600	MAPK11	unique_official_exact	True	True	True	included
ATP1B2	brown	482	ATP1B2	unique_official_exact	True	True	True	included
GRK5	grey	2869	GRK5	unique_official_exact	False	False	False	grey_not_a_network_block
ADI1	grey	55256	ADI1	unique_official_exact	False	False	False	grey_not_a_network_block
TAB3	grey	257397	TAB3	unique_official_exact	False	False	False	grey_not_a_network_block
URI1	red	8725	URI1	unique_official_exact	True	True	True	included
EPHA2	turquoise	1969	EPHA2	unique_official_exact	True	True	True	included
TMEM230	blue	29058	TMEM230	unique_official_exact	True	True	True	included
MID1IP1	blue	58526	MID1IP1	unique_official_exact	True	True	True	included
NEK3	turquoise	4752	NEK3	unique_official_exact	True	True	True	included
MTA2	grey	9219	MTA2	unique_official_exact	False	False	False	grey_not_a_network_block
GPCPD1	grey	56261	GPCPD1	unique_official_exact	False	False	False	grey_not_a_network_block
EEF1G	blue	1937	EEF1G	unique_official_exact	True	True	True	included
GFM1	yellow	85476	GFM1	unique_official_exact	True	True	True	included
PITPNA	red	5306	PITPNA	unique_official_exact	True	True	True	included
UBXN6	yellow	80700	UBXN6	unique_official_exact	True	True	True	included
ZNF662	turquoise	389114	ZNF662	unique_official_exact	True	True	True	included
ADAM15	black	8751	ADAM15	unique_official_exact	True	True	True	included
TDRD7	grey	23424	TDRD7	unique_official_exact	False	False	False	grey_not_a_network_block
GUSBP2	grey	387036	GUSBP2	unique_official_exact	False	False	False	grey_not_a_network_block
PPP2R5E	grey	5529	PPP2R5E	unique_official_exact	False	False	False	grey_not_a_network_block
MBNL2	brown	10150	MBNL2	unique_official_exact	True	True	True	included
KLHL24	grey	54800	KLHL24	unique_official_exact	False	False	False	grey_not_a_network_block
WASHC3	grey	51019	WASHC3	unique_official_exact	False	False	False	grey_not_a_network_block
LDB2	black	9079	LDB2	unique_official_exact	True	True	True	included
COX4I1	blue	1327	COX4I1	unique_official_exact	True	True	True	included
DNASE2	yellow	1777	DNASE2	unique_official_exact	True	True	True	included
TRPM4	pink	54795	TRPM4	unique_official_exact	True	True	True	included
NFYB	red	4801	NFYB	unique_official_exact	True	True	True	included
CHMP4A	grey	29082	CHMP4A	unique_official_exact	False	False	False	grey_not_a_network_block
CEP250	turquoise	11190	CEP250	unique_official_exact	True	True	True	included
FARS2	grey	10667	FARS2	unique_official_exact	False	False	False	grey_not_a_network_block
MSH3	grey	4437	MSH3	unique_official_exact	False	False	False	grey_not_a_network_block
APOOL	grey	139322	APOOL	unique_official_exact	False	False	False	grey_not_a_network_block
STAG3	turquoise	10734	STAG3	unique_official_exact	True	True	True	included
RNF10	grey	9921	RNF10	unique_official_exact	False	False	False	grey_not_a_network_block
CDC42	blue	998	CDC42	unique_official_exact	True	True	True	included
IDUA	turquoise	3425	IDUA	unique_official_exact	True	True	True	included
CCDC125	grey	202243	CCDC125	unique_official_exact	False	False	False	grey_not_a_network_block
HAUS4	grey	54930	HAUS4	unique_official_exact	False	False	False	grey_not_a_network_block
NCOA7	yellow	135112	NCOA7	unique_official_exact	True	True	True	included
OTULIN	grey	90268	OTULIN	unique_official_exact	False	False	False	grey_not_a_network_block
TMTC3	grey	160418	TMTC3	unique_official_exact	False	False	False	grey_not_a_network_block
PSMB8	blue	5696	PSMB8	unique_official_exact	True	True	True	included
SETBP1	yellow	26040	SETBP1	unique_official_exact	True	True	True	included
COPG2	grey	26958	COPG2	unique_official_exact	False	False	False	grey_not_a_network_block
NIT2	grey	56954	NIT2	unique_official_exact	False	False	False	grey_not_a_network_block
STEAP3	blue	55240	STEAP3	unique_official_exact	True	True	True	included
C1D	green	10438	C1D	unique_official_exact	True	True	True	included
SMOC1	yellow	64093	SMOC1	unique_official_exact	True	True	True	included
SCAMP3	grey	10067	SCAMP3	unique_official_exact	False	False	False	grey_not_a_network_block
MRPL3	grey	11222	MRPL3	unique_official_exact	False	False	False	grey_not_a_network_block
USP45	turquoise	85015	USP45	unique_official_exact	True	True	True	included
SAP130	grey	79595	SAP130	unique_official_exact	False	False	False	grey_not_a_network_block
TNFRSF10B	grey	8795	TNFRSF10B	unique_official_exact	False	False	False	grey_not_a_network_block
ATP1B3	grey	483	ATP1B3	unique_official_exact	False	False	False	grey_not_a_network_block
NUP107	grey	57122	NUP107	unique_official_exact	False	False	False	grey_not_a_network_block
NUP43	grey	348995	NUP43	unique_official_exact	False	False	False	grey_not_a_network_block
MARK3	turquoise	4140	MARK3	unique_official_exact	True	True	True	included
TM4SF18	grey	116441	TM4SF18	unique_official_exact	False	False	False	grey_not_a_network_block
RAPGEFL1	turquoise	51195	RAPGEFL1	unique_official_exact	True	True	True	included
RPGRIP1L	grey	23322	RPGRIP1L	unique_official_exact	False	False	False	grey_not_a_network_block
DOCK3	turquoise	1795	DOCK3	unique_official_exact	True	True	True	included
HDAC8	grey	55869	HDAC8	unique_official_exact	False	False	False	grey_not_a_network_block
VPS72	grey	6944	VPS72	unique_official_exact	False	False	False	grey_not_a_network_block
ZNF624	green	57547	ZNF624	unique_official_exact	True	True	True	included
CFDP1	turquoise	10428	CFDP1	unique_official_exact	True	True	True	included
CCDC102B	grey	79839	CCDC102B	unique_official_exact	False	False	False	grey_not_a_network_block
EFNB2	grey	1948	EFNB2	unique_official_exact	False	False	False	grey_not_a_network_block
DIS3	grey	22894	DIS3	unique_official_exact	False	False	False	grey_not_a_network_block
PTK7	blue	5754	PTK7	unique_official_exact	True	True	True	included
ZNF516	brown	9658	ZNF516	unique_official_exact	True	True	True	included
EIF2S1	grey	1965	EIF2S1	unique_official_exact	False	False	False	grey_not_a_network_block
SETMAR	grey	6419	SETMAR	unique_official_exact	False	False	False	grey_not_a_network_block
SLC35B3	grey	51000	SLC35B3	unique_official_exact	False	False	False	grey_not_a_network_block
ZNF512	grey	84450	ZNF512	unique_official_exact	False	False	False	grey_not_a_network_block
IGFBP7	grey	3490	IGFBP7	unique_official_exact	False	False	False	grey_not_a_network_block
EPN2	turquoise	22905	EPN2	unique_official_exact	True	True	True	included
RSAD2	grey	91543	RSAD2	unique_official_exact	False	False	False	grey_not_a_network_block
LPAR6	grey	10161	LPAR6	unique_official_exact	False	False	False	grey_not_a_network_block
CUL1	grey	8454	CUL1	unique_official_exact	False	False	False	grey_not_a_network_block
EFNA1	grey	1942	EFNA1	unique_official_exact	False	False	False	grey_not_a_network_block
TLR2	grey	7097	TLR2	unique_official_exact	False	False	False	grey_not_a_network_block
FOXO3	grey	2309	FOXO3	unique_official_exact	False	False	False	grey_not_a_network_block
TMC7	brown	79905	TMC7	unique_official_exact	True	True	True	included
IRGQ	grey	126298	IRGQ	unique_official_exact	False	False	False	grey_not_a_network_block
RHOBTB1	blue	9886	RHOBTB1	unique_official_exact	True	True	True	included
HYCC2	turquoise	285172	HYCC2	unique_official_exact	True	True	True	included
SIPA1	brown	6494	SIPA1	unique_official_exact	True	True	True	included
FRYL	turquoise	285527	FRYL	unique_official_exact	True	True	True	included
FBXL4	brown	26235	FBXL4	unique_official_exact	True	True	True	included
INO80D	grey	54891	INO80D	unique_official_exact	False	False	False	grey_not_a_network_block
ASAP1	black	50807	ASAP1	unique_official_exact	True	True	True	included
SUCLA2	grey	8803	SUCLA2	unique_official_exact	False	False	False	grey_not_a_network_block
EID1	red	23741	EID1	unique_official_exact	True	True	True	included
FRMD8	grey	83786	FRMD8	unique_official_exact	False	False	False	grey_not_a_network_block
MAP6	grey	4135	MAP6	unique_official_exact	False	False	False	grey_not_a_network_block
MAPK6	grey	5597	MAPK6	unique_official_exact	False	False	False	grey_not_a_network_block
ZNF275	grey	10838	ZNF275	unique_official_exact	False	False	False	grey_not_a_network_block
JDP2	blue	122953	JDP2	unique_official_exact	True	True	True	included
FLYWCH1	turquoise	84256	FLYWCH1	unique_official_exact	True	True	True	included
BRD7	grey	29117	BRD7	unique_official_exact	False	False	False	grey_not_a_network_block
PHLPP1	turquoise	23239	PHLPP1	unique_official_exact	True	True	True	included
REXO4	grey	57109	REXO4	unique_official_exact	False	False	False	grey_not_a_network_block
FRMD4A	black	55691	FRMD4A	unique_official_exact	True	True	True	included
SNRNP27	red	11017	SNRNP27	unique_official_exact	True	True	True	included
ANTXR2	grey	118429	ANTXR2	unique_official_exact	False	False	False	grey_not_a_network_block
PMM2	grey	5373	PMM2	unique_official_exact	False	False	False	grey_not_a_network_block
CCNY	blue	219771	CCNY	unique_official_exact	True	True	True	included
PTBP3	blue	9991	PTBP3	unique_official_exact	True	True	True	included
RNF121	grey	55298	RNF121	unique_official_exact	False	False	False	grey_not_a_network_block
ARMCX3	grey	51566	ARMCX3	unique_official_exact	False	False	False	grey_not_a_network_block
MICA	turquoise	100507436	MICA	unique_official_exact	True	True	True	included
DEK	grey	7913	DEK	unique_official_exact	False	False	False	grey_not_a_network_block
JMJD8	grey	339123	JMJD8	unique_official_exact	False	False	False	grey_not_a_network_block
ARF3	blue	377	ARF3	unique_official_exact	True	True	True	included
SERPINB6	grey	5269	SERPINB6	unique_official_exact	False	False	False	grey_not_a_network_block
SPEF2	turquoise	79925	SPEF2	unique_official_exact	True	True	True	included
SMARCA5	grey	8467	SMARCA5	unique_official_exact	False	False	False	grey_not_a_network_block
ATG4B	turquoise	23192	ATG4B	unique_official_exact	True	True	True	included
USP48	turquoise	84196	USP48	unique_official_exact	True	True	True	included
HOXC10	grey	3226	HOXC10	unique_official_exact	False	False	False	grey_not_a_network_block
ZNF780A	grey	284323	ZNF780A	unique_official_exact	False	False	False	grey_not_a_network_block
TOB1	green	10140	TOB1	unique_official_exact	True	True	True	included
RIMS3	grey	9783	RIMS3	unique_official_exact	False	False	False	grey_not_a_network_block
SRC	grey	6714	SRC	unique_official_exact	False	False	False	grey_not_a_network_block
HPS3	grey	84343	HPS3	unique_official_exact	False	False	False	grey_not_a_network_block
ATP6V0E2	grey	155066	ATP6V0E2	unique_official_exact	False	False	False	grey_not_a_network_block
CLCN7	magenta	1186	CLCN7	unique_official_exact	True	True	True	included
SPATA31G1	turquoise	138724	SPATA31G1	unique_official_exact	True	True	True	included
CCT5	grey	22948	CCT5	unique_official_exact	False	False	False	grey_not_a_network_block
WIZ	grey	58525	WIZ	unique_official_exact	False	False	False	grey_not_a_network_block
GOT2	red	2806	GOT2	unique_official_exact	True	True	True	included
TMEM51	green	55092	TMEM51	unique_official_exact	True	True	True	included
EXOC6B	grey	23233	EXOC6B	unique_official_exact	False	False	False	grey_not_a_network_block
CYP4A11	turquoise	1579	CYP4A11	unique_official_exact	True	True	True	included
KLF12	grey	11278	KLF12	unique_official_exact	False	False	False	grey_not_a_network_block
ZC3HAV1L	grey	92092	ZC3HAV1L	unique_official_exact	False	False	False	grey_not_a_network_block
DYNC2I2	grey	89891	DYNC2I2	unique_official_exact	False	False	False	grey_not_a_network_block
AGAP6	turquoise	414189	AGAP6	unique_official_exact	True	True	True	included
SMARCD3	grey	6604	SMARCD3	unique_official_exact	False	False	False	grey_not_a_network_block
PRKAB1	grey	5564	PRKAB1	unique_official_exact	False	False	False	grey_not_a_network_block
CLEC16A	green	23274	CLEC16A	unique_official_exact	True	True	True	included
BCL7C	grey	9274	BCL7C	unique_official_exact	False	False	False	grey_not_a_network_block
MIEF1	yellow	54471	MIEF1	unique_official_exact	True	True	True	included
GNAI1	grey	2770	GNAI1	unique_official_exact	False	False	False	grey_not_a_network_block
NIBAN1	red	116496	NIBAN1	unique_official_exact	True	True	True	included
APEX1	grey	328	APEX1	unique_official_exact	False	False	False	grey_not_a_network_block
ZNF783	turquoise	100289678	ZNF783	unique_official_exact	True	True	True	included
GLE1	grey	2733	GLE1	unique_official_exact	False	False	False	grey_not_a_network_block
MINDY1	brown	55793	MINDY1	unique_official_exact	True	True	True	included
ERLIN1	grey	10613	ERLIN1	unique_official_exact	False	False	False	grey_not_a_network_block
UBN1	grey	29855	UBN1	unique_official_exact	False	False	False	grey_not_a_network_block
AIF1	blue	199	AIF1	unique_official_exact	True	True	True	included
SLC12A2-DT	grey	644873	SLC12A2-DT	unique_official_exact	False	False	False	grey_not_a_network_block
ZCCHC4	grey	29063	ZCCHC4	unique_official_exact	False	False	False	grey_not_a_network_block
LMAN2L	grey	81562	LMAN2L	unique_official_exact	False	False	False	grey_not_a_network_block
PAN3	turquoise	255967	PAN3	unique_official_exact	True	True	True	included
NES	brown	10763	NES	unique_official_exact	True	True	True	included
ISG15	grey	9636	ISG15	unique_official_exact	False	False	False	grey_not_a_network_block
H2AC6	grey	8334	H2AC6	unique_official_exact	False	False	False	grey_not_a_network_block
STOML2	grey	30968	STOML2	unique_official_exact	False	False	False	grey_not_a_network_block
ATXN7L3B	grey	552889	ATXN7L3B	unique_official_exact	False	False	False	grey_not_a_network_block
CCHCR1	grey	54535	CCHCR1	unique_official_exact	False	False	False	grey_not_a_network_block
CRCP	grey	27297	CRCP	unique_official_exact	False	False	False	grey_not_a_network_block
TLNRD1	black	59274	TLNRD1	unique_official_exact	True	True	True	included
HEATR1	turquoise	55127	HEATR1	unique_official_exact	True	True	True	included
TFG	grey	10342	TFG	unique_official_exact	False	False	False	grey_not_a_network_block
MAP1LC3B	grey	81631	MAP1LC3B	unique_official_exact	False	False	False	grey_not_a_network_block
FRG1	grey	2483	FRG1	unique_official_exact	False	False	False	grey_not_a_network_block
MFSD11	grey	79157	MFSD11	unique_official_exact	False	False	False	grey_not_a_network_block
DNM1L	grey	10059	DNM1L	unique_official_exact	False	False	False	grey_not_a_network_block
MZF1	turquoise	7593	MZF1	unique_official_exact	True	True	True	included
TRPM2	grey	7226	TRPM2	unique_official_exact	False	False	False	grey_not_a_network_block
WDR55	grey	54853	WDR55	unique_official_exact	False	False	False	grey_not_a_network_block
TFIP11	grey	24144	TFIP11	unique_official_exact	False	False	False	grey_not_a_network_block
SNRPA	grey	6626	SNRPA	unique_official_exact	False	False	False	grey_not_a_network_block
PWP1	grey	11137	PWP1	unique_official_exact	False	False	False	grey_not_a_network_block
STAU2	grey	27067	STAU2	unique_official_exact	False	False	False	grey_not_a_network_block
SLX4	turquoise	84464	SLX4	unique_official_exact	True	True	True	included
UGGT1	grey	56886	UGGT1	unique_official_exact	False	False	False	grey_not_a_network_block
AKR1A1	grey	10327	AKR1A1	unique_official_exact	False	False	False	grey_not_a_network_block
TERF2IP	grey	54386	TERF2IP	unique_official_exact	False	False	False	grey_not_a_network_block
ATG3	grey	64422	ATG3	unique_official_exact	False	False	False	grey_not_a_network_block
MICU1	grey	10367	MICU1	unique_official_exact	False	False	False	grey_not_a_network_block
NUBPL	grey	80224	NUBPL	unique_official_exact	False	False	False	grey_not_a_network_block
CYB5B	grey	80777	CYB5B	unique_official_exact	False	False	False	grey_not_a_network_block
CNTROB	grey	116840	CNTROB	unique_official_exact	False	False	False	grey_not_a_network_block
POM121C	grey	100101267	POM121C	unique_official_exact	False	False	False	grey_not_a_network_block
PRDM5	grey	11107	PRDM5	unique_official_exact	False	False	False	grey_not_a_network_block
ZNF717	grey	100131827	ZNF717	unique_official_exact	False	False	False	grey_not_a_network_block
TSN	grey	7247	TSN	unique_official_exact	False	False	False	grey_not_a_network_block
TMEM245	brown	23731	TMEM245	unique_official_exact	True	True	True	included
ITGA4	grey	3676	ITGA4	unique_official_exact	False	False	False	grey_not_a_network_block
CPNE8	grey	144402	CPNE8	unique_official_exact	False	False	False	grey_not_a_network_block
PLPP3	blue	8613	PLPP3	unique_official_exact	True	True	True	included
ASAP2	brown	8853	ASAP2	unique_official_exact	True	True	True	included
CHMP7	grey	91782	CHMP7	unique_official_exact	False	False	False	grey_not_a_network_block
SLC12A7	grey	10723	SLC12A7	unique_official_exact	False	False	False	grey_not_a_network_block
SELENOO	turquoise	83642	SELENOO	unique_official_exact	True	True	True	included
CHURC1	grey	91612	CHURC1	unique_official_exact	False	False	False	grey_not_a_network_block
ZBTB35	grey	7690	ZBTB35	unique_official_exact	False	False	False	grey_not_a_network_block
ELOB	grey	6923	ELOB	unique_official_exact	False	False	False	grey_not_a_network_block
ARIH2	grey	10425	ARIH2	unique_official_exact	False	False	False	grey_not_a_network_block
DGKQ	turquoise	1609	DGKQ	unique_official_exact	True	True	True	included
LY6E	grey	4061	LY6E	unique_official_exact	False	False	False	grey_not_a_network_block
RPS11	grey	6205	RPS11	unique_official_exact	False	False	False	grey_not_a_network_block
TCEAL1	grey	9338	TCEAL1	unique_official_exact	False	False	False	grey_not_a_network_block
OGDH	blue	4967	OGDH	unique_official_exact	True	True	True	included
LRRC8A	pink	56262	LRRC8A	unique_official_exact	True	True	True	included
TCTN2	grey	79867	TCTN2	unique_official_exact	False	False	False	grey_not_a_network_block
ZNF564	grey	163050	ZNF564	unique_official_exact	False	False	False	grey_not_a_network_block
ARHGAP5	brown	394	ARHGAP5	unique_official_exact	True	True	True	included
RMDN3	grey	55177	RMDN3	unique_official_exact	False	False	False	grey_not_a_network_block
TIMMDC1	grey	51300	TIMMDC1	unique_official_exact	False	False	False	grey_not_a_network_block
CS	yellow	1431	CS	unique_official_exact	True	True	True	included
ZNF836	grey	162962	ZNF836	unique_official_exact	False	False	False	grey_not_a_network_block
MARCO	blue	8685	MARCO	unique_official_exact	True	True	True	included
HIBCH	grey	26275	HIBCH	unique_official_exact	False	False	False	grey_not_a_network_block
OIP5-AS1	grey	729082	OIP5-AS1	unique_official_exact	False	False	False	grey_not_a_network_block
USP24	turquoise	23358	USP24	unique_official_exact	True	True	True	included
ANO8	turquoise	57719	ANO8	unique_official_exact	True	True	True	included
TSPAN7	grey	7102	TSPAN7	unique_official_exact	False	False	False	grey_not_a_network_block
SSTR1	grey	6751	SSTR1	unique_official_exact	False	False	False	grey_not_a_network_block
CSPP1	turquoise	79848	CSPP1	unique_official_exact	True	True	True	included
FBXO33	turquoise	254170	FBXO33	unique_official_exact	True	True	True	included
ASB7	black	140460	ASB7	unique_official_exact	True	True	True	included
ZNF70	grey	7621	ZNF70	unique_official_exact	False	False	False	grey_not_a_network_block
SERINC3	blue	10955	SERINC3	unique_official_exact	True	True	True	included
ATP6AP2	blue	10159	ATP6AP2	unique_official_exact	True	True	True	included
THRA	magenta	7067	THRA	unique_official_exact	True	True	True	included
LYRM7	grey	90624	LYRM7	unique_official_exact	False	False	False	grey_not_a_network_block
COL23A1	green	91522	COL23A1	unique_official_exact	True	True	True	included
SH3TC1	grey	54436	SH3TC1	unique_official_exact	False	False	False	grey_not_a_network_block
PRDX1	yellow	5052	PRDX1	unique_official_exact	True	True	True	included
ATP6V0B	grey	533	ATP6V0B	unique_official_exact	False	False	False	grey_not_a_network_block
ZNF622	grey	90441	ZNF622	unique_official_exact	False	False	False	grey_not_a_network_block
OMA1	grey	115209	OMA1	unique_official_exact	False	False	False	grey_not_a_network_block
TRAPPC13	grey	80006	TRAPPC13	unique_official_exact	False	False	False	grey_not_a_network_block
VCL	black	7414	VCL	unique_official_exact	True	True	True	included
DCAF17	brown	80067	DCAF17	unique_official_exact	True	True	True	included
GNPDA2	grey	132789	GNPDA2	unique_official_exact	False	False	False	grey_not_a_network_block
ACTN1	yellow	87	ACTN1	unique_official_exact	True	True	True	included
DERL1	blue	79139	DERL1	unique_official_exact	True	True	True	included
UTP20	grey	27340	UTP20	unique_official_exact	False	False	False	grey_not_a_network_block
ZNF155	grey	7711	ZNF155	unique_official_exact	False	False	False	grey_not_a_network_block
UBR2	turquoise	23304	UBR2	unique_official_exact	True	True	True	included
CAPZA1	blue	829	CAPZA1	unique_official_exact	True	True	True	included
SBK1	grey	388228	SBK1	unique_official_exact	False	False	False	grey_not_a_network_block
PRDX5	grey	25824	PRDX5	unique_official_exact	False	False	False	grey_not_a_network_block
HAUS2	grey	55142	HAUS2	unique_official_exact	False	False	False	grey_not_a_network_block
BRIX1	red	55299	BRIX1	unique_official_exact	True	True	True	included
NPAS2	grey	4862	NPAS2	unique_official_exact	False	False	False	grey_not_a_network_block
GRPEL2	grey	134266	GRPEL2	unique_official_exact	False	False	False	grey_not_a_network_block
ADAM17	green	6868	ADAM17	unique_official_exact	True	True	True	included
NHEJ1	grey	79840	NHEJ1	unique_official_exact	False	False	False	grey_not_a_network_block
ZNF616	grey	90317	ZNF616	unique_official_exact	False	False	False	grey_not_a_network_block
ARHGEF1	turquoise	9138	ARHGEF1	unique_official_exact	True	True	True	included
EMC7	red	56851	EMC7	unique_official_exact	True	True	True	included
MARCHF1	brown	55016	MARCHF1	unique_official_exact	True	True	True	included
STIMATE	magenta	375346	STIMATE	unique_official_exact	True	True	True	included
ATL2	grey	64225	ATL2	unique_official_exact	False	False	False	grey_not_a_network_block
SLC43A2	blue	124935	SLC43A2	unique_official_exact	True	True	True	included
RARA	grey	5914	RARA	unique_official_exact	False	False	False	grey_not_a_network_block
CHD1L	grey	9557	CHD1L	unique_official_exact	False	False	False	grey_not_a_network_block
SUGT1	grey	10910	SUGT1	unique_official_exact	False	False	False	grey_not_a_network_block
ACIN1	turquoise	22985	ACIN1	unique_official_exact	True	True	True	included
LOC101927550	turquoise	101927550	LOC101927550	unique_official_exact	True	True	True	included
IFITM1	grey	8519	IFITM1	unique_official_exact	False	False	False	grey_not_a_network_block
SLC25A5	yellow	292	SLC25A5	unique_official_exact	True	True	True	included
RNF138P1	turquoise	379013	RNF138P1	unique_official_exact	True	True	True	included
ZNF236	turquoise	7776	ZNF236	unique_official_exact	True	True	True	included
PYCR2	grey	29920	PYCR2	unique_official_exact	False	False	False	grey_not_a_network_block
YIPF4	grey	84272	YIPF4	unique_official_exact	False	False	False	grey_not_a_network_block
NAP1L3	red	4675	NAP1L3	unique_official_exact	True	True	True	included
ULK2	green	9706	ULK2	unique_official_exact	True	True	True	included
LACC1	grey	144811	LACC1	unique_official_exact	False	False	False	grey_not_a_network_block
CDC37L1	green	55664	CDC37L1	unique_official_exact	True	True	True	included
ANKRD12	turquoise	23253	ANKRD12	unique_official_exact	True	True	True	included
IGSF10	grey	285313	IGSF10	unique_official_exact	False	False	False	grey_not_a_network_block
AMOTL1	green	154810	AMOTL1	unique_official_exact	True	True	True	included
RNF7	grey	9616	RNF7	unique_official_exact	False	False	False	grey_not_a_network_block
ACBD3	grey	64746	ACBD3	unique_official_exact	False	False	False	grey_not_a_network_block
ZMIZ2	turquoise	83637	ZMIZ2	unique_official_exact	True	True	True	included
RBPMS	turquoise	11030	RBPMS	unique_official_exact	True	True	True	included
RAB11FIP4	grey	84440	RAB11FIP4	unique_official_exact	False	False	False	grey_not_a_network_block
BRWD1	turquoise	54014	BRWD1	unique_official_exact	True	True	True	included
PI4K2B	grey	55300	PI4K2B	unique_official_exact	False	False	False	grey_not_a_network_block
PCMTD2	grey	55251	PCMTD2	unique_official_exact	False	False	False	grey_not_a_network_block
SGIP1	pink	84251	SGIP1	unique_official_exact	True	True	True	included
DEPDC5	turquoise	9681	DEPDC5	unique_official_exact	True	True	True	included
LHPP	grey	64077	LHPP	unique_official_exact	False	False	False	grey_not_a_network_block
ESD	grey	2098	ESD	unique_official_exact	False	False	False	grey_not_a_network_block
KLC1	turquoise	3831	KLC1	unique_official_exact	True	True	True	included
ASNSD1	grey	54529	ASNSD1	unique_official_exact	False	False	False	grey_not_a_network_block
MRPL35	grey	51318	MRPL35	unique_official_exact	False	False	False	grey_not_a_network_block
ANKH	brown	56172	ANKH	unique_official_exact	True	True	True	included
MEX3C	grey	51320	MEX3C	unique_official_exact	False	False	False	grey_not_a_network_block
EEF2K	grey	29904	EEF2K	unique_official_exact	False	False	False	grey_not_a_network_block
CZIB	grey	54987	CZIB	unique_official_exact	False	False	False	grey_not_a_network_block
DECR1	grey	1666	DECR1	unique_official_exact	False	False	False	grey_not_a_network_block
MAPK8	grey	5599	MAPK8	unique_official_exact	False	False	False	grey_not_a_network_block
SDHA	yellow	6389	SDHA	unique_official_exact	True	True	True	included
FIG4	grey	9896	FIG4	unique_official_exact	False	False	False	grey_not_a_network_block
COX7C	grey	1350	COX7C	unique_official_exact	False	False	False	grey_not_a_network_block
UBE2J1	grey	51465	UBE2J1	unique_official_exact	False	False	False	grey_not_a_network_block
SLC16A4	grey	9122	SLC16A4	unique_official_exact	False	False	False	grey_not_a_network_block
SNX10	yellow	29887	SNX10	unique_official_exact	True	True	True	included
G6PC3	grey	92579	G6PC3	unique_official_exact	False	False	False	grey_not_a_network_block
SRSF9	grey	8683	SRSF9	unique_official_exact	False	False	False	grey_not_a_network_block
PDAP1	grey	11333	PDAP1	unique_official_exact	False	False	False	grey_not_a_network_block
MAP4K5	grey	11183	MAP4K5	unique_official_exact	False	False	False	grey_not_a_network_block
IER5	black	51278	IER5	unique_official_exact	True	True	True	included
INPP5B	turquoise	3633	INPP5B	unique_official_exact	True	True	True	included
ZNF24	brown	7572	ZNF24	unique_official_exact	True	True	True	included
FER	green	2241	FER	unique_official_exact	True	True	True	included
KIZ	grey	55857	KIZ	unique_official_exact	False	False	False	grey_not_a_network_block
CCDC59	grey	29080	CCDC59	unique_official_exact	False	False	False	grey_not_a_network_block
FIBP	grey	9158	FIBP	unique_official_exact	False	False	False	grey_not_a_network_block
EIF5A2	grey	56648	EIF5A2	unique_official_exact	False	False	False	grey_not_a_network_block
CD3E	blue	916	CD3E	unique_official_exact	True	True	True	included
EPPK1	turquoise	83481	EPPK1	unique_official_exact	True	True	True	included
GTF2H3	grey	2967	GTF2H3	unique_official_exact	False	False	False	grey_not_a_network_block
NHLRC2	grey	374354	NHLRC2	unique_official_exact	False	False	False	grey_not_a_network_block
PKIA	brown	5569	PKIA	unique_official_exact	True	True	True	included
ASCC2	yellow	84164	ASCC2	unique_official_exact	True	True	True	included
FBXL7	grey	23194	FBXL7	unique_official_exact	False	False	False	grey_not_a_network_block
HLX	grey	3142	HLX	unique_official_exact	False	False	False	grey_not_a_network_block
EPS8L2	brown	64787	EPS8L2	unique_official_exact	True	True	True	included
GXYLT2	red	727936	GXYLT2	unique_official_exact	True	True	True	included
SOD3	grey	6649	SOD3	unique_official_exact	False	False	False	grey_not_a_network_block
NHLRC3	yellow	387921	NHLRC3	unique_official_exact	True	True	True	included
MARK4	grey	57787	MARK4	unique_official_exact	False	False	False	grey_not_a_network_block
DCAF1	grey	9730	DCAF1	unique_official_exact	False	False	False	grey_not_a_network_block
GNL3	grey	26354	GNL3	unique_official_exact	False	False	False	grey_not_a_network_block
PMM1	grey	5372	PMM1	unique_official_exact	False	False	False	grey_not_a_network_block
FSIP2	turquoise	401024	FSIP2	unique_official_exact	True	True	True	included
SLMAP	grey	7871	SLMAP	unique_official_exact	False	False	False	grey_not_a_network_block
SUB1	blue	10923	SUB1	unique_official_exact	True	True	True	included
DUSP10	grey	11221	DUSP10	unique_official_exact	False	False	False	grey_not_a_network_block
SACS	turquoise	26278	SACS	unique_official_exact	True	True	True	included
TBC1D12	grey	23232	TBC1D12	unique_official_exact	False	False	False	grey_not_a_network_block
ARLN	blue	401152	ARLN	unique_official_exact	True	True	True	included
SCARNA6	grey	677772	SCARNA6	unique_official_exact	False	False	False	grey_not_a_network_block
ACTR2	blue	10097	ACTR2	unique_official_exact	True	True	True	included
POLR3H	grey	171568	POLR3H	unique_official_exact	False	False	False	grey_not_a_network_block
ZCRB1	grey	85437	ZCRB1	unique_official_exact	False	False	False	grey_not_a_network_block
TNIP1	yellow	10318	TNIP1	unique_official_exact	True	True	True	included
C8orf33	grey	65265	C8orf33	unique_official_exact	False	False	False	grey_not_a_network_block
ARPC1B	grey	10095	ARPC1B	unique_official_exact	False	False	False	grey_not_a_network_block
NFATC2IP	turquoise	84901	NFATC2IP	unique_official_exact	True	True	True	included
ZFAND3	yellow	60685	ZFAND3	unique_official_exact	True	True	True	included
EDEM3	grey	80267	EDEM3	unique_official_exact	False	False	False	grey_not_a_network_block
ARHGEF4	grey	50649	ARHGEF4	unique_official_exact	False	False	False	grey_not_a_network_block
PARP16	grey	54956	PARP16	unique_official_exact	False	False	False	grey_not_a_network_block
ZNF189	grey	7743	ZNF189	unique_official_exact	False	False	False	grey_not_a_network_block
SNTB2	blue	6645	SNTB2	unique_official_exact	True	True	True	included
FOSB	grey	2354	FOSB	unique_official_exact	False	False	False	grey_not_a_network_block
ECD	grey	11319	ECD	unique_official_exact	False	False	False	grey_not_a_network_block
PPP2R1A	grey	5518	PPP2R1A	unique_official_exact	False	False	False	grey_not_a_network_block
CDC42EP1	grey	11135	CDC42EP1	unique_official_exact	False	False	False	grey_not_a_network_block
HDDC2	grey	51020	HDDC2	unique_official_exact	False	False	False	grey_not_a_network_block
ARRB1	yellow	408	ARRB1	unique_official_exact	True	True	True	included
LOC100129034	grey	100129034	LOC100129034	unique_official_exact	False	False	False	grey_not_a_network_block
PLXDC1	grey	57125	PLXDC1	unique_official_exact	False	False	False	grey_not_a_network_block
SLC15A3	brown	51296	SLC15A3	unique_official_exact	True	True	True	included
GPR4	green	2828	GPR4	unique_official_exact	True	True	True	included
UPF3B	grey	65109	UPF3B	unique_official_exact	False	False	False	grey_not_a_network_block
CARS2	turquoise	79587	CARS2	unique_official_exact	True	True	True	included
ULK1	turquoise	8408	ULK1	unique_official_exact	True	True	True	included
HSPA14	grey	51182	HSPA14	unique_official_exact	False	False	False	grey_not_a_network_block
SDHC	grey	6391	SDHC	unique_official_exact	False	False	False	grey_not_a_network_block
TACC1	red	6867	TACC1	unique_official_exact	True	True	True	included
PAAF1	grey	80227	PAAF1	unique_official_exact	False	False	False	grey_not_a_network_block
CTNNBL1	grey	56259	CTNNBL1	unique_official_exact	False	False	False	grey_not_a_network_block
NAPG	grey	8774	NAPG	unique_official_exact	False	False	False	grey_not_a_network_block
PARG	grey	8505	PARG	unique_official_exact	False	False	False	grey_not_a_network_block
SRP72	red	6731	SRP72	unique_official_exact	True	True	True	included
SEPTIN9	grey	10801	SEPTIN9	unique_official_exact	False	False	False	grey_not_a_network_block
POLR1F	grey	221830	POLR1F	unique_official_exact	False	False	False	grey_not_a_network_block
NAGLU	grey	4669	NAGLU	unique_official_exact	False	False	False	grey_not_a_network_block
TNRC6A	turquoise	27327	TNRC6A	unique_official_exact	True	True	True	included
RFX2	pink	5990	RFX2	unique_official_exact	True	True	True	included
CAMK2D	grey	817	CAMK2D	unique_official_exact	False	False	False	grey_not_a_network_block
ZNF407	turquoise	55628	ZNF407	unique_official_exact	True	True	True	included
PARP12	turquoise	64761	PARP12	unique_official_exact	True	True	True	included
SMG9	grey	56006	SMG9	unique_official_exact	False	False	False	grey_not_a_network_block
NAA30	grey	122830	NAA30	unique_official_exact	False	False	False	grey_not_a_network_block
PRRG3	brown	79057	PRRG3	unique_official_exact	True	True	True	included
PPP1R13B	grey	23368	PPP1R13B	unique_official_exact	False	False	False	grey_not_a_network_block
M6PR	grey	4074	M6PR	unique_official_exact	False	False	False	grey_not_a_network_block
DTX4	green	23220	DTX4	unique_official_exact	True	True	True	included
CDK4	grey	1019	CDK4	unique_official_exact	False	False	False	grey_not_a_network_block
TRIP4	grey	9325	TRIP4	unique_official_exact	False	False	False	grey_not_a_network_block
THAP4	yellow	51078	THAP4	unique_official_exact	True	True	True	included
INPP5K	magenta	51763	INPP5K	unique_official_exact	True	True	True	included
ATP7B	grey	540	ATP7B	unique_official_exact	False	False	False	grey_not_a_network_block
THAP9	grey	79725	THAP9	unique_official_exact	False	False	False	grey_not_a_network_block
MRPS34	grey	65993	MRPS34	unique_official_exact	False	False	False	grey_not_a_network_block
CHST7	yellow	56548	CHST7	unique_official_exact	True	True	True	included
DNAJB1	grey	3337	DNAJB1	unique_official_exact	False	False	False	grey_not_a_network_block
SLC10A7	grey	84068	SLC10A7	unique_official_exact	False	False	False	grey_not_a_network_block
NEDD4	grey	4734	NEDD4	unique_official_exact	False	False	False	grey_not_a_network_block
CBR1	grey	873	CBR1	unique_official_exact	False	False	False	grey_not_a_network_block
PID1	blue	55022	PID1	unique_official_exact	True	True	True	included
RNASET2	red	8635	RNASET2	unique_official_exact	True	True	True	included
HNRNPM	grey	4670	HNRNPM	unique_official_exact	False	False	False	grey_not_a_network_block
SRRM2	turquoise	23524	SRRM2	unique_official_exact	True	True	True	included
MORF4L1	red	10933	MORF4L1	unique_official_exact	True	True	True	included
ZNF431	turquoise	170959	ZNF431	unique_official_exact	True	True	True	included
RAB11FIP2	grey	22841	RAB11FIP2	unique_official_exact	False	False	False	grey_not_a_network_block
ZNF217	grey	7764	ZNF217	unique_official_exact	False	False	False	grey_not_a_network_block
GINM1	grey	116254	GINM1	unique_official_exact	False	False	False	grey_not_a_network_block
CASP2	grey	835	CASP2	unique_official_exact	False	False	False	grey_not_a_network_block
ADGRL1	yellow	22859	ADGRL1	unique_official_exact	True	True	True	included
SEPTIN7P2	turquoise	641977	SEPTIN7P2	unique_official_exact	True	True	True	included
BBOF1	grey	80127	BBOF1	unique_official_exact	False	False	False	grey_not_a_network_block
PRPSAP1	grey	5635	PRPSAP1	unique_official_exact	False	False	False	grey_not_a_network_block
CHMP2A	grey	27243	CHMP2A	unique_official_exact	False	False	False	grey_not_a_network_block
SUSD1	grey	64420	SUSD1	unique_official_exact	False	False	False	grey_not_a_network_block
NACA	grey	4666	NACA	unique_official_exact	False	False	False	grey_not_a_network_block
DAZAP1	grey	26528	DAZAP1	unique_official_exact	False	False	False	grey_not_a_network_block
FUCA2	grey	2519	FUCA2	unique_official_exact	False	False	False	grey_not_a_network_block
KLHDC3	grey	116138	KLHDC3	unique_official_exact	False	False	False	grey_not_a_network_block
IFRD1	grey	3475	IFRD1	unique_official_exact	False	False	False	grey_not_a_network_block
USP25	green	29761	USP25	unique_official_exact	True	True	True	included
HECTD3	grey	79654	HECTD3	unique_official_exact	False	False	False	grey_not_a_network_block
SKIC2	turquoise	6499	SKIC2	unique_official_exact	True	True	True	included
MBLAC2	grey	153364	MBLAC2	unique_official_exact	False	False	False	grey_not_a_network_block
RASAL2	turquoise	9462	RASAL2	unique_official_exact	True	True	True	included
LINC00667	grey	339290	LINC00667	unique_official_exact	False	False	False	grey_not_a_network_block
RPAP3	grey	79657	RPAP3	unique_official_exact	False	False	False	grey_not_a_network_block
VPS18	black	57617	VPS18	unique_official_exact	True	True	True	included
FNIP1	grey	96459	FNIP1	unique_official_exact	False	False	False	grey_not_a_network_block
KIAA1143	grey	57456	KIAA1143	unique_official_exact	False	False	False	grey_not_a_network_block
ERICH1	grey	157697	ERICH1	unique_official_exact	False	False	False	grey_not_a_network_block
COL4A6	turquoise	1288	COL4A6	unique_official_exact	True	True	True	included
SPTLC1	grey	10558	SPTLC1	unique_official_exact	False	False	False	grey_not_a_network_block
FUBP3	grey	8939	FUBP3	unique_official_exact	False	False	False	grey_not_a_network_block
ELMO2	brown	63916	ELMO2	unique_official_exact	True	True	True	included
SAMD8	grey	142891	SAMD8	unique_official_exact	False	False	False	grey_not_a_network_block
C11orf58	grey	10944	C11orf58	unique_official_exact	False	False	False	grey_not_a_network_block
HSF4	turquoise	3299	HSF4	unique_official_exact	True	True	True	included
CHST10	grey	9486	CHST10	unique_official_exact	False	False	False	grey_not_a_network_block
PACS2	turquoise	23241	PACS2	unique_official_exact	True	True	True	included
CD2AP	grey	23607	CD2AP	unique_official_exact	False	False	False	grey_not_a_network_block
YKT6	yellow	10652	YKT6	unique_official_exact	True	True	True	included
RAB21	red	23011	RAB21	unique_official_exact	True	True	True	included
ST3GAL6	brown	10402	ST3GAL6	unique_official_exact	True	True	True	included
VPS45	grey	11311	VPS45	unique_official_exact	False	False	False	grey_not_a_network_block
LOC100652768	turquoise	100652768	LOC100652768	unique_official_exact	True	True	True	included
SPTY2D1	grey	144108	SPTY2D1	unique_official_exact	False	False	False	grey_not_a_network_block
ARFGEF1	turquoise	10565	ARFGEF1	unique_official_exact	True	True	True	included
SS18	grey	6760	SS18	unique_official_exact	False	False	False	grey_not_a_network_block
WHAMM	grey	123720	WHAMM	unique_official_exact	False	False	False	grey_not_a_network_block
TOMM22	grey	56993	TOMM22	unique_official_exact	False	False	False	grey_not_a_network_block
CYB5R1	grey	51706	CYB5R1	unique_official_exact	False	False	False	grey_not_a_network_block
TLR6	blue	10333	TLR6	unique_official_exact	True	True	True	included
ALPK3	pink	57538	ALPK3	unique_official_exact	True	True	True	included
RSBN1	green	54665	RSBN1	unique_official_exact	True	True	True	included
UCHL5	grey	51377	UCHL5	unique_official_exact	False	False	False	grey_not_a_network_block
AMMECR1L	grey	83607	AMMECR1L	unique_official_exact	False	False	False	grey_not_a_network_block
DDX1	grey	1653	DDX1	unique_official_exact	False	False	False	grey_not_a_network_block
OS9	blue	10956	OS9	unique_official_exact	True	True	True	included
IMPDH1	magenta	3614	IMPDH1	unique_official_exact	True	True	True	included
ADAMTS7	turquoise	11173	ADAMTS7	unique_official_exact	True	True	True	included
CPS1	green	1373	CPS1	unique_official_exact	True	True	True	included
HACD2	yellow	201562	HACD2	unique_official_exact	True	True	True	included
LRPAP1	grey	4043	LRPAP1	unique_official_exact	False	False	False	grey_not_a_network_block
POC1B	grey	282809	POC1B	unique_official_exact	False	False	False	grey_not_a_network_block
THOC1	turquoise	9984	THOC1	unique_official_exact	True	True	True	included
PLCD1	grey	5333	PLCD1	unique_official_exact	False	False	False	grey_not_a_network_block
GCFC2	grey	6936	GCFC2	unique_official_exact	False	False	False	grey_not_a_network_block
SRSF7	grey	6432	SRSF7	unique_official_exact	False	False	False	grey_not_a_network_block
DCAF13	red	25879	DCAF13	unique_official_exact	True	True	True	included
RNF14	grey	9604	RNF14	unique_official_exact	False	False	False	grey_not_a_network_block
VAC14	grey	55697	VAC14	unique_official_exact	False	False	False	grey_not_a_network_block
CNOT6L	turquoise	246175	CNOT6L	unique_official_exact	True	True	True	included
FBXO21	grey	23014	FBXO21	unique_official_exact	False	False	False	grey_not_a_network_block
SNX25	grey	83891	SNX25	unique_official_exact	False	False	False	grey_not_a_network_block
OAS2	grey	4939	OAS2	unique_official_exact	False	False	False	grey_not_a_network_block
ARMCX6	grey	54470	ARMCX6	unique_official_exact	False	False	False	grey_not_a_network_block
ZNF664	blue	144348	ZNF664	unique_official_exact	True	True	True	included
UBE2E2	grey	7325	UBE2E2	unique_official_exact	False	False	False	grey_not_a_network_block
RNF141	grey	50862	RNF141	unique_official_exact	False	False	False	grey_not_a_network_block
GPRC5C	grey	55890	GPRC5C	unique_official_exact	False	False	False	grey_not_a_network_block
WWP1	grey	11059	WWP1	unique_official_exact	False	False	False	grey_not_a_network_block
LDAF1	grey	57146	LDAF1	unique_official_exact	False	False	False	grey_not_a_network_block
PRDX3	grey	10935	PRDX3	unique_official_exact	False	False	False	grey_not_a_network_block
PDXDC1	grey	23042	PDXDC1	unique_official_exact	False	False	False	grey_not_a_network_block
SPPL2B	turquoise	56928	SPPL2B	unique_official_exact	True	True	True	included
PCGF5	grey	84333	PCGF5	unique_official_exact	False	False	False	grey_not_a_network_block
RB1	grey	5925	RB1	unique_official_exact	False	False	False	grey_not_a_network_block
GSDMD	pink	79792	GSDMD	unique_official_exact	True	True	True	included
HNRNPR	grey	10236	HNRNPR	unique_official_exact	False	False	False	grey_not_a_network_block
CAPS2	green	84698	CAPS2	unique_official_exact	True	True	True	included
USP40	turquoise	55230	USP40	unique_official_exact	True	True	True	included
CDK13	turquoise	8621	CDK13	unique_official_exact	True	True	True	included
LINC00968	yellow	100507632	LINC00968	unique_official_exact	True	True	True	included
KCND1	grey	3750	KCND1	unique_official_exact	False	False	False	grey_not_a_network_block
ALG9	grey	79796	ALG9	unique_official_exact	False	False	False	grey_not_a_network_block
FHIP1A	green	729830	FHIP1A	unique_official_exact	True	True	True	included
TRMT5	grey	57570	TRMT5	unique_official_exact	False	False	False	grey_not_a_network_block
ZNF740	grey	283337	ZNF740	unique_official_exact	False	False	False	grey_not_a_network_block
SCFD1	grey	23256	SCFD1	unique_official_exact	False	False	False	grey_not_a_network_block
VEZT	grey	55591	VEZT	unique_official_exact	False	False	False	grey_not_a_network_block
ZNF853	grey	54753	ZNF853	unique_official_exact	False	False	False	grey_not_a_network_block
TMEM184C	grey	55751	TMEM184C	unique_official_exact	False	False	False	grey_not_a_network_block
AMPD2	grey	271	AMPD2	unique_official_exact	False	False	False	grey_not_a_network_block
GNAI2	blue	2771	GNAI2	unique_official_exact	True	True	True	included
RTRAF	blue	51637	RTRAF	unique_official_exact	True	True	True	included
FANCM	grey	57697	FANCM	unique_official_exact	False	False	False	grey_not_a_network_block
FGGY	grey	55277	FGGY	unique_official_exact	False	False	False	grey_not_a_network_block
PGPEP1	grey	54858	PGPEP1	unique_official_exact	False	False	False	grey_not_a_network_block
BMF	grey	90427	BMF	unique_official_exact	False	False	False	grey_not_a_network_block
THUMPD3	grey	25917	THUMPD3	unique_official_exact	False	False	False	grey_not_a_network_block
SEC16A	grey	9919	SEC16A	unique_official_exact	False	False	False	grey_not_a_network_block
SH3GLB1	yellow	51100	SH3GLB1	unique_official_exact	True	True	True	included
UTP25	grey	27042	UTP25	unique_official_exact	False	False	False	grey_not_a_network_block
ZBTB1	grey	22890	ZBTB1	unique_official_exact	False	False	False	grey_not_a_network_block
FXR2	red	9513	FXR2	unique_official_exact	True	True	True	included
VHL	grey	7428	VHL	unique_official_exact	False	False	False	grey_not_a_network_block
LARP7	grey	51574	LARP7	unique_official_exact	False	False	False	grey_not_a_network_block
CSNK1G3	red	1456	CSNK1G3	unique_official_exact	True	True	True	included
ENTPD1	turquoise	953	ENTPD1	unique_official_exact	True	True	True	included
PNMA1	grey	9240	PNMA1	unique_official_exact	False	False	False	grey_not_a_network_block
THYN1	grey	29087	THYN1	unique_official_exact	False	False	False	grey_not_a_network_block
VPS26C	grey	10311	VPS26C	unique_official_exact	False	False	False	grey_not_a_network_block
CIZ1	grey	25792	CIZ1	unique_official_exact	False	False	False	grey_not_a_network_block
ZNF558	grey	148156	ZNF558	unique_official_exact	False	False	False	grey_not_a_network_block
PCYOX1	yellow	51449	PCYOX1	unique_official_exact	True	True	True	included
SERP1	red	27230	SERP1	unique_official_exact	True	True	True	included
TMEM255A	brown	55026	TMEM255A	unique_official_exact	True	True	True	included
TIPARP	blue	25976	TIPARP	unique_official_exact	True	True	True	included
CDV3	blue	55573	CDV3	unique_official_exact	True	True	True	included
SLC26A2	grey	1836	SLC26A2	unique_official_exact	False	False	False	grey_not_a_network_block
PARP11	grey	57097	PARP11	unique_official_exact	False	False	False	grey_not_a_network_block
FAM149B1	turquoise	317662	FAM149B1	unique_official_exact	True	True	True	included
S100PBP	grey	64766	S100PBP	unique_official_exact	False	False	False	grey_not_a_network_block
PRKG2	grey	5593	PRKG2	unique_official_exact	False	False	False	grey_not_a_network_block
CASC15	turquoise	401237	CASC15	unique_official_exact	True	True	True	included
NOS1AP	grey	9722	NOS1AP	unique_official_exact	False	False	False	grey_not_a_network_block
SHH	brown	6469	SHH	unique_official_exact	True	True	True	included
CHSY1	grey	22856	CHSY1	unique_official_exact	False	False	False	grey_not_a_network_block
PTPN2	grey	5771	PTPN2	unique_official_exact	False	False	False	grey_not_a_network_block
CNRIP1	grey	25927	CNRIP1	unique_official_exact	False	False	False	grey_not_a_network_block
PANK4	grey	55229	PANK4	unique_official_exact	False	False	False	grey_not_a_network_block
USPL1	grey	10208	USPL1	unique_official_exact	False	False	False	grey_not_a_network_block
IDH3A	grey	3419	IDH3A	unique_official_exact	False	False	False	grey_not_a_network_block
ALX4	grey	60529	ALX4	unique_official_exact	False	False	False	grey_not_a_network_block
ANKRD11	turquoise	29123	ANKRD11	unique_official_exact	True	True	True	included
MANSC1	grey	54682	MANSC1	unique_official_exact	False	False	False	grey_not_a_network_block
NT5DC2	green	64943	NT5DC2	unique_official_exact	True	True	True	included
ZNF766	grey	90321	ZNF766	unique_official_exact	False	False	False	grey_not_a_network_block
HEPH	brown	9843	HEPH	unique_official_exact	True	True	True	included
MRPL10	grey	124995	MRPL10	unique_official_exact	False	False	False	grey_not_a_network_block
GJD3	yellow	125111	GJD3	unique_official_exact	True	True	True	included
PTGR3	grey	284273	PTGR3	unique_official_exact	False	False	False	grey_not_a_network_block
MCTP2	grey	55784	MCTP2	unique_official_exact	False	False	False	grey_not_a_network_block
MAST3	brown	23031	MAST3	unique_official_exact	True	True	True	included
RHNO1	grey	83695	RHNO1	unique_official_exact	False	False	False	grey_not_a_network_block
MORN1	turquoise	79906	MORN1	unique_official_exact	True	True	True	included
DCLK2	turquoise	166614	DCLK2	unique_official_exact	True	True	True	included
LRBA	turquoise	987	LRBA	unique_official_exact	True	True	True	included
ELOVL1	grey	64834	ELOVL1	unique_official_exact	False	False	False	grey_not_a_network_block
RNF38	grey	152006	RNF38	unique_official_exact	False	False	False	grey_not_a_network_block
RFWD3	red	55159	RFWD3	unique_official_exact	True	True	True	included
LPIN2	grey	9663	LPIN2	unique_official_exact	False	False	False	grey_not_a_network_block
SPATS2L	grey	26010	SPATS2L	unique_official_exact	False	False	False	grey_not_a_network_block
RARB	brown	5915	RARB	unique_official_exact	True	True	True	included
YIPF2	grey	78992	YIPF2	unique_official_exact	False	False	False	grey_not_a_network_block
HEY1	brown	23462	HEY1	unique_official_exact	True	True	True	included
MSS51	turquoise	118490	MSS51	unique_official_exact	True	True	True	included
AMBRA1	turquoise	55626	AMBRA1	unique_official_exact	True	True	True	included
MTMR14	grey	64419	MTMR14	unique_official_exact	False	False	False	grey_not_a_network_block
B4GALT2	grey	8704	B4GALT2	unique_official_exact	False	False	False	grey_not_a_network_block
GGNBP2	grey	79893	GGNBP2	unique_official_exact	False	False	False	grey_not_a_network_block
RPL37A	grey	6168	RPL37A	unique_official_exact	False	False	False	grey_not_a_network_block
TIAL1	grey	7073	TIAL1	unique_official_exact	False	False	False	grey_not_a_network_block
NACAD	brown	23148	NACAD	unique_official_exact	True	True	True	included
TSHZ1	grey	10194	TSHZ1	unique_official_exact	False	False	False	grey_not_a_network_block
JAK1	yellow	3716	JAK1	unique_official_exact	True	True	True	included
PAK3	green	5063	PAK3	unique_official_exact	True	True	True	included
MTCH2	grey	23788	MTCH2	unique_official_exact	False	False	False	grey_not_a_network_block
SLC9A6	grey	10479	SLC9A6	unique_official_exact	False	False	False	grey_not_a_network_block
CNDP2	grey	55748	CNDP2	unique_official_exact	False	False	False	grey_not_a_network_block
GIT1	brown	28964	GIT1	unique_official_exact	True	True	True	included
CUL3	grey	8452	CUL3	unique_official_exact	False	False	False	grey_not_a_network_block
CCDC9B	brown	388115	CCDC9B	unique_official_exact	True	True	True	included
MAPRE2	grey	10982	MAPRE2	unique_official_exact	False	False	False	grey_not_a_network_block
KIAA0753	turquoise	9851	KIAA0753	unique_official_exact	True	True	True	included
WARS1	yellow	7453	WARS1	unique_official_exact	True	True	True	included
SLC9A3-OT1	turquoise	25845	SLC9A3-OT1	unique_official_exact	True	True	True	included
CAPG	blue	822	CAPG	unique_official_exact	True	True	True	included
ABCC2	grey	1244	ABCC2	unique_official_exact	False	False	False	grey_not_a_network_block
PSMD14	yellow	10213	PSMD14	unique_official_exact	True	True	True	included
SMG5	grey	23381	SMG5	unique_official_exact	False	False	False	grey_not_a_network_block
ARK2N	grey	147339	ARK2N	unique_official_exact	False	False	False	grey_not_a_network_block
KCTD7	turquoise	154881	KCTD7	unique_official_exact	True	True	True	included
RNF217	grey	154214	RNF217	unique_official_exact	False	False	False	grey_not_a_network_block
FKTN	grey	2218	FKTN	unique_official_exact	False	False	False	grey_not_a_network_block
SLC12A9	grey	56996	SLC12A9	unique_official_exact	False	False	False	grey_not_a_network_block
SEMA6A	grey	57556	SEMA6A	unique_official_exact	False	False	False	grey_not_a_network_block
TUBGCP5	grey	114791	TUBGCP5	unique_official_exact	False	False	False	grey_not_a_network_block
ZFP1	brown	162239	ZFP1	unique_official_exact	True	True	True	included
NEK7	grey	140609	NEK7	unique_official_exact	False	False	False	grey_not_a_network_block
GET3	grey	439	GET3	unique_official_exact	False	False	False	grey_not_a_network_block
RIOK1	grey	83732	RIOK1	unique_official_exact	False	False	False	grey_not_a_network_block
SLC49A4	grey	84925	SLC49A4	unique_official_exact	False	False	False	grey_not_a_network_block
RPP14	grey	11102	RPP14	unique_official_exact	False	False	False	grey_not_a_network_block
CASP7	grey	840	CASP7	unique_official_exact	False	False	False	grey_not_a_network_block
MTARC2	grey	54996	MTARC2	unique_official_exact	False	False	False	grey_not_a_network_block
NPC2	blue	10577	NPC2	unique_official_exact	True	True	True	included
ZNF589	grey	51385	ZNF589	unique_official_exact	False	False	False	grey_not_a_network_block
XRCC1	grey	7515	XRCC1	unique_official_exact	False	False	False	grey_not_a_network_block
PRDX4	blue	10549	PRDX4	unique_official_exact	True	True	True	included
AHSA1	grey	10598	AHSA1	unique_official_exact	False	False	False	grey_not_a_network_block
ZNF136	grey	7695	ZNF136	unique_official_exact	False	False	False	grey_not_a_network_block
CCNG1	yellow	900	CCNG1	unique_official_exact	True	True	True	included
AAAS	grey	8086	AAAS	unique_official_exact	False	False	False	grey_not_a_network_block
PRTG	grey	283659	PRTG	unique_official_exact	False	False	False	grey_not_a_network_block
MRE11	grey	4361	MRE11	unique_official_exact	False	False	False	grey_not_a_network_block
GBP2	grey	2634	GBP2	unique_official_exact	False	False	False	grey_not_a_network_block
PITPNB	grey	23760	PITPNB	unique_official_exact	False	False	False	grey_not_a_network_block
CCM2L	pink	140706	CCM2L	unique_official_exact	True	True	True	included
OSTF1	yellow	26578	OSTF1	unique_official_exact	True	True	True	included
LCMT1	grey	51451	LCMT1	unique_official_exact	False	False	False	grey_not_a_network_block
REEP3	red	221035	REEP3	unique_official_exact	True	True	True	included
TMEM184B	grey	25829	TMEM184B	unique_official_exact	False	False	False	grey_not_a_network_block
DNAJA1	grey	3301	DNAJA1	unique_official_exact	False	False	False	grey_not_a_network_block
SLC18A2	blue	6571	SLC18A2	unique_official_exact	True	True	True	included
ZNF322	green	79692	ZNF322	unique_official_exact	True	True	True	included
NOLC1	grey	9221	NOLC1	unique_official_exact	False	False	False	grey_not_a_network_block
STRIP1	grey	85369	STRIP1	unique_official_exact	False	False	False	grey_not_a_network_block
AKIRIN2	grey	55122	AKIRIN2	unique_official_exact	False	False	False	grey_not_a_network_block
FIS1	grey	51024	FIS1	unique_official_exact	False	False	False	grey_not_a_network_block
CCNT1	grey	904	CCNT1	unique_official_exact	False	False	False	grey_not_a_network_block
ZGPAT	grey	84619	ZGPAT	unique_official_exact	False	False	False	grey_not_a_network_block
XPO6	turquoise	23214	XPO6	unique_official_exact	True	True	True	included
ATP8B2	red	57198	ATP8B2	unique_official_exact	True	True	True	included
RPS28	grey	6234	RPS28	unique_official_exact	False	False	False	grey_not_a_network_block
MRGBP	grey	55257	MRGBP	unique_official_exact	False	False	False	grey_not_a_network_block
ZNF287	grey	57336	ZNF287	unique_official_exact	False	False	False	grey_not_a_network_block
CBL	grey	867	CBL	unique_official_exact	False	False	False	grey_not_a_network_block
PRR14	grey	78994	PRR14	unique_official_exact	False	False	False	grey_not_a_network_block
NRSN2	grey	80023	NRSN2	unique_official_exact	False	False	False	grey_not_a_network_block
AP3S1	yellow	1176	AP3S1	unique_official_exact	True	True	True	included
VOPP1	blue	81552	VOPP1	unique_official_exact	True	True	True	included
CCDC85C	grey	317762	CCDC85C	unique_official_exact	False	False	False	grey_not_a_network_block
CXorf38	grey	159013	CXorf38	unique_official_exact	False	False	False	grey_not_a_network_block
ZNF407-AS1	grey	400657	ZNF407-AS1	unique_official_exact	False	False	False	grey_not_a_network_block
TUT7	grey	79670	TUT7	unique_official_exact	False	False	False	grey_not_a_network_block
RBBP6	turquoise	5930	RBBP6	unique_official_exact	True	True	True	included
ZNF846	grey	162993	ZNF846	unique_official_exact	False	False	False	grey_not_a_network_block
POLG2	turquoise	11232	POLG2	unique_official_exact	True	True	True	included
MIDN	grey	90007	MIDN	unique_official_exact	False	False	False	grey_not_a_network_block
ARHGEF7	turquoise	8874	ARHGEF7	unique_official_exact	True	True	True	included
KDM8	grey	79831	KDM8	unique_official_exact	False	False	False	grey_not_a_network_block
RSF1	brown	51773	RSF1	unique_official_exact	True	True	True	included
SNU13	grey	4809	SNU13	unique_official_exact	False	False	False	grey_not_a_network_block
KIAA1549	grey	57670	KIAA1549	unique_official_exact	False	False	False	grey_not_a_network_block
AK3	grey	50808	AK3	unique_official_exact	False	False	False	grey_not_a_network_block
UAP1L1	turquoise	91373	UAP1L1	unique_official_exact	True	True	True	included
RAD23A	grey	5886	RAD23A	unique_official_exact	False	False	False	grey_not_a_network_block
DPP8	grey	54878	DPP8	unique_official_exact	False	False	False	grey_not_a_network_block
VGLL4	grey	9686	VGLL4	unique_official_exact	False	False	False	grey_not_a_network_block
NSMCE1	blue	197370	NSMCE1	unique_official_exact	True	True	True	included
COX5B	yellow	1329	COX5B	unique_official_exact	True	True	True	included
SKP1	grey	6500	SKP1	unique_official_exact	False	False	False	grey_not_a_network_block
ACOT9	yellow	23597	ACOT9	unique_official_exact	True	True	True	included
HINFP	grey	25988	HINFP	unique_official_exact	False	False	False	grey_not_a_network_block
TRIM13	green	10206	TRIM13	unique_official_exact	True	True	True	included
TRIM39	grey	56658	TRIM39	unique_official_exact	False	False	False	grey_not_a_network_block
CD300A	blue	11314	CD300A	unique_official_exact	True	True	True	included
RPS16	grey	6217	RPS16	unique_official_exact	False	False	False	grey_not_a_network_block
SMARCD1	grey	6602	SMARCD1	unique_official_exact	False	False	False	grey_not_a_network_block
INPPL1	turquoise	3636	INPPL1	unique_official_exact	True	True	True	included
ERAP1	grey	51752	ERAP1	unique_official_exact	False	False	False	grey_not_a_network_block
TBC1D9B	grey	23061	TBC1D9B	unique_official_exact	False	False	False	grey_not_a_network_block
RAB5A	grey	5868	RAB5A	unique_official_exact	False	False	False	grey_not_a_network_block
VASH1	grey	22846	VASH1	unique_official_exact	False	False	False	grey_not_a_network_block
RETREG3	grey	162427	RETREG3	unique_official_exact	False	False	False	grey_not_a_network_block
ETS2	black	2114	ETS2	unique_official_exact	True	True	True	included
MTF1	red	4520	MTF1	unique_official_exact	True	True	True	included
NFXL1	grey	152518	NFXL1	unique_official_exact	False	False	False	grey_not_a_network_block
ANKRD13C	grey	81573	ANKRD13C	unique_official_exact	False	False	False	grey_not_a_network_block
ITSN1	yellow	6453	ITSN1	unique_official_exact	True	True	True	included
CDC14A	grey	8556	CDC14A	unique_official_exact	False	False	False	grey_not_a_network_block
EMG1	grey	10436	EMG1	unique_official_exact	False	False	False	grey_not_a_network_block
RBM23	grey	55147	RBM23	unique_official_exact	False	False	False	grey_not_a_network_block
BOD1	grey	91272	BOD1	unique_official_exact	False	False	False	grey_not_a_network_block
CEP295	turquoise	85459	CEP295	unique_official_exact	True	True	True	included
FOXN3	yellow	1112	FOXN3	unique_official_exact	True	True	True	included
TPST1	blue	8460	TPST1	unique_official_exact	True	True	True	included
RNF115	grey	27246	RNF115	unique_official_exact	False	False	False	grey_not_a_network_block
ATXN7L3	grey	56970	ATXN7L3	unique_official_exact	False	False	False	grey_not_a_network_block
CLPP	grey	8192	CLPP	unique_official_exact	False	False	False	grey_not_a_network_block
CCND2	red	894	CCND2	unique_official_exact	True	True	True	included
MTOR	grey	2475	MTOR	unique_official_exact	False	False	False	grey_not_a_network_block
EXT1	grey	2131	EXT1	unique_official_exact	False	False	False	grey_not_a_network_block
CD27-AS1	brown	678655	CD27-AS1	unique_official_exact	True	True	True	included
VPS41	grey	27072	VPS41	unique_official_exact	False	False	False	grey_not_a_network_block
BLTP1	turquoise	84162	BLTP1	unique_official_exact	True	True	True	included
FAM234A	grey	83986	FAM234A	unique_official_exact	False	False	False	grey_not_a_network_block
HLCS	grey	3141	HLCS	unique_official_exact	False	False	False	grey_not_a_network_block
TMEM50A	grey	23585	TMEM50A	unique_official_exact	False	False	False	grey_not_a_network_block
OTUB1	grey	55611	OTUB1	unique_official_exact	False	False	False	grey_not_a_network_block
BUB3	grey	9184	BUB3	unique_official_exact	False	False	False	grey_not_a_network_block
UHMK1	yellow	127933	UHMK1	unique_official_exact	True	True	True	included
CACNA1A	turquoise	773	CACNA1A	unique_official_exact	True	True	True	included
LDLRAD3	brown	143458	LDLRAD3	unique_official_exact	True	True	True	included
CCDC50	yellow	152137	CCDC50	unique_official_exact	True	True	True	included
UTP14C	green	9724	UTP14C	unique_official_exact	True	True	True	included
RBM7	grey	10179	RBM7	unique_official_exact	False	False	False	grey_not_a_network_block
CASC3	red	22794	CASC3	unique_official_exact	True	True	True	included
RPL30	grey	6156	RPL30	unique_official_exact	False	False	False	grey_not_a_network_block
MAGED1	red	9500	MAGED1	unique_official_exact	True	True	True	included
UBE2Q2P1	turquoise	388165	UBE2Q2P1	unique_official_exact	True	True	True	included
METTL15	brown	196074	METTL15	unique_official_exact	True	True	True	included
MMP14	yellow	4323	MMP14	unique_official_exact	True	True	True	included
MTCL3	brown	387104	MTCL3	unique_official_exact	True	True	True	included
CNOT8	grey	9337	CNOT8	unique_official_exact	False	False	False	grey_not_a_network_block
CPD	yellow	1362	CPD	unique_official_exact	True	True	True	included
EXOC4	grey	60412	EXOC4	unique_official_exact	False	False	False	grey_not_a_network_block
ADCY6	magenta	112	ADCY6	unique_official_exact	True	True	True	included
SBNO2	grey	22904	SBNO2	unique_official_exact	False	False	False	grey_not_a_network_block
NT5C2	grey	22978	NT5C2	unique_official_exact	False	False	False	grey_not_a_network_block
PLA2R1	turquoise	22925	PLA2R1	unique_official_exact	True	True	True	included
TTC19	grey	54902	TTC19	unique_official_exact	False	False	False	grey_not_a_network_block
MATCAP1	turquoise	653319	MATCAP1	unique_official_exact	True	True	True	included
RFNG	grey	5986	RFNG	unique_official_exact	False	False	False	grey_not_a_network_block
EEF1A1	blue	1915	EEF1A1	unique_official_exact	True	True	True	included
DGKH	turquoise	160851	DGKH	unique_official_exact	True	True	True	included
MOSMO	grey	730094	MOSMO	unique_official_exact	False	False	False	grey_not_a_network_block
ATP6V0A1	turquoise	535	ATP6V0A1	unique_official_exact	True	True	True	included
FBXL5	grey	26234	FBXL5	unique_official_exact	False	False	False	grey_not_a_network_block
DYRK1A	grey	1859	DYRK1A	unique_official_exact	False	False	False	grey_not_a_network_block
MAGOHB	grey	55110	MAGOHB	unique_official_exact	False	False	False	grey_not_a_network_block
KLRG2	green	346689	KLRG2	unique_official_exact	True	True	True	included
POLL	grey	27343	POLL	unique_official_exact	False	False	False	grey_not_a_network_block
GPLD1	magenta	2822	GPLD1	unique_official_exact	True	True	True	included
CHADL	brown	150356	CHADL	unique_official_exact	True	True	True	included
DCBLD2	brown	131566	DCBLD2	unique_official_exact	True	True	True	included
MINDY2	grey	54629	MINDY2	unique_official_exact	False	False	False	grey_not_a_network_block
SKIC8	grey	80349	SKIC8	unique_official_exact	False	False	False	grey_not_a_network_block
IRF9	grey	10379	IRF9	unique_official_exact	False	False	False	grey_not_a_network_block
POMGNT1	grey	55624	POMGNT1	unique_official_exact	False	False	False	grey_not_a_network_block
AATF	grey	26574	AATF	unique_official_exact	False	False	False	grey_not_a_network_block
SSR3	blue	6747	SSR3	unique_official_exact	True	True	True	included
TMEM98	red	26022	TMEM98	unique_official_exact	True	True	True	included
ACO2	grey	50	ACO2	unique_official_exact	False	False	False	grey_not_a_network_block
RGL4	turquoise	266747	RGL4	unique_official_exact	True	True	True	included
ORC2	grey	4999	ORC2	unique_official_exact	False	False	False	grey_not_a_network_block
C1QTNF3	grey	114899	C1QTNF3	unique_official_exact	False	False	False	grey_not_a_network_block
MRPS25	turquoise	64432	MRPS25	unique_official_exact	True	True	True	included
CDKN1B	grey	1027	CDKN1B	unique_official_exact	False	False	False	grey_not_a_network_block
QSOX1	grey	5768	QSOX1	unique_official_exact	False	False	False	grey_not_a_network_block
ZNF703	grey	80139	ZNF703	unique_official_exact	False	False	False	grey_not_a_network_block
ACSL3	grey	2181	ACSL3	unique_official_exact	False	False	False	grey_not_a_network_block
CHCHD4	grey	131474	CHCHD4	unique_official_exact	False	False	False	grey_not_a_network_block
PAFAH1B2	red	5049	PAFAH1B2	unique_official_exact	True	True	True	included
RBM12B	turquoise	389677	RBM12B	unique_official_exact	True	True	True	included
H2AZ1	grey	3015	H2AZ1	unique_official_exact	False	False	False	grey_not_a_network_block
NCK2	pink	8440	NCK2	unique_official_exact	True	True	True	included
PIGO	turquoise	84720	PIGO	unique_official_exact	True	True	True	included
PEX3	grey	8504	PEX3	unique_official_exact	False	False	False	grey_not_a_network_block
HS1BP3	blue	64342	HS1BP3	unique_official_exact	True	True	True	included
STRADA	turquoise	92335	STRADA	unique_official_exact	True	True	True	included
CEP170	brown	9859	CEP170	unique_official_exact	True	True	True	included
TARS1	blue	6897	TARS1	unique_official_exact	True	True	True	included
COPS6	blue	10980	COPS6	unique_official_exact	True	True	True	included
SLC27A3	black	11000	SLC27A3	unique_official_exact	True	True	True	included
NAP1L4	grey	4676	NAP1L4	unique_official_exact	False	False	False	grey_not_a_network_block
RAB5C	blue	5878	RAB5C	unique_official_exact	True	True	True	included
TFDP2	grey	7029	TFDP2	unique_official_exact	False	False	False	grey_not_a_network_block
ABCC10	turquoise	89845	ABCC10	unique_official_exact	True	True	True	included
ERMP1	turquoise	79956	ERMP1	unique_official_exact	True	True	True	included
B3GNT5	brown	84002	B3GNT5	unique_official_exact	True	True	True	included
SLC43A1	grey	8501	SLC43A1	unique_official_exact	False	False	False	grey_not_a_network_block
AP1AR	grey	55435	AP1AR	unique_official_exact	False	False	False	grey_not_a_network_block
POMP	yellow	51371	POMP	unique_official_exact	True	True	True	included
DGCR6L	grey	85359	DGCR6L	unique_official_exact	False	False	False	grey_not_a_network_block
TP53BP2	red	7159	TP53BP2	unique_official_exact	True	True	True	included
FBXO17	grey	115290	FBXO17	unique_official_exact	False	False	False	grey_not_a_network_block
DMAC2L	grey	27109	DMAC2L	unique_official_exact	False	False	False	grey_not_a_network_block
COPS4	grey	51138	COPS4	unique_official_exact	False	False	False	grey_not_a_network_block
SERPINB8	grey	5271	SERPINB8	unique_official_exact	False	False	False	grey_not_a_network_block
ZNF346	grey	23567	ZNF346	unique_official_exact	False	False	False	grey_not_a_network_block
FDPS	grey	2224	FDPS	unique_official_exact	False	False	False	grey_not_a_network_block
ZBTB41	grey	360023	ZBTB41	unique_official_exact	False	False	False	grey_not_a_network_block
EMC3	magenta	55831	EMC3	unique_official_exact	True	True	True	included
PEAK1	green	79834	PEAK1	unique_official_exact	True	True	True	included
RAPGEF5	brown	9771	RAPGEF5	unique_official_exact	True	True	True	included
TMEM222	red	84065	TMEM222	unique_official_exact	True	True	True	included
PSMC5	grey	5705	PSMC5	unique_official_exact	False	False	False	grey_not_a_network_block
BMP1	turquoise	649	BMP1	unique_official_exact	True	True	True	included
ABCD4	turquoise	5826	ABCD4	unique_official_exact	True	True	True	included
NUP50	grey	10762	NUP50	unique_official_exact	False	False	False	grey_not_a_network_block
CEP85	grey	64793	CEP85	unique_official_exact	False	False	False	grey_not_a_network_block
CD209	blue	30835	CD209	unique_official_exact	True	True	True	included
MOB1B	grey	92597	MOB1B	unique_official_exact	False	False	False	grey_not_a_network_block
ABCC3	magenta	8714	ABCC3	unique_official_exact	True	True	True	included
EGLN1	black	54583	EGLN1	unique_official_exact	True	True	True	included
ZNF316	turquoise	100131017	ZNF316	unique_official_exact	True	True	True	included
CYP19A1	blue	1588	CYP19A1	unique_official_exact	True	True	True	included
RPL23AP82	grey	284942	RPL23AP82	unique_official_exact	False	False	False	grey_not_a_network_block
SUMO3	blue	6612	SUMO3	unique_official_exact	True	True	True	included
LGALS1	grey	3956	LGALS1	unique_official_exact	False	False	False	grey_not_a_network_block
CALHM2	yellow	51063	CALHM2	unique_official_exact	True	True	True	included
RANBP6	grey	26953	RANBP6	unique_official_exact	False	False	False	grey_not_a_network_block
PARP8	grey	79668	PARP8	unique_official_exact	False	False	False	grey_not_a_network_block
BCLAF1	grey	9774	BCLAF1	unique_official_exact	False	False	False	grey_not_a_network_block
FAM204A	grey	63877	FAM204A	unique_official_exact	False	False	False	grey_not_a_network_block
TYSND1	grey	219743	TYSND1	unique_official_exact	False	False	False	grey_not_a_network_block
FAM120B	turquoise	84498	FAM120B	unique_official_exact	True	True	True	included
H2BC12	yellow	85236	H2BC12	unique_official_exact	True	True	True	included
TM7SF3	brown	51768	TM7SF3	unique_official_exact	True	True	True	included
POLI	grey	11201	POLI	unique_official_exact	False	False	False	grey_not_a_network_block
GALNT7	grey	51809	GALNT7	unique_official_exact	False	False	False	grey_not_a_network_block
CDC42EP2	grey	10435	CDC42EP2	unique_official_exact	False	False	False	grey_not_a_network_block
ACKR2	green	1238	ACKR2	unique_official_exact	True	True	True	included
VAV1	blue	7409	VAV1	unique_official_exact	True	True	True	included
SP140L	turquoise	93349	SP140L	unique_official_exact	True	True	True	included
FOLH1	brown	2346	FOLH1	unique_official_exact	True	True	True	included
SLC25A11	grey	8402	SLC25A11	unique_official_exact	False	False	False	grey_not_a_network_block
BRD1	grey	23774	BRD1	unique_official_exact	False	False	False	grey_not_a_network_block
ICA1	black	3382	ICA1	unique_official_exact	True	True	True	included
ADAM28	brown	10863	ADAM28	unique_official_exact	True	True	True	included
ESF1	grey	51575	ESF1	unique_official_exact	False	False	False	grey_not_a_network_block
NDUFA11	grey	126328	NDUFA11	unique_official_exact	False	False	False	grey_not_a_network_block
PPM1L	yellow	151742	PPM1L	unique_official_exact	True	True	True	included
CLCN5	grey	1184	CLCN5	unique_official_exact	False	False	False	grey_not_a_network_block
ADRA1D	green	146	ADRA1D	unique_official_exact	True	True	True	included
CAMK1D	red	57118	CAMK1D	unique_official_exact	True	True	True	included
TXNRD2	grey	10587	TXNRD2	unique_official_exact	False	False	False	grey_not_a_network_block
LAPTM4B	grey	55353	LAPTM4B	unique_official_exact	False	False	False	grey_not_a_network_block
ABI2	green	10152	ABI2	unique_official_exact	True	True	True	included
ZNF19	grey	7567	ZNF19	unique_official_exact	False	False	False	grey_not_a_network_block
TBC1D25	grey	4943	TBC1D25	unique_official_exact	False	False	False	grey_not_a_network_block
SNAP23	blue	8773	SNAP23	unique_official_exact	True	True	True	included
CRYZ	grey	1429	CRYZ	unique_official_exact	False	False	False	grey_not_a_network_block
ZNF875	grey	284459	ZNF875	unique_official_exact	False	False	False	grey_not_a_network_block
MLF1	grey	4291	MLF1	unique_official_exact	False	False	False	grey_not_a_network_block
UGGT2	turquoise	55757	UGGT2	unique_official_exact	True	True	True	included
TBCC	red	6903	TBCC	unique_official_exact	True	True	True	included
PRKAG2	grey	51422	PRKAG2	unique_official_exact	False	False	False	grey_not_a_network_block
ZNF343	grey	79175	ZNF343	unique_official_exact	False	False	False	grey_not_a_network_block
ATF5	blue	22809	ATF5	unique_official_exact	True	True	True	included
IER5L	grey	389792	IER5L	unique_official_exact	False	False	False	grey_not_a_network_block
NRF1	grey	4899	NRF1	unique_official_exact	False	False	False	grey_not_a_network_block
TRIM62	brown	55223	TRIM62	unique_official_exact	True	True	True	included
ELAC2	grey	60528	ELAC2	unique_official_exact	False	False	False	grey_not_a_network_block
EIF2AK2	grey	5610	EIF2AK2	unique_official_exact	False	False	False	grey_not_a_network_block
SLC20A1	yellow	6574	SLC20A1	unique_official_exact	True	True	True	included
PSME4	grey	23198	PSME4	unique_official_exact	False	False	False	grey_not_a_network_block
KCNS3	brown	3790	KCNS3	unique_official_exact	True	True	True	included
VDAC3	grey	7419	VDAC3	unique_official_exact	False	False	False	grey_not_a_network_block
JMY	grey	133746	JMY	unique_official_exact	False	False	False	grey_not_a_network_block
RTL5	grey	340526	RTL5	unique_official_exact	False	False	False	grey_not_a_network_block
PRPF4	grey	9128	PRPF4	unique_official_exact	False	False	False	grey_not_a_network_block
LCLAT1	grey	253558	LCLAT1	unique_official_exact	False	False	False	grey_not_a_network_block
RABL6	grey	55684	RABL6	unique_official_exact	False	False	False	grey_not_a_network_block
GNB5	grey	10681	GNB5	unique_official_exact	False	False	False	grey_not_a_network_block
ZFAND1	grey	79752	ZFAND1	unique_official_exact	False	False	False	grey_not_a_network_block
TLE4	grey	7091	TLE4	unique_official_exact	False	False	False	grey_not_a_network_block
GRHPR	black	9380	GRHPR	unique_official_exact	True	True	True	included
ANKDD1B	turquoise	728780	ANKDD1B	unique_official_exact	True	True	True	included
ARSA	grey	410	ARSA	unique_official_exact	False	False	False	grey_not_a_network_block
RARS2	grey	57038	RARS2	unique_official_exact	False	False	False	grey_not_a_network_block
DNAJC9	grey	23234	DNAJC9	unique_official_exact	False	False	False	grey_not_a_network_block
SMC5	grey	23137	SMC5	unique_official_exact	False	False	False	grey_not_a_network_block
DNAAF9	turquoise	25943	DNAAF9	unique_official_exact	True	True	True	included
MRGPRF	pink	116535	MRGPRF	unique_official_exact	True	True	True	included
IKZF5	brown	64376	IKZF5	unique_official_exact	True	True	True	included
AASDHPPT	grey	60496	AASDHPPT	unique_official_exact	False	False	False	grey_not_a_network_block
SYF2	grey	25949	SYF2	unique_official_exact	False	False	False	grey_not_a_network_block
RCC1	grey	1104	RCC1	unique_official_exact	False	False	False	grey_not_a_network_block
C22orf39	grey	128977	C22orf39	unique_official_exact	False	False	False	grey_not_a_network_block
RGS10	blue	6001	RGS10	unique_official_exact	True	True	True	included
HOMER3	grey	9454	HOMER3	unique_official_exact	False	False	False	grey_not_a_network_block
RLIM	grey	51132	RLIM	unique_official_exact	False	False	False	grey_not_a_network_block
EPHA5	brown	2044	EPHA5	unique_official_exact	True	True	True	included
POLA2	grey	23649	POLA2	unique_official_exact	False	False	False	grey_not_a_network_block
CWC15	grey	51503	CWC15	unique_official_exact	False	False	False	grey_not_a_network_block
NAA20	grey	51126	NAA20	unique_official_exact	False	False	False	grey_not_a_network_block
CENATAC	turquoise	338657	CENATAC	unique_official_exact	True	True	True	included
ZNF396	grey	252884	ZNF396	unique_official_exact	False	False	False	grey_not_a_network_block
RBM43	green	375287	RBM43	unique_official_exact	True	True	True	included
ANKRD13D	grey	338692	ANKRD13D	unique_official_exact	False	False	False	grey_not_a_network_block
SMPD1	grey	6609	SMPD1	unique_official_exact	False	False	False	grey_not_a_network_block
OGA	turquoise	10724	OGA	unique_official_exact	True	True	True	included
OGFR	grey	11054	OGFR	unique_official_exact	False	False	False	grey_not_a_network_block
RNF207	turquoise	388591	RNF207	unique_official_exact	True	True	True	included
RANBP9	grey	10048	RANBP9	unique_official_exact	False	False	False	grey_not_a_network_block
SLC30A5	grey	64924	SLC30A5	unique_official_exact	False	False	False	grey_not_a_network_block
ZNF271P	grey	10778	ZNF271P	unique_official_exact	False	False	False	grey_not_a_network_block
PDE4D	grey	5144	PDE4D	unique_official_exact	False	False	False	grey_not_a_network_block
SCLT1	turquoise	132320	SCLT1	unique_official_exact	True	True	True	included
FNBP1	green	23048	FNBP1	unique_official_exact	True	True	True	included
URB2	grey	9816	URB2	unique_official_exact	False	False	False	grey_not_a_network_block
PCYT1B	brown	9468	PCYT1B	unique_official_exact	True	True	True	included
B4GALT4	green	8702	B4GALT4	unique_official_exact	True	True	True	included
HSDL1	grey	83693	HSDL1	unique_official_exact	False	False	False	grey_not_a_network_block
AGGF1	grey	55109	AGGF1	unique_official_exact	False	False	False	grey_not_a_network_block
SNX2	grey	6643	SNX2	unique_official_exact	False	False	False	grey_not_a_network_block
JAZF1	grey	221895	JAZF1	unique_official_exact	False	False	False	grey_not_a_network_block
CHMP1B	grey	57132	CHMP1B	unique_official_exact	False	False	False	grey_not_a_network_block
PELP1	grey	27043	PELP1	unique_official_exact	False	False	False	grey_not_a_network_block
PRDM10	green	56980	PRDM10	unique_official_exact	True	True	True	included
CSTF2T	blue	23283	CSTF2T	unique_official_exact	True	True	True	included
MLX	grey	6945	MLX	unique_official_exact	False	False	False	grey_not_a_network_block
FAM228B	grey	375190	FAM228B	unique_official_exact	False	False	False	grey_not_a_network_block
AKTIP	red	64400	AKTIP	unique_official_exact	True	True	True	included
TNFRSF10A	yellow	8797	TNFRSF10A	unique_official_exact	True	True	True	included
SLC20A2	grey	6575	SLC20A2	unique_official_exact	False	False	False	grey_not_a_network_block
CCZ1	grey	51622	CCZ1	unique_official_exact	False	False	False	grey_not_a_network_block
KIFAP3	brown	22920	KIFAP3	unique_official_exact	True	True	True	included
GATC	brown	283459	GATC	unique_official_exact	True	True	True	included
HSPA4	red	3308	HSPA4	unique_official_exact	True	True	True	included
RPS15	grey	6209	RPS15	unique_official_exact	False	False	False	grey_not_a_network_block
TIMM44	grey	10469	TIMM44	unique_official_exact	False	False	False	grey_not_a_network_block
FAM110B	green	90362	FAM110B	unique_official_exact	True	True	True	included
ERLEC1	blue	27248	ERLEC1	unique_official_exact	True	True	True	included
AGFG2	turquoise	3268	AGFG2	unique_official_exact	True	True	True	included
TADA3	grey	10474	TADA3	unique_official_exact	False	False	False	grey_not_a_network_block
MSH2	grey	4436	MSH2	unique_official_exact	False	False	False	grey_not_a_network_block
SCAI	grey	286205	SCAI	unique_official_exact	False	False	False	grey_not_a_network_block
MAGI2-AS3	green	100505881	MAGI2-AS3	unique_official_exact	True	True	True	included
GTF2H1	grey	2965	GTF2H1	unique_official_exact	False	False	False	grey_not_a_network_block
TIGD7	grey	91151	TIGD7	unique_official_exact	False	False	False	grey_not_a_network_block
UBR1	turquoise	197131	UBR1	unique_official_exact	True	True	True	included
PCCB	grey	5096	PCCB	unique_official_exact	False	False	False	grey_not_a_network_block
LINC01089	turquoise	338799	LINC01089	unique_official_exact	True	True	True	included
CCDC25	grey	55246	CCDC25	unique_official_exact	False	False	False	grey_not_a_network_block
TSNARE1	turquoise	203062	TSNARE1	unique_official_exact	True	True	True	included
SLC37A3	grey	84255	SLC37A3	unique_official_exact	False	False	False	grey_not_a_network_block
CYLD	grey	1540	CYLD	unique_official_exact	False	False	False	grey_not_a_network_block
AGPAT3	grey	56894	AGPAT3	unique_official_exact	False	False	False	grey_not_a_network_block
NCOA3	grey	8202	NCOA3	unique_official_exact	False	False	False	grey_not_a_network_block
PTPN12	brown	5782	PTPN12	unique_official_exact	True	True	True	included
ZNF799	grey	90576	ZNF799	unique_official_exact	False	False	False	grey_not_a_network_block
KLHL15	grey	80311	KLHL15	unique_official_exact	False	False	False	grey_not_a_network_block
CHMP3	red	51652	CHMP3	unique_official_exact	True	True	True	included
SLC35E2B	grey	728661	SLC35E2B	unique_official_exact	False	False	False	grey_not_a_network_block
LRCH2	grey	57631	LRCH2	unique_official_exact	False	False	False	grey_not_a_network_block
LAPTM4A	red	9741	LAPTM4A	unique_official_exact	True	True	True	included
MLLT1	grey	4298	MLLT1	unique_official_exact	False	False	False	grey_not_a_network_block
LAYN	grey	143903	LAYN	unique_official_exact	False	False	False	grey_not_a_network_block
PCGF2	grey	7703	PCGF2	unique_official_exact	False	False	False	grey_not_a_network_block
CRTC1	grey	23373	CRTC1	unique_official_exact	False	False	False	grey_not_a_network_block
FOXP1	yellow	27086	FOXP1	unique_official_exact	True	True	True	included
XAB2	green	56949	XAB2	unique_official_exact	True	True	True	included
CCNC	grey	892	CCNC	unique_official_exact	False	False	False	grey_not_a_network_block
KCNJ8	grey	3764	KCNJ8	unique_official_exact	False	False	False	grey_not_a_network_block
KLHDC2	grey	23588	KLHDC2	unique_official_exact	False	False	False	grey_not_a_network_block
TOP1	grey	7150	TOP1	unique_official_exact	False	False	False	grey_not_a_network_block
TUBA1B	red	10376	TUBA1B	unique_official_exact	True	True	True	included
PPIA	blue	5478	PPIA	unique_official_exact	True	True	True	included
ZNF786	grey	136051	ZNF786	unique_official_exact	False	False	False	grey_not_a_network_block
ZNF25	grey	219749	ZNF25	unique_official_exact	False	False	False	grey_not_a_network_block
PARP10	grey	84875	PARP10	unique_official_exact	False	False	False	grey_not_a_network_block
DLAT	grey	1737	DLAT	unique_official_exact	False	False	False	grey_not_a_network_block
FPGT	grey	8790	FPGT	unique_official_exact	False	False	False	grey_not_a_network_block
GABPA	grey	2551	GABPA	unique_official_exact	False	False	False	grey_not_a_network_block
ZBTB3	grey	79842	ZBTB3	unique_official_exact	False	False	False	grey_not_a_network_block
SLC26A10P	brown	65012	SLC26A10P	unique_official_exact	True	True	True	included
PEX11A	magenta	8800	PEX11A	unique_official_exact	True	True	True	included
PCDHB7	grey	56129	PCDHB7	unique_official_exact	False	False	False	grey_not_a_network_block
MCRS1	grey	10445	MCRS1	unique_official_exact	False	False	False	grey_not_a_network_block
LMF1	turquoise	64788	LMF1	unique_official_exact	True	True	True	included
ZBED4	grey	9889	ZBED4	unique_official_exact	False	False	False	grey_not_a_network_block
RCOR3	grey	55758	RCOR3	unique_official_exact	False	False	False	grey_not_a_network_block
DMXL2	turquoise	23312	DMXL2	unique_official_exact	True	True	True	included
DUOX1	turquoise	53905	DUOX1	unique_official_exact	True	True	True	included
TRPC1	turquoise	7220	TRPC1	unique_official_exact	True	True	True	included
DRC3	green	83450	DRC3	unique_official_exact	True	True	True	included
COA1	turquoise	55744	COA1	unique_official_exact	True	True	True	included
PTPRF	magenta	5792	PTPRF	unique_official_exact	True	True	True	included
TECPR2	grey	9895	TECPR2	unique_official_exact	False	False	False	grey_not_a_network_block
MARCHF5	yellow	54708	MARCHF5	unique_official_exact	True	True	True	included
MEIS3	grey	56917	MEIS3	unique_official_exact	False	False	False	grey_not_a_network_block
ZHX1	grey	11244	ZHX1	unique_official_exact	False	False	False	grey_not_a_network_block
ZNF668	grey	79759	ZNF668	unique_official_exact	False	False	False	grey_not_a_network_block
PCID2	grey	55795	PCID2	unique_official_exact	False	False	False	grey_not_a_network_block
CENPF	grey	1063	CENPF	unique_official_exact	False	False	False	grey_not_a_network_block
TRMT2B	turquoise	79979	TRMT2B	unique_official_exact	True	True	True	included
OPA3	grey	80207	OPA3	unique_official_exact	False	False	False	grey_not_a_network_block
COPS7A	grey	50813	COPS7A	unique_official_exact	False	False	False	grey_not_a_network_block
ODR4	grey	54953	ODR4	unique_official_exact	False	False	False	grey_not_a_network_block
PSMB1	yellow	5689	PSMB1	unique_official_exact	True	True	True	included
EXOC1	turquoise	55763	EXOC1	unique_official_exact	True	True	True	included
ZNF501	grey	115560	ZNF501	unique_official_exact	False	False	False	grey_not_a_network_block
ANKRA2	turquoise	57763	ANKRA2	unique_official_exact	True	True	True	included
DHX34	grey	9704	DHX34	unique_official_exact	False	False	False	grey_not_a_network_block
LPCAT4	black	254531	LPCAT4	unique_official_exact	True	True	True	included
TXN2	blue	25828	TXN2	unique_official_exact	True	True	True	included
STK38	green	11329	STK38	unique_official_exact	True	True	True	included
ALS2	grey	57679	ALS2	unique_official_exact	False	False	False	grey_not_a_network_block
CFAP91	turquoise	89876	CFAP91	unique_official_exact	True	True	True	included
HDHD5	grey	27440	HDHD5	unique_official_exact	False	False	False	grey_not_a_network_block
SNORD15B	grey	114599	SNORD15B	unique_official_exact	False	False	False	grey_not_a_network_block
TUBB4B	yellow	10383	TUBB4B	unique_official_exact	True	True	True	included
BCL2L11	grey	10018	BCL2L11	unique_official_exact	False	False	False	grey_not_a_network_block
OSBPL5	turquoise	114879	OSBPL5	unique_official_exact	True	True	True	included
NAP1L1	red	4673	NAP1L1	unique_official_exact	True	True	True	included
JMJD6	grey	23210	JMJD6	unique_official_exact	False	False	False	grey_not_a_network_block
PRLR	brown	5618	PRLR	unique_official_exact	True	True	True	included
TOPORS	grey	10210	TOPORS	unique_official_exact	False	False	False	grey_not_a_network_block
MTMR9	grey	66036	MTMR9	unique_official_exact	False	False	False	grey_not_a_network_block
EIF2B5	turquoise	8893	EIF2B5	unique_official_exact	True	True	True	included
RPS14	grey	6208	RPS14	unique_official_exact	False	False	False	grey_not_a_network_block
CCDC9	turquoise	26093	CCDC9	unique_official_exact	True	True	True	included
FBXO11	grey	80204	FBXO11	unique_official_exact	False	False	False	grey_not_a_network_block
SPRED2	grey	200734	SPRED2	unique_official_exact	False	False	False	grey_not_a_network_block
PRR5	grey	55615	PRR5	unique_official_exact	False	False	False	grey_not_a_network_block
PREB	yellow	10113	PREB	unique_official_exact	True	True	True	included
HEXA	grey	3073	HEXA	unique_official_exact	False	False	False	grey_not_a_network_block
DMAC2	grey	55101	DMAC2	unique_official_exact	False	False	False	grey_not_a_network_block
BECN1	red	8678	BECN1	unique_official_exact	True	True	True	included
NUFIP1	grey	26747	NUFIP1	unique_official_exact	False	False	False	grey_not_a_network_block
TCEAL9	brown	51186	TCEAL9	unique_official_exact	True	True	True	included
PPP1R9B	blue	84687	PPP1R9B	unique_official_exact	True	True	True	included
UNC50	grey	25972	UNC50	unique_official_exact	False	False	False	grey_not_a_network_block
B3GALNT1	grey	8706	B3GALNT1	unique_official_exact	False	False	False	grey_not_a_network_block
YPEL3	yellow	83719	YPEL3	unique_official_exact	True	True	True	included
PRIMPOL	grey	201973	PRIMPOL	unique_official_exact	False	False	False	grey_not_a_network_block
CLIC6	yellow	54102	CLIC6	unique_official_exact	True	True	True	included
TAPBPL	blue	55080	TAPBPL	unique_official_exact	True	True	True	included
LMBRD2	grey	92255	LMBRD2	unique_official_exact	False	False	False	grey_not_a_network_block
RILPL1	grey	353116	RILPL1	unique_official_exact	False	False	False	grey_not_a_network_block
SCAMP2	blue	10066	SCAMP2	unique_official_exact	True	True	True	included
AKNA	yellow	80709	AKNA	unique_official_exact	True	True	True	included
ABCF2	grey	10061	ABCF2	unique_official_exact	False	False	False	grey_not_a_network_block
C1orf226	green	400793	C1orf226	unique_official_exact	True	True	True	included
MAP2K4	grey	6416	MAP2K4	unique_official_exact	False	False	False	grey_not_a_network_block
GAL3ST1	brown	9514	GAL3ST1	unique_official_exact	True	True	True	included
CNOT7	grey	29883	CNOT7	unique_official_exact	False	False	False	grey_not_a_network_block
KRT14	grey	3861	KRT14	unique_official_exact	False	False	False	grey_not_a_network_block
VPS33B	grey	26276	VPS33B	unique_official_exact	False	False	False	grey_not_a_network_block
C6orf89	blue	221477	C6orf89	unique_official_exact	True	True	True	included
ZNF451	grey	26036	ZNF451	unique_official_exact	False	False	False	grey_not_a_network_block
BRD10	turquoise	158358	BRD10	unique_official_exact	True	True	True	included
RNF144A	green	9781	RNF144A	unique_official_exact	True	True	True	included
PPM1D	grey	8493	PPM1D	unique_official_exact	False	False	False	grey_not_a_network_block
TBCB	grey	1155	TBCB	unique_official_exact	False	False	False	grey_not_a_network_block
LDOC1	grey	23641	LDOC1	unique_official_exact	False	False	False	grey_not_a_network_block
CD63	blue	967	CD63	unique_official_exact	True	True	True	included
CSNK2A1	grey	1457	CSNK2A1	unique_official_exact	False	False	False	grey_not_a_network_block
ZNF782	turquoise	158431	ZNF782	unique_official_exact	True	True	True	included
TM2D1	grey	83941	TM2D1	unique_official_exact	False	False	False	grey_not_a_network_block
GASK1A	grey	729085	GASK1A	unique_official_exact	False	False	False	grey_not_a_network_block
SVIP	brown	258010	SVIP	unique_official_exact	True	True	True	included
ETFDH	grey	2110	ETFDH	unique_official_exact	False	False	False	grey_not_a_network_block
TTC12	grey	54970	TTC12	unique_official_exact	False	False	False	grey_not_a_network_block
CNOT2	grey	4848	CNOT2	unique_official_exact	False	False	False	grey_not_a_network_block
MRPL20	grey	55052	MRPL20	unique_official_exact	False	False	False	grey_not_a_network_block
RAD50	grey	10111	RAD50	unique_official_exact	False	False	False	grey_not_a_network_block
ZMYM3	brown	9203	ZMYM3	unique_official_exact	True	True	True	included
DAZAP2	blue	9802	DAZAP2	unique_official_exact	True	True	True	included
COG7	grey	91949	COG7	unique_official_exact	False	False	False	grey_not_a_network_block
EYA3	grey	2140	EYA3	unique_official_exact	False	False	False	grey_not_a_network_block
HFE	grey	3077	HFE	unique_official_exact	False	False	False	grey_not_a_network_block
EMP3	grey	2014	EMP3	unique_official_exact	False	False	False	grey_not_a_network_block
PSTPIP1	grey	9051	PSTPIP1	unique_official_exact	False	False	False	grey_not_a_network_block
CUL4A	magenta	8451	CUL4A	unique_official_exact	True	True	True	included
ZBTB18	grey	10472	ZBTB18	unique_official_exact	False	False	False	grey_not_a_network_block
ARPC5	red	10092	ARPC5	unique_official_exact	True	True	True	included
TIPRL	grey	261726	TIPRL	unique_official_exact	False	False	False	grey_not_a_network_block
CPSF3	grey	51692	CPSF3	unique_official_exact	False	False	False	grey_not_a_network_block
PSEN2	grey	5664	PSEN2	unique_official_exact	False	False	False	grey_not_a_network_block
UBALD2	yellow	283991	UBALD2	unique_official_exact	True	True	True	included
FEZ2	grey	9637	FEZ2	unique_official_exact	False	False	False	grey_not_a_network_block
CD2BP2	grey	10421	CD2BP2	unique_official_exact	False	False	False	grey_not_a_network_block
RPL9	grey	6133	RPL9	unique_official_exact	False	False	False	grey_not_a_network_block
MED15	turquoise	51586	MED15	unique_official_exact	True	True	True	included
TELO2	grey	9894	TELO2	unique_official_exact	False	False	False	grey_not_a_network_block
PITX1-AS1	grey	100996485	PITX1-AS1	unique_official_exact	False	False	False	grey_not_a_network_block
ADAP1	brown	11033	ADAP1	unique_official_exact	True	True	True	included
TTL	grey	150465	TTL	unique_official_exact	False	False	False	grey_not_a_network_block
TMEM106C	red	79022	TMEM106C	unique_official_exact	True	True	True	included
ZNF211	grey	10520	ZNF211	unique_official_exact	False	False	False	grey_not_a_network_block
NFKB2	grey	4791	NFKB2	unique_official_exact	False	False	False	grey_not_a_network_block
TXNDC12	blue	51060	TXNDC12	unique_official_exact	True	True	True	included
GOSR1	grey	9527	GOSR1	unique_official_exact	False	False	False	grey_not_a_network_block
EMC10	red	284361	EMC10	unique_official_exact	True	True	True	included
PCMTD1	grey	115294	PCMTD1	unique_official_exact	False	False	False	grey_not_a_network_block
FAM110D	black	79927	FAM110D	unique_official_exact	True	True	True	included
MYO5A	turquoise	4644	MYO5A	unique_official_exact	True	True	True	included
PLAT	grey	5327	PLAT	unique_official_exact	False	False	False	grey_not_a_network_block
WDR43	grey	23160	WDR43	unique_official_exact	False	False	False	grey_not_a_network_block
SFMBT2	brown	57713	SFMBT2	unique_official_exact	True	True	True	included
POLR1C	grey	9533	POLR1C	unique_official_exact	False	False	False	grey_not_a_network_block
SF3A3	grey	10946	SF3A3	unique_official_exact	False	False	False	grey_not_a_network_block
TJAP1	turquoise	93643	TJAP1	unique_official_exact	True	True	True	included
EIF1	grey	10209	EIF1	unique_official_exact	False	False	False	grey_not_a_network_block
CHCHD2	grey	51142	CHCHD2	unique_official_exact	False	False	False	grey_not_a_network_block
NPHP1	grey	4867	NPHP1	unique_official_exact	False	False	False	grey_not_a_network_block
NMRAL1	grey	57407	NMRAL1	unique_official_exact	False	False	False	grey_not_a_network_block
SPIN3	grey	169981	SPIN3	unique_official_exact	False	False	False	grey_not_a_network_block
MED29	blue	55588	MED29	unique_official_exact	True	True	True	included
STK11	grey	6794	STK11	unique_official_exact	False	False	False	grey_not_a_network_block
SCAMP1	grey	9522	SCAMP1	unique_official_exact	False	False	False	grey_not_a_network_block
AFMID	grey	125061	AFMID	unique_official_exact	False	False	False	grey_not_a_network_block
UQCR11	grey	10975	UQCR11	unique_official_exact	False	False	False	grey_not_a_network_block
RNF213	turquoise	57674	RNF213	unique_official_exact	True	True	True	included
DNMT3A	turquoise	1788	DNMT3A	unique_official_exact	True	True	True	included
KIF1C	grey	10749	KIF1C	unique_official_exact	False	False	False	grey_not_a_network_block
ZNF550	grey	162972	ZNF550	unique_official_exact	False	False	False	grey_not_a_network_block
PKNOX2	grey	63876	PKNOX2	unique_official_exact	False	False	False	grey_not_a_network_block
VMP1	grey	81671	VMP1	unique_official_exact	False	False	False	grey_not_a_network_block
SPIRE1	brown	56907	SPIRE1	unique_official_exact	True	True	True	included
TNFRSF11A	blue	8792	TNFRSF11A	unique_official_exact	True	True	True	included
RTN1	grey	6252	RTN1	unique_official_exact	False	False	False	grey_not_a_network_block
DNAJC15	grey	29103	DNAJC15	unique_official_exact	False	False	False	grey_not_a_network_block
XRCC3	turquoise	7517	XRCC3	unique_official_exact	True	True	True	included
CCT6A	grey	908	CCT6A	unique_official_exact	False	False	False	grey_not_a_network_block
POFUT2	turquoise	23275	POFUT2	unique_official_exact	True	True	True	included
ACADM	grey	34	ACADM	unique_official_exact	False	False	False	grey_not_a_network_block
KCTD12	grey	115207	KCTD12	unique_official_exact	False	False	False	grey_not_a_network_block
ASAP3	green	55616	ASAP3	unique_official_exact	True	True	True	included
RER1	blue	11079	RER1	unique_official_exact	True	True	True	included
ARPIN	blue	348110	ARPIN	unique_official_exact	True	True	True	included
TXNDC16	grey	57544	TXNDC16	unique_official_exact	False	False	False	grey_not_a_network_block
APH1A	blue	51107	APH1A	unique_official_exact	True	True	True	included
TMEM94	turquoise	9772	TMEM94	unique_official_exact	True	True	True	included
MIGA2	grey	84895	MIGA2	unique_official_exact	False	False	False	grey_not_a_network_block
ZFP36L2	yellow	678	ZFP36L2	unique_official_exact	True	True	True	included
USP10	grey	9100	USP10	unique_official_exact	False	False	False	grey_not_a_network_block
MDFI	magenta	4188	MDFI	unique_official_exact	True	True	True	included
EED	grey	8726	EED	unique_official_exact	False	False	False	grey_not_a_network_block
SHARPIN	grey	81858	SHARPIN	unique_official_exact	False	False	False	grey_not_a_network_block
ZDHHC14	grey	79683	ZDHHC14	unique_official_exact	False	False	False	grey_not_a_network_block
KRTCAP2	grey	200185	KRTCAP2	unique_official_exact	False	False	False	grey_not_a_network_block
KCMF1	grey	56888	KCMF1	unique_official_exact	False	False	False	grey_not_a_network_block
RAB11B	grey	9230	RAB11B	unique_official_exact	False	False	False	grey_not_a_network_block
SERTAD1	grey	29950	SERTAD1	unique_official_exact	False	False	False	grey_not_a_network_block
CRLF3	grey	51379	CRLF3	unique_official_exact	False	False	False	grey_not_a_network_block
TXNDC15	grey	79770	TXNDC15	unique_official_exact	False	False	False	grey_not_a_network_block
ZNF585B	grey	92285	ZNF585B	unique_official_exact	False	False	False	grey_not_a_network_block
FAM120C	grey	54954	FAM120C	unique_official_exact	False	False	False	grey_not_a_network_block
SNX33	grey	257364	SNX33	unique_official_exact	False	False	False	grey_not_a_network_block
ACSS3	grey	79611	ACSS3	unique_official_exact	False	False	False	grey_not_a_network_block
TFRC	grey	7037	TFRC	unique_official_exact	False	False	False	grey_not_a_network_block
COPZ2	grey	51226	COPZ2	unique_official_exact	False	False	False	grey_not_a_network_block
SLC41A3	black	54946	SLC41A3	unique_official_exact	True	True	True	included
DAAM2	grey	23500	DAAM2	unique_official_exact	False	False	False	grey_not_a_network_block
LINC00963	grey	100506190	LINC00963	unique_official_exact	False	False	False	grey_not_a_network_block
ANXA2	blue	302	ANXA2	unique_official_exact	True	True	True	included
USP16	turquoise	10600	USP16	unique_official_exact	True	True	True	included
TCAIM	green	285343	TCAIM	unique_official_exact	True	True	True	included
DNPEP	magenta	23549	DNPEP	unique_official_exact	True	True	True	included
ZNF510	grey	22869	ZNF510	unique_official_exact	False	False	False	grey_not_a_network_block
MYD88	grey	4615	MYD88	unique_official_exact	False	False	False	grey_not_a_network_block
SRP54	grey	6729	SRP54	unique_official_exact	False	False	False	grey_not_a_network_block
PABPN1	turquoise	8106	PABPN1	unique_official_exact	True	True	True	included
MARCKSL1	brown	65108	MARCKSL1	unique_official_exact	True	True	True	included
EHD2	yellow	30846	EHD2	unique_official_exact	True	True	True	included
ZHX2	grey	22882	ZHX2	unique_official_exact	False	False	False	grey_not_a_network_block
LOC646471	turquoise	646471	LOC646471	unique_official_exact	True	True	True	included
ZPR1	grey	8882	ZPR1	unique_official_exact	False	False	False	grey_not_a_network_block
ASPSCR1	grey	79058	ASPSCR1	unique_official_exact	False	False	False	grey_not_a_network_block
RAB4A	grey	5867	RAB4A	unique_official_exact	False	False	False	grey_not_a_network_block
CEP192	turquoise	55125	CEP192	unique_official_exact	True	True	True	included
ARHGAP1	yellow	392	ARHGAP1	unique_official_exact	True	True	True	included
TMEM260	grey	54916	TMEM260	unique_official_exact	False	False	False	grey_not_a_network_block
NUMBL	grey	9253	NUMBL	unique_official_exact	False	False	False	grey_not_a_network_block
ZNF415	grey	55786	ZNF415	unique_official_exact	False	False	False	grey_not_a_network_block
PIGC	grey	5279	PIGC	unique_official_exact	False	False	False	grey_not_a_network_block
CDC42SE2	blue	56990	CDC42SE2	unique_official_exact	True	True	True	included
SRRT	turquoise	51593	SRRT	unique_official_exact	True	True	True	included
RMND5B	grey	64777	RMND5B	unique_official_exact	False	False	False	grey_not_a_network_block
WDR11	turquoise	55717	WDR11	unique_official_exact	True	True	True	included
PUM1	grey	9698	PUM1	unique_official_exact	False	False	False	grey_not_a_network_block
NOSTRIN	grey	115677	NOSTRIN	unique_official_exact	False	False	False	grey_not_a_network_block
LSG1	grey	55341	LSG1	unique_official_exact	False	False	False	grey_not_a_network_block
ZDHHC17	turquoise	23390	ZDHHC17	unique_official_exact	True	True	True	included
KIF5A	brown	3798	KIF5A	unique_official_exact	True	True	True	included
PTN	brown	5764	PTN	unique_official_exact	True	True	True	included
SLC2A3	grey	6515	SLC2A3	unique_official_exact	False	False	False	grey_not_a_network_block
FABP3	pink	2170	FABP3	unique_official_exact	True	True	True	included
NANOS1	grey	340719	NANOS1	unique_official_exact	False	False	False	grey_not_a_network_block
MPLKIP	grey	136647	MPLKIP	unique_official_exact	False	False	False	grey_not_a_network_block
LIMD1	turquoise	8994	LIMD1	unique_official_exact	True	True	True	included
DHX33	grey	56919	DHX33	unique_official_exact	False	False	False	grey_not_a_network_block
SSBP2	brown	23635	SSBP2	unique_official_exact	True	True	True	included
REPIN1	grey	29803	REPIN1	unique_official_exact	False	False	False	grey_not_a_network_block
UBE2G2	black	7327	UBE2G2	unique_official_exact	True	True	True	included
CBX7	brown	23492	CBX7	unique_official_exact	True	True	True	included
SLC6A8	grey	6535	SLC6A8	unique_official_exact	False	False	False	grey_not_a_network_block
DIP2C-AS1	turquoise	414235	DIP2C-AS1	unique_official_exact	True	True	True	included
TTPAL	grey	79183	TTPAL	unique_official_exact	False	False	False	grey_not_a_network_block
ACKR4	grey	51554	ACKR4	unique_official_exact	False	False	False	grey_not_a_network_block
ZNF708	turquoise	7562	ZNF708	unique_official_exact	True	True	True	included
WEE1	grey	7465	WEE1	unique_official_exact	False	False	False	grey_not_a_network_block
GALNT11	grey	63917	GALNT11	unique_official_exact	False	False	False	grey_not_a_network_block
TMEM106A	grey	113277	TMEM106A	unique_official_exact	False	False	False	grey_not_a_network_block
DTWD2	grey	285605	DTWD2	unique_official_exact	False	False	False	grey_not_a_network_block
MMADHC	grey	27249	MMADHC	unique_official_exact	False	False	False	grey_not_a_network_block
SCOC	grey	60592	SCOC	unique_official_exact	False	False	False	grey_not_a_network_block
GCSH	grey	2653	GCSH	unique_official_exact	False	False	False	grey_not_a_network_block
HCFC2	green	29915	HCFC2	unique_official_exact	True	True	True	included
KLHL8	grey	57563	KLHL8	unique_official_exact	False	False	False	grey_not_a_network_block
FAM89A	yellow	375061	FAM89A	unique_official_exact	True	True	True	included
NF2	grey	4771	NF2	unique_official_exact	False	False	False	grey_not_a_network_block
NAT9	turquoise	26151	NAT9	unique_official_exact	True	True	True	included
PRKCSH	blue	5589	PRKCSH	unique_official_exact	True	True	True	included
GNA15	blue	2769	GNA15	unique_official_exact	True	True	True	included
KANSL1	turquoise	284058	KANSL1	unique_official_exact	True	True	True	included
GOLPH3L	grey	55204	GOLPH3L	unique_official_exact	False	False	False	grey_not_a_network_block
NIT1	grey	4817	NIT1	unique_official_exact	False	False	False	grey_not_a_network_block
THEM4	grey	117145	THEM4	unique_official_exact	False	False	False	grey_not_a_network_block
ADAMTSL5	green	339366	ADAMTSL5	unique_official_exact	True	True	True	included
TOLLIP	grey	54472	TOLLIP	unique_official_exact	False	False	False	grey_not_a_network_block
UCKL1	turquoise	54963	UCKL1	unique_official_exact	True	True	True	included
OSR1	blue	130497	OSR1	unique_official_exact	True	True	True	included
NDUFB7	grey	4713	NDUFB7	unique_official_exact	False	False	False	grey_not_a_network_block
SLC36A1	grey	206358	SLC36A1	unique_official_exact	False	False	False	grey_not_a_network_block
RBM3	yellow	5935	RBM3	unique_official_exact	True	True	True	included
CHPT1	grey	56994	CHPT1	unique_official_exact	False	False	False	grey_not_a_network_block
ZNF436-AS1	turquoise	148898	ZNF436-AS1	unique_official_exact	True	True	True	included
TCEAL3	grey	85012	TCEAL3	unique_official_exact	False	False	False	grey_not_a_network_block
RAB7A	blue	7879	RAB7A	unique_official_exact	True	True	True	included
MEPCE	green	56257	MEPCE	unique_official_exact	True	True	True	included
GRPEL1	grey	80273	GRPEL1	unique_official_exact	False	False	False	grey_not_a_network_block
BHMT2	grey	23743	BHMT2	unique_official_exact	False	False	False	grey_not_a_network_block
C5orf24	grey	134553	C5orf24	unique_official_exact	False	False	False	grey_not_a_network_block
LNX2	blue	222484	LNX2	unique_official_exact	True	True	True	included
CCDC88A	grey	55704	CCDC88A	unique_official_exact	False	False	False	grey_not_a_network_block
RAB11FIP5	green	26056	RAB11FIP5	unique_official_exact	True	True	True	included
JADE2	brown	23338	JADE2	unique_official_exact	True	True	True	included
UFSP2	grey	55325	UFSP2	unique_official_exact	False	False	False	grey_not_a_network_block
PHF13	blue	148479	PHF13	unique_official_exact	True	True	True	included
PIP4P2	grey	55529	PIP4P2	unique_official_exact	False	False	False	grey_not_a_network_block
HTT	turquoise	3064	HTT	unique_official_exact	True	True	True	included
HERC1	turquoise	8925	HERC1	unique_official_exact	True	True	True	included
ZNF484	grey	83744	ZNF484	unique_official_exact	False	False	False	grey_not_a_network_block
ZNF124	grey	7678	ZNF124	unique_official_exact	False	False	False	grey_not_a_network_block
NELFA	grey	7469	NELFA	unique_official_exact	False	False	False	grey_not_a_network_block
IFT38	grey	23059	IFT38	unique_official_exact	False	False	False	grey_not_a_network_block
PBX2	turquoise	5089	PBX2	unique_official_exact	True	True	True	included
NELFE	grey	7936	NELFE	unique_official_exact	False	False	False	grey_not_a_network_block
LSR	grey	51599	LSR	unique_official_exact	False	False	False	grey_not_a_network_block
PCDH12	grey	51294	PCDH12	unique_official_exact	False	False	False	grey_not_a_network_block
CBY1	grey	25776	CBY1	unique_official_exact	False	False	False	grey_not_a_network_block
YY1AP1	grey	55249	YY1AP1	unique_official_exact	False	False	False	grey_not_a_network_block
TTI1	grey	9675	TTI1	unique_official_exact	False	False	False	grey_not_a_network_block
TMEM115	grey	11070	TMEM115	unique_official_exact	False	False	False	grey_not_a_network_block
SH3BGRL	grey	6451	SH3BGRL	unique_official_exact	False	False	False	grey_not_a_network_block
ARSI	brown	340075	ARSI	unique_official_exact	True	True	True	included
DGCR8	grey	54487	DGCR8	unique_official_exact	False	False	False	grey_not_a_network_block
GPATCH2L	grey	55668	GPATCH2L	unique_official_exact	False	False	False	grey_not_a_network_block
TAF4B	grey	6875	TAF4B	unique_official_exact	False	False	False	grey_not_a_network_block
UPF2	green	26019	UPF2	unique_official_exact	True	True	True	included
TRAP1	turquoise	10131	TRAP1	unique_official_exact	True	True	True	included
EBNA1BP2	grey	10969	EBNA1BP2	unique_official_exact	False	False	False	grey_not_a_network_block
MAP3K13	turquoise	9175	MAP3K13	unique_official_exact	True	True	True	included
ZNF184	grey	7738	ZNF184	unique_official_exact	False	False	False	grey_not_a_network_block
ARID5B	yellow	84159	ARID5B	unique_official_exact	True	True	True	included
H2AX	grey	3014	H2AX	unique_official_exact	False	False	False	grey_not_a_network_block
ENOX2	red	10495	ENOX2	unique_official_exact	True	True	True	included
ZFP14	grey	57677	ZFP14	unique_official_exact	False	False	False	grey_not_a_network_block
BMP2K	brown	55589	BMP2K	unique_official_exact	True	True	True	included
RFC2	grey	5982	RFC2	unique_official_exact	False	False	False	grey_not_a_network_block
KLHL18	grey	23276	KLHL18	unique_official_exact	False	False	False	grey_not_a_network_block
HECTD2	turquoise	143279	HECTD2	unique_official_exact	True	True	True	included
FCHSD1	turquoise	89848	FCHSD1	unique_official_exact	True	True	True	included
FLCN	turquoise	201163	FLCN	unique_official_exact	True	True	True	included
RB1CC1	grey	9821	RB1CC1	unique_official_exact	False	False	False	grey_not_a_network_block
EDEM1	blue	9695	EDEM1	unique_official_exact	True	True	True	included
DUBR	grey	344595	DUBR	unique_official_exact	False	False	False	grey_not_a_network_block
RPL36AL	grey	6166	RPL36AL	unique_official_exact	False	False	False	grey_not_a_network_block
CCT3	grey	7203	CCT3	unique_official_exact	False	False	False	grey_not_a_network_block
SDF2	grey	6388	SDF2	unique_official_exact	False	False	False	grey_not_a_network_block
LYSMD4	turquoise	145748	LYSMD4	unique_official_exact	True	True	True	included
INTS1	turquoise	26173	INTS1	unique_official_exact	True	True	True	included
WFDC1	grey	58189	WFDC1	unique_official_exact	False	False	False	grey_not_a_network_block
MRNIP	grey	51149	MRNIP	unique_official_exact	False	False	False	grey_not_a_network_block
PCSK6	grey	5046	PCSK6	unique_official_exact	False	False	False	grey_not_a_network_block
ZSCAN20	grey	7579	ZSCAN20	unique_official_exact	False	False	False	grey_not_a_network_block
HPS6	grey	79803	HPS6	unique_official_exact	False	False	False	grey_not_a_network_block
ENTREP3	grey	10712	ENTREP3	unique_official_exact	False	False	False	grey_not_a_network_block
P2RX4	grey	5025	P2RX4	unique_official_exact	False	False	False	grey_not_a_network_block
BBIP1	grey	92482	BBIP1	unique_official_exact	False	False	False	grey_not_a_network_block
DLG2	grey	1740	DLG2	unique_official_exact	False	False	False	grey_not_a_network_block
PTDSS1	grey	9791	PTDSS1	unique_official_exact	False	False	False	grey_not_a_network_block
MEAK7	grey	57707	MEAK7	unique_official_exact	False	False	False	grey_not_a_network_block
CYP2U1	brown	113612	CYP2U1	unique_official_exact	True	True	True	included
NOL12	turquoise	79159	NOL12	unique_official_exact	True	True	True	included
FGD4	turquoise	121512	FGD4	unique_official_exact	True	True	True	included
STMP1	grey	647087	STMP1	unique_official_exact	False	False	False	grey_not_a_network_block
CHORDC1	grey	26973	CHORDC1	unique_official_exact	False	False	False	grey_not_a_network_block
FGF10	yellow	2255	FGF10	unique_official_exact	True	True	True	included
ZNF226	grey	7769	ZNF226	unique_official_exact	False	False	False	grey_not_a_network_block
CDC5L	grey	988	CDC5L	unique_official_exact	False	False	False	grey_not_a_network_block
DTNBP1	grey	84062	DTNBP1	unique_official_exact	False	False	False	grey_not_a_network_block
PMS2P5	turquoise	5383	PMS2P5	unique_official_exact	True	True	True	included
PSMG3-AS1	grey	114796	PSMG3-AS1	unique_official_exact	False	False	False	grey_not_a_network_block
MIR1915HG	brown	399726	MIR1915HG	unique_official_exact	True	True	True	included
TOPBP1	grey	11073	TOPBP1	unique_official_exact	False	False	False	grey_not_a_network_block
RPL11	grey	6135	RPL11	unique_official_exact	False	False	False	grey_not_a_network_block
LNPK	yellow	80856	LNPK	unique_official_exact	True	True	True	included
TRAPPC3	grey	27095	TRAPPC3	unique_official_exact	False	False	False	grey_not_a_network_block
STK17A	grey	9263	STK17A	unique_official_exact	False	False	False	grey_not_a_network_block
PHF14	turquoise	9678	PHF14	unique_official_exact	True	True	True	included
BPHL	turquoise	670	BPHL	unique_official_exact	True	True	True	included
QDPR	grey	5860	QDPR	unique_official_exact	False	False	False	grey_not_a_network_block
SLC35B1	grey	10237	SLC35B1	unique_official_exact	False	False	False	grey_not_a_network_block
TRMT6	grey	51605	TRMT6	unique_official_exact	False	False	False	grey_not_a_network_block
TSPAN31	grey	6302	TSPAN31	unique_official_exact	False	False	False	grey_not_a_network_block
MBNL1-AS1	pink	401093	MBNL1-AS1	unique_official_exact	True	True	True	included
PTPN13	green	5783	PTPN13	unique_official_exact	True	True	True	included
ATP5F1E	grey	514	ATP5F1E	unique_official_exact	False	False	False	grey_not_a_network_block
MDN1	turquoise	23195	MDN1	unique_official_exact	True	True	True	included
SLC30A9	grey	10463	SLC30A9	unique_official_exact	False	False	False	grey_not_a_network_block
PPP1R2	grey	5504	PPP1R2	unique_official_exact	False	False	False	grey_not_a_network_block
C21orf91	grey	54149	C21orf91	unique_official_exact	False	False	False	grey_not_a_network_block
UBIAD1	grey	29914	UBIAD1	unique_official_exact	False	False	False	grey_not_a_network_block
IGDCC4	blue	57722	IGDCC4	unique_official_exact	True	True	True	included
UST	brown	10090	UST	unique_official_exact	True	True	True	included
LSM3	grey	27258	LSM3	unique_official_exact	False	False	False	grey_not_a_network_block
MCFD2	blue	90411	MCFD2	unique_official_exact	True	True	True	included
NAA16	grey	79612	NAA16	unique_official_exact	False	False	False	grey_not_a_network_block
QSER1	grey	79832	QSER1	unique_official_exact	False	False	False	grey_not_a_network_block
PPP6C	grey	5537	PPP6C	unique_official_exact	False	False	False	grey_not_a_network_block
FKBP9	blue	11328	FKBP9	unique_official_exact	True	True	True	included
NDUFA5	grey	4698	NDUFA5	unique_official_exact	False	False	False	grey_not_a_network_block
CDC16	turquoise	8881	CDC16	unique_official_exact	True	True	True	included
TRIM68	grey	55128	TRIM68	unique_official_exact	False	False	False	grey_not_a_network_block
GNAO1	grey	2775	GNAO1	unique_official_exact	False	False	False	grey_not_a_network_block
PTPN18	blue	26469	PTPN18	unique_official_exact	True	True	True	included
PPP1R8	grey	5511	PPP1R8	unique_official_exact	False	False	False	grey_not_a_network_block
SSX2IP	red	117178	SSX2IP	unique_official_exact	True	True	True	included
MBD3	grey	53615	MBD3	unique_official_exact	False	False	False	grey_not_a_network_block
LGALS8	grey	3964	LGALS8	unique_official_exact	False	False	False	grey_not_a_network_block
PPP6R1	yellow	22870	PPP6R1	unique_official_exact	True	True	True	included
PMS2	grey	5395	PMS2	unique_official_exact	False	False	False	grey_not_a_network_block
RSBN1L	green	222194	RSBN1L	unique_official_exact	True	True	True	included
DHPS	turquoise	1725	DHPS	unique_official_exact	True	True	True	included
RHOC	grey	389	RHOC	unique_official_exact	False	False	False	grey_not_a_network_block
EIF1AD	grey	84285	EIF1AD	unique_official_exact	False	False	False	grey_not_a_network_block
CDK16	yellow	5127	CDK16	unique_official_exact	True	True	True	included
POLR1E	grey	64425	POLR1E	unique_official_exact	False	False	False	grey_not_a_network_block
GOLPH3	grey	64083	GOLPH3	unique_official_exact	False	False	False	grey_not_a_network_block
TTC27	grey	55622	TTC27	unique_official_exact	False	False	False	grey_not_a_network_block
ZNF649	red	65251	ZNF649	unique_official_exact	True	True	True	included
DAP3	grey	7818	DAP3	unique_official_exact	False	False	False	grey_not_a_network_block
GMEB2	grey	26205	GMEB2	unique_official_exact	False	False	False	grey_not_a_network_block
RRN3P2	turquoise	653390	RRN3P2	unique_official_exact	True	True	True	included
FERRY3	grey	57102	FERRY3	unique_official_exact	False	False	False	grey_not_a_network_block
EXOC6	grey	54536	EXOC6	unique_official_exact	False	False	False	grey_not_a_network_block
RPL7A	grey	6130	RPL7A	unique_official_exact	False	False	False	grey_not_a_network_block
PDE4DIP	turquoise	9659	PDE4DIP	unique_official_exact	True	True	True	included
TRAPPC1	grey	58485	TRAPPC1	unique_official_exact	False	False	False	grey_not_a_network_block
NGLY1	grey	55768	NGLY1	unique_official_exact	False	False	False	grey_not_a_network_block
ZFYVE16	grey	9765	ZFYVE16	unique_official_exact	False	False	False	grey_not_a_network_block
MYO9B	pink	4650	MYO9B	unique_official_exact	True	True	True	included
C19orf48P	grey	84798	C19orf48P	unique_official_exact	False	False	False	grey_not_a_network_block
GAB2	grey	9846	GAB2	unique_official_exact	False	False	False	grey_not_a_network_block
PDP1	green	54704	PDP1	unique_official_exact	True	True	True	included
SNAP29	blue	9342	SNAP29	unique_official_exact	True	True	True	included
TMEM132A	brown	54972	TMEM132A	unique_official_exact	True	True	True	included
ANAPC4	turquoise	29945	ANAPC4	unique_official_exact	True	True	True	included
NICN1	turquoise	84276	NICN1	unique_official_exact	True	True	True	included
PURB	grey	5814	PURB	unique_official_exact	False	False	False	grey_not_a_network_block
EMX2	yellow	2018	EMX2	unique_official_exact	True	True	True	included
GTF2I	turquoise	2969	GTF2I	unique_official_exact	True	True	True	included
HTATSF1	grey	27336	HTATSF1	unique_official_exact	False	False	False	grey_not_a_network_block
ITSN2	grey	50618	ITSN2	unique_official_exact	False	False	False	grey_not_a_network_block
SENP2	grey	59343	SENP2	unique_official_exact	False	False	False	grey_not_a_network_block
CLDN12	green	9069	CLDN12	unique_official_exact	True	True	True	included
TMED9	blue	54732	TMED9	unique_official_exact	True	True	True	included
HDAC5	grey	10014	HDAC5	unique_official_exact	False	False	False	grey_not_a_network_block
ZNF641	grey	121274	ZNF641	unique_official_exact	False	False	False	grey_not_a_network_block
AGBL5	grey	60509	AGBL5	unique_official_exact	False	False	False	grey_not_a_network_block
ZNF292	turquoise	23036	ZNF292	unique_official_exact	True	True	True	included
GABRE	magenta	2564	GABRE	unique_official_exact	True	True	True	included
SAFB	turquoise	6294	SAFB	unique_official_exact	True	True	True	included
POLK	turquoise	51426	POLK	unique_official_exact	True	True	True	included
CPNE3	red	8895	CPNE3	unique_official_exact	True	True	True	included
GPAT4	grey	137964	GPAT4	unique_official_exact	False	False	False	grey_not_a_network_block
TMED2	blue	10959	TMED2	unique_official_exact	True	True	True	included
TTC17	turquoise	55761	TTC17	unique_official_exact	True	True	True	included
PECR	yellow	55825	PECR	unique_official_exact	True	True	True	included
SPOP	red	8405	SPOP	unique_official_exact	True	True	True	included
SNX30	grey	401548	SNX30	unique_official_exact	False	False	False	grey_not_a_network_block
GLRX5	blue	51218	GLRX5	unique_official_exact	True	True	True	included
TUSC3	grey	7991	TUSC3	unique_official_exact	False	False	False	grey_not_a_network_block
SMAP1	grey	60682	SMAP1	unique_official_exact	False	False	False	grey_not_a_network_block
ADISSP	yellow	54976	ADISSP	unique_official_exact	True	True	True	included
HMGCL	grey	3155	HMGCL	unique_official_exact	False	False	False	grey_not_a_network_block
LAMTOR3	grey	8649	LAMTOR3	unique_official_exact	False	False	False	grey_not_a_network_block
CCSAP	grey	126731	CCSAP	unique_official_exact	False	False	False	grey_not_a_network_block
UBAC1	grey	10422	UBAC1	unique_official_exact	False	False	False	grey_not_a_network_block
BCL9	brown	607	BCL9	unique_official_exact	True	True	True	included
KCNB1	yellow	3745	KCNB1	unique_official_exact	True	True	True	included
UBE2E1	grey	7324	UBE2E1	unique_official_exact	False	False	False	grey_not_a_network_block
TOMM34	grey	10953	TOMM34	unique_official_exact	False	False	False	grey_not_a_network_block
SUCLG2	grey	8801	SUCLG2	unique_official_exact	False	False	False	grey_not_a_network_block
FAM114A2	grey	10827	FAM114A2	unique_official_exact	False	False	False	grey_not_a_network_block
CDKAL1	grey	54901	CDKAL1	unique_official_exact	False	False	False	grey_not_a_network_block
TBC1D19	turquoise	55296	TBC1D19	unique_official_exact	True	True	True	included
RANBP1	grey	5902	RANBP1	unique_official_exact	False	False	False	grey_not_a_network_block
MRPL44	grey	65080	MRPL44	unique_official_exact	False	False	False	grey_not_a_network_block
TDG	grey	6996	TDG	unique_official_exact	False	False	False	grey_not_a_network_block
MFNG	grey	4242	MFNG	unique_official_exact	False	False	False	grey_not_a_network_block
EIF3F	red	8665	EIF3F	unique_official_exact	True	True	True	included
TESK1	magenta	7016	TESK1	unique_official_exact	True	True	True	included
BAMBI	grey	25805	BAMBI	unique_official_exact	False	False	False	grey_not_a_network_block
ELOC	grey	6921	ELOC	unique_official_exact	False	False	False	grey_not_a_network_block
TOM1L1	grey	10040	TOM1L1	unique_official_exact	False	False	False	grey_not_a_network_block
MACROD2	grey	140733	MACROD2	unique_official_exact	False	False	False	grey_not_a_network_block
NSFL1C	blue	55968	NSFL1C	unique_official_exact	True	True	True	included
PNPT1	grey	87178	PNPT1	unique_official_exact	False	False	False	grey_not_a_network_block
IER3IP1	grey	51124	IER3IP1	unique_official_exact	False	False	False	grey_not_a_network_block
IGIP	grey	492311	IGIP	unique_official_exact	False	False	False	grey_not_a_network_block
NUP133	grey	55746	NUP133	unique_official_exact	False	False	False	grey_not_a_network_block
TMEM19	grey	55266	TMEM19	unique_official_exact	False	False	False	grey_not_a_network_block
TPST2	grey	8459	TPST2	unique_official_exact	False	False	False	grey_not_a_network_block
ALKAL2	grey	285016	ALKAL2	unique_official_exact	False	False	False	grey_not_a_network_block
SLC22A23	grey	63027	SLC22A23	unique_official_exact	False	False	False	grey_not_a_network_block
TSC22D1	grey	8848	TSC22D1	unique_official_exact	False	False	False	grey_not_a_network_block
VPS13C	turquoise	54832	VPS13C	unique_official_exact	True	True	True	included
NUP205	brown	23165	NUP205	unique_official_exact	True	True	True	included
LYPLA1	grey	10434	LYPLA1	unique_official_exact	False	False	False	grey_not_a_network_block
RNF6	grey	6049	RNF6	unique_official_exact	False	False	False	grey_not_a_network_block
RHOT1	grey	55288	RHOT1	unique_official_exact	False	False	False	grey_not_a_network_block
MRPL17	grey	63875	MRPL17	unique_official_exact	False	False	False	grey_not_a_network_block
OPA1	grey	4976	OPA1	unique_official_exact	False	False	False	grey_not_a_network_block
ENPP1	yellow	5167	ENPP1	unique_official_exact	True	True	True	included
ZNF486	grey	90649	ZNF486	unique_official_exact	False	False	False	grey_not_a_network_block
OARD1	grey	221443	OARD1	unique_official_exact	False	False	False	grey_not_a_network_block
THAP11	grey	57215	THAP11	unique_official_exact	False	False	False	grey_not_a_network_block
CHRD	grey	8646	CHRD	unique_official_exact	False	False	False	grey_not_a_network_block
ZNF790	green	388536	ZNF790	unique_official_exact	True	True	True	included
IMP4	grey	92856	IMP4	unique_official_exact	False	False	False	grey_not_a_network_block
DENND2B	grey	6764	DENND2B	unique_official_exact	False	False	False	grey_not_a_network_block
ISCA1	yellow	81689	ISCA1	unique_official_exact	True	True	True	included
TMEM140	grey	55281	TMEM140	unique_official_exact	False	False	False	grey_not_a_network_block
MUL1	grey	79594	MUL1	unique_official_exact	False	False	False	grey_not_a_network_block
ULK4	turquoise	54986	ULK4	unique_official_exact	True	True	True	included
ABCD3	brown	5825	ABCD3	unique_official_exact	True	True	True	included
DORIP1	grey	122525	DORIP1	unique_official_exact	False	False	False	grey_not_a_network_block
MRPS23	grey	51649	MRPS23	unique_official_exact	False	False	False	grey_not_a_network_block
PRELID1	grey	27166	PRELID1	unique_official_exact	False	False	False	grey_not_a_network_block
FUCA1	blue	2517	FUCA1	unique_official_exact	True	True	True	included
SRSF4	grey	6429	SRSF4	unique_official_exact	False	False	False	grey_not_a_network_block
NR2C2	grey	7182	NR2C2	unique_official_exact	False	False	False	grey_not_a_network_block
ALPK1	brown	80216	ALPK1	unique_official_exact	True	True	True	included
RSL1D1	blue	26156	RSL1D1	unique_official_exact	True	True	True	included
RTL6	red	84247	RTL6	unique_official_exact	True	True	True	included
CDC27	grey	996	CDC27	unique_official_exact	False	False	False	grey_not_a_network_block
DENND1A	grey	57706	DENND1A	unique_official_exact	False	False	False	grey_not_a_network_block
EPHA7	grey	2045	EPHA7	unique_official_exact	False	False	False	grey_not_a_network_block
PCK2	yellow	5106	PCK2	unique_official_exact	True	True	True	included
STEAP1	yellow	26872	STEAP1	unique_official_exact	True	True	True	included
ODF2	grey	4957	ODF2	unique_official_exact	False	False	False	grey_not_a_network_block
BRMS1	grey	25855	BRMS1	unique_official_exact	False	False	False	grey_not_a_network_block
EGR3	red	1960	EGR3	unique_official_exact	True	True	True	included
DHODH	grey	1723	DHODH	unique_official_exact	False	False	False	grey_not_a_network_block
CA11	red	770	CA11	unique_official_exact	True	True	True	included
CDC14B	grey	8555	CDC14B	unique_official_exact	False	False	False	grey_not_a_network_block
FOXK1	grey	221937	FOXK1	unique_official_exact	False	False	False	grey_not_a_network_block
ZNF772	grey	400720	ZNF772	unique_official_exact	False	False	False	grey_not_a_network_block
CAND2	grey	23066	CAND2	unique_official_exact	False	False	False	grey_not_a_network_block
TM7SF2	yellow	7108	TM7SF2	unique_official_exact	True	True	True	included
POLH	grey	5429	POLH	unique_official_exact	False	False	False	grey_not_a_network_block
RAB1A	yellow	5861	RAB1A	unique_official_exact	True	True	True	included
CROCCP2	grey	84809	CROCCP2	unique_official_exact	False	False	False	grey_not_a_network_block
DRG2	grey	1819	DRG2	unique_official_exact	False	False	False	grey_not_a_network_block
LYST	turquoise	1130	LYST	unique_official_exact	True	True	True	included
CRYL1	red	51084	CRYL1	unique_official_exact	True	True	True	included
TUG1	turquoise	55000	TUG1	unique_official_exact	True	True	True	included
NRXN2	grey	9379	NRXN2	unique_official_exact	False	False	False	grey_not_a_network_block
ACAT2	grey	39	ACAT2	unique_official_exact	False	False	False	grey_not_a_network_block
FBL	red	2091	FBL	unique_official_exact	True	True	True	included
IFI6	grey	2537	IFI6	unique_official_exact	False	False	False	grey_not_a_network_block
VIPR2	grey	7434	VIPR2	unique_official_exact	False	False	False	grey_not_a_network_block
TMCC1	grey	23023	TMCC1	unique_official_exact	False	False	False	grey_not_a_network_block
SCRN2	yellow	90507	SCRN2	unique_official_exact	True	True	True	included
EMC4	grey	51234	EMC4	unique_official_exact	False	False	False	grey_not_a_network_block
COBLL1	turquoise	22837	COBLL1	unique_official_exact	True	True	True	included
SGTA	grey	6449	SGTA	unique_official_exact	False	False	False	grey_not_a_network_block
COX19	grey	90639	COX19	unique_official_exact	False	False	False	grey_not_a_network_block
LATS1	green	9113	LATS1	unique_official_exact	True	True	True	included
COPB2	blue	9276	COPB2	unique_official_exact	True	True	True	included
SOD1	yellow	6647	SOD1	unique_official_exact	True	True	True	included
ATG2A	grey	23130	ATG2A	unique_official_exact	False	False	False	grey_not_a_network_block
PAQR7	grey	164091	PAQR7	unique_official_exact	False	False	False	grey_not_a_network_block
LRRC57	grey	255252	LRRC57	unique_official_exact	False	False	False	grey_not_a_network_block
SF3B5	grey	83443	SF3B5	unique_official_exact	False	False	False	grey_not_a_network_block
OXA1L	grey	5018	OXA1L	unique_official_exact	False	False	False	grey_not_a_network_block
BBS7	grey	55212	BBS7	unique_official_exact	False	False	False	grey_not_a_network_block
CCNK	grey	8812	CCNK	unique_official_exact	False	False	False	grey_not_a_network_block
IFITM3	green	10410	IFITM3	unique_official_exact	True	True	True	included
SMIM30	grey	401397	SMIM30	unique_official_exact	False	False	False	grey_not_a_network_block
LYPLA2	grey	11313	LYPLA2	unique_official_exact	False	False	False	grey_not_a_network_block
SRPRB	blue	58477	SRPRB	unique_official_exact	True	True	True	included
CARNS1	turquoise	57571	CARNS1	unique_official_exact	True	True	True	included
ATXN1L	grey	342371	ATXN1L	unique_official_exact	False	False	False	grey_not_a_network_block
NEXMIF	grey	340533	NEXMIF	unique_official_exact	False	False	False	grey_not_a_network_block
MRPL30	grey	51263	MRPL30	unique_official_exact	False	False	False	grey_not_a_network_block
ST3GAL2	grey	6483	ST3GAL2	unique_official_exact	False	False	False	grey_not_a_network_block
TAOK2	black	9344	TAOK2	unique_official_exact	True	True	True	included
IL15RA	black	3601	IL15RA	unique_official_exact	True	True	True	included
DUSP3	yellow	1845	DUSP3	unique_official_exact	True	True	True	included
LILRB5	blue	10990	LILRB5	unique_official_exact	True	True	True	included
SELENOT	grey	51714	SELENOT	unique_official_exact	False	False	False	grey_not_a_network_block
NIN	grey	51199	NIN	unique_official_exact	False	False	False	grey_not_a_network_block
TCEAL4	grey	79921	TCEAL4	unique_official_exact	False	False	False	grey_not_a_network_block
OCIAD1	grey	54940	OCIAD1	unique_official_exact	False	False	False	grey_not_a_network_block
TRMT13	grey	54482	TRMT13	unique_official_exact	False	False	False	grey_not_a_network_block
ZNF747	grey	65988	ZNF747	unique_official_exact	False	False	False	grey_not_a_network_block
NFKB1	grey	4790	NFKB1	unique_official_exact	False	False	False	grey_not_a_network_block
COPB1	grey	1315	COPB1	unique_official_exact	False	False	False	grey_not_a_network_block
LZTS2	black	84445	LZTS2	unique_official_exact	True	True	True	included
DRAP1	grey	10589	DRAP1	unique_official_exact	False	False	False	grey_not_a_network_block
NRBP1	grey	29959	NRBP1	unique_official_exact	False	False	False	grey_not_a_network_block
TMED10P1	grey	286102	TMED10P1	unique_official_exact	False	False	False	grey_not_a_network_block
ZNF354A	grey	6940	ZNF354A	unique_official_exact	False	False	False	grey_not_a_network_block
SUMO2	red	6613	SUMO2	unique_official_exact	True	True	True	included
DHX36	grey	170506	DHX36	unique_official_exact	False	False	False	grey_not_a_network_block
FH	grey	2271	FH	unique_official_exact	False	False	False	grey_not_a_network_block
KAT2B	brown	8850	KAT2B	unique_official_exact	True	True	True	included
PPP1R12A	turquoise	4659	PPP1R12A	unique_official_exact	True	True	True	included
MOB3C	grey	148932	MOB3C	unique_official_exact	False	False	False	grey_not_a_network_block
ZNF573	grey	126231	ZNF573	unique_official_exact	False	False	False	grey_not_a_network_block
METTL24	grey	728464	METTL24	unique_official_exact	False	False	False	grey_not_a_network_block
CNTNAP3	turquoise	79937	CNTNAP3	unique_official_exact	True	True	True	included
GNAI3	grey	2773	GNAI3	unique_official_exact	False	False	False	grey_not_a_network_block
ZNF587B	grey	100293516	ZNF587B	unique_official_exact	False	False	False	grey_not_a_network_block
GUF1	grey	60558	GUF1	unique_official_exact	False	False	False	grey_not_a_network_block
RMC1	grey	29919	RMC1	unique_official_exact	False	False	False	grey_not_a_network_block
SNN	yellow	8303	SNN	unique_official_exact	True	True	True	included
ORC4	grey	5000	ORC4	unique_official_exact	False	False	False	grey_not_a_network_block
TRPM6	grey	140803	TRPM6	unique_official_exact	False	False	False	grey_not_a_network_block
PDS5B	brown	23047	PDS5B	unique_official_exact	True	True	True	included
SPAST	grey	6683	SPAST	unique_official_exact	False	False	False	grey_not_a_network_block
CLEC1A	grey	51267	CLEC1A	unique_official_exact	False	False	False	grey_not_a_network_block
DLST	grey	1743	DLST	unique_official_exact	False	False	False	grey_not_a_network_block
ADNP2	grey	22850	ADNP2	unique_official_exact	False	False	False	grey_not_a_network_block
PAK4	green	10298	PAK4	unique_official_exact	True	True	True	included
TRIM9	brown	114088	TRIM9	unique_official_exact	True	True	True	included
TRMT1L	grey	81627	TRMT1L	unique_official_exact	False	False	False	grey_not_a_network_block
APLF	grey	200558	APLF	unique_official_exact	False	False	False	grey_not_a_network_block
ZNF358	grey	140467	ZNF358	unique_official_exact	False	False	False	grey_not_a_network_block
TBC1D23	grey	55773	TBC1D23	unique_official_exact	False	False	False	grey_not_a_network_block
ERF	brown	2077	ERF	unique_official_exact	True	True	True	included
FAM3A	grey	60343	FAM3A	unique_official_exact	False	False	False	grey_not_a_network_block
MAT2A	grey	4144	MAT2A	unique_official_exact	False	False	False	grey_not_a_network_block
TASOR	grey	23272	TASOR	unique_official_exact	False	False	False	grey_not_a_network_block
CCND3	grey	896	CCND3	unique_official_exact	False	False	False	grey_not_a_network_block
CYCS	grey	54205	CYCS	unique_official_exact	False	False	False	grey_not_a_network_block
GPATCH2	grey	55105	GPATCH2	unique_official_exact	False	False	False	grey_not_a_network_block
TOR1B	grey	27348	TOR1B	unique_official_exact	False	False	False	grey_not_a_network_block
KDELR3	grey	11015	KDELR3	unique_official_exact	False	False	False	grey_not_a_network_block
UBA5	grey	79876	UBA5	unique_official_exact	False	False	False	grey_not_a_network_block
PGGT1B	grey	5229	PGGT1B	unique_official_exact	False	False	False	grey_not_a_network_block
GEM	grey	2669	GEM	unique_official_exact	False	False	False	grey_not_a_network_block
EXOSC3	grey	51010	EXOSC3	unique_official_exact	False	False	False	grey_not_a_network_block
TNFRSF10C	blue	8794	TNFRSF10C	unique_official_exact	True	True	True	included
VPS33A	grey	65082	VPS33A	unique_official_exact	False	False	False	grey_not_a_network_block
BSG	yellow	682	BSG	unique_official_exact	True	True	True	included
MPV17	grey	4358	MPV17	unique_official_exact	False	False	False	grey_not_a_network_block
LIG1	brown	3978	LIG1	unique_official_exact	True	True	True	included
VPS50	grey	55610	VPS50	unique_official_exact	False	False	False	grey_not_a_network_block
EIF2AK4	grey	440275	EIF2AK4	unique_official_exact	False	False	False	grey_not_a_network_block
STK36	turquoise	27148	STK36	unique_official_exact	True	True	True	included
ACOT7	grey	11332	ACOT7	unique_official_exact	False	False	False	grey_not_a_network_block
SUPT16H	red	11198	SUPT16H	unique_official_exact	True	True	True	included
TMEM120B	turquoise	144404	TMEM120B	unique_official_exact	True	True	True	included
GTF2H2B	grey	653238	GTF2H2B	unique_official_exact	False	False	False	grey_not_a_network_block
FBXL17	grey	64839	FBXL17	unique_official_exact	False	False	False	grey_not_a_network_block
PPP4R3A	turquoise	55671	PPP4R3A	unique_official_exact	True	True	True	included
MYL12B	red	103910	MYL12B	unique_official_exact	True	True	True	included
MAPKAP1	yellow	79109	MAPKAP1	unique_official_exact	True	True	True	included
SGMS1	red	259230	SGMS1	unique_official_exact	True	True	True	included
PNRC1	grey	10957	PNRC1	unique_official_exact	False	False	False	grey_not_a_network_block
ZNF823	grey	55552	ZNF823	unique_official_exact	False	False	False	grey_not_a_network_block
TBCA	grey	6902	TBCA	unique_official_exact	False	False	False	grey_not_a_network_block
RCBTB2	grey	1102	RCBTB2	unique_official_exact	False	False	False	grey_not_a_network_block
CPQ	red	10404	CPQ	unique_official_exact	True	True	True	included
BTN3A3	grey	10384	BTN3A3	unique_official_exact	False	False	False	grey_not_a_network_block
BAG4	grey	9530	BAG4	unique_official_exact	False	False	False	grey_not_a_network_block
CLUHP3	grey	100132341	CLUHP3	unique_official_exact	False	False	False	grey_not_a_network_block
MOSPD2	grey	158747	MOSPD2	unique_official_exact	False	False	False	grey_not_a_network_block
MMP24	grey	10893	MMP24	unique_official_exact	False	False	False	grey_not_a_network_block
REXO1	turquoise	57455	REXO1	unique_official_exact	True	True	True	included
PHLDA3	grey	23612	PHLDA3	unique_official_exact	False	False	False	grey_not_a_network_block
NAPEPLD	grey	222236	NAPEPLD	unique_official_exact	False	False	False	grey_not_a_network_block
TRUB1	blue	142940	TRUB1	unique_official_exact	True	True	True	included
TENT2	grey	167153	TENT2	unique_official_exact	False	False	False	grey_not_a_network_block
SRRM1	turquoise	10250	SRRM1	unique_official_exact	True	True	True	included
CPEB3	grey	22849	CPEB3	unique_official_exact	False	False	False	grey_not_a_network_block
SET	red	6418	SET	unique_official_exact	True	True	True	included
TRIM32	grey	22954	TRIM32	unique_official_exact	False	False	False	grey_not_a_network_block
NKAP	grey	79576	NKAP	unique_official_exact	False	False	False	grey_not_a_network_block
ERI1	grey	90459	ERI1	unique_official_exact	False	False	False	grey_not_a_network_block
FBXW7	grey	55294	FBXW7	unique_official_exact	False	False	False	grey_not_a_network_block
COPRS	grey	55352	COPRS	unique_official_exact	False	False	False	grey_not_a_network_block
RUFY1	turquoise	80230	RUFY1	unique_official_exact	True	True	True	included
STX7	green	8417	STX7	unique_official_exact	True	True	True	included
SNRPD1	grey	6632	SNRPD1	unique_official_exact	False	False	False	grey_not_a_network_block
SOSTDC1	brown	25928	SOSTDC1	unique_official_exact	True	True	True	included
AZIN1	grey	51582	AZIN1	unique_official_exact	False	False	False	grey_not_a_network_block
ZNG1A	grey	55871	ZNG1A	unique_official_exact	False	False	False	grey_not_a_network_block
RPL32	grey	6161	RPL32	unique_official_exact	False	False	False	grey_not_a_network_block
PANK3	grey	79646	PANK3	unique_official_exact	False	False	False	grey_not_a_network_block
WARS2	grey	10352	WARS2	unique_official_exact	False	False	False	grey_not_a_network_block
TTLL4	brown	9654	TTLL4	unique_official_exact	True	True	True	included
RAB3GAP1	red	22930	RAB3GAP1	unique_official_exact	True	True	True	included
PCDHB13	grey	56123	PCDHB13	unique_official_exact	False	False	False	grey_not_a_network_block
NAPB	grey	63908	NAPB	unique_official_exact	False	False	False	grey_not_a_network_block
NT5DC1	grey	221294	NT5DC1	unique_official_exact	False	False	False	grey_not_a_network_block
LIMK1	grey	3984	LIMK1	unique_official_exact	False	False	False	grey_not_a_network_block
NR2F2	green	7026	NR2F2	unique_official_exact	True	True	True	included
TRMT61A	turquoise	115708	TRMT61A	unique_official_exact	True	True	True	included
AKIRIN1	grey	79647	AKIRIN1	unique_official_exact	False	False	False	grey_not_a_network_block
SEC24A	grey	10802	SEC24A	unique_official_exact	False	False	False	grey_not_a_network_block
CHIC1	grey	53344	CHIC1	unique_official_exact	False	False	False	grey_not_a_network_block
WLS	green	79971	WLS	unique_official_exact	True	True	True	included
RPL18	grey	6141	RPL18	unique_official_exact	False	False	False	grey_not_a_network_block
SCARF1	black	8578	SCARF1	unique_official_exact	True	True	True	included
POGLUT3	blue	143888	POGLUT3	unique_official_exact	True	True	True	included
FBXO45	grey	200933	FBXO45	unique_official_exact	False	False	False	grey_not_a_network_block
ZNF765	grey	91661	ZNF765	unique_official_exact	False	False	False	grey_not_a_network_block
BTF3L4	grey	91408	BTF3L4	unique_official_exact	False	False	False	grey_not_a_network_block
CD200	grey	4345	CD200	unique_official_exact	False	False	False	grey_not_a_network_block
JUP	grey	3728	JUP	unique_official_exact	False	False	False	grey_not_a_network_block
SBDSP1	grey	155370	SBDSP1	unique_official_exact	False	False	False	grey_not_a_network_block
DVL3	turquoise	1857	DVL3	unique_official_exact	True	True	True	included
MED6	grey	10001	MED6	unique_official_exact	False	False	False	grey_not_a_network_block
PLEKHA3	grey	65977	PLEKHA3	unique_official_exact	False	False	False	grey_not_a_network_block
MRPL37	grey	51253	MRPL37	unique_official_exact	False	False	False	grey_not_a_network_block
AZI2	grey	64343	AZI2	unique_official_exact	False	False	False	grey_not_a_network_block
ZNF180	grey	7733	ZNF180	unique_official_exact	False	False	False	grey_not_a_network_block
PPP2CB	red	5516	PPP2CB	unique_official_exact	True	True	True	included
RPL22	grey	6146	RPL22	unique_official_exact	False	False	False	grey_not_a_network_block
AOAH	grey	313	AOAH	unique_official_exact	False	False	False	grey_not_a_network_block
MCM7	grey	4176	MCM7	unique_official_exact	False	False	False	grey_not_a_network_block
FNBP1L	grey	54874	FNBP1L	unique_official_exact	False	False	False	grey_not_a_network_block
ZNF598	magenta	90850	ZNF598	unique_official_exact	True	True	True	included
SLC12A6	grey	9990	SLC12A6	unique_official_exact	False	False	False	grey_not_a_network_block
PHIP	turquoise	55023	PHIP	unique_official_exact	True	True	True	included
ABCB4	grey	5244	ABCB4	unique_official_exact	False	False	False	grey_not_a_network_block
RENBP	blue	5973	RENBP	unique_official_exact	True	True	True	included
PSME1	blue	5720	PSME1	unique_official_exact	True	True	True	included
SNHG7	grey	84973	SNHG7	unique_official_exact	False	False	False	grey_not_a_network_block
RSRC1	blue	51319	RSRC1	unique_official_exact	True	True	True	included
TRIM35	grey	23087	TRIM35	unique_official_exact	False	False	False	grey_not_a_network_block
GMIP	grey	51291	GMIP	unique_official_exact	False	False	False	grey_not_a_network_block
CERS4	grey	79603	CERS4	unique_official_exact	False	False	False	grey_not_a_network_block
CMTR2	blue	55783	CMTR2	unique_official_exact	True	True	True	included
CXXC1	turquoise	30827	CXXC1	unique_official_exact	True	True	True	included
SNRPF	grey	6636	SNRPF	unique_official_exact	False	False	False	grey_not_a_network_block
MAPK7	turquoise	5598	MAPK7	unique_official_exact	True	True	True	included
RRAGA	grey	10670	RRAGA	unique_official_exact	False	False	False	grey_not_a_network_block
RAP2C	grey	57826	RAP2C	unique_official_exact	False	False	False	grey_not_a_network_block
KLC4	grey	89953	KLC4	unique_official_exact	False	False	False	grey_not_a_network_block
TSPAN13	grey	27075	TSPAN13	unique_official_exact	False	False	False	grey_not_a_network_block
FEN1	grey	2237	FEN1	unique_official_exact	False	False	False	grey_not_a_network_block
SLC25A28	grey	81894	SLC25A28	unique_official_exact	False	False	False	grey_not_a_network_block
HEXIM1	turquoise	10614	HEXIM1	unique_official_exact	True	True	True	included
TYW3	red	127253	TYW3	unique_official_exact	True	True	True	included
PPP1R11	grey	6992	PPP1R11	unique_official_exact	False	False	False	grey_not_a_network_block
CXCL10	grey	3627	CXCL10	unique_official_exact	False	False	False	grey_not_a_network_block
AP1G2	turquoise	8906	AP1G2	unique_official_exact	True	True	True	included
LRIF1	grey	55791	LRIF1	unique_official_exact	False	False	False	grey_not_a_network_block
UBE2H	grey	7328	UBE2H	unique_official_exact	False	False	False	grey_not_a_network_block
ATP5MK	grey	84833	ATP5MK	unique_official_exact	False	False	False	grey_not_a_network_block
AKT2	yellow	208	AKT2	unique_official_exact	True	True	True	included
FAAP20	grey	199990	FAAP20	unique_official_exact	False	False	False	grey_not_a_network_block
HNRNPAB	grey	3182	HNRNPAB	unique_official_exact	False	False	False	grey_not_a_network_block
ATP9B	turquoise	374868	ATP9B	unique_official_exact	True	True	True	included
TOR3A	grey	64222	TOR3A	unique_official_exact	False	False	False	grey_not_a_network_block
PAPOLG	red	64895	PAPOLG	unique_official_exact	True	True	True	included
FAM222B	turquoise	55731	FAM222B	unique_official_exact	True	True	True	included
NAB1	grey	4664	NAB1	unique_official_exact	False	False	False	grey_not_a_network_block
ASXL2	grey	55252	ASXL2	unique_official_exact	False	False	False	grey_not_a_network_block
FAM8A1	grey	51439	FAM8A1	unique_official_exact	False	False	False	grey_not_a_network_block
MASP2	turquoise	10747	MASP2	unique_official_exact	True	True	True	included
ADAMTS3	grey	9508	ADAMTS3	unique_official_exact	False	False	False	grey_not_a_network_block
TRMT1	turquoise	55621	TRMT1	unique_official_exact	True	True	True	included
MAFF	grey	23764	MAFF	unique_official_exact	False	False	False	grey_not_a_network_block
KLHL7	grey	55975	KLHL7	unique_official_exact	False	False	False	grey_not_a_network_block
ZSCAN22	grey	342945	ZSCAN22	unique_official_exact	False	False	False	grey_not_a_network_block
BAG3	grey	9531	BAG3	unique_official_exact	False	False	False	grey_not_a_network_block
METAP2	red	10988	METAP2	unique_official_exact	True	True	True	included
DIAPH1	blue	1729	DIAPH1	unique_official_exact	True	True	True	included
RPRD1A	grey	55197	RPRD1A	unique_official_exact	False	False	False	grey_not_a_network_block
DPYD	grey	1806	DPYD	unique_official_exact	False	False	False	grey_not_a_network_block
PLPP6	grey	403313	PLPP6	unique_official_exact	False	False	False	grey_not_a_network_block
ZBTB48	grey	3104	ZBTB48	unique_official_exact	False	False	False	grey_not_a_network_block
PGK1	blue	5230	PGK1	unique_official_exact	True	True	True	included
VIPAS39	grey	63894	VIPAS39	unique_official_exact	False	False	False	grey_not_a_network_block
CTDSPL	green	10217	CTDSPL	unique_official_exact	True	True	True	included
NDUFS2	grey	4720	NDUFS2	unique_official_exact	False	False	False	grey_not_a_network_block
CLN5	grey	1203	CLN5	unique_official_exact	False	False	False	grey_not_a_network_block
RINT1	grey	60561	RINT1	unique_official_exact	False	False	False	grey_not_a_network_block
FAT2	magenta	2196	FAT2	unique_official_exact	True	True	True	included
FBXO30	grey	84085	FBXO30	unique_official_exact	False	False	False	grey_not_a_network_block
MLST8	grey	64223	MLST8	unique_official_exact	False	False	False	grey_not_a_network_block
PHF10	grey	55274	PHF10	unique_official_exact	False	False	False	grey_not_a_network_block
LRP1	yellow	4035	LRP1	unique_official_exact	True	True	True	included
FBXO42	grey	54455	FBXO42	unique_official_exact	False	False	False	grey_not_a_network_block
IMPDH2	grey	3615	IMPDH2	unique_official_exact	False	False	False	grey_not_a_network_block
ZNF689	grey	115509	ZNF689	unique_official_exact	False	False	False	grey_not_a_network_block
LSM14A	grey	26065	LSM14A	unique_official_exact	False	False	False	grey_not_a_network_block
HELQ	grey	113510	HELQ	unique_official_exact	False	False	False	grey_not_a_network_block
NUTM2D	turquoise	728130	NUTM2D	unique_official_exact	True	True	True	included
SBF2-AS1	turquoise	283104	SBF2-AS1	unique_official_exact	True	True	True	included
R3HCC1L	turquoise	27291	R3HCC1L	unique_official_exact	True	True	True	included
SLC25A30	grey	253512	SLC25A30	unique_official_exact	False	False	False	grey_not_a_network_block
ZCCHC24	brown	219654	ZCCHC24	unique_official_exact	True	True	True	included
RASGRP3	black	25780	RASGRP3	unique_official_exact	True	True	True	included
ARF6	blue	382	ARF6	unique_official_exact	True	True	True	included
TSEN2	brown	80746	TSEN2	unique_official_exact	True	True	True	included
SPOUT1	grey	51490	SPOUT1	unique_official_exact	False	False	False	grey_not_a_network_block
COQ8B	grey	79934	COQ8B	unique_official_exact	False	False	False	grey_not_a_network_block
FAM161B	brown	145483	FAM161B	unique_official_exact	True	True	True	included
CCDC71L	yellow	168455	CCDC71L	unique_official_exact	True	True	True	included
PRPF40B	grey	25766	PRPF40B	unique_official_exact	False	False	False	grey_not_a_network_block
UNG	black	7374	UNG	unique_official_exact	True	True	True	included
TAF6	grey	6878	TAF6	unique_official_exact	False	False	False	grey_not_a_network_block
ADSS2	grey	159	ADSS2	unique_official_exact	False	False	False	grey_not_a_network_block
ELAVL1	grey	1994	ELAVL1	unique_official_exact	False	False	False	grey_not_a_network_block
ATMIN	blue	23300	ATMIN	unique_official_exact	True	True	True	included
DCUN1D3	yellow	123879	DCUN1D3	unique_official_exact	True	True	True	included
TM4SF1	grey	4071	TM4SF1	unique_official_exact	False	False	False	grey_not_a_network_block
URGCP	grey	55665	URGCP	unique_official_exact	False	False	False	grey_not_a_network_block
LCORL	grey	254251	LCORL	unique_official_exact	False	False	False	grey_not_a_network_block
TYW1	grey	55253	TYW1	unique_official_exact	False	False	False	grey_not_a_network_block
TMEM185B	grey	79134	TMEM185B	unique_official_exact	False	False	False	grey_not_a_network_block
EVI5L	grey	115704	EVI5L	unique_official_exact	False	False	False	grey_not_a_network_block
CAPZB	blue	832	CAPZB	unique_official_exact	True	True	True	included
HNRNPC	red	3183	HNRNPC	unique_official_exact	True	True	True	included
LINC01963	grey	150967	LINC01963	unique_official_exact	False	False	False	grey_not_a_network_block
RAB11A	yellow	8766	RAB11A	unique_official_exact	True	True	True	included
TRAF3	blue	7187	TRAF3	unique_official_exact	True	True	True	included
LARP4B	grey	23185	LARP4B	unique_official_exact	False	False	False	grey_not_a_network_block
GABARAPL1	yellow	23710	GABARAPL1	unique_official_exact	True	True	True	included
NSMAF	grey	8439	NSMAF	unique_official_exact	False	False	False	grey_not_a_network_block
ARFGAP3	grey	26286	ARFGAP3	unique_official_exact	False	False	False	grey_not_a_network_block
LAP3	grey	51056	LAP3	unique_official_exact	False	False	False	grey_not_a_network_block
TXLNG	grey	55787	TXLNG	unique_official_exact	False	False	False	grey_not_a_network_block
AGAP3	black	116988	AGAP3	unique_official_exact	True	True	True	included
SH3RF3	yellow	344558	SH3RF3	unique_official_exact	True	True	True	included
ASB13	grey	79754	ASB13	unique_official_exact	False	False	False	grey_not_a_network_block
AP5M1	grey	55745	AP5M1	unique_official_exact	False	False	False	grey_not_a_network_block
GSKIP	grey	51527	GSKIP	unique_official_exact	False	False	False	grey_not_a_network_block
USP5	grey	8078	USP5	unique_official_exact	False	False	False	grey_not_a_network_block
CECR2	turquoise	27443	CECR2	unique_official_exact	True	True	True	included
CSRNP2	turquoise	81566	CSRNP2	unique_official_exact	True	True	True	included
TTC1	red	7265	TTC1	unique_official_exact	True	True	True	included
PIK3C2A	pink	5286	PIK3C2A	unique_official_exact	True	True	True	included
PRF1	blue	5551	PRF1	unique_official_exact	True	True	True	included
DNAJC11	grey	55735	DNAJC11	unique_official_exact	False	False	False	grey_not_a_network_block
PHYH	grey	5264	PHYH	unique_official_exact	False	False	False	grey_not_a_network_block
UBE2D4	grey	51619	UBE2D4	unique_official_exact	False	False	False	grey_not_a_network_block
RNPEPL1	yellow	57140	RNPEPL1	unique_official_exact	True	True	True	included
UQCC1	grey	55245	UQCC1	unique_official_exact	False	False	False	grey_not_a_network_block
RETREG2	grey	79137	RETREG2	unique_official_exact	False	False	False	grey_not_a_network_block
PAX8	grey	7849	PAX8	unique_official_exact	False	False	False	grey_not_a_network_block
SUPT20H	grey	55578	SUPT20H	unique_official_exact	False	False	False	grey_not_a_network_block
SYCP2L	turquoise	221711	SYCP2L	unique_official_exact	True	True	True	included
SIAE	grey	54414	SIAE	unique_official_exact	False	False	False	grey_not_a_network_block
EIF4A2	green	1974	EIF4A2	unique_official_exact	True	True	True	included
UGCG	blue	7357	UGCG	unique_official_exact	True	True	True	included
ITGA3	pink	3675	ITGA3	unique_official_exact	True	True	True	included
DAXX	grey	1616	DAXX	unique_official_exact	False	False	False	grey_not_a_network_block
RNF130	blue	55819	RNF130	unique_official_exact	True	True	True	included
RBMX	green	27316	RBMX	unique_official_exact	True	True	True	included
GEMIN4	grey	50628	GEMIN4	unique_official_exact	False	False	False	grey_not_a_network_block
RBM15B	grey	29890	RBM15B	unique_official_exact	False	False	False	grey_not_a_network_block
LRIG2	green	9860	LRIG2	unique_official_exact	True	True	True	included
STARD4-AS1	grey	100505678	STARD4-AS1	unique_official_exact	False	False	False	grey_not_a_network_block
CCDC43	grey	124808	CCDC43	unique_official_exact	False	False	False	grey_not_a_network_block
ANKRD16	grey	54522	ANKRD16	unique_official_exact	False	False	False	grey_not_a_network_block
TMEM268	grey	203197	TMEM268	unique_official_exact	False	False	False	grey_not_a_network_block
LRAT	brown	9227	LRAT	unique_official_exact	True	True	True	included
TBCE	grey	6905	TBCE	unique_official_exact	False	False	False	grey_not_a_network_block
NIP7	blue	51388	NIP7	unique_official_exact	True	True	True	included
DNAJA3	grey	9093	DNAJA3	unique_official_exact	False	False	False	grey_not_a_network_block
TAGAP	red	117289	TAGAP	unique_official_exact	True	True	True	included
SYAP1	grey	94056	SYAP1	unique_official_exact	False	False	False	grey_not_a_network_block
TES	grey	26136	TES	unique_official_exact	False	False	False	grey_not_a_network_block
RAD1	grey	5810	RAD1	unique_official_exact	False	False	False	grey_not_a_network_block
FAM13A-AS1	turquoise	285512	FAM13A-AS1	unique_official_exact	True	True	True	included
ATG4C	grey	84938	ATG4C	unique_official_exact	False	False	False	grey_not_a_network_block
PXMP4	grey	11264	PXMP4	unique_official_exact	False	False	False	grey_not_a_network_block
CORO2A	grey	7464	CORO2A	unique_official_exact	False	False	False	grey_not_a_network_block
ROCK2	grey	9475	ROCK2	unique_official_exact	False	False	False	grey_not_a_network_block
HCG11	red	493812	HCG11	unique_official_exact	True	True	True	included
CCDC141	black	285025	CCDC141	unique_official_exact	True	True	True	included
ZRANB3	grey	84083	ZRANB3	unique_official_exact	False	False	False	grey_not_a_network_block
RNF152	pink	220441	RNF152	unique_official_exact	True	True	True	included
RRP36	grey	88745	RRP36	unique_official_exact	False	False	False	grey_not_a_network_block
ZNF554	grey	115196	ZNF554	unique_official_exact	False	False	False	grey_not_a_network_block
NANS	grey	54187	NANS	unique_official_exact	False	False	False	grey_not_a_network_block
EXOG	turquoise	9941	EXOG	unique_official_exact	True	True	True	included
C2CD3	grey	26005	C2CD3	unique_official_exact	False	False	False	grey_not_a_network_block
NISCH	turquoise	11188	NISCH	unique_official_exact	True	True	True	included
SLC16A14	grey	151473	SLC16A14	unique_official_exact	False	False	False	grey_not_a_network_block
SLC44A3	grey	126969	SLC44A3	unique_official_exact	False	False	False	grey_not_a_network_block
SH3GL1	red	6455	SH3GL1	unique_official_exact	True	True	True	included
NAA50	grey	80218	NAA50	unique_official_exact	False	False	False	grey_not_a_network_block
PVRIG	turquoise	79037	PVRIG	unique_official_exact	True	True	True	included
ABCC6	grey	368	ABCC6	unique_official_exact	False	False	False	grey_not_a_network_block
DHX32	yellow	55760	DHX32	unique_official_exact	True	True	True	included
DEDD2	grey	162989	DEDD2	unique_official_exact	False	False	False	grey_not_a_network_block
DIP2B	brown	57609	DIP2B	unique_official_exact	True	True	True	included
LONP2	turquoise	83752	LONP2	unique_official_exact	True	True	True	included
EBP	yellow	10682	EBP	unique_official_exact	True	True	True	included
CCDC122	grey	160857	CCDC122	unique_official_exact	False	False	False	grey_not_a_network_block
STXBP4	grey	252983	STXBP4	unique_official_exact	False	False	False	grey_not_a_network_block
ANKRD29	pink	147463	ANKRD29	unique_official_exact	True	True	True	included
TM9SF3	blue	56889	TM9SF3	unique_official_exact	True	True	True	included
LINC00312	black	29931	LINC00312	unique_official_exact	True	True	True	included
SMAD9	grey	4093	SMAD9	unique_official_exact	False	False	False	grey_not_a_network_block
MRPS31	grey	10240	MRPS31	unique_official_exact	False	False	False	grey_not_a_network_block
KRR1	brown	11103	KRR1	unique_official_exact	True	True	True	included
ZBTB6	green	10773	ZBTB6	unique_official_exact	True	True	True	included
EIF5	grey	1983	EIF5	unique_official_exact	False	False	False	grey_not_a_network_block
DNAJB2	grey	3300	DNAJB2	unique_official_exact	False	False	False	grey_not_a_network_block
SGTB	grey	54557	SGTB	unique_official_exact	False	False	False	grey_not_a_network_block
CCM2	grey	83605	CCM2	unique_official_exact	False	False	False	grey_not_a_network_block
ZNF697	grey	90874	ZNF697	unique_official_exact	False	False	False	grey_not_a_network_block
ARL16	grey	339231	ARL16	unique_official_exact	False	False	False	grey_not_a_network_block
CIAO2A	grey	84191	CIAO2A	unique_official_exact	False	False	False	grey_not_a_network_block
ZMYM6	grey	9204	ZMYM6	unique_official_exact	False	False	False	grey_not_a_network_block
HERC2P7	turquoise	100132101	HERC2P7	unique_official_exact	True	True	True	included
SLC35A3	grey	23443	SLC35A3	unique_official_exact	False	False	False	grey_not_a_network_block
ZNF14	grey	7561	ZNF14	unique_official_exact	False	False	False	grey_not_a_network_block
MTPAP	grey	55149	MTPAP	unique_official_exact	False	False	False	grey_not_a_network_block
NRDE2	grey	55051	NRDE2	unique_official_exact	False	False	False	grey_not_a_network_block
TMEM185A	grey	84548	TMEM185A	unique_official_exact	False	False	False	grey_not_a_network_block
AGK	grey	55750	AGK	unique_official_exact	False	False	False	grey_not_a_network_block
RNH1	grey	6050	RNH1	unique_official_exact	False	False	False	grey_not_a_network_block
ETV3	blue	2117	ETV3	unique_official_exact	True	True	True	included
COPS8	grey	10920	COPS8	unique_official_exact	False	False	False	grey_not_a_network_block
OPTN	grey	10133	OPTN	unique_official_exact	False	False	False	grey_not_a_network_block
GRK6	grey	2870	GRK6	unique_official_exact	False	False	False	grey_not_a_network_block
TCTN3	grey	26123	TCTN3	unique_official_exact	False	False	False	grey_not_a_network_block
LINC01140	grey	339524	LINC01140	unique_official_exact	False	False	False	grey_not_a_network_block
ARPC2	blue	10109	ARPC2	unique_official_exact	True	True	True	included
ATP6V1B2	blue	526	ATP6V1B2	unique_official_exact	True	True	True	included
ARHGAP17	turquoise	55114	ARHGAP17	unique_official_exact	True	True	True	included
MRPL50	grey	54534	MRPL50	unique_official_exact	False	False	False	grey_not_a_network_block
DOP1B	grey	9980	DOP1B	unique_official_exact	False	False	False	grey_not_a_network_block
FANCD2	grey	2177	FANCD2	unique_official_exact	False	False	False	grey_not_a_network_block
POM121	turquoise	9883	POM121	unique_official_exact	True	True	True	included
GPATCH8	brown	23131	GPATCH8	unique_official_exact	True	True	True	included
PCNX3	grey	399909	PCNX3	unique_official_exact	False	False	False	grey_not_a_network_block
CDC40	red	51362	CDC40	unique_official_exact	True	True	True	included
KRAS	brown	3845	KRAS	unique_official_exact	True	True	True	included
LSM6	turquoise	11157	LSM6	unique_official_exact	True	True	True	included
GLRX3	grey	10539	GLRX3	unique_official_exact	False	False	False	grey_not_a_network_block
ANXA9	brown	8416	ANXA9	unique_official_exact	True	True	True	included
NME4	yellow	4833	NME4	unique_official_exact	True	True	True	included
AXIN1	grey	8312	AXIN1	unique_official_exact	False	False	False	grey_not_a_network_block
ARHGEF18	grey	23370	ARHGEF18	unique_official_exact	False	False	False	grey_not_a_network_block
RAB10	red	10890	RAB10	unique_official_exact	True	True	True	included
HSD17B4	blue	3295	HSD17B4	unique_official_exact	True	True	True	included
ITM2B	blue	9445	ITM2B	unique_official_exact	True	True	True	included
TERF2	grey	7014	TERF2	unique_official_exact	False	False	False	grey_not_a_network_block
COL4A2	magenta	1284	COL4A2	unique_official_exact	True	True	True	included
CFAP410	turquoise	755	CFAP410	unique_official_exact	True	True	True	included
CDK2AP2	grey	10263	CDK2AP2	unique_official_exact	False	False	False	grey_not_a_network_block
NELFCD	grey	51497	NELFCD	unique_official_exact	False	False	False	grey_not_a_network_block
UBQLN2	red	29978	UBQLN2	unique_official_exact	True	True	True	included
TRAPPC10	grey	7109	TRAPPC10	unique_official_exact	False	False	False	grey_not_a_network_block
GNPNAT1	grey	64841	GNPNAT1	unique_official_exact	False	False	False	grey_not_a_network_block
LRRC47	grey	57470	LRRC47	unique_official_exact	False	False	False	grey_not_a_network_block
GNPAT	brown	8443	GNPAT	unique_official_exact	True	True	True	included
MTG1	turquoise	92170	MTG1	unique_official_exact	True	True	True	included
DAD1	grey	1603	DAD1	unique_official_exact	False	False	False	grey_not_a_network_block
PIAS2	grey	9063	PIAS2	unique_official_exact	False	False	False	grey_not_a_network_block
HEXD	turquoise	284004	HEXD	unique_official_exact	True	True	True	included
TMEM214	grey	54867	TMEM214	unique_official_exact	False	False	False	grey_not_a_network_block
TRAPPC12	grey	51112	TRAPPC12	unique_official_exact	False	False	False	grey_not_a_network_block
MRPL51	grey	51258	MRPL51	unique_official_exact	False	False	False	grey_not_a_network_block
LRIG3	grey	121227	LRIG3	unique_official_exact	False	False	False	grey_not_a_network_block
PSMB3	grey	5691	PSMB3	unique_official_exact	False	False	False	grey_not_a_network_block
LRRC37B	turquoise	114659	LRRC37B	unique_official_exact	True	True	True	included
CCDC142	turquoise	84865	CCDC142	unique_official_exact	True	True	True	included
SEPTIN8	blue	23176	SEPTIN8	unique_official_exact	True	True	True	included
TEX2	brown	55852	TEX2	unique_official_exact	True	True	True	included
UBTD1	yellow	80019	UBTD1	unique_official_exact	True	True	True	included
C6orf62	blue	81688	C6orf62	unique_official_exact	True	True	True	included
MAML1	grey	9794	MAML1	unique_official_exact	False	False	False	grey_not_a_network_block
FBXW5	black	54461	FBXW5	unique_official_exact	True	True	True	included
POLR1A	grey	25885	POLR1A	unique_official_exact	False	False	False	grey_not_a_network_block
ALDH16A1	grey	126133	ALDH16A1	unique_official_exact	False	False	False	grey_not_a_network_block
MIF4GD	grey	57409	MIF4GD	unique_official_exact	False	False	False	grey_not_a_network_block
SCARF2	green	91179	SCARF2	unique_official_exact	True	True	True	included
PWP2	grey	5822	PWP2	unique_official_exact	False	False	False	grey_not_a_network_block
ZNF148	grey	7707	ZNF148	unique_official_exact	False	False	False	grey_not_a_network_block
CYBC1	grey	79415	CYBC1	unique_official_exact	False	False	False	grey_not_a_network_block
TNFAIP8	grey	25816	TNFAIP8	unique_official_exact	False	False	False	grey_not_a_network_block
USP14	grey	9097	USP14	unique_official_exact	False	False	False	grey_not_a_network_block
STRN4	grey	29888	STRN4	unique_official_exact	False	False	False	grey_not_a_network_block
STX2	turquoise	2054	STX2	unique_official_exact	True	True	True	included
CYTIP	grey	9595	CYTIP	unique_official_exact	False	False	False	grey_not_a_network_block
SEC22C	grey	9117	SEC22C	unique_official_exact	False	False	False	grey_not_a_network_block
A2M	yellow	2	A2M	unique_official_exact	True	True	True	included
FABP5	grey	2171	FABP5	unique_official_exact	False	False	False	grey_not_a_network_block
SHB	black	6461	SHB	unique_official_exact	True	True	True	included
SMURF2	grey	64750	SMURF2	unique_official_exact	False	False	False	grey_not_a_network_block
SLC45A4	grey	57210	SLC45A4	unique_official_exact	False	False	False	grey_not_a_network_block
KIFC3	brown	3801	KIFC3	unique_official_exact	True	True	True	included
COLGALT1	grey	79709	COLGALT1	unique_official_exact	False	False	False	grey_not_a_network_block
ZBTB10	grey	65986	ZBTB10	unique_official_exact	False	False	False	grey_not_a_network_block
PHB1	red	5245	PHB1	unique_official_exact	True	True	True	included
SDAD1	grey	55153	SDAD1	unique_official_exact	False	False	False	grey_not_a_network_block
THOC7	grey	80145	THOC7	unique_official_exact	False	False	False	grey_not_a_network_block
CEBPG	yellow	1054	CEBPG	unique_official_exact	True	True	True	included
ZNF614	red	80110	ZNF614	unique_official_exact	True	True	True	included
DCXR	yellow	51181	DCXR	unique_official_exact	True	True	True	included
CCL13	blue	6357	CCL13	unique_official_exact	True	True	True	included
IRF3	turquoise	3661	IRF3	unique_official_exact	True	True	True	included
ZBED8L	grey	221786	ZBED8L	unique_official_exact	False	False	False	grey_not_a_network_block
TMCO1	grey	54499	TMCO1	unique_official_exact	False	False	False	grey_not_a_network_block
SPAAR	turquoise	158376	SPAAR	unique_official_exact	True	True	True	included
SIRT5	grey	23408	SIRT5	unique_official_exact	False	False	False	grey_not_a_network_block
PNMA8B	yellow	57469	PNMA8B	unique_official_exact	True	True	True	included
TRIM3	turquoise	10612	TRIM3	unique_official_exact	True	True	True	included
KCNA6	blue	3742	KCNA6	unique_official_exact	True	True	True	included
ABCB8	grey	11194	ABCB8	unique_official_exact	False	False	False	grey_not_a_network_block
DCTN3	grey	11258	DCTN3	unique_official_exact	False	False	False	grey_not_a_network_block
DLG4	grey	1742	DLG4	unique_official_exact	False	False	False	grey_not_a_network_block
BCKDHB	grey	594	BCKDHB	unique_official_exact	False	False	False	grey_not_a_network_block
PPP1R26	turquoise	9858	PPP1R26	unique_official_exact	True	True	True	included
CYB5D1	grey	124637	CYB5D1	unique_official_exact	False	False	False	grey_not_a_network_block
RTL8C	grey	8933	RTL8C	unique_official_exact	False	False	False	grey_not_a_network_block
ADCY3	grey	109	ADCY3	unique_official_exact	False	False	False	grey_not_a_network_block
ZNF264	grey	9422	ZNF264	unique_official_exact	False	False	False	grey_not_a_network_block
CUX1	brown	1523	CUX1	unique_official_exact	True	True	True	included
ALDH7A1	grey	501	ALDH7A1	unique_official_exact	False	False	False	grey_not_a_network_block
CRAT	yellow	1384	CRAT	unique_official_exact	True	True	True	included
GRIA2	turquoise	2891	GRIA2	unique_official_exact	True	True	True	included
TRIB2	green	28951	TRIB2	unique_official_exact	True	True	True	included
ARPC4	yellow	10093	ARPC4	unique_official_exact	True	True	True	included
ANKRD6	grey	22881	ANKRD6	unique_official_exact	False	False	False	grey_not_a_network_block
TULP3	brown	7289	TULP3	unique_official_exact	True	True	True	included
LINC00899	grey	100271722	LINC00899	unique_official_exact	False	False	False	grey_not_a_network_block
SEMA4F	magenta	10505	SEMA4F	unique_official_exact	True	True	True	included
PROSER1	grey	80209	PROSER1	unique_official_exact	False	False	False	grey_not_a_network_block
UMAD1	grey	729852	UMAD1	unique_official_exact	False	False	False	grey_not_a_network_block
ZNF329	grey	79673	ZNF329	unique_official_exact	False	False	False	grey_not_a_network_block
NEURL1	brown	9148	NEURL1	unique_official_exact	True	True	True	included
RASSF9	pink	9182	RASSF9	unique_official_exact	True	True	True	included
UBD	grey	10537	UBD	unique_official_exact	False	False	False	grey_not_a_network_block
TRIR	grey	79002	TRIR	unique_official_exact	False	False	False	grey_not_a_network_block
PPME1	grey	51400	PPME1	unique_official_exact	False	False	False	grey_not_a_network_block
MAP3K3	black	4215	MAP3K3	unique_official_exact	True	True	True	included
CSK	grey	1445	CSK	unique_official_exact	False	False	False	grey_not_a_network_block
ALDH3B1	grey	221	ALDH3B1	unique_official_exact	False	False	False	grey_not_a_network_block
MRI1	turquoise	84245	MRI1	unique_official_exact	True	True	True	included
SMOX	brown	54498	SMOX	unique_official_exact	True	True	True	included
BAIAP2-DT	grey	440465	BAIAP2-DT	unique_official_exact	False	False	False	grey_not_a_network_block
LDB1	turquoise	8861	LDB1	unique_official_exact	True	True	True	included
ABCB5	grey	340273	ABCB5	unique_official_exact	False	False	False	grey_not_a_network_block
RAB20	grey	55647	RAB20	unique_official_exact	False	False	False	grey_not_a_network_block
S100A1	grey	6271	S100A1	unique_official_exact	False	False	False	grey_not_a_network_block
C22orf46P	grey	79640	C22orf46P	unique_official_exact	False	False	False	grey_not_a_network_block
SLC35F6	blue	54978	SLC35F6	unique_official_exact	True	True	True	included
POPDC1	brown	11149	POPDC1	unique_official_exact	True	True	True	included
TRIM45	turquoise	80263	TRIM45	unique_official_exact	True	True	True	included
PHF21A	grey	51317	PHF21A	unique_official_exact	False	False	False	grey_not_a_network_block
PSMD10	grey	5716	PSMD10	unique_official_exact	False	False	False	grey_not_a_network_block
HDX	grey	139324	HDX	unique_official_exact	False	False	False	grey_not_a_network_block
SLAIN1	grey	122060	SLAIN1	unique_official_exact	False	False	False	grey_not_a_network_block
SCN3A	grey	6328	SCN3A	unique_official_exact	False	False	False	grey_not_a_network_block
ABHD14B	blue	84836	ABHD14B	unique_official_exact	True	True	True	included
EFTUD2	grey	9343	EFTUD2	unique_official_exact	False	False	False	grey_not_a_network_block
FYCO1	grey	79443	FYCO1	unique_official_exact	False	False	False	grey_not_a_network_block
PPIP5K1	turquoise	9677	PPIP5K1	unique_official_exact	True	True	True	included
CYP1B1-AS1	turquoise	285154	CYP1B1-AS1	unique_official_exact	True	True	True	included
BORCS5	grey	118426	BORCS5	unique_official_exact	False	False	False	grey_not_a_network_block
RGS9	brown	8787	RGS9	unique_official_exact	True	True	True	included
SDK1	pink	221935	SDK1	unique_official_exact	True	True	True	included
ITGB3BP	grey	23421	ITGB3BP	unique_official_exact	False	False	False	grey_not_a_network_block
XRN2	blue	22803	XRN2	unique_official_exact	True	True	True	included
AARS1	grey	16	AARS1	unique_official_exact	False	False	False	grey_not_a_network_block
INTS10	grey	55174	INTS10	unique_official_exact	False	False	False	grey_not_a_network_block
DPY30	grey	84661	DPY30	unique_official_exact	False	False	False	grey_not_a_network_block
PET100	grey	100131801	PET100	unique_official_exact	False	False	False	grey_not_a_network_block
RPS2	blue	6187	RPS2	unique_official_exact	True	True	True	included
ATRIP	grey	84126	ATRIP	unique_official_exact	False	False	False	grey_not_a_network_block
SDHAP3	turquoise	728609	SDHAP3	unique_official_exact	True	True	True	included
CFLAR	black	8837	CFLAR	unique_official_exact	True	True	True	included
GALNT18	turquoise	374378	GALNT18	unique_official_exact	True	True	True	included
KBTBD3	grey	143879	KBTBD3	unique_official_exact	False	False	False	grey_not_a_network_block
ABHD18	grey	80167	ABHD18	unique_official_exact	False	False	False	grey_not_a_network_block
PLAU	yellow	5328	PLAU	unique_official_exact	True	True	True	included
TTC3P1	grey	286495	TTC3P1	unique_official_exact	False	False	False	grey_not_a_network_block
TRIM52	turquoise	84851	TRIM52	unique_official_exact	True	True	True	included
CSTF1	grey	1477	CSTF1	unique_official_exact	False	False	False	grey_not_a_network_block
EXOSC9	grey	5393	EXOSC9	unique_official_exact	False	False	False	grey_not_a_network_block
EIF3K	grey	27335	EIF3K	unique_official_exact	False	False	False	grey_not_a_network_block
DARS1	grey	1615	DARS1	unique_official_exact	False	False	False	grey_not_a_network_block
PABPC4	blue	8761	PABPC4	unique_official_exact	True	True	True	included
TMUB2	grey	79089	TMUB2	unique_official_exact	False	False	False	grey_not_a_network_block
ACAD9	grey	28976	ACAD9	unique_official_exact	False	False	False	grey_not_a_network_block
SLC38A2	grey	54407	SLC38A2	unique_official_exact	False	False	False	grey_not_a_network_block
FAM222A	brown	84915	FAM222A	unique_official_exact	True	True	True	included
CHUK	grey	1147	CHUK	unique_official_exact	False	False	False	grey_not_a_network_block
SRRD	grey	402055	SRRD	unique_official_exact	False	False	False	grey_not_a_network_block
ZNF254	grey	9534	ZNF254	unique_official_exact	False	False	False	grey_not_a_network_block
CCDC32	grey	90416	CCDC32	unique_official_exact	False	False	False	grey_not_a_network_block
LRRC37A4P	grey	55073	LRRC37A4P	unique_official_exact	False	False	False	grey_not_a_network_block
ARL5A	red	26225	ARL5A	unique_official_exact	True	True	True	included
SUGP1	grey	57794	SUGP1	unique_official_exact	False	False	False	grey_not_a_network_block
SNAP47	grey	116841	SNAP47	unique_official_exact	False	False	False	grey_not_a_network_block
ZNF680	grey	340252	ZNF680	unique_official_exact	False	False	False	grey_not_a_network_block
ZNF10	turquoise	7556	ZNF10	unique_official_exact	True	True	True	included
ATP6V1E1	grey	529	ATP6V1E1	unique_official_exact	False	False	False	grey_not_a_network_block
DPM1	grey	8813	DPM1	unique_official_exact	False	False	False	grey_not_a_network_block
G2E3	grey	55632	G2E3	unique_official_exact	False	False	False	grey_not_a_network_block
CPED1	grey	79974	CPED1	unique_official_exact	False	False	False	grey_not_a_network_block
BANK1	grey	55024	BANK1	unique_official_exact	False	False	False	grey_not_a_network_block
NUCB1	blue	4924	NUCB1	unique_official_exact	True	True	True	included
MAVS	magenta	57506	MAVS	unique_official_exact	True	True	True	included
GALNT1	blue	2589	GALNT1	unique_official_exact	True	True	True	included
SPIN1	brown	10927	SPIN1	unique_official_exact	True	True	True	included
FASTKD5	grey	60493	FASTKD5	unique_official_exact	False	False	False	grey_not_a_network_block
HLA-F-AS1	turquoise	285830	HLA-F-AS1	unique_official_exact	True	True	True	included
KDM5A	grey	5927	KDM5A	unique_official_exact	False	False	False	grey_not_a_network_block
LSM4	grey	25804	LSM4	unique_official_exact	False	False	False	grey_not_a_network_block
KIF16B	grey	55614	KIF16B	unique_official_exact	False	False	False	grey_not_a_network_block
ITPRIPL2	blue	162073	ITPRIPL2	unique_official_exact	True	True	True	included
CYS1	green	192668	CYS1	unique_official_exact	True	True	True	included
AIFM1	grey	9131	AIFM1	unique_official_exact	False	False	False	grey_not_a_network_block
PURA	brown	5813	PURA	unique_official_exact	True	True	True	included
ARL1	blue	400	ARL1	unique_official_exact	True	True	True	included
GLS2	turquoise	27165	GLS2	unique_official_exact	True	True	True	included
TLR7	blue	51284	TLR7	unique_official_exact	True	True	True	included
MACIR	grey	90355	MACIR	unique_official_exact	False	False	False	grey_not_a_network_block
ZNF667-AS1	grey	100128252	ZNF667-AS1	unique_official_exact	False	False	False	grey_not_a_network_block
KCNQ4	turquoise	9132	KCNQ4	unique_official_exact	True	True	True	included
SERTAD2	grey	9792	SERTAD2	unique_official_exact	False	False	False	grey_not_a_network_block
ETFRF1	grey	144363	ETFRF1	unique_official_exact	False	False	False	grey_not_a_network_block
RFX5	grey	5993	RFX5	unique_official_exact	False	False	False	grey_not_a_network_block
RNF216	pink	54476	RNF216	unique_official_exact	True	True	True	included
DNAH14	grey	127602	DNAH14	unique_official_exact	False	False	False	grey_not_a_network_block
CCNI	red	10983	CCNI	unique_official_exact	True	True	True	included
PRMT7	brown	54496	PRMT7	unique_official_exact	True	True	True	included
PTBP2	turquoise	58155	PTBP2	unique_official_exact	True	True	True	included
MEGF10	brown	84466	MEGF10	unique_official_exact	True	True	True	included
LTBP4	green	8425	LTBP4	unique_official_exact	True	True	True	included
CASD1	grey	64921	CASD1	unique_official_exact	False	False	False	grey_not_a_network_block
PES1	grey	23481	PES1	unique_official_exact	False	False	False	grey_not_a_network_block
NRROS	grey	375387	NRROS	unique_official_exact	False	False	False	grey_not_a_network_block
CACNB3	grey	784	CACNB3	unique_official_exact	False	False	False	grey_not_a_network_block
DDX43	grey	55510	DDX43	unique_official_exact	False	False	False	grey_not_a_network_block
IMP3	grey	55272	IMP3	unique_official_exact	False	False	False	grey_not_a_network_block
LINC00472	turquoise	79940	LINC00472	unique_official_exact	True	True	True	included
LINC02603	turquoise	158257	LINC02603	unique_official_exact	True	True	True	included
SHMT2	grey	6472	SHMT2	unique_official_exact	False	False	False	grey_not_a_network_block
UFC1	grey	51506	UFC1	unique_official_exact	False	False	False	grey_not_a_network_block
CCDC85B	yellow	11007	CCDC85B	unique_official_exact	True	True	True	included
SLC25A12	pink	8604	SLC25A12	unique_official_exact	True	True	True	included
NINJ1	blue	4814	NINJ1	unique_official_exact	True	True	True	included
TOM1	blue	10043	TOM1	unique_official_exact	True	True	True	included
WDR5	grey	11091	WDR5	unique_official_exact	False	False	False	grey_not_a_network_block
ADAMTS6	turquoise	11174	ADAMTS6	unique_official_exact	True	True	True	included
EXOSC6	grey	118460	EXOSC6	unique_official_exact	False	False	False	grey_not_a_network_block
COL25A1	black	84570	COL25A1	unique_official_exact	True	True	True	included
CDCA7L	grey	55536	CDCA7L	unique_official_exact	False	False	False	grey_not_a_network_block
ADPRS	grey	54936	ADPRS	unique_official_exact	False	False	False	grey_not_a_network_block
ERCC1	grey	2067	ERCC1	unique_official_exact	False	False	False	grey_not_a_network_block
PLEKHH1	turquoise	57475	PLEKHH1	unique_official_exact	True	True	True	included
RAD52	turquoise	5893	RAD52	unique_official_exact	True	True	True	included
STX11	yellow	8676	STX11	unique_official_exact	True	True	True	included
ZNF219	magenta	51222	ZNF219	unique_official_exact	True	True	True	included
SPATA6	turquoise	54558	SPATA6	unique_official_exact	True	True	True	included
PTGDR	grey	5729	PTGDR	unique_official_exact	False	False	False	grey_not_a_network_block
SPCS3	grey	60559	SPCS3	unique_official_exact	False	False	False	grey_not_a_network_block
YAF2	turquoise	10138	YAF2	unique_official_exact	True	True	True	included
INTS9	grey	55756	INTS9	unique_official_exact	False	False	False	grey_not_a_network_block
ZNF512B	turquoise	57473	ZNF512B	unique_official_exact	True	True	True	included
INTS8	grey	55656	INTS8	unique_official_exact	False	False	False	grey_not_a_network_block
NUB1	grey	51667	NUB1	unique_official_exact	False	False	False	grey_not_a_network_block
CAMTA1	grey	23261	CAMTA1	unique_official_exact	False	False	False	grey_not_a_network_block
UBXN11	turquoise	91544	UBXN11	unique_official_exact	True	True	True	included
HIRIP3	grey	8479	HIRIP3	unique_official_exact	False	False	False	grey_not_a_network_block
CYP4F12	turquoise	66002	CYP4F12	unique_official_exact	True	True	True	included
UBE2N	grey	7334	UBE2N	unique_official_exact	False	False	False	grey_not_a_network_block
CPNE2	grey	221184	CPNE2	unique_official_exact	False	False	False	grey_not_a_network_block
MEOX2	green	4223	MEOX2	unique_official_exact	True	True	True	included
ZBTB7B	magenta	51043	ZBTB7B	unique_official_exact	True	True	True	included
FOXJ3	grey	22887	FOXJ3	unique_official_exact	False	False	False	grey_not_a_network_block
DGKE	turquoise	8526	DGKE	unique_official_exact	True	True	True	included
TBC1D20	yellow	128637	TBC1D20	unique_official_exact	True	True	True	included
ZCCHC10	grey	54819	ZCCHC10	unique_official_exact	False	False	False	grey_not_a_network_block
PLEKHA5	grey	54477	PLEKHA5	unique_official_exact	False	False	False	grey_not_a_network_block
INTU	turquoise	27152	INTU	unique_official_exact	True	True	True	included
ZNF197	green	10168	ZNF197	unique_official_exact	True	True	True	included
PCDHGB2	grey	56103	PCDHGB2	unique_official_exact	False	False	False	grey_not_a_network_block
CSNK2B	grey	1460	CSNK2B	unique_official_exact	False	False	False	grey_not_a_network_block
EIF4E	grey	1977	EIF4E	unique_official_exact	False	False	False	grey_not_a_network_block
MRAP2	grey	112609	MRAP2	unique_official_exact	False	False	False	grey_not_a_network_block
NDC1	grey	55706	NDC1	unique_official_exact	False	False	False	grey_not_a_network_block
CHSY3	black	337876	CHSY3	unique_official_exact	True	True	True	included
YIPF6	grey	286451	YIPF6	unique_official_exact	False	False	False	grey_not_a_network_block
HDAC3	grey	8841	HDAC3	unique_official_exact	False	False	False	grey_not_a_network_block
RHPN1	turquoise	114822	RHPN1	unique_official_exact	True	True	True	included
DTNB	grey	1838	DTNB	unique_official_exact	False	False	False	grey_not_a_network_block
SYNGAP1	grey	8831	SYNGAP1	unique_official_exact	False	False	False	grey_not_a_network_block
MEGF8	grey	1954	MEGF8	unique_official_exact	False	False	False	grey_not_a_network_block
EZH1	turquoise	2145	EZH1	unique_official_exact	True	True	True	included
ATG7	grey	10533	ATG7	unique_official_exact	False	False	False	grey_not_a_network_block
GAS2L1	grey	10634	GAS2L1	unique_official_exact	False	False	False	grey_not_a_network_block
RAD17	grey	5884	RAD17	unique_official_exact	False	False	False	grey_not_a_network_block
FGD5	black	152273	FGD5	unique_official_exact	True	True	True	included
PAPSS1	grey	9061	PAPSS1	unique_official_exact	False	False	False	grey_not_a_network_block
GPI	yellow	2821	GPI	unique_official_exact	True	True	True	included
UNC93B1	blue	81622	UNC93B1	unique_official_exact	True	True	True	included
BORCS6	grey	54785	BORCS6	unique_official_exact	False	False	False	grey_not_a_network_block
CTNND1	turquoise	1500	CTNND1	unique_official_exact	True	True	True	included
SRP9	grey	6726	SRP9	unique_official_exact	False	False	False	grey_not_a_network_block
HMBOX1	grey	79618	HMBOX1	unique_official_exact	False	False	False	grey_not_a_network_block
BABAM1	yellow	29086	BABAM1	unique_official_exact	True	True	True	included
UBR7	red	55148	UBR7	unique_official_exact	True	True	True	included
DDX27	grey	55661	DDX27	unique_official_exact	False	False	False	grey_not_a_network_block
ZNF618	brown	114991	ZNF618	unique_official_exact	True	True	True	included
MANBAL	grey	63905	MANBAL	unique_official_exact	False	False	False	grey_not_a_network_block
CLIC4	brown	25932	CLIC4	unique_official_exact	True	True	True	included
METTL13	grey	51603	METTL13	unique_official_exact	False	False	False	grey_not_a_network_block
PARL	grey	55486	PARL	unique_official_exact	False	False	False	grey_not_a_network_block
CHCHD6	green	84303	CHCHD6	unique_official_exact	True	True	True	included
CD37	grey	951	CD37	unique_official_exact	False	False	False	grey_not_a_network_block
POLN	grey	353497	POLN	unique_official_exact	False	False	False	grey_not_a_network_block
TMEM41B	green	440026	TMEM41B	unique_official_exact	True	True	True	included
FNDC4	yellow	64838	FNDC4	unique_official_exact	True	True	True	included
ABCA7	magenta	10347	ABCA7	unique_official_exact	True	True	True	included
COPS7B	turquoise	64708	COPS7B	unique_official_exact	True	True	True	included
ZBED8	grey	63920	ZBED8	unique_official_exact	False	False	False	grey_not_a_network_block
CCDC184	brown	387856	CCDC184	unique_official_exact	True	True	True	included
DRC8	grey	84288	DRC8	unique_official_exact	False	False	False	grey_not_a_network_block
ZFR	blue	51663	ZFR	unique_official_exact	True	True	True	included
BAG5	grey	9529	BAG5	unique_official_exact	False	False	False	grey_not_a_network_block
ZKSCAN3	grey	80317	ZKSCAN3	unique_official_exact	False	False	False	grey_not_a_network_block
ZNF253	grey	56242	ZNF253	unique_official_exact	False	False	False	grey_not_a_network_block
IARS1	grey	3376	IARS1	unique_official_exact	False	False	False	grey_not_a_network_block
PLEKHH3	grey	79990	PLEKHH3	unique_official_exact	False	False	False	grey_not_a_network_block
MRPS18A	grey	55168	MRPS18A	unique_official_exact	False	False	False	grey_not_a_network_block
FAF2	grey	23197	FAF2	unique_official_exact	False	False	False	grey_not_a_network_block
VANGL1	blue	81839	VANGL1	unique_official_exact	True	True	True	included
MAN1B1	grey	11253	MAN1B1	unique_official_exact	False	False	False	grey_not_a_network_block
NCOA5	grey	57727	NCOA5	unique_official_exact	False	False	False	grey_not_a_network_block
NECTIN3	red	25945	NECTIN3	unique_official_exact	True	True	True	included
ARFRP1	turquoise	10139	ARFRP1	unique_official_exact	True	True	True	included
RPL4	blue	6124	RPL4	unique_official_exact	True	True	True	included
ITIH4	turquoise	3700	ITIH4	unique_official_exact	True	True	True	included
IFT81	grey	28981	IFT81	unique_official_exact	False	False	False	grey_not_a_network_block
UBQLN1	blue	29979	UBQLN1	unique_official_exact	True	True	True	included
INKA2	grey	55924	INKA2	unique_official_exact	False	False	False	grey_not_a_network_block
DYM	grey	54808	DYM	unique_official_exact	False	False	False	grey_not_a_network_block
RASGRP1	grey	10125	RASGRP1	unique_official_exact	False	False	False	grey_not_a_network_block
SACM1L	grey	22908	SACM1L	unique_official_exact	False	False	False	grey_not_a_network_block
SH2B1	turquoise	25970	SH2B1	unique_official_exact	True	True	True	included
POLDIP3	brown	84271	POLDIP3	unique_official_exact	True	True	True	included
MRPS11	grey	64963	MRPS11	unique_official_exact	False	False	False	grey_not_a_network_block
HERC3	grey	8916	HERC3	unique_official_exact	False	False	False	grey_not_a_network_block
ZYG11B	grey	79699	ZYG11B	unique_official_exact	False	False	False	grey_not_a_network_block
ZNF274	grey	10782	ZNF274	unique_official_exact	False	False	False	grey_not_a_network_block
LGR4	grey	55366	LGR4	unique_official_exact	False	False	False	grey_not_a_network_block
ISLR2	grey	57611	ISLR2	unique_official_exact	False	False	False	grey_not_a_network_block
SLC35F5	grey	80255	SLC35F5	unique_official_exact	False	False	False	grey_not_a_network_block
ADRM1	blue	11047	ADRM1	unique_official_exact	True	True	True	included
UBE2I	grey	7329	UBE2I	unique_official_exact	False	False	False	grey_not_a_network_block
PRRC1	grey	133619	PRRC1	unique_official_exact	False	False	False	grey_not_a_network_block
VMA22	grey	84317	VMA22	unique_official_exact	False	False	False	grey_not_a_network_block
AMT	turquoise	275	AMT	unique_official_exact	True	True	True	included
CAMK2B	brown	816	CAMK2B	unique_official_exact	True	True	True	included
ZNF569	grey	148266	ZNF569	unique_official_exact	False	False	False	grey_not_a_network_block
NKX6-2	brown	84504	NKX6-2	unique_official_exact	True	True	True	included
TFE3	grey	7030	TFE3	unique_official_exact	False	False	False	grey_not_a_network_block
ZFAS1	grey	441951	ZFAS1	unique_official_exact	False	False	False	grey_not_a_network_block
NDUFA10	grey	4705	NDUFA10	unique_official_exact	False	False	False	grey_not_a_network_block
SCYL1	grey	57410	SCYL1	unique_official_exact	False	False	False	grey_not_a_network_block
MPHOSPH10	grey	10199	MPHOSPH10	unique_official_exact	False	False	False	grey_not_a_network_block
KIFC2	turquoise	90990	KIFC2	unique_official_exact	True	True	True	included
PRELID3B	grey	51012	PRELID3B	unique_official_exact	False	False	False	grey_not_a_network_block
CALCOCO1	turquoise	57658	CALCOCO1	unique_official_exact	True	True	True	included
TOB2	grey	10766	TOB2	unique_official_exact	False	False	False	grey_not_a_network_block
PPP5C	grey	5536	PPP5C	unique_official_exact	False	False	False	grey_not_a_network_block
DYRK1B	grey	9149	DYRK1B	unique_official_exact	False	False	False	grey_not_a_network_block
MET	red	4233	MET	unique_official_exact	True	True	True	included
ABCG2	grey	9429	ABCG2	unique_official_exact	False	False	False	grey_not_a_network_block
KCTD3	grey	51133	KCTD3	unique_official_exact	False	False	False	grey_not_a_network_block
HID1	black	283987	HID1	unique_official_exact	True	True	True	included
ANP32B	grey	10541	ANP32B	unique_official_exact	False	False	False	grey_not_a_network_block
LDLRAD2	black	401944	LDLRAD2	unique_official_exact	True	True	True	included
POFUT1	blue	23509	POFUT1	unique_official_exact	True	True	True	included
GPAA1	grey	8733	GPAA1	unique_official_exact	False	False	False	grey_not_a_network_block
IRF6	grey	3664	IRF6	unique_official_exact	False	False	False	grey_not_a_network_block
ZNF644	brown	84146	ZNF644	unique_official_exact	True	True	True	included
FUOM	grey	282969	FUOM	unique_official_exact	False	False	False	grey_not_a_network_block
ASTE1	grey	28990	ASTE1	unique_official_exact	False	False	False	grey_not_a_network_block
R3HDM2	brown	22864	R3HDM2	unique_official_exact	True	True	True	included
POU6F1	turquoise	5463	POU6F1	unique_official_exact	True	True	True	included
ALG13	turquoise	79868	ALG13	unique_official_exact	True	True	True	included
DIAPH2	grey	1730	DIAPH2	unique_official_exact	False	False	False	grey_not_a_network_block
ZNF562	grey	54811	ZNF562	unique_official_exact	False	False	False	grey_not_a_network_block
RNF146	grey	81847	RNF146	unique_official_exact	False	False	False	grey_not_a_network_block
EFCAB7	grey	84455	EFCAB7	unique_official_exact	False	False	False	grey_not_a_network_block
CAMTA2	grey	23125	CAMTA2	unique_official_exact	False	False	False	grey_not_a_network_block
OCRL	green	4952	OCRL	unique_official_exact	True	True	True	included
PNKP	turquoise	11284	PNKP	unique_official_exact	True	True	True	included
NLGN2	grey	57555	NLGN2	unique_official_exact	False	False	False	grey_not_a_network_block
POLR2K	grey	5440	POLR2K	unique_official_exact	False	False	False	grey_not_a_network_block
SERINC1	blue	57515	SERINC1	unique_official_exact	True	True	True	included
CAMSAP1	grey	157922	CAMSAP1	unique_official_exact	False	False	False	grey_not_a_network_block
NADSYN1	grey	55191	NADSYN1	unique_official_exact	False	False	False	grey_not_a_network_block
LINC00630	grey	100287765	LINC00630	unique_official_exact	False	False	False	grey_not_a_network_block
ARMC6	grey	93436	ARMC6	unique_official_exact	False	False	False	grey_not_a_network_block
ZNF496	grey	84838	ZNF496	unique_official_exact	False	False	False	grey_not_a_network_block
EPM2A	grey	7957	EPM2A	unique_official_exact	False	False	False	grey_not_a_network_block
PIBF1	turquoise	10464	PIBF1	unique_official_exact	True	True	True	included
TIGAR	grey	57103	TIGAR	unique_official_exact	False	False	False	grey_not_a_network_block
RNF25	grey	64320	RNF25	unique_official_exact	False	False	False	grey_not_a_network_block
ROCK1	turquoise	6093	ROCK1	unique_official_exact	True	True	True	included
SETD6	grey	79918	SETD6	unique_official_exact	False	False	False	grey_not_a_network_block
NDUFS4	grey	4724	NDUFS4	unique_official_exact	False	False	False	grey_not_a_network_block
NID1	green	4811	NID1	unique_official_exact	True	True	True	included
FADD	grey	8772	FADD	unique_official_exact	False	False	False	grey_not_a_network_block
RSAD1	grey	55316	RSAD1	unique_official_exact	False	False	False	grey_not_a_network_block
COMMD2	grey	51122	COMMD2	unique_official_exact	False	False	False	grey_not_a_network_block
INSIG2	grey	51141	INSIG2	unique_official_exact	False	False	False	grey_not_a_network_block
CELF2-AS2	turquoise	439950	CELF2-AS2	unique_official_exact	True	True	True	included
NLK	grey	51701	NLK	unique_official_exact	False	False	False	grey_not_a_network_block
KLHL42	grey	57542	KLHL42	unique_official_exact	False	False	False	grey_not_a_network_block
CBFB	grey	865	CBFB	unique_official_exact	False	False	False	grey_not_a_network_block
HABP4	grey	22927	HABP4	unique_official_exact	False	False	False	grey_not_a_network_block
RBPMS2	pink	348093	RBPMS2	unique_official_exact	True	True	True	included
DMXL1	turquoise	1657	DMXL1	unique_official_exact	True	True	True	included
TADA2A	grey	6871	TADA2A	unique_official_exact	False	False	False	grey_not_a_network_block
GALNS	grey	2588	GALNS	unique_official_exact	False	False	False	grey_not_a_network_block
CLN3	grey	1201	CLN3	unique_official_exact	False	False	False	grey_not_a_network_block
THEM6	grey	51337	THEM6	unique_official_exact	False	False	False	grey_not_a_network_block
RHOJ	brown	57381	RHOJ	unique_official_exact	True	True	True	included
MVD	grey	4597	MVD	unique_official_exact	False	False	False	grey_not_a_network_block
EPHX2	grey	2053	EPHX2	unique_official_exact	False	False	False	grey_not_a_network_block
DOC2B	grey	8447	DOC2B	unique_official_exact	False	False	False	grey_not_a_network_block
DACT2	grey	168002	DACT2	unique_official_exact	False	False	False	grey_not_a_network_block
PNKD	grey	25953	PNKD	unique_official_exact	False	False	False	grey_not_a_network_block
VPS9D1	grey	9605	VPS9D1	unique_official_exact	False	False	False	grey_not_a_network_block
ADPGK	grey	83440	ADPGK	unique_official_exact	False	False	False	grey_not_a_network_block
TRIM21	red	6737	TRIM21	unique_official_exact	True	True	True	included
MRPL9	grey	65005	MRPL9	unique_official_exact	False	False	False	grey_not_a_network_block
ATP6V0C	blue	527	ATP6V0C	unique_official_exact	True	True	True	included
GTF2F1	blue	2962	GTF2F1	unique_official_exact	True	True	True	included
PIM2	grey	11040	PIM2	unique_official_exact	False	False	False	grey_not_a_network_block
DARS2	grey	55157	DARS2	unique_official_exact	False	False	False	grey_not_a_network_block
WRN	grey	7486	WRN	unique_official_exact	False	False	False	grey_not_a_network_block
PLPP5	turquoise	84513	PLPP5	unique_official_exact	True	True	True	included
EDA	green	1896	EDA	unique_official_exact	True	True	True	included
CHD3	green	1107	CHD3	unique_official_exact	True	True	True	included
RBM34	grey	23029	RBM34	unique_official_exact	False	False	False	grey_not_a_network_block
SLC12A4	turquoise	6560	SLC12A4	unique_official_exact	True	True	True	included
AGPAT1	grey	10554	AGPAT1	unique_official_exact	False	False	False	grey_not_a_network_block
MOV10	turquoise	4343	MOV10	unique_official_exact	True	True	True	included
LOXL3	grey	84695	LOXL3	unique_official_exact	False	False	False	grey_not_a_network_block
CDIPT	grey	10423	CDIPT	unique_official_exact	False	False	False	grey_not_a_network_block
TPT1	blue	7178	TPT1	unique_official_exact	True	True	True	included
TAF10	grey	6881	TAF10	unique_official_exact	False	False	False	grey_not_a_network_block
IFNGR1	blue	3459	IFNGR1	unique_official_exact	True	True	True	included
NDUFA6	grey	4700	NDUFA6	unique_official_exact	False	False	False	grey_not_a_network_block
KMT2D	turquoise	8085	KMT2D	unique_official_exact	True	True	True	included
TSEN54	grey	283989	TSEN54	unique_official_exact	False	False	False	grey_not_a_network_block
HNRNPD	grey	3184	HNRNPD	unique_official_exact	False	False	False	grey_not_a_network_block
MICU3	turquoise	286097	MICU3	unique_official_exact	True	True	True	included
SLC38A10	yellow	124565	SLC38A10	unique_official_exact	True	True	True	included
ZCCHC3	grey	85364	ZCCHC3	unique_official_exact	False	False	False	grey_not_a_network_block
MSMO1	grey	6307	MSMO1	unique_official_exact	False	False	False	grey_not_a_network_block
NCOA1	grey	8648	NCOA1	unique_official_exact	False	False	False	grey_not_a_network_block
FBXO8	grey	26269	FBXO8	unique_official_exact	False	False	False	grey_not_a_network_block
ICE1	turquoise	23379	ICE1	unique_official_exact	True	True	True	included
PDCL	grey	5082	PDCL	unique_official_exact	False	False	False	grey_not_a_network_block
KLK10	grey	5655	KLK10	unique_official_exact	False	False	False	grey_not_a_network_block
UTRN	turquoise	7402	UTRN	unique_official_exact	True	True	True	included
CDC23	grey	8697	CDC23	unique_official_exact	False	False	False	grey_not_a_network_block
MKLN1	grey	4289	MKLN1	unique_official_exact	False	False	False	grey_not_a_network_block
EI24	blue	9538	EI24	unique_official_exact	True	True	True	included
WIPF2	grey	147179	WIPF2	unique_official_exact	False	False	False	grey_not_a_network_block
UBE3C	grey	9690	UBE3C	unique_official_exact	False	False	False	grey_not_a_network_block
ATP5MG	grey	10632	ATP5MG	unique_official_exact	False	False	False	grey_not_a_network_block
PCLO	grey	27445	PCLO	unique_official_exact	False	False	False	grey_not_a_network_block
EIF3E	blue	3646	EIF3E	unique_official_exact	True	True	True	included
FDPSP2	turquoise	619190	FDPSP2	unique_official_exact	True	True	True	included
TMEM183A	brown	92703	TMEM183A	unique_official_exact	True	True	True	included
POLG	grey	5428	POLG	unique_official_exact	False	False	False	grey_not_a_network_block
COMMD1	grey	150684	COMMD1	unique_official_exact	False	False	False	grey_not_a_network_block
MAP3K2	grey	10746	MAP3K2	unique_official_exact	False	False	False	grey_not_a_network_block
RALB	blue	5899	RALB	unique_official_exact	True	True	True	included
IPPK	turquoise	64768	IPPK	unique_official_exact	True	True	True	included
ROBO2	grey	6092	ROBO2	unique_official_exact	False	False	False	grey_not_a_network_block
PEX2	grey	5828	PEX2	unique_official_exact	False	False	False	grey_not_a_network_block
HADH	yellow	3033	HADH	unique_official_exact	True	True	True	included
THAP1	grey	55145	THAP1	unique_official_exact	False	False	False	grey_not_a_network_block
CEP128	turquoise	145508	CEP128	unique_official_exact	True	True	True	included
DBH	turquoise	1621	DBH	unique_official_exact	True	True	True	included
EIF1AY	grey	9086	EIF1AY	unique_official_exact	False	False	False	grey_not_a_network_block
RRAGB	grey	10325	RRAGB	unique_official_exact	False	False	False	grey_not_a_network_block
EIF5A	blue	1984	EIF5A	unique_official_exact	True	True	True	included
MYNN	grey	55892	MYNN	unique_official_exact	False	False	False	grey_not_a_network_block
ZNF746	grey	155061	ZNF746	unique_official_exact	False	False	False	grey_not_a_network_block
KCNJ16	red	3773	KCNJ16	unique_official_exact	True	True	True	included
LAMTOR4	grey	389541	LAMTOR4	unique_official_exact	False	False	False	grey_not_a_network_block
GLT8D1	grey	55830	GLT8D1	unique_official_exact	False	False	False	grey_not_a_network_block
GTF2IRD1	grey	9569	GTF2IRD1	unique_official_exact	False	False	False	grey_not_a_network_block
MICU2	grey	221154	MICU2	unique_official_exact	False	False	False	grey_not_a_network_block
GTF2E1	yellow	2960	GTF2E1	unique_official_exact	True	True	True	included
MBD4	grey	8930	MBD4	unique_official_exact	False	False	False	grey_not_a_network_block
DELE1	grey	9812	DELE1	unique_official_exact	False	False	False	grey_not_a_network_block
RGS2	blue	5997	RGS2	unique_official_exact	True	True	True	included
MLLT6	turquoise	4302	MLLT6	unique_official_exact	True	True	True	included
SGF29	grey	112869	SGF29	unique_official_exact	False	False	False	grey_not_a_network_block
UBE2L3	grey	7332	UBE2L3	unique_official_exact	False	False	False	grey_not_a_network_block
PALD1	grey	27143	PALD1	unique_official_exact	False	False	False	grey_not_a_network_block
MSRB1	grey	51734	MSRB1	unique_official_exact	False	False	False	grey_not_a_network_block
MANF	grey	7873	MANF	unique_official_exact	False	False	False	grey_not_a_network_block
FERMT2	grey	10979	FERMT2	unique_official_exact	False	False	False	grey_not_a_network_block
LAT2	blue	7462	LAT2	unique_official_exact	True	True	True	included
PCDHB8	grey	56128	PCDHB8	unique_official_exact	False	False	False	grey_not_a_network_block
CDKL5	grey	6792	CDKL5	unique_official_exact	False	False	False	grey_not_a_network_block
PIP5K1C	grey	23396	PIP5K1C	unique_official_exact	False	False	False	grey_not_a_network_block
PITPNC1	yellow	26207	PITPNC1	unique_official_exact	True	True	True	included
MAF1	grey	84232	MAF1	unique_official_exact	False	False	False	grey_not_a_network_block
HEMK2	turquoise	29104	HEMK2	unique_official_exact	True	True	True	included
RIC1	grey	57589	RIC1	unique_official_exact	False	False	False	grey_not_a_network_block
PABIR2	grey	159090	PABIR2	unique_official_exact	False	False	False	grey_not_a_network_block
ST13	blue	6767	ST13	unique_official_exact	True	True	True	included
GDAP1	grey	54332	GDAP1	unique_official_exact	False	False	False	grey_not_a_network_block
UNC13B	turquoise	10497	UNC13B	unique_official_exact	True	True	True	included
EVL	grey	51466	EVL	unique_official_exact	False	False	False	grey_not_a_network_block
MAD1L1	grey	8379	MAD1L1	unique_official_exact	False	False	False	grey_not_a_network_block
UFL1	grey	23376	UFL1	unique_official_exact	False	False	False	grey_not_a_network_block
SMNDC1	green	10285	SMNDC1	unique_official_exact	True	True	True	included
SEC63	red	11231	SEC63	unique_official_exact	True	True	True	included
GART	grey	2618	GART	unique_official_exact	False	False	False	grey_not_a_network_block
CPSF7	turquoise	79869	CPSF7	unique_official_exact	True	True	True	included
DPH3	yellow	285381	DPH3	unique_official_exact	True	True	True	included
TAPT1	grey	202018	TAPT1	unique_official_exact	False	False	False	grey_not_a_network_block
SHISA2	green	387914	SHISA2	unique_official_exact	True	True	True	included
PIGS	grey	94005	PIGS	unique_official_exact	False	False	False	grey_not_a_network_block
SNTA1	black	6640	SNTA1	unique_official_exact	True	True	True	included
AP3M1	grey	26985	AP3M1	unique_official_exact	False	False	False	grey_not_a_network_block
ZNF800	grey	168850	ZNF800	unique_official_exact	False	False	False	grey_not_a_network_block
TM9SF2	red	9375	TM9SF2	unique_official_exact	True	True	True	included
ZBTB26	grey	57684	ZBTB26	unique_official_exact	False	False	False	grey_not_a_network_block
PJA1	grey	64219	PJA1	unique_official_exact	False	False	False	grey_not_a_network_block
IRF2	grey	3660	IRF2	unique_official_exact	False	False	False	grey_not_a_network_block
INSYN2A	turquoise	642938	INSYN2A	unique_official_exact	True	True	True	included
GNE	grey	10020	GNE	unique_official_exact	False	False	False	grey_not_a_network_block
NSUN2	grey	54888	NSUN2	unique_official_exact	False	False	False	grey_not_a_network_block
RELCH	turquoise	57614	RELCH	unique_official_exact	True	True	True	included
SH2D4A	grey	63898	SH2D4A	unique_official_exact	False	False	False	grey_not_a_network_block
ECSIT	grey	51295	ECSIT	unique_official_exact	False	False	False	grey_not_a_network_block
UBE2O	grey	63893	UBE2O	unique_official_exact	False	False	False	grey_not_a_network_block
PDGFA	brown	5154	PDGFA	unique_official_exact	True	True	True	included
PGAM5	grey	192111	PGAM5	unique_official_exact	False	False	False	grey_not_a_network_block
NUP35	grey	129401	NUP35	unique_official_exact	False	False	False	grey_not_a_network_block
METTL8	grey	79828	METTL8	unique_official_exact	False	False	False	grey_not_a_network_block
MYO9A	brown	4649	MYO9A	unique_official_exact	True	True	True	included
GMDS-DT	grey	100508120	GMDS-DT	unique_official_exact	False	False	False	grey_not_a_network_block
RAB22A	grey	57403	RAB22A	unique_official_exact	False	False	False	grey_not_a_network_block
PEX13	grey	5194	PEX13	unique_official_exact	False	False	False	grey_not_a_network_block
RNF187	blue	149603	RNF187	unique_official_exact	True	True	True	included
IRAK1	blue	3654	IRAK1	unique_official_exact	True	True	True	included
SFXN5	brown	94097	SFXN5	unique_official_exact	True	True	True	included
STARD10	grey	10809	STARD10	unique_official_exact	False	False	False	grey_not_a_network_block
DENND1B	grey	163486	DENND1B	unique_official_exact	False	False	False	grey_not_a_network_block
PAICS	grey	10606	PAICS	unique_official_exact	False	False	False	grey_not_a_network_block
ARAF	grey	369	ARAF	unique_official_exact	False	False	False	grey_not_a_network_block
CDS2	green	8760	CDS2	unique_official_exact	True	True	True	included
ITFG1	grey	81533	ITFG1	unique_official_exact	False	False	False	grey_not_a_network_block
TMLHE	grey	55217	TMLHE	unique_official_exact	False	False	False	grey_not_a_network_block
ZNF566	grey	84924	ZNF566	unique_official_exact	False	False	False	grey_not_a_network_block
BTN2A3P	turquoise	54718	BTN2A3P	unique_official_exact	True	True	True	included
HDHD2	grey	84064	HDHD2	unique_official_exact	False	False	False	grey_not_a_network_block
ATP5MC2	grey	517	ATP5MC2	unique_official_exact	False	False	False	grey_not_a_network_block
ZDHHC16	grey	84287	ZDHHC16	unique_official_exact	False	False	False	grey_not_a_network_block
ZNF701	grey	55762	ZNF701	unique_official_exact	False	False	False	grey_not_a_network_block
TMEM138	grey	51524	TMEM138	unique_official_exact	False	False	False	grey_not_a_network_block
CTDSPL2	red	51496	CTDSPL2	unique_official_exact	True	True	True	included
MCCC2	grey	64087	MCCC2	unique_official_exact	False	False	False	grey_not_a_network_block
PATL1	grey	219988	PATL1	unique_official_exact	False	False	False	grey_not_a_network_block
RAB9B	grey	51209	RAB9B	unique_official_exact	False	False	False	grey_not_a_network_block
SNHG5	grey	387066	SNHG5	unique_official_exact	False	False	False	grey_not_a_network_block
PRAP1	green	118471	PRAP1	unique_official_exact	True	True	True	included
LOC730101	grey	730101	LOC730101	unique_official_exact	False	False	False	grey_not_a_network_block
RAB28	grey	9364	RAB28	unique_official_exact	False	False	False	grey_not_a_network_block
MYG1	grey	60314	MYG1	unique_official_exact	False	False	False	grey_not_a_network_block
BCCIP	grey	56647	BCCIP	unique_official_exact	False	False	False	grey_not_a_network_block
TMEM59	blue	9528	TMEM59	unique_official_exact	True	True	True	included
FIGNL1	grey	63979	FIGNL1	unique_official_exact	False	False	False	grey_not_a_network_block
MOK	green	5891	MOK	unique_official_exact	True	True	True	included
HTR7P1	yellow	93164	HTR7P1	unique_official_exact	True	True	True	included
THUMPD1	grey	55623	THUMPD1	unique_official_exact	False	False	False	grey_not_a_network_block
SARDH	grey	1757	SARDH	unique_official_exact	False	False	False	grey_not_a_network_block
CKAP5	grey	9793	CKAP5	unique_official_exact	False	False	False	grey_not_a_network_block
GTF3C6	grey	112495	GTF3C6	unique_official_exact	False	False	False	grey_not_a_network_block
HSBP1	grey	3281	HSBP1	unique_official_exact	False	False	False	grey_not_a_network_block
RAD54L2	grey	23132	RAD54L2	unique_official_exact	False	False	False	grey_not_a_network_block
NPC1	brown	4864	NPC1	unique_official_exact	True	True	True	included
CTSZ	blue	1522	CTSZ	unique_official_exact	True	True	True	included
STK32B	grey	55351	STK32B	unique_official_exact	False	False	False	grey_not_a_network_block
WASHC5	magenta	9897	WASHC5	unique_official_exact	True	True	True	included
BCAS3	grey	54828	BCAS3	unique_official_exact	False	False	False	grey_not_a_network_block
MCM5	grey	4174	MCM5	unique_official_exact	False	False	False	grey_not_a_network_block
CTNND2	brown	1501	CTNND2	unique_official_exact	True	True	True	included
PI4KAP1	turquoise	728233	PI4KAP1	unique_official_exact	True	True	True	included
NUTF2	grey	10204	NUTF2	unique_official_exact	False	False	False	grey_not_a_network_block
FAM171A1	brown	221061	FAM171A1	unique_official_exact	True	True	True	included
NR1H2	yellow	7376	NR1H2	unique_official_exact	True	True	True	included
WDR33	grey	55339	WDR33	unique_official_exact	False	False	False	grey_not_a_network_block
RNF111	grey	54778	RNF111	unique_official_exact	False	False	False	grey_not_a_network_block
RASA3	grey	22821	RASA3	unique_official_exact	False	False	False	grey_not_a_network_block
PXN	pink	5829	PXN	unique_official_exact	True	True	True	included
SMG8	grey	55181	SMG8	unique_official_exact	False	False	False	grey_not_a_network_block
WDR48	grey	57599	WDR48	unique_official_exact	False	False	False	grey_not_a_network_block
CRADD	grey	8738	CRADD	unique_official_exact	False	False	False	grey_not_a_network_block
SUN2	black	25777	SUN2	unique_official_exact	True	True	True	included
BBS4	green	585	BBS4	unique_official_exact	True	True	True	included
GSK3B	grey	2932	GSK3B	unique_official_exact	False	False	False	grey_not_a_network_block
XXYLT1	grey	152002	XXYLT1	unique_official_exact	False	False	False	grey_not_a_network_block
EFEMP2	blue	30008	EFEMP2	unique_official_exact	True	True	True	included
BAHD1	grey	22893	BAHD1	unique_official_exact	False	False	False	grey_not_a_network_block
PACS1	grey	55690	PACS1	unique_official_exact	False	False	False	grey_not_a_network_block
TMA7	red	51372	TMA7	unique_official_exact	True	True	True	included
PDCD2	grey	5134	PDCD2	unique_official_exact	False	False	False	grey_not_a_network_block
TNFRSF11B	grey	4982	TNFRSF11B	unique_official_exact	False	False	False	grey_not_a_network_block
GOLGA7B	green	401647	GOLGA7B	unique_official_exact	True	True	True	included
NAA35	grey	60560	NAA35	unique_official_exact	False	False	False	grey_not_a_network_block
ZNF543	grey	125919	ZNF543	unique_official_exact	False	False	False	grey_not_a_network_block
DOK1	yellow	1796	DOK1	unique_official_exact	True	True	True	included
CARMIL1	grey	55604	CARMIL1	unique_official_exact	False	False	False	grey_not_a_network_block
MORC4	grey	79710	MORC4	unique_official_exact	False	False	False	grey_not_a_network_block
EXOC8	grey	149371	EXOC8	unique_official_exact	False	False	False	grey_not_a_network_block
ABHD6	grey	57406	ABHD6	unique_official_exact	False	False	False	grey_not_a_network_block
DCTN4	yellow	51164	DCTN4	unique_official_exact	True	True	True	included
MTERF2	grey	80298	MTERF2	unique_official_exact	False	False	False	grey_not_a_network_block
GDF11	brown	10220	GDF11	unique_official_exact	True	True	True	included
DMGDH	grey	29958	DMGDH	unique_official_exact	False	False	False	grey_not_a_network_block
THOP1	grey	7064	THOP1	unique_official_exact	False	False	False	grey_not_a_network_block
AGO4	grey	192670	AGO4	unique_official_exact	False	False	False	grey_not_a_network_block
ZBTB34	grey	403341	ZBTB34	unique_official_exact	False	False	False	grey_not_a_network_block
SELENOH	grey	280636	SELENOH	unique_official_exact	False	False	False	grey_not_a_network_block
TMEM192	grey	201931	TMEM192	unique_official_exact	False	False	False	grey_not_a_network_block
UBE2Z	grey	65264	UBE2Z	unique_official_exact	False	False	False	grey_not_a_network_block
EMP2	brown	2013	EMP2	unique_official_exact	True	True	True	included
PIKFYVE	grey	200576	PIKFYVE	unique_official_exact	False	False	False	grey_not_a_network_block
EPHA4	black	2043	EPHA4	unique_official_exact	True	True	True	included
AGPAT5	grey	55326	AGPAT5	unique_official_exact	False	False	False	grey_not_a_network_block
PHKB	grey	5257	PHKB	unique_official_exact	False	False	False	grey_not_a_network_block
TSR2	red	90121	TSR2	unique_official_exact	True	True	True	included
IST1	grey	9798	IST1	unique_official_exact	False	False	False	grey_not_a_network_block
IPO7	blue	10527	IPO7	unique_official_exact	True	True	True	included
SMPD4	grey	55627	SMPD4	unique_official_exact	False	False	False	grey_not_a_network_block
POLD3	grey	10714	POLD3	unique_official_exact	False	False	False	grey_not_a_network_block
IRF7	grey	3665	IRF7	unique_official_exact	False	False	False	grey_not_a_network_block
NPLOC4	grey	55666	NPLOC4	unique_official_exact	False	False	False	grey_not_a_network_block
TBC1D10B	blue	26000	TBC1D10B	unique_official_exact	True	True	True	included
PRMT2	turquoise	3275	PRMT2	unique_official_exact	True	True	True	included
CD28	blue	940	CD28	unique_official_exact	True	True	True	included
DEF8	grey	54849	DEF8	unique_official_exact	False	False	False	grey_not_a_network_block
C1orf52	grey	148423	C1orf52	unique_official_exact	False	False	False	grey_not_a_network_block
TMSB10	grey	9168	TMSB10	unique_official_exact	False	False	False	grey_not_a_network_block
PDCD6	grey	10016	PDCD6	unique_official_exact	False	False	False	grey_not_a_network_block
TARDBP	grey	23435	TARDBP	unique_official_exact	False	False	False	grey_not_a_network_block
RCBTB1	grey	55213	RCBTB1	unique_official_exact	False	False	False	grey_not_a_network_block
GFPT1	yellow	2673	GFPT1	unique_official_exact	True	True	True	included
PPM1A	grey	5494	PPM1A	unique_official_exact	False	False	False	grey_not_a_network_block
CSNK1G2	turquoise	1455	CSNK1G2	unique_official_exact	True	True	True	included
HEATR3	grey	55027	HEATR3	unique_official_exact	False	False	False	grey_not_a_network_block
CHAF1A	grey	10036	CHAF1A	unique_official_exact	False	False	False	grey_not_a_network_block
FN3KRP	grey	79672	FN3KRP	unique_official_exact	False	False	False	grey_not_a_network_block
H2AC8	red	3012	H2AC8	unique_official_exact	True	True	True	included
MTFR1	grey	9650	MTFR1	unique_official_exact	False	False	False	grey_not_a_network_block
ZNF696	grey	79943	ZNF696	unique_official_exact	False	False	False	grey_not_a_network_block
GNG4	brown	2786	GNG4	unique_official_exact	True	True	True	included
NKIRAS2	yellow	28511	NKIRAS2	unique_official_exact	True	True	True	included
CCDC170	blue	80129	CCDC170	unique_official_exact	True	True	True	included
SWAP70	grey	23075	SWAP70	unique_official_exact	False	False	False	grey_not_a_network_block
ZNF26	grey	7574	ZNF26	unique_official_exact	False	False	False	grey_not_a_network_block
HIVEP2	blue	3097	HIVEP2	unique_official_exact	True	True	True	included
NUP42	grey	11097	NUP42	unique_official_exact	False	False	False	grey_not_a_network_block
NUCLEOLIN	green	4691	NUCLEOLIN	unique_official_exact	True	True	True	included
SEPTIN10	brown	151011	SEPTIN10	unique_official_exact	True	True	True	included
MADD	grey	8567	MADD	unique_official_exact	False	False	False	grey_not_a_network_block
KCTD2	grey	23510	KCTD2	unique_official_exact	False	False	False	grey_not_a_network_block
CNNM3	brown	26505	CNNM3	unique_official_exact	True	True	True	included
ZDHHC3	grey	51304	ZDHHC3	unique_official_exact	False	False	False	grey_not_a_network_block
MRPL18	grey	29074	MRPL18	unique_official_exact	False	False	False	grey_not_a_network_block
SLC9A1	grey	6548	SLC9A1	unique_official_exact	False	False	False	grey_not_a_network_block
TSC22D2	magenta	9819	TSC22D2	unique_official_exact	True	True	True	included
GPX2	turquoise	2877	GPX2	unique_official_exact	True	True	True	included
ACP1	grey	52	ACP1	unique_official_exact	False	False	False	grey_not_a_network_block
SMIM13	brown	221710	SMIM13	unique_official_exact	True	True	True	included
TRUB2	grey	26995	TRUB2	unique_official_exact	False	False	False	grey_not_a_network_block
ARID3A	grey	1820	ARID3A	unique_official_exact	False	False	False	grey_not_a_network_block
RBM42	grey	79171	RBM42	unique_official_exact	False	False	False	grey_not_a_network_block
STXBP1	yellow	6812	STXBP1	unique_official_exact	True	True	True	included
RPE	grey	6120	RPE	unique_official_exact	False	False	False	grey_not_a_network_block
DCLRE1C	grey	64421	DCLRE1C	unique_official_exact	False	False	False	grey_not_a_network_block
SCFD2	grey	152579	SCFD2	unique_official_exact	False	False	False	grey_not_a_network_block
SLC25A51	grey	92014	SLC25A51	unique_official_exact	False	False	False	grey_not_a_network_block
AK2	turquoise	204	AK2	unique_official_exact	True	True	True	included
CCDC22	grey	28952	CCDC22	unique_official_exact	False	False	False	grey_not_a_network_block
ARHGEF2	grey	9181	ARHGEF2	unique_official_exact	False	False	False	grey_not_a_network_block
SMARCAL1	grey	50485	SMARCAL1	unique_official_exact	False	False	False	grey_not_a_network_block
NOVA2	black	4858	NOVA2	unique_official_exact	True	True	True	included
LZIC	grey	84328	LZIC	unique_official_exact	False	False	False	grey_not_a_network_block
SEL1L	blue	6400	SEL1L	unique_official_exact	True	True	True	included
SLC2A10	blue	81031	SLC2A10	unique_official_exact	True	True	True	included
PPP3R1	yellow	5534	PPP3R1	unique_official_exact	True	True	True	included
PSMD7	grey	5713	PSMD7	unique_official_exact	False	False	False	grey_not_a_network_block
IQSEC3	yellow	440073	IQSEC3	unique_official_exact	True	True	True	included
MSRB2	grey	22921	MSRB2	unique_official_exact	False	False	False	grey_not_a_network_block
ZNF830	grey	91603	ZNF830	unique_official_exact	False	False	False	grey_not_a_network_block
UBA2	grey	10054	UBA2	unique_official_exact	False	False	False	grey_not_a_network_block
PPHLN1	grey	51535	PPHLN1	unique_official_exact	False	False	False	grey_not_a_network_block
ZNF146	grey	7705	ZNF146	unique_official_exact	False	False	False	grey_not_a_network_block
NPTXR	pink	23467	NPTXR	unique_official_exact	True	True	True	included
HMGN3	grey	9324	HMGN3	unique_official_exact	False	False	False	grey_not_a_network_block
SEPSECS	grey	51091	SEPSECS	unique_official_exact	False	False	False	grey_not_a_network_block
ARMC10	brown	83787	ARMC10	unique_official_exact	True	True	True	included
MKNK2	magenta	2872	MKNK2	unique_official_exact	True	True	True	included
GNA12	yellow	2768	GNA12	unique_official_exact	True	True	True	included
BTBD10	grey	84280	BTBD10	unique_official_exact	False	False	False	grey_not_a_network_block
RP2	grey	6102	RP2	unique_official_exact	False	False	False	grey_not_a_network_block
CYB561A3	blue	220002	CYB561A3	unique_official_exact	True	True	True	included
DIMT1	red	27292	DIMT1	unique_official_exact	True	True	True	included
IGF1R	turquoise	3480	IGF1R	unique_official_exact	True	True	True	included
FBXL18	yellow	80028	FBXL18	unique_official_exact	True	True	True	included
BANF1	grey	8815	BANF1	unique_official_exact	False	False	False	grey_not_a_network_block
KXD1	grey	79036	KXD1	unique_official_exact	False	False	False	grey_not_a_network_block
PANK2	grey	80025	PANK2	unique_official_exact	False	False	False	grey_not_a_network_block
TMEM43	blue	79188	TMEM43	unique_official_exact	True	True	True	included
MSL3	grey	10943	MSL3	unique_official_exact	False	False	False	grey_not_a_network_block
IRF1	grey	3659	IRF1	unique_official_exact	False	False	False	grey_not_a_network_block
ERO1B	turquoise	56605	ERO1B	unique_official_exact	True	True	True	included
ATF4	yellow	468	ATF4	unique_official_exact	True	True	True	included
ELK1	grey	2002	ELK1	unique_official_exact	False	False	False	grey_not_a_network_block
DAGLB	turquoise	221955	DAGLB	unique_official_exact	True	True	True	included
NUDCD2	grey	134492	NUDCD2	unique_official_exact	False	False	False	grey_not_a_network_block
RECQL5	turquoise	9400	RECQL5	unique_official_exact	True	True	True	included
PPP4R1	grey	9989	PPP4R1	unique_official_exact	False	False	False	grey_not_a_network_block
DDB2	grey	1643	DDB2	unique_official_exact	False	False	False	grey_not_a_network_block
PHF8	grey	23133	PHF8	unique_official_exact	False	False	False	grey_not_a_network_block
NBPF10	turquoise	100132406	NBPF10	unique_official_exact	True	True	True	included
R3HCC1	grey	203069	R3HCC1	unique_official_exact	False	False	False	grey_not_a_network_block
C5orf22	grey	55322	C5orf22	unique_official_exact	False	False	False	grey_not_a_network_block
PPIG	grey	9360	PPIG	unique_official_exact	False	False	False	grey_not_a_network_block
F10	blue	2159	F10	unique_official_exact	True	True	True	included
ZNF263	grey	10127	ZNF263	unique_official_exact	False	False	False	grey_not_a_network_block
CUTA	grey	51596	CUTA	unique_official_exact	False	False	False	grey_not_a_network_block
PANX1	grey	24145	PANX1	unique_official_exact	False	False	False	grey_not_a_network_block
DNAJB12	grey	54788	DNAJB12	unique_official_exact	False	False	False	grey_not_a_network_block
LMF2	grey	91289	LMF2	unique_official_exact	False	False	False	grey_not_a_network_block
MSMP	grey	692094	MSMP	unique_official_exact	False	False	False	grey_not_a_network_block
RFX3	turquoise	5991	RFX3	unique_official_exact	True	True	True	included
CD226	grey	10666	CD226	unique_official_exact	False	False	False	grey_not_a_network_block
INTS13	grey	55726	INTS13	unique_official_exact	False	False	False	grey_not_a_network_block
RAP1B	blue	5908	RAP1B	unique_official_exact	True	True	True	included
CHMP1B2P	grey	101060146	CHMP1B2P	unique_official_exact	False	False	False	grey_not_a_network_block
GUK1	grey	2987	GUK1	unique_official_exact	False	False	False	grey_not_a_network_block
PKM	red	5315	PKM	unique_official_exact	True	True	True	included
CTCF	red	10664	CTCF	unique_official_exact	True	True	True	included
SAR1B	grey	51128	SAR1B	unique_official_exact	False	False	False	grey_not_a_network_block
MIER2	black	54531	MIER2	unique_official_exact	True	True	True	included
NFRKB	grey	4798	NFRKB	unique_official_exact	False	False	False	grey_not_a_network_block
MUS81	turquoise	80198	MUS81	unique_official_exact	True	True	True	included
FBXW8	grey	26259	FBXW8	unique_official_exact	False	False	False	grey_not_a_network_block
ERP44	blue	23071	ERP44	unique_official_exact	True	True	True	included
EN1	yellow	2019	EN1	unique_official_exact	True	True	True	included
DDX56	turquoise	54606	DDX56	unique_official_exact	True	True	True	included
POP1	grey	10940	POP1	unique_official_exact	False	False	False	grey_not_a_network_block
GNAS	blue	2778	GNAS	unique_official_exact	True	True	True	included
PIP4P1	grey	90809	PIP4P1	unique_official_exact	False	False	False	grey_not_a_network_block
ZNF844	grey	284391	ZNF844	unique_official_exact	False	False	False	grey_not_a_network_block
RNPEP	grey	6051	RNPEP	unique_official_exact	False	False	False	grey_not_a_network_block
PDLIM5	pink	10611	PDLIM5	unique_official_exact	True	True	True	included
MRPS18B	grey	28973	MRPS18B	unique_official_exact	False	False	False	grey_not_a_network_block
LMTK2	pink	22853	LMTK2	unique_official_exact	True	True	True	included
VPS4B	grey	9525	VPS4B	unique_official_exact	False	False	False	grey_not_a_network_block
KCTD13	grey	253980	KCTD13	unique_official_exact	False	False	False	grey_not_a_network_block
NDFIP2	grey	54602	NDFIP2	unique_official_exact	False	False	False	grey_not_a_network_block
CD47	brown	961	CD47	unique_official_exact	True	True	True	included
DRAXIN	red	374946	DRAXIN	unique_official_exact	True	True	True	included
DUS3L	grey	56931	DUS3L	unique_official_exact	False	False	False	grey_not_a_network_block
NECAB3	grey	63941	NECAB3	unique_official_exact	False	False	False	grey_not_a_network_block
SPR	grey	6697	SPR	unique_official_exact	False	False	False	grey_not_a_network_block
P2RY2	brown	5029	P2RY2	unique_official_exact	True	True	True	included
NPHP4	brown	261734	NPHP4	unique_official_exact	True	True	True	included
GIGYF2	grey	26058	GIGYF2	unique_official_exact	False	False	False	grey_not_a_network_block
USP35	grey	57558	USP35	unique_official_exact	False	False	False	grey_not_a_network_block
OST4	grey	100128731	OST4	unique_official_exact	False	False	False	grey_not_a_network_block
WDR45B	grey	56270	WDR45B	unique_official_exact	False	False	False	grey_not_a_network_block
CD40	black	958	CD40	unique_official_exact	True	True	True	included
EMC8	grey	10328	EMC8	unique_official_exact	False	False	False	grey_not_a_network_block
CD163L1	blue	283316	CD163L1	unique_official_exact	True	True	True	included
TXLNA	blue	200081	TXLNA	unique_official_exact	True	True	True	included
ZC3H12B	grey	340554	ZC3H12B	unique_official_exact	False	False	False	grey_not_a_network_block
FBH1	grey	84893	FBH1	unique_official_exact	False	False	False	grey_not_a_network_block
IL18	green	3606	IL18	unique_official_exact	True	True	True	included
IFNAR1	grey	3454	IFNAR1	unique_official_exact	False	False	False	grey_not_a_network_block
INTS11	turquoise	54973	INTS11	unique_official_exact	True	True	True	included
NR6A1	green	2649	NR6A1	unique_official_exact	True	True	True	included
GPER1	grey	2852	GPER1	unique_official_exact	False	False	False	grey_not_a_network_block
ERCC6	turquoise	2074	ERCC6	unique_official_exact	True	True	True	included
POLD4	grey	57804	POLD4	unique_official_exact	False	False	False	grey_not_a_network_block
COA4	grey	51287	COA4	unique_official_exact	False	False	False	grey_not_a_network_block
CSNK1G1	grey	53944	CSNK1G1	unique_official_exact	False	False	False	grey_not_a_network_block
SLC9D1	grey	55002	SLC9D1	unique_official_exact	False	False	False	grey_not_a_network_block
ZNRF3	grey	84133	ZNRF3	unique_official_exact	False	False	False	grey_not_a_network_block
CTSL	grey	1514	CTSL	unique_official_exact	False	False	False	grey_not_a_network_block
DNAJA4	grey	55466	DNAJA4	unique_official_exact	False	False	False	grey_not_a_network_block
DOCK6	turquoise	57572	DOCK6	unique_official_exact	True	True	True	included
SBF1P1	brown	100133234	SBF1P1	unique_official_exact	True	True	True	included
ZNF770	grey	54989	ZNF770	unique_official_exact	False	False	False	grey_not_a_network_block
DHRS7B	grey	25979	DHRS7B	unique_official_exact	False	False	False	grey_not_a_network_block
BSDC1	grey	55108	BSDC1	unique_official_exact	False	False	False	grey_not_a_network_block
HES4	turquoise	57801	HES4	unique_official_exact	True	True	True	included
GNA13	grey	10672	GNA13	unique_official_exact	False	False	False	grey_not_a_network_block
CCDC102A	grey	92922	CCDC102A	unique_official_exact	False	False	False	grey_not_a_network_block
TBC1D22B	grey	55633	TBC1D22B	unique_official_exact	False	False	False	grey_not_a_network_block
MOB3A	yellow	126308	MOB3A	unique_official_exact	True	True	True	included
UBA1	grey	7317	UBA1	unique_official_exact	False	False	False	grey_not_a_network_block
MOAP1	grey	64112	MOAP1	unique_official_exact	False	False	False	grey_not_a_network_block
AVPR2	black	554	AVPR2	unique_official_exact	True	True	True	included
FAHD2A	grey	51011	FAHD2A	unique_official_exact	False	False	False	grey_not_a_network_block
EEF2	yellow	1938	EEF2	unique_official_exact	True	True	True	included
SPHK1	grey	8877	SPHK1	unique_official_exact	False	False	False	grey_not_a_network_block
DVL1	grey	1855	DVL1	unique_official_exact	False	False	False	grey_not_a_network_block
SLC6A20	brown	54716	SLC6A20	unique_official_exact	True	True	True	included
FBXO25	grey	26260	FBXO25	unique_official_exact	False	False	False	grey_not_a_network_block
RAD51C	grey	5889	RAD51C	unique_official_exact	False	False	False	grey_not_a_network_block
ABCF3	grey	55324	ABCF3	unique_official_exact	False	False	False	grey_not_a_network_block
CARD10	pink	29775	CARD10	unique_official_exact	True	True	True	included
KLHL21	grey	9903	KLHL21	unique_official_exact	False	False	False	grey_not_a_network_block
FAM117B	green	150864	FAM117B	unique_official_exact	True	True	True	included
PDE7A	grey	5150	PDE7A	unique_official_exact	False	False	False	grey_not_a_network_block
RMND1	grey	55005	RMND1	unique_official_exact	False	False	False	grey_not_a_network_block
SPAG5	grey	10615	SPAG5	unique_official_exact	False	False	False	grey_not_a_network_block
AHCTF1	turquoise	25909	AHCTF1	unique_official_exact	True	True	True	included
TRPM7	grey	54822	TRPM7	unique_official_exact	False	False	False	grey_not_a_network_block
IFI35	grey	3430	IFI35	unique_official_exact	False	False	False	grey_not_a_network_block
FAM124A	grey	220108	FAM124A	unique_official_exact	False	False	False	grey_not_a_network_block
POGK	brown	57645	POGK	unique_official_exact	True	True	True	included
INTS6L	grey	203522	INTS6L	unique_official_exact	False	False	False	grey_not_a_network_block
TBL3	grey	10607	TBL3	unique_official_exact	False	False	False	grey_not_a_network_block
HSPA1A	grey	3303	HSPA1A	unique_official_exact	False	False	False	grey_not_a_network_block
IKZF2	grey	22807	IKZF2	unique_official_exact	False	False	False	grey_not_a_network_block
NDUFS8	grey	4728	NDUFS8	unique_official_exact	False	False	False	grey_not_a_network_block
PSPH	grey	5723	PSPH	unique_official_exact	False	False	False	grey_not_a_network_block
SLC1A1	grey	6505	SLC1A1	unique_official_exact	False	False	False	grey_not_a_network_block
TCOF1	turquoise	6949	TCOF1	unique_official_exact	True	True	True	included
MED1	grey	5469	MED1	unique_official_exact	False	False	False	grey_not_a_network_block
XBP1	blue	7494	XBP1	unique_official_exact	True	True	True	included
SORT1	black	6272	SORT1	unique_official_exact	True	True	True	included
BCR	grey	613	BCR	unique_official_exact	False	False	False	grey_not_a_network_block
TRAF3IP2	magenta	10758	TRAF3IP2	unique_official_exact	True	True	True	included
RIN2	grey	54453	RIN2	unique_official_exact	False	False	False	grey_not_a_network_block
DPF2	red	5977	DPF2	unique_official_exact	True	True	True	included
THRAP3	red	9967	THRAP3	unique_official_exact	True	True	True	included
PSMD3	grey	5709	PSMD3	unique_official_exact	False	False	False	grey_not_a_network_block
EPC1	grey	80314	EPC1	unique_official_exact	False	False	False	grey_not_a_network_block
DDX47	grey	51202	DDX47	unique_official_exact	False	False	False	grey_not_a_network_block
BLTP3A	grey	54887	BLTP3A	unique_official_exact	False	False	False	grey_not_a_network_block
GPBP1	grey	65056	GPBP1	unique_official_exact	False	False	False	grey_not_a_network_block
MTREX	grey	23517	MTREX	unique_official_exact	False	False	False	grey_not_a_network_block
VPS16	grey	64601	VPS16	unique_official_exact	False	False	False	grey_not_a_network_block
WDR12	grey	55759	WDR12	unique_official_exact	False	False	False	grey_not_a_network_block
AIMP1	grey	9255	AIMP1	unique_official_exact	False	False	False	grey_not_a_network_block
SEC31A	grey	22872	SEC31A	unique_official_exact	False	False	False	grey_not_a_network_block
STK11IP	turquoise	114790	STK11IP	unique_official_exact	True	True	True	included
IPO13	grey	9670	IPO13	unique_official_exact	False	False	False	grey_not_a_network_block
RPS6KC1	grey	26750	RPS6KC1	unique_official_exact	False	False	False	grey_not_a_network_block
STK32C	grey	282974	STK32C	unique_official_exact	False	False	False	grey_not_a_network_block
AK1	black	203	AK1	unique_official_exact	True	True	True	included
UTP4	grey	84916	UTP4	unique_official_exact	False	False	False	grey_not_a_network_block
YBX3	blue	8531	YBX3	unique_official_exact	True	True	True	included
ZNF141	grey	7700	ZNF141	unique_official_exact	False	False	False	grey_not_a_network_block
TLE3	blue	7090	TLE3	unique_official_exact	True	True	True	included
FOXRED1	turquoise	55572	FOXRED1	unique_official_exact	True	True	True	included
ZNF606	grey	80095	ZNF606	unique_official_exact	False	False	False	grey_not_a_network_block
DDX18	grey	8886	DDX18	unique_official_exact	False	False	False	grey_not_a_network_block
SSH3	grey	54961	SSH3	unique_official_exact	False	False	False	grey_not_a_network_block
GOLGB1	turquoise	2804	GOLGB1	unique_official_exact	True	True	True	included
CARHSP1	grey	23589	CARHSP1	unique_official_exact	False	False	False	grey_not_a_network_block
ARHGEF11	grey	9826	ARHGEF11	unique_official_exact	False	False	False	grey_not_a_network_block
LOC100506639	turquoise	100506639	LOC100506639	unique_official_exact	True	True	True	included
PCF11	turquoise	51585	PCF11	unique_official_exact	True	True	True	included
IRF4	blue	3662	IRF4	unique_official_exact	True	True	True	included
RPL18A	blue	6142	RPL18A	unique_official_exact	True	True	True	included
SAMD9	grey	54809	SAMD9	unique_official_exact	False	False	False	grey_not_a_network_block
SNX8	blue	29886	SNX8	unique_official_exact	True	True	True	included
PPP3CC	turquoise	5533	PPP3CC	unique_official_exact	True	True	True	included
PARVB	yellow	29780	PARVB	unique_official_exact	True	True	True	included
RBM26	turquoise	64062	RBM26	unique_official_exact	True	True	True	included
AAGAB	grey	79719	AAGAB	unique_official_exact	False	False	False	grey_not_a_network_block
ZMYM5	grey	9205	ZMYM5	unique_official_exact	False	False	False	grey_not_a_network_block
ZNF320	grey	162967	ZNF320	unique_official_exact	False	False	False	grey_not_a_network_block
CTBS	grey	1486	CTBS	unique_official_exact	False	False	False	grey_not_a_network_block
TUBB6	yellow	84617	TUBB6	unique_official_exact	True	True	True	included
KL	yellow	9365	KL	unique_official_exact	True	True	True	included
FSAF1	grey	128061	FSAF1	unique_official_exact	False	False	False	grey_not_a_network_block
FBXO34	grey	55030	FBXO34	unique_official_exact	False	False	False	grey_not_a_network_block
STIM2	grey	57620	STIM2	unique_official_exact	False	False	False	grey_not_a_network_block
HBEGF	brown	1839	HBEGF	unique_official_exact	True	True	True	included
TRIM47	grey	91107	TRIM47	unique_official_exact	False	False	False	grey_not_a_network_block
POC5	grey	134359	POC5	unique_official_exact	False	False	False	grey_not_a_network_block
ZBTB2	grey	57621	ZBTB2	unique_official_exact	False	False	False	grey_not_a_network_block
GGH	grey	8836	GGH	unique_official_exact	False	False	False	grey_not_a_network_block
PCIF1	grey	63935	PCIF1	unique_official_exact	False	False	False	grey_not_a_network_block
ZNF502	grey	91392	ZNF502	unique_official_exact	False	False	False	grey_not_a_network_block
ELMO1	turquoise	9844	ELMO1	unique_official_exact	True	True	True	included
PDSS2	grey	57107	PDSS2	unique_official_exact	False	False	False	grey_not_a_network_block
SLC37A2	blue	219855	SLC37A2	unique_official_exact	True	True	True	included
CCDC171	grey	203238	CCDC171	unique_official_exact	False	False	False	grey_not_a_network_block
AFG3L2	grey	10939	AFG3L2	unique_official_exact	False	False	False	grey_not_a_network_block
EEIG2	red	284611	EEIG2	unique_official_exact	True	True	True	included
KIAA0319L	turquoise	79932	KIAA0319L	unique_official_exact	True	True	True	included
RPGR	grey	6103	RPGR	unique_official_exact	False	False	False	grey_not_a_network_block
CNOT11	grey	55571	CNOT11	unique_official_exact	False	False	False	grey_not_a_network_block
SLC38A9	grey	153129	SLC38A9	unique_official_exact	False	False	False	grey_not_a_network_block
NCSTN	red	23385	NCSTN	unique_official_exact	True	True	True	included
GRIA1	red	2890	GRIA1	unique_official_exact	True	True	True	included
NUP153	grey	9972	NUP153	unique_official_exact	False	False	False	grey_not_a_network_block
WDR89	grey	112840	WDR89	unique_official_exact	False	False	False	grey_not_a_network_block
BBS9	grey	27241	BBS9	unique_official_exact	False	False	False	grey_not_a_network_block
TBRG1	grey	84897	TBRG1	unique_official_exact	False	False	False	grey_not_a_network_block
UCK2	grey	7371	UCK2	unique_official_exact	False	False	False	grey_not_a_network_block
BTN2A1	grey	11120	BTN2A1	unique_official_exact	False	False	False	grey_not_a_network_block
SLF1	grey	84250	SLF1	unique_official_exact	False	False	False	grey_not_a_network_block
RABL3	grey	285282	RABL3	unique_official_exact	False	False	False	grey_not_a_network_block
GDPD5	grey	81544	GDPD5	unique_official_exact	False	False	False	grey_not_a_network_block
ZCCHC14	grey	23174	ZCCHC14	unique_official_exact	False	False	False	grey_not_a_network_block
ANKRD13B	turquoise	124930	ANKRD13B	unique_official_exact	True	True	True	included
WDR19	turquoise	57728	WDR19	unique_official_exact	True	True	True	included
MMP19	yellow	4327	MMP19	unique_official_exact	True	True	True	included
PAXBP1-AS1	turquoise	100506215	PAXBP1-AS1	unique_official_exact	True	True	True	included
B4GALNT1	brown	2583	B4GALNT1	unique_official_exact	True	True	True	included
OGFOD3	grey	79701	OGFOD3	unique_official_exact	False	False	False	grey_not_a_network_block
CRLS1	grey	54675	CRLS1	unique_official_exact	False	False	False	grey_not_a_network_block
TCF19	grey	6941	TCF19	unique_official_exact	False	False	False	grey_not_a_network_block
ACLY	blue	47	ACLY	unique_official_exact	True	True	True	included
MEX3D	grey	399664	MEX3D	unique_official_exact	False	False	False	grey_not_a_network_block
PEX1	turquoise	5189	PEX1	unique_official_exact	True	True	True	included
APLN	grey	8862	APLN	unique_official_exact	False	False	False	grey_not_a_network_block
MIB2	grey	142678	MIB2	unique_official_exact	False	False	False	grey_not_a_network_block
NUDC	grey	10726	NUDC	unique_official_exact	False	False	False	grey_not_a_network_block
TNFRSF25	turquoise	8718	TNFRSF25	unique_official_exact	True	True	True	included
EDF1	grey	8721	EDF1	unique_official_exact	False	False	False	grey_not_a_network_block
DNAH7	grey	56171	DNAH7	unique_official_exact	False	False	False	grey_not_a_network_block
MRPS14	grey	63931	MRPS14	unique_official_exact	False	False	False	grey_not_a_network_block
CRACD	brown	57482	CRACD	unique_official_exact	True	True	True	included
TMEM33	grey	55161	TMEM33	unique_official_exact	False	False	False	grey_not_a_network_block
HOXD8	grey	3234	HOXD8	unique_official_exact	False	False	False	grey_not_a_network_block
ZNF850	grey	342892	ZNF850	unique_official_exact	False	False	False	grey_not_a_network_block
NDUFB9	grey	4715	NDUFB9	unique_official_exact	False	False	False	grey_not_a_network_block
PRORP	grey	9692	PRORP	unique_official_exact	False	False	False	grey_not_a_network_block
AVPI1	grey	60370	AVPI1	unique_official_exact	False	False	False	grey_not_a_network_block
WWOX	grey	51741	WWOX	unique_official_exact	False	False	False	grey_not_a_network_block
TLK2	turquoise	11011	TLK2	unique_official_exact	True	True	True	included
MRPL52	grey	122704	MRPL52	unique_official_exact	False	False	False	grey_not_a_network_block
MRPL38	grey	64978	MRPL38	unique_official_exact	False	False	False	grey_not_a_network_block
SSBP1	grey	6742	SSBP1	unique_official_exact	False	False	False	grey_not_a_network_block
TBC1D5	red	9779	TBC1D5	unique_official_exact	True	True	True	included
SCAF4	grey	57466	SCAF4	unique_official_exact	False	False	False	grey_not_a_network_block
ARHGAP31	turquoise	57514	ARHGAP31	unique_official_exact	True	True	True	included
RHOG	grey	391	RHOG	unique_official_exact	False	False	False	grey_not_a_network_block
GRAMD4	grey	23151	GRAMD4	unique_official_exact	False	False	False	grey_not_a_network_block
PARD6B	grey	84612	PARD6B	unique_official_exact	False	False	False	grey_not_a_network_block
EXT2	blue	2132	EXT2	unique_official_exact	True	True	True	included
UBE2V2	grey	7336	UBE2V2	unique_official_exact	False	False	False	grey_not_a_network_block
RBM47	blue	54502	RBM47	unique_official_exact	True	True	True	included
IFITM10	grey	402778	IFITM10	unique_official_exact	False	False	False	grey_not_a_network_block
SCP2	grey	6342	SCP2	unique_official_exact	False	False	False	grey_not_a_network_block
DLEU7	green	220107	DLEU7	unique_official_exact	True	True	True	included
KIAA0930	grey	23313	KIAA0930	unique_official_exact	False	False	False	grey_not_a_network_block
SERPINB1	blue	1992	SERPINB1	unique_official_exact	True	True	True	included
RAB11FIP1	grey	80223	RAB11FIP1	unique_official_exact	False	False	False	grey_not_a_network_block
MICALL1	grey	85377	MICALL1	unique_official_exact	False	False	False	grey_not_a_network_block
CDK11B	grey	984	CDK11B	unique_official_exact	False	False	False	grey_not_a_network_block
SHANK2	grey	22941	SHANK2	unique_official_exact	False	False	False	grey_not_a_network_block
HIVEP1	grey	3096	HIVEP1	unique_official_exact	False	False	False	grey_not_a_network_block
CCDC61	grey	729440	CCDC61	unique_official_exact	False	False	False	grey_not_a_network_block
PYM1	grey	84305	PYM1	unique_official_exact	False	False	False	grey_not_a_network_block
EXD2	grey	55218	EXD2	unique_official_exact	False	False	False	grey_not_a_network_block
MRFAP1	grey	93621	MRFAP1	unique_official_exact	False	False	False	grey_not_a_network_block
C1orf216	grey	127703	C1orf216	unique_official_exact	False	False	False	grey_not_a_network_block
NORAD	green	647979	NORAD	unique_official_exact	True	True	True	included
RYBP	grey	23429	RYBP	unique_official_exact	False	False	False	grey_not_a_network_block
CRYBB2P1	grey	1416	CRYBB2P1	unique_official_exact	False	False	False	grey_not_a_network_block
ZNF487	grey	642819	ZNF487	unique_official_exact	False	False	False	grey_not_a_network_block
NFATC4	grey	4776	NFATC4	unique_official_exact	False	False	False	grey_not_a_network_block
FBXW4	grey	6468	FBXW4	unique_official_exact	False	False	False	grey_not_a_network_block
CMC2	grey	56942	CMC2	unique_official_exact	False	False	False	grey_not_a_network_block
CERS5	grey	91012	CERS5	unique_official_exact	False	False	False	grey_not_a_network_block
C2CD2L	turquoise	9854	C2CD2L	unique_official_exact	True	True	True	included
CCT2	grey	10576	CCT2	unique_official_exact	False	False	False	grey_not_a_network_block
PHAX	grey	51808	PHAX	unique_official_exact	False	False	False	grey_not_a_network_block
CYTH2	grey	9266	CYTH2	unique_official_exact	False	False	False	grey_not_a_network_block
STAT6	black	6778	STAT6	unique_official_exact	True	True	True	included
WDR54	brown	84058	WDR54	unique_official_exact	True	True	True	included
NT5C3A	grey	51251	NT5C3A	unique_official_exact	False	False	False	grey_not_a_network_block
PIK3C2B	black	5287	PIK3C2B	unique_official_exact	True	True	True	included
ZCCHC2	black	54877	ZCCHC2	unique_official_exact	True	True	True	included
U2SURP	turquoise	23350	U2SURP	unique_official_exact	True	True	True	included
C16orf54	grey	283897	C16orf54	unique_official_exact	False	False	False	grey_not_a_network_block
PSMC3	grey	5702	PSMC3	unique_official_exact	False	False	False	grey_not_a_network_block
STAB2	grey	55576	STAB2	unique_official_exact	False	False	False	grey_not_a_network_block
SYT14	brown	255928	SYT14	unique_official_exact	True	True	True	included
MLF2	grey	8079	MLF2	unique_official_exact	False	False	False	grey_not_a_network_block
TIGD6	grey	81789	TIGD6	unique_official_exact	False	False	False	grey_not_a_network_block
STC2	yellow	8614	STC2	unique_official_exact	True	True	True	included
PRCC	grey	5546	PRCC	unique_official_exact	False	False	False	grey_not_a_network_block
C10orf88	grey	80007	C10orf88	unique_official_exact	False	False	False	grey_not_a_network_block
IFT46	grey	56912	IFT46	unique_official_exact	False	False	False	grey_not_a_network_block
SCAMP1-AS1	grey	728769	SCAMP1-AS1	unique_official_exact	False	False	False	grey_not_a_network_block
THAP12	red	5612	THAP12	unique_official_exact	True	True	True	included
TRIM38	turquoise	10475	TRIM38	unique_official_exact	True	True	True	included
WDR46	grey	9277	WDR46	unique_official_exact	False	False	False	grey_not_a_network_block
COX7B	grey	1349	COX7B	unique_official_exact	False	False	False	grey_not_a_network_block
SCARNA12	grey	677777	SCARNA12	unique_official_exact	False	False	False	grey_not_a_network_block
PDS5A	grey	23244	PDS5A	unique_official_exact	False	False	False	grey_not_a_network_block
CRYBG3	turquoise	131544	CRYBG3	unique_official_exact	True	True	True	included
ZNF135	grey	7694	ZNF135	unique_official_exact	False	False	False	grey_not_a_network_block
MVP	yellow	9961	MVP	unique_official_exact	True	True	True	included
ZNF565	grey	147929	ZNF565	unique_official_exact	False	False	False	grey_not_a_network_block
LBR	yellow	3930	LBR	unique_official_exact	True	True	True	included
CNTRL	turquoise	11064	CNTRL	unique_official_exact	True	True	True	included
FBXO44	brown	93611	FBXO44	unique_official_exact	True	True	True	included
SFT2D3	grey	84826	SFT2D3	unique_official_exact	False	False	False	grey_not_a_network_block
ZCCHC17	grey	51538	ZCCHC17	unique_official_exact	False	False	False	grey_not_a_network_block
HP1BP3	red	50809	HP1BP3	unique_official_exact	True	True	True	included
ADPRM	grey	56985	ADPRM	unique_official_exact	False	False	False	grey_not_a_network_block
TOMM7	grey	54543	TOMM7	unique_official_exact	False	False	False	grey_not_a_network_block
RANBP3	grey	8498	RANBP3	unique_official_exact	False	False	False	grey_not_a_network_block
GLOD4	grey	51031	GLOD4	unique_official_exact	False	False	False	grey_not_a_network_block
NOP14-AS1	grey	317648	NOP14-AS1	unique_official_exact	False	False	False	grey_not_a_network_block
CCDC148	grey	130940	CCDC148	unique_official_exact	False	False	False	grey_not_a_network_block
SMAD4	green	4089	SMAD4	unique_official_exact	True	True	True	included
CHMP5	blue	51510	CHMP5	unique_official_exact	True	True	True	included
COPS2	grey	9318	COPS2	unique_official_exact	False	False	False	grey_not_a_network_block
WDR6	turquoise	11180	WDR6	unique_official_exact	True	True	True	included
CPT2	grey	1376	CPT2	unique_official_exact	False	False	False	grey_not_a_network_block
CTIF	yellow	9811	CTIF	unique_official_exact	True	True	True	included
SLC25A25	grey	114789	SLC25A25	unique_official_exact	False	False	False	grey_not_a_network_block
MAGEF1	grey	64110	MAGEF1	unique_official_exact	False	False	False	grey_not_a_network_block
MSL1	grey	339287	MSL1	unique_official_exact	False	False	False	grey_not_a_network_block
MIS12	grey	79003	MIS12	unique_official_exact	False	False	False	grey_not_a_network_block
MID1	blue	4281	MID1	unique_official_exact	True	True	True	included
VAMP3	grey	9341	VAMP3	unique_official_exact	False	False	False	grey_not_a_network_block
XPO5	grey	57510	XPO5	unique_official_exact	False	False	False	grey_not_a_network_block
VPS29	grey	51699	VPS29	unique_official_exact	False	False	False	grey_not_a_network_block
NRP1	yellow	8829	NRP1	unique_official_exact	True	True	True	included
ZFAT	grey	57623	ZFAT	unique_official_exact	False	False	False	grey_not_a_network_block
EPG5	turquoise	57724	EPG5	unique_official_exact	True	True	True	included
TIMM10	grey	26519	TIMM10	unique_official_exact	False	False	False	grey_not_a_network_block
RSPH3	grey	83861	RSPH3	unique_official_exact	False	False	False	grey_not_a_network_block
KLC2	grey	64837	KLC2	unique_official_exact	False	False	False	grey_not_a_network_block
GDF7	green	151449	GDF7	unique_official_exact	True	True	True	included
PSD4	grey	23550	PSD4	unique_official_exact	False	False	False	grey_not_a_network_block
MED26	grey	9441	MED26	unique_official_exact	False	False	False	grey_not_a_network_block
NUDCD3	grey	23386	NUDCD3	unique_official_exact	False	False	False	grey_not_a_network_block
MRPL39	grey	54148	MRPL39	unique_official_exact	False	False	False	grey_not_a_network_block
ARL2BP	grey	23568	ARL2BP	unique_official_exact	False	False	False	grey_not_a_network_block
PFAS	grey	5198	PFAS	unique_official_exact	False	False	False	grey_not_a_network_block
GOLT1B	grey	51026	GOLT1B	unique_official_exact	False	False	False	grey_not_a_network_block
RNF168	grey	165918	RNF168	unique_official_exact	False	False	False	grey_not_a_network_block
C11orf68	grey	83638	C11orf68	unique_official_exact	False	False	False	grey_not_a_network_block
SLC22A5	grey	6584	SLC22A5	unique_official_exact	False	False	False	grey_not_a_network_block
DUSP8	grey	1850	DUSP8	unique_official_exact	False	False	False	grey_not_a_network_block
TRMT44	turquoise	152992	TRMT44	unique_official_exact	True	True	True	included
SLC1A7	turquoise	6512	SLC1A7	unique_official_exact	True	True	True	included
FGD5-AS1	red	100505641	FGD5-AS1	unique_official_exact	True	True	True	included
PJA2	red	9867	PJA2	unique_official_exact	True	True	True	included
CCDC126	grey	90693	CCDC126	unique_official_exact	False	False	False	grey_not_a_network_block
TSPAN33	red	340348	TSPAN33	unique_official_exact	True	True	True	included
TMPPE	grey	643853	TMPPE	unique_official_exact	False	False	False	grey_not_a_network_block
RAB1B	yellow	81876	RAB1B	unique_official_exact	True	True	True	included
NDUFS7	grey	374291	NDUFS7	unique_official_exact	False	False	False	grey_not_a_network_block
RNF41	grey	10193	RNF41	unique_official_exact	False	False	False	grey_not_a_network_block
YLPM1	grey	56252	YLPM1	unique_official_exact	False	False	False	grey_not_a_network_block
MIER3	green	166968	MIER3	unique_official_exact	True	True	True	included
PEX26	grey	55670	PEX26	unique_official_exact	False	False	False	grey_not_a_network_block
GSS	grey	2937	GSS	unique_official_exact	False	False	False	grey_not_a_network_block
HDGF	blue	3068	HDGF	unique_official_exact	True	True	True	included
DIPK1A	yellow	388650	DIPK1A	unique_official_exact	True	True	True	included
SPCS1	grey	28972	SPCS1	unique_official_exact	False	False	False	grey_not_a_network_block
H4C8	grey	8365	H4C8	unique_official_exact	False	False	False	grey_not_a_network_block
CCBE1	yellow	147372	CCBE1	unique_official_exact	True	True	True	included
FYN	grey	2534	FYN	unique_official_exact	False	False	False	grey_not_a_network_block
DNTTIP1	red	116092	DNTTIP1	unique_official_exact	True	True	True	included
IL10RB	blue	3588	IL10RB	unique_official_exact	True	True	True	included
GORASP2	blue	26003	GORASP2	unique_official_exact	True	True	True	included
RAC1	grey	5879	RAC1	unique_official_exact	False	False	False	grey_not_a_network_block
SQSTM1	yellow	8878	SQSTM1	unique_official_exact	True	True	True	included
BRI3	blue	25798	BRI3	unique_official_exact	True	True	True	included
NMI	grey	9111	NMI	unique_official_exact	False	False	False	grey_not_a_network_block
PSAP	blue	5660	PSAP	unique_official_exact	True	True	True	included
ZNF142	grey	7701	ZNF142	unique_official_exact	False	False	False	grey_not_a_network_block
DDX19B	grey	11269	DDX19B	unique_official_exact	False	False	False	grey_not_a_network_block
CNTFR	grey	1271	CNTFR	unique_official_exact	False	False	False	grey_not_a_network_block
MLLT3	turquoise	4300	MLLT3	unique_official_exact	True	True	True	included
CACUL1	grey	143384	CACUL1	unique_official_exact	False	False	False	grey_not_a_network_block
RIOX2	grey	84864	RIOX2	unique_official_exact	False	False	False	grey_not_a_network_block
MAPDA	grey	161823	MAPDA	unique_official_exact	False	False	False	grey_not_a_network_block
AAK1	grey	22848	AAK1	unique_official_exact	False	False	False	grey_not_a_network_block
SMC1A	grey	8243	SMC1A	unique_official_exact	False	False	False	grey_not_a_network_block
PSAPL1	turquoise	768239	PSAPL1	unique_official_exact	True	True	True	included
HTR1D	green	3352	HTR1D	unique_official_exact	True	True	True	included
RAB8B	blue	51762	RAB8B	unique_official_exact	True	True	True	included
DDX41	grey	51428	DDX41	unique_official_exact	False	False	False	grey_not_a_network_block
MFHAS1	yellow	9258	MFHAS1	unique_official_exact	True	True	True	included
MFAP1	grey	4236	MFAP1	unique_official_exact	False	False	False	grey_not_a_network_block
TCF4	black	6925	TCF4	unique_official_exact	True	True	True	included
TRAFD1	grey	10906	TRAFD1	unique_official_exact	False	False	False	grey_not_a_network_block
MON1B	grey	22879	MON1B	unique_official_exact	False	False	False	grey_not_a_network_block
PRPSAP2	grey	5636	PRPSAP2	unique_official_exact	False	False	False	grey_not_a_network_block
FAM120AOS	grey	158293	FAM120AOS	unique_official_exact	False	False	False	grey_not_a_network_block
APLP2	blue	334	APLP2	unique_official_exact	True	True	True	included
ZSWIM5	grey	57643	ZSWIM5	unique_official_exact	False	False	False	grey_not_a_network_block
FAM131A	grey	131408	FAM131A	unique_official_exact	False	False	False	grey_not_a_network_block
KDM1B	grey	221656	KDM1B	unique_official_exact	False	False	False	grey_not_a_network_block
DHRS12	grey	79758	DHRS12	unique_official_exact	False	False	False	grey_not_a_network_block
GTPBP1	grey	9567	GTPBP1	unique_official_exact	False	False	False	grey_not_a_network_block
FAM135A	grey	57579	FAM135A	unique_official_exact	False	False	False	grey_not_a_network_block
INTS5	blue	80789	INTS5	unique_official_exact	True	True	True	included
TIMCC	grey	84908	TIMCC	unique_official_exact	False	False	False	grey_not_a_network_block
ZNF592	grey	9640	ZNF592	unique_official_exact	False	False	False	grey_not_a_network_block
RALGAPB	grey	57148	RALGAPB	unique_official_exact	False	False	False	grey_not_a_network_block
RWDD1	grey	51389	RWDD1	unique_official_exact	False	False	False	grey_not_a_network_block
ZNF23	grey	7571	ZNF23	unique_official_exact	False	False	False	grey_not_a_network_block
SURF4	blue	6836	SURF4	unique_official_exact	True	True	True	included
ZFAND5	grey	7763	ZFAND5	unique_official_exact	False	False	False	grey_not_a_network_block
KIAA0825	green	285600	KIAA0825	unique_official_exact	True	True	True	included
ATP10D	turquoise	57205	ATP10D	unique_official_exact	True	True	True	included
INIP	grey	58493	INIP	unique_official_exact	False	False	False	grey_not_a_network_block
PAPOLA	grey	10914	PAPOLA	unique_official_exact	False	False	False	grey_not_a_network_block
COX7A2L	grey	9167	COX7A2L	unique_official_exact	False	False	False	grey_not_a_network_block
NPHP3	grey	27031	NPHP3	unique_official_exact	False	False	False	grey_not_a_network_block
CERK	grey	64781	CERK	unique_official_exact	False	False	False	grey_not_a_network_block
LSM14B	grey	149986	LSM14B	unique_official_exact	False	False	False	grey_not_a_network_block
GGCX	grey	2677	GGCX	unique_official_exact	False	False	False	grey_not_a_network_block
SIPA1L1	grey	26037	SIPA1L1	unique_official_exact	False	False	False	grey_not_a_network_block
SHKBP1	blue	92799	SHKBP1	unique_official_exact	True	True	True	included
MTG2	turquoise	26164	MTG2	unique_official_exact	True	True	True	included
GTF2A1	red	2957	GTF2A1	unique_official_exact	True	True	True	included
DUSP5	grey	1847	DUSP5	unique_official_exact	False	False	False	grey_not_a_network_block
SCN2A	brown	6326	SCN2A	unique_official_exact	True	True	True	included
VAV3	blue	10451	VAV3	unique_official_exact	True	True	True	included
SRL	pink	6345	SRL	unique_official_exact	True	True	True	included
USP19	grey	10869	USP19	unique_official_exact	False	False	False	grey_not_a_network_block
TUBG2	turquoise	27175	TUBG2	unique_official_exact	True	True	True	included
TSHZ3	green	57616	TSHZ3	unique_official_exact	True	True	True	included
OAZ2	grey	4947	OAZ2	unique_official_exact	False	False	False	grey_not_a_network_block
C12orf75	grey	387882	C12orf75	unique_official_exact	False	False	False	grey_not_a_network_block
DENND4C	grey	55667	DENND4C	unique_official_exact	False	False	False	grey_not_a_network_block
ZNF646	grey	9726	ZNF646	unique_official_exact	False	False	False	grey_not_a_network_block
ACADS	yellow	35	ACADS	unique_official_exact	True	True	True	included
ZW10	grey	9183	ZW10	unique_official_exact	False	False	False	grey_not_a_network_block
SEC62	red	7095	SEC62	unique_official_exact	True	True	True	included
MGST3	grey	4259	MGST3	unique_official_exact	False	False	False	grey_not_a_network_block
UBE2B	grey	7320	UBE2B	unique_official_exact	False	False	False	grey_not_a_network_block
NMT1	magenta	4836	NMT1	unique_official_exact	True	True	True	included
ZNF607	grey	84775	ZNF607	unique_official_exact	False	False	False	grey_not_a_network_block
PPFIBP1	brown	8496	PPFIBP1	unique_official_exact	True	True	True	included
ZNF611	grey	81856	ZNF611	unique_official_exact	False	False	False	grey_not_a_network_block
TBK1	grey	29110	TBK1	unique_official_exact	False	False	False	grey_not_a_network_block
SLC36A4	grey	120103	SLC36A4	unique_official_exact	False	False	False	grey_not_a_network_block
NUDT5	grey	11164	NUDT5	unique_official_exact	False	False	False	grey_not_a_network_block
LAMA4	green	3910	LAMA4	unique_official_exact	True	True	True	included
TNPO3	grey	23534	TNPO3	unique_official_exact	False	False	False	grey_not_a_network_block
SPECC1	grey	92521	SPECC1	unique_official_exact	False	False	False	grey_not_a_network_block
LZTFL1	grey	54585	LZTFL1	unique_official_exact	False	False	False	grey_not_a_network_block
SPSB3	turquoise	90864	SPSB3	unique_official_exact	True	True	True	included
TUFT1	magenta	7286	TUFT1	unique_official_exact	True	True	True	included
ATP5F1B	blue	506	ATP5F1B	unique_official_exact	True	True	True	included
PNPLA8	grey	50640	PNPLA8	unique_official_exact	False	False	False	grey_not_a_network_block
NR2F6	grey	2063	NR2F6	unique_official_exact	False	False	False	grey_not_a_network_block
EOLA2	grey	541578	EOLA2	unique_official_exact	False	False	False	grey_not_a_network_block
DNAJC16	grey	23341	DNAJC16	unique_official_exact	False	False	False	grey_not_a_network_block
USP49	turquoise	25862	USP49	unique_official_exact	True	True	True	included
COPS5	grey	10987	COPS5	unique_official_exact	False	False	False	grey_not_a_network_block
UEVLD	grey	55293	UEVLD	unique_official_exact	False	False	False	grey_not_a_network_block
ZNF527	grey	84503	ZNF527	unique_official_exact	False	False	False	grey_not_a_network_block
YTHDC1	brown	91746	YTHDC1	unique_official_exact	True	True	True	included
LYAR	grey	55646	LYAR	unique_official_exact	False	False	False	grey_not_a_network_block
IMPACT	grey	55364	IMPACT	unique_official_exact	False	False	False	grey_not_a_network_block
CORO6	turquoise	84940	CORO6	unique_official_exact	True	True	True	included
SIRT2	brown	22933	SIRT2	unique_official_exact	True	True	True	included
SLC10A6	grey	345274	SLC10A6	unique_official_exact	False	False	False	grey_not_a_network_block
MRPS7	grey	51081	MRPS7	unique_official_exact	False	False	False	grey_not_a_network_block
OSMR	grey	9180	OSMR	unique_official_exact	False	False	False	grey_not_a_network_block
DMAP1	grey	55929	DMAP1	unique_official_exact	False	False	False	grey_not_a_network_block
TMBIM6	blue	7009	TMBIM6	unique_official_exact	True	True	True	included
TMC8	grey	147138	TMC8	unique_official_exact	False	False	False	grey_not_a_network_block
KHDRBS1	blue	10657	KHDRBS1	unique_official_exact	True	True	True	included
CNEP1R1	grey	255919	CNEP1R1	unique_official_exact	False	False	False	grey_not_a_network_block
OCA2	grey	4948	OCA2	unique_official_exact	False	False	False	grey_not_a_network_block
ZNF205	grey	7755	ZNF205	unique_official_exact	False	False	False	grey_not_a_network_block
RAB15	grey	376267	RAB15	unique_official_exact	False	False	False	grey_not_a_network_block
DPY19L1P1	grey	100129460	DPY19L1P1	unique_official_exact	False	False	False	grey_not_a_network_block
KRABD2	grey	124751	KRABD2	unique_official_exact	False	False	False	grey_not_a_network_block
ENTR1	grey	10807	ENTR1	unique_official_exact	False	False	False	grey_not_a_network_block
PRKAG1	blue	5571	PRKAG1	unique_official_exact	True	True	True	included
ARHGAP32	grey	9743	ARHGAP32	unique_official_exact	False	False	False	grey_not_a_network_block
PWWP2B	magenta	170394	PWWP2B	unique_official_exact	True	True	True	included
DPY19L1	grey	23333	DPY19L1	unique_official_exact	False	False	False	grey_not_a_network_block
ABHD16A	grey	7920	ABHD16A	unique_official_exact	False	False	False	grey_not_a_network_block
GFOD3P	grey	57212	GFOD3P	unique_official_exact	False	False	False	grey_not_a_network_block
ZNF35	grey	7584	ZNF35	unique_official_exact	False	False	False	grey_not_a_network_block
PLEKHG4	turquoise	25894	PLEKHG4	unique_official_exact	True	True	True	included
FBXW11	brown	23291	FBXW11	unique_official_exact	True	True	True	included
ZNF284	grey	342909	ZNF284	unique_official_exact	False	False	False	grey_not_a_network_block
ZNF71	grey	58491	ZNF71	unique_official_exact	False	False	False	grey_not_a_network_block
H6PD	grey	9563	H6PD	unique_official_exact	False	False	False	grey_not_a_network_block
NFE2L2	red	4780	NFE2L2	unique_official_exact	True	True	True	included
IDNK	grey	414328	IDNK	unique_official_exact	False	False	False	grey_not_a_network_block
ROR2	grey	4920	ROR2	unique_official_exact	False	False	False	grey_not_a_network_block
ABHD4	grey	63874	ABHD4	unique_official_exact	False	False	False	grey_not_a_network_block
ZDHHC5	yellow	25921	ZDHHC5	unique_official_exact	True	True	True	included
VPS54	grey	51542	VPS54	unique_official_exact	False	False	False	grey_not_a_network_block
IPO11	grey	51194	IPO11	unique_official_exact	False	False	False	grey_not_a_network_block
ZNF525	green	170958	ZNF525	unique_official_exact	True	True	True	included
APOBEC3G	grey	60489	APOBEC3G	unique_official_exact	False	False	False	grey_not_a_network_block
DYNLT1	grey	6993	DYNLT1	unique_official_exact	False	False	False	grey_not_a_network_block
FRK	pink	2444	FRK	unique_official_exact	True	True	True	included
MICAL2	red	9645	MICAL2	unique_official_exact	True	True	True	included
FNIP2	grey	57600	FNIP2	unique_official_exact	False	False	False	grey_not_a_network_block
C8orf82	grey	414919	C8orf82	unique_official_exact	False	False	False	grey_not_a_network_block
HIGD1A	yellow	25994	HIGD1A	unique_official_exact	True	True	True	included
MNAT1	grey	4331	MNAT1	unique_official_exact	False	False	False	grey_not_a_network_block
ACAA1	magenta	30	ACAA1	unique_official_exact	True	True	True	included
TIMELESS	grey	8914	TIMELESS	unique_official_exact	False	False	False	grey_not_a_network_block
ELP3	grey	55140	ELP3	unique_official_exact	False	False	False	grey_not_a_network_block
DIPK2A	grey	205428	DIPK2A	unique_official_exact	False	False	False	grey_not_a_network_block
IFT57	grey	55081	IFT57	unique_official_exact	False	False	False	grey_not_a_network_block
KAT6B	brown	23522	KAT6B	unique_official_exact	True	True	True	included
ALDH3A2	grey	224	ALDH3A2	unique_official_exact	False	False	False	grey_not_a_network_block
VPS36	grey	51028	VPS36	unique_official_exact	False	False	False	grey_not_a_network_block
PIK3R2	brown	5296	PIK3R2	unique_official_exact	True	True	True	included
DPP3	grey	10072	DPP3	unique_official_exact	False	False	False	grey_not_a_network_block
DMAC1	grey	90871	DMAC1	unique_official_exact	False	False	False	grey_not_a_network_block
INTS4	grey	92105	INTS4	unique_official_exact	False	False	False	grey_not_a_network_block
CENPBD2P	grey	65996	CENPBD2P	unique_official_exact	False	False	False	grey_not_a_network_block
SLC31A2	blue	1318	SLC31A2	unique_official_exact	True	True	True	included
IGSF1	grey	3547	IGSF1	unique_official_exact	False	False	False	grey_not_a_network_block
IAH1	grey	285148	IAH1	unique_official_exact	False	False	False	grey_not_a_network_block
DOCK7	brown	85440	DOCK7	unique_official_exact	True	True	True	included
ERGIC1	yellow	57222	ERGIC1	unique_official_exact	True	True	True	included
ACER2	yellow	340485	ACER2	unique_official_exact	True	True	True	included
NOP53	grey	29997	NOP53	unique_official_exact	False	False	False	grey_not_a_network_block
ZNF490	grey	57474	ZNF490	unique_official_exact	False	False	False	grey_not_a_network_block
PLOD1	blue	5351	PLOD1	unique_official_exact	True	True	True	included
CRY1	grey	1407	CRY1	unique_official_exact	False	False	False	grey_not_a_network_block
CYP27A1	green	1593	CYP27A1	unique_official_exact	True	True	True	included
PTCD3	turquoise	55037	PTCD3	unique_official_exact	True	True	True	included
GABRB3	red	2562	GABRB3	unique_official_exact	True	True	True	included
RPRD2	grey	23248	RPRD2	unique_official_exact	False	False	False	grey_not_a_network_block
ZNF785	grey	146540	ZNF785	unique_official_exact	False	False	False	grey_not_a_network_block
ZC3H7A	grey	29066	ZC3H7A	unique_official_exact	False	False	False	grey_not_a_network_block
F5	grey	2153	F5	unique_official_exact	False	False	False	grey_not_a_network_block
E2F3	yellow	1871	E2F3	unique_official_exact	True	True	True	included
CINP	grey	51550	CINP	unique_official_exact	False	False	False	grey_not_a_network_block
TGS1	grey	96764	TGS1	unique_official_exact	False	False	False	grey_not_a_network_block
DHX29	grey	54505	DHX29	unique_official_exact	False	False	False	grey_not_a_network_block
SNX3	blue	8724	SNX3	unique_official_exact	True	True	True	included
NUP214	turquoise	8021	NUP214	unique_official_exact	True	True	True	included
DCP1B	grey	196513	DCP1B	unique_official_exact	False	False	False	grey_not_a_network_block
XRN1	grey	54464	XRN1	unique_official_exact	False	False	False	grey_not_a_network_block
CHID1	grey	66005	CHID1	unique_official_exact	False	False	False	grey_not_a_network_block
BBX	brown	56987	BBX	unique_official_exact	True	True	True	included
RIF1	turquoise	55183	RIF1	unique_official_exact	True	True	True	included
CEP126	grey	57562	CEP126	unique_official_exact	False	False	False	grey_not_a_network_block
USF3	grey	205717	USF3	unique_official_exact	False	False	False	grey_not_a_network_block
WHAMMP3	grey	339005	WHAMMP3	unique_official_exact	False	False	False	grey_not_a_network_block
GCNT1	grey	2650	GCNT1	unique_official_exact	False	False	False	grey_not_a_network_block
C3orf62	grey	375341	C3orf62	unique_official_exact	False	False	False	grey_not_a_network_block
UBE2W	grey	55284	UBE2W	unique_official_exact	False	False	False	grey_not_a_network_block
SHROOM1	grey	134549	SHROOM1	unique_official_exact	False	False	False	grey_not_a_network_block
NHSL2	grey	340527	NHSL2	unique_official_exact	False	False	False	grey_not_a_network_block
CTBP2	turquoise	1488	CTBP2	unique_official_exact	True	True	True	included
BCL2L13	blue	23786	BCL2L13	unique_official_exact	True	True	True	included
CTPS2	grey	56474	CTPS2	unique_official_exact	False	False	False	grey_not_a_network_block
PTMS	red	5763	PTMS	unique_official_exact	True	True	True	included
SEC61B	grey	10952	SEC61B	unique_official_exact	False	False	False	grey_not_a_network_block
LOC646214	turquoise	646214	LOC646214	unique_official_exact	True	True	True	included
ERCC6L2	turquoise	375748	ERCC6L2	unique_official_exact	True	True	True	included
SLC25A20	grey	788	SLC25A20	unique_official_exact	False	False	False	grey_not_a_network_block
GPR180	grey	160897	GPR180	unique_official_exact	False	False	False	grey_not_a_network_block
SMIM12	black	113444	SMIM12	unique_official_exact	True	True	True	included
INPP4A	grey	3631	INPP4A	unique_official_exact	False	False	False	grey_not_a_network_block
ABCA3	brown	21	ABCA3	unique_official_exact	True	True	True	included
AXL	red	558	AXL	unique_official_exact	True	True	True	included
JKAMP	blue	51528	JKAMP	unique_official_exact	True	True	True	included
ATP1A1	grey	476	ATP1A1	unique_official_exact	False	False	False	grey_not_a_network_block
SLC39A11	yellow	201266	SLC39A11	unique_official_exact	True	True	True	included
PEX11B	grey	8799	PEX11B	unique_official_exact	False	False	False	grey_not_a_network_block
TMPO	grey	7112	TMPO	unique_official_exact	False	False	False	grey_not_a_network_block
GABPB1	grey	2553	GABPB1	unique_official_exact	False	False	False	grey_not_a_network_block
MXI1	grey	4601	MXI1	unique_official_exact	False	False	False	grey_not_a_network_block
DHX8	grey	1659	DHX8	unique_official_exact	False	False	False	grey_not_a_network_block
NPTN	grey	27020	NPTN	unique_official_exact	False	False	False	grey_not_a_network_block
BLZF1	grey	8548	BLZF1	unique_official_exact	False	False	False	grey_not_a_network_block
TRIM8	yellow	81603	TRIM8	unique_official_exact	True	True	True	included
COX11	grey	1353	COX11	unique_official_exact	False	False	False	grey_not_a_network_block
ASXL1	turquoise	171023	ASXL1	unique_official_exact	True	True	True	included
SMU1	red	55234	SMU1	unique_official_exact	True	True	True	included
PFKL	grey	5211	PFKL	unique_official_exact	False	False	False	grey_not_a_network_block
SLC35B2	grey	347734	SLC35B2	unique_official_exact	False	False	False	grey_not_a_network_block
KHNYN	turquoise	23351	KHNYN	unique_official_exact	True	True	True	included
RABGEF1	grey	27342	RABGEF1	unique_official_exact	False	False	False	grey_not_a_network_block
SAXO6	grey	56890	SAXO6	unique_official_exact	False	False	False	grey_not_a_network_block
PI4KA	turquoise	5297	PI4KA	unique_official_exact	True	True	True	included
ZBTB11	grey	27107	ZBTB11	unique_official_exact	False	False	False	grey_not_a_network_block
SNX16	blue	64089	SNX16	unique_official_exact	True	True	True	included
ZNF594	grey	84622	ZNF594	unique_official_exact	False	False	False	grey_not_a_network_block
PBXIP1	grey	57326	PBXIP1	unique_official_exact	False	False	False	grey_not_a_network_block
TOR1AIP2	grey	163590	TOR1AIP2	unique_official_exact	False	False	False	grey_not_a_network_block
NDUFV1	grey	4723	NDUFV1	unique_official_exact	False	False	False	grey_not_a_network_block
PATZ1	grey	23598	PATZ1	unique_official_exact	False	False	False	grey_not_a_network_block
RABAC1	blue	10567	RABAC1	unique_official_exact	True	True	True	included
LOC729732	turquoise	729732	LOC729732	unique_official_exact	True	True	True	included
TMED10	red	10972	TMED10	unique_official_exact	True	True	True	included
PHC3	grey	80012	PHC3	unique_official_exact	False	False	False	grey_not_a_network_block
CREB3	grey	10488	CREB3	unique_official_exact	False	False	False	grey_not_a_network_block
PCDHB9	grey	56127	PCDHB9	unique_official_exact	False	False	False	grey_not_a_network_block
OTUD6B	grey	51633	OTUD6B	unique_official_exact	False	False	False	grey_not_a_network_block
SPAG7	grey	9552	SPAG7	unique_official_exact	False	False	False	grey_not_a_network_block
GHITM	yellow	27069	GHITM	unique_official_exact	True	True	True	included
ZNF239	grey	8187	ZNF239	unique_official_exact	False	False	False	grey_not_a_network_block
ZNF213	grey	7760	ZNF213	unique_official_exact	False	False	False	grey_not_a_network_block
KBTBD7	grey	84078	KBTBD7	unique_official_exact	False	False	False	grey_not_a_network_block
NF1	brown	4763	NF1	unique_official_exact	True	True	True	included
FAM13B	grey	51306	FAM13B	unique_official_exact	False	False	False	grey_not_a_network_block
GPR153	brown	387509	GPR153	unique_official_exact	True	True	True	included
TYW1B	grey	441250	TYW1B	unique_official_exact	False	False	False	grey_not_a_network_block
ZNF544	grey	27300	ZNF544	unique_official_exact	False	False	False	grey_not_a_network_block
HMOX2	grey	3163	HMOX2	unique_official_exact	False	False	False	grey_not_a_network_block
EIF4G3	grey	8672	EIF4G3	unique_official_exact	False	False	False	grey_not_a_network_block
PLEKHA1	grey	59338	PLEKHA1	unique_official_exact	False	False	False	grey_not_a_network_block
NOB1	grey	28987	NOB1	unique_official_exact	False	False	False	grey_not_a_network_block
COG2	red	22796	COG2	unique_official_exact	True	True	True	included
ALG2	grey	85365	ALG2	unique_official_exact	False	False	False	grey_not_a_network_block
EIPR1	grey	7260	EIPR1	unique_official_exact	False	False	False	grey_not_a_network_block
NONO	grey	4841	NONO	unique_official_exact	False	False	False	grey_not_a_network_block
ZNF776	grey	284309	ZNF776	unique_official_exact	False	False	False	grey_not_a_network_block
APEH	grey	327	APEH	unique_official_exact	False	False	False	grey_not_a_network_block
CHST14	grey	113189	CHST14	unique_official_exact	False	False	False	grey_not_a_network_block
COG6	grey	57511	COG6	unique_official_exact	False	False	False	grey_not_a_network_block
SORBS1	grey	10580	SORBS1	unique_official_exact	False	False	False	grey_not_a_network_block
NAF1	grey	92345	NAF1	unique_official_exact	False	False	False	grey_not_a_network_block
EMC3-AS1	turquoise	442075	EMC3-AS1	unique_official_exact	True	True	True	included
DHRS4-AS1	grey	55449	DHRS4-AS1	unique_official_exact	False	False	False	grey_not_a_network_block
DERL2	grey	51009	DERL2	unique_official_exact	False	False	False	grey_not_a_network_block
ZNG1B	grey	150472	ZNG1B	unique_official_exact	False	False	False	grey_not_a_network_block
SEC61A2	turquoise	55176	SEC61A2	unique_official_exact	True	True	True	included
PRDM11	grey	56981	PRDM11	unique_official_exact	False	False	False	grey_not_a_network_block
SEC22B	blue	9554	SEC22B	unique_official_exact	True	True	True	included
PLA2G15	yellow	23659	PLA2G15	unique_official_exact	True	True	True	included
MAPK13	red	5603	MAPK13	unique_official_exact	True	True	True	included
OXSR1	grey	9943	OXSR1	unique_official_exact	False	False	False	grey_not_a_network_block
TXNDC9	grey	10190	TXNDC9	unique_official_exact	False	False	False	grey_not_a_network_block
PSEN1	grey	5663	PSEN1	unique_official_exact	False	False	False	grey_not_a_network_block
CYB561	grey	1534	CYB561	unique_official_exact	False	False	False	grey_not_a_network_block
CHN2	grey	1124	CHN2	unique_official_exact	False	False	False	grey_not_a_network_block
ATOSB	blue	80256	ATOSB	unique_official_exact	True	True	True	included
TMEM200B	magenta	399474	TMEM200B	unique_official_exact	True	True	True	included
ZNF318	turquoise	24149	ZNF318	unique_official_exact	True	True	True	included
SNRNP40	grey	9410	SNRNP40	unique_official_exact	False	False	False	grey_not_a_network_block
DUSP18	yellow	150290	DUSP18	unique_official_exact	True	True	True	included
L3MBTL1	turquoise	26013	L3MBTL1	unique_official_exact	True	True	True	included
ZFYVE26	turquoise	23503	ZFYVE26	unique_official_exact	True	True	True	included
PRPF6	grey	24148	PRPF6	unique_official_exact	False	False	False	grey_not_a_network_block
FOXJ2	grey	55810	FOXJ2	unique_official_exact	False	False	False	grey_not_a_network_block
CASTOR1	grey	652968	CASTOR1	unique_official_exact	False	False	False	grey_not_a_network_block
PRDM2	grey	7799	PRDM2	unique_official_exact	False	False	False	grey_not_a_network_block
CSTF2	grey	1478	CSTF2	unique_official_exact	False	False	False	grey_not_a_network_block
AQR	grey	9716	AQR	unique_official_exact	False	False	False	grey_not_a_network_block
PPP2R5D	grey	5528	PPP2R5D	unique_official_exact	False	False	False	grey_not_a_network_block
SEC24C	grey	9632	SEC24C	unique_official_exact	False	False	False	grey_not_a_network_block
FAM78A	red	286336	FAM78A	unique_official_exact	True	True	True	included
TPM3	blue	7170	TPM3	unique_official_exact	True	True	True	included
ISOC2	grey	79763	ISOC2	unique_official_exact	False	False	False	grey_not_a_network_block
TMEM11	yellow	8834	TMEM11	unique_official_exact	True	True	True	included
HGS	grey	9146	HGS	unique_official_exact	False	False	False	grey_not_a_network_block
ST6GALNAC6	grey	30815	ST6GALNAC6	unique_official_exact	False	False	False	grey_not_a_network_block
MRPS26	grey	64949	MRPS26	unique_official_exact	False	False	False	grey_not_a_network_block
TP53I13	grey	90313	TP53I13	unique_official_exact	False	False	False	grey_not_a_network_block
BPGM	grey	669	BPGM	unique_official_exact	False	False	False	grey_not_a_network_block
TMEM179B	grey	374395	TMEM179B	unique_official_exact	False	False	False	grey_not_a_network_block
CEP78	grey	84131	CEP78	unique_official_exact	False	False	False	grey_not_a_network_block
TESPA1	grey	9840	TESPA1	unique_official_exact	False	False	False	grey_not_a_network_block
CUL5	grey	8065	CUL5	unique_official_exact	False	False	False	grey_not_a_network_block
ZNF500	turquoise	26048	ZNF500	unique_official_exact	True	True	True	included
ADGRB2	grey	576	ADGRB2	unique_official_exact	False	False	False	grey_not_a_network_block
CHD4	grey	1108	CHD4	unique_official_exact	False	False	False	grey_not_a_network_block
NAGPA	grey	51172	NAGPA	unique_official_exact	False	False	False	grey_not_a_network_block
SEMA4G	turquoise	57715	SEMA4G	unique_official_exact	True	True	True	included
TATDN3	grey	128387	TATDN3	unique_official_exact	False	False	False	grey_not_a_network_block
GANAB	red	23193	GANAB	unique_official_exact	True	True	True	included
SIVA1	grey	10572	SIVA1	unique_official_exact	False	False	False	grey_not_a_network_block
PARK7	blue	11315	PARK7	unique_official_exact	True	True	True	included
NRM	grey	11270	NRM	unique_official_exact	False	False	False	grey_not_a_network_block
MCM2	grey	4171	MCM2	unique_official_exact	False	False	False	grey_not_a_network_block
PTPN11	blue	5781	PTPN11	unique_official_exact	True	True	True	included
STAM2	grey	10254	STAM2	unique_official_exact	False	False	False	grey_not_a_network_block
SLC4A2	brown	6522	SLC4A2	unique_official_exact	True	True	True	included
SPPL3	grey	121665	SPPL3	unique_official_exact	False	False	False	grey_not_a_network_block
BLVRA	grey	644	BLVRA	unique_official_exact	False	False	False	grey_not_a_network_block
EWSR1	blue	2130	EWSR1	unique_official_exact	True	True	True	included
HAUS6	grey	54801	HAUS6	unique_official_exact	False	False	False	grey_not_a_network_block
PDIA3	blue	2923	PDIA3	unique_official_exact	True	True	True	included
PIK3C3	grey	5289	PIK3C3	unique_official_exact	False	False	False	grey_not_a_network_block
PPP1R3F	turquoise	89801	PPP1R3F	unique_official_exact	True	True	True	included
ARID3B	black	10620	ARID3B	unique_official_exact	True	True	True	included
COX10	grey	1352	COX10	unique_official_exact	False	False	False	grey_not_a_network_block
TBC1D8B	grey	54885	TBC1D8B	unique_official_exact	False	False	False	grey_not_a_network_block
MRPL11	grey	65003	MRPL11	unique_official_exact	False	False	False	grey_not_a_network_block
ZNF852	grey	285346	ZNF852	unique_official_exact	False	False	False	grey_not_a_network_block
CLIP3	brown	25999	CLIP3	unique_official_exact	True	True	True	included
MKKS	grey	8195	MKKS	unique_official_exact	False	False	False	grey_not_a_network_block
CYP20A1	grey	57404	CYP20A1	unique_official_exact	False	False	False	grey_not_a_network_block
