analysis_id	source	endpoint	program	block	original_effect	deleted_effect	eligible_before	eligible_after	rank_universe_same	remaining_up	remaining_down	reason	change	absolute_change	baseline_near_zero	signed_retention_ratio	same_sign
M01	GSE148059_C02	GSE148059_C02	P8	black	-2.8827392333650472e-05	-9.338168141121794e-05	True	True	True	1237	1576		-6.455428907756747e-05	6.455428907756747e-05	False	3.239338485091233	1.0
M01	GSE148059_C02	GSE148059_C02	P8	blue	-2.8827392333650472e-05	-4.562824434767136e-05	True	True	True	1230	1506		-1.6800852014020888e-05	1.6800852014020888e-05	False	1.5828085946715722	1.0
M01	GSE148059_C02	GSE148059_C02	P8	brown	-2.8827392333650472e-05	-5.2146334373860535e-05	True	True	True	1245	1462		-2.3318942040210063e-05	2.3318942040210063e-05	False	1.8089161090366697	1.0
M01	GSE148059_C02	GSE148059_C02	P8	green	-2.8827392333650472e-05	5.649861872621245e-05	True	True	True	1283	1536		8.532601105986292e-05	8.532601105986292e-05	False	-1.95989349547448	0.0
M01	GSE148059_C02	GSE148059_C02	P8	magenta	-2.8827392333650472e-05	-1.4082331623294802e-05	True	True	True	1283	1581		1.474506071035567e-05	1.474506071035567e-05	False	0.48850521962946925	1.0
M01	GSE148059_C02	GSE148059_C02	P8	pink	-2.8827392333650472e-05	-0.0002328625604911	True	True	True	1261	1578		-0.00020403516815744953	0.00020403516815744953	False	8.077822572223345	1.0
M01	GSE148059_C02	GSE148059_C02	P8	red	-2.8827392333650472e-05	-6.840041041563066e-05	True	True	True	1289	1521		-3.957301808198019e-05	3.957301808198019e-05	False	2.3727574670632365	1.0
M01	GSE148059_C02	GSE148059_C02	P8	turquoise	-2.8827392333650472e-05	0.000104533268372	True	True	True	1171	1546		0.00013336066070565047	0.00013336066070565047	False	-3.626178433419293	0.0
M01	GSE148059_C02	GSE148059_C02	P8	yellow	-2.8827392333650472e-05	-0.000210617751191	True	True	True	1189	1533		-0.00018179035885734952	0.00018179035885734952	False	7.306167299258075	1.0
M01	GSE148059_C02	GSE148059_C02	P7	black	-0.0006576252344175	-0.000502108159951	True	True	True	72	195		0.0001555170744665	0.0001555170744665	False	0.7635171731141807	1.0
M01	GSE148059_C02	GSE148059_C02	P7	blue	-0.0006576252344175	-0.0003913707816028	True	True	True	67	190		0.00026625445281469996	0.00026625445281469996	False	0.595127378208748	1.0
M01	GSE148059_C02	GSE148059_C02	P7	brown	-0.0006576252344175	-0.0005281797529125	True	True	True	71	173		0.000129445481505	0.000129445481505	False	0.8031622347648232	1.0
M01	GSE148059_C02	GSE148059_C02	P7	green	-0.0006576252344175	-0.0005248704447794	True	True	True	72	185		0.00013275478963809993	0.00013275478963809993	False	0.7981300249895532	1.0
M01	GSE148059_C02	GSE148059_C02	P7	magenta	-0.0006576252344175	-0.0006590001287625	True	True	True	73	198		-1.3748943450000257e-06	1.3748943450000257e-06	False	1.0020906958447509	1.0
M01	GSE148059_C02	GSE148059_C02	P7	pink	-0.0006576252344175	-0.0004985148941065	True	True	True	73	196		0.00015911034031099993	0.00015911034031099993	False	0.7580531707364697	1.0
M01	GSE148059_C02	GSE148059_C02	P7	red	-0.0006576252344175	-0.0006823036312634	True	True	True	70	193		-2.467839684590009e-05	2.467839684590009e-05	False	1.0375265357141583	1.0
M01	GSE148059_C02	GSE148059_C02	P7	turquoise	-0.0006576252344175	-0.0007414056443659	True	True	True	65	176		-8.378040994840008e-05	8.378040994840008e-05	False	1.1273984110761954	1.0
M01	GSE148059_C02	GSE148059_C02	P7	yellow	-0.0006576252344175	-0.0004985414591747	True	True	True	70	190		0.00015908377524279994	0.00015908377524279994	False	0.7580935661878753	1.0
M01	GSE148059_C02	GSE148059_C02	P6	black	-0.0015641186172901	-0.0018577133765664	True	True	True	43	78		-0.0002935947592762999	0.0002935947592762999	False	1.1877061982581378	1.0
M01	GSE148059_C02	GSE148059_C02	P6	blue	-0.0015641186172901	-0.0006737093311351	True	True	True	41	76		0.0008904092861550001	0.0008904092861550001	False	0.4307277745356226	1.0
M01	GSE148059_C02	GSE148059_C02	P6	brown	-0.0015641186172901	-0.0018933806256453	True	True	True	44	69		-0.00032926200835519987	0.00032926200835519987	False	1.2105096152654073	1.0
M01	GSE148059_C02	GSE148059_C02	P6	green	-0.0015641186172901	-0.0013445797081693	True	True	True	46	75		0.00021953890912080015	0.00021953890912080015	False	0.8596404986847095	1.0
M01	GSE148059_C02	GSE148059_C02	P6	magenta	-0.0015641186172901	-0.0016098913144427	True	True	True	45	79		-4.5772697152599885e-05	4.5772697152599885e-05	False	1.0292642109406658	1.0
M01	GSE148059_C02	GSE148059_C02	P6	pink	-0.0015641186172901	-0.001633217804894	True	True	True	44	79		-6.909918760389985e-05	6.909918760389985e-05	False	1.0441777157052303	1.0
M01	GSE148059_C02	GSE148059_C02	P6	red	-0.0015641186172901	-0.0015602990561772	True	True	True	46	77		3.819561112900025e-06	3.819561112900025e-06	False	0.997558010581373	1.0
M01	GSE148059_C02	GSE148059_C02	P6	turquoise	-0.0015641186172901	-0.0016795545432304	True	True	True	40	74		-0.00011543592594030001	0.00011543592594030001	False	1.0738025394393025	1.0
M01	GSE148059_C02	GSE148059_C02	P6	yellow	-0.0015641186172901	-0.0017893745171821	True	True	True	43	77		-0.00022525589989199984	0.00022525589989199984	False	1.1440145890484092	1.0
M01	GSE148059_C02	GSE148059_C02	P1	black	0.002906255526385	0.0029836043147864	True	True	True	300	318		7.734878840139981e-05	7.734878840139981e-05	False	1.0266145862602838	1.0
M01	GSE148059_C02	GSE148059_C02	P1	blue	0.002906255526385	0.0022677367717003	True	True	True	294	285		-0.0006385187546847004	0.0006385187546847004	False	0.7802950398243427	1.0
M01	GSE148059_C02	GSE148059_C02	P1	brown	0.002906255526385	0.0025811594463625	True	True	True	285	298		-0.0003250960800225003	0.0003250960800225003	False	0.8881391959271808	1.0
M01	GSE148059_C02	GSE148059_C02	P1	green	0.002906255526385	0.0025152450474571	True	True	True	277	325		-0.00039101047892790017	0.00039101047892790017	False	0.8654590157754415	1.0
M01	GSE148059_C02	GSE148059_C02	P1	magenta	0.002906255526385	0.0029147019347323	True	True	True	300	327		8.446408347299612e-06	8.446408347299612e-06	False	1.0029062855177795	1.0
M01	GSE148059_C02	GSE148059_C02	P1	pink	0.002906255526385	0.0029461265552069	True	True	True	300	326		3.9871028821899645e-05	3.9871028821899645e-05	False	1.0137190375931926	1.0
M01	GSE148059_C02	GSE148059_C02	P1	red	0.002906255526385	0.0029452402296309	True	True	True	295	320		3.89847032458996e-05	3.89847032458996e-05	False	1.0134140659319077	1.0
M01	GSE148059_C02	GSE148059_C02	P1	turquoise	0.002906255526385	0.0032353354308016	True	True	True	250	307		0.0003290799044165997	0.0003290799044165997	False	1.1132315797523598	1.0
M01	GSE148059_C02	GSE148059_C02	P1	yellow	0.002906255526385	0.0031657679922778	True	True	True	288	312		0.00025951246589279997	0.00025951246589279997	False	1.0892944421220936	1.0
M01	GSE148059_C02	GSE148059_C02	P2	black	-6.596723168979956e-05	-0.0001349435656067	True	True	True	1316	1685		-6.897633391690045e-05	6.897633391690045e-05	False	2.0456151054094662	1.0
M01	GSE148059_C02	GSE148059_C02	P2	blue	-6.596723168979956e-05	-3.6142131835517947e-05	True	True	True	1304	1613		2.9825099854281615e-05	2.9825099854281615e-05	False	0.5478800748448955	1.0
M01	GSE148059_C02	GSE148059_C02	P2	brown	-6.596723168979956e-05	-0.0001059121116517	True	True	True	1325	1560		-3.9944879961900434e-05	3.9944879961900434e-05	False	1.6055260913438796	1.0
M01	GSE148059_C02	GSE148059_C02	P2	green	-6.596723168979956e-05	2.322843248248057e-05	True	True	True	1365	1642		8.919566417228014e-05	8.919566417228014e-05	False	-0.3521207709868528	0.0
M01	GSE148059_C02	GSE148059_C02	P2	magenta	-6.596723168979956e-05	-5.297242341439733e-05	True	True	True	1364	1691		1.2994808275402234e-05	1.2994808275402234e-05	False	0.8030111626252825	1.0
M01	GSE148059_C02	GSE148059_C02	P2	pink	-6.596723168979956e-05	-0.0002679023848277	True	True	True	1340	1688		-0.00020193515313790046	0.00020193515313790046	False	4.0611433580761505	1.0
M01	GSE148059_C02	GSE148059_C02	P2	red	-6.596723168979956e-05	-0.0001013822704011	True	True	True	1370	1627		-3.541503871130044e-05	3.541503871130044e-05	False	1.5368580400316636	1.0
M01	GSE148059_C02	GSE148059_C02	P2	turquoise	-6.596723168979956e-05	5.323684829277084e-05	True	True	True	1244	1651		0.0001192040799825704	0.0001192040799825704	False	-0.8070195903188522	0.0
M01	GSE148059_C02	GSE148059_C02	P2	yellow	-6.596723168979956e-05	-0.0002589954555311	True	True	True	1263	1641		-0.00019302822384130046	0.00019302822384130046	False	3.926122847612964	1.0
M01	GSE148059_C02	GSE148059_C02	P3	black	-0.0009399181623477	-0.0009346591832725	True	True	True	122	295		5.2589790751999925e-06	5.2589790751999925e-06	False	0.994404854288522	1.0
M01	GSE148059_C02	GSE148059_C02	P3	blue	-0.0009399181623477	-0.000505909755023	True	True	True	115	287		0.00043400840732470006	0.00043400840732470006	False	0.5382487276970512	1.0
M01	GSE148059_C02	GSE148059_C02	P3	brown	-0.0009399181623477	-0.0009243963239893	True	True	True	121	264		1.5521838358400065e-05	1.5521838358400065e-05	False	0.983485968268099	1.0
M01	GSE148059_C02	GSE148059_C02	P3	green	-0.0009399181623477	-0.0007953383703336	True	True	True	125	282		0.00014457979201410007	0.00014457979201410007	False	0.8461783187027976	1.0
M01	GSE148059_C02	GSE148059_C02	P3	magenta	-0.0009399181623477	-0.0009530879234459	True	True	True	125	299		-1.3169761098199922e-05	1.3169761098199922e-05	False	1.0140116040159335	1.0
M01	GSE148059_C02	GSE148059_C02	P3	pink	-0.0009399181623477	-0.0008115658931945	True	True	True	124	296		0.00012835226915320003	0.00012835226915320003	False	0.8634431439939351	1.0
M01	GSE148059_C02	GSE148059_C02	P3	red	-0.0009399181623477	-0.0010289410167	True	True	True	121	292		-8.902285435229986e-05	8.902285435229986e-05	False	1.0947134100802363	1.0
M01	GSE148059_C02	GSE148059_C02	P3	turquoise	-0.0009399181623477	-0.0010347738169786	True	True	True	112	271		-9.485565463089986e-05	9.485565463089986e-05	False	1.100919057031489	1.0
M01	GSE148059_C02	GSE148059_C02	P3	yellow	-0.0009399181623477	-0.0008503729782452	True	True	True	120	284		8.954518410250007e-05	8.954518410250007e-05	False	0.9047308715911642	1.0
M01	GSE148059_C02	GSE148059_C02	P4	black	-0.0005137078967676	-0.0004314248968678	True	True	True	316	132		8.228299989980004e-05	8.228299989980004e-05	False	0.8398253162593983	1.0
M01	GSE148059_C02	GSE148059_C02	P4	blue	-0.0005137078967676	-0.0007824197977712	True	True	True	301	112		-0.0002687119010036	0.0002687119010036	False	1.5230830647035283	1.0
M01	GSE148059_C02	GSE148059_C02	P4	brown	-0.0005137078967676	-0.0003155631829408	True	True	True	304	118		0.00019814471382680006	0.00019814471382680006	False	0.6142852483413542	1.0
M01	GSE148059_C02	GSE148059_C02	P4	green	-0.0005137078967676	-0.0006925486983627	True	True	True	305	131		-0.00017884080159509996	0.00017884080159509996	False	1.3481371470448837	1.0
M01	GSE148059_C02	GSE148059_C02	P4	magenta	-0.0005137078967676	-0.0005463403721719	True	True	True	313	134		-3.2632475404300015e-05	3.2632475404300015e-05	False	1.063523406219046	1.0
M01	GSE148059_C02	GSE148059_C02	P4	pink	-0.0005137078967676	-0.0004858060202762	True	True	True	314	133		2.790187649140001e-05	2.790187649140001e-05	False	0.9456853268813527	1.0
M01	GSE148059_C02	GSE148059_C02	P4	red	-0.0005137078967676	-0.0003884367958058	True	True	True	312	128		0.00012527110096180005	0.00012527110096180005	False	0.756143322401617	1.0
M01	GSE148059_C02	GSE148059_C02	P4	turquoise	-0.0005137078967676	-0.0005872963581603	True	True	True	283	131		-7.358846139269995e-05	7.358846139269995e-05	False	1.1432496207586842	1.0
M01	GSE148059_C02	GSE148059_C02	P4	yellow	-0.0005137078967676	-0.000492756164894	True	True	True	303	122		2.0951731873599983e-05	2.0951731873599983e-05	False	0.9592146976804632	1.0
M01	GSE148059_C02	GSE148059_C02	P5	black	0.0012843018764615	0.0014581985957983	True	True	True	17	41		0.00017389671933679997	0.00017389671933679997	False	1.1354017482368857	1.0
M01	GSE148059_C02	GSE148059_C02	P5	blue	0.0012843018764615	0.0006829897717146	True	True	True	17	39		-0.0006013121047469	0.0006013121047469	False	0.5317984690611595	1.0
M01	GSE148059_C02	GSE148059_C02	P5	brown	0.0012843018764615	0.0012647625833143	True	True	True	17	42		-1.9539293147199932e-05	1.9539293147199932e-05	False	0.9847860588656661	1.0
M01	GSE148059_C02	GSE148059_C02	P5	pink	0.0012843018764615	0.0010723697066119	True	True	True	17	42		-0.00021193216984960006	0.00021193216984960006	False	0.834982589581264	1.0
M01	GSE148059_C02	GSE148059_C02	P5	red	0.0012843018764615	0.0010625234424103	True	True	True	17	42		-0.0002217784340512001	0.0002217784340512001	False	0.8273159619899937	1.0
M01	GSE148059_C02	GSE148059_C02	P5	turquoise	0.0012843018764615	0.0020973545039268	True	True	True	17	40		0.0008130526274653001	0.0008130526274653001	False	1.6330697185504528	1.0
M01	GSE148059_C02	GSE148059_C02	P5	yellow	0.0012843018764615	0.0008743852808409	True	True	True	16	39		-0.0004099165956206	0.0004099165956206	False	0.680825354900205	1.0
M01	GSE148059_C02	GSE148059_C02	P10	black	-0.0006076377689057	-0.0005150034585278	True	True	True	219	116		9.26343103779e-05	9.26343103779e-05	False	0.8475501110723813	1.0
M01	GSE148059_C02	GSE148059_C02	P10	blue	-0.0006076377689057	-0.0009331137100297	True	True	True	208	98		-0.000325475941124	0.000325475941124	False	1.5356413932434654	1.0
M01	GSE148059_C02	GSE148059_C02	P10	brown	-0.0006076377689057	-0.0003964878131821	True	True	True	210	104		0.00021114995572360003	0.00021114995572360003	False	0.6525068609479925	1.0
M01	GSE148059_C02	GSE148059_C02	P10	green	-0.0006076377689057	-0.000834130749891	True	True	True	211	115		-0.00022649298098529995	0.00022649298098529995	False	1.372743421451884	1.0
M01	GSE148059_C02	GSE148059_C02	P10	magenta	-0.0006076377689057	-0.0006534657680997	True	True	True	217	118		-4.582799919400002e-05	4.582799919400002e-05	False	1.0754199319712006	1.0
M01	GSE148059_C02	GSE148059_C02	P10	pink	-0.0006076377689057	-0.0005769837978876	True	True	True	218	117		3.065397101809997e-05	3.065397101809997e-05	False	0.9495522289977054	1.0
M01	GSE148059_C02	GSE148059_C02	P10	red	-0.0006076377689057	-0.0004976516716194	True	True	True	217	112		0.00010998609728630007	0.00010998609728630007	False	0.8189939748406769	1.0
M01	GSE148059_C02	GSE148059_C02	P10	turquoise	-0.0006076377689057	-0.0006113457837943	True	True	True	195	115		-3.708014888599955e-06	3.708014888599955e-06	False	1.0061023443214825	1.0
M01	GSE148059_C02	GSE148059_C02	P10	yellow	-0.0006076377689057	-0.0005374421986082	True	True	True	211	107		7.019557029749998e-05	7.019557029749998e-05	False	0.8844779342404674	1.0
M01	GSE24290_C01	GSE24290_C01	P8	black	-0.0071605111076229	-0.0071000188987277	True	True	True	1165	1451		6.049220889519941e-05	6.049220889519941e-05	False	0.9915519705247295	1.0
M01	GSE24290_C01	GSE24290_C01	P8	blue	-0.0071605111076229	-0.0072957356379344	True	True	True	1157	1385		-0.0001352245303115002	0.0001352245303115002	False	1.0188847595205242	1.0
M01	GSE24290_C01	GSE24290_C01	P8	brown	-0.0071605111076229	-0.0072974867897405	True	True	True	1172	1342		-0.00013697568211760037	0.00013697568211760037	False	1.0191293163377373	1.0
M01	GSE24290_C01	GSE24290_C01	P8	green	-0.0071605111076229	-0.0069521375620312	True	True	True	1207	1416		0.00020837354559169984	0.00020837354559169984	False	0.9708996267920218	1.0
M01	GSE24290_C01	GSE24290_C01	P8	magenta	-0.0071605111076229	-0.0070570748058429	True	True	True	1207	1456		0.00010343630177999958	0.00010343630177999958	False	0.9855546203021899	1.0
M01	GSE24290_C01	GSE24290_C01	P8	pink	-0.0071605111076229	-0.0067316491649677	True	True	True	1187	1453		0.00042886194265519956	0.00042886194265519956	False	0.9401073559960484	1.0
M01	GSE24290_C01	GSE24290_C01	P8	red	-0.0071605111076229	-0.0069736418363764	True	True	True	1213	1400		0.00018686927124650018	0.00018686927124650018	False	0.9739028026857519	1.0
M01	GSE24290_C01	GSE24290_C01	P8	turquoise	-0.0071605111076229	-0.0071877600909725	True	True	True	1096	1424		-2.7248983349600214e-05	2.7248983349600214e-05	False	1.0038054522840683	1.0
M01	GSE24290_C01	GSE24290_C01	P8	yellow	-0.0071605111076229	-0.0055000885532012	True	True	True	1116	1412		0.0016604225544216995	0.0016604225544216995	False	0.7681139614944448	1.0
M01	GSE24290_C01	GSE24290_C01	P7	black	0.0005273554335506	0.0004624916413897	True	True	True	72	184		-6.486379216089999e-05	6.486379216089999e-05	False	0.877001756245911	1.0
M01	GSE24290_C01	GSE24290_C01	P7	blue	0.0005273554335506	-0.0007538920893575	True	True	True	67	179		-0.0012812475229081	0.0012812475229081	False	-1.4295711040306625	0.0
M01	GSE24290_C01	GSE24290_C01	P7	brown	0.0005273554335506	4.9598676762099576e-05	True	True	True	71	164		-0.00047775675678850044	0.00047775675678850044	False	0.09405170328512517	1.0
M01	GSE24290_C01	GSE24290_C01	P7	green	0.0005273554335506	0.0012258712342242	True	True	True	72	174		0.0006985158006736	0.0006985158006736	False	2.3245635793882022	1.0
M01	GSE24290_C01	GSE24290_C01	P7	magenta	0.0005273554335506	0.0004451131629442	True	True	True	73	187		-8.224227060640003e-05	8.224227060640003e-05	False	0.8440477420462401	1.0
M01	GSE24290_C01	GSE24290_C01	P7	pink	0.0005273554335506	0.0004685835629205	True	True	True	73	185		-5.877187063010002e-05	5.877187063010002e-05	False	0.8885535885457776	1.0
M01	GSE24290_C01	GSE24290_C01	P7	red	0.0005273554335506	0.0002896077237689	True	True	True	70	182		-0.0002377477097817	0.0002377477097817	False	0.5491698868427645	1.0
M01	GSE24290_C01	GSE24290_C01	P7	turquoise	0.0005273554335506	0.0013700859311404	True	True	True	65	166		0.0008427304975898001	0.0008427304975898001	False	2.598031316214626	1.0
M01	GSE24290_C01	GSE24290_C01	P7	yellow	0.0005273554335506	0.0010550562897213	True	True	True	70	179		0.0005277008561707001	0.0005277008561707001	False	2.0006550091231152	1.0
M01	GSE24290_C01	GSE24290_C01	P6	black	-0.0043372729324156	-0.0036924439289525	True	True	True	37	74		0.0006448290034631	0.0006448290034631	False	0.8513284698678234	1.0
M01	GSE24290_C01	GSE24290_C01	P6	blue	-0.0043372729324156	-0.0040377223868765	True	True	True	36	72		0.0002995505455391	0.0002995505455391	False	0.9309357399899046	1.0
M01	GSE24290_C01	GSE24290_C01	P6	brown	-0.0043372729324156	-0.004219096883665	True	True	True	38	65		0.00011817604875060013	0.00011817604875060013	False	0.9727533750833653	1.0
M01	GSE24290_C01	GSE24290_C01	P6	green	-0.0043372729324156	-0.0039139705738239	True	True	True	40	71		0.00042330235859170014	0.00042330235859170014	False	0.902403568973478	1.0
M01	GSE24290_C01	GSE24290_C01	P6	magenta	-0.0043372729324156	-0.004395790012166	True	True	True	39	75		-5.851707975039998e-05	5.851707975039998e-05	False	1.0134916756824452	1.0
M01	GSE24290_C01	GSE24290_C01	P6	pink	-0.0043372729324156	-0.0042259757239554	True	True	True	38	75		0.00011129720846020028	0.00011129720846020028	False	0.974339357888134	1.0
M01	GSE24290_C01	GSE24290_C01	P6	red	-0.0043372729324156	-0.0040887876860978	True	True	True	40	73		0.00024848524631780004	0.00024848524631780004	False	0.9427093359837494	1.0
M01	GSE24290_C01	GSE24290_C01	P6	turquoise	-0.0043372729324156	-0.0048556049925042	True	True	True	35	71		-0.0005183320600885997	0.0005183320600885997	False	1.1195064429113342	1.0
M01	GSE24290_C01	GSE24290_C01	P6	yellow	-0.0043372729324156	-0.0037815383659744	True	True	True	37	73		0.0005557345664411999	0.0005557345664411999	False	0.8718700494294951	1.0
M01	GSE24290_C01	GSE24290_C01	P1	black	-0.0033353447737865	-0.0035192083962894	True	True	True	283	308		-0.00018386362250290018	0.00018386362250290018	False	1.0551258220583195	1.0
M01	GSE24290_C01	GSE24290_C01	P1	blue	-0.0033353447737865	-0.0034264768229109	True	True	True	277	275		-9.113204912440014e-05	9.113204912440014e-05	False	1.0273231270843828	1.0
M01	GSE24290_C01	GSE24290_C01	P1	brown	-0.0033353447737865	-0.0031588126026327	True	True	True	268	290		0.00017653217115379998	0.00017653217115379998	False	0.9470722869368047	1.0
M01	GSE24290_C01	GSE24290_C01	P1	green	-0.0033353447737865	-0.0048677275862094	True	True	True	261	315		-0.0015323828124229003	0.0015323828124229003	False	1.4594376043119643	1.0
M01	GSE24290_C01	GSE24290_C01	P1	magenta	-0.0033353447737865	-0.0029102368074905	True	True	True	283	317		0.0004251079662959999	0.0004251079662959999	False	0.8725445208432261	1.0
M01	GSE24290_C01	GSE24290_C01	P1	pink	-0.0033353447737865	-0.0034302940585634	True	True	True	283	316		-9.49492847769004e-05	9.49492847769004e-05	False	1.0284676071640737	1.0
M01	GSE24290_C01	GSE24290_C01	P1	red	-0.0033353447737865	-0.0034478081916229	True	True	True	278	310		-0.00011246341783640017	0.00011246341783640017	False	1.0337186784167816	1.0
M01	GSE24290_C01	GSE24290_C01	P1	turquoise	-0.0033353447737865	-0.0028008168534729	True	True	True	236	298		0.0005345279203136	0.0005345279203136	False	0.8397383309471874	1.0
M01	GSE24290_C01	GSE24290_C01	P1	yellow	-0.0033353447737865	-0.0029751642249358	True	True	True	272	302		0.0003601805488506996	0.0003601805488506996	False	0.8920109993780945	1.0
M01	GSE24290_C01	GSE24290_C01	P2	black	-0.0070024354687841	-0.0069244379790216	True	True	True	1233	1554		7.799748976249944e-05	7.799748976249944e-05	False	0.9888613768580657	1.0
M01	GSE24290_C01	GSE24290_C01	P2	blue	-0.0070024354687841	-0.0071548322790547	True	True	True	1221	1486		-0.00015239681027060057	0.00015239681027060057	False	1.0217634008838732	1.0
M01	GSE24290_C01	GSE24290_C01	P2	brown	-0.0070024354687841	-0.0071303856703546	True	True	True	1241	1435		-0.00012795020157050068	0.00012795020157050068	False	1.018272242870482	1.0
M01	GSE24290_C01	GSE24290_C01	P2	green	-0.0070024354687841	-0.0067892562620153	True	True	True	1278	1516		0.00021317920676879997	0.00021317920676879997	False	0.9695564196601134	1.0
M01	GSE24290_C01	GSE24290_C01	P2	magenta	-0.0070024354687841	-0.0069064691287725	True	True	True	1277	1560		9.596634001159988e-05	9.596634001159988e-05	False	0.9862952910541761	1.0
M01	GSE24290_C01	GSE24290_C01	P2	pink	-0.0070024354687841	-0.0065924780895949	True	True	True	1256	1557		0.00040995737918919986	0.00040995737918919986	False	0.9414550293227644	1.0
M01	GSE24290_C01	GSE24290_C01	P2	red	-0.0070024354687841	-0.0068074985174749	True	True	True	1283	1500		0.00019493695130919954	0.00019493695130919954	False	0.9721615497667631	1.0
M01	GSE24290_C01	GSE24290_C01	P2	turquoise	-0.0070024354687841	-0.0070406266575697	True	True	True	1159	1524		-3.819118878560079e-05	3.819118878560079e-05	False	1.0054539865388052	1.0
M01	GSE24290_C01	GSE24290_C01	P2	yellow	-0.0070024354687841	-0.0053120524163772	True	True	True	1179	1514		0.0016903830524068993	0.0016903830524068993	False	0.758600695437695	1.0
M01	GSE24290_C01	GSE24290_C01	P3	black	-0.0004992705645949	-0.0003084037868349	True	True	True	116	275		0.00019086677776000005	0.00019086677776000005	False	0.6177087309065251	1.0
M01	GSE24290_C01	GSE24290_C01	P3	blue	-0.0004992705645949	-0.0010760188295591	True	True	True	110	267		-0.0005767482649642	0.0005767482649642	False	2.155181790923653	1.0
M01	GSE24290_C01	GSE24290_C01	P3	brown	-0.0004992705645949	-0.0006835401428192	True	True	True	115	246		-0.00018426957822429996	0.00018426957822429996	False	1.369077592975691	1.0
M01	GSE24290_C01	GSE24290_C01	P3	green	-0.0004992705645949	8.649915711504371e-05	True	True	True	119	262		0.0005857697217099437	0.0005857697217099437	False	-0.17325106515187355	0.0
M01	GSE24290_C01	GSE24290_C01	P3	magenta	-0.0004992705645949	-0.0005654367218494	True	True	True	119	279		-6.616615725449999e-05	6.616615725449999e-05	False	1.1325256523147647	1.0
M01	GSE24290_C01	GSE24290_C01	P3	pink	-0.0004992705645949	-0.0004882202305567	True	True	True	118	277		1.1050334038200011e-05	1.1050334038200011e-05	False	0.9778670427983952	1.0
M01	GSE24290_C01	GSE24290_C01	P3	red	-0.0004992705645949	-0.0008080652714989	True	True	True	115	272		-0.000308794706904	0.000308794706904	False	1.6184917133149057	1.0
M01	GSE24290_C01	GSE24290_C01	P3	turquoise	-0.0004992705645949	-0.0001868271341237	True	True	True	107	253		0.00031244343047120006	0.00031244343047120006	False	0.3742001779642036	1.0
M01	GSE24290_C01	GSE24290_C01	P3	yellow	-0.0004992705645949	-0.0004527218559517	True	True	True	114	264		4.6548708643200044e-05	4.6548708643200044e-05	False	0.906766567179924	1.0
M01	GSE24290_C01	GSE24290_C01	P4	black	-0.0048782004248135	-0.0050157323223342	True	True	True	304	129		-0.00013753189752069989	0.00013753189752069989	False	1.028193162548453	1.0
M01	GSE24290_C01	GSE24290_C01	P4	blue	-0.0048782004248135	-0.0047256706394842	True	True	True	289	109		0.00015252978532930006	0.00015252978532930006	False	0.9687323660271439	1.0
M01	GSE24290_C01	GSE24290_C01	P4	brown	-0.0048782004248135	-0.0040739735530539	True	True	True	292	116		0.0008042268717596002	0.0008042268717596002	False	0.8351386163494201	1.0
M01	GSE24290_C01	GSE24290_C01	P4	green	-0.0048782004248135	-0.00557026873108	True	True	True	293	128		-0.0006920683062664997	0.0006920683062664997	False	1.1418695924723015	1.0
M01	GSE24290_C01	GSE24290_C01	P4	magenta	-0.0048782004248135	-0.0048074796107667	True	True	True	301	131		7.072081404680026e-05	7.072081404680026e-05	False	0.9855026837997326	1.0
M01	GSE24290_C01	GSE24290_C01	P4	pink	-0.0048782004248135	-0.004968414223463	True	True	True	302	130		-9.021379864949941e-05	9.021379864949941e-05	False	1.0184932538217613	1.0
M01	GSE24290_C01	GSE24290_C01	P4	red	-0.0048782004248135	-0.0046553222289329	True	True	True	300	125		0.00022287819588060007	0.00022287819588060007	False	0.954311390170255	1.0
M01	GSE24290_C01	GSE24290_C01	P4	turquoise	-0.0048782004248135	-0.0041064802649508	True	True	True	272	128		0.0007717201598627004	0.0007717201598627004	False	0.8418022851342349	1.0
M01	GSE24290_C01	GSE24290_C01	P4	yellow	-0.0048782004248135	-0.0053618148708969	True	True	True	293	119		-0.00048361444608339965	0.00048361444608339965	False	1.0991378795392337	1.0
M01	GSE24290_C01	GSE24290_C01	P5	black	0.0049169598261659	0.0040615278606082	True	True	True	14	40		-0.0008554319655577	0.0008554319655577	False	0.8260242109350849	1.0
M01	GSE24290_C01	GSE24290_C01	P5	blue	0.0049169598261659	0.0070445369368493	True	True	True	14	38		0.0021275771106834002	0.0021275771106834002	False	1.432701747807938	1.0
M01	GSE24290_C01	GSE24290_C01	P5	brown	0.0049169598261659	0.0055852387811104	True	True	True	14	41		0.0006682789549444998	0.0006682789549444998	False	1.135913039473744	1.0
M01	GSE24290_C01	GSE24290_C01	P5	pink	0.0049169598261659	0.0050280047358057	True	True	True	14	41		0.00011104490963980036	0.00011104490963980036	False	1.0225840587610393	1.0
M01	GSE24290_C01	GSE24290_C01	P5	red	0.0049169598261659	0.0054852861734447	True	True	True	14	41		0.0005683263472788004	0.0005683263472788004	False	1.1155849076200333	1.0
M01	GSE24290_C01	GSE24290_C01	P5	turquoise	0.0049169598261659	0.0039270809720166	True	True	True	14	39		-0.0009898788541492995	0.0009898788541492995	False	0.7986807114262762	1.0
M01	GSE24290_C01	GSE24290_C01	P5	yellow	0.0049169598261659	0.0064786851236256	True	True	True	13	38		0.0015617252974597	0.0015617252974597	False	1.3176201052424477	1.0
M01	GSE24290_C01	GSE24290_C01	P10	black	-0.0054970608803075	-0.0056547929073698	True	True	True	211	116		-0.0001577320270622993	0.0001577320270622993	False	1.0286938839675859	1.0
M01	GSE24290_C01	GSE24290_C01	P10	blue	-0.0054970608803075	-0.0052421878432067	True	True	True	200	98		0.00025487303710079994	0.00025487303710079994	False	0.9536346708449511	1.0
M01	GSE24290_C01	GSE24290_C01	P10	brown	-0.0054970608803075	-0.004557595224559	True	True	True	202	104		0.0009394656557485002	0.0009394656557485002	False	0.8290967343814559	1.0
M01	GSE24290_C01	GSE24290_C01	P10	green	-0.0054970608803075	-0.006365709652532	True	True	True	203	115		-0.0008686487722245001	0.0008686487722245001	False	1.158020584297387	1.0
M01	GSE24290_C01	GSE24290_C01	P10	magenta	-0.0054970608803075	-0.0054703775761385	True	True	True	209	118		2.668330416900032e-05	2.668330416900032e-05	False	0.9951458961888907	1.0
M01	GSE24290_C01	GSE24290_C01	P10	pink	-0.0054970608803075	-0.0056068505836543	True	True	True	210	117		-0.00010978970334679997	0.00010978970334679997	False	1.0199724372237002	1.0
M01	GSE24290_C01	GSE24290_C01	P10	red	-0.0054970608803075	-0.0052282654159899	True	True	True	209	112		0.0002687954643176005	0.0002687954643176005	False	0.9511019670019437	1.0
M01	GSE24290_C01	GSE24290_C01	P10	turquoise	-0.0054970608803075	-0.0046886542052085	True	True	True	187	115		0.0008084066750990004	0.0008084066750990004	False	0.8529383805817011	1.0
M01	GSE24290_C01	GSE24290_C01	P10	yellow	-0.0054970608803075	-0.0061154131509188	True	True	True	205	107		-0.0006183522706112998	0.0006183522706112998	False	1.1124877974021474	1.0
M01	original_JCI_sural_DPN_control	original_JCI_sural_DPN_control	P8	black	-0.0368927498444749	-0.036693321278216	True	True	True	1236	1572		0.00019942856625890237	0.00019942856625890237	False	0.9945943697040851	1.0
M01	original_JCI_sural_DPN_control	original_JCI_sural_DPN_control	P8	blue	-0.0368927498444749	-0.0374255509384884	True	True	True	1229	1502		-0.0005328010940134978	0.0005328010940134978	False	1.0144418915982023	1.0
M01	original_JCI_sural_DPN_control	original_JCI_sural_DPN_control	P8	brown	-0.0368927498444749	-0.0351978756273635	True	True	True	1244	1458		0.0016948742171114042	0.0016948742171114042	False	0.9540594229420057	1.0
M01	original_JCI_sural_DPN_control	original_JCI_sural_DPN_control	P8	green	-0.0368927498444749	-0.0371910263552076	True	True	True	1282	1532		-0.0002982765107326993	0.0002982765107326993	False	1.0080849628176298	1.0
M01	original_JCI_sural_DPN_control	original_JCI_sural_DPN_control	P8	magenta	-0.0368927498444749	-0.0362372392323482	True	True	True	1282	1577		0.0006555106121267015	0.0006555106121267015	False	0.9822319936873757	1.0
M01	original_JCI_sural_DPN_control	original_JCI_sural_DPN_control	P8	pink	-0.0368927498444749	-0.0359196053666852	True	True	True	1260	1574		0.0009731444777896989	0.0009731444777896989	False	0.9736223382130069	1.0
M01	original_JCI_sural_DPN_control	original_JCI_sural_DPN_control	P8	red	-0.0368927498444749	-0.0372675165346989	True	True	True	1288	1517		-0.0003747666902239946	0.0003747666902239946	False	1.0101582747776694	1.0
M01	original_JCI_sural_DPN_control	original_JCI_sural_DPN_control	P8	turquoise	-0.0368927498444749	-0.0338051143963907	True	True	True	1170	1542		0.0030876354480842	0.0030876354480842	False	0.9163077986569058	1.0
M01	original_JCI_sural_DPN_control	original_JCI_sural_DPN_control	P8	yellow	-0.0368927498444749	-0.034596401086572	True	True	True	1188	1529		0.0022963487579029038	0.0022963487579029038	False	0.9377560965885332	1.0
M01	original_JCI_sural_DPN_control	original_JCI_sural_DPN_control	P7	black	0.0267471692281034	0.0286583821506323	True	True	True	79	186		0.001911212922528903	0.001911212922528903	False	1.07145477363342	1.0
M01	original_JCI_sural_DPN_control	original_JCI_sural_DPN_control	P7	blue	0.0267471692281034	0.029324029213199	True	True	True	74	181		0.002576859985095603	0.002576859985095603	False	1.096341409557019	1.0
M01	original_JCI_sural_DPN_control	original_JCI_sural_DPN_control	P7	brown	0.0267471692281034	0.0344115182958587	True	True	True	78	166		0.007664349067755302	0.007664349067755302	False	1.2865480456041056	1.0
M01	original_JCI_sural_DPN_control	original_JCI_sural_DPN_control	P7	green	0.0267471692281034	0.0253787864072568	True	True	True	79	176		-0.0013683828208465969	0.0013683828208465969	False	0.9488400881163592	1.0
M01	original_JCI_sural_DPN_control	original_JCI_sural_DPN_control	P7	magenta	0.0267471692281034	0.0263121395789889	True	True	True	80	189		-0.00043502964911449823	0.00043502964911449823	False	0.9837354882154254	1.0
M01	original_JCI_sural_DPN_control	original_JCI_sural_DPN_control	P7	pink	0.0267471692281034	0.0273008192844988	True	True	True	80	187		0.0005536500563954015	0.0005536500563954015	False	1.0206993888464906	1.0
M01	original_JCI_sural_DPN_control	original_JCI_sural_DPN_control	P7	red	0.0267471692281034	0.0239242912667095	True	True	True	77	184		-0.0028228779613939	0.0028228779613939	False	0.8944606833971841	1.0
M01	original_JCI_sural_DPN_control	original_JCI_sural_DPN_control	P7	turquoise	0.0267471692281034	0.0286126332638122	True	True	True	72	167		0.0018654640357088012	0.0018654640357088012	False	1.0697443538716145	1.0
M01	original_JCI_sural_DPN_control	original_JCI_sural_DPN_control	P7	yellow	0.0267471692281034	0.0268605707410023	True	True	True	77	181		0.00011340151289890299	0.00011340151289890299	False	1.0042397575583344	1.0
M01	original_JCI_sural_DPN_control	original_JCI_sural_DPN_control	P6	black	0.0098280128728479	0.012800422658271	True	True	True	44	77		0.0029724097854231003	0.0029724097854231003	False	1.3024426019663702	1.0
M01	original_JCI_sural_DPN_control	original_JCI_sural_DPN_control	P6	blue	0.0098280128728479	0.0082233090025624	True	True	True	42	75		-0.0016047038702855006	0.0016047038702855006	False	0.8367214317841548	1.0
M01	original_JCI_sural_DPN_control	original_JCI_sural_DPN_control	P6	brown	0.0098280128728479	0.014116559922458	True	True	True	45	68		0.004288547049610099	0.004288547049610099	False	1.4363595271082903	1.0
M01	original_JCI_sural_DPN_control	original_JCI_sural_DPN_control	P6	green	0.0098280128728479	0.0078943381809566	True	True	True	47	74		-0.001933674691891301	0.001933674691891301	False	0.8032486610560399	1.0
M01	original_JCI_sural_DPN_control	original_JCI_sural_DPN_control	P6	magenta	0.0098280128728479	0.0106690718509376	True	True	True	46	78		0.0008410589780896999	0.0008410589780896999	False	1.0855777245075975	1.0
M01	original_JCI_sural_DPN_control	original_JCI_sural_DPN_control	P6	pink	0.0098280128728479	0.0121047924644264	True	True	True	45	78		0.0022767795915784993	0.0022767795915784993	False	1.2316622516713034	1.0
M01	original_JCI_sural_DPN_control	original_JCI_sural_DPN_control	P6	red	0.0098280128728479	0.0099548425059683	True	True	True	47	76		0.00012682963312040003	0.00012682963312040003	False	1.0129049111719008	1.0
M01	original_JCI_sural_DPN_control	original_JCI_sural_DPN_control	P6	turquoise	0.0098280128728479	0.021984830292314	True	True	True	41	73		0.0121568174194661	0.0121568174194661	False	2.23695578920659	1.0
M01	original_JCI_sural_DPN_control	original_JCI_sural_DPN_control	P6	yellow	0.0098280128728479	0.0009062345842336	True	True	True	44	76		-0.0089217782886143	0.0089217782886143	False	0.09220934037818339	1.0
M01	original_JCI_sural_DPN_control	original_JCI_sural_DPN_control	P1	black	-0.0504969177382452	-0.0527714482425927	True	True	True	299	319		-0.002274530504347498	0.002274530504347498	False	1.0450429571986495	1.0
M01	original_JCI_sural_DPN_control	original_JCI_sural_DPN_control	P1	blue	-0.0504969177382452	-0.0488506656605439	True	True	True	293	286		0.0016462520777013046	0.0016462520777013046	False	0.9673989591555908	1.0
M01	original_JCI_sural_DPN_control	original_JCI_sural_DPN_control	P1	brown	-0.0504969177382452	-0.0385909648879017	True	True	True	284	299		0.011905952850343501	0.011905952850343501	False	0.7642241668677887	1.0
M01	original_JCI_sural_DPN_control	original_JCI_sural_DPN_control	P1	green	-0.0504969177382452	-0.0495379223786082	True	True	True	276	326		0.0009589953596370049	0.0009589953596370049	False	0.981008833754804	1.0
M01	original_JCI_sural_DPN_control	original_JCI_sural_DPN_control	P1	magenta	-0.0504969177382452	-0.0498533418124326	True	True	True	299	328		0.0006435759258126006	0.0006435759258126006	False	0.9872551443803238	1.0
M01	original_JCI_sural_DPN_control	original_JCI_sural_DPN_control	P1	pink	-0.0504969177382452	-0.0506803399244656	True	True	True	299	327		-0.0001834221862203958	0.0001834221862203958	False	1.0036323441991288	1.0
M01	original_JCI_sural_DPN_control	original_JCI_sural_DPN_control	P1	red	-0.0504969177382452	-0.0488505569592704	True	True	True	294	321		0.0016463607789748008	0.0016463607789748008	False	0.9673968065237398	1.0
M01	original_JCI_sural_DPN_control	original_JCI_sural_DPN_control	P1	turquoise	-0.0504969177382452	-0.0474247633725761	True	True	True	249	308		0.0030721543656691067	0.0030721543656691067	False	0.9391615468176917	1.0
M01	original_JCI_sural_DPN_control	original_JCI_sural_DPN_control	P1	yellow	-0.0504969177382452	-0.0511578314071429	True	True	True	287	313		-0.0006609136688976933	0.0006609136688976933	False	1.0130881982208022	1.0
M01	original_JCI_sural_DPN_control	original_JCI_sural_DPN_control	P2	black	-0.0355009321050886	-0.0352527193189144	True	True	True	1315	1679		0.0002482127861742067	0.0002482127861742067	False	0.9930082741084246	1.0
M01	original_JCI_sural_DPN_control	original_JCI_sural_DPN_control	P2	blue	-0.0355009321050886	-0.0360287386660367	True	True	True	1303	1607		-0.0005278065609480992	0.0005278065609480992	False	1.0148674000836289	1.0
M01	original_JCI_sural_DPN_control	original_JCI_sural_DPN_control	P2	brown	-0.0355009321050886	-0.0338203727324909	True	True	True	1324	1554		0.0016805593725977008	0.0016805593725977008	False	0.9526615423047775	1.0
M01	original_JCI_sural_DPN_control	original_JCI_sural_DPN_control	P2	green	-0.0355009321050886	-0.0358738703382195	True	True	True	1364	1636		-0.00037293823313089974	0.00037293823313089974	False	1.0105050265166824	1.0
M01	original_JCI_sural_DPN_control	original_JCI_sural_DPN_control	P2	magenta	-0.0355009321050886	-0.0348679797186576	True	True	True	1363	1685		0.0006329523864310044	0.0006329523864310044	False	0.9821708234432448	1.0
M01	original_JCI_sural_DPN_control	original_JCI_sural_DPN_control	P2	pink	-0.0355009321050886	-0.034559121859547	True	True	True	1339	1682		0.0009418102455416022	0.0009418102455416022	False	0.9734708304910505	1.0
M01	original_JCI_sural_DPN_control	original_JCI_sural_DPN_control	P2	red	-0.0355009321050886	-0.0358152571551144	True	True	True	1369	1621		-0.00031432505002579325	0.00031432505002579325	False	1.008853994286554	1.0
M01	original_JCI_sural_DPN_control	original_JCI_sural_DPN_control	P2	turquoise	-0.0355009321050886	-0.0322633192581642	True	True	True	1243	1645		0.0032376128469244064	0.0032376128469244064	False	0.908802032652536	1.0
M01	original_JCI_sural_DPN_control	original_JCI_sural_DPN_control	P2	yellow	-0.0355009321050886	-0.0335159329323234	True	True	True	1262	1635		0.001984999172765206	0.001984999172765206	False	0.9440859984495821	1.0
M01	original_JCI_sural_DPN_control	original_JCI_sural_DPN_control	P3	black	0.0254459559081847	0.0276131700326454	True	True	True	129	284		0.0021672141244606993	0.0021672141244606993	False	1.0851692949669702	1.0
M01	original_JCI_sural_DPN_control	original_JCI_sural_DPN_control	P3	blue	0.0254459559081847	0.0254686441333309	True	True	True	122	276		2.268822514620017e-05	2.268822514620017e-05	False	1.0008916240061119	1.0
M01	original_JCI_sural_DPN_control	original_JCI_sural_DPN_control	P3	brown	0.0254459559081847	0.031491070000671	True	True	True	128	255		0.006045114092486301	0.006045114092486301	False	1.2375667911356354	1.0
M01	original_JCI_sural_DPN_control	original_JCI_sural_DPN_control	P3	green	0.0254459559081847	0.0240348710669893	True	True	True	132	271		-0.0014110848411954015	0.0014110848411954015	False	0.9445458112759865	1.0
M01	original_JCI_sural_DPN_control	original_JCI_sural_DPN_control	P3	magenta	0.0254459559081847	0.0253953333837791	True	True	True	132	288		-5.062252440559897e-05	5.062252440559897e-05	False	0.9980105866492791	1.0
M01	original_JCI_sural_DPN_control	original_JCI_sural_DPN_control	P3	pink	0.0254459559081847	0.0265905815060065	True	True	True	131	285		0.0011446255978217988	0.0011446255978217988	False	1.0449826134239912	1.0
M01	original_JCI_sural_DPN_control	original_JCI_sural_DPN_control	P3	red	0.0254459559081847	0.0241087110519177	True	True	True	128	281		-0.0013372448562669996	0.0013372448562669996	False	0.9474476470409636	1.0
M01	original_JCI_sural_DPN_control	original_JCI_sural_DPN_control	P3	turquoise	0.0254459559081847	0.0303248816019735	True	True	True	119	260		0.0048789256937888	0.0048789256937888	False	1.1917367817264626	1.0
M01	original_JCI_sural_DPN_control	original_JCI_sural_DPN_control	P3	yellow	0.0254459559081847	0.0219001436635523	True	True	True	127	273		-0.0035458122446324	0.0035458122446324	False	0.8606532111653983	1.0
M01	original_JCI_sural_DPN_control	original_JCI_sural_DPN_control	P4	black	-0.0163320793528477	-0.0150913075674303	True	True	True	319	131		0.0012407717854173977	0.0012407717854173977	False	0.9240285478284151	1.0
M01	original_JCI_sural_DPN_control	original_JCI_sural_DPN_control	P4	blue	-0.0163320793528477	-0.0192610524196483	True	True	True	304	111		-0.002928973066800601	0.002928973066800601	False	1.1793386502429588	1.0
M01	original_JCI_sural_DPN_control	original_JCI_sural_DPN_control	P4	brown	-0.0163320793528477	-0.0137212137751239	True	True	True	307	117		0.002610865577723798	0.002610865577723798	False	0.8401388138450012	1.0
M01	original_JCI_sural_DPN_control	original_JCI_sural_DPN_control	P4	green	-0.0163320793528477	-0.0140974218850732	True	True	True	308	130		0.002234657467774499	0.002234657467774499	False	0.8631737319238006	1.0
M01	original_JCI_sural_DPN_control	original_JCI_sural_DPN_control	P4	magenta	-0.0163320793528477	-0.0160346155777851	True	True	True	316	133		0.0002974637750625987	0.0002974637750625987	False	0.9817865338126261	1.0
M01	original_JCI_sural_DPN_control	original_JCI_sural_DPN_control	P4	pink	-0.0163320793528477	-0.0167542492969463	True	True	True	317	132		-0.0004221699440986014	0.0004221699440986014	False	1.0258491239834069	1.0
M01	original_JCI_sural_DPN_control	original_JCI_sural_DPN_control	P4	red	-0.0163320793528477	-0.0177481305852894	True	True	True	315	127		-0.0014160512324417028	0.0014160512324417028	False	1.0867036708461006	1.0
M01	original_JCI_sural_DPN_control	original_JCI_sural_DPN_control	P4	turquoise	-0.0163320793528477	-0.0158292370724712	True	True	True	286	130		0.0005028422803764997	0.0005028422803764997	False	0.9692113741604603	1.0
M01	original_JCI_sural_DPN_control	original_JCI_sural_DPN_control	P4	yellow	-0.0163320793528477	-0.0204428439763214	True	True	True	306	121		-0.004110764623473703	0.004110764623473703	False	1.2516987907456463	1.0
M01	original_JCI_sural_DPN_control	original_JCI_sural_DPN_control	P5	black	0.0067523960673221	-0.0001907649789069	True	True	True	17	41		-0.0069431610462290004	0.0069431610462290004	False	-0.02825144985645881	0.0
M01	original_JCI_sural_DPN_control	original_JCI_sural_DPN_control	P5	blue	0.0067523960673221	0.0102040913658568	True	True	True	17	39		0.0034516952985347	0.0034516952985347	False	1.511180811095933	1.0
M01	original_JCI_sural_DPN_control	original_JCI_sural_DPN_control	P5	brown	0.0067523960673221	0.0106126048805028	True	True	True	17	42		0.0038602088131807002	0.0038602088131807002	False	1.5716798562605054	1.0
M01	original_JCI_sural_DPN_control	original_JCI_sural_DPN_control	P5	pink	0.0067523960673221	0.0075416975562056	True	True	True	17	42		0.0007893014888834997	0.0007893014888834997	False	1.1168920603907235	1.0
M01	original_JCI_sural_DPN_control	original_JCI_sural_DPN_control	P5	red	0.0067523960673221	0.0056087209915121	True	True	True	17	42		-0.00114367507581	0.00114367507581	False	0.830626778345429	1.0
M01	original_JCI_sural_DPN_control	original_JCI_sural_DPN_control	P5	turquoise	0.0067523960673221	-0.0021256486803191	True	True	True	17	40		-0.0088780447476412	0.0088780447476412	False	-0.31479917041686517	0.0
M01	original_JCI_sural_DPN_control	original_JCI_sural_DPN_control	P5	yellow	0.0067523960673221	0.0067602910113093	True	True	True	16	39		7.89494398719965e-06	7.89494398719965e-06	False	1.001169206294845	1.0
M01	original_JCI_sural_DPN_control	original_JCI_sural_DPN_control	P10	black	-0.0160078762843208	-0.0146035192469683	True	True	True	219	116		0.0014043570373524997	0.0014043570373524997	False	0.912270871387979	1.0
M01	original_JCI_sural_DPN_control	original_JCI_sural_DPN_control	P10	blue	-0.0160078762843208	-0.0182710888682583	True	True	True	208	98		-0.0022632125839374996	0.0022632125839374996	False	1.1413811890934118	1.0
M01	original_JCI_sural_DPN_control	original_JCI_sural_DPN_control	P10	brown	-0.0160078762843208	-0.0122194574935074	True	True	True	210	104		0.003788418790813401	0.003788418790813401	False	0.7633403255043871	1.0
M01	original_JCI_sural_DPN_control	original_JCI_sural_DPN_control	P10	green	-0.0160078762843208	-0.0138956433096161	True	True	True	211	115		0.002112232974704701	0.002112232974704701	False	0.8680503936194481	1.0
M01	original_JCI_sural_DPN_control	original_JCI_sural_DPN_control	P10	magenta	-0.0160078762843208	-0.016035887668613	True	True	True	217	118		-2.8011384292200153e-05	2.8011384292200153e-05	False	1.0017498501234443	1.0
M01	original_JCI_sural_DPN_control	original_JCI_sural_DPN_control	P10	pink	-0.0160078762843208	-0.0165019598220691	True	True	True	218	117		-0.0004940835377483001	0.0004940835377483001	False	1.0308650272511313	1.0
M01	original_JCI_sural_DPN_control	original_JCI_sural_DPN_control	P10	red	-0.0160078762843208	-0.01759426168366	True	True	True	217	112		-0.0015863853993391998	0.0015863853993391998	False	1.0991003035732487	1.0
M01	original_JCI_sural_DPN_control	original_JCI_sural_DPN_control	P10	turquoise	-0.0160078762843208	-0.0159352628430683	True	True	True	195	115		7.261344125249897e-05	7.261344125249897e-05	False	0.9954638929010451	1.0
M01	original_JCI_sural_DPN_control	original_JCI_sural_DPN_control	P10	yellow	-0.0160078762843208	-0.0205454024759323	True	True	True	211	107		-0.004537526191611501	0.004537526191611501	False	1.2834558507961398	1.0
M01	original_JCI_sural_severe_moderate	original_JCI_sural_severe_moderate	P8	black	0.0058394150049486	0.004612021323722	True	True	True	1244	1585		-0.0012273936812266005	0.0012273936812266005	False	0.7898087941709147	1.0
M01	original_JCI_sural_severe_moderate	original_JCI_sural_severe_moderate	P8	blue	0.0058394150049486	0.0054201352297612	True	True	True	1237	1515		-0.0004192797751874002	0.0004192797751874002	False	0.9281983255459524	1.0
M01	original_JCI_sural_severe_moderate	original_JCI_sural_severe_moderate	P8	brown	0.0058394150049486	0.003597098377088	True	True	True	1252	1471		-0.0022423166278606	0.0022423166278606	False	0.616003208204871	1.0
M01	original_JCI_sural_severe_moderate	original_JCI_sural_severe_moderate	P8	green	0.0058394150049486	0.0058724338336605	True	True	True	1290	1545		3.301882871189956e-05	3.301882871189956e-05	False	1.0056544754369947	1.0
M01	original_JCI_sural_severe_moderate	original_JCI_sural_severe_moderate	P8	magenta	0.0058394150049486	0.0059331439388045	True	True	True	1290	1590		9.372893385590012e-05	9.372893385590012e-05	False	1.0160510828184792	1.0
M01	original_JCI_sural_severe_moderate	original_JCI_sural_severe_moderate	P8	pink	0.0058394150049486	0.0052184785895119	True	True	True	1268	1587		-0.0006209364154367005	0.0006209364154367005	False	0.893664619673291	1.0
M01	original_JCI_sural_severe_moderate	original_JCI_sural_severe_moderate	P8	red	0.0058394150049486	0.0059915181876592	True	True	True	1296	1530		0.0001521031827105999	0.0001521031827105999	False	1.0260476747382572	1.0
M01	original_JCI_sural_severe_moderate	original_JCI_sural_severe_moderate	P8	turquoise	0.0058394150049486	0.0063693972791535	True	True	True	1178	1555		0.0005299822742049001	0.0005299822742049001	False	1.0907594808308312	1.0
M01	original_JCI_sural_severe_moderate	original_JCI_sural_severe_moderate	P8	yellow	0.0058394150049486	0.0012969265063543	True	True	True	1196	1542		-0.0045424884985943	0.0045424884985943	False	0.22209870428034698	1.0
M01	original_JCI_sural_severe_moderate	original_JCI_sural_severe_moderate	P7	black	-0.0016011955304054	-0.0018384871185581	True	True	True	78	187		-0.00023729158815269987	0.00023729158815269987	False	1.1481965091999857	1.0
M01	original_JCI_sural_severe_moderate	original_JCI_sural_severe_moderate	P7	blue	-0.0016011955304054	0.0012325799911983	True	True	True	73	182		0.0028337755216037	0.0028337755216037	False	-0.7697873044188602	0.0
M01	original_JCI_sural_severe_moderate	original_JCI_sural_severe_moderate	P7	brown	-0.0016011955304054	-0.0056475333329383	True	True	True	77	167		-0.0040463378025329	0.0040463378025329	False	3.5270728812916587	1.0
M01	original_JCI_sural_severe_moderate	original_JCI_sural_severe_moderate	P7	green	-0.0016011955304054	-0.0016728419737045	True	True	True	78	177		-7.164644329909998e-05	7.164644329909998e-05	False	1.0447455928639522	1.0
M01	original_JCI_sural_severe_moderate	original_JCI_sural_severe_moderate	P7	magenta	-0.0016011955304054	-0.0015417148809181	True	True	True	79	190		5.948064948730009e-05	5.948064948730009e-05	False	0.962852351035329	1.0
M01	original_JCI_sural_severe_moderate	original_JCI_sural_severe_moderate	P7	pink	-0.0016011955304054	-0.0013760053611588	True	True	True	79	188		0.00022519016924660014	0.00022519016924660014	False	0.8593612304241287	1.0
M01	original_JCI_sural_severe_moderate	original_JCI_sural_severe_moderate	P7	red	-0.0016011955304054	0.000393305771922	True	True	True	76	185		0.0019945013023274	0.0019945013023274	False	-0.24563256919810444	0.0
M01	original_JCI_sural_severe_moderate	original_JCI_sural_severe_moderate	P7	turquoise	-0.0016011955304054	-0.0027239225448972	True	True	True	71	168		-0.0011227270144918	0.0011227270144918	False	1.7011804574595217	1.0
M01	original_JCI_sural_severe_moderate	original_JCI_sural_severe_moderate	P7	yellow	-0.0016011955304054	-0.0030780715756575	True	True	True	76	182		-0.0014768760452520998	0.0014768760452520998	False	1.9223583361353598	1.0
M01	original_JCI_sural_severe_moderate	original_JCI_sural_severe_moderate	P6	black	0.0021722827696514	-0.001530929542901	True	True	True	44	78		-0.0037032123125524	0.0037032123125524	False	-0.7047561046330437	0.0
M01	original_JCI_sural_severe_moderate	original_JCI_sural_severe_moderate	P6	blue	0.0021722827696514	0.0053747234766317	True	True	True	42	76		0.0032024407069803	0.0032024407069803	False	2.4742282872750567	1.0
M01	original_JCI_sural_severe_moderate	original_JCI_sural_severe_moderate	P6	brown	0.0021722827696514	-0.003792627374545	True	True	True	45	69		-0.0059649101441964	0.0059649101441964	False	-1.7459179014496473	0.0
M01	original_JCI_sural_severe_moderate	original_JCI_sural_severe_moderate	P6	green	0.0021722827696514	0.0026203594598691	True	True	True	47	75		0.0004480766902176998	0.0004480766902176998	False	1.2062699647015134	1.0
M01	original_JCI_sural_severe_moderate	original_JCI_sural_severe_moderate	P6	magenta	0.0021722827696514	0.0017978237445684	True	True	True	46	79		-0.0003744590250830001	0.0003744590250830001	False	0.8276195759067353	1.0
M01	original_JCI_sural_severe_moderate	original_JCI_sural_severe_moderate	P6	pink	0.0021722827696514	0.0015776757439232	True	True	True	45	79		-0.0005946070257282002	0.0005946070257282002	False	0.7262754950527824	1.0
M01	original_JCI_sural_severe_moderate	original_JCI_sural_severe_moderate	P6	red	0.0021722827696514	0.0020271688808696	True	True	True	47	77		-0.0001451138887818	0.0001451138887818	False	0.9331975142420859	1.0
M01	original_JCI_sural_severe_moderate	original_JCI_sural_severe_moderate	P6	turquoise	0.0021722827696514	0.0008038122892346	True	True	True	41	74		-0.0013684704804168002	0.0013684704804168002	False	0.37003114901270096	1.0
M01	original_JCI_sural_severe_moderate	original_JCI_sural_severe_moderate	P6	yellow	0.0021722827696514	-0.0006632341956372	True	True	True	44	77		-0.0028355169652886	0.0028355169652886	False	-0.3053166949087541	0.0
M01	original_JCI_sural_severe_moderate	original_JCI_sural_severe_moderate	P1	black	0.0219590729692526	0.0232168464181605	True	True	True	300	320		0.0012577734489078972	0.0012577734489078972	False	1.0572780759310307	1.0
M01	original_JCI_sural_severe_moderate	original_JCI_sural_severe_moderate	P1	blue	0.0219590729692526	0.0218273874508113	True	True	True	294	287		-0.00013168551844129975	0.00013168551844129975	False	0.9940031385375108	1.0
M01	original_JCI_sural_severe_moderate	original_JCI_sural_severe_moderate	P1	brown	0.0219590729692526	0.0145291608911336	True	True	True	285	300		-0.007429912078119001	0.007429912078119001	False	0.661647279531223	1.0
M01	original_JCI_sural_severe_moderate	original_JCI_sural_severe_moderate	P1	green	0.0219590729692526	0.0212357247380879	True	True	True	277	327		-0.0007233482311647006	0.0007233482311647006	False	0.9670592546334928	1.0
M01	original_JCI_sural_severe_moderate	original_JCI_sural_severe_moderate	P1	magenta	0.0219590729692526	0.0217672305611877	True	True	True	300	329		-0.0001918424080649024	0.0001918424080649024	False	0.9912636381174413	1.0
M01	original_JCI_sural_severe_moderate	original_JCI_sural_severe_moderate	P1	pink	0.0219590729692526	0.021545772885621	True	True	True	300	328		-0.00041330008363160003	0.00041330008363160003	False	0.9811786187782012	1.0
M01	original_JCI_sural_severe_moderate	original_JCI_sural_severe_moderate	P1	red	0.0219590729692526	0.0215177421735326	True	True	True	295	322		-0.0004413307957200005	0.0004413307957200005	False	0.9799021208072873	1.0
M01	original_JCI_sural_severe_moderate	original_JCI_sural_severe_moderate	P1	turquoise	0.0219590729692526	0.0223495973409655	True	True	True	250	309		0.0003905243717128998	0.0003905243717128998	False	1.0177841920858735	1.0
M01	original_JCI_sural_severe_moderate	original_JCI_sural_severe_moderate	P1	yellow	0.0219590729692526	0.0227873196029467	True	True	True	288	314		0.0008282466336940984	0.0008282466336940984	False	1.0377177413114762	1.0
M01	original_JCI_sural_severe_moderate	original_JCI_sural_severe_moderate	P2	black	0.0058681003876907	0.0045987743322371	True	True	True	1323	1694		-0.0012693260554536004	0.0012693260554536004	False	0.7836904668304211	1.0
M01	original_JCI_sural_severe_moderate	original_JCI_sural_severe_moderate	P2	blue	0.0058681003876907	0.0055881269317528	True	True	True	1311	1622		-0.0002799734559379005	0.0002799734559379005	False	0.9522889116680433	1.0
M01	original_JCI_sural_severe_moderate	original_JCI_sural_severe_moderate	P2	brown	0.0058681003876907	0.0034427643859163	True	True	True	1332	1569		-0.0024253360017744002	0.0024253360017744002	False	0.5866914603468716	1.0
M01	original_JCI_sural_severe_moderate	original_JCI_sural_severe_moderate	P2	green	0.0058681003876907	0.0059180043642515	True	True	True	1372	1651		4.990397656079969e-05	4.990397656079969e-05	False	1.0085042813284997	1.0
M01	original_JCI_sural_severe_moderate	original_JCI_sural_severe_moderate	P2	magenta	0.0058681003876907	0.0059463318704127	True	True	True	1371	1700		7.823148272200018e-05	7.823148272200018e-05	False	1.013331653781197	1.0
M01	original_JCI_sural_severe_moderate	original_JCI_sural_severe_moderate	P2	pink	0.0058681003876907	0.0052319550498786	True	True	True	1347	1697		-0.0006361453378120998	0.0006361453378120998	False	0.8915926286560266	1.0
M01	original_JCI_sural_severe_moderate	original_JCI_sural_severe_moderate	P2	red	0.0058681003876907	0.0059965263936372	True	True	True	1377	1636		0.0001284260059465003	0.0001284260059465003	False	1.0218854480090176	1.0
M01	original_JCI_sural_severe_moderate	original_JCI_sural_severe_moderate	P2	turquoise	0.0058681003876907	0.0063999417574259	True	True	True	1251	1660		0.0005318413697351998	0.0005318413697351998	False	1.0906326297434898	1.0
M01	original_JCI_sural_severe_moderate	original_JCI_sural_severe_moderate	P2	yellow	0.0058681003876907	0.0014054897638096	True	True	True	1270	1650		-0.0044626106238811	0.0044626106238811	False	0.23951358547952664	1.0
M01	original_JCI_sural_severe_moderate	original_JCI_sural_severe_moderate	P3	black	-0.0011965772211044	-0.0026654470207864	True	True	True	128	286		-0.001468869799682	0.001468869799682	False	2.2275595538466653	1.0
M01	original_JCI_sural_severe_moderate	original_JCI_sural_severe_moderate	P3	blue	-0.0011965772211044	0.0015733768225603	True	True	True	121	278		0.0027699540436647	0.0027699540436647	False	-1.3148978559930522	0.0
M01	original_JCI_sural_severe_moderate	original_JCI_sural_severe_moderate	P3	brown	-0.0011965772211044	-0.0053328807952309	True	True	True	127	257		-0.0041363035741265	0.0041363035741265	False	4.456779471623931	1.0
M01	original_JCI_sural_severe_moderate	original_JCI_sural_severe_moderate	P3	green	-0.0011965772211044	-0.0011739726103423	True	True	True	131	273		2.2604610762100037e-05	2.2604610762100037e-05	False	0.9811089411001517	1.0
M01	original_JCI_sural_severe_moderate	original_JCI_sural_severe_moderate	P3	magenta	-0.0011965772211044	-0.0013026491019784	True	True	True	131	290		-0.00010607188087399994	0.00010607188087399994	False	1.0886460806734222	1.0
M01	original_JCI_sural_severe_moderate	original_JCI_sural_severe_moderate	P3	pink	-0.0011965772211044	-0.0010913559227	True	True	True	130	287		0.00010522129840440011	0.00010522129840440011	False	0.9120647656092897	1.0
M01	original_JCI_sural_severe_moderate	original_JCI_sural_severe_moderate	P3	red	-0.0011965772211044	0.0001242078493961	True	True	True	127	283		0.0013207850705005	0.0013207850705005	False	-0.10380261900812417	0.0
M01	original_JCI_sural_severe_moderate	original_JCI_sural_severe_moderate	P3	turquoise	-0.0011965772211044	-0.0026142988212179	True	True	True	118	262		-0.0014177216001134997	0.0014177216001134997	False	2.184814130762903	1.0
M01	original_JCI_sural_severe_moderate	original_JCI_sural_severe_moderate	P3	yellow	-0.0011965772211044	-0.0026292793806984	True	True	True	126	275		-0.0014327021595939998	0.0014327021595939998	False	2.1973336399231003	1.0
M01	original_JCI_sural_severe_moderate	original_JCI_sural_severe_moderate	P4	black	0.010290200334356	0.0111489847659635	True	True	True	319	132		0.0008587844316074993	0.0008587844316074993	False	1.0834565318170013	1.0
M01	original_JCI_sural_severe_moderate	original_JCI_sural_severe_moderate	P4	blue	0.010290200334356	0.010617450999825	True	True	True	304	112		0.00032725066546899877	0.00032725066546899877	False	1.031802166608594	1.0
M01	original_JCI_sural_severe_moderate	original_JCI_sural_severe_moderate	P4	brown	0.010290200334356	0.0069564748380076	True	True	True	307	118		-0.003333725496348401	0.003333725496348401	False	0.6760290968079546	1.0
M01	original_JCI_sural_severe_moderate	original_JCI_sural_severe_moderate	P4	green	0.010290200334356	0.0101942800311364	True	True	True	308	131		-9.592030321959981e-05	9.592030321959981e-05	False	0.9906784804860067	1.0
M01	original_JCI_sural_severe_moderate	original_JCI_sural_severe_moderate	P4	magenta	0.010290200334356	0.0102713689700062	True	True	True	316	134		-1.8831364349800733e-05	1.8831364349800733e-05	False	0.9981699710658763	1.0
M01	original_JCI_sural_severe_moderate	original_JCI_sural_severe_moderate	P4	pink	0.010290200334356	0.0104220635758051	True	True	True	317	133		0.00013186324144909972	0.00013186324144909972	False	1.0128144484232096	1.0
M01	original_JCI_sural_severe_moderate	original_JCI_sural_severe_moderate	P4	red	0.010290200334356	0.0092449745665657	True	True	True	315	128		-0.0010452257677903004	0.0010452257677903004	False	0.8984251293630704	1.0
M01	original_JCI_sural_severe_moderate	original_JCI_sural_severe_moderate	P4	turquoise	0.010290200334356	0.0101696084565475	True	True	True	286	131		-0.00012059187780850099	0.00012059187780850099	False	0.9882809008678014	1.0
M01	original_JCI_sural_severe_moderate	original_JCI_sural_severe_moderate	P4	yellow	0.010290200334356	0.0120095171110474	True	True	True	306	122		0.001719316776691399	0.001719316776691399	False	1.167082925582226	1.0
M01	original_JCI_sural_severe_moderate	original_JCI_sural_severe_moderate	P5	black	-0.0014733710818181	-0.0012189905720124	True	True	True	17	41		0.00025438050980570006	0.00025438050980570006	False	0.8273479689232115	1.0
M01	original_JCI_sural_severe_moderate	original_JCI_sural_severe_moderate	P5	blue	-0.0014733710818181	-0.0064080412698973	True	True	True	17	39		-0.0049346701880792	0.0049346701880792	False	4.349237845763846	1.0
M01	original_JCI_sural_severe_moderate	original_JCI_sural_severe_moderate	P5	brown	-0.0014733710818181	-0.0048360693969102	True	True	True	17	42		-0.0033626983150921	0.0033626983150921	False	3.2823159464638203	1.0
M01	original_JCI_sural_severe_moderate	original_JCI_sural_severe_moderate	P5	pink	-0.0014733710818181	-0.0013587331972467	True	True	True	17	42		0.00011463788457139997	0.00011463788457139997	False	0.9221934745522901	1.0
M01	original_JCI_sural_severe_moderate	original_JCI_sural_severe_moderate	P5	red	-0.0014733710818181	-0.0017763225457726	True	True	True	17	42		-0.0003029514639544999	0.0003029514639544999	False	1.2056178974143201	1.0
M01	original_JCI_sural_severe_moderate	original_JCI_sural_severe_moderate	P5	turquoise	-0.0014733710818181	0.0002579659389651	True	True	True	17	40		0.0017313370207832001	0.0017313370207832001	False	-0.17508551793128516	0.0
M01	original_JCI_sural_severe_moderate	original_JCI_sural_severe_moderate	P5	yellow	-0.0014733710818181	-0.0053134923291411	True	True	True	16	39		-0.003840121247323	0.003840121247323	False	3.6063503585155168	1.0
M01	original_JCI_sural_severe_moderate	original_JCI_sural_severe_moderate	P10	black	0.0101542654088793	0.0111371815289485	True	True	True	219	116		0.0009829161200692015	0.0009829161200692015	False	1.0967983483285457	1.0
M01	original_JCI_sural_severe_moderate	original_JCI_sural_severe_moderate	P10	blue	0.0101542654088793	0.0106417066819963	True	True	True	208	98		0.00048744127311700115	0.00048744127311700115	False	1.0480035978467495	1.0
M01	original_JCI_sural_severe_moderate	original_JCI_sural_severe_moderate	P10	brown	0.0101542654088793	0.0066812831917036	True	True	True	210	104		-0.0034729822171756996	0.0034729822171756996	False	0.6579779947312797	1.0
M01	original_JCI_sural_severe_moderate	original_JCI_sural_severe_moderate	P10	green	0.0101542654088793	0.0099305939001771	True	True	True	211	115		-0.0002236715087022001	0.0002236715087022001	False	0.9779726548700792	1.0
M01	original_JCI_sural_severe_moderate	original_JCI_sural_severe_moderate	P10	magenta	0.0101542654088793	0.01015555602785	True	True	True	217	118		1.2906189707003607e-06	1.2906189707003607e-06	False	1.0001271011657398	1.0
M01	original_JCI_sural_severe_moderate	original_JCI_sural_severe_moderate	P10	pink	0.0101542654088793	0.0103271485716948	True	True	True	218	117		0.00017288316281550108	0.00017288316281550108	False	1.0170256691010189	1.0
M01	original_JCI_sural_severe_moderate	original_JCI_sural_severe_moderate	P10	red	0.0101542654088793	0.0091011902922037	True	True	True	217	112		-0.0010530751166755985	0.0010530751166755985	False	0.8962923388082069	1.0
M01	original_JCI_sural_severe_moderate	original_JCI_sural_severe_moderate	P10	turquoise	0.0101542654088793	0.0106369743197247	True	True	True	195	115		0.00048270891084540093	0.00048270891084540093	False	1.0475375511086504	1.0
M01	original_JCI_sural_severe_moderate	original_JCI_sural_severe_moderate	P10	yellow	0.0101542654088793	0.0120977346257637	True	True	True	211	107		0.0019434692168844008	0.0019434692168844008	False	1.191394368634973	1.0
M01	original_hDRG_DPN_control	original_hDRG_DPN_control	P8	black	0.0228918428128885	0.0225072788683573	True	True	True	1236	1583		-0.00038456394453119727	0.00038456394453119727	False	0.9832008306332297	1.0
M01	original_hDRG_DPN_control	original_hDRG_DPN_control	P8	blue	0.0228918428128885	0.0225021440350767	True	True	True	1229	1513		-0.00038969877781179843	0.00038969877781179843	False	0.9829765222050018	1.0
M01	original_hDRG_DPN_control	original_hDRG_DPN_control	P8	brown	0.0228918428128885	0.0228460789283185	True	True	True	1244	1470		-4.576388456999786e-05	4.576388456999786e-05	False	0.9980008649830396	1.0
M01	original_hDRG_DPN_control	original_hDRG_DPN_control	P8	green	0.0228918428128885	0.02347438272925	True	True	True	1282	1543		0.0005825399163615005	0.0005825399163615005	False	1.025447488920967	1.0
M01	original_hDRG_DPN_control	original_hDRG_DPN_control	P8	magenta	0.0228918428128885	0.0228947740287869	True	True	True	1282	1588		2.9312158984010073e-06	2.9312158984010073e-06	False	1.0001280463055053	1.0
M01	original_hDRG_DPN_control	original_hDRG_DPN_control	P8	pink	0.0228918428128885	0.0230474584436671	True	True	True	1260	1585		0.0001556156307786008	0.0001556156307786008	False	1.006797863852664	1.0
M01	original_hDRG_DPN_control	original_hDRG_DPN_control	P8	red	0.0228918428128885	0.0232830743304916	True	True	True	1288	1528		0.00039123151760310157	0.00039123151760310157	False	1.0170904335138466	1.0
M01	original_hDRG_DPN_control	original_hDRG_DPN_control	P8	turquoise	0.0228918428128885	0.0234899713017033	True	True	True	1170	1553		0.000598128488814801	0.000598128488814801	False	1.0261284551752228	1.0
M01	original_hDRG_DPN_control	original_hDRG_DPN_control	P8	yellow	0.0228918428128885	0.0226966722466122	True	True	True	1188	1540		-0.00019517056627629814	0.00019517056627629814	False	0.9914742308921318	1.0
M01	original_hDRG_DPN_control	original_hDRG_DPN_control	P7	black	0.0015727222915098	0.0013748723429278	True	True	True	74	193		-0.000197849948582	0.000197849948582	False	0.8741990562160432	1.0
M01	original_hDRG_DPN_control	original_hDRG_DPN_control	P7	blue	0.0015727222915098	-0.0016832132536594	True	True	True	69	188		-0.0032559355451692	0.0032559355451692	False	-1.0702545915105772	0.0
M01	original_hDRG_DPN_control	original_hDRG_DPN_control	P7	brown	0.0015727222915098	-4.853331338775836e-05	True	True	True	73	171		-0.0016212556048975583	0.0016212556048975583	False	-0.030859429951340486	0.0
M01	original_hDRG_DPN_control	original_hDRG_DPN_control	P7	green	0.0015727222915098	0.0011429741926167	True	True	True	74	183		-0.00042974809889309985	0.00042974809889309985	False	0.7267488982555558	1.0
M01	original_hDRG_DPN_control	original_hDRG_DPN_control	P7	magenta	0.0015727222915098	0.0016029673824479	True	True	True	75	196		3.0245090938100074e-05	3.0245090938100074e-05	False	1.019231043586891	1.0
M01	original_hDRG_DPN_control	original_hDRG_DPN_control	P7	pink	0.0015727222915098	0.0014977507493246	True	True	True	75	194		-7.497154218520001e-05	7.497154218520001e-05	False	0.952330082310191	1.0
M01	original_hDRG_DPN_control	original_hDRG_DPN_control	P7	red	0.0015727222915098	0.0013796239563012	True	True	True	72	191		-0.00019309833520859986	0.00019309833520859986	False	0.8772203228433756	1.0
M01	original_hDRG_DPN_control	original_hDRG_DPN_control	P7	turquoise	0.0015727222915098	0.0036884973444192	True	True	True	67	174		0.0021157750529094002	0.0021157750529094002	False	2.345294756951829	1.0
M01	original_hDRG_DPN_control	original_hDRG_DPN_control	P7	yellow	0.0015727222915098	0.0023781422302284	True	True	True	73	188		0.0008054199387186	0.0008054199387186	False	1.5121183460465888	1.0
M01	original_hDRG_DPN_control	original_hDRG_DPN_control	P6	black	0.0372744606356522	0.0373913183813318	True	True	True	45	78		0.00011685774567959939	0.00011685774567959939	False	1.0031350620152992	1.0
M01	original_hDRG_DPN_control	original_hDRG_DPN_control	P6	blue	0.0372744606356522	0.0341347904375448	True	True	True	43	76		-0.0031396701981074027	0.0031396701981074027	False	0.915768863061579	1.0
M01	original_hDRG_DPN_control	original_hDRG_DPN_control	P6	brown	0.0372744606356522	0.036919340653507	True	True	True	46	69		-0.00035511998214519946	0.00035511998214519946	False	0.9904728337824549	1.0
M01	original_hDRG_DPN_control	original_hDRG_DPN_control	P6	green	0.0372744606356522	0.0389965798337718	True	True	True	48	75		0.0017221191981195982	0.0017221191981195982	False	1.0462010494250433	1.0
M01	original_hDRG_DPN_control	original_hDRG_DPN_control	P6	magenta	0.0372744606356522	0.0373216535869858	True	True	True	47	79		4.719295133359669e-05	4.719295133359669e-05	False	1.0012660934733542	1.0
M01	original_hDRG_DPN_control	original_hDRG_DPN_control	P6	pink	0.0372744606356522	0.0382063352928253	True	True	True	46	79		0.0009318746571730999	0.0009318746571730999	False	1.0250003525545794	1.0
M01	original_hDRG_DPN_control	original_hDRG_DPN_control	P6	red	0.0372744606356522	0.0378758380042484	True	True	True	48	77		0.0006013773685962023	0.0006013773685962023	False	1.016133764468774	1.0
M01	original_hDRG_DPN_control	original_hDRG_DPN_control	P6	turquoise	0.0372744606356522	0.0390807712447318	True	True	True	42	74		0.0018063106090795977	0.0018063106090795977	False	1.0484597383376193	1.0
M01	original_hDRG_DPN_control	original_hDRG_DPN_control	P6	yellow	0.0372744606356522	0.0357653222746793	True	True	True	45	77		-0.0015091383609728976	0.0015091383609728976	False	0.9595128048739774	1.0
M01	original_hDRG_DPN_control	original_hDRG_DPN_control	P1	black	-0.0025231213324021	-0.0020884247769146	True	True	True	299	316		0.0004346965554874998	0.0004346965554874998	False	0.8277147634934966	1.0
M01	original_hDRG_DPN_control	original_hDRG_DPN_control	P1	blue	-0.0025231213324021	-0.0006216973614609	True	True	True	293	283		0.0019014239709412	0.0019014239709412	False	0.24640010509087262	1.0
M01	original_hDRG_DPN_control	original_hDRG_DPN_control	P1	brown	-0.0025231213324021	-0.0026378994767151	True	True	True	284	296		-0.0001147781443130002	0.0001147781443130002	False	1.045490536994401	1.0
M01	original_hDRG_DPN_control	original_hDRG_DPN_control	P1	green	-0.0025231213324021	-0.0031701234489207	True	True	True	276	323		-0.0006470021165186001	0.0006470021165186001	False	1.256429252216195	1.0
M01	original_hDRG_DPN_control	original_hDRG_DPN_control	P1	magenta	-0.0025231213324021	-0.002740943183998	True	True	True	299	325		-0.00021782185159590012	0.00021782185159590012	False	1.0863303119032037	1.0
M01	original_hDRG_DPN_control	original_hDRG_DPN_control	P1	pink	-0.0025231213324021	-0.0021820355999295	True	True	True	299	324		0.0003410857324726	0.0003410857324726	False	0.8648159610509597	1.0
M01	original_hDRG_DPN_control	original_hDRG_DPN_control	P1	red	-0.0025231213324021	-0.003668356237614	True	True	True	294	318		-0.0011452349052119	0.0011452349052119	False	1.4538960891435198	1.0
M01	original_hDRG_DPN_control	original_hDRG_DPN_control	P1	turquoise	-0.0025231213324021	-0.00357981732696	True	True	True	249	305		-0.0010566959945579003	0.0010566959945579003	False	1.4188050653719013	1.0
M01	original_hDRG_DPN_control	original_hDRG_DPN_control	P1	yellow	-0.0025231213324021	-0.0027166892994283	True	True	True	287	311		-0.00019356796702619996	0.00019356796702619996	False	1.0767176609940976	1.0
M01	original_hDRG_DPN_control	original_hDRG_DPN_control	P2	black	0.0233554988033742	0.0229981434686627	True	True	True	1318	1692		-0.0003573553347114983	0.0003573553347114983	False	0.9846993062438953	1.0
M01	original_hDRG_DPN_control	original_hDRG_DPN_control	P2	blue	0.0233554988033742	0.0228162438218815	True	True	True	1306	1620		-0.000539254981492699	0.000539254981492699	False	0.9769110055823431	1.0
M01	original_hDRG_DPN_control	original_hDRG_DPN_control	P2	brown	0.0233554988033742	0.0233123777698223	True	True	True	1327	1568		-4.312103355190097e-05	4.312103355190097e-05	False	0.9981537095861266	1.0
M01	original_hDRG_DPN_control	original_hDRG_DPN_control	P2	green	0.0233554988033742	0.023973410367294	True	True	True	1367	1649		0.000617911563919802	0.000617911563919802	False	1.0264567915728064	1.0
M01	original_hDRG_DPN_control	original_hDRG_DPN_control	P2	magenta	0.0233554988033742	0.0233577662549763	True	True	True	1366	1698		2.267451602099707e-06	2.267451602099707e-06	False	1.0000970842721533	1.0
M01	original_hDRG_DPN_control	original_hDRG_DPN_control	P2	pink	0.0233554988033742	0.0234802327901461	True	True	True	1342	1695		0.00012473398677190217	0.00012473398677190217	False	1.0053406689286328	1.0
M01	original_hDRG_DPN_control	original_hDRG_DPN_control	P2	red	0.0233554988033742	0.0238129851351553	True	True	True	1372	1634		0.0004574863317810991	0.0004574863317810991	False	1.019587949528828	1.0
M01	original_hDRG_DPN_control	original_hDRG_DPN_control	P2	turquoise	0.0233554988033742	0.0240071531110816	True	True	True	1246	1658		0.0006516543077073993	0.0006516543077073993	False	1.0279015367298965	1.0
M01	original_hDRG_DPN_control	original_hDRG_DPN_control	P2	yellow	0.0233554988033742	0.0230393294991504	True	True	True	1265	1648		-0.0003161693042238005	0.0003161693042238005	False	0.9864627466582677	1.0
M01	original_hDRG_DPN_control	original_hDRG_DPN_control	P3	black	0.010691270352071	0.0104707926852113	True	True	True	126	294		-0.00022047766685969958	0.00022047766685969958	False	0.9793777858384256	1.0
M01	original_hDRG_DPN_control	original_hDRG_DPN_control	P3	blue	0.010691270352071	0.0077216811543086	True	True	True	119	286		-0.0029695891977624	0.0029695891977624	False	0.722241688782366	1.0
M01	original_hDRG_DPN_control	original_hDRG_DPN_control	P3	brown	0.010691270352071	0.0094678059990165	True	True	True	125	263		-0.0012234643530544993	0.0012234643530544993	False	0.8855641740630473	1.0
M01	original_hDRG_DPN_control	original_hDRG_DPN_control	P3	green	0.010691270352071	0.0109305963120573	True	True	True	129	281		0.0002393259599862991	0.0002393259599862991	False	1.022385175204174	1.0
M01	original_hDRG_DPN_control	original_hDRG_DPN_control	P3	magenta	0.010691270352071	0.0107029214260253	True	True	True	129	298		1.1651073954300692e-05	1.1651073954300692e-05	False	1.001089774514218	1.0
M01	original_hDRG_DPN_control	original_hDRG_DPN_control	P3	pink	0.010691270352071	0.0112065461367055	True	True	True	128	295		0.0005152757846345005	0.0005152757846345005	False	1.0481959362794233	1.0
M01	original_hDRG_DPN_control	original_hDRG_DPN_control	P3	red	0.010691270352071	0.0103616846384663	True	True	True	125	291		-0.00032958571360469993	0.00032958571360469993	False	0.9691724460469886	1.0
M01	original_hDRG_DPN_control	original_hDRG_DPN_control	P3	turquoise	0.010691270352071	0.0125255658747152	True	True	True	116	270		0.0018342955226442002	0.0018342955226442002	False	1.1715694638933978	1.0
M01	original_hDRG_DPN_control	original_hDRG_DPN_control	P3	yellow	0.010691270352071	0.0111998899249494	True	True	True	125	283		0.0005086195728783993	0.0005086195728783993	False	1.0475733524762916	1.0
M01	original_hDRG_DPN_control	original_hDRG_DPN_control	P4	black	0.0076916675027862	0.0079897803810149	True	True	True	314	132		0.0002981128782287004	0.0002981128782287004	False	1.038757899781902	1.0
M01	original_hDRG_DPN_control	original_hDRG_DPN_control	P4	blue	0.0076916675027862	0.0096222566256302	True	True	True	299	112		0.0019305891228439996	0.0019305891228439996	False	1.250997475143676	1.0
M01	original_hDRG_DPN_control	original_hDRG_DPN_control	P4	brown	0.0076916675027862	0.008510355033421	True	True	True	302	118		0.0008186875306347994	0.0008186875306347994	False	1.1064382372662678	1.0
M01	original_hDRG_DPN_control	original_hDRG_DPN_control	P4	green	0.0076916675027862	0.0072350263416484	True	True	True	303	131		-0.00045664116113779997	0.00045664116113779997	False	0.9406317081475001	1.0
M01	original_hDRG_DPN_control	original_hDRG_DPN_control	P4	magenta	0.0076916675027862	0.0076331363851485	True	True	True	311	134		-5.8531117637699616e-05	5.8531117637699616e-05	False	0.9923903213943533	1.0
M01	original_hDRG_DPN_control	original_hDRG_DPN_control	P4	pink	0.0076916675027862	0.0076594743576652	True	True	True	312	133		-3.219314512100009e-05	3.219314512100009e-05	False	0.9958145428011106	1.0
M01	original_hDRG_DPN_control	original_hDRG_DPN_control	P4	red	0.0076916675027862	0.0078313815843846	True	True	True	310	128		0.0001397140815983999	0.0001397140815983999	False	1.018164342328603	1.0
M01	original_hDRG_DPN_control	original_hDRG_DPN_control	P4	turquoise	0.0076916675027862	0.0070852604467561	True	True	True	281	131		-0.0006064070560300996	0.0006064070560300996	False	0.9211605213290308	1.0
M01	original_hDRG_DPN_control	original_hDRG_DPN_control	P4	yellow	0.0076916675027862	0.0083935298055481	True	True	True	302	122		0.0007018623027619008	0.0007018623027619008	False	1.0912496935817442	1.0
M01	original_hDRG_DPN_control	original_hDRG_DPN_control	P5	black	0.0185780715972731	0.0185203364809289	True	True	True	16	41		-5.7735116344201365e-05	5.7735116344201365e-05	False	0.9968922976724519	1.0
M01	original_hDRG_DPN_control	original_hDRG_DPN_control	P5	blue	0.0185780715972731	0.0263632312606015	True	True	True	16	39		0.007785159663328399	0.007785159663328399	False	1.4190510098190767	1.0
M01	original_hDRG_DPN_control	original_hDRG_DPN_control	P5	brown	0.0185780715972731	0.0177210954875055	True	True	True	16	42		-0.0008569761097676001	0.0008569761097676001	False	0.9538716327321406	1.0
M01	original_hDRG_DPN_control	original_hDRG_DPN_control	P5	pink	0.0185780715972731	0.0190960848211567	True	True	True	16	42		0.0005180132238836004	0.0005180132238836004	False	1.0278830459432418	1.0
M01	original_hDRG_DPN_control	original_hDRG_DPN_control	P5	red	0.0185780715972731	0.0162877380123755	True	True	True	16	42		-0.002290333584897601	0.002290333584897601	False	0.876718443412944	1.0
M01	original_hDRG_DPN_control	original_hDRG_DPN_control	P5	turquoise	0.0185780715972731	0.0207725116377799	True	True	True	16	40		0.002194440040506798	0.002194440040506798	False	1.1181199043731158	1.0
M01	original_hDRG_DPN_control	original_hDRG_DPN_control	P5	yellow	0.0185780715972731	0.0181508761577181	True	True	True	15	39		-0.0004271954395550018	0.0004271954395550018	False	0.9770053938419687	1.0
M01	original_hDRG_DPN_control	original_hDRG_DPN_control	P10	black	0.0089886909223649	0.0093288654248481	True	True	True	219	116		0.0003401745024831995	0.0003401745024831995	False	1.0378447212637834	1.0
M01	original_hDRG_DPN_control	original_hDRG_DPN_control	P10	blue	0.0089886909223649	0.0111123870119701	True	True	True	208	98		0.0021236960896051996	0.0021236960896051996	False	1.2362631119422738	1.0
M01	original_hDRG_DPN_control	original_hDRG_DPN_control	P10	brown	0.0089886909223649	0.0093736284169362	True	True	True	210	104		0.00038493749457129897	0.00038493749457129897	False	1.042824644644698	1.0
M01	original_hDRG_DPN_control	original_hDRG_DPN_control	P10	green	0.0089886909223649	0.0086097912889314	True	True	True	211	115		-0.00037889963343350035	0.00037889963343350035	False	0.9578470728712282	1.0
M01	original_hDRG_DPN_control	original_hDRG_DPN_control	P10	magenta	0.0089886909223649	0.0089844631129354	True	True	True	217	118		-4.227809429499865e-06	4.227809429499865e-06	False	0.9995296523747434	1.0
M01	original_hDRG_DPN_control	original_hDRG_DPN_control	P10	pink	0.0089886909223649	0.0089570803232504	True	True	True	218	117		-3.161059911450069e-05	3.161059911450069e-05	False	0.9964832922404919	1.0
M01	original_hDRG_DPN_control	original_hDRG_DPN_control	P10	red	0.0089886909223649	0.0090569273303557	True	True	True	217	112		6.823640799080016e-05	6.823640799080016e-05	False	1.007591362143849	1.0
M01	original_hDRG_DPN_control	original_hDRG_DPN_control	P10	turquoise	0.0089886909223649	0.0082382501404822	True	True	True	195	115		-0.0007504407818827007	0.0007504407818827007	False	0.9165127838564883	1.0
M01	original_hDRG_DPN_control	original_hDRG_DPN_control	P10	yellow	0.0089886909223649	0.009592165336158	True	True	True	211	107		0.0006034744137931002	0.0006034744137931002	False	1.0671370746869921	1.0
M04	GSE250152	Morton minus control	P8	black	0.0101163246998001	0.0078335134653756	True	True	True	1235	1575		-0.0022828112344245	0.0022828112344245	False	0.7743438153512798	1.0
M04	GSE250152	Morton minus control	P8	blue	0.0101163246998001	0.0094188342406626	True	True	True	1228	1505		-0.0006974904591374991	0.0006974904591374991	False	0.931052978247003	1.0
M04	GSE250152	Morton minus control	P8	brown	0.0101163246998001	0.0071738077504795	True	True	True	1243	1462		-0.0029425169493205996	0.0029425169493205996	False	0.7091318204348716	1.0
M04	GSE250152	Morton minus control	P8	green	0.0101163246998001	0.0100584747629875	True	True	True	1282	1535		-5.7849936812598424e-05	5.7849936812598424e-05	False	0.9942815262924745	1.0
M04	GSE250152	Morton minus control	P8	magenta	0.0101163246998001	0.0100716036449306	True	True	True	1281	1580		-4.472105486949887e-05	4.472105486949887e-05	False	0.9955793179641236	1.0
M04	GSE250152	Morton minus control	P8	pink	0.0101163246998001	0.0099754460908108	True	True	True	1259	1577		-0.00014087860898929876	0.00014087860898929876	False	0.9860741313500858	1.0
M04	GSE250152	Morton minus control	P8	red	0.0101163246998001	0.0104923677866582	True	True	True	1287	1520		0.0003760430868581001	0.0003760430868581001	False	1.0371719075867079	1.0
M04	GSE250152	Morton minus control	P8	turquoise	0.0101163246998001	0.0111700526549661	True	True	True	1169	1545		0.001053727955166001	0.001053727955166001	False	1.1041611441343735	1.0
M04	GSE250152	Morton minus control	P8	yellow	0.0101163246998001	0.0122705390265831	True	True	True	1187	1532		0.0021542143267830015	0.0021542143267830015	False	1.212944363759456	1.0
M04	GSE250152	Morton minus control	P7	black	-0.0057893558773425	-0.0060736487163492	True	True	True	83	182		-0.0002842928390066994	0.0002842928390066994	False	1.0491061259715129	1.0
M04	GSE250152	Morton minus control	P7	blue	-0.0057893558773425	-0.0087526199583364	True	True	True	78	178		-0.0029632640809938993	0.0029632640809938993	False	1.511846938377216	1.0
M04	GSE250152	Morton minus control	P7	brown	-0.0057893558773425	-0.0113605165314873	True	True	True	82	162		-0.0055711606541447994	0.0055711606541447994	False	1.9623109672612042	1.0
M04	GSE250152	Morton minus control	P7	green	-0.0057893558773425	-0.0058204400469286	True	True	True	83	172		-3.108416958610017e-05	3.108416958610017e-05	False	1.0053691930924047	1.0
M04	GSE250152	Morton minus control	P7	magenta	-0.0057893558773425	-0.0056138214876308	True	True	True	84	185		0.00017553438971170017	0.00017553438971170017	False	0.9696798066260394	1.0
M04	GSE250152	Morton minus control	P7	pink	-0.0057893558773425	-0.0054055808795013	True	True	True	84	183		0.0003837749978412002	0.0003837749978412002	False	0.9337102423875581	1.0
M04	GSE250152	Morton minus control	P7	red	-0.0057893558773425	-0.005870406256837	True	True	True	81	180		-8.10503794945001e-05	8.10503794945001e-05	False	1.013999895879903	1.0
M04	GSE250152	Morton minus control	P7	turquoise	-0.0057893558773425	-0.0044342165436239	True	True	True	76	163		0.0013551393337186005	0.0013551393337186005	False	0.7659257156703497	1.0
M04	GSE250152	Morton minus control	P7	yellow	-0.0057893558773425	-0.0047166258096713	True	True	True	81	177		0.0010727300676712003	0.0010727300676712003	False	0.8147064906012277	1.0
M04	GSE250152	Morton minus control	P6	black	0.0337725119723272	0.0309932724314931	True	True	True	44	76		-0.0027792395408341025	0.0027792395408341025	False	0.91770705291003	1.0
M04	GSE250152	Morton minus control	P6	blue	0.0337725119723272	0.0302153025467938	True	True	True	42	74		-0.0035572094255334023	0.0035572094255334023	False	0.8946714585978047	1.0
M04	GSE250152	Morton minus control	P6	brown	0.0337725119723272	0.0274971559184175	True	True	True	45	67		-0.006275356053909702	0.006275356053909702	False	0.8141874652660822	1.0
M04	GSE250152	Morton minus control	P6	green	0.0337725119723272	0.0356733315509427	True	True	True	47	73		0.0019008195786154938	0.0019008195786154938	False	1.0562830381161166	1.0
M04	GSE250152	Morton minus control	P6	magenta	0.0337725119723272	0.0339188176173221	True	True	True	46	77		0.00014630564499489712	0.00014630564499489712	False	1.004332092475525	1.0
M04	GSE250152	Morton minus control	P6	pink	0.0337725119723272	0.0349260765916966	True	True	True	45	77		0.0011535646193693988	0.0011535646193693988	False	1.0341569090363967	1.0
M04	GSE250152	Morton minus control	P6	red	0.0337725119723272	0.0338717742047769	True	True	True	47	75		9.926223244969418e-05	9.926223244969418e-05	False	1.0029391427126009	1.0
M04	GSE250152	Morton minus control	P6	turquoise	0.0337725119723272	0.0366839859634557	True	True	True	41	72		0.0029114739911284965	0.0029114739911284965	False	1.0862083931901223	1.0
M04	GSE250152	Morton minus control	P6	yellow	0.0337725119723272	0.0306277255510893	True	True	True	44	75		-0.0031447864212379023	0.0031447864212379023	False	0.9068832539369679	1.0
M04	GSE250152	Morton minus control	P1	black	0.0025504917589955	0.0033576020820126	True	True	True	297	325		0.0008071103230171003	0.0008071103230171003	False	1.3164528252916123	1.0
M04	GSE250152	Morton minus control	P1	blue	0.0025504917589955	0.007588463773646	True	True	True	292	292		0.0050379720146504995	0.0050379720146504995	False	2.9752943709313073	1.0
M04	GSE250152	Morton minus control	P1	brown	0.0025504917589955	-0.0034373580999305	True	True	True	282	306		-0.005987849858926	0.005987849858926	False	-1.3477236645862711	0.0
M04	GSE250152	Morton minus control	P1	green	0.0025504917589955	0.0013844838259052	True	True	True	274	332		-0.0011660079330902998	0.0011660079330902998	False	0.5428301507041422	1.0
M04	GSE250152	Morton minus control	P1	magenta	0.0025504917589955	0.0029620539641475	True	True	True	298	334		0.0004115622051520003	0.0004115622051520003	False	1.1613658243358105	1.0
M04	GSE250152	Morton minus control	P1	pink	0.0025504917589955	0.0019474163388218	True	True	True	297	333		-0.0006030754201736999	0.0006030754201736999	False	0.7635454347003189	1.0
M04	GSE250152	Morton minus control	P1	red	0.0025504917589955	0.0022108635919254	True	True	True	292	327		-0.00033962816707009975	0.00033962816707009975	False	0.866838163318018	1.0
M04	GSE250152	Morton minus control	P1	turquoise	0.0025504917589955	0.002439696598706	True	True	True	247	314		-0.00011079516028949989	0.00011079516028949989	False	0.9565592949286235	1.0
M04	GSE250152	Morton minus control	P1	yellow	0.0025504917589955	0.0004030322810519	True	True	True	285	319		-0.0021474594779436	0.0021474594779436	False	0.1580214010221435	1.0
M04	GSE250152	Morton minus control	P2	black	0.0111337852952969	0.008887982867519	True	True	True	1314	1682		-0.0022458024277778998	0.0022458024277778998	False	0.7982894075812146	1.0
M04	GSE250152	Morton minus control	P2	blue	0.0111337852952969	0.0102467507080808	True	True	True	1302	1610		-0.0008870345872161005	0.0008870345872161005	False	0.9203294689371458	1.0
M04	GSE250152	Morton minus control	P2	brown	0.0111337852952969	0.0080648029809454	True	True	True	1323	1558		-0.0030689823143514993	0.0030689823143514993	False	0.7243540958484362	1.0
M04	GSE250152	Morton minus control	P2	green	0.0111337852952969	0.0111609594142422	True	True	True	1364	1639		2.717411894529939e-05	2.717411894529939e-05	False	1.002440690046069	1.0
M04	GSE250152	Morton minus control	P2	magenta	0.0111337852952969	0.0110935037818692	True	True	True	1362	1688		-4.028151342769931e-05	4.028151342769931e-05	False	0.9963820468637279	1.0
M04	GSE250152	Morton minus control	P2	pink	0.0111337852952969	0.0109847266007816	True	True	True	1338	1685		-0.00014905869451529996	0.00014905869451529996	False	0.9866120379940985	1.0
M04	GSE250152	Morton minus control	P2	red	0.0111337852952969	0.0115487017663545	True	True	True	1368	1624		0.00041491647105760046	0.00041491647105760046	False	1.0372664336569224	1.0
M04	GSE250152	Morton minus control	P2	turquoise	0.0111337852952969	0.0122788605051992	True	True	True	1242	1648		0.0011450752099022993	0.0011450752099022993	False	1.1028468916484315	1.0
M04	GSE250152	Morton minus control	P2	yellow	0.0111337852952969	0.0130812193868164	True	True	True	1261	1638		0.0019474340915195	0.0019474340915195	False	1.1749121291518105	1.0
M04	GSE250152	Morton minus control	P3	black	0.0046055320784919	0.0032374417736362	True	True	True	134	279		-0.0013680903048557003	0.0013680903048557003	False	0.7029463085829408	1.0
M04	GSE250152	Morton minus control	P3	blue	0.0046055320784919	0.0015402092261133	True	True	True	127	272		-0.0030653228523786005	0.0030653228523786005	False	0.3344259034273511	1.0
M04	GSE250152	Morton minus control	P3	brown	0.0046055320784919	-0.000629165902733	True	True	True	133	250		-0.0052346979812249	0.0052346979812249	False	-0.13661090445363328	0.0
M04	GSE250152	Morton minus control	P3	green	0.0046055320784919	0.0051737816292517	True	True	True	137	266		0.0005682495507597996	0.0005682495507597996	False	1.1233841261064184	1.0
M04	GSE250152	Morton minus control	P3	magenta	0.0046055320784919	0.004682638374999	True	True	True	137	283		7.710629650709965e-05	7.710629650709965e-05	False	1.016742103885714	1.0
M04	GSE250152	Morton minus control	P3	pink	0.0046055320784919	0.0053438052574069	True	True	True	136	280		0.0007382731789149994	0.0007382731789149994	False	1.1603013867524183	1.0
M04	GSE250152	Morton minus control	P3	red	0.0046055320784919	0.0042845356055987	True	True	True	133	276		-0.0003209964728931999	0.0003209964728931999	False	0.930301978702467	1.0
M04	GSE250152	Morton minus control	P3	turquoise	0.0046055320784919	0.0060389487976513	True	True	True	124	255		0.0014334167191593994	0.0014334167191593994	False	1.3112380273830981	1.0
M04	GSE250152	Morton minus control	P3	yellow	0.0046055320784919	0.0040993856495878	True	True	True	132	268		-0.0005061464289041005	0.0005061464289041005	False	0.8901003357966317	1.0
M04	GSE250152	Morton minus control	P4	black	0.0086309807878424	0.0103540506329218	True	True	True	321	132		0.0017230698450793995	0.0017230698450793995	False	1.1996377801589497	1.0
M04	GSE250152	Morton minus control	P4	blue	0.0086309807878424	0.0116309101750379	True	True	True	306	112		0.0029999293871954998	0.0029999293871954998	False	1.347576881577723	1.0
M04	GSE250152	Morton minus control	P4	brown	0.0086309807878424	0.0047597215231192	True	True	True	309	118		-0.003871259264723201	0.003871259264723201	False	0.5514693683276115	1.0
M04	GSE250152	Morton minus control	P4	green	0.0086309807878424	0.0074157443105984	True	True	True	310	131		-0.001215236477244001	0.001215236477244001	False	0.859200650874373	1.0
M04	GSE250152	Morton minus control	P4	magenta	0.0086309807878424	0.0083437121433777	True	True	True	318	134		-0.0002872686444647006	0.0002872686444647006	False	0.9667165700485225	1.0
M04	GSE250152	Morton minus control	P4	pink	0.0086309807878424	0.00891897057282	True	True	True	319	133		0.0002879897849775992	0.0002879897849775992	False	1.0333669825083218	1.0
M04	GSE250152	Morton minus control	P4	red	0.0086309807878424	0.0089617695668091	True	True	True	317	128		0.0003307887789666987	0.0003307887789666987	False	1.0383257461808568	1.0
M04	GSE250152	Morton minus control	P4	turquoise	0.0086309807878424	0.0085022551132998	True	True	True	288	131		-0.00012872567454260027	0.00012872567454260027	False	0.9850856261059087	1.0
M04	GSE250152	Morton minus control	P4	yellow	0.0086309807878424	0.0087627796242658	True	True	True	308	122		0.00013179883642339997	0.00013179883642339997	False	1.0152704356159674	1.0
M04	GSE250152	Morton minus control	P5	black	-0.0215980474390003	-0.0196906831897834	True	True	True	16	40		0.0019073642492168988	0.0019073642492168988	False	0.9116881165020173	1.0
M04	GSE250152	Morton minus control	P5	blue	-0.0215980474390003	-0.0222901725747875	True	True	True	16	38		-0.0006921251357871992	0.0006921251357871992	False	1.0320457271770505	1.0
M04	GSE250152	Morton minus control	P5	brown	-0.0215980474390003	-0.0216984027713848	True	True	True	16	41		-0.00010035533238449829	0.00010035533238449829	False	1.0046465002296125	1.0
M04	GSE250152	Morton minus control	P5	pink	-0.0215980474390003	-0.0214987285378413	True	True	True	16	41		9.931890115899913e-05	9.931890115899913e-05	False	0.9954014870353671	1.0
M04	GSE250152	Morton minus control	P5	red	-0.0215980474390003	-0.0204337119633483	True	True	True	16	41		0.0011643354756519994	0.0011643354756519994	False	0.9460907066279741	1.0
M04	GSE250152	Morton minus control	P5	turquoise	-0.0215980474390003	-0.019031244528636	True	True	True	16	39		0.0025668029103643013	0.0025668029103643013	False	0.8811557888455537	1.0
M04	GSE250152	Morton minus control	P5	yellow	-0.0215980474390003	-0.025415291441125	True	True	True	15	38		-0.0038172440021247006	0.0038172440021247006	False	1.1767402360285486	1.0
M04	GSE250152	Morton minus control	P10	black	0.0101414208884751	0.0121093058180295	True	True	True	219	116		0.0019678849295544	0.0019678849295544	False	1.1940443012074118	1.0
M04	GSE250152	Morton minus control	P10	blue	0.0101414208884751	0.0137981843149579	True	True	True	208	98		0.003656763426482799	0.003656763426482799	False	1.3605770302501115	1.0
M04	GSE250152	Morton minus control	P10	brown	0.0101414208884751	0.0054115300009377	True	True	True	210	104		-0.004729890887537401	0.004729890887537401	False	0.5336066869177536	1.0
M04	GSE250152	Morton minus control	P10	green	0.0101414208884751	0.0083654906823012	True	True	True	211	115		-0.001775930206173901	0.001775930206173901	False	0.8248834925890808	1.0
M04	GSE250152	Morton minus control	P10	magenta	0.0101414208884751	0.00987882822141	True	True	True	217	118		-0.00026259266706510007	0.00026259266706510007	False	0.9741069155937	1.0
M04	GSE250152	Morton minus control	P10	pink	0.0101414208884751	0.0104860079457781	True	True	True	218	117		0.0003445870573029995	0.0003445870573029995	False	1.0339781832439865	1.0
M04	GSE250152	Morton minus control	P10	red	0.0101414208884751	0.0106695403163893	True	True	True	217	112		0.0005281194279141994	0.0005281194279141994	False	1.0520754866326831	1.0
M04	GSE250152	Morton minus control	P10	turquoise	0.0101414208884751	0.0100274614342691	True	True	True	195	115		-0.00011395945420600122	0.00011395945420600122	False	0.9887629696608384	1.0
M04	GSE250152	Morton minus control	P10	yellow	0.0101414208884751	0.0102884089859549	True	True	True	211	107		0.0001469880974797992	0.0001469880974797992	False	1.01449383662272	1.0
M05	GSE143979	AH DPN minus MNC	P8	black	0.0044446054100294	0.0046568961233046	True	True	True	1234	1564		0.00021229071327519972	0.00021229071327519972	False	1.0477636806174422	1.0
M05	GSE143979	AH DPN minus MNC	P8	blue	0.0044446054100294	0.003811241246056	True	True	True	1227	1494		-0.0006333641639733999	0.0006333641639733999	False	0.8574982241293698	1.0
M05	GSE143979	AH DPN minus MNC	P8	brown	0.0044446054100294	0.0047567883104715	True	True	True	1242	1451		0.0003121829004420996	0.0003121829004420996	False	1.070238608749755	1.0
M05	GSE143979	AH DPN minus MNC	P8	green	0.0044446054100294	0.0045852215026464	True	True	True	1280	1524		0.00014061609261699966	0.00014061609261699966	False	1.0316374750162736	1.0
M05	GSE143979	AH DPN minus MNC	P8	magenta	0.0044446054100294	0.0044655420665614	True	True	True	1280	1569		2.0936656531999817e-05	2.0936656531999817e-05	False	1.0047105771155198	1.0
M05	GSE143979	AH DPN minus MNC	P8	pink	0.0044446054100294	0.0043825004561862	True	True	True	1258	1566		-6.210495384320006e-05	6.210495384320006e-05	False	0.986026891452938	1.0
M05	GSE143979	AH DPN minus MNC	P8	red	0.0044446054100294	0.0048462303732182	True	True	True	1286	1509		0.00040162496318880015	0.00040162496318880015	False	1.0903623440412775	1.0
M05	GSE143979	AH DPN minus MNC	P8	turquoise	0.0044446054100294	0.004176582911136	True	True	True	1168	1534		-0.00026802249889340025	0.00026802249889340025	False	0.939697121753801	1.0
M05	GSE143979	AH DPN minus MNC	P8	yellow	0.0044446054100294	0.0020128888405055	True	True	True	1186	1521		-0.0024317165695239003	0.0024317165695239003	False	0.4528835869126535	1.0
M05	GSE143979	AH DPN minus MNC	P7	black	-0.002821040902561	-0.0025855319191035	True	True	True	75	195		0.00023550898345749962	0.00023550898345749962	False	0.9165169908583389	1.0
M05	GSE143979	AH DPN minus MNC	P7	blue	-0.002821040902561	-0.0040486967085776	True	True	True	70	190		-0.0012276558060166005	0.0012276558060166005	False	1.435178307731061	1.0
M05	GSE143979	AH DPN minus MNC	P7	brown	-0.002821040902561	-0.0048025720893941	True	True	True	74	173		-0.0019815311868331006	0.0019815311868331006	False	1.7024113634914777	1.0
M05	GSE143979	AH DPN minus MNC	P7	green	-0.002821040902561	-0.0022097845982025	True	True	True	75	185		0.0006112563043584999	0.0006112563043584999	False	0.7833224240727639	1.0
M05	GSE143979	AH DPN minus MNC	P7	magenta	-0.002821040902561	-0.0029644378862668	True	True	True	76	198		-0.00014339698370580004	0.00014339698370580004	False	1.050831231683178	1.0
M05	GSE143979	AH DPN minus MNC	P7	pink	-0.002821040902561	-0.0026318202204325	True	True	True	76	196		0.00018922068212849988	0.00018922068212849988	False	0.9329252255943111	1.0
M05	GSE143979	AH DPN minus MNC	P7	red	-0.002821040902561	-0.0030252024852883	True	True	True	73	193		-0.00020416158272730002	0.00020416158272730002	False	1.0723710111902163	1.0
M05	GSE143979	AH DPN minus MNC	P7	turquoise	-0.002821040902561	-0.0025840004095094	True	True	True	68	176		0.00023704049305159998	0.00023704049305159998	False	0.9159741027376066	1.0
M05	GSE143979	AH DPN minus MNC	P7	yellow	-0.002821040902561	-0.0011442541736242	True	True	True	73	190		0.0016767867289367998	0.0016767867289367998	False	0.40561417333063915	1.0
M05	GSE143979	AH DPN minus MNC	P6	black	-0.0041551534177095	-0.004809531969959	True	True	True	45	76		-0.0006543785522495002	0.0006543785522495002	False	1.1574860147065813	1.0
M05	GSE143979	AH DPN minus MNC	P6	blue	-0.0041551534177095	-0.0048872101728842	True	True	True	43	74		-0.0007320567551747006	0.0007320567551747006	False	1.1761804394645534	1.0
M05	GSE143979	AH DPN minus MNC	P6	brown	-0.0041551534177095	0.0018652624663308	True	True	True	46	67		0.0060204158840403	0.0060204158840403	False	-0.44890339268363605	0.0
M05	GSE143979	AH DPN minus MNC	P6	green	-0.0041551534177095	-0.0041468329868736	True	True	True	48	73		8.320430835899971e-06	8.320430835899971e-06	False	0.9979975635074176	1.0
M05	GSE143979	AH DPN minus MNC	P6	magenta	-0.0041551534177095	-0.0034922058866106	True	True	True	47	77		0.0006629475310988998	0.0006629475310988998	False	0.8404517319930043	1.0
M05	GSE143979	AH DPN minus MNC	P6	pink	-0.0041551534177095	-0.00243651831401	True	True	True	46	77		0.0017186351036995	0.0017186351036995	False	0.5863846816402544	1.0
M05	GSE143979	AH DPN minus MNC	P6	red	-0.0041551534177095	-0.0033392852752149	True	True	True	48	75		0.0008158681424945999	0.0008158681424945999	False	0.8036490929510993	1.0
M05	GSE143979	AH DPN minus MNC	P6	turquoise	-0.0041551534177095	-0.0047381983183995	True	True	True	42	72		-0.0005830449006900005	0.0005830449006900005	False	1.1403185014071995	1.0
M05	GSE143979	AH DPN minus MNC	P6	yellow	-0.0041551534177095	-0.0042408119827859	True	True	True	45	75		-8.565856507640034e-05	8.565856507640034e-05	False	1.0206150186203278	1.0
M05	GSE143979	AH DPN minus MNC	P1	black	0.0146267140585267	0.0138663455814218	True	True	True	300	318		-0.0007603684771048998	0.0007603684771048998	False	0.948015085680735	1.0
M05	GSE143979	AH DPN minus MNC	P1	blue	0.0146267140585267	0.0195299958454205	True	True	True	294	285		0.004903281786893799	0.004903281786893799	False	1.3352278418292736	1.0
M05	GSE143979	AH DPN minus MNC	P1	brown	0.0146267140585267	0.0134639068386092	True	True	True	285	298		-0.0011628072199174992	0.0011628072199174992	False	0.920501131336492	1.0
M05	GSE143979	AH DPN minus MNC	P1	green	0.0146267140585267	0.0161072266458337	True	True	True	277	325		0.0014805125873070014	0.0014805125873070014	False	1.1012197668856412	1.0
M05	GSE143979	AH DPN minus MNC	P1	magenta	0.0146267140585267	0.0141809788736825	True	True	True	300	327		-0.0004457351848441999	0.0004457351848441999	False	0.9695259520996545	1.0
M05	GSE143979	AH DPN minus MNC	P1	pink	0.0146267140585267	0.0141482359639575	True	True	True	300	326		-0.0004784780945692006	0.0004784780945692006	False	0.9672873830270668	1.0
M05	GSE143979	AH DPN minus MNC	P1	red	0.0146267140585267	0.0135336852962317	True	True	True	295	320		-0.001093028762294999	0.001093028762294999	False	0.9252717488069158	1.0
M05	GSE143979	AH DPN minus MNC	P1	turquoise	0.0146267140585267	0.0110880663928956	True	True	True	250	307		-0.0035386476656310995	0.0035386476656310995	False	0.7580695396469974	1.0
M05	GSE143979	AH DPN minus MNC	P1	yellow	0.0146267140585267	0.0138324744126362	True	True	True	288	312		-0.0007942396458904995	0.0007942396458904995	False	0.945699379729961	1.0
M05	GSE143979	AH DPN minus MNC	P2	black	0.0043016923282453	0.00448854327234	True	True	True	1316	1670		0.00018685094409469968	0.00018685094409469968	False	1.0434366128111534	1.0
M05	GSE143979	AH DPN minus MNC	P2	blue	0.0043016923282453	0.0035823216023933	True	True	True	1304	1598		-0.000719370725852	0.000719370725852	False	0.8327702980688445	1.0
M05	GSE143979	AH DPN minus MNC	P2	brown	0.0043016923282453	0.0049854246231615	True	True	True	1325	1546		0.0006837322949162002	0.0006837322949162002	False	1.1589449553206659	1.0
M05	GSE143979	AH DPN minus MNC	P2	green	0.0043016923282453	0.0044581072936234	True	True	True	1365	1627		0.00015641496537810006	0.00015641496537810006	False	1.036361262833947	1.0
M05	GSE143979	AH DPN minus MNC	P2	magenta	0.0043016923282453	0.0043439842528864	True	True	True	1364	1676		4.2291924641099654e-05	4.2291924641099654e-05	False	1.009831461995412	1.0
M05	GSE143979	AH DPN minus MNC	P2	pink	0.0043016923282453	0.0042839460549279	True	True	True	1340	1673		-1.774627331739987e-05	1.774627331739987e-05	False	0.9958745833120429	1.0
M05	GSE143979	AH DPN minus MNC	P2	red	0.0043016923282453	0.0047192050779148	True	True	True	1370	1612		0.0004175127496695002	0.0004175127496695002	False	1.0970577897745206	1.0
M05	GSE143979	AH DPN minus MNC	P2	turquoise	0.0043016923282453	0.0040354245223755	True	True	True	1244	1636		-0.0002662678058698003	0.0002662678058698003	False	0.9381016154685304	1.0
M05	GSE143979	AH DPN minus MNC	P2	yellow	0.0043016923282453	0.0019935261865188	True	True	True	1263	1626		-0.0023081661417265	0.0023081661417265	False	0.4634283520067503	1.0
M05	GSE143979	AH DPN minus MNC	P3	black	-0.0051135175825928	-0.0052690418752103	True	True	True	127	294		-0.0001555242926175003	0.0001555242926175003	False	1.0304143459185373	1.0
M05	GSE143979	AH DPN minus MNC	P3	blue	-0.0051135175825928	-0.0060432629663938	True	True	True	120	286		-0.0009297453838009997	0.0009297453838009997	False	1.1818210984481594	1.0
M05	GSE143979	AH DPN minus MNC	P3	brown	-0.0051135175825928	-0.0050541022809145	True	True	True	126	263		5.941530167829969e-05	5.941530167829969e-05	False	0.9883807377761722	1.0
M05	GSE143979	AH DPN minus MNC	P3	green	-0.0051135175825928	-0.0047513105574543	True	True	True	130	281		0.00036220702513850046	0.00036220702513850046	False	0.9291667586376335	1.0
M05	GSE143979	AH DPN minus MNC	P3	magenta	-0.0051135175825928	-0.0049925901288164	True	True	True	130	298		0.00012092745377639998	0.00012092745377639998	False	0.9763514152785833	1.0
M05	GSE143979	AH DPN minus MNC	P3	pink	-0.0051135175825928	-0.0043648174376252	True	True	True	129	295		0.0007487001449676001	0.0007487001449676001	False	0.8535841262155252	1.0
M05	GSE143979	AH DPN minus MNC	P3	red	-0.0051135175825928	-0.0051003184737712	True	True	True	126	291		1.3199108821600365e-05	1.3199108821600365e-05	False	0.9974187809842422	1.0
M05	GSE143979	AH DPN minus MNC	P3	turquoise	-0.0051135175825928	-0.0053911379034224	True	True	True	117	270		-0.0002776203208296	0.0002776203208296	False	1.0542914571712165	1.0
M05	GSE143979	AH DPN minus MNC	P3	yellow	-0.0051135175825928	-0.0040997115729744	True	True	True	125	283		0.0010138060096183997	0.0010138060096183997	False	0.8017399973220878	1.0
M05	GSE143979	AH DPN minus MNC	P4	black	0.0088177672659256	0.0083436306883019	True	True	True	316	131		-0.0004741365776237006	0.0004741365776237006	False	0.9462294066825849	1.0
M05	GSE143979	AH DPN minus MNC	P4	blue	0.0088177672659256	0.010555259639314	True	True	True	301	111		0.0017374923733884003	0.0017374923733884003	False	1.197044480874719	1.0
M05	GSE143979	AH DPN minus MNC	P4	brown	0.0088177672659256	0.0069130054078917	True	True	True	304	117		-0.0019047618580338996	0.0019047618580338996	False	0.7839859228997289	1.0
M05	GSE143979	AH DPN minus MNC	P4	green	0.0088177672659256	0.0086562614220793	True	True	True	305	130		-0.00016150584384629942	0.00016150584384629942	False	0.9816840432531708	1.0
M05	GSE143979	AH DPN minus MNC	P4	magenta	0.0088177672659256	0.0089450759649866	True	True	True	313	133		0.00012730869906099965	0.00012730869906099965	False	1.0144377476998012	1.0
M05	GSE143979	AH DPN minus MNC	P4	pink	0.0088177672659256	0.0085745303373347	True	True	True	314	132		-0.00024323692859089946	0.00024323692859089946	False	0.9724151339839919	1.0
M05	GSE143979	AH DPN minus MNC	P4	red	0.0088177672659256	0.0099374593007816	True	True	True	312	127		0.0011196920348560003	0.0011196920348560003	False	1.1269813549267527	1.0
M05	GSE143979	AH DPN minus MNC	P4	turquoise	0.0088177672659256	0.0067990861162224	True	True	True	283	130		-0.0020186811497032	0.0020186811497032	False	0.7710666329895135	1.0
M05	GSE143979	AH DPN minus MNC	P4	yellow	0.0088177672659256	0.0105169829957496	True	True	True	303	121		0.0016992157298240003	0.0016992157298240003	False	1.1927036265053468	1.0
M05	GSE143979	AH DPN minus MNC	P5	black	0.037343859683253	0.0372808834265784	True	True	True	15	40		-6.297625667460449e-05	6.297625667460449e-05	False	0.99831361146896	1.0
M05	GSE143979	AH DPN minus MNC	P5	blue	0.037343859683253	0.0424886437459074	True	True	True	15	38		0.005144784062654395	0.005144784062654395	False	1.1377678715133346	1.0
M05	GSE143979	AH DPN minus MNC	P5	brown	0.037343859683253	0.0389705435286743	True	True	True	15	41		0.0016266838454212992	0.0016266838454212992	False	1.043559606832788	1.0
M05	GSE143979	AH DPN minus MNC	P5	pink	0.037343859683253	0.0352457439989917	True	True	True	15	41		-0.002098115684261305	0.002098115684261305	False	0.9438163140591969	1.0
M05	GSE143979	AH DPN minus MNC	P5	red	0.037343859683253	0.0361498705971977	True	True	True	15	41		-0.0011939890860553012	0.0011939890860553012	False	0.9680271644071449	1.0
M05	GSE143979	AH DPN minus MNC	P5	turquoise	0.037343859683253	0.0385325671200454	True	True	True	15	39		0.001188707436792398	0.001188707436792398	False	1.03183140272256	1.0
M05	GSE143979	AH DPN minus MNC	P5	yellow	0.037343859683253	0.0270814737709012	True	True	True	14	38		-0.010262385912351804	0.010262385912351804	False	0.7251921467305102	1.0
M05	GSE143979	AH DPN minus MNC	P10	black	0.0156261245448968	0.0151401007222685	True	True	True	219	116		-0.00048602382262829917	0.00048602382262829917	False	0.9688967138824562	1.0
M05	GSE143979	AH DPN minus MNC	P10	blue	0.0156261245448968	0.0184027429267682	True	True	True	208	98		0.0027766183818714006	0.0027766183818714006	False	1.1776907878785718	1.0
M05	GSE143979	AH DPN minus MNC	P10	brown	0.0156261245448968	0.0125813073309498	True	True	True	210	104		-0.003044817213946999	0.003044817213946999	False	0.8051457221399544	1.0
M05	GSE143979	AH DPN minus MNC	P10	green	0.0156261245448968	0.0155682903577458	True	True	True	211	115		-5.783418715099922e-05	5.783418715099922e-05	False	0.9962988783952905	1.0
M05	GSE143979	AH DPN minus MNC	P10	magenta	0.0156261245448968	0.0157594451070514	True	True	True	217	118		0.00013332056215459992	0.00013332056215459992	False	1.0085319019294607	1.0
M05	GSE143979	AH DPN minus MNC	P10	pink	0.0156261245448968	0.0155020925698421	True	True	True	218	117		-0.00012403197505470032	0.00012403197505470032	False	0.9920625248635173	1.0
M05	GSE143979	AH DPN minus MNC	P10	red	0.0156261245448968	0.0170406534656763	True	True	True	217	112		0.0014145289207794995	0.0014145289207794995	False	1.0905233358863415	1.0
M05	GSE143979	AH DPN minus MNC	P10	turquoise	0.0156261245448968	0.0132296749873672	True	True	True	195	115		-0.002396449557529599	0.002396449557529599	False	0.8466382658960545	1.0
M05	GSE143979	AH DPN minus MNC	P10	yellow	0.0156261245448968	0.0173543986359295	True	True	True	211	107		0.0017282740910327006	0.0017282740910327006	False	1.1106015817336565	1.0
M05	GSE143979	MG DPN minus MNC	P8	black	0.0086914303718945	0.0091617412529433	True	True	True	1234	1564		0.0004703108810487997	0.0004703108810487997	False	1.0541120230991718	1.0
M05	GSE143979	MG DPN minus MNC	P8	blue	0.0086914303718945	0.0083992996713168	True	True	True	1227	1494		-0.00029213070057769984	0.00029213070057769984	False	0.9663886508804853	1.0
M05	GSE143979	MG DPN minus MNC	P8	brown	0.0086914303718945	0.0087950925374938	True	True	True	1242	1451		0.00010366216559930079	0.00010366216559930079	False	1.0119269396593815	1.0
M05	GSE143979	MG DPN minus MNC	P8	green	0.0086914303718945	0.008363433537411	True	True	True	1280	1524		-0.0003279968344835002	0.0003279968344835002	False	0.9622620419828543	1.0
M05	GSE143979	MG DPN minus MNC	P8	magenta	0.0086914303718945	0.0086524386506377	True	True	True	1280	1569		-3.899172125679945e-05	3.899172125679945e-05	False	0.9955137739602808	1.0
M05	GSE143979	MG DPN minus MNC	P8	pink	0.0086914303718945	0.0089111010149076	True	True	True	1258	1566		0.00021967064301310103	0.00021967064301310103	False	1.025274394847993	1.0
M05	GSE143979	MG DPN minus MNC	P8	red	0.0086914303718945	0.0088593675960508	True	True	True	1286	1509		0.0001679372241563011	0.0001679372241563011	False	1.0193221618272823	1.0
M05	GSE143979	MG DPN minus MNC	P8	turquoise	0.0086914303718945	0.0088759530749674	True	True	True	1168	1534		0.0001845227030728997	0.0001845227030728997	False	1.0212304183750458	1.0
M05	GSE143979	MG DPN minus MNC	P8	yellow	0.0086914303718945	0.0077189545171466	True	True	True	1186	1521		-0.0009724758547478996	0.0009724758547478996	False	0.888110953762847	1.0
M05	GSE143979	MG DPN minus MNC	P7	black	0.0076401961670697	0.0082063328697993	True	True	True	75	195		0.0005661367027296003	0.0005661367027296003	False	1.074099760051938	1.0
M05	GSE143979	MG DPN minus MNC	P7	blue	0.0076401961670697	0.0035046187115219	True	True	True	70	190		-0.0041355774555478005	0.0041355774555478005	False	0.45870794870782117	1.0
M05	GSE143979	MG DPN minus MNC	P7	brown	0.0076401961670697	0.0061230210674034	True	True	True	74	173		-0.0015171750996663003	0.0015171750996663003	False	0.8014219705240639	1.0
M05	GSE143979	MG DPN minus MNC	P7	green	0.0076401961670697	0.0080394325486757	True	True	True	75	185		0.00039923638160599927	0.00039923638160599927	False	1.052254729181793	1.0
M05	GSE143979	MG DPN minus MNC	P7	magenta	0.0076401961670697	0.0075056226073003	True	True	True	76	198		-0.00013457355976939991	0.00013457355976939991	False	0.9823861119758377	1.0
M05	GSE143979	MG DPN minus MNC	P7	pink	0.0076401961670697	0.007454537755305	True	True	True	76	196		-0.00018565841176470047	0.00018565841176470047	False	0.9756997847038387	1.0
M05	GSE143979	MG DPN minus MNC	P7	red	0.0076401961670697	0.0080296187213415	True	True	True	73	193		0.000389422554271799	0.000389422554271799	False	1.0509702297894215	1.0
M05	GSE143979	MG DPN minus MNC	P7	turquoise	0.0076401961670697	0.0082295937636714	True	True	True	68	176		0.0005893975966017005	0.0005893975966017005	False	1.0771443014960906	1.0
M05	GSE143979	MG DPN minus MNC	P7	yellow	0.0076401961670697	0.0088524510380384	True	True	True	73	190		0.0012122548709686994	0.0012122548709686994	False	1.1586680295191483	1.0
M05	GSE143979	MG DPN minus MNC	P6	black	-0.0009808188285233	-0.0005722773609769	True	True	True	45	76		0.00040854146754639993	0.00040854146754639993	False	0.5834689795244945	1.0
M05	GSE143979	MG DPN minus MNC	P6	blue	-0.0009808188285233	-0.0041898796624006	True	True	True	43	74		-0.0032090608338773002	0.0032090608338773002	False	4.2718181386350365	1.0
M05	GSE143979	MG DPN minus MNC	P6	brown	-0.0009808188285233	0.0029359917981243	True	True	True	46	67		0.0039168106266476	0.0039168106266476	False	-2.9934088872913125	0.0
M05	GSE143979	MG DPN minus MNC	P6	green	-0.0009808188285233	0.0007352560252037	True	True	True	48	73		0.0017160748537269998	0.0017160748537269998	False	-0.7496349007804897	0.0
M05	GSE143979	MG DPN minus MNC	P6	magenta	-0.0009808188285233	-0.0005715145161488	True	True	True	47	77		0.00040930431237449995	0.00040930431237449995	False	0.5826912162863555	1.0
M05	GSE143979	MG DPN minus MNC	P6	pink	-0.0009808188285233	-0.000367463778016	True	True	True	46	77		0.0006133550505073	0.0006133550505073	False	0.37465000398620574	1.0
M05	GSE143979	MG DPN minus MNC	P6	red	-0.0009808188285233	-0.0011447942554954	True	True	True	48	75		-0.00016397542697210005	0.00016397542697210005	False	1.167182176976535	1.0
M05	GSE143979	MG DPN minus MNC	P6	turquoise	-0.0009808188285233	-0.0012250834099342	True	True	True	42	72		-0.0002442645814109	0.0002442645814109	False	1.2490414889145833	1.0
M05	GSE143979	MG DPN minus MNC	P6	yellow	-0.0009808188285233	-0.0011227998502025	True	True	True	45	75		-0.0001419810216792001	0.0001419810216792001	False	1.1447576428492545	1.0
M05	GSE143979	MG DPN minus MNC	P1	black	-0.0112408381395919	-0.0118085698113635	True	True	True	300	318		-0.0005677316717716003	0.0005677316717716003	False	1.0505061690882254	1.0
M05	GSE143979	MG DPN minus MNC	P1	blue	-0.0112408381395919	-0.0080154148179832	True	True	True	294	285		0.0032254233216086996	0.0032254233216086996	False	0.7130620260202591	1.0
M05	GSE143979	MG DPN minus MNC	P1	brown	-0.0112408381395919	-0.0142360823370217	True	True	True	285	298		-0.0029952441974297993	0.0029952441974297993	False	1.2664609311364519	1.0
M05	GSE143979	MG DPN minus MNC	P1	green	-0.0112408381395919	-0.0097272725502197	True	True	True	277	325		0.0015135655893722	0.0015135655893722	False	0.8653511801721263	1.0
M05	GSE143979	MG DPN minus MNC	P1	magenta	-0.0112408381395919	-0.0116162935317555	True	True	True	300	327		-0.00037545539216360044	0.00037545539216360044	False	1.0334010140081273	1.0
M05	GSE143979	MG DPN minus MNC	P1	pink	-0.0112408381395919	-0.0114987875082753	True	True	True	300	326		-0.00025794936868340015	0.00025794936868340015	False	1.0229475209481813	1.0
M05	GSE143979	MG DPN minus MNC	P1	red	-0.0112408381395919	-0.0115369825305812	True	True	True	295	320		-0.0002961443909892999	0.0002961443909892999	False	1.026345401233582	1.0
M05	GSE143979	MG DPN minus MNC	P1	turquoise	-0.0112408381395919	-0.0117478161656803	True	True	True	250	307		-0.0005069780260884005	0.0005069780260884005	False	1.0451014434860288	1.0
M05	GSE143979	MG DPN minus MNC	P1	yellow	-0.0112408381395919	-0.012145752158503	True	True	True	288	312		-0.0009049140189110998	0.0009049140189110998	False	1.0805023618055543	1.0
M05	GSE143979	MG DPN minus MNC	P2	black	0.0084387799022533	0.008899819365943	True	True	True	1316	1670		0.0004610394636896994	0.0004610394636896994	False	1.0546334267548076	1.0
M05	GSE143979	MG DPN minus MNC	P2	blue	0.0084387799022533	0.0080056752154123	True	True	True	1304	1598		-0.00043310468684100087	0.00043310468684100087	False	0.9486768594681141	1.0
M05	GSE143979	MG DPN minus MNC	P2	brown	0.0084387799022533	0.0087555076994197	True	True	True	1325	1546		0.0003167277971663999	0.0003167277971663999	False	1.0375324159220964	1.0
M05	GSE143979	MG DPN minus MNC	P2	green	0.0084387799022533	0.0082238688872325	True	True	True	1365	1627		-0.0002149110150208005	0.0002149110150208005	False	0.9745329280405316	1.0
M05	GSE143979	MG DPN minus MNC	P2	magenta	0.0084387799022533	0.0084169450679397	True	True	True	1364	1676		-2.1834834313600934e-05	2.1834834313600934e-05	False	0.9974125602792685	1.0
M05	GSE143979	MG DPN minus MNC	P2	pink	0.0084387799022533	0.0087044617061355	True	True	True	1340	1673		0.0002656818038821989	0.0002656818038821989	False	1.0314834380040243	1.0
M05	GSE143979	MG DPN minus MNC	P2	red	0.0084387799022533	0.0085841053792991	True	True	True	1370	1612		0.0001453254770458004	0.0001453254770458004	False	1.0172211479300457	1.0
M05	GSE143979	MG DPN minus MNC	P2	turquoise	0.0084387799022533	0.0086568548408721	True	True	True	1244	1636		0.0002180749386187994	0.0002180749386187994	False	1.025841998623589	1.0
M05	GSE143979	MG DPN minus MNC	P2	yellow	0.0084387799022533	0.0075027672562049	True	True	True	1263	1626		-0.0009360126460484005	0.0009360126460484005	False	0.8890819932632122	1.0
M05	GSE143979	MG DPN minus MNC	P3	black	0.003639714431527	0.0041246262246896	True	True	True	127	294		0.00048491179316260047	0.00048491179316260047	False	1.1332279777122958	1.0
M05	GSE143979	MG DPN minus MNC	P3	blue	0.003639714431527	0.0001648398696708	True	True	True	120	286		-0.0034748745618561998	0.0034748745618561998	False	0.04528923155151031	1.0
M05	GSE143979	MG DPN minus MNC	P3	brown	0.003639714431527	0.0035417056513727	True	True	True	126	263		-9.800878015429979e-05	9.800878015429979e-05	False	0.9730723983987993	1.0
M05	GSE143979	MG DPN minus MNC	P3	green	0.003639714431527	0.0042504811925199	True	True	True	130	281		0.0006107667609928998	0.0006107667609928998	False	1.1678062310884811	1.0
M05	GSE143979	MG DPN minus MNC	P3	magenta	0.003639714431527	0.0036830695541287	True	True	True	130	298		4.335512260170019e-05	4.335512260170019e-05	False	1.0119116824732624	1.0
M05	GSE143979	MG DPN minus MNC	P3	pink	0.003639714431527	0.0035392974901898	True	True	True	129	295		-0.0001004169413371999	0.0001004169413371999	False	0.9724107637491024	1.0
M05	GSE143979	MG DPN minus MNC	P3	red	0.003639714431527	0.0040554894240479	True	True	True	126	291		0.00041577499252089993	0.00041577499252089993	False	1.1142328609408145	1.0
M05	GSE143979	MG DPN minus MNC	P3	turquoise	0.003639714431527	0.0037142505816968	True	True	True	117	270		7.453615016980025e-05	7.453615016980025e-05	False	1.0204785709351736	1.0
M05	GSE143979	MG DPN minus MNC	P3	yellow	0.003639714431527	0.0044431077120775	True	True	True	125	283		0.0008033932805505003	0.0008033932805505003	False	1.2207297565961641	1.0
M05	GSE143979	MG DPN minus MNC	P4	black	-0.0103218398373277	-0.0103424754980799	True	True	True	316	131		-2.0635660752200968e-05	2.0635660752200968e-05	False	1.0019992231111332	1.0
M05	GSE143979	MG DPN minus MNC	P4	blue	-0.0103218398373277	-0.0106020777481634	True	True	True	301	111		-0.00028023791083570115	0.00028023791083570115	False	1.0271499960522787	1.0
M05	GSE143979	MG DPN minus MNC	P4	brown	-0.0103218398373277	-0.0094444630758945	True	True	True	304	117		0.0008773767614332004	0.0008773767614332004	False	0.9149980260049887	1.0
M05	GSE143979	MG DPN minus MNC	P4	green	-0.0103218398373277	-0.0111506054513265	True	True	True	305	130		-0.0008287656139988001	0.0008287656139988001	False	1.0802924311033841	1.0
M05	GSE143979	MG DPN minus MNC	P4	magenta	-0.0103218398373277	-0.0101793661752115	True	True	True	313	133		0.00014247366211619927	0.00014247366211619927	False	0.9861968733906372	1.0
M05	GSE143979	MG DPN minus MNC	P4	pink	-0.0103218398373277	-0.0105789535437855	True	True	True	314	132		-0.00025711370645780003	0.00025711370645780003	False	1.0249096779750426	1.0
M05	GSE143979	MG DPN minus MNC	P4	red	-0.0103218398373277	-0.0102270565432314	True	True	True	312	127		9.478329409629872e-05	9.478329409629872e-05	False	0.9908172093744831	1.0
M05	GSE143979	MG DPN minus MNC	P4	turquoise	-0.0103218398373277	-0.010889728028489	True	True	True	283	130		-0.0005678881911613011	0.0005678881911613011	False	1.055018116935665	1.0
M05	GSE143979	MG DPN minus MNC	P4	yellow	-0.0103218398373277	-0.0101746061459564	True	True	True	303	121		0.00014723369137129884	0.00014723369137129884	False	0.9857357124609853	1.0
M05	GSE143979	MG DPN minus MNC	P5	black	0.0599615292956116	0.0594577006661446	True	True	True	15	40		-0.0005038286294669972	0.0005038286294669972	False	0.9915974686538912	1.0
M05	GSE143979	MG DPN minus MNC	P5	blue	0.0599615292956116	0.0607652420978569	True	True	True	15	38		0.000803712802245303	0.000803712802245303	False	1.0134038076027545	1.0
M05	GSE143979	MG DPN minus MNC	P5	brown	0.0599615292956116	0.060472686740962	True	True	True	15	41		0.0005111574453504006	0.0005111574453504006	False	1.0085247566457216	1.0
M05	GSE143979	MG DPN minus MNC	P5	pink	0.0599615292956116	0.0602783818666498	True	True	True	15	41		0.00031685257103820225	0.00031685257103820225	False	1.005284264340159	1.0
M05	GSE143979	MG DPN minus MNC	P5	red	0.0599615292956116	0.0604289889033095	True	True	True	15	41		0.00046745960769790235	0.00046745960769790235	False	1.0077959920834125	1.0
M05	GSE143979	MG DPN minus MNC	P5	turquoise	0.0599615292956116	0.0608488783087904	True	True	True	15	39		0.0008873490131788009	0.0008873490131788009	False	1.0147986387872823	1.0
M05	GSE143979	MG DPN minus MNC	P5	yellow	0.0599615292956116	0.063671364346931	True	True	True	14	38		0.0037098350513194087	0.0037098350513194087	False	1.0618702540595628	1.0
M05	GSE143979	MG DPN minus MNC	P10	black	-0.0117919865988046	-0.0118237276956977	True	True	True	219	116		-3.174109689309951e-05	3.174109689309951e-05	False	1.0026917514387539	1.0
M05	GSE143979	MG DPN minus MNC	P10	blue	-0.0117919865988046	-0.012162146074303	True	True	True	208	98		-0.00037015947549839945	0.00037015947549839945	False	1.0313907646007607	1.0
M05	GSE143979	MG DPN minus MNC	P10	brown	-0.0117919865988046	-0.0106500100419899	True	True	True	210	104		0.0011419765568146997	0.0011419765568146997	False	0.9031565591390287	1.0
M05	GSE143979	MG DPN minus MNC	P10	green	-0.0117919865988046	-0.0129398741338735	True	True	True	211	115		-0.0011478875350688991	0.0011478875350688991	False	1.09734471163538	1.0
M05	GSE143979	MG DPN minus MNC	P10	magenta	-0.0117919865988046	-0.0117004743963862	True	True	True	217	118		9.151220241839994e-05	9.151220241839994e-05	False	0.9922394584108774	1.0
M05	GSE143979	MG DPN minus MNC	P10	pink	-0.0117919865988046	-0.0120237110381003	True	True	True	218	117		-0.00023172443929569964	0.00023172443929569964	False	1.0196510093828626	1.0
M05	GSE143979	MG DPN minus MNC	P10	red	-0.0117919865988046	-0.0117109576516318	True	True	True	217	112		8.102894717280061e-05	8.102894717280061e-05	False	0.9931284736041834	1.0
M05	GSE143979	MG DPN minus MNC	P10	turquoise	-0.0117919865988046	-0.0125538678484373	True	True	True	195	115		-0.0007618812496326989	0.0007618812496326989	False	1.0646100844203752	1.0
M05	GSE143979	MG DPN minus MNC	P10	yellow	-0.0117919865988046	-0.0117936744611326	True	True	True	211	107		-1.687862327999154e-06	1.687862327999154e-06	False	1.0001431363845148	1.0
