endpoint	background	family	sample_id	parent_score	core_contribution	residual_contribution	excluded_contribution	restricted_score
original_hDRG_DPN_control	inherited	late_allcell	DPN5	-0.086844767594738	-0.0095015076018479	-0.0830039970330871	0.005660737040197	-0.0886800382447568
original_hDRG_DPN_control	inherited	late_allcell	DPN4	-0.0613481625189009	-0.0081941801074842	-0.0592765943907905	0.0061226119793739	-0.0630958501276942
original_hDRG_DPN_control	inherited	late_allcell	DPN3	-0.1089962260289359	-0.011237814321133	-0.1028346855542573	0.0050762738464544	-0.1106655464071157
original_hDRG_DPN_control	inherited	late_allcell	DPN2	-0.11005815204616	-0.0111866774177951	-0.104408079963157	0.0055366053347922	-0.1122459710676164
original_hDRG_DPN_control	inherited	late_allcell	DPN1	-0.133428599992716	-0.0128994173080046	-0.1255619356706856	0.0050327529859741	-0.1356240257561112
original_hDRG_DPN_control	inherited	late_allcell	Con7	-0.1116653537331544	-0.0113828342553545	-0.1055004050012413	0.0052178855234414	-0.1135561737074023
original_hDRG_DPN_control	inherited	late_allcell	Con6	-0.1396693727527208	-0.0127122976046055	-0.1319659657302586	0.0050088905821435	-0.1419556883123219
original_hDRG_DPN_control	inherited	late_allcell	Con5	-0.1224919248588675	-0.0121513821800877	-0.1156117761659117	0.005271233487132	-0.1246936511424202
original_hDRG_DPN_control	inherited	late_allcell	Con4	-0.1365214638892565	-0.0125892841359443	-0.1286846490437599	0.0047524692904476	-0.1384842676717634
original_hDRG_DPN_control	inherited	late_allcell	Con3	-0.1343322033734089	-0.0126739889956539	-0.1266100046321908	0.0049517902544358	-0.136469370309939
original_hDRG_DPN_control	inherited	late_allcell	Con2	-0.0859522215306228	-0.0109841859740945	-0.0803766514632785	0.0054086159067503	-0.087429233953559
original_hDRG_DPN_control	inherited	late_allcell	Con1	-0.1341044743194011	-0.0124644721879921	-0.1265490101092919	0.0049090079778829	-0.1361869516074914
original_hDRG_DPN_control	inherited	late_neuron	DPN5	-0.0691421246367721	0.065215455706708	-0.114981271503912	-0.0193763088395681	-0.0713997243398927
original_hDRG_DPN_control	inherited	late_neuron	DPN4	-0.0658358060833927	0.0745071563955959	-0.1196470440592868	-0.0206959184197018	-0.0664517455945276
original_hDRG_DPN_control	inherited	late_neuron	DPN3	-0.0760676525464722	0.0512410069822495	-0.110122540086516	-0.0171861194422058	-0.0809609156270391
original_hDRG_DPN_control	inherited	late_neuron	DPN2	-0.0869622591972088	0.051131729495203	-0.1194681486141467	-0.0186258400782651	-0.0911059909460685
original_hDRG_DPN_control	inherited	late_neuron	DPN1	-0.100741692126035	0.0383054541790304	-0.1218191081736763	-0.017228038131389	-0.1072092045526188
original_hDRG_DPN_control	inherited	late_neuron	Con7	-0.0846632025439415	0.0515041615927044	-0.1186287810310969	-0.0175385831055491	-0.0898531821263716
original_hDRG_DPN_control	inherited	late_neuron	Con6	-0.0933770088903444	0.0409332099789476	-0.1167072468082284	-0.0176029720610636	-0.0989257466921263
original_hDRG_DPN_control	inherited	late_neuron	Con5	-0.0978072221019134	0.0435355256701848	-0.1242524953031423	-0.0170902524689559	-0.1042575805674561
original_hDRG_DPN_control	inherited	late_neuron	Con4	-0.0919364042350645	0.0419436843933513	-0.1174949483790553	-0.0163851402493604	-0.0987245514053179
original_hDRG_DPN_control	inherited	late_neuron	Con3	-0.0982183603743064	0.0399637471228929	-0.1216052217455322	-0.016576885751667	-0.1051832504858084
original_hDRG_DPN_control	inherited	late_neuron	Con2	-0.075836813749746	0.0508276442170467	-0.1071706496836367	-0.019493808283156	-0.0781565828479279
original_hDRG_DPN_control	inherited	late_neuron	Con1	-0.091142462528563	0.0425466201691816	-0.1170922920688569	-0.0165967906288878	-0.0976400302463754
original_hDRG_DPN_control	inherited	severity	DPN5	-0.0123159701099029	-0.0188844617716243	-0.1608500757345684	0.1674185673962898	-0.0125456719794052
original_hDRG_DPN_control	inherited	severity	DPN4	-0.0079380358088419	-0.0192910735337536	-0.1563710126094819	0.1677240503343936	-0.0083318686763679
original_hDRG_DPN_control	inherited	severity	DPN3	-0.0313143981726134	-0.0204530182735172	-0.1810056906349028	0.1701443107358066	-0.0345766485538461
original_hDRG_DPN_control	inherited	severity	DPN2	-0.0187733810980941	-0.0192322164612719	-0.1696746194067526	0.1701334547699304	-0.0207932956713004
original_hDRG_DPN_control	inherited	severity	DPN1	-0.0207217691231484	-0.0213578244339563	-0.1696580258740401	0.1702940811848479	-0.0226712385771392
original_hDRG_DPN_control	inherited	severity	Con7	-0.0266541627728348	-0.0193694130412136	-0.1758116102390421	0.168526860507421	-0.0287245281105804
original_hDRG_DPN_control	inherited	severity	Con6	-0.030484207479903	-0.0231264172989004	-0.17834207101176	0.1709842808307575	-0.0341581714852683
original_hDRG_DPN_control	inherited	severity	Con5	-0.0215251048497432	-0.019656472042071	-0.1714506192922871	0.1695819864846148	-0.0233169860274682
original_hDRG_DPN_control	inherited	severity	Con4	-0.0245451746105413	-0.020412406121598	-0.1750889034626352	0.170956134973692	-0.0273867807894059
original_hDRG_DPN_control	inherited	severity	Con3	-0.0162895861974497	-0.0207944712474209	-0.1662174787698859	0.170722363819857	-0.0179016536310084
original_hDRG_DPN_control	inherited	severity	Con2	-0.042671811952151	-0.0171671834642926	-0.1913818540240937	0.1658772255362352	-0.0449727203239486
original_hDRG_DPN_control	inherited	severity	Con1	-0.0213663474346997	-0.0201320052274973	-0.1709370721603902	0.1697027299531878	-0.0225732730330409
original_JCI_sural_DPN_control	inherited	late_allcell	C1	0.0418744270653445	-0.0040320460882368	0.0405813337436409	0.0053251394099404	0.041280172554475
original_JCI_sural_DPN_control	inherited	late_allcell	C2	0.0369396854747638	-0.0052214284556961	0.0364448603822784	0.0057162535481815	0.0358546069994527
original_JCI_sural_DPN_control	inherited	late_allcell	C3	0.0597375767104077	-0.0031001546739118	0.0570011773932173	0.0058365539911022	0.0590123466120435
original_JCI_sural_DPN_control	inherited	late_allcell	C4	0.1415412204174344	-0.0019327162242084	0.136388193364202	0.0070857432774409	0.1413649315169597
original_JCI_sural_DPN_control	inherited	late_allcell	C5	0.0568823415680799	-0.0041485160633634	0.0552055669867275	0.0058252906447157	0.0561194229656108
original_JCI_sural_DPN_control	inherited	late_allcell	C6	0.0631935159098224	-0.0031266726578881	0.0605499636569648	0.0057702249107458	0.062613089981273
original_JCI_sural_DPN_control	inherited	late_allcell	S38	0.042148152957008	-0.0022589112568495	0.0402130483037193	0.0041940159101383	0.0426928032362144
original_JCI_sural_DPN_control	inherited	late_allcell	S39	0.0266626720806536	-0.0044025949749544	0.0257464304796034	0.0053188365760047	0.0257562483862671
original_JCI_sural_DPN_control	inherited	late_allcell	S40	0.032473937765728	-0.0034593164910145	0.0307338948689609	0.0051993593877817	0.0318292030815464
original_JCI_sural_DPN_control	inherited	late_allcell	S42	0.0235863729910697	-0.0029948606666907	0.0225303294299535	0.0040509042278069	0.0238635842692627
original_JCI_sural_DPN_control	inherited	late_allcell	S43	0.0269462921373591	-0.0038980842170874	0.0256375815699606	0.0052067947844859	0.0261595307797259
original_JCI_sural_DPN_control	inherited	late_allcell	S44	0.0353585123524119	-0.0029744697524436	0.0336173279116107	0.0047156541932448	0.0352655177272177
original_JCI_sural_DPN_control	inherited	late_neuron	C1	-0.1274869830352791	0.0621619994024833	-0.1661011368301402	-0.0235478456076221	-0.1280106525498068
original_JCI_sural_DPN_control	inherited	late_neuron	C2	-0.1420764155632163	0.0523458434233775	-0.1684011310061612	-0.0260211279804325	-0.1407401117996569
original_JCI_sural_DPN_control	inherited	late_neuron	C3	-0.1193295013358893	0.070978653662447	-0.1649411853885742	-0.0253669696097621	-0.1175652999663325
original_JCI_sural_DPN_control	inherited	late_neuron	C4	-0.1186728638115482	0.0777718845301722	-0.1667254662502795	-0.0297192820914409	-0.1120472918601827
original_JCI_sural_DPN_control	inherited	late_neuron	C5	-0.1271426615393743	0.0618134642162355	-0.1630739356141264	-0.0258821901414834	-0.1251759102017006
original_JCI_sural_DPN_control	inherited	late_neuron	C6	-0.1081271246949327	0.0683120662493494	-0.1508278338263587	-0.0256113571179233	-0.1050222736318495
original_JCI_sural_DPN_control	inherited	late_neuron	S38	-0.0638206620702383	0.0775516099847467	-0.1221593688869013	-0.0192129031680837	-0.064664315418656
original_JCI_sural_DPN_control	inherited	late_neuron	S39	-0.1248706159019523	0.0609522101501114	-0.1622580023059844	-0.0235648237460793	-0.1251443830401925
original_JCI_sural_DPN_control	inherited	late_neuron	S40	-0.1105335976502082	0.0690025315932864	-0.1552732560914591	-0.0242628731520355	-0.1092680095158443
original_JCI_sural_DPN_control	inherited	late_neuron	S42	-0.0768801229395468	0.0719854977696703	-0.1287338405701096	-0.0201317801391074	-0.0776649162894564
original_JCI_sural_DPN_control	inherited	late_neuron	S43	-0.1227537292872299	0.0651720954742167	-0.1651361669057289	-0.0227896578557177	-0.1238027120502441
original_JCI_sural_DPN_control	inherited	late_neuron	S44	-0.091787161469897	0.072532202682111	-0.1435674116747944	-0.0207519524772136	-0.0930730507747825
original_JCI_sural_DPN_control	inherited	severity	C1	0.0390307880497857	-0.0023274569301431	-0.097837363632224	0.139195608612153	0.0552360064861365
original_JCI_sural_DPN_control	inherited	severity	C2	0.0371463752168571	-0.0027115000165662	-0.1006684607543102	0.1405263359877336	0.0514905892595632
original_JCI_sural_DPN_control	inherited	severity	C3	0.0382950519675716	-0.0013472180187077	-0.0992617315083497	0.1389040014946291	0.0540729498799413
original_JCI_sural_DPN_control	inherited	severity	C4	0.0762125049615263	0.0035464600506007	-0.0691205033814543	0.1417865482923799	0.0909533327650461
original_JCI_sural_DPN_control	inherited	severity	C5	0.0482441289720542	-0.0014960986561282	-0.0900906188882018	0.1398308465163842	0.064478071935583
original_JCI_sural_DPN_control	inherited	severity	C6	0.0462532623674484	0.0006501531882845	-0.0959213837857321	0.1415244929648961	0.0593275115820445
original_JCI_sural_DPN_control	inherited	severity	S38	0.0404077557646609	-0.0002902467594587	-0.0978821680014779	0.1385801705255977	0.055545879454789
original_JCI_sural_DPN_control	inherited	severity	S39	0.0269887268514462	-0.0037981374700618	-0.1094971326544968	0.1402839969760049	0.0404246034520574
original_JCI_sural_DPN_control	inherited	severity	S40	0.0274632301329718	-0.0027371778434746	-0.1110778943684343	0.1412783023448806	0.0398064349906567
original_JCI_sural_DPN_control	inherited	severity	S42	0.0350949677471397	-0.0024469422614383	-0.1013082767992892	0.1388501868078673	0.0499525081100651
original_JCI_sural_DPN_control	inherited	severity	S43	0.0345463147598884	-0.0029520585306438	-0.1044490812308632	0.1419474545213954	0.0474813887534683
original_JCI_sural_DPN_control	inherited	severity	S44	0.0216914616437647	-0.0037794882694055	-0.1112516743581623	0.1367226242713326	0.0381578050576923
original_JCI_sural_severe_moderate	inherited	late_allcell	S8	0.0511822147284065	-0.0042249336939962	0.0500612309817931	0.0053459174406095	0.0506258597738613
original_JCI_sural_severe_moderate	inherited	late_allcell	S10	0.1056283719220602	-0.0028302803626121	0.1028441309873899	0.0056145212972824	0.1060137529396084
original_JCI_sural_severe_moderate	inherited	late_allcell	S11	0.0716382769412451	-0.0044874427696727	0.0706087127500164	0.0055170069609013	0.0713501763558832
original_JCI_sural_severe_moderate	inherited	late_allcell	S12	0.0775028152467483	-0.0036875067073253	0.0755059141248674	0.0056844078292062	0.0772138908135205
original_JCI_sural_severe_moderate	inherited	late_allcell	S13	0.109169350738215	-0.0026637130847062	0.1055346449986031	0.0062984188243181	0.1089947048939307
original_JCI_sural_severe_moderate	inherited	late_allcell	S14	0.0721022528630821	-0.0038723917902781	0.0699670412119535	0.0060076034414066	0.071360632509039
original_JCI_sural_severe_moderate	inherited	late_allcell	S18	0.0306377717068731	-0.0053106382015609	0.0308054187539568	0.0051429911544772	0.0299138601405652
original_JCI_sural_severe_moderate	inherited	late_allcell	S19	0.0968228498352205	-0.0038936116106587	0.0946744837882997	0.0060419776575795	0.0964878990825501
original_JCI_sural_severe_moderate	inherited	late_allcell	S20	0.0800237334189224	-0.0039430534486196	0.0782212284189138	0.0057455584486281	0.0797180588685785
original_JCI_sural_severe_moderate	inherited	late_allcell	S21	0.1232764230946011	-0.0018712268942485	0.1188281650069075	0.0063194849819421	0.1233921379312491
original_JCI_sural_severe_moderate	inherited	late_allcell	S22	0.0634171099282129	-0.0031630248060429	0.061186662388474	0.0053934723457818	0.0629999798167044
original_JCI_sural_severe_moderate	inherited	late_allcell	S25	0.083634300135389	-0.0038046570156127	0.0813134899448169	0.0061254672061848	0.0830231838954737
original_JCI_sural_severe_moderate	inherited	late_allcell	S28	0.1406499387430901	-0.0015465317454919	0.1356946669501655	0.0065018035384165	0.1409749309353316
original_JCI_sural_severe_moderate	inherited	late_allcell	S30	0.1300142990132359	-0.002004619157767	0.1254220401655664	0.0065968780054364	0.1299804874302363
original_JCI_sural_severe_moderate	inherited	late_allcell	S31	0.0684209371707817	-0.004238765590708	0.0667910640960126	0.0058686386654772	0.0677227419366691
original_JCI_sural_severe_moderate	inherited	late_allcell	S33	0.0979334968449301	-0.0029374594785917	0.0947795282008708	0.0060914281226511	0.0976933312930652
original_JCI_sural_severe_moderate	inherited	late_allcell	S34	0.0969152163579367	-0.0031896250826522	0.0940867303119052	0.0060181111286837	0.0967481399883659
original_JCI_sural_severe_moderate	inherited	late_neuron	S8	-0.1001356927519775	0.0682240906873536	-0.1454893132922292	-0.0228704701471019	-0.0999249187245193
original_JCI_sural_severe_moderate	inherited	late_neuron	S10	-0.0732437316300237	0.0802465845941774	-0.128941048635945	-0.0245492675882561	-0.0695956289349887
original_JCI_sural_severe_moderate	inherited	late_neuron	S11	-0.09205458406851	0.0655036639838351	-0.1309517192121483	-0.0266065288401967	-0.0872955390877291
original_JCI_sural_severe_moderate	inherited	late_neuron	S12	-0.0992167270249989	0.0723351446990101	-0.1470251534399389	-0.0245267182840701	-0.0970828143687764
original_JCI_sural_severe_moderate	inherited	late_neuron	S13	-0.0850820178142745	0.0820114047472321	-0.1391785168832328	-0.0279149056782739	-0.0785911026463924
original_JCI_sural_severe_moderate	inherited	late_neuron	S14	-0.1008459414462359	0.0708532365268533	-0.1447850287627078	-0.0269141492103815	-0.0962575321118444
original_JCI_sural_severe_moderate	inherited	late_neuron	S18	-0.1104705230126701	0.0622367116808819	-0.1498276171678428	-0.0228796175257091	-0.1108605204022243
original_JCI_sural_severe_moderate	inherited	late_neuron	S19	-0.0979877827635951	0.0662971831721991	-0.1391249645946985	-0.0251600013410955	-0.0945286049926823
original_JCI_sural_severe_moderate	inherited	late_neuron	S20	-0.0993186452826281	0.0713060204799155	-0.1434930256707666	-0.027131640091777	-0.0945839843853193
original_JCI_sural_severe_moderate	inherited	late_neuron	S21	-0.0704308008545773	0.0891733855671022	-0.1316971638668587	-0.0279070225548209	-0.0632210757033377
original_JCI_sural_severe_moderate	inherited	late_neuron	S22	-0.0905021485195399	0.0757185500891406	-0.1458407187589375	-0.0203799798497431	-0.0922684778494943
original_JCI_sural_severe_moderate	inherited	late_neuron	S25	-0.0992442368887751	0.0728195740258088	-0.1445321325799095	-0.0275316783346745	-0.0940981112053798
original_JCI_sural_severe_moderate	inherited	late_neuron	S28	-0.0755289713345249	0.090750201127397	-0.1384690809244306	-0.0278100915374913	-0.068595073611629
original_JCI_sural_severe_moderate	inherited	late_neuron	S30	-0.0860111406820939	0.0854753797227297	-0.1441202747827382	-0.0273662456220855	-0.0800655459534946
original_JCI_sural_severe_moderate	inherited	late_neuron	S31	-0.1087293440205254	0.0678245491161239	-0.1496685303593717	-0.0268853627772776	-0.1046906470698976
original_JCI_sural_severe_moderate	inherited	late_neuron	S33	-0.0925898257802215	0.079567726780735	-0.1453814411316745	-0.0267761114292819	-0.0877857920087383
original_JCI_sural_severe_moderate	inherited	late_neuron	S34	-0.0866163371615472	0.0778296509603323	-0.1360702327068489	-0.0283757554150305	-0.0798628543175765
original_JCI_sural_severe_moderate	inherited	severity	S8	0.0328855902295828	-0.0064564297346051	-0.1016898656631015	0.1410318856272896	0.0430225717192938
original_JCI_sural_severe_moderate	inherited	severity	S10	0.0255226260202367	-0.0032210203541684	-0.1113105668240851	0.1400542131984903	0.0340345472471804
original_JCI_sural_severe_moderate	inherited	severity	S11	0.0266873176755268	-0.0038729712367434	-0.1098239749584368	0.1403842638707071	0.0364014832322083
original_JCI_sural_severe_moderate	inherited	severity	S12	0.0290368834919768	-0.0045743621889822	-0.1071838388447156	0.1407950845256747	0.0384872826981129
original_JCI_sural_severe_moderate	inherited	severity	S13	0.0289119437600869	-0.0038408495153239	-0.1095856105271714	0.1423384038025822	0.0366729907872052
original_JCI_sural_severe_moderate	inherited	severity	S14	0.0378589475882171	-0.006102396122425	-0.0976928128966672	0.1416541566073094	0.0481305080131216
original_JCI_sural_severe_moderate	inherited	severity	S18	0.0153444751946133	-0.0064793251676271	-0.1201898741135653	0.1420136744758058	0.0239317942359299
original_JCI_sural_severe_moderate	inherited	severity	S19	0.0553921150314752	-0.002324401926326	-0.0794051221948249	0.1371216391526263	0.0701277448288416
original_JCI_sural_severe_moderate	inherited	severity	S20	0.0224601671289519	-0.0060079502327118	-0.1117615133499216	0.1402296307115855	0.0320641347477528
original_JCI_sural_severe_moderate	inherited	severity	S21	0.030406552685103	-0.00420384261092	-0.1080663565678021	0.1426767518638252	0.0369002955141
original_JCI_sural_severe_moderate	inherited	severity	S22	0.0600608007733242	-0.0037098617940112	-0.0686769141697792	0.1324475767371148	0.0760668830446726
original_JCI_sural_severe_moderate	inherited	severity	S25	0.0431051874263069	-0.0043365860811441	-0.0936512811578085	0.1410930546652595	0.0549517800658698
original_JCI_sural_severe_moderate	inherited	severity	S28	0.009782741539515	-0.0025465029341133	-0.1264062027254923	0.1387354471991208	0.0165660887137794
original_JCI_sural_severe_moderate	inherited	severity	S30	0.0301434430139268	-0.0017298829677038	-0.1111003054410479	0.1429736314226786	0.0355906003012209
original_JCI_sural_severe_moderate	inherited	severity	S31	0.0305074025091338	-0.004972411246038	-0.1078293778011187	0.1433091915562906	0.0383360487727965
original_JCI_sural_severe_moderate	inherited	severity	S33	0.0132347166465069	-0.0062392203564007	-0.1203564962836364	0.1398304332865442	0.0202885693720534
original_JCI_sural_severe_moderate	inherited	severity	S34	0.0423045726850061	-0.0051582802602691	-0.0937524697135095	0.1412153226587849	0.0530658348391747
GSE24290_C01	inherited	late_allcell	GSM597451	0.0256868543944078	-0.0057052512181734	0.0272436687286228	0.0041484368839584	0.0248770689752312
GSE24290_C01	inherited	late_allcell	GSM597452	0.0043774347669781	-0.0058528479643575	0.0062634490492201	0.0039668336821155	0.0032779709065604
GSE24290_C01	inherited	late_allcell	GSM597453	0.005161971391496	-0.0056219441914666	0.0069781744685126	0.00380574111445	0.0042349148466887
GSE24290_C01	inherited	late_allcell	GSM597454	2.1229532752945308e-05	-0.0060193812649335	0.0024868363994912	0.0035537743981951	-0.000759681190727
GSE24290_C01	inherited	late_allcell	GSM597455	0.0119147364504151	-0.0055171066314609	0.0137296618672635	0.0037021812146124	0.0112580314786746
GSE24290_C01	inherited	late_allcell	GSM597456	0.0302510469137809	-0.0052721702723342	0.0320043548569048	0.0035188623292103	0.0301462017001334
GSE24290_C01	inherited	late_allcell	GSM597457	0.0445753861268941	-0.0046417540976019	0.0452366337126899	0.003980506511806	0.0443494308818673
GSE24290_C01	inherited	late_allcell	GSM597458	0.0292562888934834	-0.0047895476142338	0.0298641540492128	0.0041816824585044	0.0284663479461614
GSE24290_C01	inherited	late_allcell	GSM597459	-0.0017088554752458	-0.0065090726454414	0.0013652016072567	0.0034350155629388	-0.0024195931684989
GSE24290_C01	inherited	late_allcell	GSM597460	0.0189191137901837	-0.0050762012216801	0.0199905640596926	0.0040047509521711	0.018101803417828
GSE24290_C01	inherited	late_allcell	GSM597461	-0.0067092893344607	-0.0065321092568711	-0.0035993744027222	0.0034221943251325	-0.0075024111987874
GSE24290_C01	inherited	late_allcell	GSM597462	0.0202107329564866	-0.0048561534122438	0.0213892897843169	0.0036775965844135	0.01974633582041
GSE24290_C01	inherited	late_allcell	GSM597463	0.0105813125791566	-0.0060349142729702	0.0130456151520945	0.0035706117000322	0.0100258306861658
GSE24290_C01	inherited	late_allcell	GSM597464	0.0090774418695072	-0.0058609228151675	0.0109863295955202	0.0039520350891545	0.0080776021495687
GSE24290_C01	inherited	late_allcell	GSM597465	0.0128914918950934	-0.0054582988453214	0.0144463805632321	0.0039034101771827	0.0120442155073303
GSE24290_C01	inherited	late_allcell	GSM597466	-0.0082879298953469	-0.0059756365086676	-0.0055879692855588	0.0032756758988795	-0.0089710846384277
GSE24290_C01	inherited	late_allcell	GSM597467	-0.0158579897871898	-0.0069552186238869	-0.0121377156912078	0.0032349445279049	-0.0166886212683164
GSE24290_C01	inherited	late_allcell	GSM597468	-0.0005021342168296	-0.0065271765322132	0.0024043043179076	0.0036207379974759	-0.0013817848030401
GSE24290_C01	inherited	late_allcell	GSM597469	0.0323670209344435	-0.0046295487712692	0.0328280158821013	0.0041685538236113	0.0316784064292792
GSE24290_C01	inherited	late_allcell	GSM597470	0.0244002701996539	-0.0053397334146475	0.0256678647822451	0.0040721388320563	0.0236435164848002
GSE24290_C01	inherited	late_allcell	GSM597471	0.0305865735994341	-0.0045254311992064	0.03078769820621	0.0043243065924304	0.0296923142836913
GSE24290_C01	inherited	late_allcell	GSM597472	0.0126380570749322	-0.0054437254860187	0.0145472956749577	0.0035344868859932	0.0121420129784977
GSE24290_C01	inherited	late_allcell	GSM597473	0.0286217018388771	-0.0050049900119667	0.0296764380726411	0.0039502537782026	0.0280781708159369
GSE24290_C01	inherited	late_allcell	GSM597474	0.0197570529421968	-0.0056604902778075	0.0216899885476208	0.0037275546723836	0.0192492479144246
GSE24290_C01	inherited	late_allcell	GSM597475	0.0047151050899177	-0.0059362533972376	0.0071353031221121	0.0035160553650433	0.0040756425669241
GSE24290_C01	inherited	late_allcell	GSM597476	0.0269092787138788	-0.0045953981839458	0.0276274804436714	0.0038771964541533	0.0263921374569745
GSE24290_C01	inherited	late_allcell	GSM597477	-0.0036426094328872	-0.0065057257182497	-0.0005304918844029	0.0033936081697654	-0.0043503907228403
GSE24290_C01	inherited	late_allcell	GSM597478	0.0186061970610939	-0.0059097657402481	0.0205689381450413	0.0039470246563007	0.0178371902188371
GSE24290_C01	inherited	late_allcell	GSM597479	0.0165344480400516	-0.0054895453332329	0.0182522648037768	0.0037717285695076	0.0159013142437373
GSE24290_C01	inherited	late_allcell	GSM597480	0.0101828761928155	-0.0061864759806889	0.0127239197292329	0.0036454324442715	0.0095375389133301
GSE24290_C01	inherited	late_allcell	GSM597481	0.0018985356368019	-0.0063840101866968	0.0045495744820476	0.0037329713414512	0.0009833330977379
GSE24290_C01	inherited	late_allcell	GSM597482	0.0194661879527615	-0.0055688538933795	0.0208175939670205	0.0042174478791205	0.018446265923702
GSE24290_C01	inherited	late_allcell	GSM597483	0.0480575058451487	-0.0052220615164963	0.0494060420471311	0.0038735253145138	0.048011076379033
GSE24290_C01	inherited	late_allcell	GSM597484	0.008634291148165	-0.0057165288784768	0.0108299194494416	0.0035209005772002	0.0080765943065451
GSE24290_C01	inherited	late_allcell	GSM597485	-0.0013799605081451	-0.0065434384665906	0.0016212225014293	0.0035422554570161	-0.0021780648308409
GSE24290_C01	inherited	late_neuron	GSM597451	-0.0134828178140262	0.0526836420001826	-0.0539052803791041	-0.0122611794351047	-0.0027777577722557
GSE24290_C01	inherited	late_neuron	GSM597452	-0.0007005112210742	0.0528000300876302	-0.0444493695029631	-0.0090511718057413	0.007389738864991
GSE24290_C01	inherited	late_neuron	GSM597453	-0.0057174892409858	0.0536192799922631	-0.0498019790676058	-0.0095347901656431	0.0025702706638046
GSE24290_C01	inherited	late_neuron	GSM597454	-0.0229604549142233	0.0497350542383262	-0.0638064948985348	-0.0088890142540148	-0.0164453113970828
GSE24290_C01	inherited	late_neuron	GSM597455	-0.0002527898217845	0.0557725939298206	-0.0458701033725009	-0.0101552803791041	0.0090412615708222
GSE24290_C01	inherited	late_neuron	GSM597456	-0.0188326066633355	0.0542328527371684	-0.0620977794254337	-0.0109676799750702	-0.0098407448743153
GSE24290_C01	inherited	late_neuron	GSM597457	-0.004225129349946	0.0607367506971196	-0.0528857932657436	-0.012076086781322	0.0068728671490211
GSE24290_C01	inherited	late_neuron	GSM597458	0.0051359853430258	0.0604532352261676	-0.0431279315291501	-0.0121893183539917	0.0169420938567699
GSE24290_C01	inherited	late_neuron	GSM597459	-0.025240163762673	0.0444443660912407	-0.0617656737748693	-0.0079188560790445	-0.0198904071939059
GSE24290_C01	inherited	late_neuron	GSM597460	-0.0062242106026659	0.0592073521273566	-0.0542768088844473	-0.0111547538455752	0.0037569794599873
GSE24290_C01	inherited	late_neuron	GSM597461	-0.0216685672915222	0.0462738350445673	-0.0595779068143109	-0.0083644955217786	-0.0156154464865967
GSE24290_C01	inherited	late_neuron	GSM597462	0.0028216891517974	0.0600286168286563	-0.0469101749918065	-0.0102967526850523	0.0124519286762343
GSE24290_C01	inherited	late_neuron	GSM597463	-0.0240983784916426	0.0506214976117943	-0.0645754756263331	-0.0101444004771038	-0.016320565524846
GSE24290_C01	inherited	late_neuron	GSM597464	-0.0224939287460442	0.0523751094706189	-0.0635021262820823	-0.0113669119345808	-0.0133140108084564
GSE24290_C01	inherited	late_neuron	GSM597465	-0.0091531876769663	0.055905335450213	-0.0538432246417691	-0.0112152984854101	0.0007057369209782
GSE24290_C01	inherited	late_neuron	GSM597466	-0.0097093051369255	0.051137755677697	-0.0527862623104076	-0.0080607985042149	-0.0032393854571407
GSE24290_C01	inherited	late_neuron	GSM597467	-0.0292920205992811	0.0417921549190589	-0.0642263785238793	-0.0068577969944606	-0.0253222180602721
GSE24290_C01	inherited	late_neuron	GSM597468	-0.0288799611009923	0.0478369478785534	-0.0661362714441525	-0.0105806375353932	-0.0209352506850079
GSE24290_C01	inherited	late_neuron	GSM597469	-0.0014925613707064	0.0609159332806799	-0.0499082931717198	-0.0125002014796666	0.0102105339252033
GSE24290_C01	inherited	late_neuron	GSM597470	-0.0118205769840374	0.0564467113145607	-0.0566014141186205	-0.0116658741799777	-0.0016454368931463
GSE24290_C01	inherited	late_neuron	GSM597471	-0.0015433006667633	0.0629655859297346	-0.0518924313491615	-0.0126164552473364	0.0102787031897786
GSE24290_C01	inherited	late_neuron	GSM597472	-0.0177488139563621	0.0545802708423999	-0.0609771159394594	-0.0113519688593027	-0.0082873108144166
GSE24290_C01	inherited	late_neuron	GSM597473	-0.0048994817942973	0.0594833121108084	-0.0530886832900823	-0.0112941106150234	0.0052986984253808
GSE24290_C01	inherited	late_neuron	GSM597474	-0.0090268935059073	0.0543439016134491	-0.0538035667273792	-0.0095672283919773	-0.0009148432428479
GSE24290_C01	inherited	late_neuron	GSM597475	-0.0095576916877548	0.0514205995497601	-0.0518012617999925	-0.0091770294375224	-0.0018910115838224
GSE24290_C01	inherited	late_neuron	GSM597476	0.0011062912697517	0.0616606692885887	-0.0509497079888031	-0.0096046700300339	0.0099135069722627
GSE24290_C01	inherited	late_neuron	GSM597477	-0.0249181656753867	0.0452260736179838	-0.0614368925388049	-0.0087073467545655	-0.0187063920247349
GSE24290_C01	inherited	late_neuron	GSM597478	-0.0180099316043691	0.0513933326348704	-0.0578630126314319	-0.0115402516078077	-0.0083603794809069
GSE24290_C01	inherited	late_neuron	GSM597479	-0.0115986471311981	0.0549712757155214	-0.0553014001493635	-0.011268522697356	-0.0018302948771386
GSE24290_C01	inherited	late_neuron	GSM597480	-0.0197846988281942	0.0484443419136807	-0.0577571014866513	-0.0104719392552236	-0.0113689596377627
GSE24290_C01	inherited	late_neuron	GSM597481	-0.0177141258737501	0.0475022229923222	-0.0556968711550963	-0.009519477710976	-0.0101978364825806
GSE24290_C01	inherited	late_neuron	GSM597482	-0.006859408831794	0.0541709648995556	-0.0502448985348398	-0.0107854751965098	0.002693747551082
GSE24290_C01	inherited	late_neuron	GSM597483	-0.012935531879456	0.0568776763215722	-0.0583161404017772	-0.011497067799251	-0.0030244847050713
GSE24290_C01	inherited	late_neuron	GSM597484	-0.0194474218661852	0.0529348535645782	-0.0628015479011191	-0.0095807275296443	-0.0119895075198264
GSE24290_C01	inherited	late_neuron	GSM597485	-0.027181185291447	0.0461096291162295	-0.0662622969756558	-0.0070285174320207	-0.0228949734858453
GSE24290_C01	inherited	severity	GSM597451	-0.0402029479183755	0.0127432395250373	-0.1900451084115703	0.1370989209681574	-0.0470372701447147
GSE24290_C01	inherited	severity	GSM597452	-0.0540968422516819	0.012321473028091	-0.2002060348960904	0.1337877196163174	-0.0590819641738392
GSE24290_C01	inherited	severity	GSM597453	-0.0546713816772587	0.0117775347940732	-0.2019753771780308	0.1355264607066987	-0.061101680498935
GSE24290_C01	inherited	severity	GSM597454	-0.034654773539963	0.0131396058430534	-0.182417512095531	0.1346231327125145	-0.0376566704852748
GSE24290_C01	inherited	severity	GSM597455	-0.0460534255780154	0.0123399538699149	-0.1942557130931553	0.135862333645225	-0.0527815969316801
GSE24290_C01	inherited	severity	GSM597456	-0.0275963874354164	0.0142068489597487	-0.1761937904190147	0.1343905540238495	-0.0300949853140821
GSE24290_C01	inherited	severity	GSM597457	-0.0451775001136672	0.0137491463907967	-0.1948995585087529	0.135972912004289	-0.0527107247478177
GSE24290_C01	inherited	severity	GSM597458	-0.0326811461347224	0.0128620312767806	-0.1812343720301176	0.1356911946186146	-0.0375509681439055
GSE24290_C01	inherited	severity	GSM597459	-0.038073880144281	0.0130754484518069	-0.1865420943089455	0.1353927657128576	-0.0420945140782763
GSE24290_C01	inherited	severity	GSM597460	-0.04540200848531	0.0126657158925652	-0.1951451138762104	0.1370773894983351	-0.0536369830839857
GSE24290_C01	inherited	severity	GSM597461	-0.0448492222259947	0.0120995315187343	-0.1928929762465623	0.1359442225018333	-0.051158059053459
GSE24290_C01	inherited	severity	GSM597462	-0.0311030634249118	0.0143123637154784	-0.1809778005453489	0.1355623734049585	-0.0356295279406066
GSE24290_C01	inherited	severity	GSM597463	-0.0227888923607322	0.0137972566429829	-0.1725409442299814	0.1359547952262662	-0.025112525444817
GSE24290_C01	inherited	severity	GSM597464	-0.0290861591748361	0.0133925806041222	-0.1785765065430396	0.1360977667640812	-0.0328150148794948
GSE24290_C01	inherited	severity	GSM597465	-0.0371864661296345	0.0125755994773709	-0.1848276456235938	0.1350655800165884	-0.0415637336402134
GSE24290_C01	inherited	severity	GSM597466	-0.040285377912618	0.0126117869942199	-0.188028471188835	0.1351313062819971	-0.0446606987051185
GSE24290_C01	inherited	severity	GSM597467	-0.0433053480558732	0.0108188917675774	-0.1926281106234463	0.1385038707999956	-0.0500070191765804
GSE24290_C01	inherited	severity	GSM597468	-0.0400381006792065	0.0115791093980613	-0.1895662157711463	0.1379490056938785	-0.0471158141428331
GSE24290_C01	inherited	severity	GSM597469	-0.0319458257934823	0.0139243439496642	-0.1805111741634986	0.1346410044203521	-0.0343568744077745
GSE24290_C01	inherited	severity	GSM597470	-0.0340370592640791	0.0139028599356292	-0.1827213389200194	0.134781419720311	-0.0374697548134061
GSE24290_C01	inherited	severity	GSM597471	-0.0302399085254143	0.0133193959888589	-0.1790352942204415	0.1354759897061682	-0.0335710539561374
GSE24290_C01	inherited	severity	GSM597472	-0.0337452748768393	0.0136333124803632	-0.1826460903321562	0.1352675029749537	-0.0375765844746346
GSE24290_C01	inherited	severity	GSM597473	-0.0381530031076146	0.0139430004487305	-0.1862073744752211	0.1341113709188759	-0.0419444456612341
GSE24290_C01	inherited	severity	GSM597474	-0.0462925503321463	0.0142268193466575	-0.195593027803663	0.1350736581248591	-0.0517993973605705
GSE24290_C01	inherited	severity	GSM597475	-0.0388314558331735	0.0131093864226788	-0.1867303712494288	0.1347895289935764	-0.0424309767817523
GSE24290_C01	inherited	severity	GSM597476	-0.0320253942745802	0.0141315380418963	-0.1807600039802798	0.1346030716638032	-0.036093854886041
GSE24290_C01	inherited	severity	GSM597477	-0.0388005550326887	0.0125856055655376	-0.1885822816432017	0.1371961210449752	-0.0448210740465877
GSE24290_C01	inherited	severity	GSM597478	-0.0365103550284458	0.012948232235375	-0.1853371840781827	0.1358785968143618	-0.0409734468181541
GSE24290_C01	inherited	severity	GSM597479	-0.0344289647380891	0.0126700945743126	-0.1830019534898606	0.1359028941774588	-0.0391030943351887
GSE24290_C01	inherited	severity	GSM597480	-0.03336606559667	0.0126662237403188	-0.1826077311818169	0.136575441844828	-0.038335474060064
GSE24290_C01	inherited	severity	GSM597481	-0.0330003656333835	0.0128364327751573	-0.1822017646288597	0.1363649662203189	-0.0366402346126556
GSE24290_C01	inherited	severity	GSM597482	-0.0406943795110763	0.0135433306412822	-0.1899191685433282	0.1356814583909696	-0.0452026758450687
GSE24290_C01	inherited	severity	GSM597483	-0.0313434942756364	0.0144121752771882	-0.1807728602488656	0.135017190696041	-0.0347468123340001
GSE24290_C01	inherited	severity	GSM597484	-0.0022144910244135	0.0147339984694927	-0.1536028595208514	0.1366543700269451	-0.0037845536823114
GSE24290_C01	inherited	severity	GSM597485	-0.0494025441039071	0.012477279585632	-0.1978095325117077	0.1359297088221685	-0.0552288835355868
GSE24290_C01	statfree	late_allcell	GSM597451	0.0256868543944078	-0.0057052512181734	0.0272436687286228	0.0041484368839584	0.0248770689752312
GSE24290_C01	statfree	late_allcell	GSM597452	0.0043774347669781	-0.0058528479643575	0.0062634490492201	0.0039668336821155	0.0032779709065604
GSE24290_C01	statfree	late_allcell	GSM597453	0.005161971391496	-0.0056219441914666	0.0069781744685126	0.00380574111445	0.0042349148466887
GSE24290_C01	statfree	late_allcell	GSM597454	2.1229532752945308e-05	-0.0060193812649335	0.0024868363994912	0.0035537743981951	-0.000759681190727
GSE24290_C01	statfree	late_allcell	GSM597455	0.0119147364504151	-0.0055171066314609	0.0137296618672635	0.0037021812146124	0.0112580314786746
GSE24290_C01	statfree	late_allcell	GSM597456	0.0302510469137809	-0.0052721702723342	0.0320043548569048	0.0035188623292103	0.0301462017001334
GSE24290_C01	statfree	late_allcell	GSM597457	0.0445753861268941	-0.0046417540976019	0.0452366337126899	0.003980506511806	0.0443494308818673
GSE24290_C01	statfree	late_allcell	GSM597458	0.0292562888934834	-0.0047895476142338	0.0298641540492128	0.0041816824585044	0.0284663479461614
GSE24290_C01	statfree	late_allcell	GSM597459	-0.0017088554752458	-0.0065090726454414	0.0013652016072567	0.0034350155629388	-0.0024195931684989
GSE24290_C01	statfree	late_allcell	GSM597460	0.0189191137901837	-0.0050762012216801	0.0199905640596926	0.0040047509521711	0.018101803417828
GSE24290_C01	statfree	late_allcell	GSM597461	-0.0067092893344607	-0.0065321092568711	-0.0035993744027222	0.0034221943251325	-0.0075024111987874
GSE24290_C01	statfree	late_allcell	GSM597462	0.0202107329564866	-0.0048561534122438	0.0213892897843169	0.0036775965844135	0.01974633582041
GSE24290_C01	statfree	late_allcell	GSM597463	0.0105813125791566	-0.0060349142729702	0.0130456151520945	0.0035706117000322	0.0100258306861658
GSE24290_C01	statfree	late_allcell	GSM597464	0.0090774418695072	-0.0058609228151675	0.0109863295955202	0.0039520350891545	0.0080776021495687
GSE24290_C01	statfree	late_allcell	GSM597465	0.0128914918950934	-0.0054582988453214	0.0144463805632321	0.0039034101771827	0.0120442155073303
GSE24290_C01	statfree	late_allcell	GSM597466	-0.0082879298953469	-0.0059756365086676	-0.0055879692855588	0.0032756758988795	-0.0089710846384277
GSE24290_C01	statfree	late_allcell	GSM597467	-0.0158579897871898	-0.0069552186238869	-0.0121377156912078	0.0032349445279049	-0.0166886212683164
GSE24290_C01	statfree	late_allcell	GSM597468	-0.0005021342168296	-0.0065271765322132	0.0024043043179076	0.0036207379974759	-0.0013817848030401
GSE24290_C01	statfree	late_allcell	GSM597469	0.0323670209344435	-0.0046295487712692	0.0328280158821013	0.0041685538236113	0.0316784064292792
GSE24290_C01	statfree	late_allcell	GSM597470	0.0244002701996539	-0.0053397334146475	0.0256678647822451	0.0040721388320563	0.0236435164848002
GSE24290_C01	statfree	late_allcell	GSM597471	0.0305865735994341	-0.0045254311992064	0.03078769820621	0.0043243065924304	0.0296923142836913
GSE24290_C01	statfree	late_allcell	GSM597472	0.0126380570749322	-0.0054437254860187	0.0145472956749577	0.0035344868859932	0.0121420129784977
GSE24290_C01	statfree	late_allcell	GSM597473	0.0286217018388771	-0.0050049900119667	0.0296764380726411	0.0039502537782026	0.0280781708159369
GSE24290_C01	statfree	late_allcell	GSM597474	0.0197570529421968	-0.0056604902778075	0.0216899885476208	0.0037275546723836	0.0192492479144246
GSE24290_C01	statfree	late_allcell	GSM597475	0.0047151050899177	-0.0059362533972376	0.0071353031221121	0.0035160553650433	0.0040756425669241
GSE24290_C01	statfree	late_allcell	GSM597476	0.0269092787138788	-0.0045953981839458	0.0276274804436714	0.0038771964541533	0.0263921374569745
GSE24290_C01	statfree	late_allcell	GSM597477	-0.0036426094328872	-0.0065057257182497	-0.0005304918844029	0.0033936081697654	-0.0043503907228403
GSE24290_C01	statfree	late_allcell	GSM597478	0.0186061970610939	-0.0059097657402481	0.0205689381450413	0.0039470246563007	0.0178371902188371
GSE24290_C01	statfree	late_allcell	GSM597479	0.0165344480400516	-0.0054895453332329	0.0182522648037768	0.0037717285695076	0.0159013142437373
GSE24290_C01	statfree	late_allcell	GSM597480	0.0101828761928155	-0.0061864759806889	0.0127239197292329	0.0036454324442715	0.0095375389133301
GSE24290_C01	statfree	late_allcell	GSM597481	0.0018985356368019	-0.0063840101866968	0.0045495744820476	0.0037329713414512	0.0009833330977379
GSE24290_C01	statfree	late_allcell	GSM597482	0.0194661879527615	-0.0055688538933795	0.0208175939670205	0.0042174478791205	0.018446265923702
GSE24290_C01	statfree	late_allcell	GSM597483	0.0480575058451487	-0.0052220615164963	0.0494060420471311	0.0038735253145138	0.048011076379033
GSE24290_C01	statfree	late_allcell	GSM597484	0.008634291148165	-0.0057165288784768	0.0108299194494416	0.0035209005772002	0.0080765943065451
GSE24290_C01	statfree	late_allcell	GSM597485	-0.0013799605081451	-0.0065434384665906	0.0016212225014293	0.0035422554570161	-0.0021780648308409
GSE24290_C01	statfree	late_neuron	GSM597451	-0.0134828178140262	0.0526836420001826	-0.0539052803791041	-0.0122611794351047	-0.0027777577722557
GSE24290_C01	statfree	late_neuron	GSM597452	-0.0007005112210742	0.0528000300876302	-0.0444493695029631	-0.0090511718057413	0.007389738864991
GSE24290_C01	statfree	late_neuron	GSM597453	-0.0057174892409858	0.0536192799922631	-0.0498019790676058	-0.0095347901656431	0.0025702706638046
GSE24290_C01	statfree	late_neuron	GSM597454	-0.0229604549142233	0.0497350542383262	-0.0638064948985348	-0.0088890142540148	-0.0164453113970828
GSE24290_C01	statfree	late_neuron	GSM597455	-0.0002527898217845	0.0557725939298206	-0.0458701033725009	-0.0101552803791041	0.0090412615708222
GSE24290_C01	statfree	late_neuron	GSM597456	-0.0188326066633355	0.0542328527371684	-0.0620977794254337	-0.0109676799750702	-0.0098407448743153
GSE24290_C01	statfree	late_neuron	GSM597457	-0.004225129349946	0.0607367506971196	-0.0528857932657436	-0.012076086781322	0.0068728671490211
GSE24290_C01	statfree	late_neuron	GSM597458	0.0051359853430258	0.0604532352261676	-0.0431279315291501	-0.0121893183539917	0.0169420938567699
GSE24290_C01	statfree	late_neuron	GSM597459	-0.025240163762673	0.0444443660912407	-0.0617656737748693	-0.0079188560790445	-0.0198904071939059
GSE24290_C01	statfree	late_neuron	GSM597460	-0.0062242106026659	0.0592073521273566	-0.0542768088844473	-0.0111547538455752	0.0037569794599873
GSE24290_C01	statfree	late_neuron	GSM597461	-0.0216685672915222	0.0462738350445673	-0.0595779068143109	-0.0083644955217786	-0.0156154464865967
GSE24290_C01	statfree	late_neuron	GSM597462	0.0028216891517974	0.0600286168286563	-0.0469101749918065	-0.0102967526850523	0.0124519286762343
GSE24290_C01	statfree	late_neuron	GSM597463	-0.0240983784916426	0.0506214976117943	-0.0645754756263331	-0.0101444004771038	-0.016320565524846
GSE24290_C01	statfree	late_neuron	GSM597464	-0.0224939287460442	0.0523751094706189	-0.0635021262820823	-0.0113669119345808	-0.0133140108084564
GSE24290_C01	statfree	late_neuron	GSM597465	-0.0091531876769663	0.055905335450213	-0.0538432246417691	-0.0112152984854101	0.0007057369209782
GSE24290_C01	statfree	late_neuron	GSM597466	-0.0097093051369255	0.051137755677697	-0.0527862623104076	-0.0080607985042149	-0.0032393854571407
GSE24290_C01	statfree	late_neuron	GSM597467	-0.0292920205992811	0.0417921549190589	-0.0642263785238793	-0.0068577969944606	-0.0253222180602721
GSE24290_C01	statfree	late_neuron	GSM597468	-0.0288799611009923	0.0478369478785534	-0.0661362714441525	-0.0105806375353932	-0.0209352506850079
GSE24290_C01	statfree	late_neuron	GSM597469	-0.0014925613707064	0.0609159332806799	-0.0499082931717198	-0.0125002014796666	0.0102105339252033
GSE24290_C01	statfree	late_neuron	GSM597470	-0.0118205769840374	0.0564467113145607	-0.0566014141186205	-0.0116658741799777	-0.0016454368931463
GSE24290_C01	statfree	late_neuron	GSM597471	-0.0015433006667633	0.0629655859297346	-0.0518924313491615	-0.0126164552473364	0.0102787031897786
GSE24290_C01	statfree	late_neuron	GSM597472	-0.0177488139563621	0.0545802708423999	-0.0609771159394594	-0.0113519688593027	-0.0082873108144166
GSE24290_C01	statfree	late_neuron	GSM597473	-0.0048994817942973	0.0594833121108084	-0.0530886832900823	-0.0112941106150234	0.0052986984253808
GSE24290_C01	statfree	late_neuron	GSM597474	-0.0090268935059073	0.0543439016134491	-0.0538035667273792	-0.0095672283919773	-0.0009148432428479
GSE24290_C01	statfree	late_neuron	GSM597475	-0.0095576916877548	0.0514205995497601	-0.0518012617999925	-0.0091770294375224	-0.0018910115838224
GSE24290_C01	statfree	late_neuron	GSM597476	0.0011062912697517	0.0616606692885887	-0.0509497079888031	-0.0096046700300339	0.0099135069722627
GSE24290_C01	statfree	late_neuron	GSM597477	-0.0249181656753867	0.0452260736179838	-0.0614368925388049	-0.0087073467545655	-0.0187063920247349
GSE24290_C01	statfree	late_neuron	GSM597478	-0.0180099316043691	0.0513933326348704	-0.0578630126314319	-0.0115402516078077	-0.0083603794809069
GSE24290_C01	statfree	late_neuron	GSM597479	-0.0115986471311981	0.0549712757155214	-0.0553014001493635	-0.011268522697356	-0.0018302948771386
GSE24290_C01	statfree	late_neuron	GSM597480	-0.0197846988281942	0.0484443419136807	-0.0577571014866513	-0.0104719392552236	-0.0113689596377627
GSE24290_C01	statfree	late_neuron	GSM597481	-0.0177141258737501	0.0475022229923222	-0.0556968711550963	-0.009519477710976	-0.0101978364825806
GSE24290_C01	statfree	late_neuron	GSM597482	-0.006859408831794	0.0541709648995556	-0.0502448985348398	-0.0107854751965098	0.002693747551082
GSE24290_C01	statfree	late_neuron	GSM597483	-0.012935531879456	0.0568776763215722	-0.0583161404017772	-0.011497067799251	-0.0030244847050713
GSE24290_C01	statfree	late_neuron	GSM597484	-0.0194474218661852	0.0529348535645782	-0.0628015479011191	-0.0095807275296443	-0.0119895075198264
GSE24290_C01	statfree	late_neuron	GSM597485	-0.027181185291447	0.0461096291162295	-0.0662622969756558	-0.0070285174320207	-0.0228949734858453
GSE24290_C01	statfree	severity	GSM597451	-0.0402029479183755	0.0127432395250373	-0.1900451084115703	0.1370989209681574	-0.0470372701447147
GSE24290_C01	statfree	severity	GSM597452	-0.0540968422516819	0.012321473028091	-0.2002060348960904	0.1337877196163174	-0.0590819641738392
GSE24290_C01	statfree	severity	GSM597453	-0.0546713816772587	0.0117775347940732	-0.2019753771780308	0.1355264607066987	-0.061101680498935
GSE24290_C01	statfree	severity	GSM597454	-0.034654773539963	0.0131396058430534	-0.182417512095531	0.1346231327125145	-0.0376566704852748
GSE24290_C01	statfree	severity	GSM597455	-0.0460534255780154	0.0123399538699149	-0.1942557130931553	0.135862333645225	-0.0527815969316801
GSE24290_C01	statfree	severity	GSM597456	-0.0275963874354164	0.0142068489597487	-0.1761937904190147	0.1343905540238495	-0.0300949853140821
GSE24290_C01	statfree	severity	GSM597457	-0.0451775001136672	0.0137491463907967	-0.1948995585087529	0.135972912004289	-0.0527107247478177
GSE24290_C01	statfree	severity	GSM597458	-0.0326811461347224	0.0128620312767806	-0.1812343720301176	0.1356911946186146	-0.0375509681439055
GSE24290_C01	statfree	severity	GSM597459	-0.038073880144281	0.0130754484518069	-0.1865420943089455	0.1353927657128576	-0.0420945140782763
GSE24290_C01	statfree	severity	GSM597460	-0.04540200848531	0.0126657158925652	-0.1951451138762104	0.1370773894983351	-0.0536369830839857
GSE24290_C01	statfree	severity	GSM597461	-0.0448492222259947	0.0120995315187343	-0.1928929762465623	0.1359442225018333	-0.051158059053459
GSE24290_C01	statfree	severity	GSM597462	-0.0311030634249118	0.0143123637154784	-0.1809778005453489	0.1355623734049585	-0.0356295279406066
GSE24290_C01	statfree	severity	GSM597463	-0.0227888923607322	0.0137972566429829	-0.1725409442299814	0.1359547952262662	-0.025112525444817
GSE24290_C01	statfree	severity	GSM597464	-0.0290861591748361	0.0133925806041222	-0.1785765065430396	0.1360977667640812	-0.0328150148794948
GSE24290_C01	statfree	severity	GSM597465	-0.0371864661296345	0.0125755994773709	-0.1848276456235938	0.1350655800165884	-0.0415637336402134
GSE24290_C01	statfree	severity	GSM597466	-0.040285377912618	0.0126117869942199	-0.188028471188835	0.1351313062819971	-0.0446606987051185
GSE24290_C01	statfree	severity	GSM597467	-0.0433053480558732	0.0108188917675774	-0.1926281106234463	0.1385038707999956	-0.0500070191765804
GSE24290_C01	statfree	severity	GSM597468	-0.0400381006792065	0.0115791093980613	-0.1895662157711463	0.1379490056938785	-0.0471158141428331
GSE24290_C01	statfree	severity	GSM597469	-0.0319458257934823	0.0139243439496642	-0.1805111741634986	0.1346410044203521	-0.0343568744077745
GSE24290_C01	statfree	severity	GSM597470	-0.0340370592640791	0.0139028599356292	-0.1827213389200194	0.134781419720311	-0.0374697548134061
GSE24290_C01	statfree	severity	GSM597471	-0.0302399085254143	0.0133193959888589	-0.1790352942204415	0.1354759897061682	-0.0335710539561374
GSE24290_C01	statfree	severity	GSM597472	-0.0337452748768393	0.0136333124803632	-0.1826460903321562	0.1352675029749537	-0.0375765844746346
GSE24290_C01	statfree	severity	GSM597473	-0.0381530031076146	0.0139430004487305	-0.1862073744752211	0.1341113709188759	-0.0419444456612341
GSE24290_C01	statfree	severity	GSM597474	-0.0462925503321463	0.0142268193466575	-0.195593027803663	0.1350736581248591	-0.0517993973605705
GSE24290_C01	statfree	severity	GSM597475	-0.0388314558331735	0.0131093864226788	-0.1867303712494288	0.1347895289935764	-0.0424309767817523
GSE24290_C01	statfree	severity	GSM597476	-0.0320253942745802	0.0141315380418963	-0.1807600039802798	0.1346030716638032	-0.036093854886041
GSE24290_C01	statfree	severity	GSM597477	-0.0388005550326887	0.0125856055655376	-0.1885822816432017	0.1371961210449752	-0.0448210740465877
GSE24290_C01	statfree	severity	GSM597478	-0.0365103550284458	0.012948232235375	-0.1853371840781827	0.1358785968143618	-0.0409734468181541
GSE24290_C01	statfree	severity	GSM597479	-0.0344289647380891	0.0126700945743126	-0.1830019534898606	0.1359028941774588	-0.0391030943351887
GSE24290_C01	statfree	severity	GSM597480	-0.03336606559667	0.0126662237403188	-0.1826077311818169	0.136575441844828	-0.038335474060064
GSE24290_C01	statfree	severity	GSM597481	-0.0330003656333835	0.0128364327751573	-0.1822017646288597	0.1363649662203189	-0.0366402346126556
GSE24290_C01	statfree	severity	GSM597482	-0.0406943795110763	0.0135433306412822	-0.1899191685433282	0.1356814583909696	-0.0452026758450687
GSE24290_C01	statfree	severity	GSM597483	-0.0313434942756364	0.0144121752771882	-0.1807728602488656	0.135017190696041	-0.0347468123340001
GSE24290_C01	statfree	severity	GSM597484	-0.0022144910244135	0.0147339984694927	-0.1536028595208514	0.1366543700269451	-0.0037845536823114
GSE24290_C01	statfree	severity	GSM597485	-0.0494025441039071	0.012477279585632	-0.1978095325117077	0.1359297088221685	-0.0552288835355868
GSE148059_C02	inherited	late_allcell	GSM4453235	0.0610759051922133	-0.0050292847604505	0.0600297121998526	0.0060754777528113	0.0611003904036405
GSE148059_C02	inherited	late_allcell	GSM4453236	0.0696797105916758	-0.0048866742691137	0.0684402981535423	0.0061260867072473	0.0698629029178391
GSE148059_C02	inherited	late_allcell	GSM4453237	0.0714551547590472	-0.0046676218673266	0.0699335177970376	0.0061892588293363	0.0716134765498179
GSE148059_C02	inherited	late_allcell	GSM4453238	0.0640573041903504	-0.0049496357275186	0.0628689458572842	0.0061379940605849	0.0640942829545721
GSE148059_C02	inherited	late_allcell	GSM4453239	0.0560251154454829	-0.0051609287398243	0.0552070123216299	0.0059790318636773	0.0560297962077816
GSE148059_C02	inherited	late_allcell	GSM4453240	0.0604582994677747	-0.0050536442778163	0.0594526025966518	0.0060593411489393	0.0604895412660346
GSE148059_C02	inherited	late_allcell	GSM4453241	0.0582809869760077	-0.0050942896406141	0.0574076023427672	0.0059676742738546	0.0583522871799798
GSE148059_C02	inherited	late_allcell	GSM4453242	0.0661375058186057	-0.0048892322343021	0.0650381304623292	0.0059886075905786	0.0663639755153103
GSE148059_C02	inherited	late_allcell	GSM4453243	0.0634785942567835	-0.0050316365532258	0.0624589148521308	0.0060513159578785	0.0635707958251393
GSE148059_C02	inherited	late_allcell	GSM4453244	0.0687201469016113	-0.0048935371973681	0.0675031930371105	0.006110491061869	0.0689005919858634
GSE148059_C02	inherited	late_allcell	GSM4453245	0.0595309210062498	-0.0051143352301241	0.0584397831911638	0.0062054730452102	0.0593915601038709
GSE148059_C02	inherited	late_allcell	GSM4453246	0.0592918665430014	-0.0049807664837541	0.058322385416652	0.0059502476101035	0.0594098843770502
GSE148059_C02	inherited	late_allcell	GSM4453247	0.0611879300220381	-0.0053490137398227	0.0604595417568629	0.0060774020049978	0.0612195675290874
GSE148059_C02	inherited	late_allcell	GSM4453248	0.060244664958888	-0.0048726768948626	0.0588378694571433	0.0062794723966075	0.0600454503336871
GSE148059_C02	inherited	late_allcell	GSM4453249	0.066129903144301	-0.0046795788909253	0.0646931027041499	0.0061163793310764	0.0662306640689239
GSE148059_C02	inherited	late_allcell	GSM4453250	0.0660553773378422	-0.0049229091328548	0.0647441033932717	0.0062341830774253	0.0660360556599841
GSE148059_C02	inherited	late_allcell	GSM4453251	0.0591092772431778	-0.0050856815074401	0.0581272744002332	0.0060676843503848	0.0591012713893931
GSE148059_C02	inherited	late_allcell	GSM4453252	0.0618633724339794	-0.0050007381891946	0.0608716800911872	0.0059924305319868	0.0619899530252634
GSE148059_C02	inherited	late_allcell	GSM4453253	0.0623172556581312	-0.0050305435944578	0.0611516523580828	0.0061961468945062	0.0622592330451533
GSE148059_C02	inherited	late_allcell	GSM4453254	0.0599368019172999	-0.005140387157786	0.0592157878219261	0.0058614012531598	0.0601531817930034
GSE148059_C02	inherited	late_allcell	GSM4453255	0.0654790819328271	-0.004750287170354	0.0641963028832688	0.0060330662199123	0.0656479205872855
GSE148059_C02	inherited	late_allcell	GSM4453256	0.0630873543208833	-0.0046780098219351	0.0615641542900793	0.0062012098527391	0.0630391318830356
GSE148059_C02	inherited	late_allcell	GSM4453257	0.0610416673108445	-0.0047642441764229	0.0596308906080855	0.0061750208791818	0.0609721250590011
GSE148059_C02	inherited	late_allcell	GSM4453258	0.0605315541380493	-0.0051020730308792	0.0596704161710021	0.0059632109979265	0.0606569276856158
GSE148059_C02	inherited	late_allcell	GSM4453259	0.0642685621955957	-0.0049012279751415	0.0630632662857556	0.0061065238849815	0.0643452925100286
GSE148059_C02	inherited	late_allcell	GSM4453260	0.0609857415259799	-0.0048226037685752	0.0596200020276614	0.0061883432668938	0.0609048263602867
GSE148059_C02	inherited	late_allcell	GSM4453261	0.0576540909067681	-0.005072311526458	0.0567788140283034	0.0059475884049227	0.0577359369615003
GSE148059_C02	inherited	late_allcell	GSM4453262	0.0619364795491396	-0.0049410663470895	0.0606344543562958	0.0062430915399333	0.0618261516273008
GSE148059_C02	inherited	late_allcell	GSM4453263	0.0578677508898595	-0.0046073474138269	0.0565193067788157	0.0059557915248707	0.0579499937228031
GSE148059_C02	inherited	late_allcell	GSM4453264	0.0623688061107679	-0.005171024264765	0.0613563073429694	0.0061835230325635	0.0623277369260888
GSE148059_C02	inherited	late_allcell	GSM4453265	0.0632468326589061	-0.004787813283362	0.061845454251219	0.0061891916910492	0.0632246116326696
GSE148059_C02	inherited	late_allcell	GSM4453266	0.0642364754022232	-0.0048584903191668	0.0628376354857158	0.0062573302356743	0.0641615673934119
GSE148059_C02	inherited	late_allcell	GSM4453267	0.0585859309755275	-0.0049580413452036	0.0574853686810826	0.0060586036396484	0.058567900050107
GSE148059_C02	inherited	late_allcell	GSM4453268	0.0603086443381076	-0.0049308066511072	0.0590682706969879	0.006171180292227	0.0602325877937526
GSE148059_C02	inherited	late_allcell	GSM4453269	0.054495310512602	-0.005080277514402	0.0535237469987246	0.0060518410282794	0.0543886359204945
GSE148059_C02	inherited	late_allcell	GSM4453270	0.0619564321533647	-0.0047513075054487	0.0605018086814894	0.006205930977324	0.0618834671882814
GSE148059_C02	inherited	late_allcell	GSM4453271	0.0659833282098938	-0.0046561045977333	0.0644333600091038	0.0062060727985233	0.066003676720634
GSE148059_C02	inherited	late_allcell	GSM4453272	0.0569258861801309	-0.0048729382406751	0.0557821803998908	0.0060166440209153	0.056917982751498
GSE148059_C02	inherited	late_allcell	GSM4453273	0.0584253791172412	-0.0048742017967301	0.0571750845604329	0.0061244963535383	0.0583518552617443
GSE148059_C02	inherited	late_allcell	GSM4453274	0.0648748274964526	-0.0047459246906169	0.0634146184279756	0.0062061337590938	0.0648700488797132
GSE148059_C02	inherited	late_allcell	GSM4453275	0.0554450112296986	-0.0050402912322985	0.0544773938920227	0.0060079085699743	0.0554145934635928
GSE148059_C02	inherited	late_allcell	GSM4453276	0.0604868519682183	-0.0048252867792672	0.0590343641755521	0.0062777745719334	0.0603056686488391
GSE148059_C02	inherited	late_allcell	GSM4453277	0.0639272853942253	-0.0048106258508031	0.0625208625792069	0.0062170486658215	0.0638907774978849
GSE148059_C02	inherited	late_allcell	GSM4453278	0.0591057548441285	-0.0050349458920632	0.0580951555998983	0.0060455451362934	0.0591195219122831
GSE148059_C02	inherited	late_allcell	GSM4453279	0.0581784552727537	-0.0047591903072442	0.0568902920592071	0.0060473535207909	0.0581770726462256
GSE148059_C02	inherited	late_allcell	GSM4453280	0.0606106289273769	-0.0049924864108529	0.0595550270242132	0.0060480883140167	0.0606566526260019
GSE148059_C02	inherited	late_allcell	GSM4453281	0.0650613636293039	-0.0046338861739546	0.063396621923131	0.0062986278801276	0.0649626082779912
GSE148059_C02	inherited	late_allcell	GSM4453282	0.0599523034057573	-0.0048637163123095	0.058645048349822	0.0061709713682447	0.0598727572354301
GSE148059_C02	inherited	late_allcell	GSM4453283	0.0600244745258551	-0.0047186339532703	0.0585378046642937	0.0062053038148318	0.0598983003473555
GSE148059_C02	inherited	late_allcell	GSM4453284	0.0615971324320859	-0.0050894151204874	0.0606286656051312	0.0060578819474422	0.0616527639171795
GSE148059_C02	inherited	late_allcell	GSM4453285	0.0634890697112907	-0.0046232322402462	0.0618247522260715	0.0062875497254655	0.0633626236016526
GSE148059_C02	inherited	late_allcell	GSM4453286	0.0611224983646244	-0.0049143192310454	0.059871321193195	0.0061654964024747	0.0610724853885659
GSE148059_C02	inherited	late_allcell	GSM4453287	0.0608135022091107	-0.0052119043452867	0.0599883752523406	0.0060370313020568	0.0608809681416788
GSE148059_C02	inherited	late_allcell	GSM4453288	0.0685309946123221	-0.0046393042443756	0.0667025095826973	0.0064677892740005	0.0683417438207881
GSE148059_C02	inherited	late_allcell	GSM4453289	0.0753792771872624	-0.0045414189472902	0.0734348629577099	0.0064858331768427	0.075334200260632
GSE148059_C02	inherited	late_allcell	GSM4453290	0.0666918672765875	-0.0049102021380198	0.0653659732510405	0.0062360961635667	0.0666874246771138
GSE148059_C02	inherited	late_allcell	GSM4453291	0.0715048742110633	-0.0042249813061676	0.0691700965890275	0.0065597589282034	0.0712919728582607
GSE148059_C02	inherited	late_allcell	GSM4453292	0.0757233161735078	-0.0044050635359558	0.073797099135827	0.0063312805736367	0.07584364954609
GSE148059_C02	inherited	late_allcell	GSM4453293	0.0656342559468581	-0.004517872971284	0.0639052844154173	0.0062468445027248	0.065593111644901
GSE148059_C02	inherited	late_allcell	GSM4453294	0.0689179754742289	-0.0046842517299098	0.0672492094295384	0.0063530177746002	0.0688615572500065
GSE148059_C02	inherited	late_allcell	GSM4453295	0.0665047171000156	-0.0044841232537853	0.0647617649345152	0.0062270754192856	0.066514311023959
GSE148059_C02	inherited	late_allcell	GSM4453296	0.069157941914004	-0.0045381670718678	0.0675265606936842	0.0061695482921877	0.0692896219771035
GSE148059_C02	inherited	late_allcell	GSM4453297	0.0681555499969598	-0.0046041025504678	0.0663206290648596	0.0064390234825681	0.0679980166715688
GSE148059_C02	inherited	late_allcell	GSM4453298	0.0721730493738545	-0.004632761758538	0.0703549796192569	0.0064508315131357	0.0720875968843514
GSE148059_C02	inherited	late_allcell	GSM4453299	0.0748118843865758	-0.00406386393829	0.0723043506674815	0.0065713976573844	0.0746590799739546
GSE148059_C02	inherited	late_allcell	GSM4453300	0.0648567515688959	-0.0047031010614205	0.0633317395854307	0.0062281130448858	0.064827586760696
GSE148059_C02	inherited	late_allcell	GSM4453301	0.0631803643522555	-0.0048057022107292	0.0617128710814123	0.0062731954815725	0.0630662176237477
GSE148059_C02	inherited	late_allcell	GSM4453302	0.0687278654968612	-0.004622877678372	0.0670252296597452	0.006325513515488	0.0686869349466727
GSE148059_C02	inherited	late_allcell	GSM4453303	0.0652038592825711	-0.0050083755687746	0.0641888696701192	0.0060233651812265	0.0653894357381492
GSE148059_C02	inherited	late_allcell	GSM4453304	0.073064667111382	-0.0044451163882806	0.0711599933511722	0.0063497901484903	0.0731031590902134
GSE148059_C02	inherited	late_allcell	GSM4453305	0.0745339204633702	-0.0045788908632622	0.0726740334793046	0.0064387778473278	0.0745063884666361
GSE148059_C02	inherited	late_allcell	GSM4453306	0.0665809354055307	-0.0045747159695325	0.0648678053499811	0.0062878460250821	0.0665363447584447
GSE148059_C02	inherited	late_allcell	GSM4453307	0.0697723495162548	-0.0044648926257995	0.0678999954031753	0.006337246738879	0.0697410987446982
GSE148059_C02	inherited	late_allcell	GSM4453308	0.0644686370605019	-0.0048967411244791	0.0631694278767761	0.0061959503082049	0.0644661360355182
GSE148059_C02	inherited	late_allcell	GSM4453309	0.0729968326772795	-0.0045180644094881	0.0711820612197385	0.0063328358670291	0.0730629276389361
GSE148059_C02	inherited	late_allcell	GSM4453310	0.0676750680817291	-0.004667368900486	0.065932697349417	0.0064097396327981	0.0675274669873741
GSE148059_C02	inherited	late_allcell	GSM4453311	0.0660212631883246	-0.0045697997320672	0.0643100288929068	0.006281034027485	0.065958658741891
GSE148059_C02	inherited	late_neuron	GSM4453235	-0.087030522852969	0.0863123760280659	-0.1554118748407661	-0.0179310240402687	-0.0866030937095487
GSE148059_C02	inherited	late_neuron	GSM4453236	-0.0896635040451141	0.0879714554313285	-0.1592999901908698	-0.0183349692855727	-0.0889875663498172
GSE148059_C02	inherited	late_neuron	GSM4453237	-0.0849134031559065	0.0896724375951699	-0.1558001847276452	-0.0187856560234313	-0.0834569066087402
GSE148059_C02	inherited	late_neuron	GSM4453238	-0.0890497026648575	0.0878489400543649	-0.1583238698269182	-0.0185747728923043	-0.0880876191202332
GSE148059_C02	inherited	late_neuron	GSM4453239	-0.0909485264250724	0.0858735853292279	-0.1590368224211698	-0.0177852893331305	-0.0909339554494967
GSE148059_C02	inherited	late_neuron	GSM4453240	-0.0901908994972327	0.0865489143136275	-0.1583997753775034	-0.0183400384333568	-0.089537587592355
GSE148059_C02	inherited	late_neuron	GSM4453241	-0.0948163256841868	0.085739061996994	-0.1632463349074024	-0.0173090527737784	-0.0955742035898791
GSE148059_C02	inherited	late_neuron	GSM4453242	-0.0922638715254119	0.0874403667429672	-0.1615341347853479	-0.0181701034830311	-0.0919113799772318
GSE148059_C02	inherited	late_neuron	GSM4453243	-0.0901740462266778	0.0871798717966442	-0.1592214842333046	-0.0181324337900174	-0.0897960763512364
GSE148059_C02	inherited	late_neuron	GSM4453244	-0.0876130600996844	0.0885960139381814	-0.1574943070837061	-0.0187147669541597	-0.0864266920972837
GSE148059_C02	inherited	late_neuron	GSM4453245	-0.09146452616964	0.0864706453551794	-0.1592543415275777	-0.0186808299972415	-0.0905428667878085
GSE148059_C02	inherited	late_neuron	GSM4453246	-0.0884726953975429	0.0869593902012715	-0.1578163888839514	-0.017615696714863	-0.0884832210956213
GSE148059_C02	inherited	late_neuron	GSM4453247	-0.0950313299666292	0.0837825223684375	-0.1603332865918407	-0.0184805657432259	-0.0945289013314929
GSE148059_C02	inherited	late_neuron	GSM4453248	-0.0911820363885811	0.088723947378296	-0.1612490182640736	-0.0186569655028035	-0.0903279039247703
GSE148059_C02	inherited	late_neuron	GSM4453249	-0.0864640949629129	0.0893354643503953	-0.157316603828984	-0.0184829554843241	-0.0853975550241329
GSE148059_C02	inherited	late_neuron	GSM4453250	-0.0892986570708357	0.0872997801833188	-0.1576855917045042	-0.0189128455496503	-0.0879786639664212
GSE148059_C02	inherited	late_neuron	GSM4453251	-0.089223567850543	0.0851674332929776	-0.1565625450545197	-0.017828456089001	-0.0890256323897817
GSE148059_C02	inherited	late_neuron	GSM4453252	-0.0896575856504934	0.0869309305572836	-0.1586991645122789	-0.0178893516954982	-0.0894500130084984
GSE148059_C02	inherited	late_neuron	GSM4453253	-0.0897818916874534	0.086658855570763	-0.1576998906512406	-0.0187408566069758	-0.0886420107548704
GSE148059_C02	inherited	late_neuron	GSM4453254	-0.0938333389291458	0.0855628465700631	-0.1610125721448354	-0.0183836133543735	-0.0933606890040741
GSE148059_C02	inherited	late_neuron	GSM4453255	-0.0865784009537897	0.0896558871568203	-0.1573126933435507	-0.0189215947670594	-0.0850788674363817
GSE148059_C02	inherited	late_neuron	GSM4453256	-0.085276683302688	0.0899563888707848	-0.1565318800020803	-0.0187011921713924	-0.0839031078454979
GSE148059_C02	inherited	late_neuron	GSM4453257	-0.0843370278862377	0.0890883927707369	-0.154939008935525	-0.0184864117214496	-0.0831451469575184
GSE148059_C02	inherited	late_neuron	GSM4453258	-0.0820281232369076	0.0860062785016125	-0.1506526626521649	-0.0173817390863552	-0.0818295486101324
GSE148059_C02	inherited	late_neuron	GSM4453259	-0.0854425826847128	0.0881375983957793	-0.1550401153922368	-0.0185400656882553	-0.0842759790179155
GSE148059_C02	inherited	late_neuron	GSM4453260	-0.0847088400012376	0.0886041179913271	-0.1554476024576808	-0.0178653555348839	-0.084164534019379
GSE148059_C02	inherited	late_neuron	GSM4453261	-0.0871107733873691	0.0863162404303377	-0.1555568590507	-0.0178701547670068	-0.0867559295558086
GSE148059_C02	inherited	late_neuron	GSM4453262	-0.0901132954529744	0.0876199857405531	-0.1586569918360387	-0.0190762893574888	-0.0886732077821232
GSE148059_C02	inherited	late_neuron	GSM4453263	-0.0771433936825252	0.0903779773837009	-0.1496566080291351	-0.017864763037091	-0.076131166609775
GSE148059_C02	inherited	late_neuron	GSM4453264	-0.0882738465549215	0.0854732411538433	-0.1552820914908759	-0.018464996217889	-0.0873317055214959
GSE148059_C02	inherited	late_neuron	GSM4453265	-0.0832937314391837	0.0896939847649067	-0.1544176767108209	-0.0185700394932695	-0.0819720151181666
GSE148059_C02	inherited	late_neuron	GSM4453266	-0.0865386443518831	0.0886296085630414	-0.1566097407953822	-0.0185585121195423	-0.0854448106722698
GSE148059_C02	inherited	late_neuron	GSM4453267	-0.0852435100095918	0.0872913930478942	-0.1548513850952572	-0.0176835179622289	-0.0849492977222451
GSE148059_C02	inherited	late_neuron	GSM4453268	-0.0869944397373786	0.0875898078529657	-0.1558443587297637	-0.0187398888605806	-0.0857047725265949
GSE148059_C02	inherited	late_neuron	GSM4453269	-0.0897323193721103	0.086361915426865	-0.157507684367209	-0.0185865504317663	-0.0887930049184011
GSE148059_C02	inherited	late_neuron	GSM4453270	-0.0840431226477014	0.08963911946928	-0.1552018343731669	-0.0184804077438144	-0.0828472130905975
GSE148059_C02	inherited	late_neuron	GSM4453271	-0.0858969560755052	0.0906189989025624	-0.1573677561384417	-0.0191481988396259	-0.0841139159525357
GSE148059_C02	inherited	late_neuron	GSM4453272	-0.0859353170159441	0.0883245314494537	-0.1558042597957988	-0.0184555886695988	-0.0848998318040935
GSE148059_C02	inherited	late_neuron	GSM4453273	-0.085392200622386	0.0878569124413345	-0.1547386722651124	-0.018510440798608	-0.0842485443391109
GSE148059_C02	inherited	late_neuron	GSM4453274	-0.0878039563052627	0.0886633151041512	-0.157367848304765	-0.0190994231046489	-0.0861687612341236
GSE148059_C02	inherited	late_neuron	GSM4453275	-0.0883962631822529	0.0868044125285633	-0.1574685334297129	-0.0177321422811033	-0.0882958809661252
GSE148059_C02	inherited	late_neuron	GSM4453276	-0.0889696562130306	0.0887060934448019	-0.1583234484951543	-0.0193523011626781	-0.0871301309020694
GSE148059_C02	inherited	late_neuron	GSM4453277	-0.0837803169599859	0.0886618206930512	-0.1535849671459973	-0.0188571705070398	-0.0821520499479601
GSE148059_C02	inherited	late_neuron	GSM4453278	-0.0878292625443303	0.0861846927536861	-0.1557373602116665	-0.0182765950863499	-0.0870683611892923
GSE148059_C02	inherited	late_neuron	GSM4453279	-0.0845521506682387	0.0891079781144482	-0.1559963804968159	-0.0176637482858709	-0.0842468129818277
GSE148059_C02	inherited	late_neuron	GSM4453280	-0.0859749617016009	0.0872383776620432	-0.155205343276763	-0.0180079960868812	-0.085418513097778
GSE148059_C02	inherited	late_neuron	GSM4453281	-0.0828628209609919	0.0906500852867656	-0.1549557700397566	-0.0185571362080009	-0.0815079499350447
GSE148059_C02	inherited	late_neuron	GSM4453282	-0.0858821107141376	0.088492254408019	-0.1557042856682025	-0.018670079453954	-0.0845880157364505
GSE148059_C02	inherited	late_neuron	GSM4453283	-0.0819666680491615	0.0898219116217125	-0.1527246801005666	-0.0190638995703074	-0.080010540267445
GSE148059_C02	inherited	late_neuron	GSM4453284	-0.0856326098935281	0.0859473513044497	-0.1540668258510737	-0.0175131353469041	-0.0855096343939838
GSE148059_C02	inherited	late_neuron	GSM4453285	-0.0840855125731323	0.0901811101170314	-0.1551898198345877	-0.019076802855576	-0.0822454742878511
GSE148059_C02	inherited	late_neuron	GSM4453286	-0.0856238014263396	0.0882280662254533	-0.1552400636474296	-0.0186118040043634	-0.0844032168533071
GSE148059_C02	inherited	late_neuron	GSM4453287	-0.0891741206180673	0.0850204345905478	-0.1556952533685145	-0.0184993018401006	-0.0882620649632282
GSE148059_C02	inherited	late_neuron	GSM4453288	-0.0879025413547001	0.0903935732422729	-0.1585032386587693	-0.0197928759382037	-0.085548982967258
GSE148059_C02	inherited	late_neuron	GSM4453289	-0.087623948892457	0.0913903454459632	-0.1588627268196759	-0.0201515675187443	-0.0848947317596125
GSE148059_C02	inherited	late_neuron	GSM4453290	-0.084636528937263	0.0873185162801935	-0.1532644785064842	-0.0186905667109723	-0.0831950554311523
GSE148059_C02	inherited	late_neuron	GSM4453291	-0.0787788916736285	0.0934258189471577	-0.1515129826141397	-0.0206917280066465	-0.0747977970896954
GSE148059_C02	inherited	late_neuron	GSM4453292	-0.0856070271554905	0.0923111067661273	-0.1587679140061869	-0.0191502199154308	-0.0837959266747097
GSE148059_C02	inherited	late_neuron	GSM4453293	-0.0837080058960113	0.091315796056993	-0.1560508639605317	-0.0189729379924726	-0.0819362295553189
GSE148059_C02	inherited	late_neuron	GSM4453294	-0.0863010000704414	0.0899128666162385	-0.1568866084307169	-0.0193272582559629	-0.0843496776695412
GSE148059_C02	inherited	late_neuron	GSM4453295	-0.0826137283055287	0.0915292335119384	-0.155441690646369	-0.0187012711710982	-0.0810839780219575
GSE148059_C02	inherited	late_neuron	GSM4453296	-0.0805939691624648	0.0911679217744914	-0.1531317787507908	-0.0186301121861654	-0.0790000544631593
GSE148059_C02	inherited	late_neuron	GSM4453297	-0.0877222376929979	0.0902073709358766	-0.1593676402722066	-0.0185619683566678	-0.0866443015173276
GSE148059_C02	inherited	late_neuron	GSM4453298	-0.0863738048825768	0.0898107660798963	-0.1554887942209082	-0.0206957767415649	-0.082918047041722
GSE148059_C02	inherited	late_neuron	GSM4453299	-0.073402461367498	0.0948766024596558	-0.1472718702456166	-0.0210071935815372	-0.0687191445898491
GSE148059_C02	inherited	late_neuron	GSM4453300	-0.0811631488756037	0.089687302706464	-0.1513750952111037	-0.0194753563709641	-0.0786724957065912
GSE148059_C02	inherited	late_neuron	GSM4453301	-0.0837504221546774	0.0887585360827864	-0.1537332561769541	-0.0187757020605098	-0.0821878530625833
GSE148059_C02	inherited	late_neuron	GSM4453302	-0.083058239899723	0.0901609322755273	-0.153806877319382	-0.0194122948558683	-0.0807739221466575
GSE148059_C02	inherited	late_neuron	GSM4453303	-0.0862502098429683	0.0872284895322098	-0.1551793852901231	-0.018299314085055	-0.0853767260814075
GSE148059_C02	inherited	late_neuron	GSM4453304	-0.0809986451550468	0.0919591828270439	-0.1535639861408183	-0.0193938418412724	-0.0786026371327052
GSE148059_C02	inherited	late_neuron	GSM4453305	-0.0845993266591748	0.0904587874993499	-0.155185119352097	-0.0198729948064276	-0.0819329135234477
GSE148059_C02	inherited	late_neuron	GSM4453306	-0.0792371097167663	0.0915012939493467	-0.1511867269961086	-0.0195516766700044	-0.0766080470964084
GSE148059_C02	inherited	late_neuron	GSM4453307	-0.0825478688841884	0.0914829857675446	-0.1543456355625075	-0.0196852190892255	-0.0798959898583434
GSE148059_C02	inherited	late_neuron	GSM4453308	-0.0864739830927463	0.0881257418566115	-0.1547560587836811	-0.0198436661656768	-0.0839579797105035
GSE148059_C02	inherited	late_neuron	GSM4453309	-0.0827165464225312	0.0913134392324388	-0.1546463545256627	-0.0193836311293073	-0.0804581519147341
GSE148059_C02	inherited	late_neuron	GSM4453310	-0.0820529423111232	0.0898126818227602	-0.1528749441241665	-0.0189906800097169	-0.0801819070275381
GSE148059_C02	inherited	late_neuron	GSM4453311	-0.0832389780598067	0.0908689408048621	-0.154915730355571	-0.0191921885090978	-0.0812260859722923
GSE148059_C02	inherited	severity	GSM4453235	0.0111175133447254	-0.0126937474919099	-0.1344504770637639	0.1582617379003994	0.0151644225168739
GSE148059_C02	inherited	severity	GSM4453236	0.011435476059568	-0.0128671653160778	-0.1333776063400581	0.1576802477157041	0.0154735796217854
GSE148059_C02	inherited	severity	GSM4453237	0.0074323620532573	-0.0126284400859263	-0.1375072938487632	0.1575680959879469	0.0109762277005083
GSE148059_C02	inherited	severity	GSM4453238	0.0114758284279122	-0.0130911827651949	-0.1324814562267248	0.1570484674198319	0.016482067539081
GSE148059_C02	inherited	severity	GSM4453239	0.010326590078228	-0.0125293898019035	-0.1345553336694418	0.1574113135495734	0.0150532987829837
GSE148059_C02	inherited	severity	GSM4453240	0.0042426306514247	-0.0128260724654173	-0.140539022387664	0.157607725504506	0.0079133067533671
GSE148059_C02	inherited	severity	GSM4453241	0.0137367873565865	-0.0129503814240082	-0.1315541039908133	0.1582412727714082	0.0179132670817757
GSE148059_C02	inherited	severity	GSM4453242	0.0138918909765867	-0.0127687967459336	-0.1323322294505049	0.1589929171730253	0.0169888252340173
GSE148059_C02	inherited	severity	GSM4453243	0.0181078329214566	-0.0131820524826753	-0.1264112584091071	0.1577011438132393	0.0237306298947079
GSE148059_C02	inherited	severity	GSM4453244	0.0065032565589514	-0.0126873652395644	-0.1375911289842385	0.1567817507827544	0.0110732283478765
GSE148059_C02	inherited	severity	GSM4453245	0.0129766274083315	-0.0126670215653446	-0.1325314857978273	0.1581751347715035	0.0174373450328462
GSE148059_C02	inherited	severity	GSM4453246	0.0103279809312561	-0.0134797165791005	-0.1342096557593307	0.1580173532696874	0.0143172248639895
GSE148059_C02	inherited	severity	GSM4453247	0.0156292662212818	-0.0130390434071752	-0.1295316861511855	0.1581999957796425	0.0203130088557811
GSE148059_C02	inherited	severity	GSM4453248	0.0107642817314087	-0.0131296956814358	-0.1335622411000548	0.1574562185128994	0.0152773855699996
GSE148059_C02	inherited	severity	GSM4453249	0.0107732027802674	-0.0134182193268344	-0.1340671873534584	0.1582586094605603	0.0141503156596393
GSE148059_C02	inherited	severity	GSM4453250	0.0141039549254544	-0.0125628153303785	-0.1312925080436164	0.1579592782994495	0.0187850683343161
GSE148059_C02	inherited	severity	GSM4453251	0.0073310531022749	-0.0136403150480354	-0.1381667952167474	0.1591381633670578	0.0098682578581307
GSE148059_C02	inherited	severity	GSM4453252	0.0103269955804489	-0.012442696561403	-0.1354201797949049	0.1581898719367568	0.0136290886533838
GSE148059_C02	inherited	severity	GSM4453253	0.0079306635552931	-0.0131972460827956	-0.1357989345407598	0.1569268441788487	0.0124804806754268
GSE148059_C02	inherited	severity	GSM4453254	0.0094400681939549	-0.0123153962893279	-0.1361284726789019	0.1578839371621848	0.0134242389816663
GSE148059_C02	inherited	severity	GSM4453255	0.0158079301079976	-0.0125628329609099	-0.1305137282953173	0.1588844913642249	0.0197093370696759
GSE148059_C02	inherited	severity	GSM4453256	0.0072175105214897	-0.0131430459115569	-0.138590629272294	0.1589511857053407	0.0094926688702432
GSE148059_C02	inherited	severity	GSM4453257	0.0078434903725506	-0.0132408934015526	-0.1372196399762441	0.1583040237503473	0.0111085072121149
GSE148059_C02	inherited	severity	GSM4453258	0.0031561628701589	-0.0132220150203821	-0.1407089532845221	0.1570871311750632	0.0069483926694112
GSE148059_C02	inherited	severity	GSM4453259	0.0077426907480292	-0.0130232444921456	-0.1371312581226307	0.1578971933628054	0.0112259206964888
GSE148059_C02	inherited	severity	GSM4453260	-0.0001772318957813	-0.0129468533587921	-0.1442535050064401	0.1570231264694509	0.0027397705900067
GSE148059_C02	inherited	severity	GSM4453261	0.0114107071219816	-0.0128747190192835	-0.1346667214075074	0.1589521475487727	0.0144487037307525
GSE148059_C02	inherited	severity	GSM4453262	0.0080977285113344	-0.0133173197959688	-0.1374140635990309	0.1588291119063342	0.0107224593501432
GSE148059_C02	inherited	severity	GSM4453263	0.0015066856189393	-0.012696102147318	-0.1437168531808413	0.1579196409470986	0.00420369558906
GSE148059_C02	inherited	severity	GSM4453264	-0.0033461651474751	-0.0136049815042797	-0.146918624276632	0.1571774406334366	-0.0009492762639459
GSE148059_C02	inherited	severity	GSM4453265	-0.001208651281356	-0.0127388365963411	-0.1462738013054632	0.1578039866204483	0.0011798331268607
GSE148059_C02	inherited	severity	GSM4453266	0.001886437469289	-0.0132992818034588	-0.1421681050320177	0.1573538243047656	0.0051458598186286
GSE148059_C02	inherited	severity	GSM4453267	0.0087578058100091	-0.0129321181524867	-0.1367338600693564	0.1584237840318522	0.0123888248733664
GSE148059_C02	inherited	severity	GSM4453268	0.0035710053547214	-0.013663099571372	-0.1409945894406767	0.1582286943667702	0.0059259259259259
GSE148059_C02	inherited	severity	GSM4453269	0.0049504827721382	-0.0132299076215791	-0.139762001774603	0.1579423921683205	0.0082845535052555
GSE148059_C02	inherited	severity	GSM4453270	0.0022730456373826	-0.0131888461140855	-0.1423744782371581	0.1578363699886262	0.0050915169514906
GSE148059_C02	inherited	severity	GSM4453271	0.0085872167066476	-0.0131554636824649	-0.136523737437884	0.1582664178269965	0.0118725892746049
GSE148059_C02	inherited	severity	GSM4453272	0.0114631089790235	-0.0135501701412878	-0.1328885373596012	0.1579018164799127	0.0163063368154171
GSE148059_C02	inherited	severity	GSM4453273	0.0004184880866542	-0.0134815442775162	-0.1436292274811277	0.1575292598452981	0.0032075779952502
GSE148059_C02	inherited	severity	GSM4453274	0.007456776421269	-0.0131146627150455	-0.1373458334427405	0.1579172725790551	0.0109146573907273
GSE148059_C02	inherited	severity	GSM4453275	0.010303656674849	-0.01326221263184	-0.1346790804099776	0.1582449497166668	0.0141692137631569
GSE148059_C02	inherited	severity	GSM4453276	0.0097074939701819	-0.0130052084585835	-0.1362945228999171	0.1590072253286826	0.0123005014849797
GSE148059_C02	inherited	severity	GSM4453277	0.0043574093283517	-0.013209945942205	-0.1405379547610438	0.1581053100316007	0.0068600476419747
GSE148059_C02	inherited	severity	GSM4453278	0.0072295541333436	-0.0126907679321133	-0.1378288512330515	0.1577491732985085	0.0108051133074746
GSE148059_C02	inherited	severity	GSM4453279	0.0036390200267399	-0.0135355955687124	-0.1411199856153671	0.1582946012108194	0.0060613286737246
GSE148059_C02	inherited	severity	GSM4453280	0.0097808742005719	-0.0130910613104234	-0.1345492256698059	0.1574211611808014	0.0145049291952257
GSE148059_C02	inherited	severity	GSM4453281	0.013817351049024	-0.0127590568568415	-0.1315090403527052	0.1580854482585709	0.0182390718290226
GSE148059_C02	inherited	severity	GSM4453282	0.0067147484950245	-0.0132463275231016	-0.1383588622251784	0.1583199382433046	0.0096619078789583
GSE148059_C02	inherited	severity	GSM4453283	0.0112550882986766	-0.012945384147847	-0.1343263169852154	0.1585267894317392	0.014792389546175
GSE148059_C02	inherited	severity	GSM4453284	0.0121733294677805	-0.0123952684731473	-0.1337026134316455	0.1582712113725734	0.0160679610424972
GSE148059_C02	inherited	severity	GSM4453285	0.0160983049591871	-0.0125479900124685	-0.1293142115881439	0.1579605065597996	0.0209759427863522
GSE148059_C02	inherited	severity	GSM4453286	0.006642772830298	-0.0136666550618591	-0.1374263403256883	0.1577357682178454	0.0097628901114952
GSE148059_C02	inherited	severity	GSM4453287	0.0076840829439552	-0.0133421592556806	-0.1365311285484117	0.1575573707480477	0.0113220413558307
GSE148059_C02	inherited	severity	GSM4453288	0.003742129250867	-0.0131514223728919	-0.1416995971690006	0.1585931487927595	0.0058919598307105
GSE148059_C02	inherited	severity	GSM4453289	0.00912794706183	-0.0127833517290297	-0.1362484739110018	0.1581597727018616	0.0117374822604872
GSE148059_C02	inherited	severity	GSM4453290	0.0098098666298885	-0.0123375284830049	-0.1359278548627704	0.1580752499756639	0.0134907934859246
GSE148059_C02	inherited	severity	GSM4453291	0.0107464925252854	-0.0135718125979831	-0.1351973259608563	0.1595156310841249	0.0127929774070287
GSE148059_C02	inherited	severity	GSM4453292	0.0118082579731942	-0.0133810639615068	-0.1327384349336582	0.1579277568683594	0.0152795711140323
GSE148059_C02	inherited	severity	GSM4453293	0.0157937140228928	-0.013028396525193	-0.1298760789914564	0.1586981895395424	0.0196772968498953
GSE148059_C02	inherited	severity	GSM4453294	0.0071601015935469	-0.0127941220247312	-0.1384233076940744	0.1583775313123525	0.0102182983411865
GSE148059_C02	inherited	severity	GSM4453295	0.0083162648241523	-0.0129320672198406	-0.1365247110350036	0.1577730430789966	0.012064267977993
GSE148059_C02	inherited	severity	GSM4453296	0.0076959189073289	-0.0132630040468024	-0.1375715159975954	0.1585304389517268	0.0107515782981969
GSE148059_C02	inherited	severity	GSM4453297	0.000492677362538	-0.0137559811283732	-0.1437507351441832	0.1579993936350945	0.0026149926156742
GSE148059_C02	inherited	severity	GSM4453298	0.0065348289226876	-0.0135063523940612	-0.138766211733921	0.1588073930506698	0.0092074589804761
GSE148059_C02	inherited	severity	GSM4453299	0.0067649641661801	-0.0134071218868291	-0.1392932039872927	0.159465290040302	0.0078189172180116
GSE148059_C02	inherited	severity	GSM4453300	0.009875847913959	-0.0128082989308775	-0.1343993700713017	0.1570835169161383	0.0145853543304246
GSE148059_C02	inherited	severity	GSM4453301	0.0057091069052185	-0.0133126085262048	-0.1390185908311222	0.1580403062625457	0.0090170064899116
GSE148059_C02	inherited	severity	GSM4453302	0.009220916771488	-0.0131175717527168	-0.1358096539038152	0.1581481424280202	0.0123233811736659
GSE148059_C02	inherited	severity	GSM4453303	0.0068759209357019	-0.0127087256077583	-0.138114702873478	0.1576993494169383	0.0104218136048312
GSE148059_C02	inherited	severity	GSM4453304	0.0115908931112365	-0.0130486481288603	-0.1335559039035116	0.1581954451436086	0.0152592376202094
GSE148059_C02	inherited	severity	GSM4453305	0.0128811776705982	-0.0120602433218622	-0.1331140181428197	0.1580554391352802	0.0171936821187515
GSE148059_C02	inherited	severity	GSM4453306	0.0056495196271811	-0.012622106807279	-0.1385219054611259	0.1567935318955862	0.0101925478718896
GSE148059_C02	inherited	severity	GSM4453307	0.0155465849061354	-0.0134185934858885	-0.1314102545266526	0.1603754329186765	0.0173224056131695
GSE148059_C02	inherited	severity	GSM4453308	0.006201155445472	-0.0134897561872253	-0.1394148722840783	0.1591057839167758	0.008028816001356
GSE148059_C02	inherited	severity	GSM4453309	0.0066461931533782	-0.012956489423644	-0.1377743278354049	0.1573770104124272	0.0096001067526458
GSE148059_C02	inherited	severity	GSM4453310	0.0084867638159092	-0.0131109093708178	-0.1365127242326396	0.1581103974193666	0.0119099671266768
GSE148059_C02	inherited	severity	GSM4453311	0.0165576782480216	-0.0128645853816582	-0.1288464246179638	0.1582686882476437	0.02116385629507
original_hDRG_DPN_control	statfree	late_allcell	DPN5	-0.0873383398024947	-0.0095013138731771	-0.083453610351605	0.0056165844222874	-0.0891338847587595
original_hDRG_DPN_control	statfree	late_allcell	DPN4	-0.0618718437178012	-0.0081929456809449	-0.0597285748693235	0.0060496768324673	-0.0635516656720339
original_hDRG_DPN_control	statfree	late_allcell	DPN3	-0.1096107126236562	-0.0112378714678262	-0.1034246376987282	0.0050517965428982	-0.1112643192371421
original_hDRG_DPN_control	statfree	late_allcell	DPN2	-0.1104207802351025	-0.0111861915903674	-0.1047394670118512	0.0055048783671161	-0.1125793334893542
original_hDRG_DPN_control	statfree	late_allcell	DPN1	-0.133887186102641	-0.0128995379692658	-0.1259695721678597	0.0049819240344845	-0.1360360072649978
original_hDRG_DPN_control	statfree	late_allcell	Con7	-0.1122074310013424	-0.0113834582285497	-0.1060111499684421	0.0051871771956495	-0.1140738690394955
original_hDRG_DPN_control	statfree	late_allcell	Con6	-0.1401767809253642	-0.0127129190968743	-0.1324062756087221	0.0049424137802322	-0.142401950314779
original_hDRG_DPN_control	statfree	late_allcell	Con5	-0.1230311541906956	-0.0121518482884037	-0.1161378436496198	0.0052585377473279	-0.1252264063355402
original_hDRG_DPN_control	statfree	late_allcell	Con4	-0.1368952335058035	-0.0125902449019078	-0.1290405009191551	0.0047355123152593	-0.1388441684874422
original_hDRG_DPN_control	statfree	late_allcell	Con3	-0.1347165382229499	-0.012674596162037	-0.1269813458669236	0.0049394038060108	-0.1368443409531754
original_hDRG_DPN_control	statfree	late_allcell	Con2	-0.0862454615901205	-0.0109836140419217	-0.0806779773741588	0.0054161298259599	-0.0877323390133958
original_hDRG_DPN_control	statfree	late_allcell	Con1	-0.1345962996617175	-0.0124648695754957	-0.1270153878478849	0.0048839577616629	-0.1366593445968298
original_hDRG_DPN_control	statfree	late_neuron	DPN5	-0.068988089466472	0.0652025810027573	-0.1148163863534426	-0.0193742841157868	-0.0712328663047176
original_hDRG_DPN_control	statfree	late_neuron	DPN4	-0.0656345876189114	0.0745017515218552	-0.1194418463655704	-0.0206944927751962	-0.0662334880950631
original_hDRG_DPN_control	statfree	late_neuron	DPN3	-0.0759189523436507	0.0512238694677918	-0.1099600520573721	-0.0171827697540704	-0.0808009484754874
original_hDRG_DPN_control	statfree	late_neuron	DPN2	-0.0868156707437082	0.0511194923793688	-0.119313661847357	-0.0186215012757199	-0.0909496573838089
original_hDRG_DPN_control	statfree	late_neuron	DPN1	-0.100617895259097	0.038286975683253	-0.1216798892284208	-0.0172249817139292	-0.1070757512135538
original_hDRG_DPN_control	statfree	late_neuron	Con7	-0.0845209003230298	0.0514824921201452	-0.1184675330799036	-0.0175358593632714	-0.0896994395190009
original_hDRG_DPN_control	statfree	late_neuron	Con6	-0.0932610180727284	0.0409079656770827	-0.1165687749840773	-0.0176002087657338	-0.0988000811326163
original_hDRG_DPN_control	statfree	late_neuron	Con5	-0.0976751351389458	0.0435155553239018	-0.1241036762716548	-0.0170870141911928	-0.1041156007374808
original_hDRG_DPN_control	statfree	late_neuron	Con4	-0.0918116078786875	0.0419185217296537	-0.1173489768179197	-0.0163811527904214	-0.0985909437424054
original_hDRG_DPN_control	statfree	late_neuron	Con3	-0.0980997857215748	0.0399438398911052	-0.121470799898437	-0.0165728257142431	-0.1050567281544701
original_hDRG_DPN_control	statfree	late_neuron	Con2	-0.0756356092581315	0.0508137055906201	-0.1069567794603363	-0.0194925353884153	-0.0779375156829376
original_hDRG_DPN_control	statfree	late_neuron	Con1	-0.0910001096759751	0.0425241550067082	-0.1169323179040771	-0.0165919467786062	-0.097488240003036
original_hDRG_DPN_control	statfree	severity	DPN5	-0.0123723741118706	-0.0184728759686779	-0.1608316160376958	0.1669321178945031	-0.012091226372715
original_hDRG_DPN_control	statfree	severity	DPN4	-0.0083301016377155	-0.0188066641818327	-0.156358336750251	0.1668348992943682	-0.0078063953526096
original_hDRG_DPN_control	statfree	severity	DPN3	-0.0310641789734041	-0.0200501427779773	-0.1810066646410827	0.169992628445656	-0.0341539715145439
original_hDRG_DPN_control	statfree	severity	DPN2	-0.0186169894832497	-0.0188450770963693	-0.1696734611701682	0.1699015487832878	-0.020384921090606
original_hDRG_DPN_control	statfree	severity	DPN1	-0.0207740110051353	-0.0210072783213311	-0.1696548053694581	0.1698880726856538	-0.0223013889628704
original_hDRG_DPN_control	statfree	severity	Con7	-0.0264984846506402	-0.0189631828676374	-0.1758100780488204	0.1682747762658176	-0.0282941775887271
original_hDRG_DPN_control	statfree	severity	Con6	-0.030709999631713	-0.0227861462043636	-0.17834173902699	0.1704178855996406	-0.0338039933719941
original_hDRG_DPN_control	statfree	severity	Con5	-0.0211761069119097	-0.0192807577149874	-0.1714531790599684	0.1695578298630461	-0.0229239235488712
original_hDRG_DPN_control	statfree	severity	Con4	-0.0241937179910651	-0.0200512268445796	-0.1750917475952224	0.1709492564487369	-0.0270123697927473
original_hDRG_DPN_control	statfree	severity	Con3	-0.0160246191328274	-0.0204547353229873	-0.1662118862180381	0.1706420024081981	-0.0175399771028685
original_hDRG_DPN_control	statfree	severity	Con2	-0.0417189004722427	-0.0166466368389135	-0.1913916917221012	0.1663194280887721	-0.0444337079455339
original_hDRG_DPN_control	statfree	severity	Con1	-0.021140561025031	-0.0197370873385912	-0.1709336113966357	0.1695301377101959	-0.0221559289521959
original_JCI_sural_DPN_control	statfree	late_allcell	C1	0.0418616783359768	-0.0040320319875552	0.0405685065643051	0.0053252037592269	0.0412664436196639
original_JCI_sural_DPN_control	statfree	late_allcell	C2	0.0369291090608145	-0.0052213945987052	0.036434342675505	0.0057161609840146	0.0358432760516588
original_JCI_sural_DPN_control	statfree	late_allcell	C3	0.0597290302990225	-0.0030997291100928	0.0569922190779421	0.0058365403311733	0.0590029960701007
original_JCI_sural_DPN_control	statfree	late_allcell	C4	0.1415432681534673	-0.0019320271452382	0.1363897260340384	0.0070855692646671	0.1413665891378946
original_JCI_sural_DPN_control	statfree	late_allcell	C5	0.0568717569549864	-0.004148374041762	0.0551949164262132	0.0058252145705351	0.056108122629578
original_JCI_sural_DPN_control	statfree	late_allcell	C6	0.0631829869308136	-0.0031266426614493	0.0605393833558643	0.0057702462363986	0.0626017384013404
original_JCI_sural_DPN_control	statfree	late_allcell	S38	0.0421425568472091	-0.0022581277701509	0.0402071962551462	0.0041934883622138	0.0426870114762909
original_JCI_sural_DPN_control	statfree	late_allcell	S39	0.026648754688279	-0.0044025470324946	0.0257324660731865	0.0053188356475871	0.0257414479534722
original_JCI_sural_DPN_control	statfree	late_allcell	S40	0.03246095574501	-0.0034590369333649	0.0307204464406526	0.0051995462377222	0.0318151941769288
original_JCI_sural_DPN_control	statfree	late_allcell	S42	0.0235755762088832	-0.0029943216043399	0.0225194697862849	0.0040504280269382	0.023852413711236
original_JCI_sural_DPN_control	statfree	late_allcell	S43	0.02693486855879	-0.0038977698967734	0.0256257604313808	0.0052068780241825	0.026147171973734
original_JCI_sural_DPN_control	statfree	late_allcell	S44	0.035349525056378	-0.0029738315723575	0.0336081021960143	0.0047152544327212	0.0352561310884042
original_JCI_sural_DPN_control	statfree	late_neuron	C1	-0.1290560631742535	0.0621492008246331	-0.1676583150926917	-0.0235469489061949	-0.1297013295427932
original_JCI_sural_DPN_control	statfree	late_neuron	C2	-0.1435832913695126	0.0523335959096883	-0.1698970643789682	-0.0260198229002328	-0.1423642118424073
original_JCI_sural_DPN_control	statfree	late_neuron	C3	-0.1209332422340573	0.0709690055845272	-0.1665364830198751	-0.0253657647987093	-0.1192937187420463
original_JCI_sural_DPN_control	statfree	late_neuron	C4	-0.1202093526261798	0.0777642294480379	-0.1682553554542498	-0.0297182266199679	-0.1137029886637196
original_JCI_sural_DPN_control	statfree	late_neuron	C5	-0.1286036333488672	0.061803484638042	-0.1645269022074675	-0.0258802157794417	-0.1267513680866854
original_JCI_sural_DPN_control	statfree	late_neuron	C6	-0.1097415950159751	0.0683010637188512	-0.1524326919882959	-0.0256099667465305	-0.1067626969108075
original_JCI_sural_DPN_control	statfree	late_neuron	S38	-0.0653227344392522	0.0775456129325894	-0.1236578389051721	-0.0192105084666694	-0.0662844816776551
original_JCI_sural_DPN_control	statfree	late_neuron	S39	-0.1264125743852277	0.0609413271377757	-0.1637905211190606	-0.0235633804039428	-0.1268066135890581
original_JCI_sural_DPN_control	statfree	late_neuron	S40	-0.1120173650756818	0.0689944348882735	-0.1567495107355865	-0.0242622892283687	-0.110866716787181
original_JCI_sural_DPN_control	statfree	late_neuron	S42	-0.0782048159939589	0.0719781363247322	-0.1300534130597317	-0.0201295392589594	-0.0790936229507144
original_JCI_sural_DPN_control	statfree	late_neuron	S43	-0.1242290971238444	0.0651629808229011	-0.1666036534902817	-0.0227884244564638	-0.1253928730270588
original_JCI_sural_DPN_control	statfree	late_neuron	S44	-0.0932648553017715	0.0725262248032396	-0.1450410716090769	-0.0207500084959343	-0.0946666164971872
original_JCI_sural_DPN_control	statfree	severity	C1	0.03566718899439	-0.0056995491168623	-0.0978124934358639	0.1391792315471163	0.05166124955186
original_JCI_sural_DPN_control	statfree	severity	C2	0.0339066830457609	-0.0059529133388381	-0.1006503058213473	0.1405099022059464	0.0480475151673067
original_JCI_sural_DPN_control	statfree	severity	C3	0.0348483793904819	-0.0048003643376499	-0.0992383597252759	0.1388871034534078	0.0504096543892089
original_JCI_sural_DPN_control	statfree	severity	C4	0.0728981283701632	0.0002301724486133	-0.0691014245712011	0.1417693804927511	0.0874290995314917
original_JCI_sural_DPN_control	statfree	severity	C5	0.0451057146685196	-0.0046405142489783	-0.0900701138595402	0.139816342777038	0.0611420049798914
original_JCI_sural_DPN_control	statfree	severity	C6	0.0427752376968694	-0.0028330407999354	-0.0959018541775126	0.1415101326743175	0.0556302743107386
original_JCI_sural_DPN_control	statfree	severity	S38	0.0371615652829704	-0.0035448376023278	-0.0978571474801095	0.1385635503654079	0.0520964011578714
original_JCI_sural_DPN_control	statfree	severity	S39	0.0236705226650004	-0.0071227514463714	-0.10947410844499	0.1402673825563619	0.0368988989108852
original_JCI_sural_DPN_control	statfree	severity	S40	0.0242628772642177	-0.0059428112030626	-0.1110555714306639	0.1412612598979443	0.0364066488280826
original_JCI_sural_DPN_control	statfree	severity	S42	0.0322428622041836	-0.0053084941389337	-0.1012819405126192	0.1388332968557367	0.0469232149780881
original_JCI_sural_DPN_control	statfree	severity	S43	0.0313723029926257	-0.006133306365896	-0.1044249844391138	0.1419305937976356	0.0441095518648489
original_JCI_sural_DPN_control	statfree	severity	S44	0.0184987256401006	-0.0069794572339063	-0.1112269684144065	0.1367051512884135	0.0347664152133601
original_JCI_sural_severe_moderate	statfree	late_allcell	S8	0.0511695706718553	-0.0042261354678433	0.0500493771816828	0.0053463289580158	0.0506127466619813
original_JCI_sural_severe_moderate	statfree	late_allcell	S10	0.1056141018118533	-0.0028314523280167	0.1028309047637938	0.0056146493760762	0.1059992534871203
original_JCI_sural_severe_moderate	statfree	late_allcell	S11	0.0716374514473963	-0.0044881615824605	0.0706080045695455	0.0055176084603113	0.0713490834975566
original_JCI_sural_severe_moderate	statfree	late_allcell	S12	0.0774912612213068	-0.0036883658234926	0.0754951506396217	0.0056844764051777	0.0772022446048194
original_JCI_sural_severe_moderate	statfree	late_allcell	S13	0.1091576362927808	-0.0026648390243149	0.105523900840086	0.0062985744770097	0.108982664206333
original_JCI_sural_severe_moderate	statfree	late_allcell	S14	0.0720867324743845	-0.0038735862337792	0.0699525103650418	0.006007808343122	0.0713447271865932
original_JCI_sural_severe_moderate	statfree	late_allcell	S18	0.030629605673782	-0.0053118618614655	0.0307983309495282	0.0051431365857194	0.0299054702631796
original_JCI_sural_severe_moderate	statfree	late_allcell	S19	0.0968331176648464	-0.0038936526900584	0.0946844344109599	0.0060423359439448	0.0964981688802696
original_JCI_sural_severe_moderate	statfree	late_allcell	S20	0.0800122182356873	-0.003944076216043	0.0782101659294987	0.0057461285222315	0.0797059570628449
original_JCI_sural_severe_moderate	statfree	late_allcell	S21	0.1232691494890815	-0.0018721461997649	0.1188217802433896	0.0063195154454568	0.1233846776427152
original_JCI_sural_severe_moderate	statfree	late_allcell	S22	0.063420480046752	-0.0031635112307913	0.0611900692246011	0.0053939220529422	0.0630033605077242
original_JCI_sural_severe_moderate	statfree	late_allcell	S25	0.0836228392751045	-0.0038056051471728	0.0813029640747834	0.0061254803474939	0.08301174436682
original_JCI_sural_severe_moderate	statfree	late_allcell	S28	0.1406371185424023	-0.0015475477242697	0.1356826619979325	0.0065020042687395	0.1409616865727145
original_JCI_sural_severe_moderate	statfree	late_allcell	S30	0.1300097371998261	-0.0020053391475294	0.1254179988931552	0.0065970774542004	0.1299756087867111
original_JCI_sural_severe_moderate	statfree	late_allcell	S31	0.0684060489234598	-0.0042401210276534	0.066777339287429	0.0058688306636844	0.0677074399358445
original_JCI_sural_severe_moderate	statfree	late_allcell	S33	0.0979183352882271	-0.0029386510483814	0.0947653601055806	0.0060916262310279	0.0976777355116622
original_JCI_sural_severe_moderate	statfree	late_allcell	S34	0.096905361313632	-0.0031907191616524	0.0940779029132775	0.0060181775620069	0.0967383078321377
original_JCI_sural_severe_moderate	statfree	late_neuron	S8	-0.0998898073939038	0.0682198278762421	-0.1452395188313806	-0.0228701164387653	-0.0996608650818679
original_JCI_sural_severe_moderate	statfree	late_neuron	S10	-0.0730934264208996	0.0802419931251774	-0.1287860007777055	-0.0245494187683714	-0.0694340576554389
original_JCI_sural_severe_moderate	statfree	late_neuron	S11	-0.0917182280004018	0.0655072833462606	-0.1306171715299864	-0.0266083398166759	-0.0869325573414714
original_JCI_sural_severe_moderate	statfree	late_neuron	S12	-0.0989669860343035	0.0723334665140154	-0.1467739639762921	-0.0245264885720269	-0.0968146902289654
original_JCI_sural_severe_moderate	statfree	late_neuron	S13	-0.0848137164148975	0.0820045641681471	-0.1389035147910685	-0.0279147657919761	-0.0783022619562092
original_JCI_sural_severe_moderate	statfree	late_neuron	S14	-0.1006010416597908	0.0708479871491068	-0.1445351275009225	-0.0269139013079751	-0.0959943146582482
original_JCI_sural_severe_moderate	statfree	late_neuron	S18	-0.1101856543798579	0.0622293387108707	-0.1495361967557639	-0.0228787963349648	-0.1105545488573975
original_JCI_sural_severe_moderate	statfree	late_neuron	S19	-0.0977637069456213	0.0663003003371338	-0.1389024659788297	-0.0251615413039254	-0.0942860980546253
original_JCI_sural_severe_moderate	statfree	late_neuron	S20	-0.0989493512109064	0.0713042923094469	-0.1431225313504961	-0.0271311121698573	-0.0941874305114082
original_JCI_sural_severe_moderate	statfree	late_neuron	S21	-0.0702185027686836	0.089166209212123	-0.131477954927296	-0.0279067570535106	-0.0629924269601553
original_JCI_sural_severe_moderate	statfree	late_neuron	S22	-0.0902403284077005	0.0757254238129161	-0.1455839458971499	-0.0203818063234667	-0.091986001333736
original_JCI_sural_severe_moderate	statfree	late_neuron	S25	-0.0989840810580552	0.0728188490187534	-0.1442711428971413	-0.0275317871796672	-0.093818595216682
original_JCI_sural_severe_moderate	statfree	late_neuron	S28	-0.0753861566570653	0.090743854748429	-0.1383199934268412	-0.0278100179786531	-0.0684412919775055
original_JCI_sural_severe_moderate	statfree	late_neuron	S30	-0.0858500742649373	0.0854697453915724	-0.1439531085448337	-0.0273667111116759	-0.0798912738180056
original_JCI_sural_severe_moderate	statfree	late_neuron	S31	-0.1084250537082174	0.0678170757666558	-0.1493581182894693	-0.0268840111854039	-0.1043643702268741
original_JCI_sural_severe_moderate	statfree	late_neuron	S33	-0.0923584550095098	0.0795607228707863	-0.1451436458989199	-0.0267755319813761	-0.0875372575651141
original_JCI_sural_severe_moderate	statfree	late_neuron	S34	-0.0863478536892888	0.0778283231387962	-0.1358005227099581	-0.0283756541181269	-0.0795746644663915
original_JCI_sural_severe_moderate	statfree	severity	S8	0.0334165357372284	-0.0059257912704484	-0.1016903572924847	0.1410326843001617	0.0435933696333321
original_JCI_sural_severe_moderate	statfree	severity	S10	0.0258482103618149	-0.0028936490333831	-0.1113155332005986	0.1400573925957967	0.0343833164375471
original_JCI_sural_severe_moderate	statfree	severity	S11	0.0274191293851783	-0.0031434936770953	-0.1098312399796245	0.1403938630418982	0.0371876857916138
original_JCI_sural_severe_moderate	statfree	severity	S12	0.0295631012412769	-0.0040465272291696	-0.107187940947608	0.1407975694180545	0.0390524671682617
original_JCI_sural_severe_moderate	statfree	severity	S13	0.0295029741318507	-0.0032505360516764	-0.1095842700955127	0.1423377802790399	0.0373087579724876
original_JCI_sural_severe_moderate	statfree	severity	S14	0.0383881459737904	-0.0055736688772412	-0.0976929259897837	0.1416547408408154	0.0486992211696756
original_JCI_sural_severe_moderate	statfree	severity	S18	0.0159748159304215	-0.0058470673682181	-0.1201902954126081	0.1420121787112478	0.0246102730891407
original_JCI_sural_severe_moderate	statfree	severity	S19	0.0559076521275687	-0.0018154328200921	-0.0794052669796127	0.1371283519272735	0.0706824499025277
original_JCI_sural_severe_moderate	statfree	severity	S20	0.0232407339329624	-0.0052281474878469	-0.1117630513803052	0.1402319328011147	0.0329024966512957
original_JCI_sural_severe_moderate	statfree	severity	S21	0.0308853006872387	-0.0037249629894989	-0.1080651133442952	0.1426753770210328	0.0374152244342393
original_JCI_sural_severe_moderate	statfree	severity	S22	0.0606385282983736	-0.0031342146465888	-0.0686870209089553	0.1324597638539177	0.076685942751031
original_JCI_sural_severe_moderate	statfree	severity	S25	0.0436536634920713	-0.0037859889223929	-0.0936579937063076	0.1410976461207721	0.055539709157877
original_JCI_sural_severe_moderate	statfree	severity	S28	0.0100955802727828	-0.0022301181220276	-0.1264080100363685	0.138733708431179	0.0169036200293341
original_JCI_sural_severe_moderate	statfree	severity	S30	0.0305080204587861	-0.0013638059965852	-0.111099806346455	0.1429716328018264	0.0359832558022024
original_JCI_sural_severe_moderate	statfree	severity	S31	0.0311751989211915	-0.0043030392740508	-0.1078307417437014	0.1433089799389438	0.0390536708520393
original_JCI_sural_severe_moderate	statfree	severity	S33	0.0137444518922604	-0.0057291315237142	-0.1203557336470357	0.1398293170630104	0.0208377440583903
original_JCI_sural_severe_moderate	statfree	severity	S34	0.0428727721799642	-0.0045854628871265	-0.0937623955564056	0.1412206306234964	0.0536752670504198
GSE148059_C02	statfree	late_allcell	GSM4453235	0.0612899311402701	-0.0050303787315322	0.0602435677284611	0.0060767421433411	0.0613151584534114
GSE148059_C02	statfree	late_allcell	GSM4453236	0.0698861853342845	-0.0048878841123644	0.0686465839895569	0.0061274854570919	0.0700697467869502
GSE148059_C02	statfree	late_allcell	GSM4453237	0.0716568203697541	-0.0046689357977672	0.0701348568324726	0.0061908993350485	0.0718150954356404
GSE148059_C02	statfree	late_allcell	GSM4453238	0.0642177645651083	-0.0049511663601775	0.0630294765171533	0.0061394544081325	0.0642539291476348
GSE148059_C02	statfree	late_allcell	GSM4453239	0.0562572249129667	-0.0051620322750464	0.0554391621250147	0.0059800950629983	0.0562634300613288
GSE148059_C02	statfree	late_allcell	GSM4453240	0.0606549988159394	-0.0050549026842477	0.0596493068103828	0.0060605946898043	0.0606865277985284
GSE148059_C02	statfree	late_allcell	GSM4453241	0.0585110125619982	-0.0050952770260869	0.0576371973776309	0.0059690922104542	0.0585832466296371
GSE148059_C02	statfree	late_allcell	GSM4453242	0.0663246292721699	-0.0048902261843896	0.0652245643837289	0.0059902910728306	0.0665510125357329
GSE148059_C02	statfree	late_allcell	GSM4453243	0.0637203873740116	-0.0050326886328237	0.0627001301397791	0.0060529458670563	0.0638133439081322
GSE148059_C02	statfree	late_allcell	GSM4453244	0.0689293847835488	-0.0048948825252564	0.0677122569333644	0.0061120103754408	0.0691101682119805
GSE148059_C02	statfree	late_allcell	GSM4453245	0.059723302995536	-0.0051152950520947	0.0586315938692887	0.0062070041783419	0.0595839612603763
GSE148059_C02	statfree	late_allcell	GSM4453246	0.0595491218192896	-0.0049819557053197	0.0585793929301302	0.0059516845944791	0.0596687016399955
GSE148059_C02	statfree	late_allcell	GSM4453247	0.0613923708878982	-0.0053501017807447	0.0606638338190907	0.0060786388495521	0.0614242938296276
GSE148059_C02	statfree	late_allcell	GSM4453248	0.060490125581037	-0.0048736778749886	0.0590830880130243	0.0062807154430013	0.0602921437286365
GSE148059_C02	statfree	late_allcell	GSM4453249	0.0663499659797686	-0.0046807551335908	0.0649127861209132	0.0061179349924463	0.0664514086207718
GSE148059_C02	statfree	late_allcell	GSM4453250	0.0662555372597113	-0.0049239408647713	0.0649439240178458	0.0062355541066368	0.0662364752056665
GSE148059_C02	statfree	late_allcell	GSM4453251	0.0593657155608684	-0.0050866733788026	0.0583838753669472	0.0060685135727239	0.0593597382749562
GSE148059_C02	statfree	late_allcell	GSM4453252	0.0619556890106956	-0.0050014247160963	0.0609633245660342	0.0059937891607577	0.0620798980541306
GSE148059_C02	statfree	late_allcell	GSM4453253	0.0625404866198303	-0.0050310888489917	0.0613742661150793	0.0061973093537428	0.0624832974918479
GSE148059_C02	statfree	late_allcell	GSM4453254	0.0601598896970787	-0.0051411865450617	0.059438102055308	0.0058629741868324	0.0603766447799554
GSE148059_C02	statfree	late_allcell	GSM4453255	0.0656720857081637	-0.0047510423101124	0.0643885521195408	0.0060345758987353	0.0658410596174301
GSE148059_C02	statfree	late_allcell	GSM4453256	0.0633244569165763	-0.004679318227414	0.0618015423896806	0.0062022327543096	0.0632781307322024
GSE148059_C02	statfree	late_allcell	GSM4453257	0.0612509586399284	-0.0047653251216463	0.0598401017915251	0.0061761819700496	0.0611822881275492
GSE148059_C02	statfree	late_allcell	GSM4453258	0.0607909211779114	-0.0051028474459872	0.0599294585077919	0.0059643101161068	0.060918516697603
GSE148059_C02	statfree	late_allcell	GSM4453259	0.0645186788137562	-0.0049022991931953	0.0633134697765593	0.0061075082303922	0.0645972823627054
GSE148059_C02	statfree	late_allcell	GSM4453260	0.0611862094989796	-0.004823776592909	0.0598207874736861	0.0061891986182026	0.0611061556559818
GSE148059_C02	statfree	late_allcell	GSM4453261	0.0578978835796085	-0.0050736222696153	0.0570222981704359	0.0059492076787879	0.0579808154042297
GSE148059_C02	statfree	late_allcell	GSM4453262	0.0621524181073768	-0.0049420435070781	0.0608499188769853	0.0062445427374697	0.0620427231714205
GSE148059_C02	statfree	late_allcell	GSM4453263	0.0581029120331737	-0.0046081314953927	0.0567540803061251	0.0059569632224413	0.0581865975201659
GSE148059_C02	statfree	late_allcell	GSM4453264	0.0625450502834178	-0.005172533445238	0.0615327260289936	0.0061848576996622	0.0625034375031286
GSE148059_C02	statfree	late_allcell	GSM4453265	0.0634956658152983	-0.0047890095637966	0.0620943854948061	0.0061902898842888	0.0634752094538889
GSE148059_C02	statfree	late_allcell	GSM4453266	0.0645157770561846	-0.0048596855410344	0.0631170635767512	0.0062583990204677	0.0644430410669678
GSE148059_C02	statfree	late_allcell	GSM4453267	0.0588262706791079	-0.004959217636674	0.0577256044536078	0.0060598838621741	0.0588097695288256
GSE148059_C02	statfree	late_allcell	GSM4453268	0.0605123347855458	-0.0049319853591374	0.0592724637002235	0.0061718564444596	0.060437208878738
GSE148059_C02	statfree	late_allcell	GSM4453269	0.054715846692969	-0.005081552621792	0.0537443001218458	0.0060530991929152	0.0546101352328081
GSE148059_C02	statfree	late_allcell	GSM4453270	0.062214626257481	-0.0047529680445516	0.0607603559271408	0.0062072383748919	0.0621434187710585
GSE148059_C02	statfree	late_allcell	GSM4453271	0.0661984571281134	-0.0046572589754532	0.0646484528371909	0.0062072632663757	0.0662196480195033
GSE148059_C02	statfree	late_allcell	GSM4453272	0.0571136565206379	-0.0048739203095189	0.0559696567961786	0.0060179200339784	0.0571058448429477
GSE148059_C02	statfree	late_allcell	GSM4453273	0.0586251800866896	-0.0048756126641046	0.0573750491471872	0.0061257436036069	0.0585520049272429
GSE148059_C02	statfree	late_allcell	GSM4453274	0.0650825741633167	-0.0047470324021456	0.0636224649513313	0.006207141614131	0.0650785140823018
GSE148059_C02	statfree	late_allcell	GSM4453275	0.0557022004834419	-0.0050417139262201	0.0547347119698603	0.0060092024398017	0.0556734266375703
GSE148059_C02	statfree	late_allcell	GSM4453276	0.0607040421052608	-0.0048262472590978	0.0592515313649193	0.0062787579994393	0.0605240700101577
GSE148059_C02	statfree	late_allcell	GSM4453277	0.0641006293967566	-0.004811612291657	0.0626937839654327	0.0062184577229808	0.0640638910010391
GSE148059_C02	statfree	late_allcell	GSM4453278	0.0593407549596842	-0.0050360494092417	0.0583300998550173	0.0060467045139086	0.0593558255692202
GSE148059_C02	statfree	late_allcell	GSM4453279	0.058411374579904	-0.0047604878470337	0.0571232836304587	0.006048578796479	0.0584111362674123
GSE148059_C02	statfree	late_allcell	GSM4453280	0.0608247505331106	-0.004993924372292	0.0597690884299314	0.0060495864754712	0.0608712582718278
GSE148059_C02	statfree	late_allcell	GSM4453281	0.0652308494833932	-0.004635340639118	0.0635667153955988	0.0062994747269123	0.0651322706948224
GSE148059_C02	statfree	late_allcell	GSM4453282	0.0601468638522149	-0.0048647338606313	0.0588395804324723	0.0061720172803739	0.0600678775125924
GSE148059_C02	statfree	late_allcell	GSM4453283	0.0601976800827446	-0.0047198304666532	0.0587112055518863	0.0062063049975115	0.0600715712797297
GSE148059_C02	statfree	late_allcell	GSM4453284	0.0618045111873683	-0.0050908227110364	0.0608357699503868	0.0060595639480179	0.061860236568065
GSE148059_C02	statfree	late_allcell	GSM4453285	0.0636688145453485	-0.0046244593145387	0.0620048619949451	0.0062884118649421	0.0635428273866392
GSE148059_C02	statfree	late_allcell	GSM4453286	0.061339653015471	-0.004915715134837	0.0600887275014559	0.006166640648852	0.0612904666362408
GSE148059_C02	statfree	late_allcell	GSM4453287	0.0609705493103355	-0.0052125989693386	0.0601446378753485	0.0060385104043256	0.0610373947857528
GSE148059_C02	statfree	late_allcell	GSM4453288	0.0687481256020268	-0.0046404264734834	0.0669193225421841	0.0064692295333261	0.0685595496694591
GSE148059_C02	statfree	late_allcell	GSM4453289	0.0755423913445789	-0.004542985422273	0.0735988292943587	0.0064865474724932	0.0754974962614156
GSE148059_C02	statfree	late_allcell	GSM4453290	0.0668995307943227	-0.0049106887240068	0.065572597252515	0.0062376222658144	0.0668954864044554
GSE148059_C02	statfree	late_allcell	GSM4453291	0.0716491989951044	-0.0042271340640504	0.0693157804178488	0.006560552641306	0.0714363494869115
GSE148059_C02	statfree	late_allcell	GSM4453292	0.0759785569503919	-0.0044063604528968	0.0740524830672609	0.0063324343360277	0.0761008342157372
GSE148059_C02	statfree	late_allcell	GSM4453293	0.0658024940738419	-0.0045194400493043	0.0640738829647654	0.0062480511583808	0.065761117725664
GSE148059_C02	statfree	late_allcell	GSM4453294	0.0691203613730991	-0.0046854697262111	0.0674516513002553	0.0063541797990548	0.0690646091508403
GSE148059_C02	statfree	late_allcell	GSM4453295	0.066731236560525	-0.0044857760573579	0.064988916635401	0.0062280959824819	0.0667423110555748
GSE148059_C02	statfree	late_allcell	GSM4453296	0.0694025430047467	-0.0045395171792705	0.0677714772709597	0.0061705829130574	0.0695359449571935
GSE148059_C02	statfree	late_allcell	GSM4453297	0.0682975075071401	-0.0046050357546883	0.0664623349260885	0.0064402083357399	0.0681388862825725
GSE148059_C02	statfree	late_allcell	GSM4453298	0.0723199445187929	-0.0046337328836197	0.0705019889438945	0.006451688458518	0.0722341812390058
GSE148059_C02	statfree	late_allcell	GSM4453299	0.0749483445252191	-0.0040661992229229	0.072442348656785	0.006572195091357	0.0747955495878397
GSE148059_C02	statfree	late_allcell	GSM4453300	0.0650111158265026	-0.0047042991749894	0.0634860162995912	0.0062293987019008	0.0649813292995827
GSE148059_C02	statfree	late_allcell	GSM4453301	0.0633984231857878	-0.0048069853341039	0.0619312690802367	0.006274139439655	0.0632856182094405
GSE148059_C02	statfree	late_allcell	GSM4453302	0.0688818573181258	-0.0046243941741292	0.0671794055961672	0.0063268458960879	0.0688403739093154
GSE148059_C02	statfree	late_allcell	GSM4453303	0.0653744272904552	-0.0050093042733121	0.0643587053484898	0.0060250262152775	0.0655593969485889
GSE148059_C02	statfree	late_allcell	GSM4453304	0.0732129690045036	-0.0044465150324059	0.0713085221634318	0.0063509618734777	0.0732508903092992
GSE148059_C02	statfree	late_allcell	GSM4453305	0.0746835225552685	-0.0045803473264335	0.0728241097879678	0.0064397600937342	0.0746555309445841
GSE148059_C02	statfree	late_allcell	GSM4453306	0.0668245356475229	-0.0045758445599855	0.0651119448004068	0.0062884354071015	0.0667821665712348
GSE148059_C02	statfree	late_allcell	GSM4453307	0.0699918893106209	-0.0044662134105716	0.0681195175965384	0.0063385851246541	0.0699617970217412
GSE148059_C02	statfree	late_allcell	GSM4453308	0.0646876770930537	-0.0048976069354443	0.0633882980865022	0.0061969859419958	0.0646864162216247
GSE148059_C02	statfree	late_allcell	GSM4453309	0.0731649978954303	-0.0045195946357163	0.0713505158187979	0.0063340767123488	0.0732305242285952
GSE148059_C02	statfree	late_allcell	GSM4453310	0.067859791119275	-0.0046685714091695	0.066117737721223	0.0064106248072214	0.0677125938896063
GSE148059_C02	statfree	late_allcell	GSM4453311	0.0662448741705949	-0.0045708519355274	0.0645336079694187	0.0062821181367036	0.0661837654873309
GSE148059_C02	statfree	late_neuron	GSM4453235	-0.0859053702781925	0.0863573377473327	-0.154324218266478	-0.0179384897590472	-0.0853861197049446
GSE148059_C02	statfree	late_neuron	GSM4453236	-0.0885264260562916	0.0880155503935991	-0.1582002351850535	-0.0183417412648373	-0.0877585962818687
GSE148059_C02	statfree	late_neuron	GSM4453237	-0.0837952757564504	0.0897150455226612	-0.1547175935802117	-0.0187927276988999	-0.0822479933241188
GSE148059_C02	statfree	late_neuron	GSM4453238	-0.0879420715246997	0.0878914132435784	-0.1572532268811512	-0.0185802578871269	-0.0868917642007295
GSE148059_C02	statfree	late_neuron	GSM4453239	-0.0898233346764954	0.0859166159688807	-0.157948616147969	-0.0177913344974071	-0.0897185121761335
GSE148059_C02	statfree	late_neuron	GSM4453240	-0.0890693269177589	0.0865918775562877	-0.1573154995641307	-0.0183457049099159	-0.0883264944611188
GSE148059_C02	statfree	late_neuron	GSM4453241	-0.0937198414015238	0.0857850782589458	-0.1621874580261837	-0.0173174616342859	-0.0943873300454466
GSE148059_C02	statfree	late_neuron	GSM4453242	-0.0911875923423957	0.0874833816608331	-0.1604942046505013	-0.0181767693527275	-0.0907479867087837
GSE148059_C02	statfree	late_neuron	GSM4453243	-0.0891254829457915	0.08722709447697	-0.1582136602221222	-0.0181389172006394	-0.0886629486978909
GSE148059_C02	statfree	late_neuron	GSM4453244	-0.0865280378508352	0.0886376714836147	-0.1564445906120868	-0.0187211187223631	-0.0852541176899907
GSE148059_C02	statfree	late_neuron	GSM4453245	-0.0903338877169141	0.0865170818617807	-0.1581636010966524	-0.0186873684820424	-0.0893211494609625
GSE148059_C02	statfree	late_neuron	GSM4453246	-0.0873508299951804	0.087003062936363	-0.1567314610706845	-0.0176224318608589	-0.087270607488477
GSE148059_C02	statfree	late_neuron	GSM4453247	-0.0939058430185856	0.0838266293741654	-0.1592461370920803	-0.0184863353006707	-0.0933135029260494
GSE148059_C02	statfree	late_neuron	GSM4453248	-0.090038194526746	0.088769623993616	-0.1601444557691446	-0.0186633627512174	-0.0890920853338703
GSE148059_C02	statfree	late_neuron	GSM4453249	-0.0853425590135396	0.0893792944975125	-0.1562316730796074	-0.0184901804314447	-0.0841848508385381
GSE148059_C02	statfree	late_neuron	GSM4453250	-0.0881519471900258	0.0873451413085559	-0.1565779521254881	-0.0189191363730935	-0.0867397732411592
GSE148059_C02	statfree	late_neuron	GSM4453251	-0.0880800419277273	0.085213187481729	-0.1554597433243525	-0.0178334860851038	-0.0877915463179732
GSE148059_C02	statfree	late_neuron	GSM4453252	-0.0885221529571952	0.0869835146602195	-0.1576101195414286	-0.0178955480759861	-0.088223672142509
GSE148059_C02	statfree	late_neuron	GSM4453253	-0.08864070676664	0.0867093515687343	-0.1566037816597796	-0.0187462766755947	-0.0874102504912927
GSE148059_C02	statfree	late_neuron	GSM4453254	-0.0927076568141774	0.0856105725294376	-0.1599272848899529	-0.0183909444536622	-0.0921434976617674
GSE148059_C02	statfree	late_neuron	GSM4453255	-0.0854376733271705	0.08970186409833	-0.1562104919397104	-0.0189290454857901	-0.0838450926957903
GSE148059_C02	statfree	late_neuron	GSM4453256	-0.0841394742178714	0.0899971556566877	-0.155430555884762	-0.0187060739897972	-0.082675760751246
GSE148059_C02	statfree	late_neuron	GSM4453257	-0.083197173565516	0.0891323106865665	-0.1538359854201068	-0.0184934988319756	-0.0819126286866989
GSE148059_C02	statfree	late_neuron	GSM4453258	-0.0809296525423952	0.0860519395524373	-0.1495942531096836	-0.0173873389851488	-0.0806432717723993
GSE148059_C02	statfree	late_neuron	GSM4453259	-0.084290230997548	0.0881809107692631	-0.1539244168437797	-0.0185467249230315	-0.083030562637408
GSE148059_C02	statfree	late_neuron	GSM4453260	-0.0835806924395774	0.088647178964501	-0.1543572903416108	-0.0178705810624675	-0.0829466647411477
GSE148059_C02	statfree	late_neuron	GSM4453261	-0.0859667277673748	0.0863574562616374	-0.1544474533909576	-0.0178767306380546	-0.0855194808979165
GSE148059_C02	statfree	late_neuron	GSM4453262	-0.0889764117028925	0.0876652286931032	-0.157559039876113	-0.0190826005198827	-0.087444804206996
GSE148059_C02	statfree	late_neuron	GSM4453263	-0.0760193876234194	0.0904231421565916	-0.1485721396572566	-0.0178703901227544	-0.0749172290679488
GSE148059_C02	statfree	late_neuron	GSM4453264	-0.0871584417739221	0.0855156952444159	-0.154200548589548	-0.01847358842879	-0.0861240706143836
GSE148059_C02	statfree	late_neuron	GSM4453265	-0.0821510082933676	0.0897362266625581	-0.1533116913044737	-0.018575543651452	-0.0807381546858334
GSE148059_C02	statfree	late_neuron	GSM4453266	-0.0854219043405205	0.0886741673053271	-0.1555315893294987	-0.0185644823163489	-0.0842386286477592
GSE148059_C02	statfree	late_neuron	GSM4453267	-0.0841085222319667	0.0873340470528125	-0.1537511818509827	-0.0176913874337965	-0.0837211818023777
GSE148059_C02	statfree	late_neuron	GSM4453268	-0.0858741615112944	0.0876358173931593	-0.1547640446035169	-0.0187459343009367	-0.0844948337041682
GSE148059_C02	statfree	late_neuron	GSM4453269	-0.0885986473567359	0.0864050990121174	-0.1564113078448568	-0.0185924385239965	-0.0875685909688368
GSE148059_C02	statfree	late_neuron	GSM4453270	-0.0829008219625442	0.0896779110405292	-0.1540930561152064	-0.018485676887867	-0.0816140584025453
GSE148059_C02	statfree	late_neuron	GSM4453271	-0.0847586653709102	0.0906629360997205	-0.1562683466727767	-0.0191532547978541	-0.0828854841763742
GSE148059_C02	statfree	late_neuron	GSM4453272	-0.084795240202159	0.0883701056884232	-0.1547036286446441	-0.0184617172459382	-0.0836682678987419
GSE148059_C02	statfree	late_neuron	GSM4453273	-0.0842586074305835	0.0878982541526095	-0.15364315606227	-0.018513705520923	-0.0830269063983851
GSE148059_C02	statfree	late_neuron	GSM4453274	-0.0866934245630114	0.0887082928409459	-0.1562969152043318	-0.0191048021996254	-0.0849698827215943
GSE148059_C02	statfree	late_neuron	GSM4453275	-0.0872680675057479	0.086846630638318	-0.1563764119662576	-0.0177382861778083	-0.0870771703763349
GSE148059_C02	statfree	late_neuron	GSM4453276	-0.0878312408974429	0.0887508460604528	-0.1572238353335914	-0.0193582516243043	-0.0859003955529019
GSE148059_C02	statfree	late_neuron	GSM4453277	-0.0826648007247808	0.0887056131008345	-0.1525058993787216	-0.0188645144468937	-0.0809455196110981
GSE148059_C02	statfree	late_neuron	GSM4453278	-0.0866975923160592	0.086228631212454	-0.1546423962538944	-0.0182838272746187	-0.0858445827382164
GSE148059_C02	statfree	late_neuron	GSM4453279	-0.0834589124073942	0.0891514704991559	-0.1549404992349243	-0.0176698836716258	-0.0830657984498288
GSE148059_C02	statfree	late_neuron	GSM4453280	-0.0848527328081832	0.0872813279396156	-0.1541178256048838	-0.018016235142915	-0.0842039244695446
GSE148059_C02	statfree	late_neuron	GSM4453281	-0.0817256275332432	0.0906913597804588	-0.1538531699942849	-0.0185638173194171	-0.0802788051775995
GSE148059_C02	statfree	late_neuron	GSM4453282	-0.0847389656598218	0.0885358874482817	-0.1545986842278529	-0.0186761688802505	-0.0833530865533489
GSE148059_C02	statfree	late_neuron	GSM4453283	-0.0808359867369324	0.0898631620669948	-0.1516300984195459	-0.0190690503843813	-0.0787898758129577
GSE148059_C02	statfree	late_neuron	GSM4453284	-0.0845204977074066	0.0859887845963008	-0.1529879365606095	-0.0175213457430978	-0.0843059982371611
GSE148059_C02	statfree	late_neuron	GSM4453285	-0.0829753806284418	0.0902237615913574	-0.1541171869444642	-0.019081955275335	-0.0810471595451405
GSE148059_C02	statfree	late_neuron	GSM4453286	-0.0844942336206646	0.0882708433741286	-0.1541467233428408	-0.0186183536519524	-0.0831825335353102
GSE148059_C02	statfree	late_neuron	GSM4453287	-0.088055990108006	0.0850677770140189	-0.1546171329546143	-0.0185066341674106	-0.0870528543806663
GSE148059_C02	statfree	late_neuron	GSM4453288	-0.0867971114113473	0.0904378115938593	-0.1574367528660709	-0.0197981701391357	-0.0843556508658661
GSE148059_C02	statfree	late_neuron	GSM4453289	-0.0866000418750543	0.0914295788001611	-0.1578744459456256	-0.0201551747295898	-0.0837910515771746
GSE148059_C02	statfree	late_neuron	GSM4453290	-0.0835497009489045	0.0873656706197771	-0.1522189235740754	-0.0186964479946062	-0.0820210344183295
GSE148059_C02	statfree	late_neuron	GSM4453291	-0.0776638921151116	0.0934585832009923	-0.1504263947158421	-0.0206960806002617	-0.0735948880341749
GSE148059_C02	statfree	late_neuron	GSM4453292	-0.0844672913687348	0.0923549121545637	-0.1576665455187107	-0.0191556580045878	-0.0825656096544852
GSE148059_C02	statfree	late_neuron	GSM4453293	-0.082565867616888	0.0913577130426309	-0.1549431328861393	-0.0189804477733795	-0.0807010105072284
GSE148059_C02	statfree	late_neuron	GSM4453294	-0.0851627662292172	0.0899560575294771	-0.1557860527098954	-0.0193327710487989	-0.0831207799591398
GSE148059_C02	statfree	late_neuron	GSM4453295	-0.0814820872212609	0.0915666800982878	-0.1543431871393543	-0.0187055801801944	-0.0798631976290879
GSE148059_C02	statfree	late_neuron	GSM4453296	-0.0794539848459709	0.0912096228348094	-0.1520283262356433	-0.018635281445137	-0.0777695519086987
GSE148059_C02	statfree	late_neuron	GSM4453297	-0.0866502260989568	0.0902558197107724	-0.1583357167876829	-0.0185703290220462	-0.0854840595150651
GSE148059_C02	statfree	late_neuron	GSM4453298	-0.0852579924730248	0.0898565779389572	-0.1544139401792463	-0.0207006302327357	-0.0817140858800091
GSE148059_C02	statfree	late_neuron	GSM4453299	-0.0723024564064882	0.0949068082517559	-0.1461971590804343	-0.0210121055778099	-0.0675316538266473
GSE148059_C02	statfree	late_neuron	GSM4453300	-0.080047293791694	0.0897312293093776	-0.1502982083270784	-0.0194803147739932	-0.077468215622047
GSE148059_C02	statfree	late_neuron	GSM4453301	-0.0826181192569943	0.0887998648936926	-0.152637338326736	-0.0187806458239509	-0.0809657618342752
GSE148059_C02	statfree	late_neuron	GSM4453302	-0.0819219135582998	0.0902006710543296	-0.1527040552961409	-0.0194185293164885	-0.0795460853481341
GSE148059_C02	statfree	late_neuron	GSM4453303	-0.0851259214487188	0.0872735257478911	-0.1540931746295111	-0.0183062725670988	-0.0841611467237485
GSE148059_C02	statfree	late_neuron	GSM4453304	-0.0798522719192206	0.0920003239390994	-0.1524537333322798	-0.0193988625260402	-0.0773653255953071
GSE148059_C02	statfree	late_neuron	GSM4453305	-0.083536651207134	0.0904990308163528	-0.1541571789381645	-0.0198785030853224	-0.0807853923912331
GSE148059_C02	statfree	late_neuron	GSM4453306	-0.0781049299317094	0.0915444718344171	-0.1500931193228355	-0.0195562824432909	-0.0753865028326523
GSE148059_C02	statfree	late_neuron	GSM4453307	-0.0814238703611525	0.0915226059452042	-0.1532554891875449	-0.0196909871188119	-0.0786819691153226
GSE148059_C02	statfree	late_neuron	GSM4453308	-0.0853396290765628	0.0881711662597675	-0.1536619669160733	-0.0198488284202569	-0.0827336110791043
GSE148059_C02	statfree	late_neuron	GSM4453309	-0.0816047561107292	0.0913538086547046	-0.1535689792757985	-0.0193895854896352	-0.0792572249113718
GSE148059_C02	statfree	late_neuron	GSM4453310	-0.0809417739221124	0.0898556166562637	-0.1518008577802007	-0.0189965327981754	-0.0789817894921736
GSE148059_C02	statfree	late_neuron	GSM4453311	-0.0821025227744988	0.0909118293077974	-0.1538169441218222	-0.0191974079604741	-0.0799991543003785
GSE148059_C02	statfree	severity	GSM4453235	0.0131132716711444	-0.0102405343533919	-0.1347986014411939	0.1581524074657303	0.0173817603393425
GSE148059_C02	statfree	severity	GSM4453236	0.0134668979359241	-0.0103893036158121	-0.1336937152829271	0.1575499168346634	0.0177655694303171
GSE148059_C02	statfree	severity	GSM4453237	0.0094215883051114	-0.010185612332513	-0.1378212032095258	0.1574284038471503	0.013231155452637
GSE148059_C02	statfree	severity	GSM4453238	0.0134443848641187	-0.0106581027576297	-0.1327389678620777	0.1568414554838261	0.0188082830162818
GSE148059_C02	statfree	severity	GSM4453239	0.0122575692274117	-0.0100811188432831	-0.1350014718231714	0.1573401598938663	0.017131870351534
GSE148059_C02	statfree	severity	GSM4453240	0.0061571341175805	-0.0103910551331903	-0.1408881199348821	0.157436309185653	0.0101099833358582
GSE148059_C02	statfree	severity	GSM4453241	0.015586443597175	-0.010576539648037	-0.1319028455801779	0.1580658288253899	0.0200463926822054
GSE148059_C02	statfree	severity	GSM4453242	0.0158020017045908	-0.0104172103423629	-0.1326329520808983	0.158852164127852	0.0191654655499527
GSE148059_C02	statfree	severity	GSM4453243	0.0197305866124011	-0.0109028214742832	-0.126852656731339	0.1574860648180235	0.0256374719559085
GSE148059_C02	statfree	severity	GSM4453244	0.008380213264129	-0.0103016337056957	-0.1379754249024424	0.1566572718722672	0.013169490914075
GSE148059_C02	statfree	severity	GSM4453245	0.0149420478148727	-0.0102131389758743	-0.1328363377302924	0.1579915245210395	0.0197165941668289
GSE148059_C02	statfree	severity	GSM4453246	0.0122580237598857	-0.0110315540832047	-0.1346026156588443	0.1578921935019347	0.0164679738279192
GSE148059_C02	statfree	severity	GSM4453247	0.0174282934271062	-0.0106011725652599	-0.1299339950667866	0.1579634610591528	0.0224409432914204
GSE148059_C02	statfree	severity	GSM4453248	0.0127042825673536	-0.0106493432115465	-0.1339702277624611	0.1573238535413612	0.017443626867502
GSE148059_C02	statfree	severity	GSM4453249	0.0126866615972189	-0.0109853955267923	-0.1344322815734008	0.1581043386974121	0.0163223321141818
GSE148059_C02	statfree	severity	GSM4453250	0.0160709693368944	-0.0100638564052293	-0.1316245952976076	0.1577594210397314	0.0210763376400401
GSE148059_C02	statfree	severity	GSM4453251	0.0092057931355001	-0.0111597165673419	-0.1386138412316814	0.1589793509345234	0.0119795052697643
GSE148059_C02	statfree	severity	GSM4453252	0.0122120160612341	-0.0099607206358464	-0.1358815231013309	0.1580542597984114	0.0157305098073163
GSE148059_C02	statfree	severity	GSM4453253	0.0097634907667683	-0.0107240315174698	-0.1362170954146105	0.1567046176988488	0.0146281227231083
GSE148059_C02	statfree	severity	GSM4453254	0.0114668492539288	-0.0098711601057411	-0.1364758830868497	0.1578138924465197	0.0156366784253468
GSE148059_C02	statfree	severity	GSM4453255	0.0177504198077603	-0.0100821748476085	-0.130841465232764	0.158674059888133	0.0219827298894106
GSE148059_C02	statfree	severity	GSM4453256	0.0091888010659005	-0.0106734824124615	-0.1389531791114052	0.1588154625897674	0.0117051601128256
GSE148059_C02	statfree	severity	GSM4453257	0.009810862062842	-0.0107566990798475	-0.1375478900900354	0.1581154512327249	0.0133836287431197
GSE148059_C02	statfree	severity	GSM4453258	0.0051541180908595	-0.0108148126240031	-0.1409810737850088	0.1569500044998714	0.009219880104746
GSE148059_C02	statfree	severity	GSM4453259	0.0097841190961599	-0.0105151973559626	-0.1374622479433267	0.1577615643954494	0.013525432654504
GSE148059_C02	statfree	severity	GSM4453260	0.0019803705605774	-0.0104797418637981	-0.1444869082265394	0.1569470206509149	0.0051263300654302
GSE148059_C02	statfree	severity	GSM4453261	0.0134913839137697	-0.0103816431762716	-0.1349584185856008	0.1588314456756423	0.016786071374467
GSE148059_C02	statfree	severity	GSM4453262	0.0099964269045482	-0.0108395513375777	-0.1378193752836713	0.1586553535257974	0.0128869868201787
GSE148059_C02	statfree	severity	GSM4453263	0.0034927685920944	-0.0102559747431664	-0.1439600933340116	0.1577088366692725	0.0065431716695161
GSE148059_C02	statfree	severity	GSM4453264	-0.0014114095362355	-0.0111541896875609	-0.1472294455007883	0.1569722256521138	0.0013172030211872
GSE148059_C02	statfree	severity	GSM4453265	0.000627875877902	-0.0102572815240292	-0.1467155769470032	0.1576007343489344	0.0032950202350293
GSE148059_C02	statfree	severity	GSM4453266	0.0038530208431978	-0.0108658338942107	-0.1425245132497939	0.1572433679872026	0.0073315659243548
GSE148059_C02	statfree	severity	GSM4453267	0.0106570114878537	-0.0104557652757941	-0.1371080104107371	0.1582207871743851	0.0145920026547204
GSE148059_C02	statfree	severity	GSM4453268	0.0055089296666167	-0.0112268267197761	-0.1413607533809927	0.1580965097673856	0.008101694548445
GSE148059_C02	statfree	severity	GSM4453269	0.0069622051702536	-0.0107663774868372	-0.1401042140301259	0.1578327966872169	0.0105211548033847
GSE148059_C02	statfree	severity	GSM4453270	0.0042580014407739	-0.0106956780952117	-0.1427317800579425	0.1576854595939282	0.0073371206382871
GSE148059_C02	statfree	severity	GSM4453271	0.010474410903187	-0.0106838289038203	-0.1368576903650181	0.1580159301720255	0.0141295907546475
GSE148059_C02	statfree	severity	GSM4453272	0.0135563781391697	-0.0110772052089672	-0.1331679622723	0.157801545620437	0.018637089618456
GSE148059_C02	statfree	severity	GSM4453273	0.0024444031551324	-0.0110150811994052	-0.1439122361583968	0.1573717205129345	0.0055248555413681
GSE148059_C02	statfree	severity	GSM4453274	0.0093346570102653	-0.0106848496426951	-0.1377291819346475	0.157748688587608	0.0130607411575446
GSE148059_C02	statfree	severity	GSM4453275	0.0121919813669271	-0.0108104593000494	-0.1350281266262271	0.1580305672932036	0.0163860021208907
GSE148059_C02	statfree	severity	GSM4453276	0.0117116698485507	-0.0105237707788344	-0.1366412721724467	0.1588767127998319	0.0145489860843595
GSE148059_C02	statfree	severity	GSM4453277	0.0062444690059164	-0.0107755856878193	-0.1408607754963486	0.1578808301900845	0.0090885868663478
GSE148059_C02	statfree	severity	GSM4453278	0.0092148308868044	-0.0102214106832246	-0.1382132884073437	0.1576495299773727	0.0129901962906053
GSE148059_C02	statfree	severity	GSM4453279	0.0055474277834886	-0.0111394546067979	-0.1414893351321534	0.15817621752244	0.0081901227086805
GSE148059_C02	statfree	severity	GSM4453280	0.0117693190642737	-0.010641228239532	-0.1348824548458819	0.1572930021496878	0.0167398662540307
GSE148059_C02	statfree	severity	GSM4453281	0.0157229620339055	-0.0102738366938799	-0.1318870074744886	0.1578838062022742	0.0204489002387805
GSE148059_C02	statfree	severity	GSM4453282	0.0087083896287475	-0.010765989566881	-0.138695008584551	0.1581693877801797	0.0119225802728302
GSE148059_C02	statfree	severity	GSM4453283	0.0132300630066646	-0.0104692014124612	-0.1346984064185502	0.158397670837676	0.0169988024902431
GSE148059_C02	statfree	severity	GSM4453284	0.0141661804736548	-0.0099477311948865	-0.134035631458926	0.1581495431274674	0.0183050115061931
GSE148059_C02	statfree	severity	GSM4453285	0.0178989931510106	-0.0101384526291427	-0.1297029417122288	0.1577403874923822	0.0230901090022435
GSE148059_C02	statfree	severity	GSM4453286	0.0087735484262502	-0.0112031792759774	-0.1376671872317376	0.1576439149339653	0.0121385432221669
GSE148059_C02	statfree	severity	GSM4453287	0.009554521421034	-0.0109193159091914	-0.1368597357611511	0.1573335730913766	0.0135323075147344
GSE148059_C02	statfree	severity	GSM4453288	0.0055683323589097	-0.0107376635733067	-0.1419998671824763	0.1583058631146928	0.0081324041811846
GSE148059_C02	statfree	severity	GSM4453289	0.0108277530851705	-0.010554302822261	-0.1366041748776391	0.1579862307850706	0.0137051096154262
GSE148059_C02	statfree	severity	GSM4453290	0.0116627782197191	-0.0099628777059062	-0.1362196815476523	0.1578453374732777	0.0157008894756205
GSE148059_C02	statfree	severity	GSM4453291	0.0125382449893045	-0.0111479379068516	-0.1355589852904201	0.1592451681865762	0.0149516739887895
GSE148059_C02	statfree	severity	GSM4453292	0.013631807019555	-0.0109005272608045	-0.1330870515735428	0.1576193858539024	0.0175269764321423
GSE148059_C02	statfree	severity	GSM4453293	0.0178038195366897	-0.0105235297982556	-0.1302243590316276	0.1585517083665729	0.021951580207905
GSE148059_C02	statfree	severity	GSM4453294	0.0090268856271847	-0.0103230613853002	-0.1388196778298902	0.1581696248423751	0.0123878777385821
GSE148059_C02	statfree	severity	GSM4453295	0.0102296843497666	-0.0104580026727136	-0.13685935371877	0.1575470407412503	0.0143197206772422
GSE148059_C02	statfree	severity	GSM4453296	0.0096511585515535	-0.0107775370427509	-0.1379339390182306	0.158362634612535	0.0129813303900563
GSE148059_C02	statfree	severity	GSM4453297	0.0021158075234904	-0.0114205398397556	-0.1441497803150512	0.1576861276782973	0.0046394629962271
GSE148059_C02	statfree	severity	GSM4453298	0.0083093826066597	-0.0110963994100356	-0.1391065603110832	0.1585123423277786	0.0113854322216691
GSE148059_C02	statfree	severity	GSM4453299	0.0084416182503377	-0.0110063961026065	-0.1396910381336757	0.1591390524866202	0.0099019556921389
GSE148059_C02	statfree	severity	GSM4453300	0.011884407862208	-0.010355625110518	-0.1346500437714772	0.1568900767442033	0.0169369936733972
GSE148059_C02	statfree	severity	GSM4453301	0.0076748768240505	-0.0108417436730882	-0.1394015851929746	0.1579182056901133	0.011201744324453
GSE148059_C02	statfree	severity	GSM4453302	0.0112047720988281	-0.0106411008920717	-0.1361343430756569	0.1579802160665568	0.014594541952518
GSE148059_C02	statfree	severity	GSM4453303	0.0088467771343583	-0.0102441921642927	-0.1383724864471738	0.1574634557458249	0.0127765273659835
GSE148059_C02	statfree	severity	GSM4453304	0.0133808913795596	-0.0105519537514148	-0.1339277466088664	0.1578605917398409	0.0174871989092561
GSE148059_C02	statfree	severity	GSM4453305	0.0145919128296994	-0.0097281077646967	-0.1335448833263727	0.1578649039207689	0.0191694115610188
GSE148059_C02	statfree	severity	GSM4453306	0.0077103910919659	-0.0101518123573336	-0.1388019941656211	0.1566641976149207	0.0125197913736014
GSE148059_C02	statfree	severity	GSM4453307	0.0173234120179201	-0.0109733680489563	-0.131729884218667	0.1600266642855434	0.0195651741078191
GSE148059_C02	statfree	severity	GSM4453308	0.0081074957389147	-0.0110327021695399	-0.1397806476435735	0.1589208455520283	0.0102238189018979
GSE148059_C02	statfree	severity	GSM4453309	0.0086202416758568	-0.0105312255032466	-0.1380365085812126	0.157187975760316	0.0119037735985168
GSE148059_C02	statfree	severity	GSM4453310	0.0103791373700895	-0.0106941440481119	-0.136794410432354	0.1578676918505556	0.0141779672632573
GSE148059_C02	statfree	severity	GSM4453311	0.018468684953856	-0.0103856340497611	-0.1291694792822688	0.1580237982858859	0.0234398828460334
