program	celltype	contrast	minimum_nuclei	n_case_new	n_control_new	status_new	reason_new	p_new	effect_new	ci_low_new	ci_high_new	rank_new	columns_new	residual_df_new	q_new	n_case_old	n_control_old	status_old	reason_old	p_old	effect_old	ci_low_old	ci_high_old	rank_old	columns_old	residual_df_old	q_old
late_allcell_residual	Adipocyte	CIDP_minus_CTRL	30	6	2	NOT_EVALUABLE	fewer_than_four_donors_per_group									6	2	NOT_EVALUABLE	fewer_than_four_donors_per_group								
late_allcell_residual	Adipocyte	CIAP_minus_CTRL	30	10	2	NOT_EVALUABLE	fewer_than_four_donors_per_group									10	2	NOT_EVALUABLE	fewer_than_four_donors_per_group								
late_allcell_residual	Adipocyte	VN_minus_CTRL	30	2	2	NOT_EVALUABLE	fewer_than_four_donors_per_group									2	2	NOT_EVALUABLE	fewer_than_four_donors_per_group								
late_allcell_residual	Endoneurial	CIDP_minus_CTRL	30	9	4	NOT_EVALUABLE	residual_df_below_eight					6.0	6.0	7.0		9	4	NOT_EVALUABLE	residual_df_below_eight					6.0	6.0	7.0	
late_allcell_residual	Endoneurial	CIAP_minus_CTRL	30	11	4	COMPLETED	age_sex_center_HC3_sensitivity	0.7599482410229813	-0.0049570731534016	-0.036754567360738	0.0268404210539347	6.0	6.0	9.0	0.9996329437623444	11	4	COMPLETED	age_sex_center_HC3_sensitivity	0.6405794167037516	-0.0074900577897029	-0.0389327536507263	0.0239526380713205	6.0	6.0	9.0	0.992439062865758
late_allcell_residual	Endoneurial	VN_minus_CTRL	30	5	4	NOT_EVALUABLE	diagnosis_fully_confounded_with_center									5	4	NOT_EVALUABLE	diagnosis_fully_confounded_with_center								
late_allcell_residual	Epineurial	CIDP_minus_CTRL	30	9	4	NOT_EVALUABLE	residual_df_below_eight					6.0	6.0	7.0		9	4	NOT_EVALUABLE	residual_df_below_eight					6.0	6.0	7.0	
late_allcell_residual	Epineurial	CIAP_minus_CTRL	30	11	4	COMPLETED	age_sex_center_HC3_sensitivity	0.1965515171725216	-0.0131838138640408	-0.0331923482696959	0.0068247205416142	6.0	6.0	9.0	0.9996329437623444	11	4	COMPLETED	age_sex_center_HC3_sensitivity	0.1459746708591949	-0.0134733955222908	-0.0316365510117185	0.0046897599671369	6.0	6.0	9.0	0.992439062865758
late_allcell_residual	Epineurial	VN_minus_CTRL	30	5	4	NOT_EVALUABLE	diagnosis_fully_confounded_with_center									5	4	NOT_EVALUABLE	diagnosis_fully_confounded_with_center								
late_allcell_residual	Granulocyte	CIDP_minus_CTRL	30	0	0	NOT_EVALUABLE	fewer_than_four_donors_per_group									0	0	NOT_EVALUABLE	fewer_than_four_donors_per_group								
late_allcell_residual	Granulocyte	CIAP_minus_CTRL	30	2	0	NOT_EVALUABLE	fewer_than_four_donors_per_group									2	0	NOT_EVALUABLE	fewer_than_four_donors_per_group								
late_allcell_residual	Granulocyte	VN_minus_CTRL	30	0	0	NOT_EVALUABLE	fewer_than_four_donors_per_group									0	0	NOT_EVALUABLE	fewer_than_four_donors_per_group								
late_allcell_residual	Lymphatic_endothelial	CIDP_minus_CTRL	30	4	2	NOT_EVALUABLE	fewer_than_four_donors_per_group									4	2	NOT_EVALUABLE	fewer_than_four_donors_per_group								
late_allcell_residual	Lymphatic_endothelial	CIAP_minus_CTRL	30	6	2	NOT_EVALUABLE	fewer_than_four_donors_per_group									6	2	NOT_EVALUABLE	fewer_than_four_donors_per_group								
late_allcell_residual	Lymphatic_endothelial	VN_minus_CTRL	30	0	2	NOT_EVALUABLE	fewer_than_four_donors_per_group									0	2	NOT_EVALUABLE	fewer_than_four_donors_per_group								
late_allcell_residual	Lymphoid	CIDP_minus_CTRL	30	8	4	NOT_EVALUABLE	residual_df_below_eight					6.0	6.0	6.0		8	4	NOT_EVALUABLE	residual_df_below_eight					6.0	6.0	6.0	
late_allcell_residual	Lymphoid	CIAP_minus_CTRL	30	11	4	COMPLETED	age_sex_center_HC3_sensitivity	0.3447079760746169	0.0197813760385051	-0.0212500849134525	0.0608128369904628	6.0	6.0	9.0	0.9996329437623444	11	4	COMPLETED	age_sex_center_HC3_sensitivity	0.3434832185499776	0.0199524453878803	-0.0213289380917102	0.0612338288674709	6.0	6.0	9.0	0.992439062865758
late_allcell_residual	Lymphoid	VN_minus_CTRL	30	5	4	NOT_EVALUABLE	diagnosis_fully_confounded_with_center									5	4	NOT_EVALUABLE	diagnosis_fully_confounded_with_center								
late_allcell_residual	Macrophage	CIDP_minus_CTRL	30	9	4	NOT_EVALUABLE	residual_df_below_eight					6.0	6.0	7.0		9	4	NOT_EVALUABLE	residual_df_below_eight					6.0	6.0	7.0	
late_allcell_residual	Macrophage	CIAP_minus_CTRL	30	11	4	COMPLETED	age_sex_center_HC3_sensitivity	0.3480869834182558	-0.0076102944481004	-0.0235069177610059	0.008286328864805	6.0	6.0	9.0	0.9996329437623444	11	4	COMPLETED	age_sex_center_HC3_sensitivity	0.3228328637448124	-0.0103400935037876	-0.0308389009067311	0.0101587138991557	6.0	6.0	9.0	0.992439062865758
late_allcell_residual	Macrophage	VN_minus_CTRL	30	5	4	NOT_EVALUABLE	diagnosis_fully_confounded_with_center									5	4	NOT_EVALUABLE	diagnosis_fully_confounded_with_center								
late_allcell_residual	Mast	CIDP_minus_CTRL	30	6	2	NOT_EVALUABLE	fewer_than_four_donors_per_group									6	2	NOT_EVALUABLE	fewer_than_four_donors_per_group								
late_allcell_residual	Mast	CIAP_minus_CTRL	30	7	2	NOT_EVALUABLE	fewer_than_four_donors_per_group									7	2	NOT_EVALUABLE	fewer_than_four_donors_per_group								
late_allcell_residual	Mast	VN_minus_CTRL	30	0	2	NOT_EVALUABLE	fewer_than_four_donors_per_group									0	2	NOT_EVALUABLE	fewer_than_four_donors_per_group								
late_allcell_residual	Mural	CIDP_minus_CTRL	30	9	4	NOT_EVALUABLE	residual_df_below_eight					6.0	6.0	7.0		9	4	NOT_EVALUABLE	residual_df_below_eight					6.0	6.0	7.0	
late_allcell_residual	Mural	CIAP_minus_CTRL	30	11	4	COMPLETED	age_sex_center_HC3_sensitivity	0.9808039882295344	-0.0003806740681359	-0.0313897293685062	0.0306283812322342	6.0	6.0	9.0	0.9996329437623444	11	4	COMPLETED	age_sex_center_HC3_sensitivity	0.947360378264573	0.0010562485602089	-0.0303001450287469	0.0324126421491649	6.0	6.0	9.0	0.992439062865758
late_allcell_residual	Mural	VN_minus_CTRL	30	5	4	NOT_EVALUABLE	diagnosis_fully_confounded_with_center									5	4	NOT_EVALUABLE	diagnosis_fully_confounded_with_center								
late_allcell_residual	Perineurial	CIDP_minus_CTRL	30	9	4	NOT_EVALUABLE	residual_df_below_eight					6.0	6.0	7.0		9	4	NOT_EVALUABLE	residual_df_below_eight					6.0	6.0	7.0	
late_allcell_residual	Perineurial	CIAP_minus_CTRL	30	11	4	COMPLETED	age_sex_center_HC3_sensitivity	0.5881162812753746	-0.0078440624014023	-0.0362321606021057	0.0205440357993011	6.0	6.0	9.0	0.9996329437623444	11	4	COMPLETED	age_sex_center_HC3_sensitivity	0.4871975178634433	-0.0100493965800494	-0.0383988761151207	0.0183000829550218	6.0	6.0	9.0	0.992439062865758
late_allcell_residual	Perineurial	VN_minus_CTRL	30	5	4	NOT_EVALUABLE	diagnosis_fully_confounded_with_center									5	4	NOT_EVALUABLE	diagnosis_fully_confounded_with_center								
late_allcell_residual	Schwann	CIDP_minus_CTRL	30	9	4	NOT_EVALUABLE	residual_df_below_eight					6.0	6.0	7.0		9	4	NOT_EVALUABLE	residual_df_below_eight					6.0	6.0	7.0	
late_allcell_residual	Schwann	CIAP_minus_CTRL	30	11	4	COMPLETED	age_sex_center_HC3_sensitivity	0.9884008566588222	-0.0002656819903218	-0.0360843189589623	0.0355529549783186	6.0	6.0	9.0	0.9996329437623444	11	4	COMPLETED	age_sex_center_HC3_sensitivity	0.9168741090226364	-0.001920119626405	-0.0379773362401912	0.034137096987381	6.0	6.0	9.0	0.992439062865758
late_allcell_residual	Schwann	VN_minus_CTRL	30	5	4	NOT_EVALUABLE	diagnosis_fully_confounded_with_center									5	4	NOT_EVALUABLE	diagnosis_fully_confounded_with_center								
late_allcell_residual	Vascular_endothelial	CIDP_minus_CTRL	30	9	4	NOT_EVALUABLE	residual_df_below_eight					6.0	6.0	7.0		9	4	NOT_EVALUABLE	residual_df_below_eight					6.0	6.0	7.0	
late_allcell_residual	Vascular_endothelial	CIAP_minus_CTRL	30	11	4	COMPLETED	age_sex_center_HC3_sensitivity	0.6749289501555742	0.007543075371048	-0.0277082440217817	0.0427943947638778	6.0	6.0	9.0	0.9996329437623444	11	4	COMPLETED	age_sex_center_HC3_sensitivity	0.6165977007651314	0.008432917416384	-0.0245787422633138	0.041444577096082	6.0	6.0	9.0	0.992439062865758
late_allcell_residual	Vascular_endothelial	VN_minus_CTRL	30	5	4	NOT_EVALUABLE	diagnosis_fully_confounded_with_center									5	4	NOT_EVALUABLE	diagnosis_fully_confounded_with_center								
late_neuron_residual	Adipocyte	CIDP_minus_CTRL	30	6	2	NOT_EVALUABLE	fewer_than_four_donors_per_group									6	2	NOT_EVALUABLE	fewer_than_four_donors_per_group								
late_neuron_residual	Adipocyte	CIAP_minus_CTRL	30	10	2	NOT_EVALUABLE	fewer_than_four_donors_per_group									10	2	NOT_EVALUABLE	fewer_than_four_donors_per_group								
late_neuron_residual	Adipocyte	VN_minus_CTRL	30	2	2	NOT_EVALUABLE	fewer_than_four_donors_per_group									2	2	NOT_EVALUABLE	fewer_than_four_donors_per_group								
late_neuron_residual	Endoneurial	CIDP_minus_CTRL	30	9	4	NOT_EVALUABLE	residual_df_below_eight					6.0	6.0	7.0		9	4	NOT_EVALUABLE	residual_df_below_eight					6.0	6.0	7.0	
late_neuron_residual	Endoneurial	CIAP_minus_CTRL	30	11	4	COMPLETED	age_sex_center_HC3_sensitivity	0.9899111705497884	-0.0006619719324309	-0.1032685902921631	0.1019446464273012	6.0	6.0	9.0	0.9996329437623444	11	4	COMPLETED	age_sex_center_HC3_sensitivity	0.469752512546156	0.0213234478049449	-0.0364912465763813	0.0791381421862711	6.0	6.0	9.0	0.992439062865758
late_neuron_residual	Endoneurial	VN_minus_CTRL	30	5	4	NOT_EVALUABLE	diagnosis_fully_confounded_with_center									5	4	NOT_EVALUABLE	diagnosis_fully_confounded_with_center								
late_neuron_residual	Epineurial	CIDP_minus_CTRL	30	9	4	NOT_EVALUABLE	residual_df_below_eight					6.0	6.0	7.0		9	4	NOT_EVALUABLE	residual_df_below_eight					6.0	6.0	7.0	
late_neuron_residual	Epineurial	CIAP_minus_CTRL	30	11	4	COMPLETED	age_sex_center_HC3_sensitivity	0.9824323274868833	-0.0011862763774964	-0.1067767440626355	0.1044041913076425	6.0	6.0	9.0	0.9996329437623444	11	4	COMPLETED	age_sex_center_HC3_sensitivity	0.8237558387880647	0.0076157777136957	-0.0594049526003552	0.0746365080277468	6.0	6.0	9.0	0.992439062865758
late_neuron_residual	Epineurial	VN_minus_CTRL	30	5	4	NOT_EVALUABLE	diagnosis_fully_confounded_with_center									5	4	NOT_EVALUABLE	diagnosis_fully_confounded_with_center								
late_neuron_residual	Granulocyte	CIDP_minus_CTRL	30	0	0	NOT_EVALUABLE	fewer_than_four_donors_per_group									0	0	NOT_EVALUABLE	fewer_than_four_donors_per_group								
late_neuron_residual	Granulocyte	CIAP_minus_CTRL	30	2	0	NOT_EVALUABLE	fewer_than_four_donors_per_group									2	0	NOT_EVALUABLE	fewer_than_four_donors_per_group								
late_neuron_residual	Granulocyte	VN_minus_CTRL	30	0	0	NOT_EVALUABLE	fewer_than_four_donors_per_group									0	0	NOT_EVALUABLE	fewer_than_four_donors_per_group								
late_neuron_residual	Lymphatic_endothelial	CIDP_minus_CTRL	30	4	2	NOT_EVALUABLE	fewer_than_four_donors_per_group									4	2	NOT_EVALUABLE	fewer_than_four_donors_per_group								
late_neuron_residual	Lymphatic_endothelial	CIAP_minus_CTRL	30	6	2	NOT_EVALUABLE	fewer_than_four_donors_per_group									6	2	NOT_EVALUABLE	fewer_than_four_donors_per_group								
late_neuron_residual	Lymphatic_endothelial	VN_minus_CTRL	30	0	2	NOT_EVALUABLE	fewer_than_four_donors_per_group									0	2	NOT_EVALUABLE	fewer_than_four_donors_per_group								
late_neuron_residual	Lymphoid	CIDP_minus_CTRL	30	8	4	NOT_EVALUABLE	residual_df_below_eight					6.0	6.0	6.0		8	4	NOT_EVALUABLE	residual_df_below_eight					6.0	6.0	6.0	
late_neuron_residual	Lymphoid	CIAP_minus_CTRL	30	11	4	COMPLETED	age_sex_center_HC3_sensitivity	0.9618867518161536	0.0029663567627437	-0.1186999461552656	0.1246326596807531	6.0	6.0	9.0	0.9996329437623444	11	4	COMPLETED	age_sex_center_HC3_sensitivity	0.9023000462098226	-0.0053439643857991	-0.0906672764291633	0.0799793476575651	6.0	6.0	9.0	0.992439062865758
late_neuron_residual	Lymphoid	VN_minus_CTRL	30	5	4	NOT_EVALUABLE	diagnosis_fully_confounded_with_center									5	4	NOT_EVALUABLE	diagnosis_fully_confounded_with_center								
late_neuron_residual	Macrophage	CIDP_minus_CTRL	30	9	4	NOT_EVALUABLE	residual_df_below_eight					6.0	6.0	7.0		9	4	NOT_EVALUABLE	residual_df_below_eight					6.0	6.0	7.0	
late_neuron_residual	Macrophage	CIAP_minus_CTRL	30	11	4	COMPLETED	age_sex_center_HC3_sensitivity	0.9923133583253926	-0.0004481654045012	-0.0916247095370119	0.0907283787280094	6.0	6.0	9.0	0.9996329437623444	11	4	COMPLETED	age_sex_center_HC3_sensitivity	0.8745046872791999	-0.0053096114210499	-0.0711998107938288	0.060580587951729	6.0	6.0	9.0	0.992439062865758
late_neuron_residual	Macrophage	VN_minus_CTRL	30	5	4	NOT_EVALUABLE	diagnosis_fully_confounded_with_center									5	4	NOT_EVALUABLE	diagnosis_fully_confounded_with_center								
late_neuron_residual	Mast	CIDP_minus_CTRL	30	6	2	NOT_EVALUABLE	fewer_than_four_donors_per_group									6	2	NOT_EVALUABLE	fewer_than_four_donors_per_group								
late_neuron_residual	Mast	CIAP_minus_CTRL	30	7	2	NOT_EVALUABLE	fewer_than_four_donors_per_group									7	2	NOT_EVALUABLE	fewer_than_four_donors_per_group								
late_neuron_residual	Mast	VN_minus_CTRL	30	0	2	NOT_EVALUABLE	fewer_than_four_donors_per_group									0	2	NOT_EVALUABLE	fewer_than_four_donors_per_group								
late_neuron_residual	Mural	CIDP_minus_CTRL	30	9	4	NOT_EVALUABLE	residual_df_below_eight					6.0	6.0	7.0		9	4	NOT_EVALUABLE	residual_df_below_eight					6.0	6.0	7.0	
late_neuron_residual	Mural	CIAP_minus_CTRL	30	11	4	COMPLETED	age_sex_center_HC3_sensitivity	0.8383801960484949	0.0082333477533689	-0.0708831618084075	0.0873498573151454	6.0	6.0	9.0	0.9996329437623444	11	4	COMPLETED	age_sex_center_HC3_sensitivity	0.928044223193648	0.0025198550504469	-0.0521701644940048	0.0572098745948987	6.0	6.0	9.0	0.992439062865758
late_neuron_residual	Mural	VN_minus_CTRL	30	5	4	NOT_EVALUABLE	diagnosis_fully_confounded_with_center									5	4	NOT_EVALUABLE	diagnosis_fully_confounded_with_center								
late_neuron_residual	Perineurial	CIDP_minus_CTRL	30	9	4	NOT_EVALUABLE	residual_df_below_eight					6.0	6.0	7.0		9	4	NOT_EVALUABLE	residual_df_below_eight					6.0	6.0	7.0	
late_neuron_residual	Perineurial	CIAP_minus_CTRL	30	11	4	COMPLETED	age_sex_center_HC3_sensitivity	0.9932904244340328	-0.0003393830702197	-0.0794396883523163	0.0787609222118768	6.0	6.0	9.0	0.9996329437623444	11	4	COMPLETED	age_sex_center_HC3_sensitivity	0.8809656451914183	-0.0053850984494906	-0.075868819883439	0.0650986229844577	6.0	6.0	9.0	0.992439062865758
late_neuron_residual	Perineurial	VN_minus_CTRL	30	5	4	NOT_EVALUABLE	diagnosis_fully_confounded_with_center									5	4	NOT_EVALUABLE	diagnosis_fully_confounded_with_center								
late_neuron_residual	Schwann	CIDP_minus_CTRL	30	9	4	NOT_EVALUABLE	residual_df_below_eight					6.0	6.0	7.0		9	4	NOT_EVALUABLE	residual_df_below_eight					6.0	6.0	7.0	
late_neuron_residual	Schwann	CIAP_minus_CTRL	30	11	4	COMPLETED	age_sex_center_HC3_sensitivity	0.920606748028894	-0.004721663628686	-0.0975714770016786	0.0881281497443065	6.0	6.0	9.0	0.9996329437623444	11	4	COMPLETED	age_sex_center_HC3_sensitivity	0.6941818677623504	-0.0135694150989722	-0.0812105385789428	0.0540717083809984	6.0	6.0	9.0	0.992439062865758
late_neuron_residual	Schwann	VN_minus_CTRL	30	5	4	NOT_EVALUABLE	diagnosis_fully_confounded_with_center									5	4	NOT_EVALUABLE	diagnosis_fully_confounded_with_center								
late_neuron_residual	Vascular_endothelial	CIDP_minus_CTRL	30	9	4	NOT_EVALUABLE	residual_df_below_eight					6.0	6.0	7.0		9	4	NOT_EVALUABLE	residual_df_below_eight					6.0	6.0	7.0	
late_neuron_residual	Vascular_endothelial	CIAP_minus_CTRL	30	11	4	COMPLETED	age_sex_center_HC3_sensitivity	0.6815637241092561	0.0130174567169579	-0.0491611128235664	0.0751960262574822	6.0	6.0	9.0	0.9996329437623444	11	4	COMPLETED	age_sex_center_HC3_sensitivity	0.3398616788498677	0.0157462903817019	-0.0165891183783768	0.0480816991417806	6.0	6.0	9.0	0.992439062865758
late_neuron_residual	Vascular_endothelial	VN_minus_CTRL	30	5	4	NOT_EVALUABLE	diagnosis_fully_confounded_with_center									5	4	NOT_EVALUABLE	diagnosis_fully_confounded_with_center								
late_shared_concordant_neuronal_core	Adipocyte	CIDP_minus_CTRL	30	6	2	NOT_EVALUABLE	fewer_than_four_donors_per_group									6	2	NOT_EVALUABLE	fewer_than_four_donors_per_group								
late_shared_concordant_neuronal_core	Adipocyte	CIAP_minus_CTRL	30	10	2	NOT_EVALUABLE	fewer_than_four_donors_per_group									10	2	NOT_EVALUABLE	fewer_than_four_donors_per_group								
late_shared_concordant_neuronal_core	Adipocyte	VN_minus_CTRL	30	2	2	NOT_EVALUABLE	fewer_than_four_donors_per_group									2	2	NOT_EVALUABLE	fewer_than_four_donors_per_group								
late_shared_concordant_neuronal_core	Endoneurial	CIDP_minus_CTRL	30	9	4	NOT_EVALUABLE	residual_df_below_eight					6.0	6.0	7.0		9	4	NOT_EVALUABLE	residual_df_below_eight					6.0	6.0	7.0	
late_shared_concordant_neuronal_core	Endoneurial	CIAP_minus_CTRL	30	11	4	COMPLETED	age_sex_center_HC3_sensitivity	0.6500166356472521	-0.0118014741765818	-0.0627789310088035	0.0391759826556397	6.0	6.0	9.0	0.9996329437623444	11	4	COMPLETED	age_sex_center_HC3_sensitivity	0.2470874513898289	-0.0270140667785999	-0.0727581371149173	0.0187300035577174	6.0	6.0	9.0	0.992439062865758
late_shared_concordant_neuronal_core	Endoneurial	VN_minus_CTRL	30	5	4	NOT_EVALUABLE	diagnosis_fully_confounded_with_center									5	4	NOT_EVALUABLE	diagnosis_fully_confounded_with_center								
late_shared_concordant_neuronal_core	Epineurial	CIDP_minus_CTRL	30	9	4	NOT_EVALUABLE	residual_df_below_eight					6.0	6.0	7.0		9	4	NOT_EVALUABLE	residual_df_below_eight					6.0	6.0	7.0	
late_shared_concordant_neuronal_core	Epineurial	CIAP_minus_CTRL	30	11	4	COMPLETED	age_sex_center_HC3_sensitivity	0.0032813375652433	-0.031859889119793	-0.0530988895535032	-0.0106208886860827	6.0	6.0	9.0	0.2362563046975193	11	4	COMPLETED	age_sex_center_HC3_sensitivity	0.0679210694058705	-0.0176594553138947	-0.0366193705315476	0.0013004599037582	6.0	6.0	9.0	0.992439062865758
late_shared_concordant_neuronal_core	Epineurial	VN_minus_CTRL	30	5	4	NOT_EVALUABLE	diagnosis_fully_confounded_with_center									5	4	NOT_EVALUABLE	diagnosis_fully_confounded_with_center								
late_shared_concordant_neuronal_core	Granulocyte	CIDP_minus_CTRL	30	0	0	NOT_EVALUABLE	fewer_than_four_donors_per_group									0	0	NOT_EVALUABLE	fewer_than_four_donors_per_group								
late_shared_concordant_neuronal_core	Granulocyte	CIAP_minus_CTRL	30	2	0	NOT_EVALUABLE	fewer_than_four_donors_per_group									2	0	NOT_EVALUABLE	fewer_than_four_donors_per_group								
late_shared_concordant_neuronal_core	Granulocyte	VN_minus_CTRL	30	0	0	NOT_EVALUABLE	fewer_than_four_donors_per_group									0	0	NOT_EVALUABLE	fewer_than_four_donors_per_group								
late_shared_concordant_neuronal_core	Lymphatic_endothelial	CIDP_minus_CTRL	30	4	2	NOT_EVALUABLE	fewer_than_four_donors_per_group									4	2	NOT_EVALUABLE	fewer_than_four_donors_per_group								
late_shared_concordant_neuronal_core	Lymphatic_endothelial	CIAP_minus_CTRL	30	6	2	NOT_EVALUABLE	fewer_than_four_donors_per_group									6	2	NOT_EVALUABLE	fewer_than_four_donors_per_group								
late_shared_concordant_neuronal_core	Lymphatic_endothelial	VN_minus_CTRL	30	0	2	NOT_EVALUABLE	fewer_than_four_donors_per_group									0	2	NOT_EVALUABLE	fewer_than_four_donors_per_group								
late_shared_concordant_neuronal_core	Lymphoid	CIDP_minus_CTRL	30	8	4	NOT_EVALUABLE	residual_df_below_eight					6.0	6.0	6.0		8	4	NOT_EVALUABLE	residual_df_below_eight					6.0	6.0	6.0	
late_shared_concordant_neuronal_core	Lymphoid	CIAP_minus_CTRL	30	11	4	COMPLETED	age_sex_center_HC3_sensitivity	0.8633737420978836	-0.0081967556569621	-0.1015558894042984	0.0851623780903741	6.0	6.0	9.0	0.9996329437623444	11	4	COMPLETED	age_sex_center_HC3_sensitivity	0.6758150868938664	0.0137574432280719	-0.0507220997414017	0.0782369861975457	6.0	6.0	9.0	0.992439062865758
late_shared_concordant_neuronal_core	Lymphoid	VN_minus_CTRL	30	5	4	NOT_EVALUABLE	diagnosis_fully_confounded_with_center									5	4	NOT_EVALUABLE	diagnosis_fully_confounded_with_center								
late_shared_concordant_neuronal_core	Macrophage	CIDP_minus_CTRL	30	9	4	NOT_EVALUABLE	residual_df_below_eight					6.0	6.0	7.0		9	4	NOT_EVALUABLE	residual_df_below_eight					6.0	6.0	7.0	
late_shared_concordant_neuronal_core	Macrophage	CIAP_minus_CTRL	30	11	4	COMPLETED	age_sex_center_HC3_sensitivity	0.4923596354246463	0.0476081435416662	-0.0883015496923491	0.1835178367756817	6.0	6.0	9.0	0.9996329437623444	11	4	COMPLETED	age_sex_center_HC3_sensitivity	0.3501996365874148	0.04820467286188	-0.0529291391246784	0.1493384848484384	6.0	6.0	9.0	0.992439062865758
late_shared_concordant_neuronal_core	Macrophage	VN_minus_CTRL	30	5	4	NOT_EVALUABLE	diagnosis_fully_confounded_with_center									5	4	NOT_EVALUABLE	diagnosis_fully_confounded_with_center								
late_shared_concordant_neuronal_core	Mast	CIDP_minus_CTRL	30	6	2	NOT_EVALUABLE	fewer_than_four_donors_per_group									6	2	NOT_EVALUABLE	fewer_than_four_donors_per_group								
late_shared_concordant_neuronal_core	Mast	CIAP_minus_CTRL	30	7	2	NOT_EVALUABLE	fewer_than_four_donors_per_group									7	2	NOT_EVALUABLE	fewer_than_four_donors_per_group								
late_shared_concordant_neuronal_core	Mast	VN_minus_CTRL	30	0	2	NOT_EVALUABLE	fewer_than_four_donors_per_group									0	2	NOT_EVALUABLE	fewer_than_four_donors_per_group								
late_shared_concordant_neuronal_core	Mural	CIDP_minus_CTRL	30	9	4	NOT_EVALUABLE	residual_df_below_eight					6.0	6.0	7.0		9	4	NOT_EVALUABLE	residual_df_below_eight					6.0	6.0	7.0	
late_shared_concordant_neuronal_core	Mural	CIAP_minus_CTRL	30	11	4	COMPLETED	age_sex_center_HC3_sensitivity	0.4422749291618751	0.0141752146759745	-0.0219836264076217	0.0503340557595709	6.0	6.0	9.0	0.9996329437623444	11	4	COMPLETED	age_sex_center_HC3_sensitivity	0.5028028706139035	0.0116359267968034	-0.0223984989281613	0.0456703525217681	6.0	6.0	9.0	0.992439062865758
late_shared_concordant_neuronal_core	Mural	VN_minus_CTRL	30	5	4	NOT_EVALUABLE	diagnosis_fully_confounded_with_center									5	4	NOT_EVALUABLE	diagnosis_fully_confounded_with_center								
late_shared_concordant_neuronal_core	Perineurial	CIDP_minus_CTRL	30	9	4	NOT_EVALUABLE	residual_df_below_eight					6.0	6.0	7.0		9	4	NOT_EVALUABLE	residual_df_below_eight					6.0	6.0	7.0	
late_shared_concordant_neuronal_core	Perineurial	CIAP_minus_CTRL	30	11	4	COMPLETED	age_sex_center_HC3_sensitivity	0.2227403289039912	-0.0419765715137728	-0.1094532739554786	0.0255001309279329	6.0	6.0	9.0	0.9996329437623444	11	4	COMPLETED	age_sex_center_HC3_sensitivity	0.3118405673656592	-0.0220802445298555	-0.0648703122266184	0.0207098231669073	6.0	6.0	9.0	0.992439062865758
late_shared_concordant_neuronal_core	Perineurial	VN_minus_CTRL	30	5	4	NOT_EVALUABLE	diagnosis_fully_confounded_with_center									5	4	NOT_EVALUABLE	diagnosis_fully_confounded_with_center								
late_shared_concordant_neuronal_core	Schwann	CIDP_minus_CTRL	30	9	4	NOT_EVALUABLE	residual_df_below_eight					6.0	6.0	7.0		9	4	NOT_EVALUABLE	residual_df_below_eight					6.0	6.0	7.0	
late_shared_concordant_neuronal_core	Schwann	CIAP_minus_CTRL	30	11	4	COMPLETED	age_sex_center_HC3_sensitivity	0.3649585041933677	0.0399602410183844	-0.0464904575348156	0.1264109395715844	6.0	6.0	9.0	0.9996329437623444	11	4	COMPLETED	age_sex_center_HC3_sensitivity	0.4328097648655777	0.0264739712439811	-0.0396766127276974	0.0926245552156597	6.0	6.0	9.0	0.992439062865758
late_shared_concordant_neuronal_core	Schwann	VN_minus_CTRL	30	5	4	NOT_EVALUABLE	diagnosis_fully_confounded_with_center									5	4	NOT_EVALUABLE	diagnosis_fully_confounded_with_center								
late_shared_concordant_neuronal_core	Vascular_endothelial	CIDP_minus_CTRL	30	9	4	NOT_EVALUABLE	residual_df_below_eight					6.0	6.0	7.0		9	4	NOT_EVALUABLE	residual_df_below_eight					6.0	6.0	7.0	
late_shared_concordant_neuronal_core	Vascular_endothelial	CIAP_minus_CTRL	30	11	4	COMPLETED	age_sex_center_HC3_sensitivity	0.835449615261801	-0.0056884822188328	-0.0593634233179244	0.0479864588802588	6.0	6.0	9.0	0.9996329437623444	11	4	COMPLETED	age_sex_center_HC3_sensitivity	0.9750478499018752	-0.0006819648886654	-0.0434157523450381	0.0420518225677073	6.0	6.0	9.0	0.992439062865758
late_shared_concordant_neuronal_core	Vascular_endothelial	VN_minus_CTRL	30	5	4	NOT_EVALUABLE	diagnosis_fully_confounded_with_center									5	4	NOT_EVALUABLE	diagnosis_fully_confounded_with_center								
original_early_allcell	Adipocyte	CIDP_minus_CTRL	30	6	2	NOT_EVALUABLE	fewer_than_four_donors_per_group									6	2	NOT_EVALUABLE	fewer_than_four_donors_per_group								
original_early_allcell	Adipocyte	CIAP_minus_CTRL	30	10	2	NOT_EVALUABLE	fewer_than_four_donors_per_group									10	2	NOT_EVALUABLE	fewer_than_four_donors_per_group								
original_early_allcell	Adipocyte	VN_minus_CTRL	30	2	2	NOT_EVALUABLE	fewer_than_four_donors_per_group									2	2	NOT_EVALUABLE	fewer_than_four_donors_per_group								
original_early_allcell	Endoneurial	CIDP_minus_CTRL	30	9	4	NOT_EVALUABLE	residual_df_below_eight					6.0	6.0	7.0		9	4	NOT_EVALUABLE	residual_df_below_eight					6.0	6.0	7.0	
original_early_allcell	Endoneurial	CIAP_minus_CTRL	30	11	4	COMPLETED	age_sex_center_HC3_sensitivity	0.8167405586287618	0.0088926372709517	-0.0663179720479211	0.0841032465898246	6.0	6.0	9.0	0.9996329437623444	11	4	COMPLETED	age_sex_center_HC3_sensitivity	0.7398663593306312	0.0101089363803532	-0.0495637791201845	0.069781651880891	6.0	6.0	9.0	0.992439062865758
original_early_allcell	Endoneurial	VN_minus_CTRL	30	5	4	NOT_EVALUABLE	diagnosis_fully_confounded_with_center									5	4	NOT_EVALUABLE	diagnosis_fully_confounded_with_center								
original_early_allcell	Epineurial	CIDP_minus_CTRL	30	9	4	NOT_EVALUABLE	residual_df_below_eight					6.0	6.0	7.0		9	4	NOT_EVALUABLE	residual_df_below_eight					6.0	6.0	7.0	
original_early_allcell	Epineurial	CIAP_minus_CTRL	30	11	4	COMPLETED	age_sex_center_HC3_sensitivity	0.8980359464537965	-0.0052546710452093	-0.0856256637340139	0.0751163216435953	6.0	6.0	9.0	0.9996329437623444	11	4	COMPLETED	age_sex_center_HC3_sensitivity	0.7372900474847095	-0.0109216781403609	-0.0747358601616065	0.0528925038808847	6.0	6.0	9.0	0.992439062865758
original_early_allcell	Epineurial	VN_minus_CTRL	30	5	4	NOT_EVALUABLE	diagnosis_fully_confounded_with_center									5	4	NOT_EVALUABLE	diagnosis_fully_confounded_with_center								
original_early_allcell	Granulocyte	CIDP_minus_CTRL	30	0	0	NOT_EVALUABLE	fewer_than_four_donors_per_group									0	0	NOT_EVALUABLE	fewer_than_four_donors_per_group								
original_early_allcell	Granulocyte	CIAP_minus_CTRL	30	2	0	NOT_EVALUABLE	fewer_than_four_donors_per_group									2	0	NOT_EVALUABLE	fewer_than_four_donors_per_group								
original_early_allcell	Granulocyte	VN_minus_CTRL	30	0	0	NOT_EVALUABLE	fewer_than_four_donors_per_group									0	0	NOT_EVALUABLE	fewer_than_four_donors_per_group								
original_early_allcell	Lymphatic_endothelial	CIDP_minus_CTRL	30	4	2	NOT_EVALUABLE	fewer_than_four_donors_per_group									4	2	NOT_EVALUABLE	fewer_than_four_donors_per_group								
original_early_allcell	Lymphatic_endothelial	CIAP_minus_CTRL	30	6	2	NOT_EVALUABLE	fewer_than_four_donors_per_group									6	2	NOT_EVALUABLE	fewer_than_four_donors_per_group								
original_early_allcell	Lymphatic_endothelial	VN_minus_CTRL	30	0	2	NOT_EVALUABLE	fewer_than_four_donors_per_group									0	2	NOT_EVALUABLE	fewer_than_four_donors_per_group								
original_early_allcell	Lymphoid	CIDP_minus_CTRL	30	8	4	NOT_EVALUABLE	residual_df_below_eight					6.0	6.0	6.0		8	4	NOT_EVALUABLE	residual_df_below_eight					6.0	6.0	6.0	
original_early_allcell	Lymphoid	CIAP_minus_CTRL	30	11	4	COMPLETED	age_sex_center_HC3_sensitivity	0.7502039815013734	0.0120282722006609	-0.0620206331974243	0.0860771775987462	6.0	6.0	9.0	0.9996329437623444	11	4	COMPLETED	age_sex_center_HC3_sensitivity	0.8081738244014668	0.0076023377482486	-0.0537707132309196	0.0689753887274169	6.0	6.0	9.0	0.992439062865758
original_early_allcell	Lymphoid	VN_minus_CTRL	30	5	4	NOT_EVALUABLE	diagnosis_fully_confounded_with_center									5	4	NOT_EVALUABLE	diagnosis_fully_confounded_with_center								
original_early_allcell	Macrophage	CIDP_minus_CTRL	30	9	4	NOT_EVALUABLE	residual_df_below_eight					6.0	6.0	7.0		9	4	NOT_EVALUABLE	residual_df_below_eight					6.0	6.0	7.0	
original_early_allcell	Macrophage	CIAP_minus_CTRL	30	11	4	COMPLETED	age_sex_center_HC3_sensitivity	0.9687516491692084	0.0015290101117302	-0.074970797191727	0.0780288174151874	6.0	6.0	9.0	0.9996329437623444	11	4	COMPLETED	age_sex_center_HC3_sensitivity	0.8993595052167916	-0.0044597148343053	-0.0735737057640749	0.0646542760954643	6.0	6.0	9.0	0.992439062865758
original_early_allcell	Macrophage	VN_minus_CTRL	30	5	4	NOT_EVALUABLE	diagnosis_fully_confounded_with_center									5	4	NOT_EVALUABLE	diagnosis_fully_confounded_with_center								
original_early_allcell	Mast	CIDP_minus_CTRL	30	6	2	NOT_EVALUABLE	fewer_than_four_donors_per_group									6	2	NOT_EVALUABLE	fewer_than_four_donors_per_group								
original_early_allcell	Mast	CIAP_minus_CTRL	30	7	2	NOT_EVALUABLE	fewer_than_four_donors_per_group									7	2	NOT_EVALUABLE	fewer_than_four_donors_per_group								
original_early_allcell	Mast	VN_minus_CTRL	30	0	2	NOT_EVALUABLE	fewer_than_four_donors_per_group									0	2	NOT_EVALUABLE	fewer_than_four_donors_per_group								
original_early_allcell	Mural	CIDP_minus_CTRL	30	9	4	NOT_EVALUABLE	residual_df_below_eight					6.0	6.0	7.0		9	4	NOT_EVALUABLE	residual_df_below_eight					6.0	6.0	7.0	
original_early_allcell	Mural	CIAP_minus_CTRL	30	11	4	COMPLETED	age_sex_center_HC3_sensitivity	0.9780558661624436	-0.0014142718508606	-0.1021881204523196	0.0993595767505982	6.0	6.0	9.0	0.9996329437623444	11	4	COMPLETED	age_sex_center_HC3_sensitivity	0.992439062865758	0.000454117315749	-0.0934693436622626	0.0943775782937607	6.0	6.0	9.0	0.992439062865758
original_early_allcell	Mural	VN_minus_CTRL	30	5	4	NOT_EVALUABLE	diagnosis_fully_confounded_with_center									5	4	NOT_EVALUABLE	diagnosis_fully_confounded_with_center								
original_early_allcell	Perineurial	CIDP_minus_CTRL	30	9	4	NOT_EVALUABLE	residual_df_below_eight					6.0	6.0	7.0		9	4	NOT_EVALUABLE	residual_df_below_eight					6.0	6.0	7.0	
original_early_allcell	Perineurial	CIAP_minus_CTRL	30	11	4	COMPLETED	age_sex_center_HC3_sensitivity	0.8207829079449379	-0.0122470296203921	-0.1182059565875804	0.0937118973467961	6.0	6.0	9.0	0.9996329437623444	11	4	COMPLETED	age_sex_center_HC3_sensitivity	0.7849611307816897	-0.0130042366588703	-0.1064143054855909	0.0804058321678502	6.0	6.0	9.0	0.992439062865758
original_early_allcell	Perineurial	VN_minus_CTRL	30	5	4	NOT_EVALUABLE	diagnosis_fully_confounded_with_center									5	4	NOT_EVALUABLE	diagnosis_fully_confounded_with_center								
original_early_allcell	Schwann	CIDP_minus_CTRL	30	9	4	NOT_EVALUABLE	residual_df_below_eight					6.0	6.0	7.0		9	4	NOT_EVALUABLE	residual_df_below_eight					6.0	6.0	7.0	
original_early_allcell	Schwann	CIAP_minus_CTRL	30	11	4	COMPLETED	age_sex_center_HC3_sensitivity	0.7748785423903874	-0.0079153065572519	-0.0621591722339931	0.0463285591194892	6.0	6.0	9.0	0.9996329437623444	11	4	COMPLETED	age_sex_center_HC3_sensitivity	0.6465683328646292	-0.0098992250772019	-0.052212542457419	0.0324140923030151	6.0	6.0	9.0	0.992439062865758
original_early_allcell	Schwann	VN_minus_CTRL	30	5	4	NOT_EVALUABLE	diagnosis_fully_confounded_with_center									5	4	NOT_EVALUABLE	diagnosis_fully_confounded_with_center								
original_early_allcell	Vascular_endothelial	CIDP_minus_CTRL	30	9	4	NOT_EVALUABLE	residual_df_below_eight					6.0	6.0	7.0		9	4	NOT_EVALUABLE	residual_df_below_eight					6.0	6.0	7.0	
original_early_allcell	Vascular_endothelial	CIAP_minus_CTRL	30	11	4	COMPLETED	age_sex_center_HC3_sensitivity	0.8826075479511885	-0.0040020274827788	-0.0571212920208482	0.0491172370552904	6.0	6.0	9.0	0.9996329437623444	11	4	COMPLETED	age_sex_center_HC3_sensitivity	0.8379544268854658	-0.0045652573082543	-0.0483171962387699	0.0391866816222612	6.0	6.0	9.0	0.992439062865758
original_early_allcell	Vascular_endothelial	VN_minus_CTRL	30	5	4	NOT_EVALUABLE	diagnosis_fully_confounded_with_center									5	4	NOT_EVALUABLE	diagnosis_fully_confounded_with_center								
original_late_allcell	Adipocyte	CIDP_minus_CTRL	30	6	2	NOT_EVALUABLE	fewer_than_four_donors_per_group									6	2	NOT_EVALUABLE	fewer_than_four_donors_per_group								
original_late_allcell	Adipocyte	CIAP_minus_CTRL	30	10	2	NOT_EVALUABLE	fewer_than_four_donors_per_group									10	2	NOT_EVALUABLE	fewer_than_four_donors_per_group								
original_late_allcell	Adipocyte	VN_minus_CTRL	30	2	2	NOT_EVALUABLE	fewer_than_four_donors_per_group									2	2	NOT_EVALUABLE	fewer_than_four_donors_per_group								
original_late_allcell	Endoneurial	CIDP_minus_CTRL	30	9	4	NOT_EVALUABLE	residual_df_below_eight					6.0	6.0	7.0		9	4	NOT_EVALUABLE	residual_df_below_eight					6.0	6.0	7.0	
original_late_allcell	Endoneurial	CIAP_minus_CTRL	30	11	4	COMPLETED	age_sex_center_HC3_sensitivity	0.7391258063751116	-0.0054687776217443	-0.0376557017247259	0.0267181464812372	6.0	6.0	9.0	0.9996329437623444	11	4	COMPLETED	age_sex_center_HC3_sensitivity	0.6061126266649057	-0.0083490873223328	-0.0400848283819196	0.0233866537372538	6.0	6.0	9.0	0.992439062865758
original_late_allcell	Endoneurial	VN_minus_CTRL	30	5	4	NOT_EVALUABLE	diagnosis_fully_confounded_with_center									5	4	NOT_EVALUABLE	diagnosis_fully_confounded_with_center								
original_late_allcell	Epineurial	CIDP_minus_CTRL	30	9	4	NOT_EVALUABLE	residual_df_below_eight					6.0	6.0	7.0		9	4	NOT_EVALUABLE	residual_df_below_eight					6.0	6.0	7.0	
original_late_allcell	Epineurial	CIAP_minus_CTRL	30	11	4	COMPLETED	age_sex_center_HC3_sensitivity	0.1733340724483151	-0.0135242705142906	-0.0329923188028907	0.0059437777743095	6.0	6.0	9.0	0.9996329437623444	11	4	COMPLETED	age_sex_center_HC3_sensitivity	0.1500457595909976	-0.0132376169036265	-0.0312630411691337	0.0047878073618805	6.0	6.0	9.0	0.992439062865758
original_late_allcell	Epineurial	VN_minus_CTRL	30	5	4	NOT_EVALUABLE	diagnosis_fully_confounded_with_center									5	4	NOT_EVALUABLE	diagnosis_fully_confounded_with_center								
original_late_allcell	Granulocyte	CIDP_minus_CTRL	30	0	0	NOT_EVALUABLE	fewer_than_four_donors_per_group									0	0	NOT_EVALUABLE	fewer_than_four_donors_per_group								
original_late_allcell	Granulocyte	CIAP_minus_CTRL	30	2	0	NOT_EVALUABLE	fewer_than_four_donors_per_group									2	0	NOT_EVALUABLE	fewer_than_four_donors_per_group								
original_late_allcell	Granulocyte	VN_minus_CTRL	30	0	0	NOT_EVALUABLE	fewer_than_four_donors_per_group									0	0	NOT_EVALUABLE	fewer_than_four_donors_per_group								
original_late_allcell	Lymphatic_endothelial	CIDP_minus_CTRL	30	4	2	NOT_EVALUABLE	fewer_than_four_donors_per_group									4	2	NOT_EVALUABLE	fewer_than_four_donors_per_group								
original_late_allcell	Lymphatic_endothelial	CIAP_minus_CTRL	30	6	2	NOT_EVALUABLE	fewer_than_four_donors_per_group									6	2	NOT_EVALUABLE	fewer_than_four_donors_per_group								
original_late_allcell	Lymphatic_endothelial	VN_minus_CTRL	30	0	2	NOT_EVALUABLE	fewer_than_four_donors_per_group									0	2	NOT_EVALUABLE	fewer_than_four_donors_per_group								
original_late_allcell	Lymphoid	CIDP_minus_CTRL	30	8	4	NOT_EVALUABLE	residual_df_below_eight					6.0	6.0	6.0		8	4	NOT_EVALUABLE	residual_df_below_eight					6.0	6.0	6.0	
original_late_allcell	Lymphoid	CIAP_minus_CTRL	30	11	4	COMPLETED	age_sex_center_HC3_sensitivity	0.3340994070192414	0.0195785362546136	-0.0201498388600061	0.0593069113692334	6.0	6.0	9.0	0.9996329437623444	11	4	COMPLETED	age_sex_center_HC3_sensitivity	0.3216043091271788	0.0202949226024788	-0.01983690117016	0.0604267463751177	6.0	6.0	9.0	0.992439062865758
original_late_allcell	Lymphoid	VN_minus_CTRL	30	5	4	NOT_EVALUABLE	diagnosis_fully_confounded_with_center									5	4	NOT_EVALUABLE	diagnosis_fully_confounded_with_center								
original_late_allcell	Macrophage	CIDP_minus_CTRL	30	9	4	NOT_EVALUABLE	residual_df_below_eight					6.0	6.0	7.0		9	4	NOT_EVALUABLE	residual_df_below_eight					6.0	6.0	7.0	
original_late_allcell	Macrophage	CIAP_minus_CTRL	30	11	4	COMPLETED	age_sex_center_HC3_sensitivity	0.530357517245523	-0.0050170324447852	-0.0206884654847722	0.0106544005952017	6.0	6.0	9.0	0.9996329437623444	11	4	COMPLETED	age_sex_center_HC3_sensitivity	0.4645245432684094	-0.0073042002254166	-0.0268771268284164	0.0122687263775831	6.0	6.0	9.0	0.992439062865758
original_late_allcell	Macrophage	VN_minus_CTRL	30	5	4	NOT_EVALUABLE	diagnosis_fully_confounded_with_center									5	4	NOT_EVALUABLE	diagnosis_fully_confounded_with_center								
original_late_allcell	Mast	CIDP_minus_CTRL	30	6	2	NOT_EVALUABLE	fewer_than_four_donors_per_group									6	2	NOT_EVALUABLE	fewer_than_four_donors_per_group								
original_late_allcell	Mast	CIAP_minus_CTRL	30	7	2	NOT_EVALUABLE	fewer_than_four_donors_per_group									7	2	NOT_EVALUABLE	fewer_than_four_donors_per_group								
original_late_allcell	Mast	VN_minus_CTRL	30	0	2	NOT_EVALUABLE	fewer_than_four_donors_per_group									0	2	NOT_EVALUABLE	fewer_than_four_donors_per_group								
original_late_allcell	Mural	CIDP_minus_CTRL	30	9	4	NOT_EVALUABLE	residual_df_below_eight					6.0	6.0	7.0		9	4	NOT_EVALUABLE	residual_df_below_eight					6.0	6.0	7.0	
original_late_allcell	Mural	CIAP_minus_CTRL	30	11	4	COMPLETED	age_sex_center_HC3_sensitivity	0.9915782376641322	0.000163555251299	-0.0302062214986457	0.0305333320012438	6.0	6.0	9.0	0.9996329437623444	11	4	COMPLETED	age_sex_center_HC3_sensitivity	0.9226919562325832	0.0014615520853551	-0.0280571010773552	0.0309802052480655	6.0	6.0	9.0	0.992439062865758
original_late_allcell	Mural	VN_minus_CTRL	30	5	4	NOT_EVALUABLE	diagnosis_fully_confounded_with_center									5	4	NOT_EVALUABLE	diagnosis_fully_confounded_with_center								
original_late_allcell	Perineurial	CIDP_minus_CTRL	30	9	4	NOT_EVALUABLE	residual_df_below_eight					6.0	6.0	7.0		9	4	NOT_EVALUABLE	residual_df_below_eight					6.0	6.0	7.0	
original_late_allcell	Perineurial	CIAP_minus_CTRL	30	11	4	COMPLETED	age_sex_center_HC3_sensitivity	0.5618065383573054	-0.008426885020267	-0.0368955544428513	0.0200417844023172	6.0	6.0	9.0	0.9996329437623444	11	4	COMPLETED	age_sex_center_HC3_sensitivity	0.4967509235026704	-0.009990203817643	-0.0388014578633409	0.0188210502280549	6.0	6.0	9.0	0.992439062865758
original_late_allcell	Perineurial	VN_minus_CTRL	30	5	4	NOT_EVALUABLE	diagnosis_fully_confounded_with_center									5	4	NOT_EVALUABLE	diagnosis_fully_confounded_with_center								
original_late_allcell	Schwann	CIDP_minus_CTRL	30	9	4	NOT_EVALUABLE	residual_df_below_eight					6.0	6.0	7.0		9	4	NOT_EVALUABLE	residual_df_below_eight					6.0	6.0	7.0	
original_late_allcell	Schwann	CIAP_minus_CTRL	30	11	4	COMPLETED	age_sex_center_HC3_sensitivity	0.9624000746394704	0.0008716807381952	-0.0353691198217309	0.0371124812981214	6.0	6.0	9.0	0.9996329437623444	11	4	COMPLETED	age_sex_center_HC3_sensitivity	0.949681446654024	-0.0011614638246971	-0.0372340690723917	0.0349111414229973	6.0	6.0	9.0	0.992439062865758
original_late_allcell	Schwann	VN_minus_CTRL	30	5	4	NOT_EVALUABLE	diagnosis_fully_confounded_with_center									5	4	NOT_EVALUABLE	diagnosis_fully_confounded_with_center								
original_late_allcell	Vascular_endothelial	CIDP_minus_CTRL	30	9	4	NOT_EVALUABLE	residual_df_below_eight					6.0	6.0	7.0		9	4	NOT_EVALUABLE	residual_df_below_eight					6.0	6.0	7.0	
original_late_allcell	Vascular_endothelial	CIAP_minus_CTRL	30	11	4	COMPLETED	age_sex_center_HC3_sensitivity	0.6943055143582538	0.007084982060701	-0.0282474390976547	0.0424174032190569	6.0	6.0	9.0	0.9996329437623444	11	4	COMPLETED	age_sex_center_HC3_sensitivity	0.6218760475271816	0.0086037278674318	-0.0255877311308976	0.0427951868657612	6.0	6.0	9.0	0.992439062865758
original_late_allcell	Vascular_endothelial	VN_minus_CTRL	30	5	4	NOT_EVALUABLE	diagnosis_fully_confounded_with_center									5	4	NOT_EVALUABLE	diagnosis_fully_confounded_with_center								
original_late_neuron	Adipocyte	CIDP_minus_CTRL	30	6	2	NOT_EVALUABLE	fewer_than_four_donors_per_group									6	2	NOT_EVALUABLE	fewer_than_four_donors_per_group								
original_late_neuron	Adipocyte	CIAP_minus_CTRL	30	10	2	NOT_EVALUABLE	fewer_than_four_donors_per_group									10	2	NOT_EVALUABLE	fewer_than_four_donors_per_group								
original_late_neuron	Adipocyte	VN_minus_CTRL	30	2	2	NOT_EVALUABLE	fewer_than_four_donors_per_group									2	2	NOT_EVALUABLE	fewer_than_four_donors_per_group								
original_late_neuron	Endoneurial	CIDP_minus_CTRL	30	9	4	NOT_EVALUABLE	residual_df_below_eight					6.0	6.0	7.0		9	4	NOT_EVALUABLE	residual_df_below_eight					6.0	6.0	7.0	
original_late_neuron	Endoneurial	CIAP_minus_CTRL	30	11	4	COMPLETED	age_sex_center_HC3_sensitivity	0.8954244966914469	-0.0042412758621341	-0.0674832721765923	0.0590007204523239	6.0	6.0	9.0	0.9996329437623444	11	4	COMPLETED	age_sex_center_HC3_sensitivity	0.640324398697375	0.0095840259939894	-0.0306182969375219	0.0497863489255007	6.0	6.0	9.0	0.992439062865758
original_late_neuron	Endoneurial	VN_minus_CTRL	30	5	4	NOT_EVALUABLE	diagnosis_fully_confounded_with_center									5	4	NOT_EVALUABLE	diagnosis_fully_confounded_with_center								
original_late_neuron	Epineurial	CIDP_minus_CTRL	30	9	4	NOT_EVALUABLE	residual_df_below_eight					6.0	6.0	7.0		9	4	NOT_EVALUABLE	residual_df_below_eight					6.0	6.0	7.0	
original_late_neuron	Epineurial	CIAP_minus_CTRL	30	11	4	COMPLETED	age_sex_center_HC3_sensitivity	0.7933237814195387	-0.0097561183689654	-0.0827403247732719	0.0632280880353411	6.0	6.0	9.0	0.9996329437623444	11	4	COMPLETED	age_sex_center_HC3_sensitivity	0.9666319916622712	0.001142605730952	-0.0523911375523191	0.0546763490142232	6.0	6.0	9.0	0.992439062865758
original_late_neuron	Epineurial	VN_minus_CTRL	30	5	4	NOT_EVALUABLE	diagnosis_fully_confounded_with_center									5	4	NOT_EVALUABLE	diagnosis_fully_confounded_with_center								
original_late_neuron	Granulocyte	CIDP_minus_CTRL	30	0	0	NOT_EVALUABLE	fewer_than_four_donors_per_group									0	0	NOT_EVALUABLE	fewer_than_four_donors_per_group								
original_late_neuron	Granulocyte	CIAP_minus_CTRL	30	2	0	NOT_EVALUABLE	fewer_than_four_donors_per_group									2	0	NOT_EVALUABLE	fewer_than_four_donors_per_group								
original_late_neuron	Granulocyte	VN_minus_CTRL	30	0	0	NOT_EVALUABLE	fewer_than_four_donors_per_group									0	0	NOT_EVALUABLE	fewer_than_four_donors_per_group								
original_late_neuron	Lymphatic_endothelial	CIDP_minus_CTRL	30	4	2	NOT_EVALUABLE	fewer_than_four_donors_per_group									4	2	NOT_EVALUABLE	fewer_than_four_donors_per_group								
original_late_neuron	Lymphatic_endothelial	CIAP_minus_CTRL	30	6	2	NOT_EVALUABLE	fewer_than_four_donors_per_group									6	2	NOT_EVALUABLE	fewer_than_four_donors_per_group								
original_late_neuron	Lymphatic_endothelial	VN_minus_CTRL	30	0	2	NOT_EVALUABLE	fewer_than_four_donors_per_group									0	2	NOT_EVALUABLE	fewer_than_four_donors_per_group								
original_late_neuron	Lymphoid	CIDP_minus_CTRL	30	8	4	NOT_EVALUABLE	residual_df_below_eight					6.0	6.0	6.0		8	4	NOT_EVALUABLE	residual_df_below_eight					6.0	6.0	6.0	
original_late_neuron	Lymphoid	CIAP_minus_CTRL	30	11	4	COMPLETED	age_sex_center_HC3_sensitivity	0.9195344267381654	-0.0051534966597425	-0.1051401139527414	0.0948331206332564	6.0	6.0	9.0	0.9996329437623444	11	4	COMPLETED	age_sex_center_HC3_sensitivity	0.8179313041464136	-0.0088902783617807	-0.0845815586357346	0.066801001912173	6.0	6.0	9.0	0.992439062865758
original_late_neuron	Lymphoid	VN_minus_CTRL	30	5	4	NOT_EVALUABLE	diagnosis_fully_confounded_with_center									5	4	NOT_EVALUABLE	diagnosis_fully_confounded_with_center								
original_late_neuron	Macrophage	CIDP_minus_CTRL	30	9	4	NOT_EVALUABLE	residual_df_below_eight					6.0	6.0	7.0		9	4	NOT_EVALUABLE	residual_df_below_eight					6.0	6.0	7.0	
original_late_neuron	Macrophage	CIAP_minus_CTRL	30	11	4	COMPLETED	age_sex_center_HC3_sensitivity	0.6865780806078738	0.0146656422384124	-0.0565707954099659	0.0859020798867908	6.0	6.0	9.0	0.9996329437623444	11	4	COMPLETED	age_sex_center_HC3_sensitivity	0.6478884557427355	0.0137738385881579	-0.0453379912498037	0.0728856684261195	6.0	6.0	9.0	0.992439062865758
original_late_neuron	Macrophage	VN_minus_CTRL	30	5	4	NOT_EVALUABLE	diagnosis_fully_confounded_with_center									5	4	NOT_EVALUABLE	diagnosis_fully_confounded_with_center								
original_late_neuron	Mast	CIDP_minus_CTRL	30	6	2	NOT_EVALUABLE	fewer_than_four_donors_per_group									6	2	NOT_EVALUABLE	fewer_than_four_donors_per_group								
original_late_neuron	Mast	CIAP_minus_CTRL	30	7	2	NOT_EVALUABLE	fewer_than_four_donors_per_group									7	2	NOT_EVALUABLE	fewer_than_four_donors_per_group								
original_late_neuron	Mast	VN_minus_CTRL	30	0	2	NOT_EVALUABLE	fewer_than_four_donors_per_group									0	2	NOT_EVALUABLE	fewer_than_four_donors_per_group								
original_late_neuron	Mural	CIDP_minus_CTRL	30	9	4	NOT_EVALUABLE	residual_df_below_eight					6.0	6.0	7.0		9	4	NOT_EVALUABLE	residual_df_below_eight					6.0	6.0	7.0	
original_late_neuron	Mural	CIAP_minus_CTRL	30	11	4	COMPLETED	age_sex_center_HC3_sensitivity	0.8261022369531972	0.0077939713709296	-0.0617357234884495	0.0773236662303088	6.0	6.0	9.0	0.9996329437623444	11	4	COMPLETED	age_sex_center_HC3_sensitivity	0.9016175425068924	0.0035439787747314	-0.0526457084484293	0.0597336659978922	6.0	6.0	9.0	0.992439062865758
original_late_neuron	Mural	VN_minus_CTRL	30	5	4	NOT_EVALUABLE	diagnosis_fully_confounded_with_center									5	4	NOT_EVALUABLE	diagnosis_fully_confounded_with_center								
original_late_neuron	Perineurial	CIDP_minus_CTRL	30	9	4	NOT_EVALUABLE	residual_df_below_eight					6.0	6.0	7.0		9	4	NOT_EVALUABLE	residual_df_below_eight					6.0	6.0	7.0	
original_late_neuron	Perineurial	CIAP_minus_CTRL	30	11	4	COMPLETED	age_sex_center_HC3_sensitivity	0.6915825212195479	-0.015146075943621	-0.0899762660549262	0.0596841141676841	6.0	6.0	9.0	0.9996329437623444	11	4	COMPLETED	age_sex_center_HC3_sensitivity	0.7761675431761614	-0.0090417920476549	-0.0713721964401465	0.0532886123448367	6.0	6.0	9.0	0.992439062865758
original_late_neuron	Perineurial	VN_minus_CTRL	30	5	4	NOT_EVALUABLE	diagnosis_fully_confounded_with_center									5	4	NOT_EVALUABLE	diagnosis_fully_confounded_with_center								
original_late_neuron	Schwann	CIDP_minus_CTRL	30	9	4	NOT_EVALUABLE	residual_df_below_eight					6.0	6.0	7.0		9	4	NOT_EVALUABLE	residual_df_below_eight					6.0	6.0	7.0	
original_late_neuron	Schwann	CIAP_minus_CTRL	30	11	4	COMPLETED	age_sex_center_HC3_sensitivity	0.4911002106751039	0.0129428779593536	-0.0238986104618853	0.0497843663805926	6.0	6.0	9.0	0.9996329437623444	11	4	COMPLETED	age_sex_center_HC3_sensitivity	0.7579766684602707	0.0048748474688977	-0.0261323591197632	0.0358820540575588	6.0	6.0	9.0	0.992439062865758
original_late_neuron	Schwann	VN_minus_CTRL	30	5	4	NOT_EVALUABLE	diagnosis_fully_confounded_with_center									5	4	NOT_EVALUABLE	diagnosis_fully_confounded_with_center								
original_late_neuron	Vascular_endothelial	CIDP_minus_CTRL	30	9	4	NOT_EVALUABLE	residual_df_below_eight					6.0	6.0	7.0		9	4	NOT_EVALUABLE	residual_df_below_eight					6.0	6.0	7.0	
original_late_neuron	Vascular_endothelial	CIAP_minus_CTRL	30	11	4	COMPLETED	age_sex_center_HC3_sensitivity	0.8975592663962129	0.0024444981899596	-0.0347695362747495	0.0396585326546689	6.0	6.0	9.0	0.9996329437623444	11	4	COMPLETED	age_sex_center_HC3_sensitivity	0.672744242196331	0.0061723881427722	-0.0224689390651326	0.0348137153506771	6.0	6.0	9.0	0.992439062865758
original_late_neuron	Vascular_endothelial	VN_minus_CTRL	30	5	4	NOT_EVALUABLE	diagnosis_fully_confounded_with_center									5	4	NOT_EVALUABLE	diagnosis_fully_confounded_with_center								
original_severity	Adipocyte	CIDP_minus_CTRL	30	6	2	NOT_EVALUABLE	fewer_than_four_donors_per_group									6	2	NOT_EVALUABLE	fewer_than_four_donors_per_group								
original_severity	Adipocyte	CIAP_minus_CTRL	30	10	2	NOT_EVALUABLE	fewer_than_four_donors_per_group									10	2	NOT_EVALUABLE	fewer_than_four_donors_per_group								
original_severity	Adipocyte	VN_minus_CTRL	30	2	2	NOT_EVALUABLE	fewer_than_four_donors_per_group									2	2	NOT_EVALUABLE	fewer_than_four_donors_per_group								
original_severity	Endoneurial	CIDP_minus_CTRL	30	9	4	NOT_EVALUABLE	residual_df_below_eight					6.0	6.0	7.0		9	4	NOT_EVALUABLE	residual_df_below_eight					6.0	6.0	7.0	
original_severity	Endoneurial	CIAP_minus_CTRL	30	11	4	COMPLETED	age_sex_center_HC3_sensitivity	0.7245542241585818	-0.0143332130859685	-0.0940558982308816	0.0653894720589445	6.0	6.0	9.0	0.9996329437623444	11	4	COMPLETED	age_sex_center_HC3_sensitivity	0.7306457570474075	-0.0123346336492649	-0.0825576343442483	0.0578883670457184	6.0	6.0	9.0	0.992439062865758
original_severity	Endoneurial	VN_minus_CTRL	30	5	4	NOT_EVALUABLE	diagnosis_fully_confounded_with_center									5	4	NOT_EVALUABLE	diagnosis_fully_confounded_with_center								
original_severity	Epineurial	CIDP_minus_CTRL	30	9	4	NOT_EVALUABLE	residual_df_below_eight					6.0	6.0	7.0		9	4	NOT_EVALUABLE	residual_df_below_eight					6.0	6.0	7.0	
original_severity	Epineurial	CIAP_minus_CTRL	30	11	4	COMPLETED	age_sex_center_HC3_sensitivity	0.3736168562442893	-0.0254030161916467	-0.0813633854942158	0.0305573531109223	6.0	6.0	9.0	0.9996329437623444	11	4	COMPLETED	age_sex_center_HC3_sensitivity	0.2225053758908299	-0.0241119548997719	-0.0628518744438133	0.0146279646442694	6.0	6.0	9.0	0.992439062865758
original_severity	Epineurial	VN_minus_CTRL	30	5	4	NOT_EVALUABLE	diagnosis_fully_confounded_with_center									5	4	NOT_EVALUABLE	diagnosis_fully_confounded_with_center								
original_severity	Granulocyte	CIDP_minus_CTRL	30	0	0	NOT_EVALUABLE	fewer_than_four_donors_per_group									0	0	NOT_EVALUABLE	fewer_than_four_donors_per_group								
original_severity	Granulocyte	CIAP_minus_CTRL	30	2	0	NOT_EVALUABLE	fewer_than_four_donors_per_group									2	0	NOT_EVALUABLE	fewer_than_four_donors_per_group								
original_severity	Granulocyte	VN_minus_CTRL	30	0	0	NOT_EVALUABLE	fewer_than_four_donors_per_group									0	0	NOT_EVALUABLE	fewer_than_four_donors_per_group								
original_severity	Lymphatic_endothelial	CIDP_minus_CTRL	30	4	2	NOT_EVALUABLE	fewer_than_four_donors_per_group									4	2	NOT_EVALUABLE	fewer_than_four_donors_per_group								
original_severity	Lymphatic_endothelial	CIAP_minus_CTRL	30	6	2	NOT_EVALUABLE	fewer_than_four_donors_per_group									6	2	NOT_EVALUABLE	fewer_than_four_donors_per_group								
original_severity	Lymphatic_endothelial	VN_minus_CTRL	30	0	2	NOT_EVALUABLE	fewer_than_four_donors_per_group									0	2	NOT_EVALUABLE	fewer_than_four_donors_per_group								
original_severity	Lymphoid	CIDP_minus_CTRL	30	8	4	NOT_EVALUABLE	residual_df_below_eight					6.0	6.0	6.0		8	4	NOT_EVALUABLE	residual_df_below_eight					6.0	6.0	6.0	
original_severity	Lymphoid	CIAP_minus_CTRL	30	11	4	COMPLETED	age_sex_center_HC3_sensitivity	0.9641321767404708	0.0026929824579161	-0.1146805848949421	0.1200665498107743	6.0	6.0	9.0	0.9996329437623444	11	4	COMPLETED	age_sex_center_HC3_sensitivity	0.8312309357559831	-0.0107613254020992	-0.1097267061847428	0.0882040553805443	6.0	6.0	9.0	0.992439062865758
original_severity	Lymphoid	VN_minus_CTRL	30	5	4	NOT_EVALUABLE	diagnosis_fully_confounded_with_center									5	4	NOT_EVALUABLE	diagnosis_fully_confounded_with_center								
original_severity	Macrophage	CIDP_minus_CTRL	30	9	4	NOT_EVALUABLE	residual_df_below_eight					6.0	6.0	7.0		9	4	NOT_EVALUABLE	residual_df_below_eight					6.0	6.0	7.0	
original_severity	Macrophage	CIAP_minus_CTRL	30	11	4	COMPLETED	age_sex_center_HC3_sensitivity	0.960400518926934	0.0023323639164828	-0.0897373009611904	0.0944020287941562	6.0	6.0	9.0	0.9996329437623444	11	4	COMPLETED	age_sex_center_HC3_sensitivity	0.8271144545772493	-0.008415546300218	-0.0839369555783252	0.0671058629778891	6.0	6.0	9.0	0.992439062865758
original_severity	Macrophage	VN_minus_CTRL	30	5	4	NOT_EVALUABLE	diagnosis_fully_confounded_with_center									5	4	NOT_EVALUABLE	diagnosis_fully_confounded_with_center								
original_severity	Mast	CIDP_minus_CTRL	30	6	2	NOT_EVALUABLE	fewer_than_four_donors_per_group									6	2	NOT_EVALUABLE	fewer_than_four_donors_per_group								
original_severity	Mast	CIAP_minus_CTRL	30	7	2	NOT_EVALUABLE	fewer_than_four_donors_per_group									7	2	NOT_EVALUABLE	fewer_than_four_donors_per_group								
original_severity	Mast	VN_minus_CTRL	30	0	2	NOT_EVALUABLE	fewer_than_four_donors_per_group									0	2	NOT_EVALUABLE	fewer_than_four_donors_per_group								
original_severity	Mural	CIDP_minus_CTRL	30	9	4	NOT_EVALUABLE	residual_df_below_eight					6.0	6.0	7.0		9	4	NOT_EVALUABLE	residual_df_below_eight					6.0	6.0	7.0	
original_severity	Mural	CIAP_minus_CTRL	30	11	4	COMPLETED	age_sex_center_HC3_sensitivity	0.664168822141445	0.0205781857084754	-0.0723185881244286	0.1134749595413794	6.0	6.0	9.0	0.9996329437623444	11	4	COMPLETED	age_sex_center_HC3_sensitivity	0.6798007482243276	0.0140571868478583	-0.0526964859915413	0.080810859687258	6.0	6.0	9.0	0.992439062865758
original_severity	Mural	VN_minus_CTRL	30	5	4	NOT_EVALUABLE	diagnosis_fully_confounded_with_center									5	4	NOT_EVALUABLE	diagnosis_fully_confounded_with_center								
original_severity	Perineurial	CIDP_minus_CTRL	30	9	4	NOT_EVALUABLE	residual_df_below_eight					6.0	6.0	7.0		9	4	NOT_EVALUABLE	residual_df_below_eight					6.0	6.0	7.0	
original_severity	Perineurial	CIAP_minus_CTRL	30	11	4	COMPLETED	age_sex_center_HC3_sensitivity	0.5724542597174815	-0.0099857707820116	-0.0446603641566706	0.0246888225926472	6.0	6.0	9.0	0.9996329437623444	11	4	COMPLETED	age_sex_center_HC3_sensitivity	0.1272414038275272	-0.0154773445774328	-0.0353682474178736	0.0044135582630078	6.0	6.0	9.0	0.992439062865758
original_severity	Perineurial	VN_minus_CTRL	30	5	4	NOT_EVALUABLE	diagnosis_fully_confounded_with_center									5	4	NOT_EVALUABLE	diagnosis_fully_confounded_with_center								
original_severity	Schwann	CIDP_minus_CTRL	30	9	4	NOT_EVALUABLE	residual_df_below_eight					6.0	6.0	7.0		9	4	NOT_EVALUABLE	residual_df_below_eight					6.0	6.0	7.0	
original_severity	Schwann	CIAP_minus_CTRL	30	11	4	COMPLETED	age_sex_center_HC3_sensitivity	0.98383928096591	0.0003674019484571	-0.0351825673707971	0.0359173712677113	6.0	6.0	9.0	0.9996329437623444	11	4	COMPLETED	age_sex_center_HC3_sensitivity	0.911705774557413	-0.0014240564113109	-0.0265946676269184	0.0237465548042964	6.0	6.0	9.0	0.992439062865758
original_severity	Schwann	VN_minus_CTRL	30	5	4	NOT_EVALUABLE	diagnosis_fully_confounded_with_center									5	4	NOT_EVALUABLE	diagnosis_fully_confounded_with_center								
original_severity	Vascular_endothelial	CIDP_minus_CTRL	30	9	4	NOT_EVALUABLE	residual_df_below_eight					6.0	6.0	7.0		9	4	NOT_EVALUABLE	residual_df_below_eight					6.0	6.0	7.0	
original_severity	Vascular_endothelial	CIAP_minus_CTRL	30	11	4	COMPLETED	age_sex_center_HC3_sensitivity	0.9379869376923928	-0.0032340474387354	-0.0847069924651422	0.0782388975876713	6.0	6.0	9.0	0.9996329437623444	11	4	COMPLETED	age_sex_center_HC3_sensitivity	0.8749712357775076	-0.0052324893220433	-0.0704099545276203	0.0599449758835337	6.0	6.0	9.0	0.992439062865758
original_severity	Vascular_endothelial	VN_minus_CTRL	30	5	4	NOT_EVALUABLE	diagnosis_fully_confounded_with_center									5	4	NOT_EVALUABLE	diagnosis_fully_confounded_with_center								
original_xenium	Adipocyte	CIDP_minus_CTRL	30	6	2	NOT_EVALUABLE	fewer_than_four_donors_per_group									6	2	NOT_EVALUABLE	fewer_than_four_donors_per_group								
original_xenium	Adipocyte	CIAP_minus_CTRL	30	10	2	NOT_EVALUABLE	fewer_than_four_donors_per_group									10	2	NOT_EVALUABLE	fewer_than_four_donors_per_group								
original_xenium	Adipocyte	VN_minus_CTRL	30	2	2	NOT_EVALUABLE	fewer_than_four_donors_per_group									2	2	NOT_EVALUABLE	fewer_than_four_donors_per_group								
original_xenium	Endoneurial	CIDP_minus_CTRL	30	9	4	NOT_EVALUABLE	residual_df_below_eight					6.0	6.0	7.0		9	4	NOT_EVALUABLE	residual_df_below_eight					6.0	6.0	7.0	
original_xenium	Endoneurial	CIAP_minus_CTRL	30	11	4	COMPLETED	age_sex_center_HC3_sensitivity	0.6834981058028794	-0.0298474382011002	-0.1733370592230352	0.1136421828208347	6.0	6.0	9.0	0.9996329437623444	11	4	COMPLETED	age_sex_center_HC3_sensitivity	0.7058803924714043	-0.0299316752105139	-0.1853790720881257	0.1255157216670978	6.0	6.0	9.0	0.992439062865758
original_xenium	Endoneurial	VN_minus_CTRL	30	5	4	NOT_EVALUABLE	diagnosis_fully_confounded_with_center									5	4	NOT_EVALUABLE	diagnosis_fully_confounded_with_center								
original_xenium	Epineurial	CIDP_minus_CTRL	30	9	4	NOT_EVALUABLE	residual_df_below_eight					6.0	6.0	7.0		9	4	NOT_EVALUABLE	residual_df_below_eight					6.0	6.0	7.0	
original_xenium	Epineurial	CIAP_minus_CTRL	30	11	4	COMPLETED	age_sex_center_HC3_sensitivity	0.6337385931042413	-0.038004480396981	-0.1943358281777307	0.1183268673837685	6.0	6.0	9.0	0.9996329437623444	11	4	COMPLETED	age_sex_center_HC3_sensitivity	0.6370861528483053	-0.0401932858274853	-0.207173523401199	0.1267869517462284	6.0	6.0	9.0	0.992439062865758
original_xenium	Epineurial	VN_minus_CTRL	30	5	4	NOT_EVALUABLE	diagnosis_fully_confounded_with_center									5	4	NOT_EVALUABLE	diagnosis_fully_confounded_with_center								
original_xenium	Granulocyte	CIDP_minus_CTRL	30	0	0	NOT_EVALUABLE	fewer_than_four_donors_per_group									0	0	NOT_EVALUABLE	fewer_than_four_donors_per_group								
original_xenium	Granulocyte	CIAP_minus_CTRL	30	2	0	NOT_EVALUABLE	fewer_than_four_donors_per_group									2	0	NOT_EVALUABLE	fewer_than_four_donors_per_group								
original_xenium	Granulocyte	VN_minus_CTRL	30	0	0	NOT_EVALUABLE	fewer_than_four_donors_per_group									0	0	NOT_EVALUABLE	fewer_than_four_donors_per_group								
original_xenium	Lymphatic_endothelial	CIDP_minus_CTRL	30	4	2	NOT_EVALUABLE	fewer_than_four_donors_per_group									4	2	NOT_EVALUABLE	fewer_than_four_donors_per_group								
original_xenium	Lymphatic_endothelial	CIAP_minus_CTRL	30	6	2	NOT_EVALUABLE	fewer_than_four_donors_per_group									6	2	NOT_EVALUABLE	fewer_than_four_donors_per_group								
original_xenium	Lymphatic_endothelial	VN_minus_CTRL	30	0	2	NOT_EVALUABLE	fewer_than_four_donors_per_group									0	2	NOT_EVALUABLE	fewer_than_four_donors_per_group								
original_xenium	Lymphoid	CIDP_minus_CTRL	30	8	4	NOT_EVALUABLE	residual_df_below_eight					6.0	6.0	6.0		8	4	NOT_EVALUABLE	residual_df_below_eight					6.0	6.0	6.0	
original_xenium	Lymphoid	CIAP_minus_CTRL	30	11	4	COMPLETED	age_sex_center_HC3_sensitivity	0.8282496035828306	-0.0229427515282718	-0.2302143644636564	0.1843288614071128	6.0	6.0	9.0	0.9996329437623444	11	4	COMPLETED	age_sex_center_HC3_sensitivity	0.8833330379446809	-0.016239870238403	-0.2331432690995147	0.2006635286227087	6.0	6.0	9.0	0.992439062865758
original_xenium	Lymphoid	VN_minus_CTRL	30	5	4	NOT_EVALUABLE	diagnosis_fully_confounded_with_center									5	4	NOT_EVALUABLE	diagnosis_fully_confounded_with_center								
original_xenium	Macrophage	CIDP_minus_CTRL	30	9	4	NOT_EVALUABLE	residual_df_below_eight					6.0	6.0	7.0		9	4	NOT_EVALUABLE	residual_df_below_eight					6.0	6.0	7.0	
original_xenium	Macrophage	CIAP_minus_CTRL	30	11	4	COMPLETED	age_sex_center_HC3_sensitivity	0.2890905809659884	-0.1605305135574535	-0.457321817811965	0.1362607906970579	6.0	6.0	9.0	0.9996329437623444	11	4	COMPLETED	age_sex_center_HC3_sensitivity	0.3183162978091939	-0.1525125478878185	-0.4520535483475409	0.1470284525719038	6.0	6.0	9.0	0.992439062865758
original_xenium	Macrophage	VN_minus_CTRL	30	5	4	NOT_EVALUABLE	diagnosis_fully_confounded_with_center									5	4	NOT_EVALUABLE	diagnosis_fully_confounded_with_center								
original_xenium	Mast	CIDP_minus_CTRL	30	6	2	NOT_EVALUABLE	fewer_than_four_donors_per_group									6	2	NOT_EVALUABLE	fewer_than_four_donors_per_group								
original_xenium	Mast	CIAP_minus_CTRL	30	7	2	NOT_EVALUABLE	fewer_than_four_donors_per_group									7	2	NOT_EVALUABLE	fewer_than_four_donors_per_group								
original_xenium	Mast	VN_minus_CTRL	30	0	2	NOT_EVALUABLE	fewer_than_four_donors_per_group									0	2	NOT_EVALUABLE	fewer_than_four_donors_per_group								
original_xenium	Mural	CIDP_minus_CTRL	30	9	4	NOT_EVALUABLE	residual_df_below_eight					6.0	6.0	7.0		9	4	NOT_EVALUABLE	residual_df_below_eight					6.0	6.0	7.0	
original_xenium	Mural	CIAP_minus_CTRL	30	11	4	COMPLETED	age_sex_center_HC3_sensitivity	0.915191962352735	-0.0053871738742428	-0.1045369857676325	0.0937626380191468	6.0	6.0	9.0	0.9996329437623444	11	4	COMPLETED	age_sex_center_HC3_sensitivity	0.92318072554871	-0.0060803612313875	-0.1296679085456054	0.1175071860828303	6.0	6.0	9.0	0.992439062865758
original_xenium	Mural	VN_minus_CTRL	30	5	4	NOT_EVALUABLE	diagnosis_fully_confounded_with_center									5	4	NOT_EVALUABLE	diagnosis_fully_confounded_with_center								
original_xenium	Perineurial	CIDP_minus_CTRL	30	9	4	NOT_EVALUABLE	residual_df_below_eight					6.0	6.0	7.0		9	4	NOT_EVALUABLE	residual_df_below_eight					6.0	6.0	7.0	
original_xenium	Perineurial	CIAP_minus_CTRL	30	11	4	COMPLETED	age_sex_center_HC3_sensitivity	0.7268737608196275	-0.0261107306471027	-0.1726265554111387	0.1204050941169333	6.0	6.0	9.0	0.9996329437623444	11	4	COMPLETED	age_sex_center_HC3_sensitivity	0.7049390420064152	-0.0314190512800418	-0.1940449431545453	0.1312068405944616	6.0	6.0	9.0	0.992439062865758
original_xenium	Perineurial	VN_minus_CTRL	30	5	4	NOT_EVALUABLE	diagnosis_fully_confounded_with_center									5	4	NOT_EVALUABLE	diagnosis_fully_confounded_with_center								
original_xenium	Schwann	CIDP_minus_CTRL	30	9	4	NOT_EVALUABLE	residual_df_below_eight					6.0	6.0	7.0		9	4	NOT_EVALUABLE	residual_df_below_eight					6.0	6.0	7.0	
original_xenium	Schwann	CIAP_minus_CTRL	30	11	4	COMPLETED	age_sex_center_HC3_sensitivity	0.0129570631339217	0.0378048966265142	0.0079868649906787	0.0676229282623497	6.0	6.0	9.0	0.4664542728211825	11	4	COMPLETED	age_sex_center_HC3_sensitivity	0.0402901751207662	0.0395261953502605	0.0017500239113303	0.0773023667891907	6.0	6.0	9.0	0.992439062865758
original_xenium	Schwann	VN_minus_CTRL	30	5	4	NOT_EVALUABLE	diagnosis_fully_confounded_with_center									5	4	NOT_EVALUABLE	diagnosis_fully_confounded_with_center								
original_xenium	Vascular_endothelial	CIDP_minus_CTRL	30	9	4	NOT_EVALUABLE	residual_df_below_eight					6.0	6.0	7.0		9	4	NOT_EVALUABLE	residual_df_below_eight					6.0	6.0	7.0	
original_xenium	Vascular_endothelial	CIAP_minus_CTRL	30	11	4	COMPLETED	age_sex_center_HC3_sensitivity	0.6589160497633408	-0.0202090433293106	-0.1099418947951727	0.0695238081365514	6.0	6.0	9.0	0.9996329437623444	11	4	COMPLETED	age_sex_center_HC3_sensitivity	0.6716575675138228	-0.0202718050312814	-0.1140071836465559	0.0734635735839931	6.0	6.0	9.0	0.992439062865758
original_xenium	Vascular_endothelial	VN_minus_CTRL	30	5	4	NOT_EVALUABLE	diagnosis_fully_confounded_with_center									5	4	NOT_EVALUABLE	diagnosis_fully_confounded_with_center								
severity_neuron_residual	Adipocyte	CIDP_minus_CTRL	30	6	2	NOT_EVALUABLE	fewer_than_four_donors_per_group									6	2	NOT_EVALUABLE	fewer_than_four_donors_per_group								
severity_neuron_residual	Adipocyte	CIAP_minus_CTRL	30	10	2	NOT_EVALUABLE	fewer_than_four_donors_per_group									10	2	NOT_EVALUABLE	fewer_than_four_donors_per_group								
severity_neuron_residual	Adipocyte	VN_minus_CTRL	30	2	2	NOT_EVALUABLE	fewer_than_four_donors_per_group									2	2	NOT_EVALUABLE	fewer_than_four_donors_per_group								
severity_neuron_residual	Endoneurial	CIDP_minus_CTRL	30	9	4	NOT_EVALUABLE	residual_df_below_eight					6.0	6.0	7.0		9	4	NOT_EVALUABLE	residual_df_below_eight					6.0	6.0	7.0	
severity_neuron_residual	Endoneurial	CIAP_minus_CTRL	30	11	4	COMPLETED	age_sex_center_HC3_sensitivity	0.7827825462942278	-0.0119270994984413	-0.0967190204249044	0.0728648214280216	6.0	6.0	9.0	0.9996329437623444	11	4	COMPLETED	age_sex_center_HC3_sensitivity	0.8465050862249902	-0.0082301976325135	-0.0915597032532833	0.0750993079882562	6.0	6.0	9.0	0.992439062865758
severity_neuron_residual	Endoneurial	VN_minus_CTRL	30	5	4	NOT_EVALUABLE	diagnosis_fully_confounded_with_center									5	4	NOT_EVALUABLE	diagnosis_fully_confounded_with_center								
severity_neuron_residual	Epineurial	CIDP_minus_CTRL	30	9	4	NOT_EVALUABLE	residual_df_below_eight					6.0	6.0	7.0		9	4	NOT_EVALUABLE	residual_df_below_eight					6.0	6.0	7.0	
severity_neuron_residual	Epineurial	CIAP_minus_CTRL	30	11	4	COMPLETED	age_sex_center_HC3_sensitivity	0.4595210471250828	-0.0237163754961637	-0.0865625024200149	0.0391297514276873	6.0	6.0	9.0	0.9996329437623444	11	4	COMPLETED	age_sex_center_HC3_sensitivity	0.4657913886331947	-0.0193899005675891	-0.071496337880936	0.0327165367457576	6.0	6.0	9.0	0.992439062865758
severity_neuron_residual	Epineurial	VN_minus_CTRL	30	5	4	NOT_EVALUABLE	diagnosis_fully_confounded_with_center									5	4	NOT_EVALUABLE	diagnosis_fully_confounded_with_center								
severity_neuron_residual	Granulocyte	CIDP_minus_CTRL	30	0	0	NOT_EVALUABLE	fewer_than_four_donors_per_group									0	0	NOT_EVALUABLE	fewer_than_four_donors_per_group								
severity_neuron_residual	Granulocyte	CIAP_minus_CTRL	30	2	0	NOT_EVALUABLE	fewer_than_four_donors_per_group									2	0	NOT_EVALUABLE	fewer_than_four_donors_per_group								
severity_neuron_residual	Granulocyte	VN_minus_CTRL	30	0	0	NOT_EVALUABLE	fewer_than_four_donors_per_group									0	0	NOT_EVALUABLE	fewer_than_four_donors_per_group								
severity_neuron_residual	Lymphatic_endothelial	CIDP_minus_CTRL	30	4	2	NOT_EVALUABLE	fewer_than_four_donors_per_group									4	2	NOT_EVALUABLE	fewer_than_four_donors_per_group								
severity_neuron_residual	Lymphatic_endothelial	CIAP_minus_CTRL	30	6	2	NOT_EVALUABLE	fewer_than_four_donors_per_group									6	2	NOT_EVALUABLE	fewer_than_four_donors_per_group								
severity_neuron_residual	Lymphatic_endothelial	VN_minus_CTRL	30	0	2	NOT_EVALUABLE	fewer_than_four_donors_per_group									0	2	NOT_EVALUABLE	fewer_than_four_donors_per_group								
severity_neuron_residual	Lymphoid	CIDP_minus_CTRL	30	8	4	NOT_EVALUABLE	residual_df_below_eight					6.0	6.0	6.0		8	4	NOT_EVALUABLE	residual_df_below_eight					6.0	6.0	6.0	
severity_neuron_residual	Lymphoid	CIAP_minus_CTRL	30	11	4	COMPLETED	age_sex_center_HC3_sensitivity	0.9884408004996856	-0.0008949042316641	-0.1219607839894814	0.1201709755261531	6.0	6.0	9.0	0.9996329437623444	11	4	COMPLETED	age_sex_center_HC3_sensitivity	0.8767001203919034	-0.008728159896705	-0.1189857635199899	0.1015294437265798	6.0	6.0	9.0	0.992439062865758
severity_neuron_residual	Lymphoid	VN_minus_CTRL	30	5	4	NOT_EVALUABLE	diagnosis_fully_confounded_with_center									5	4	NOT_EVALUABLE	diagnosis_fully_confounded_with_center								
severity_neuron_residual	Macrophage	CIDP_minus_CTRL	30	9	4	NOT_EVALUABLE	residual_df_below_eight					6.0	6.0	7.0		9	4	NOT_EVALUABLE	residual_df_below_eight					6.0	6.0	7.0	
severity_neuron_residual	Macrophage	CIAP_minus_CTRL	30	11	4	COMPLETED	age_sex_center_HC3_sensitivity	0.9996329437623444	2.421565170258877e-05	-0.1031453708466688	0.103193802150074	6.0	6.0	9.0	0.9996329437623444	11	4	COMPLETED	age_sex_center_HC3_sensitivity	0.8209100844942265	-0.0108886213234821	-0.1051629171284756	0.0833856744815114	6.0	6.0	9.0	0.992439062865758
severity_neuron_residual	Macrophage	VN_minus_CTRL	30	5	4	NOT_EVALUABLE	diagnosis_fully_confounded_with_center									5	4	NOT_EVALUABLE	diagnosis_fully_confounded_with_center								
severity_neuron_residual	Mast	CIDP_minus_CTRL	30	6	2	NOT_EVALUABLE	fewer_than_four_donors_per_group									6	2	NOT_EVALUABLE	fewer_than_four_donors_per_group								
severity_neuron_residual	Mast	CIAP_minus_CTRL	30	7	2	NOT_EVALUABLE	fewer_than_four_donors_per_group									7	2	NOT_EVALUABLE	fewer_than_four_donors_per_group								
severity_neuron_residual	Mast	VN_minus_CTRL	30	0	2	NOT_EVALUABLE	fewer_than_four_donors_per_group									0	2	NOT_EVALUABLE	fewer_than_four_donors_per_group								
severity_neuron_residual	Mural	CIDP_minus_CTRL	30	9	4	NOT_EVALUABLE	residual_df_below_eight					6.0	6.0	7.0		9	4	NOT_EVALUABLE	residual_df_below_eight					6.0	6.0	7.0	
severity_neuron_residual	Mural	CIAP_minus_CTRL	30	11	4	COMPLETED	age_sex_center_HC3_sensitivity	0.6685570288850082	0.0211714567588002	-0.075750894660129	0.1180938081777294	6.0	6.0	9.0	0.9996329437623444	11	4	COMPLETED	age_sex_center_HC3_sensitivity	0.6112106220263719	0.0202795371391652	-0.0579096331768325	0.0984687074551631	6.0	6.0	9.0	0.992439062865758
severity_neuron_residual	Mural	VN_minus_CTRL	30	5	4	NOT_EVALUABLE	diagnosis_fully_confounded_with_center									5	4	NOT_EVALUABLE	diagnosis_fully_confounded_with_center								
severity_neuron_residual	Perineurial	CIDP_minus_CTRL	30	9	4	NOT_EVALUABLE	residual_df_below_eight					6.0	6.0	7.0		9	4	NOT_EVALUABLE	residual_df_below_eight					6.0	6.0	7.0	
severity_neuron_residual	Perineurial	CIAP_minus_CTRL	30	11	4	COMPLETED	age_sex_center_HC3_sensitivity	0.5495051792742722	-0.0120293962114887	-0.0514230698358296	0.0273642774128521	6.0	6.0	9.0	0.9996329437623444	11	4	COMPLETED	age_sex_center_HC3_sensitivity	0.3635072173268078	-0.0122403486330266	-0.038641337004891	0.0141606397388376	6.0	6.0	9.0	0.992439062865758
severity_neuron_residual	Perineurial	VN_minus_CTRL	30	5	4	NOT_EVALUABLE	diagnosis_fully_confounded_with_center									5	4	NOT_EVALUABLE	diagnosis_fully_confounded_with_center								
severity_neuron_residual	Schwann	CIDP_minus_CTRL	30	9	4	NOT_EVALUABLE	residual_df_below_eight					6.0	6.0	7.0		9	4	NOT_EVALUABLE	residual_df_below_eight					6.0	6.0	7.0	
severity_neuron_residual	Schwann	CIAP_minus_CTRL	30	11	4	COMPLETED	age_sex_center_HC3_sensitivity	0.9859343534643504	0.0004189478464213	-0.0461574522860197	0.0469953479788623	6.0	6.0	9.0	0.9996329437623444	11	4	COMPLETED	age_sex_center_HC3_sensitivity	0.9865884113659876	-0.0003134199588372	-0.0368572552804462	0.0362304153627716	6.0	6.0	9.0	0.992439062865758
severity_neuron_residual	Schwann	VN_minus_CTRL	30	5	4	NOT_EVALUABLE	diagnosis_fully_confounded_with_center									5	4	NOT_EVALUABLE	diagnosis_fully_confounded_with_center								
severity_neuron_residual	Vascular_endothelial	CIDP_minus_CTRL	30	9	4	NOT_EVALUABLE	residual_df_below_eight					6.0	6.0	7.0		9	4	NOT_EVALUABLE	residual_df_below_eight					6.0	6.0	7.0	
severity_neuron_residual	Vascular_endothelial	CIAP_minus_CTRL	30	11	4	COMPLETED	age_sex_center_HC3_sensitivity	0.8536468155490549	-0.0072051346423908	-0.0837596152069172	0.0693493459221355	6.0	6.0	9.0	0.9996329437623444	11	4	COMPLETED	age_sex_center_HC3_sensitivity	0.7663228078879432	-0.0089942263326703	-0.068311379401542	0.0503229267362013	6.0	6.0	9.0	0.992439062865758
severity_neuron_residual	Vascular_endothelial	VN_minus_CTRL	30	5	4	NOT_EVALUABLE	diagnosis_fully_confounded_with_center									5	4	NOT_EVALUABLE	diagnosis_fully_confounded_with_center								
severity_neuron_shared_concordant_core	Adipocyte	CIDP_minus_CTRL	30	0	0	NOT_EVALUABLE	fewer_than_four_donors_per_group									6	2	NOT_EVALUABLE	fewer_than_four_donors_per_group								
severity_neuron_shared_concordant_core	Adipocyte	CIAP_minus_CTRL	30	0	0	NOT_EVALUABLE	fewer_than_four_donors_per_group									10	2	NOT_EVALUABLE	fewer_than_four_donors_per_group								
severity_neuron_shared_concordant_core	Adipocyte	VN_minus_CTRL	30	0	0	NOT_EVALUABLE	fewer_than_four_donors_per_group									2	2	NOT_EVALUABLE	fewer_than_four_donors_per_group								
severity_neuron_shared_concordant_core	Endoneurial	CIDP_minus_CTRL	30	0	0	NOT_EVALUABLE	fewer_than_four_donors_per_group									9	4	NOT_EVALUABLE	residual_df_below_eight					6.0	6.0	7.0	
severity_neuron_shared_concordant_core	Endoneurial	CIAP_minus_CTRL	30	0	0	NOT_EVALUABLE	fewer_than_four_donors_per_group									11	4	COMPLETED	age_sex_center_HC3_sensitivity	0.4045553983823449	-0.0225780978217751	-0.0756693536304724	0.0305131579869222	6.0	6.0	9.0	0.992439062865758
severity_neuron_shared_concordant_core	Endoneurial	VN_minus_CTRL	30	0	0	NOT_EVALUABLE	fewer_than_four_donors_per_group									5	4	NOT_EVALUABLE	diagnosis_fully_confounded_with_center								
severity_neuron_shared_concordant_core	Epineurial	CIDP_minus_CTRL	30	0	0	NOT_EVALUABLE	fewer_than_four_donors_per_group									9	4	NOT_EVALUABLE	residual_df_below_eight					6.0	6.0	7.0	
severity_neuron_shared_concordant_core	Epineurial	CIAP_minus_CTRL	30	0	0	NOT_EVALUABLE	fewer_than_four_donors_per_group									11	4	COMPLETED	age_sex_center_HC3_sensitivity	0.2847475339958358	-0.0429823586595969	-0.1217359156572021	0.0357711983380082	6.0	6.0	9.0	0.992439062865758
severity_neuron_shared_concordant_core	Epineurial	VN_minus_CTRL	30	0	0	NOT_EVALUABLE	fewer_than_four_donors_per_group									5	4	NOT_EVALUABLE	diagnosis_fully_confounded_with_center								
severity_neuron_shared_concordant_core	Granulocyte	CIDP_minus_CTRL	30	0	0	NOT_EVALUABLE	fewer_than_four_donors_per_group									0	0	NOT_EVALUABLE	fewer_than_four_donors_per_group								
severity_neuron_shared_concordant_core	Granulocyte	CIAP_minus_CTRL	30	0	0	NOT_EVALUABLE	fewer_than_four_donors_per_group									2	0	NOT_EVALUABLE	fewer_than_four_donors_per_group								
severity_neuron_shared_concordant_core	Granulocyte	VN_minus_CTRL	30	0	0	NOT_EVALUABLE	fewer_than_four_donors_per_group									0	0	NOT_EVALUABLE	fewer_than_four_donors_per_group								
severity_neuron_shared_concordant_core	Lymphatic_endothelial	CIDP_minus_CTRL	30	0	0	NOT_EVALUABLE	fewer_than_four_donors_per_group									4	2	NOT_EVALUABLE	fewer_than_four_donors_per_group								
severity_neuron_shared_concordant_core	Lymphatic_endothelial	CIAP_minus_CTRL	30	0	0	NOT_EVALUABLE	fewer_than_four_donors_per_group									6	2	NOT_EVALUABLE	fewer_than_four_donors_per_group								
severity_neuron_shared_concordant_core	Lymphatic_endothelial	VN_minus_CTRL	30	0	0	NOT_EVALUABLE	fewer_than_four_donors_per_group									0	2	NOT_EVALUABLE	fewer_than_four_donors_per_group								
severity_neuron_shared_concordant_core	Lymphoid	CIDP_minus_CTRL	30	0	0	NOT_EVALUABLE	fewer_than_four_donors_per_group									8	4	NOT_EVALUABLE	residual_df_below_eight					6.0	6.0	6.0	
severity_neuron_shared_concordant_core	Lymphoid	CIAP_minus_CTRL	30	0	0	NOT_EVALUABLE	fewer_than_four_donors_per_group									11	4	COMPLETED	age_sex_center_HC3_sensitivity	0.5295272791233802	-0.0182474091439941	-0.0751309525607893	0.0386361342728009	6.0	6.0	9.0	0.992439062865758
severity_neuron_shared_concordant_core	Lymphoid	VN_minus_CTRL	30	0	0	NOT_EVALUABLE	fewer_than_four_donors_per_group									5	4	NOT_EVALUABLE	diagnosis_fully_confounded_with_center								
severity_neuron_shared_concordant_core	Macrophage	CIDP_minus_CTRL	30	0	0	NOT_EVALUABLE	fewer_than_four_donors_per_group									9	4	NOT_EVALUABLE	residual_df_below_eight					6.0	6.0	7.0	
severity_neuron_shared_concordant_core	Macrophage	CIAP_minus_CTRL	30	0	0	NOT_EVALUABLE	fewer_than_four_donors_per_group									11	4	COMPLETED	age_sex_center_HC3_sensitivity	0.7483319822726657	0.0156507934050701	-0.0799577153929965	0.1112593022031369	6.0	6.0	9.0	0.992439062865758
severity_neuron_shared_concordant_core	Macrophage	VN_minus_CTRL	30	0	0	NOT_EVALUABLE	fewer_than_four_donors_per_group									5	4	NOT_EVALUABLE	diagnosis_fully_confounded_with_center								
severity_neuron_shared_concordant_core	Mast	CIDP_minus_CTRL	30	0	0	NOT_EVALUABLE	fewer_than_four_donors_per_group									6	2	NOT_EVALUABLE	fewer_than_four_donors_per_group								
severity_neuron_shared_concordant_core	Mast	CIAP_minus_CTRL	30	0	0	NOT_EVALUABLE	fewer_than_four_donors_per_group									7	2	NOT_EVALUABLE	fewer_than_four_donors_per_group								
severity_neuron_shared_concordant_core	Mast	VN_minus_CTRL	30	0	0	NOT_EVALUABLE	fewer_than_four_donors_per_group									0	2	NOT_EVALUABLE	fewer_than_four_donors_per_group								
severity_neuron_shared_concordant_core	Mural	CIDP_minus_CTRL	30	0	0	NOT_EVALUABLE	fewer_than_four_donors_per_group									9	4	NOT_EVALUABLE	residual_df_below_eight					6.0	6.0	7.0	
severity_neuron_shared_concordant_core	Mural	CIAP_minus_CTRL	30	0	0	NOT_EVALUABLE	fewer_than_four_donors_per_group									11	4	COMPLETED	age_sex_center_HC3_sensitivity	0.1954674042611629	-0.026233012989787	-0.0659493838863862	0.013483357906812	6.0	6.0	9.0	0.992439062865758
severity_neuron_shared_concordant_core	Mural	VN_minus_CTRL	30	0	0	NOT_EVALUABLE	fewer_than_four_donors_per_group									5	4	NOT_EVALUABLE	diagnosis_fully_confounded_with_center								
severity_neuron_shared_concordant_core	Perineurial	CIDP_minus_CTRL	30	0	0	NOT_EVALUABLE	fewer_than_four_donors_per_group									9	4	NOT_EVALUABLE	residual_df_below_eight					6.0	6.0	7.0	
severity_neuron_shared_concordant_core	Perineurial	CIAP_minus_CTRL	30	0	0	NOT_EVALUABLE	fewer_than_four_donors_per_group									11	4	COMPLETED	age_sex_center_HC3_sensitivity	0.3627974716494709	-0.0216891001206647	-0.0684007894873441	0.0250225892460147	6.0	6.0	9.0	0.992439062865758
severity_neuron_shared_concordant_core	Perineurial	VN_minus_CTRL	30	0	0	NOT_EVALUABLE	fewer_than_four_donors_per_group									5	4	NOT_EVALUABLE	diagnosis_fully_confounded_with_center								
severity_neuron_shared_concordant_core	Schwann	CIDP_minus_CTRL	30	0	0	NOT_EVALUABLE	fewer_than_four_donors_per_group									9	4	NOT_EVALUABLE	residual_df_below_eight					6.0	6.0	7.0	
severity_neuron_shared_concordant_core	Schwann	CIAP_minus_CTRL	30	0	0	NOT_EVALUABLE	fewer_than_four_donors_per_group									11	4	COMPLETED	age_sex_center_HC3_sensitivity	0.6683590302313334	-0.0070645991073766	-0.0393856077458254	0.025256409531072	6.0	6.0	9.0	0.992439062865758
severity_neuron_shared_concordant_core	Schwann	VN_minus_CTRL	30	0	0	NOT_EVALUABLE	fewer_than_four_donors_per_group									5	4	NOT_EVALUABLE	diagnosis_fully_confounded_with_center								
severity_neuron_shared_concordant_core	Vascular_endothelial	CIDP_minus_CTRL	30	0	0	NOT_EVALUABLE	fewer_than_four_donors_per_group									9	4	NOT_EVALUABLE	residual_df_below_eight					6.0	6.0	7.0	
severity_neuron_shared_concordant_core	Vascular_endothelial	CIAP_minus_CTRL	30	0	0	NOT_EVALUABLE	fewer_than_four_donors_per_group									11	4	COMPLETED	age_sex_center_HC3_sensitivity	0.827981134033541	0.0106535388346908	-0.0854410927906862	0.1067481704600679	6.0	6.0	9.0	0.992439062865758
severity_neuron_shared_concordant_core	Vascular_endothelial	VN_minus_CTRL	30	0	0	NOT_EVALUABLE	fewer_than_four_donors_per_group									5	4	NOT_EVALUABLE	diagnosis_fully_confounded_with_center								
late_allcell_residual	Adipocyte	CIDP_minus_CTRL	20	6	2	NOT_EVALUABLE	fewer_than_four_donors_per_group									6	2	NOT_EVALUABLE	fewer_than_four_donors_per_group								
late_allcell_residual	Adipocyte	CIAP_minus_CTRL	20	10	2	NOT_EVALUABLE	fewer_than_four_donors_per_group									10	2	NOT_EVALUABLE	fewer_than_four_donors_per_group								
late_allcell_residual	Adipocyte	VN_minus_CTRL	20	2	2	NOT_EVALUABLE	fewer_than_four_donors_per_group									2	2	NOT_EVALUABLE	fewer_than_four_donors_per_group								
late_allcell_residual	Endoneurial	CIDP_minus_CTRL	20	9	4	NOT_EVALUABLE	residual_df_below_eight					6.0	6.0	7.0		9	4	NOT_EVALUABLE	residual_df_below_eight					6.0	6.0	7.0	
late_allcell_residual	Endoneurial	CIAP_minus_CTRL	20	11	4	COMPLETED	age_sex_center_HC3_sensitivity	0.7599482410229813	-0.0049570731534016	-0.036754567360738	0.0268404210539347	6.0	6.0	9.0	0.9996329437623444	11	4	COMPLETED	age_sex_center_HC3_sensitivity	0.6405794167037516	-0.0074900577897029	-0.0389327536507263	0.0239526380713205	6.0	6.0	9.0	0.992439062865758
late_allcell_residual	Endoneurial	VN_minus_CTRL	20	5	4	NOT_EVALUABLE	diagnosis_fully_confounded_with_center									5	4	NOT_EVALUABLE	diagnosis_fully_confounded_with_center								
late_allcell_residual	Epineurial	CIDP_minus_CTRL	20	9	4	NOT_EVALUABLE	residual_df_below_eight					6.0	6.0	7.0		9	4	NOT_EVALUABLE	residual_df_below_eight					6.0	6.0	7.0	
late_allcell_residual	Epineurial	CIAP_minus_CTRL	20	11	4	COMPLETED	age_sex_center_HC3_sensitivity	0.1965515171725216	-0.0131838138640408	-0.0331923482696959	0.0068247205416142	6.0	6.0	9.0	0.9996329437623444	11	4	COMPLETED	age_sex_center_HC3_sensitivity	0.1459746708591949	-0.0134733955222908	-0.0316365510117185	0.0046897599671369	6.0	6.0	9.0	0.992439062865758
late_allcell_residual	Epineurial	VN_minus_CTRL	20	5	4	NOT_EVALUABLE	diagnosis_fully_confounded_with_center									5	4	NOT_EVALUABLE	diagnosis_fully_confounded_with_center								
late_allcell_residual	Granulocyte	CIDP_minus_CTRL	20	0	0	NOT_EVALUABLE	fewer_than_four_donors_per_group									0	0	NOT_EVALUABLE	fewer_than_four_donors_per_group								
late_allcell_residual	Granulocyte	CIAP_minus_CTRL	20	2	0	NOT_EVALUABLE	fewer_than_four_donors_per_group									2	0	NOT_EVALUABLE	fewer_than_four_donors_per_group								
late_allcell_residual	Granulocyte	VN_minus_CTRL	20	0	0	NOT_EVALUABLE	fewer_than_four_donors_per_group									0	0	NOT_EVALUABLE	fewer_than_four_donors_per_group								
late_allcell_residual	Lymphatic_endothelial	CIDP_minus_CTRL	20	6	2	NOT_EVALUABLE	fewer_than_four_donors_per_group									6	2	NOT_EVALUABLE	fewer_than_four_donors_per_group								
late_allcell_residual	Lymphatic_endothelial	CIAP_minus_CTRL	20	8	2	NOT_EVALUABLE	fewer_than_four_donors_per_group									8	2	NOT_EVALUABLE	fewer_than_four_donors_per_group								
late_allcell_residual	Lymphatic_endothelial	VN_minus_CTRL	20	0	2	NOT_EVALUABLE	fewer_than_four_donors_per_group									0	2	NOT_EVALUABLE	fewer_than_four_donors_per_group								
late_allcell_residual	Lymphoid	CIDP_minus_CTRL	20	9	4	NOT_EVALUABLE	residual_df_below_eight					6.0	6.0	7.0		9	4	NOT_EVALUABLE	residual_df_below_eight					6.0	6.0	7.0	
late_allcell_residual	Lymphoid	CIAP_minus_CTRL	20	11	4	COMPLETED	age_sex_center_HC3_sensitivity	0.3447079760746169	0.0197813760385051	-0.0212500849134525	0.0608128369904628	6.0	6.0	9.0	0.9996329437623444	11	4	COMPLETED	age_sex_center_HC3_sensitivity	0.3434832185499776	0.0199524453878803	-0.0213289380917102	0.0612338288674709	6.0	6.0	9.0	0.992439062865758
late_allcell_residual	Lymphoid	VN_minus_CTRL	20	5	4	NOT_EVALUABLE	diagnosis_fully_confounded_with_center									5	4	NOT_EVALUABLE	diagnosis_fully_confounded_with_center								
late_allcell_residual	Macrophage	CIDP_minus_CTRL	20	9	4	NOT_EVALUABLE	residual_df_below_eight					6.0	6.0	7.0		9	4	NOT_EVALUABLE	residual_df_below_eight					6.0	6.0	7.0	
late_allcell_residual	Macrophage	CIAP_minus_CTRL	20	11	4	COMPLETED	age_sex_center_HC3_sensitivity	0.3480869834182558	-0.0076102944481004	-0.0235069177610059	0.008286328864805	6.0	6.0	9.0	0.9996329437623444	11	4	COMPLETED	age_sex_center_HC3_sensitivity	0.3228328637448124	-0.0103400935037876	-0.0308389009067311	0.0101587138991557	6.0	6.0	9.0	0.992439062865758
late_allcell_residual	Macrophage	VN_minus_CTRL	20	5	4	NOT_EVALUABLE	diagnosis_fully_confounded_with_center									5	4	NOT_EVALUABLE	diagnosis_fully_confounded_with_center								
late_allcell_residual	Mast	CIDP_minus_CTRL	20	6	2	NOT_EVALUABLE	fewer_than_four_donors_per_group									6	2	NOT_EVALUABLE	fewer_than_four_donors_per_group								
late_allcell_residual	Mast	CIAP_minus_CTRL	20	9	2	NOT_EVALUABLE	fewer_than_four_donors_per_group									9	2	NOT_EVALUABLE	fewer_than_four_donors_per_group								
late_allcell_residual	Mast	VN_minus_CTRL	20	0	2	NOT_EVALUABLE	fewer_than_four_donors_per_group									0	2	NOT_EVALUABLE	fewer_than_four_donors_per_group								
late_allcell_residual	Mural	CIDP_minus_CTRL	20	9	4	NOT_EVALUABLE	residual_df_below_eight					6.0	6.0	7.0		9	4	NOT_EVALUABLE	residual_df_below_eight					6.0	6.0	7.0	
late_allcell_residual	Mural	CIAP_minus_CTRL	20	11	4	COMPLETED	age_sex_center_HC3_sensitivity	0.9808039882295344	-0.0003806740681359	-0.0313897293685062	0.0306283812322342	6.0	6.0	9.0	0.9996329437623444	11	4	COMPLETED	age_sex_center_HC3_sensitivity	0.947360378264573	0.0010562485602089	-0.0303001450287469	0.0324126421491649	6.0	6.0	9.0	0.992439062865758
late_allcell_residual	Mural	VN_minus_CTRL	20	5	4	NOT_EVALUABLE	diagnosis_fully_confounded_with_center									5	4	NOT_EVALUABLE	diagnosis_fully_confounded_with_center								
late_allcell_residual	Perineurial	CIDP_minus_CTRL	20	9	4	NOT_EVALUABLE	residual_df_below_eight					6.0	6.0	7.0		9	4	NOT_EVALUABLE	residual_df_below_eight					6.0	6.0	7.0	
late_allcell_residual	Perineurial	CIAP_minus_CTRL	20	11	4	COMPLETED	age_sex_center_HC3_sensitivity	0.5881162812753746	-0.0078440624014023	-0.0362321606021057	0.0205440357993011	6.0	6.0	9.0	0.9996329437623444	11	4	COMPLETED	age_sex_center_HC3_sensitivity	0.4871975178634433	-0.0100493965800494	-0.0383988761151207	0.0183000829550218	6.0	6.0	9.0	0.992439062865758
late_allcell_residual	Perineurial	VN_minus_CTRL	20	5	4	NOT_EVALUABLE	diagnosis_fully_confounded_with_center									5	4	NOT_EVALUABLE	diagnosis_fully_confounded_with_center								
late_allcell_residual	Schwann	CIDP_minus_CTRL	20	9	4	NOT_EVALUABLE	residual_df_below_eight					6.0	6.0	7.0		9	4	NOT_EVALUABLE	residual_df_below_eight					6.0	6.0	7.0	
late_allcell_residual	Schwann	CIAP_minus_CTRL	20	11	4	COMPLETED	age_sex_center_HC3_sensitivity	0.9884008566588222	-0.0002656819903218	-0.0360843189589623	0.0355529549783186	6.0	6.0	9.0	0.9996329437623444	11	4	COMPLETED	age_sex_center_HC3_sensitivity	0.9168741090226364	-0.001920119626405	-0.0379773362401912	0.034137096987381	6.0	6.0	9.0	0.992439062865758
late_allcell_residual	Schwann	VN_minus_CTRL	20	5	4	NOT_EVALUABLE	diagnosis_fully_confounded_with_center									5	4	NOT_EVALUABLE	diagnosis_fully_confounded_with_center								
late_allcell_residual	Vascular_endothelial	CIDP_minus_CTRL	20	9	4	NOT_EVALUABLE	residual_df_below_eight					6.0	6.0	7.0		9	4	NOT_EVALUABLE	residual_df_below_eight					6.0	6.0	7.0	
late_allcell_residual	Vascular_endothelial	CIAP_minus_CTRL	20	11	4	COMPLETED	age_sex_center_HC3_sensitivity	0.6749289501555742	0.007543075371048	-0.0277082440217817	0.0427943947638778	6.0	6.0	9.0	0.9996329437623444	11	4	COMPLETED	age_sex_center_HC3_sensitivity	0.6165977007651314	0.008432917416384	-0.0245787422633138	0.041444577096082	6.0	6.0	9.0	0.992439062865758
late_allcell_residual	Vascular_endothelial	VN_minus_CTRL	20	5	4	NOT_EVALUABLE	diagnosis_fully_confounded_with_center									5	4	NOT_EVALUABLE	diagnosis_fully_confounded_with_center								
late_neuron_residual	Adipocyte	CIDP_minus_CTRL	20	6	2	NOT_EVALUABLE	fewer_than_four_donors_per_group									6	2	NOT_EVALUABLE	fewer_than_four_donors_per_group								
late_neuron_residual	Adipocyte	CIAP_minus_CTRL	20	10	2	NOT_EVALUABLE	fewer_than_four_donors_per_group									10	2	NOT_EVALUABLE	fewer_than_four_donors_per_group								
late_neuron_residual	Adipocyte	VN_minus_CTRL	20	2	2	NOT_EVALUABLE	fewer_than_four_donors_per_group									2	2	NOT_EVALUABLE	fewer_than_four_donors_per_group								
late_neuron_residual	Endoneurial	CIDP_minus_CTRL	20	9	4	NOT_EVALUABLE	residual_df_below_eight					6.0	6.0	7.0		9	4	NOT_EVALUABLE	residual_df_below_eight					6.0	6.0	7.0	
late_neuron_residual	Endoneurial	CIAP_minus_CTRL	20	11	4	COMPLETED	age_sex_center_HC3_sensitivity	0.9899111705497884	-0.0006619719324309	-0.1032685902921631	0.1019446464273012	6.0	6.0	9.0	0.9996329437623444	11	4	COMPLETED	age_sex_center_HC3_sensitivity	0.469752512546156	0.0213234478049449	-0.0364912465763813	0.0791381421862711	6.0	6.0	9.0	0.992439062865758
late_neuron_residual	Endoneurial	VN_minus_CTRL	20	5	4	NOT_EVALUABLE	diagnosis_fully_confounded_with_center									5	4	NOT_EVALUABLE	diagnosis_fully_confounded_with_center								
late_neuron_residual	Epineurial	CIDP_minus_CTRL	20	9	4	NOT_EVALUABLE	residual_df_below_eight					6.0	6.0	7.0		9	4	NOT_EVALUABLE	residual_df_below_eight					6.0	6.0	7.0	
late_neuron_residual	Epineurial	CIAP_minus_CTRL	20	11	4	COMPLETED	age_sex_center_HC3_sensitivity	0.9824323274868833	-0.0011862763774964	-0.1067767440626355	0.1044041913076425	6.0	6.0	9.0	0.9996329437623444	11	4	COMPLETED	age_sex_center_HC3_sensitivity	0.8237558387880647	0.0076157777136957	-0.0594049526003552	0.0746365080277468	6.0	6.0	9.0	0.992439062865758
late_neuron_residual	Epineurial	VN_minus_CTRL	20	5	4	NOT_EVALUABLE	diagnosis_fully_confounded_with_center									5	4	NOT_EVALUABLE	diagnosis_fully_confounded_with_center								
late_neuron_residual	Granulocyte	CIDP_minus_CTRL	20	0	0	NOT_EVALUABLE	fewer_than_four_donors_per_group									0	0	NOT_EVALUABLE	fewer_than_four_donors_per_group								
late_neuron_residual	Granulocyte	CIAP_minus_CTRL	20	2	0	NOT_EVALUABLE	fewer_than_four_donors_per_group									2	0	NOT_EVALUABLE	fewer_than_four_donors_per_group								
late_neuron_residual	Granulocyte	VN_minus_CTRL	20	0	0	NOT_EVALUABLE	fewer_than_four_donors_per_group									0	0	NOT_EVALUABLE	fewer_than_four_donors_per_group								
late_neuron_residual	Lymphatic_endothelial	CIDP_minus_CTRL	20	6	2	NOT_EVALUABLE	fewer_than_four_donors_per_group									6	2	NOT_EVALUABLE	fewer_than_four_donors_per_group								
late_neuron_residual	Lymphatic_endothelial	CIAP_minus_CTRL	20	8	2	NOT_EVALUABLE	fewer_than_four_donors_per_group									8	2	NOT_EVALUABLE	fewer_than_four_donors_per_group								
late_neuron_residual	Lymphatic_endothelial	VN_minus_CTRL	20	0	2	NOT_EVALUABLE	fewer_than_four_donors_per_group									0	2	NOT_EVALUABLE	fewer_than_four_donors_per_group								
late_neuron_residual	Lymphoid	CIDP_minus_CTRL	20	9	4	NOT_EVALUABLE	residual_df_below_eight					6.0	6.0	7.0		9	4	NOT_EVALUABLE	residual_df_below_eight					6.0	6.0	7.0	
late_neuron_residual	Lymphoid	CIAP_minus_CTRL	20	11	4	COMPLETED	age_sex_center_HC3_sensitivity	0.9618867518161536	0.0029663567627437	-0.1186999461552656	0.1246326596807531	6.0	6.0	9.0	0.9996329437623444	11	4	COMPLETED	age_sex_center_HC3_sensitivity	0.9023000462098226	-0.0053439643857991	-0.0906672764291633	0.0799793476575651	6.0	6.0	9.0	0.992439062865758
late_neuron_residual	Lymphoid	VN_minus_CTRL	20	5	4	NOT_EVALUABLE	diagnosis_fully_confounded_with_center									5	4	NOT_EVALUABLE	diagnosis_fully_confounded_with_center								
late_neuron_residual	Macrophage	CIDP_minus_CTRL	20	9	4	NOT_EVALUABLE	residual_df_below_eight					6.0	6.0	7.0		9	4	NOT_EVALUABLE	residual_df_below_eight					6.0	6.0	7.0	
late_neuron_residual	Macrophage	CIAP_minus_CTRL	20	11	4	COMPLETED	age_sex_center_HC3_sensitivity	0.9923133583253926	-0.0004481654045012	-0.0916247095370119	0.0907283787280094	6.0	6.0	9.0	0.9996329437623444	11	4	COMPLETED	age_sex_center_HC3_sensitivity	0.8745046872791999	-0.0053096114210499	-0.0711998107938288	0.060580587951729	6.0	6.0	9.0	0.992439062865758
late_neuron_residual	Macrophage	VN_minus_CTRL	20	5	4	NOT_EVALUABLE	diagnosis_fully_confounded_with_center									5	4	NOT_EVALUABLE	diagnosis_fully_confounded_with_center								
late_neuron_residual	Mast	CIDP_minus_CTRL	20	6	2	NOT_EVALUABLE	fewer_than_four_donors_per_group									6	2	NOT_EVALUABLE	fewer_than_four_donors_per_group								
late_neuron_residual	Mast	CIAP_minus_CTRL	20	9	2	NOT_EVALUABLE	fewer_than_four_donors_per_group									9	2	NOT_EVALUABLE	fewer_than_four_donors_per_group								
late_neuron_residual	Mast	VN_minus_CTRL	20	0	2	NOT_EVALUABLE	fewer_than_four_donors_per_group									0	2	NOT_EVALUABLE	fewer_than_four_donors_per_group								
late_neuron_residual	Mural	CIDP_minus_CTRL	20	9	4	NOT_EVALUABLE	residual_df_below_eight					6.0	6.0	7.0		9	4	NOT_EVALUABLE	residual_df_below_eight					6.0	6.0	7.0	
late_neuron_residual	Mural	CIAP_minus_CTRL	20	11	4	COMPLETED	age_sex_center_HC3_sensitivity	0.8383801960484949	0.0082333477533689	-0.0708831618084075	0.0873498573151454	6.0	6.0	9.0	0.9996329437623444	11	4	COMPLETED	age_sex_center_HC3_sensitivity	0.928044223193648	0.0025198550504469	-0.0521701644940048	0.0572098745948987	6.0	6.0	9.0	0.992439062865758
late_neuron_residual	Mural	VN_minus_CTRL	20	5	4	NOT_EVALUABLE	diagnosis_fully_confounded_with_center									5	4	NOT_EVALUABLE	diagnosis_fully_confounded_with_center								
late_neuron_residual	Perineurial	CIDP_minus_CTRL	20	9	4	NOT_EVALUABLE	residual_df_below_eight					6.0	6.0	7.0		9	4	NOT_EVALUABLE	residual_df_below_eight					6.0	6.0	7.0	
late_neuron_residual	Perineurial	CIAP_minus_CTRL	20	11	4	COMPLETED	age_sex_center_HC3_sensitivity	0.9932904244340328	-0.0003393830702197	-0.0794396883523163	0.0787609222118768	6.0	6.0	9.0	0.9996329437623444	11	4	COMPLETED	age_sex_center_HC3_sensitivity	0.8809656451914183	-0.0053850984494906	-0.075868819883439	0.0650986229844577	6.0	6.0	9.0	0.992439062865758
late_neuron_residual	Perineurial	VN_minus_CTRL	20	5	4	NOT_EVALUABLE	diagnosis_fully_confounded_with_center									5	4	NOT_EVALUABLE	diagnosis_fully_confounded_with_center								
late_neuron_residual	Schwann	CIDP_minus_CTRL	20	9	4	NOT_EVALUABLE	residual_df_below_eight					6.0	6.0	7.0		9	4	NOT_EVALUABLE	residual_df_below_eight					6.0	6.0	7.0	
late_neuron_residual	Schwann	CIAP_minus_CTRL	20	11	4	COMPLETED	age_sex_center_HC3_sensitivity	0.920606748028894	-0.004721663628686	-0.0975714770016786	0.0881281497443065	6.0	6.0	9.0	0.9996329437623444	11	4	COMPLETED	age_sex_center_HC3_sensitivity	0.6941818677623504	-0.0135694150989722	-0.0812105385789428	0.0540717083809984	6.0	6.0	9.0	0.992439062865758
late_neuron_residual	Schwann	VN_minus_CTRL	20	5	4	NOT_EVALUABLE	diagnosis_fully_confounded_with_center									5	4	NOT_EVALUABLE	diagnosis_fully_confounded_with_center								
late_neuron_residual	Vascular_endothelial	CIDP_minus_CTRL	20	9	4	NOT_EVALUABLE	residual_df_below_eight					6.0	6.0	7.0		9	4	NOT_EVALUABLE	residual_df_below_eight					6.0	6.0	7.0	
late_neuron_residual	Vascular_endothelial	CIAP_minus_CTRL	20	11	4	COMPLETED	age_sex_center_HC3_sensitivity	0.6815637241092561	0.0130174567169579	-0.0491611128235664	0.0751960262574822	6.0	6.0	9.0	0.9996329437623444	11	4	COMPLETED	age_sex_center_HC3_sensitivity	0.3398616788498677	0.0157462903817019	-0.0165891183783768	0.0480816991417806	6.0	6.0	9.0	0.992439062865758
late_neuron_residual	Vascular_endothelial	VN_minus_CTRL	20	5	4	NOT_EVALUABLE	diagnosis_fully_confounded_with_center									5	4	NOT_EVALUABLE	diagnosis_fully_confounded_with_center								
late_shared_concordant_neuronal_core	Adipocyte	CIDP_minus_CTRL	20	6	2	NOT_EVALUABLE	fewer_than_four_donors_per_group									6	2	NOT_EVALUABLE	fewer_than_four_donors_per_group								
late_shared_concordant_neuronal_core	Adipocyte	CIAP_minus_CTRL	20	10	2	NOT_EVALUABLE	fewer_than_four_donors_per_group									10	2	NOT_EVALUABLE	fewer_than_four_donors_per_group								
late_shared_concordant_neuronal_core	Adipocyte	VN_minus_CTRL	20	2	2	NOT_EVALUABLE	fewer_than_four_donors_per_group									2	2	NOT_EVALUABLE	fewer_than_four_donors_per_group								
late_shared_concordant_neuronal_core	Endoneurial	CIDP_minus_CTRL	20	9	4	NOT_EVALUABLE	residual_df_below_eight					6.0	6.0	7.0		9	4	NOT_EVALUABLE	residual_df_below_eight					6.0	6.0	7.0	
late_shared_concordant_neuronal_core	Endoneurial	CIAP_minus_CTRL	20	11	4	COMPLETED	age_sex_center_HC3_sensitivity	0.6500166356472521	-0.0118014741765818	-0.0627789310088035	0.0391759826556397	6.0	6.0	9.0	0.9996329437623444	11	4	COMPLETED	age_sex_center_HC3_sensitivity	0.2470874513898289	-0.0270140667785999	-0.0727581371149173	0.0187300035577174	6.0	6.0	9.0	0.992439062865758
late_shared_concordant_neuronal_core	Endoneurial	VN_minus_CTRL	20	5	4	NOT_EVALUABLE	diagnosis_fully_confounded_with_center									5	4	NOT_EVALUABLE	diagnosis_fully_confounded_with_center								
late_shared_concordant_neuronal_core	Epineurial	CIDP_minus_CTRL	20	9	4	NOT_EVALUABLE	residual_df_below_eight					6.0	6.0	7.0		9	4	NOT_EVALUABLE	residual_df_below_eight					6.0	6.0	7.0	
late_shared_concordant_neuronal_core	Epineurial	CIAP_minus_CTRL	20	11	4	COMPLETED	age_sex_center_HC3_sensitivity	0.0032813375652433	-0.031859889119793	-0.0530988895535032	-0.0106208886860827	6.0	6.0	9.0	0.2362563046975193	11	4	COMPLETED	age_sex_center_HC3_sensitivity	0.0679210694058705	-0.0176594553138947	-0.0366193705315476	0.0013004599037582	6.0	6.0	9.0	0.992439062865758
late_shared_concordant_neuronal_core	Epineurial	VN_minus_CTRL	20	5	4	NOT_EVALUABLE	diagnosis_fully_confounded_with_center									5	4	NOT_EVALUABLE	diagnosis_fully_confounded_with_center								
late_shared_concordant_neuronal_core	Granulocyte	CIDP_minus_CTRL	20	0	0	NOT_EVALUABLE	fewer_than_four_donors_per_group									0	0	NOT_EVALUABLE	fewer_than_four_donors_per_group								
late_shared_concordant_neuronal_core	Granulocyte	CIAP_minus_CTRL	20	2	0	NOT_EVALUABLE	fewer_than_four_donors_per_group									2	0	NOT_EVALUABLE	fewer_than_four_donors_per_group								
late_shared_concordant_neuronal_core	Granulocyte	VN_minus_CTRL	20	0	0	NOT_EVALUABLE	fewer_than_four_donors_per_group									0	0	NOT_EVALUABLE	fewer_than_four_donors_per_group								
late_shared_concordant_neuronal_core	Lymphatic_endothelial	CIDP_minus_CTRL	20	6	2	NOT_EVALUABLE	fewer_than_four_donors_per_group									6	2	NOT_EVALUABLE	fewer_than_four_donors_per_group								
late_shared_concordant_neuronal_core	Lymphatic_endothelial	CIAP_minus_CTRL	20	8	2	NOT_EVALUABLE	fewer_than_four_donors_per_group									8	2	NOT_EVALUABLE	fewer_than_four_donors_per_group								
late_shared_concordant_neuronal_core	Lymphatic_endothelial	VN_minus_CTRL	20	0	2	NOT_EVALUABLE	fewer_than_four_donors_per_group									0	2	NOT_EVALUABLE	fewer_than_four_donors_per_group								
late_shared_concordant_neuronal_core	Lymphoid	CIDP_minus_CTRL	20	9	4	NOT_EVALUABLE	residual_df_below_eight					6.0	6.0	7.0		9	4	NOT_EVALUABLE	residual_df_below_eight					6.0	6.0	7.0	
late_shared_concordant_neuronal_core	Lymphoid	CIAP_minus_CTRL	20	11	4	COMPLETED	age_sex_center_HC3_sensitivity	0.8633737420978836	-0.0081967556569621	-0.1015558894042984	0.0851623780903741	6.0	6.0	9.0	0.9996329437623444	11	4	COMPLETED	age_sex_center_HC3_sensitivity	0.6758150868938664	0.0137574432280719	-0.0507220997414017	0.0782369861975457	6.0	6.0	9.0	0.992439062865758
late_shared_concordant_neuronal_core	Lymphoid	VN_minus_CTRL	20	5	4	NOT_EVALUABLE	diagnosis_fully_confounded_with_center									5	4	NOT_EVALUABLE	diagnosis_fully_confounded_with_center								
late_shared_concordant_neuronal_core	Macrophage	CIDP_minus_CTRL	20	9	4	NOT_EVALUABLE	residual_df_below_eight					6.0	6.0	7.0		9	4	NOT_EVALUABLE	residual_df_below_eight					6.0	6.0	7.0	
late_shared_concordant_neuronal_core	Macrophage	CIAP_minus_CTRL	20	11	4	COMPLETED	age_sex_center_HC3_sensitivity	0.4923596354246463	0.0476081435416662	-0.0883015496923491	0.1835178367756817	6.0	6.0	9.0	0.9996329437623444	11	4	COMPLETED	age_sex_center_HC3_sensitivity	0.3501996365874148	0.04820467286188	-0.0529291391246784	0.1493384848484384	6.0	6.0	9.0	0.992439062865758
late_shared_concordant_neuronal_core	Macrophage	VN_minus_CTRL	20	5	4	NOT_EVALUABLE	diagnosis_fully_confounded_with_center									5	4	NOT_EVALUABLE	diagnosis_fully_confounded_with_center								
late_shared_concordant_neuronal_core	Mast	CIDP_minus_CTRL	20	6	2	NOT_EVALUABLE	fewer_than_four_donors_per_group									6	2	NOT_EVALUABLE	fewer_than_four_donors_per_group								
late_shared_concordant_neuronal_core	Mast	CIAP_minus_CTRL	20	9	2	NOT_EVALUABLE	fewer_than_four_donors_per_group									9	2	NOT_EVALUABLE	fewer_than_four_donors_per_group								
late_shared_concordant_neuronal_core	Mast	VN_minus_CTRL	20	0	2	NOT_EVALUABLE	fewer_than_four_donors_per_group									0	2	NOT_EVALUABLE	fewer_than_four_donors_per_group								
late_shared_concordant_neuronal_core	Mural	CIDP_minus_CTRL	20	9	4	NOT_EVALUABLE	residual_df_below_eight					6.0	6.0	7.0		9	4	NOT_EVALUABLE	residual_df_below_eight					6.0	6.0	7.0	
late_shared_concordant_neuronal_core	Mural	CIAP_minus_CTRL	20	11	4	COMPLETED	age_sex_center_HC3_sensitivity	0.4422749291618751	0.0141752146759745	-0.0219836264076217	0.0503340557595709	6.0	6.0	9.0	0.9996329437623444	11	4	COMPLETED	age_sex_center_HC3_sensitivity	0.5028028706139035	0.0116359267968034	-0.0223984989281613	0.0456703525217681	6.0	6.0	9.0	0.992439062865758
late_shared_concordant_neuronal_core	Mural	VN_minus_CTRL	20	5	4	NOT_EVALUABLE	diagnosis_fully_confounded_with_center									5	4	NOT_EVALUABLE	diagnosis_fully_confounded_with_center								
late_shared_concordant_neuronal_core	Perineurial	CIDP_minus_CTRL	20	9	4	NOT_EVALUABLE	residual_df_below_eight					6.0	6.0	7.0		9	4	NOT_EVALUABLE	residual_df_below_eight					6.0	6.0	7.0	
late_shared_concordant_neuronal_core	Perineurial	CIAP_minus_CTRL	20	11	4	COMPLETED	age_sex_center_HC3_sensitivity	0.2227403289039912	-0.0419765715137728	-0.1094532739554786	0.0255001309279329	6.0	6.0	9.0	0.9996329437623444	11	4	COMPLETED	age_sex_center_HC3_sensitivity	0.3118405673656592	-0.0220802445298555	-0.0648703122266184	0.0207098231669073	6.0	6.0	9.0	0.992439062865758
late_shared_concordant_neuronal_core	Perineurial	VN_minus_CTRL	20	5	4	NOT_EVALUABLE	diagnosis_fully_confounded_with_center									5	4	NOT_EVALUABLE	diagnosis_fully_confounded_with_center								
late_shared_concordant_neuronal_core	Schwann	CIDP_minus_CTRL	20	9	4	NOT_EVALUABLE	residual_df_below_eight					6.0	6.0	7.0		9	4	NOT_EVALUABLE	residual_df_below_eight					6.0	6.0	7.0	
late_shared_concordant_neuronal_core	Schwann	CIAP_minus_CTRL	20	11	4	COMPLETED	age_sex_center_HC3_sensitivity	0.3649585041933677	0.0399602410183844	-0.0464904575348156	0.1264109395715844	6.0	6.0	9.0	0.9996329437623444	11	4	COMPLETED	age_sex_center_HC3_sensitivity	0.4328097648655777	0.0264739712439811	-0.0396766127276974	0.0926245552156597	6.0	6.0	9.0	0.992439062865758
late_shared_concordant_neuronal_core	Schwann	VN_minus_CTRL	20	5	4	NOT_EVALUABLE	diagnosis_fully_confounded_with_center									5	4	NOT_EVALUABLE	diagnosis_fully_confounded_with_center								
late_shared_concordant_neuronal_core	Vascular_endothelial	CIDP_minus_CTRL	20	9	4	NOT_EVALUABLE	residual_df_below_eight					6.0	6.0	7.0		9	4	NOT_EVALUABLE	residual_df_below_eight					6.0	6.0	7.0	
late_shared_concordant_neuronal_core	Vascular_endothelial	CIAP_minus_CTRL	20	11	4	COMPLETED	age_sex_center_HC3_sensitivity	0.835449615261801	-0.0056884822188328	-0.0593634233179244	0.0479864588802588	6.0	6.0	9.0	0.9996329437623444	11	4	COMPLETED	age_sex_center_HC3_sensitivity	0.9750478499018752	-0.0006819648886654	-0.0434157523450381	0.0420518225677073	6.0	6.0	9.0	0.992439062865758
late_shared_concordant_neuronal_core	Vascular_endothelial	VN_minus_CTRL	20	5	4	NOT_EVALUABLE	diagnosis_fully_confounded_with_center									5	4	NOT_EVALUABLE	diagnosis_fully_confounded_with_center								
original_early_allcell	Adipocyte	CIDP_minus_CTRL	20	6	2	NOT_EVALUABLE	fewer_than_four_donors_per_group									6	2	NOT_EVALUABLE	fewer_than_four_donors_per_group								
original_early_allcell	Adipocyte	CIAP_minus_CTRL	20	10	2	NOT_EVALUABLE	fewer_than_four_donors_per_group									10	2	NOT_EVALUABLE	fewer_than_four_donors_per_group								
original_early_allcell	Adipocyte	VN_minus_CTRL	20	2	2	NOT_EVALUABLE	fewer_than_four_donors_per_group									2	2	NOT_EVALUABLE	fewer_than_four_donors_per_group								
original_early_allcell	Endoneurial	CIDP_minus_CTRL	20	9	4	NOT_EVALUABLE	residual_df_below_eight					6.0	6.0	7.0		9	4	NOT_EVALUABLE	residual_df_below_eight					6.0	6.0	7.0	
original_early_allcell	Endoneurial	CIAP_minus_CTRL	20	11	4	COMPLETED	age_sex_center_HC3_sensitivity	0.8167405586287618	0.0088926372709517	-0.0663179720479211	0.0841032465898246	6.0	6.0	9.0	0.9996329437623444	11	4	COMPLETED	age_sex_center_HC3_sensitivity	0.7398663593306312	0.0101089363803532	-0.0495637791201845	0.069781651880891	6.0	6.0	9.0	0.992439062865758
original_early_allcell	Endoneurial	VN_minus_CTRL	20	5	4	NOT_EVALUABLE	diagnosis_fully_confounded_with_center									5	4	NOT_EVALUABLE	diagnosis_fully_confounded_with_center								
original_early_allcell	Epineurial	CIDP_minus_CTRL	20	9	4	NOT_EVALUABLE	residual_df_below_eight					6.0	6.0	7.0		9	4	NOT_EVALUABLE	residual_df_below_eight					6.0	6.0	7.0	
original_early_allcell	Epineurial	CIAP_minus_CTRL	20	11	4	COMPLETED	age_sex_center_HC3_sensitivity	0.8980359464537965	-0.0052546710452093	-0.0856256637340139	0.0751163216435953	6.0	6.0	9.0	0.9996329437623444	11	4	COMPLETED	age_sex_center_HC3_sensitivity	0.7372900474847095	-0.0109216781403609	-0.0747358601616065	0.0528925038808847	6.0	6.0	9.0	0.992439062865758
original_early_allcell	Epineurial	VN_minus_CTRL	20	5	4	NOT_EVALUABLE	diagnosis_fully_confounded_with_center									5	4	NOT_EVALUABLE	diagnosis_fully_confounded_with_center								
original_early_allcell	Granulocyte	CIDP_minus_CTRL	20	0	0	NOT_EVALUABLE	fewer_than_four_donors_per_group									0	0	NOT_EVALUABLE	fewer_than_four_donors_per_group								
original_early_allcell	Granulocyte	CIAP_minus_CTRL	20	2	0	NOT_EVALUABLE	fewer_than_four_donors_per_group									2	0	NOT_EVALUABLE	fewer_than_four_donors_per_group								
original_early_allcell	Granulocyte	VN_minus_CTRL	20	0	0	NOT_EVALUABLE	fewer_than_four_donors_per_group									0	0	NOT_EVALUABLE	fewer_than_four_donors_per_group								
original_early_allcell	Lymphatic_endothelial	CIDP_minus_CTRL	20	6	2	NOT_EVALUABLE	fewer_than_four_donors_per_group									6	2	NOT_EVALUABLE	fewer_than_four_donors_per_group								
original_early_allcell	Lymphatic_endothelial	CIAP_minus_CTRL	20	8	2	NOT_EVALUABLE	fewer_than_four_donors_per_group									8	2	NOT_EVALUABLE	fewer_than_four_donors_per_group								
original_early_allcell	Lymphatic_endothelial	VN_minus_CTRL	20	0	2	NOT_EVALUABLE	fewer_than_four_donors_per_group									0	2	NOT_EVALUABLE	fewer_than_four_donors_per_group								
original_early_allcell	Lymphoid	CIDP_minus_CTRL	20	9	4	NOT_EVALUABLE	residual_df_below_eight					6.0	6.0	7.0		9	4	NOT_EVALUABLE	residual_df_below_eight					6.0	6.0	7.0	
original_early_allcell	Lymphoid	CIAP_minus_CTRL	20	11	4	COMPLETED	age_sex_center_HC3_sensitivity	0.7502039815013734	0.0120282722006609	-0.0620206331974243	0.0860771775987462	6.0	6.0	9.0	0.9996329437623444	11	4	COMPLETED	age_sex_center_HC3_sensitivity	0.8081738244014668	0.0076023377482486	-0.0537707132309196	0.0689753887274169	6.0	6.0	9.0	0.992439062865758
original_early_allcell	Lymphoid	VN_minus_CTRL	20	5	4	NOT_EVALUABLE	diagnosis_fully_confounded_with_center									5	4	NOT_EVALUABLE	diagnosis_fully_confounded_with_center								
original_early_allcell	Macrophage	CIDP_minus_CTRL	20	9	4	NOT_EVALUABLE	residual_df_below_eight					6.0	6.0	7.0		9	4	NOT_EVALUABLE	residual_df_below_eight					6.0	6.0	7.0	
original_early_allcell	Macrophage	CIAP_minus_CTRL	20	11	4	COMPLETED	age_sex_center_HC3_sensitivity	0.9687516491692084	0.0015290101117302	-0.074970797191727	0.0780288174151874	6.0	6.0	9.0	0.9996329437623444	11	4	COMPLETED	age_sex_center_HC3_sensitivity	0.8993595052167916	-0.0044597148343053	-0.0735737057640749	0.0646542760954643	6.0	6.0	9.0	0.992439062865758
original_early_allcell	Macrophage	VN_minus_CTRL	20	5	4	NOT_EVALUABLE	diagnosis_fully_confounded_with_center									5	4	NOT_EVALUABLE	diagnosis_fully_confounded_with_center								
original_early_allcell	Mast	CIDP_minus_CTRL	20	6	2	NOT_EVALUABLE	fewer_than_four_donors_per_group									6	2	NOT_EVALUABLE	fewer_than_four_donors_per_group								
original_early_allcell	Mast	CIAP_minus_CTRL	20	9	2	NOT_EVALUABLE	fewer_than_four_donors_per_group									9	2	NOT_EVALUABLE	fewer_than_four_donors_per_group								
original_early_allcell	Mast	VN_minus_CTRL	20	0	2	NOT_EVALUABLE	fewer_than_four_donors_per_group									0	2	NOT_EVALUABLE	fewer_than_four_donors_per_group								
original_early_allcell	Mural	CIDP_minus_CTRL	20	9	4	NOT_EVALUABLE	residual_df_below_eight					6.0	6.0	7.0		9	4	NOT_EVALUABLE	residual_df_below_eight					6.0	6.0	7.0	
original_early_allcell	Mural	CIAP_minus_CTRL	20	11	4	COMPLETED	age_sex_center_HC3_sensitivity	0.9780558661624436	-0.0014142718508606	-0.1021881204523196	0.0993595767505982	6.0	6.0	9.0	0.9996329437623444	11	4	COMPLETED	age_sex_center_HC3_sensitivity	0.992439062865758	0.000454117315749	-0.0934693436622626	0.0943775782937607	6.0	6.0	9.0	0.992439062865758
original_early_allcell	Mural	VN_minus_CTRL	20	5	4	NOT_EVALUABLE	diagnosis_fully_confounded_with_center									5	4	NOT_EVALUABLE	diagnosis_fully_confounded_with_center								
original_early_allcell	Perineurial	CIDP_minus_CTRL	20	9	4	NOT_EVALUABLE	residual_df_below_eight					6.0	6.0	7.0		9	4	NOT_EVALUABLE	residual_df_below_eight					6.0	6.0	7.0	
original_early_allcell	Perineurial	CIAP_minus_CTRL	20	11	4	COMPLETED	age_sex_center_HC3_sensitivity	0.8207829079449379	-0.0122470296203921	-0.1182059565875804	0.0937118973467961	6.0	6.0	9.0	0.9996329437623444	11	4	COMPLETED	age_sex_center_HC3_sensitivity	0.7849611307816897	-0.0130042366588703	-0.1064143054855909	0.0804058321678502	6.0	6.0	9.0	0.992439062865758
original_early_allcell	Perineurial	VN_minus_CTRL	20	5	4	NOT_EVALUABLE	diagnosis_fully_confounded_with_center									5	4	NOT_EVALUABLE	diagnosis_fully_confounded_with_center								
original_early_allcell	Schwann	CIDP_minus_CTRL	20	9	4	NOT_EVALUABLE	residual_df_below_eight					6.0	6.0	7.0		9	4	NOT_EVALUABLE	residual_df_below_eight					6.0	6.0	7.0	
original_early_allcell	Schwann	CIAP_minus_CTRL	20	11	4	COMPLETED	age_sex_center_HC3_sensitivity	0.7748785423903874	-0.0079153065572519	-0.0621591722339931	0.0463285591194892	6.0	6.0	9.0	0.9996329437623444	11	4	COMPLETED	age_sex_center_HC3_sensitivity	0.6465683328646292	-0.0098992250772019	-0.052212542457419	0.0324140923030151	6.0	6.0	9.0	0.992439062865758
original_early_allcell	Schwann	VN_minus_CTRL	20	5	4	NOT_EVALUABLE	diagnosis_fully_confounded_with_center									5	4	NOT_EVALUABLE	diagnosis_fully_confounded_with_center								
original_early_allcell	Vascular_endothelial	CIDP_minus_CTRL	20	9	4	NOT_EVALUABLE	residual_df_below_eight					6.0	6.0	7.0		9	4	NOT_EVALUABLE	residual_df_below_eight					6.0	6.0	7.0	
original_early_allcell	Vascular_endothelial	CIAP_minus_CTRL	20	11	4	COMPLETED	age_sex_center_HC3_sensitivity	0.8826075479511885	-0.0040020274827788	-0.0571212920208482	0.0491172370552904	6.0	6.0	9.0	0.9996329437623444	11	4	COMPLETED	age_sex_center_HC3_sensitivity	0.8379544268854658	-0.0045652573082543	-0.0483171962387699	0.0391866816222612	6.0	6.0	9.0	0.992439062865758
original_early_allcell	Vascular_endothelial	VN_minus_CTRL	20	5	4	NOT_EVALUABLE	diagnosis_fully_confounded_with_center									5	4	NOT_EVALUABLE	diagnosis_fully_confounded_with_center								
original_late_allcell	Adipocyte	CIDP_minus_CTRL	20	6	2	NOT_EVALUABLE	fewer_than_four_donors_per_group									6	2	NOT_EVALUABLE	fewer_than_four_donors_per_group								
original_late_allcell	Adipocyte	CIAP_minus_CTRL	20	10	2	NOT_EVALUABLE	fewer_than_four_donors_per_group									10	2	NOT_EVALUABLE	fewer_than_four_donors_per_group								
original_late_allcell	Adipocyte	VN_minus_CTRL	20	2	2	NOT_EVALUABLE	fewer_than_four_donors_per_group									2	2	NOT_EVALUABLE	fewer_than_four_donors_per_group								
original_late_allcell	Endoneurial	CIDP_minus_CTRL	20	9	4	NOT_EVALUABLE	residual_df_below_eight					6.0	6.0	7.0		9	4	NOT_EVALUABLE	residual_df_below_eight					6.0	6.0	7.0	
original_late_allcell	Endoneurial	CIAP_minus_CTRL	20	11	4	COMPLETED	age_sex_center_HC3_sensitivity	0.7391258063751116	-0.0054687776217443	-0.0376557017247259	0.0267181464812372	6.0	6.0	9.0	0.9996329437623444	11	4	COMPLETED	age_sex_center_HC3_sensitivity	0.6061126266649057	-0.0083490873223328	-0.0400848283819196	0.0233866537372538	6.0	6.0	9.0	0.992439062865758
original_late_allcell	Endoneurial	VN_minus_CTRL	20	5	4	NOT_EVALUABLE	diagnosis_fully_confounded_with_center									5	4	NOT_EVALUABLE	diagnosis_fully_confounded_with_center								
original_late_allcell	Epineurial	CIDP_minus_CTRL	20	9	4	NOT_EVALUABLE	residual_df_below_eight					6.0	6.0	7.0		9	4	NOT_EVALUABLE	residual_df_below_eight					6.0	6.0	7.0	
original_late_allcell	Epineurial	CIAP_minus_CTRL	20	11	4	COMPLETED	age_sex_center_HC3_sensitivity	0.1733340724483151	-0.0135242705142906	-0.0329923188028907	0.0059437777743095	6.0	6.0	9.0	0.9996329437623444	11	4	COMPLETED	age_sex_center_HC3_sensitivity	0.1500457595909976	-0.0132376169036265	-0.0312630411691337	0.0047878073618805	6.0	6.0	9.0	0.992439062865758
original_late_allcell	Epineurial	VN_minus_CTRL	20	5	4	NOT_EVALUABLE	diagnosis_fully_confounded_with_center									5	4	NOT_EVALUABLE	diagnosis_fully_confounded_with_center								
original_late_allcell	Granulocyte	CIDP_minus_CTRL	20	0	0	NOT_EVALUABLE	fewer_than_four_donors_per_group									0	0	NOT_EVALUABLE	fewer_than_four_donors_per_group								
original_late_allcell	Granulocyte	CIAP_minus_CTRL	20	2	0	NOT_EVALUABLE	fewer_than_four_donors_per_group									2	0	NOT_EVALUABLE	fewer_than_four_donors_per_group								
original_late_allcell	Granulocyte	VN_minus_CTRL	20	0	0	NOT_EVALUABLE	fewer_than_four_donors_per_group									0	0	NOT_EVALUABLE	fewer_than_four_donors_per_group								
original_late_allcell	Lymphatic_endothelial	CIDP_minus_CTRL	20	6	2	NOT_EVALUABLE	fewer_than_four_donors_per_group									6	2	NOT_EVALUABLE	fewer_than_four_donors_per_group								
original_late_allcell	Lymphatic_endothelial	CIAP_minus_CTRL	20	8	2	NOT_EVALUABLE	fewer_than_four_donors_per_group									8	2	NOT_EVALUABLE	fewer_than_four_donors_per_group								
original_late_allcell	Lymphatic_endothelial	VN_minus_CTRL	20	0	2	NOT_EVALUABLE	fewer_than_four_donors_per_group									0	2	NOT_EVALUABLE	fewer_than_four_donors_per_group								
original_late_allcell	Lymphoid	CIDP_minus_CTRL	20	9	4	NOT_EVALUABLE	residual_df_below_eight					6.0	6.0	7.0		9	4	NOT_EVALUABLE	residual_df_below_eight					6.0	6.0	7.0	
original_late_allcell	Lymphoid	CIAP_minus_CTRL	20	11	4	COMPLETED	age_sex_center_HC3_sensitivity	0.3340994070192414	0.0195785362546136	-0.0201498388600061	0.0593069113692334	6.0	6.0	9.0	0.9996329437623444	11	4	COMPLETED	age_sex_center_HC3_sensitivity	0.3216043091271788	0.0202949226024788	-0.01983690117016	0.0604267463751177	6.0	6.0	9.0	0.992439062865758
original_late_allcell	Lymphoid	VN_minus_CTRL	20	5	4	NOT_EVALUABLE	diagnosis_fully_confounded_with_center									5	4	NOT_EVALUABLE	diagnosis_fully_confounded_with_center								
original_late_allcell	Macrophage	CIDP_minus_CTRL	20	9	4	NOT_EVALUABLE	residual_df_below_eight					6.0	6.0	7.0		9	4	NOT_EVALUABLE	residual_df_below_eight					6.0	6.0	7.0	
original_late_allcell	Macrophage	CIAP_minus_CTRL	20	11	4	COMPLETED	age_sex_center_HC3_sensitivity	0.530357517245523	-0.0050170324447852	-0.0206884654847722	0.0106544005952017	6.0	6.0	9.0	0.9996329437623444	11	4	COMPLETED	age_sex_center_HC3_sensitivity	0.4645245432684094	-0.0073042002254166	-0.0268771268284164	0.0122687263775831	6.0	6.0	9.0	0.992439062865758
original_late_allcell	Macrophage	VN_minus_CTRL	20	5	4	NOT_EVALUABLE	diagnosis_fully_confounded_with_center									5	4	NOT_EVALUABLE	diagnosis_fully_confounded_with_center								
original_late_allcell	Mast	CIDP_minus_CTRL	20	6	2	NOT_EVALUABLE	fewer_than_four_donors_per_group									6	2	NOT_EVALUABLE	fewer_than_four_donors_per_group								
original_late_allcell	Mast	CIAP_minus_CTRL	20	9	2	NOT_EVALUABLE	fewer_than_four_donors_per_group									9	2	NOT_EVALUABLE	fewer_than_four_donors_per_group								
original_late_allcell	Mast	VN_minus_CTRL	20	0	2	NOT_EVALUABLE	fewer_than_four_donors_per_group									0	2	NOT_EVALUABLE	fewer_than_four_donors_per_group								
original_late_allcell	Mural	CIDP_minus_CTRL	20	9	4	NOT_EVALUABLE	residual_df_below_eight					6.0	6.0	7.0		9	4	NOT_EVALUABLE	residual_df_below_eight					6.0	6.0	7.0	
original_late_allcell	Mural	CIAP_minus_CTRL	20	11	4	COMPLETED	age_sex_center_HC3_sensitivity	0.9915782376641322	0.000163555251299	-0.0302062214986457	0.0305333320012438	6.0	6.0	9.0	0.9996329437623444	11	4	COMPLETED	age_sex_center_HC3_sensitivity	0.9226919562325832	0.0014615520853551	-0.0280571010773552	0.0309802052480655	6.0	6.0	9.0	0.992439062865758
original_late_allcell	Mural	VN_minus_CTRL	20	5	4	NOT_EVALUABLE	diagnosis_fully_confounded_with_center									5	4	NOT_EVALUABLE	diagnosis_fully_confounded_with_center								
original_late_allcell	Perineurial	CIDP_minus_CTRL	20	9	4	NOT_EVALUABLE	residual_df_below_eight					6.0	6.0	7.0		9	4	NOT_EVALUABLE	residual_df_below_eight					6.0	6.0	7.0	
original_late_allcell	Perineurial	CIAP_minus_CTRL	20	11	4	COMPLETED	age_sex_center_HC3_sensitivity	0.5618065383573054	-0.008426885020267	-0.0368955544428513	0.0200417844023172	6.0	6.0	9.0	0.9996329437623444	11	4	COMPLETED	age_sex_center_HC3_sensitivity	0.4967509235026704	-0.009990203817643	-0.0388014578633409	0.0188210502280549	6.0	6.0	9.0	0.992439062865758
original_late_allcell	Perineurial	VN_minus_CTRL	20	5	4	NOT_EVALUABLE	diagnosis_fully_confounded_with_center									5	4	NOT_EVALUABLE	diagnosis_fully_confounded_with_center								
original_late_allcell	Schwann	CIDP_minus_CTRL	20	9	4	NOT_EVALUABLE	residual_df_below_eight					6.0	6.0	7.0		9	4	NOT_EVALUABLE	residual_df_below_eight					6.0	6.0	7.0	
original_late_allcell	Schwann	CIAP_minus_CTRL	20	11	4	COMPLETED	age_sex_center_HC3_sensitivity	0.9624000746394704	0.0008716807381952	-0.0353691198217309	0.0371124812981214	6.0	6.0	9.0	0.9996329437623444	11	4	COMPLETED	age_sex_center_HC3_sensitivity	0.949681446654024	-0.0011614638246971	-0.0372340690723917	0.0349111414229973	6.0	6.0	9.0	0.992439062865758
original_late_allcell	Schwann	VN_minus_CTRL	20	5	4	NOT_EVALUABLE	diagnosis_fully_confounded_with_center									5	4	NOT_EVALUABLE	diagnosis_fully_confounded_with_center								
original_late_allcell	Vascular_endothelial	CIDP_minus_CTRL	20	9	4	NOT_EVALUABLE	residual_df_below_eight					6.0	6.0	7.0		9	4	NOT_EVALUABLE	residual_df_below_eight					6.0	6.0	7.0	
original_late_allcell	Vascular_endothelial	CIAP_minus_CTRL	20	11	4	COMPLETED	age_sex_center_HC3_sensitivity	0.6943055143582538	0.007084982060701	-0.0282474390976547	0.0424174032190569	6.0	6.0	9.0	0.9996329437623444	11	4	COMPLETED	age_sex_center_HC3_sensitivity	0.6218760475271816	0.0086037278674318	-0.0255877311308976	0.0427951868657612	6.0	6.0	9.0	0.992439062865758
original_late_allcell	Vascular_endothelial	VN_minus_CTRL	20	5	4	NOT_EVALUABLE	diagnosis_fully_confounded_with_center									5	4	NOT_EVALUABLE	diagnosis_fully_confounded_with_center								
original_late_neuron	Adipocyte	CIDP_minus_CTRL	20	6	2	NOT_EVALUABLE	fewer_than_four_donors_per_group									6	2	NOT_EVALUABLE	fewer_than_four_donors_per_group								
original_late_neuron	Adipocyte	CIAP_minus_CTRL	20	10	2	NOT_EVALUABLE	fewer_than_four_donors_per_group									10	2	NOT_EVALUABLE	fewer_than_four_donors_per_group								
original_late_neuron	Adipocyte	VN_minus_CTRL	20	2	2	NOT_EVALUABLE	fewer_than_four_donors_per_group									2	2	NOT_EVALUABLE	fewer_than_four_donors_per_group								
original_late_neuron	Endoneurial	CIDP_minus_CTRL	20	9	4	NOT_EVALUABLE	residual_df_below_eight					6.0	6.0	7.0		9	4	NOT_EVALUABLE	residual_df_below_eight					6.0	6.0	7.0	
original_late_neuron	Endoneurial	CIAP_minus_CTRL	20	11	4	COMPLETED	age_sex_center_HC3_sensitivity	0.8954244966914469	-0.0042412758621341	-0.0674832721765923	0.0590007204523239	6.0	6.0	9.0	0.9996329437623444	11	4	COMPLETED	age_sex_center_HC3_sensitivity	0.640324398697375	0.0095840259939894	-0.0306182969375219	0.0497863489255007	6.0	6.0	9.0	0.992439062865758
original_late_neuron	Endoneurial	VN_minus_CTRL	20	5	4	NOT_EVALUABLE	diagnosis_fully_confounded_with_center									5	4	NOT_EVALUABLE	diagnosis_fully_confounded_with_center								
original_late_neuron	Epineurial	CIDP_minus_CTRL	20	9	4	NOT_EVALUABLE	residual_df_below_eight					6.0	6.0	7.0		9	4	NOT_EVALUABLE	residual_df_below_eight					6.0	6.0	7.0	
original_late_neuron	Epineurial	CIAP_minus_CTRL	20	11	4	COMPLETED	age_sex_center_HC3_sensitivity	0.7933237814195387	-0.0097561183689654	-0.0827403247732719	0.0632280880353411	6.0	6.0	9.0	0.9996329437623444	11	4	COMPLETED	age_sex_center_HC3_sensitivity	0.9666319916622712	0.001142605730952	-0.0523911375523191	0.0546763490142232	6.0	6.0	9.0	0.992439062865758
original_late_neuron	Epineurial	VN_minus_CTRL	20	5	4	NOT_EVALUABLE	diagnosis_fully_confounded_with_center									5	4	NOT_EVALUABLE	diagnosis_fully_confounded_with_center								
original_late_neuron	Granulocyte	CIDP_minus_CTRL	20	0	0	NOT_EVALUABLE	fewer_than_four_donors_per_group									0	0	NOT_EVALUABLE	fewer_than_four_donors_per_group								
original_late_neuron	Granulocyte	CIAP_minus_CTRL	20	2	0	NOT_EVALUABLE	fewer_than_four_donors_per_group									2	0	NOT_EVALUABLE	fewer_than_four_donors_per_group								
original_late_neuron	Granulocyte	VN_minus_CTRL	20	0	0	NOT_EVALUABLE	fewer_than_four_donors_per_group									0	0	NOT_EVALUABLE	fewer_than_four_donors_per_group								
original_late_neuron	Lymphatic_endothelial	CIDP_minus_CTRL	20	6	2	NOT_EVALUABLE	fewer_than_four_donors_per_group									6	2	NOT_EVALUABLE	fewer_than_four_donors_per_group								
original_late_neuron	Lymphatic_endothelial	CIAP_minus_CTRL	20	8	2	NOT_EVALUABLE	fewer_than_four_donors_per_group									8	2	NOT_EVALUABLE	fewer_than_four_donors_per_group								
original_late_neuron	Lymphatic_endothelial	VN_minus_CTRL	20	0	2	NOT_EVALUABLE	fewer_than_four_donors_per_group									0	2	NOT_EVALUABLE	fewer_than_four_donors_per_group								
original_late_neuron	Lymphoid	CIDP_minus_CTRL	20	9	4	NOT_EVALUABLE	residual_df_below_eight					6.0	6.0	7.0		9	4	NOT_EVALUABLE	residual_df_below_eight					6.0	6.0	7.0	
original_late_neuron	Lymphoid	CIAP_minus_CTRL	20	11	4	COMPLETED	age_sex_center_HC3_sensitivity	0.9195344267381654	-0.0051534966597425	-0.1051401139527414	0.0948331206332564	6.0	6.0	9.0	0.9996329437623444	11	4	COMPLETED	age_sex_center_HC3_sensitivity	0.8179313041464136	-0.0088902783617807	-0.0845815586357346	0.066801001912173	6.0	6.0	9.0	0.992439062865758
original_late_neuron	Lymphoid	VN_minus_CTRL	20	5	4	NOT_EVALUABLE	diagnosis_fully_confounded_with_center									5	4	NOT_EVALUABLE	diagnosis_fully_confounded_with_center								
original_late_neuron	Macrophage	CIDP_minus_CTRL	20	9	4	NOT_EVALUABLE	residual_df_below_eight					6.0	6.0	7.0		9	4	NOT_EVALUABLE	residual_df_below_eight					6.0	6.0	7.0	
original_late_neuron	Macrophage	CIAP_minus_CTRL	20	11	4	COMPLETED	age_sex_center_HC3_sensitivity	0.6865780806078738	0.0146656422384124	-0.0565707954099659	0.0859020798867908	6.0	6.0	9.0	0.9996329437623444	11	4	COMPLETED	age_sex_center_HC3_sensitivity	0.6478884557427355	0.0137738385881579	-0.0453379912498037	0.0728856684261195	6.0	6.0	9.0	0.992439062865758
original_late_neuron	Macrophage	VN_minus_CTRL	20	5	4	NOT_EVALUABLE	diagnosis_fully_confounded_with_center									5	4	NOT_EVALUABLE	diagnosis_fully_confounded_with_center								
original_late_neuron	Mast	CIDP_minus_CTRL	20	6	2	NOT_EVALUABLE	fewer_than_four_donors_per_group									6	2	NOT_EVALUABLE	fewer_than_four_donors_per_group								
original_late_neuron	Mast	CIAP_minus_CTRL	20	9	2	NOT_EVALUABLE	fewer_than_four_donors_per_group									9	2	NOT_EVALUABLE	fewer_than_four_donors_per_group								
original_late_neuron	Mast	VN_minus_CTRL	20	0	2	NOT_EVALUABLE	fewer_than_four_donors_per_group									0	2	NOT_EVALUABLE	fewer_than_four_donors_per_group								
original_late_neuron	Mural	CIDP_minus_CTRL	20	9	4	NOT_EVALUABLE	residual_df_below_eight					6.0	6.0	7.0		9	4	NOT_EVALUABLE	residual_df_below_eight					6.0	6.0	7.0	
original_late_neuron	Mural	CIAP_minus_CTRL	20	11	4	COMPLETED	age_sex_center_HC3_sensitivity	0.8261022369531972	0.0077939713709296	-0.0617357234884495	0.0773236662303088	6.0	6.0	9.0	0.9996329437623444	11	4	COMPLETED	age_sex_center_HC3_sensitivity	0.9016175425068924	0.0035439787747314	-0.0526457084484293	0.0597336659978922	6.0	6.0	9.0	0.992439062865758
original_late_neuron	Mural	VN_minus_CTRL	20	5	4	NOT_EVALUABLE	diagnosis_fully_confounded_with_center									5	4	NOT_EVALUABLE	diagnosis_fully_confounded_with_center								
original_late_neuron	Perineurial	CIDP_minus_CTRL	20	9	4	NOT_EVALUABLE	residual_df_below_eight					6.0	6.0	7.0		9	4	NOT_EVALUABLE	residual_df_below_eight					6.0	6.0	7.0	
original_late_neuron	Perineurial	CIAP_minus_CTRL	20	11	4	COMPLETED	age_sex_center_HC3_sensitivity	0.6915825212195479	-0.015146075943621	-0.0899762660549262	0.0596841141676841	6.0	6.0	9.0	0.9996329437623444	11	4	COMPLETED	age_sex_center_HC3_sensitivity	0.7761675431761614	-0.0090417920476549	-0.0713721964401465	0.0532886123448367	6.0	6.0	9.0	0.992439062865758
original_late_neuron	Perineurial	VN_minus_CTRL	20	5	4	NOT_EVALUABLE	diagnosis_fully_confounded_with_center									5	4	NOT_EVALUABLE	diagnosis_fully_confounded_with_center								
original_late_neuron	Schwann	CIDP_minus_CTRL	20	9	4	NOT_EVALUABLE	residual_df_below_eight					6.0	6.0	7.0		9	4	NOT_EVALUABLE	residual_df_below_eight					6.0	6.0	7.0	
original_late_neuron	Schwann	CIAP_minus_CTRL	20	11	4	COMPLETED	age_sex_center_HC3_sensitivity	0.4911002106751039	0.0129428779593536	-0.0238986104618853	0.0497843663805926	6.0	6.0	9.0	0.9996329437623444	11	4	COMPLETED	age_sex_center_HC3_sensitivity	0.7579766684602707	0.0048748474688977	-0.0261323591197632	0.0358820540575588	6.0	6.0	9.0	0.992439062865758
original_late_neuron	Schwann	VN_minus_CTRL	20	5	4	NOT_EVALUABLE	diagnosis_fully_confounded_with_center									5	4	NOT_EVALUABLE	diagnosis_fully_confounded_with_center								
original_late_neuron	Vascular_endothelial	CIDP_minus_CTRL	20	9	4	NOT_EVALUABLE	residual_df_below_eight					6.0	6.0	7.0		9	4	NOT_EVALUABLE	residual_df_below_eight					6.0	6.0	7.0	
original_late_neuron	Vascular_endothelial	CIAP_minus_CTRL	20	11	4	COMPLETED	age_sex_center_HC3_sensitivity	0.8975592663962129	0.0024444981899596	-0.0347695362747495	0.0396585326546689	6.0	6.0	9.0	0.9996329437623444	11	4	COMPLETED	age_sex_center_HC3_sensitivity	0.672744242196331	0.0061723881427722	-0.0224689390651326	0.0348137153506771	6.0	6.0	9.0	0.992439062865758
original_late_neuron	Vascular_endothelial	VN_minus_CTRL	20	5	4	NOT_EVALUABLE	diagnosis_fully_confounded_with_center									5	4	NOT_EVALUABLE	diagnosis_fully_confounded_with_center								
original_severity	Adipocyte	CIDP_minus_CTRL	20	6	2	NOT_EVALUABLE	fewer_than_four_donors_per_group									6	2	NOT_EVALUABLE	fewer_than_four_donors_per_group								
original_severity	Adipocyte	CIAP_minus_CTRL	20	10	2	NOT_EVALUABLE	fewer_than_four_donors_per_group									10	2	NOT_EVALUABLE	fewer_than_four_donors_per_group								
original_severity	Adipocyte	VN_minus_CTRL	20	2	2	NOT_EVALUABLE	fewer_than_four_donors_per_group									2	2	NOT_EVALUABLE	fewer_than_four_donors_per_group								
original_severity	Endoneurial	CIDP_minus_CTRL	20	9	4	NOT_EVALUABLE	residual_df_below_eight					6.0	6.0	7.0		9	4	NOT_EVALUABLE	residual_df_below_eight					6.0	6.0	7.0	
original_severity	Endoneurial	CIAP_minus_CTRL	20	11	4	COMPLETED	age_sex_center_HC3_sensitivity	0.7245542241585818	-0.0143332130859685	-0.0940558982308816	0.0653894720589445	6.0	6.0	9.0	0.9996329437623444	11	4	COMPLETED	age_sex_center_HC3_sensitivity	0.7306457570474075	-0.0123346336492649	-0.0825576343442483	0.0578883670457184	6.0	6.0	9.0	0.992439062865758
original_severity	Endoneurial	VN_minus_CTRL	20	5	4	NOT_EVALUABLE	diagnosis_fully_confounded_with_center									5	4	NOT_EVALUABLE	diagnosis_fully_confounded_with_center								
original_severity	Epineurial	CIDP_minus_CTRL	20	9	4	NOT_EVALUABLE	residual_df_below_eight					6.0	6.0	7.0		9	4	NOT_EVALUABLE	residual_df_below_eight					6.0	6.0	7.0	
original_severity	Epineurial	CIAP_minus_CTRL	20	11	4	COMPLETED	age_sex_center_HC3_sensitivity	0.3736168562442893	-0.0254030161916467	-0.0813633854942158	0.0305573531109223	6.0	6.0	9.0	0.9996329437623444	11	4	COMPLETED	age_sex_center_HC3_sensitivity	0.2225053758908299	-0.0241119548997719	-0.0628518744438133	0.0146279646442694	6.0	6.0	9.0	0.992439062865758
original_severity	Epineurial	VN_minus_CTRL	20	5	4	NOT_EVALUABLE	diagnosis_fully_confounded_with_center									5	4	NOT_EVALUABLE	diagnosis_fully_confounded_with_center								
original_severity	Granulocyte	CIDP_minus_CTRL	20	0	0	NOT_EVALUABLE	fewer_than_four_donors_per_group									0	0	NOT_EVALUABLE	fewer_than_four_donors_per_group								
original_severity	Granulocyte	CIAP_minus_CTRL	20	2	0	NOT_EVALUABLE	fewer_than_four_donors_per_group									2	0	NOT_EVALUABLE	fewer_than_four_donors_per_group								
original_severity	Granulocyte	VN_minus_CTRL	20	0	0	NOT_EVALUABLE	fewer_than_four_donors_per_group									0	0	NOT_EVALUABLE	fewer_than_four_donors_per_group								
original_severity	Lymphatic_endothelial	CIDP_minus_CTRL	20	6	2	NOT_EVALUABLE	fewer_than_four_donors_per_group									6	2	NOT_EVALUABLE	fewer_than_four_donors_per_group								
original_severity	Lymphatic_endothelial	CIAP_minus_CTRL	20	8	2	NOT_EVALUABLE	fewer_than_four_donors_per_group									8	2	NOT_EVALUABLE	fewer_than_four_donors_per_group								
original_severity	Lymphatic_endothelial	VN_minus_CTRL	20	0	2	NOT_EVALUABLE	fewer_than_four_donors_per_group									0	2	NOT_EVALUABLE	fewer_than_four_donors_per_group								
original_severity	Lymphoid	CIDP_minus_CTRL	20	9	4	NOT_EVALUABLE	residual_df_below_eight					6.0	6.0	7.0		9	4	NOT_EVALUABLE	residual_df_below_eight					6.0	6.0	7.0	
original_severity	Lymphoid	CIAP_minus_CTRL	20	11	4	COMPLETED	age_sex_center_HC3_sensitivity	0.9641321767404708	0.0026929824579161	-0.1146805848949421	0.1200665498107743	6.0	6.0	9.0	0.9996329437623444	11	4	COMPLETED	age_sex_center_HC3_sensitivity	0.8312309357559831	-0.0107613254020992	-0.1097267061847428	0.0882040553805443	6.0	6.0	9.0	0.992439062865758
original_severity	Lymphoid	VN_minus_CTRL	20	5	4	NOT_EVALUABLE	diagnosis_fully_confounded_with_center									5	4	NOT_EVALUABLE	diagnosis_fully_confounded_with_center								
original_severity	Macrophage	CIDP_minus_CTRL	20	9	4	NOT_EVALUABLE	residual_df_below_eight					6.0	6.0	7.0		9	4	NOT_EVALUABLE	residual_df_below_eight					6.0	6.0	7.0	
original_severity	Macrophage	CIAP_minus_CTRL	20	11	4	COMPLETED	age_sex_center_HC3_sensitivity	0.960400518926934	0.0023323639164828	-0.0897373009611904	0.0944020287941562	6.0	6.0	9.0	0.9996329437623444	11	4	COMPLETED	age_sex_center_HC3_sensitivity	0.8271144545772493	-0.008415546300218	-0.0839369555783252	0.0671058629778891	6.0	6.0	9.0	0.992439062865758
original_severity	Macrophage	VN_minus_CTRL	20	5	4	NOT_EVALUABLE	diagnosis_fully_confounded_with_center									5	4	NOT_EVALUABLE	diagnosis_fully_confounded_with_center								
original_severity	Mast	CIDP_minus_CTRL	20	6	2	NOT_EVALUABLE	fewer_than_four_donors_per_group									6	2	NOT_EVALUABLE	fewer_than_four_donors_per_group								
original_severity	Mast	CIAP_minus_CTRL	20	9	2	NOT_EVALUABLE	fewer_than_four_donors_per_group									9	2	NOT_EVALUABLE	fewer_than_four_donors_per_group								
original_severity	Mast	VN_minus_CTRL	20	0	2	NOT_EVALUABLE	fewer_than_four_donors_per_group									0	2	NOT_EVALUABLE	fewer_than_four_donors_per_group								
original_severity	Mural	CIDP_minus_CTRL	20	9	4	NOT_EVALUABLE	residual_df_below_eight					6.0	6.0	7.0		9	4	NOT_EVALUABLE	residual_df_below_eight					6.0	6.0	7.0	
original_severity	Mural	CIAP_minus_CTRL	20	11	4	COMPLETED	age_sex_center_HC3_sensitivity	0.664168822141445	0.0205781857084754	-0.0723185881244286	0.1134749595413794	6.0	6.0	9.0	0.9996329437623444	11	4	COMPLETED	age_sex_center_HC3_sensitivity	0.6798007482243276	0.0140571868478583	-0.0526964859915413	0.080810859687258	6.0	6.0	9.0	0.992439062865758
original_severity	Mural	VN_minus_CTRL	20	5	4	NOT_EVALUABLE	diagnosis_fully_confounded_with_center									5	4	NOT_EVALUABLE	diagnosis_fully_confounded_with_center								
original_severity	Perineurial	CIDP_minus_CTRL	20	9	4	NOT_EVALUABLE	residual_df_below_eight					6.0	6.0	7.0		9	4	NOT_EVALUABLE	residual_df_below_eight					6.0	6.0	7.0	
original_severity	Perineurial	CIAP_minus_CTRL	20	11	4	COMPLETED	age_sex_center_HC3_sensitivity	0.5724542597174815	-0.0099857707820116	-0.0446603641566706	0.0246888225926472	6.0	6.0	9.0	0.9996329437623444	11	4	COMPLETED	age_sex_center_HC3_sensitivity	0.1272414038275272	-0.0154773445774328	-0.0353682474178736	0.0044135582630078	6.0	6.0	9.0	0.992439062865758
original_severity	Perineurial	VN_minus_CTRL	20	5	4	NOT_EVALUABLE	diagnosis_fully_confounded_with_center									5	4	NOT_EVALUABLE	diagnosis_fully_confounded_with_center								
original_severity	Schwann	CIDP_minus_CTRL	20	9	4	NOT_EVALUABLE	residual_df_below_eight					6.0	6.0	7.0		9	4	NOT_EVALUABLE	residual_df_below_eight					6.0	6.0	7.0	
original_severity	Schwann	CIAP_minus_CTRL	20	11	4	COMPLETED	age_sex_center_HC3_sensitivity	0.98383928096591	0.0003674019484571	-0.0351825673707971	0.0359173712677113	6.0	6.0	9.0	0.9996329437623444	11	4	COMPLETED	age_sex_center_HC3_sensitivity	0.911705774557413	-0.0014240564113109	-0.0265946676269184	0.0237465548042964	6.0	6.0	9.0	0.992439062865758
original_severity	Schwann	VN_minus_CTRL	20	5	4	NOT_EVALUABLE	diagnosis_fully_confounded_with_center									5	4	NOT_EVALUABLE	diagnosis_fully_confounded_with_center								
original_severity	Vascular_endothelial	CIDP_minus_CTRL	20	9	4	NOT_EVALUABLE	residual_df_below_eight					6.0	6.0	7.0		9	4	NOT_EVALUABLE	residual_df_below_eight					6.0	6.0	7.0	
original_severity	Vascular_endothelial	CIAP_minus_CTRL	20	11	4	COMPLETED	age_sex_center_HC3_sensitivity	0.9379869376923928	-0.0032340474387354	-0.0847069924651422	0.0782388975876713	6.0	6.0	9.0	0.9996329437623444	11	4	COMPLETED	age_sex_center_HC3_sensitivity	0.8749712357775076	-0.0052324893220433	-0.0704099545276203	0.0599449758835337	6.0	6.0	9.0	0.992439062865758
original_severity	Vascular_endothelial	VN_minus_CTRL	20	5	4	NOT_EVALUABLE	diagnosis_fully_confounded_with_center									5	4	NOT_EVALUABLE	diagnosis_fully_confounded_with_center								
original_xenium	Adipocyte	CIDP_minus_CTRL	20	6	2	NOT_EVALUABLE	fewer_than_four_donors_per_group									6	2	NOT_EVALUABLE	fewer_than_four_donors_per_group								
original_xenium	Adipocyte	CIAP_minus_CTRL	20	10	2	NOT_EVALUABLE	fewer_than_four_donors_per_group									10	2	NOT_EVALUABLE	fewer_than_four_donors_per_group								
original_xenium	Adipocyte	VN_minus_CTRL	20	2	2	NOT_EVALUABLE	fewer_than_four_donors_per_group									2	2	NOT_EVALUABLE	fewer_than_four_donors_per_group								
original_xenium	Endoneurial	CIDP_minus_CTRL	20	9	4	NOT_EVALUABLE	residual_df_below_eight					6.0	6.0	7.0		9	4	NOT_EVALUABLE	residual_df_below_eight					6.0	6.0	7.0	
original_xenium	Endoneurial	CIAP_minus_CTRL	20	11	4	COMPLETED	age_sex_center_HC3_sensitivity	0.6834981058028794	-0.0298474382011002	-0.1733370592230352	0.1136421828208347	6.0	6.0	9.0	0.9996329437623444	11	4	COMPLETED	age_sex_center_HC3_sensitivity	0.7058803924714043	-0.0299316752105139	-0.1853790720881257	0.1255157216670978	6.0	6.0	9.0	0.992439062865758
original_xenium	Endoneurial	VN_minus_CTRL	20	5	4	NOT_EVALUABLE	diagnosis_fully_confounded_with_center									5	4	NOT_EVALUABLE	diagnosis_fully_confounded_with_center								
original_xenium	Epineurial	CIDP_minus_CTRL	20	9	4	NOT_EVALUABLE	residual_df_below_eight					6.0	6.0	7.0		9	4	NOT_EVALUABLE	residual_df_below_eight					6.0	6.0	7.0	
original_xenium	Epineurial	CIAP_minus_CTRL	20	11	4	COMPLETED	age_sex_center_HC3_sensitivity	0.6337385931042413	-0.038004480396981	-0.1943358281777307	0.1183268673837685	6.0	6.0	9.0	0.9996329437623444	11	4	COMPLETED	age_sex_center_HC3_sensitivity	0.6370861528483053	-0.0401932858274853	-0.207173523401199	0.1267869517462284	6.0	6.0	9.0	0.992439062865758
original_xenium	Epineurial	VN_minus_CTRL	20	5	4	NOT_EVALUABLE	diagnosis_fully_confounded_with_center									5	4	NOT_EVALUABLE	diagnosis_fully_confounded_with_center								
original_xenium	Granulocyte	CIDP_minus_CTRL	20	0	0	NOT_EVALUABLE	fewer_than_four_donors_per_group									0	0	NOT_EVALUABLE	fewer_than_four_donors_per_group								
original_xenium	Granulocyte	CIAP_minus_CTRL	20	2	0	NOT_EVALUABLE	fewer_than_four_donors_per_group									2	0	NOT_EVALUABLE	fewer_than_four_donors_per_group								
original_xenium	Granulocyte	VN_minus_CTRL	20	0	0	NOT_EVALUABLE	fewer_than_four_donors_per_group									0	0	NOT_EVALUABLE	fewer_than_four_donors_per_group								
original_xenium	Lymphatic_endothelial	CIDP_minus_CTRL	20	6	2	NOT_EVALUABLE	fewer_than_four_donors_per_group									6	2	NOT_EVALUABLE	fewer_than_four_donors_per_group								
original_xenium	Lymphatic_endothelial	CIAP_minus_CTRL	20	8	2	NOT_EVALUABLE	fewer_than_four_donors_per_group									8	2	NOT_EVALUABLE	fewer_than_four_donors_per_group								
original_xenium	Lymphatic_endothelial	VN_minus_CTRL	20	0	2	NOT_EVALUABLE	fewer_than_four_donors_per_group									0	2	NOT_EVALUABLE	fewer_than_four_donors_per_group								
original_xenium	Lymphoid	CIDP_minus_CTRL	20	9	4	NOT_EVALUABLE	residual_df_below_eight					6.0	6.0	7.0		9	4	NOT_EVALUABLE	residual_df_below_eight					6.0	6.0	7.0	
original_xenium	Lymphoid	CIAP_minus_CTRL	20	11	4	COMPLETED	age_sex_center_HC3_sensitivity	0.8282496035828306	-0.0229427515282718	-0.2302143644636564	0.1843288614071128	6.0	6.0	9.0	0.9996329437623444	11	4	COMPLETED	age_sex_center_HC3_sensitivity	0.8833330379446809	-0.016239870238403	-0.2331432690995147	0.2006635286227087	6.0	6.0	9.0	0.992439062865758
original_xenium	Lymphoid	VN_minus_CTRL	20	5	4	NOT_EVALUABLE	diagnosis_fully_confounded_with_center									5	4	NOT_EVALUABLE	diagnosis_fully_confounded_with_center								
original_xenium	Macrophage	CIDP_minus_CTRL	20	9	4	NOT_EVALUABLE	residual_df_below_eight					6.0	6.0	7.0		9	4	NOT_EVALUABLE	residual_df_below_eight					6.0	6.0	7.0	
original_xenium	Macrophage	CIAP_minus_CTRL	20	11	4	COMPLETED	age_sex_center_HC3_sensitivity	0.2890905809659884	-0.1605305135574535	-0.457321817811965	0.1362607906970579	6.0	6.0	9.0	0.9996329437623444	11	4	COMPLETED	age_sex_center_HC3_sensitivity	0.3183162978091939	-0.1525125478878185	-0.4520535483475409	0.1470284525719038	6.0	6.0	9.0	0.992439062865758
original_xenium	Macrophage	VN_minus_CTRL	20	5	4	NOT_EVALUABLE	diagnosis_fully_confounded_with_center									5	4	NOT_EVALUABLE	diagnosis_fully_confounded_with_center								
original_xenium	Mast	CIDP_minus_CTRL	20	6	2	NOT_EVALUABLE	fewer_than_four_donors_per_group									6	2	NOT_EVALUABLE	fewer_than_four_donors_per_group								
original_xenium	Mast	CIAP_minus_CTRL	20	9	2	NOT_EVALUABLE	fewer_than_four_donors_per_group									9	2	NOT_EVALUABLE	fewer_than_four_donors_per_group								
original_xenium	Mast	VN_minus_CTRL	20	0	2	NOT_EVALUABLE	fewer_than_four_donors_per_group									0	2	NOT_EVALUABLE	fewer_than_four_donors_per_group								
original_xenium	Mural	CIDP_minus_CTRL	20	9	4	NOT_EVALUABLE	residual_df_below_eight					6.0	6.0	7.0		9	4	NOT_EVALUABLE	residual_df_below_eight					6.0	6.0	7.0	
original_xenium	Mural	CIAP_minus_CTRL	20	11	4	COMPLETED	age_sex_center_HC3_sensitivity	0.915191962352735	-0.0053871738742428	-0.1045369857676325	0.0937626380191468	6.0	6.0	9.0	0.9996329437623444	11	4	COMPLETED	age_sex_center_HC3_sensitivity	0.92318072554871	-0.0060803612313875	-0.1296679085456054	0.1175071860828303	6.0	6.0	9.0	0.992439062865758
original_xenium	Mural	VN_minus_CTRL	20	5	4	NOT_EVALUABLE	diagnosis_fully_confounded_with_center									5	4	NOT_EVALUABLE	diagnosis_fully_confounded_with_center								
original_xenium	Perineurial	CIDP_minus_CTRL	20	9	4	NOT_EVALUABLE	residual_df_below_eight					6.0	6.0	7.0		9	4	NOT_EVALUABLE	residual_df_below_eight					6.0	6.0	7.0	
original_xenium	Perineurial	CIAP_minus_CTRL	20	11	4	COMPLETED	age_sex_center_HC3_sensitivity	0.7268737608196275	-0.0261107306471027	-0.1726265554111387	0.1204050941169333	6.0	6.0	9.0	0.9996329437623444	11	4	COMPLETED	age_sex_center_HC3_sensitivity	0.7049390420064152	-0.0314190512800418	-0.1940449431545453	0.1312068405944616	6.0	6.0	9.0	0.992439062865758
original_xenium	Perineurial	VN_minus_CTRL	20	5	4	NOT_EVALUABLE	diagnosis_fully_confounded_with_center									5	4	NOT_EVALUABLE	diagnosis_fully_confounded_with_center								
original_xenium	Schwann	CIDP_minus_CTRL	20	9	4	NOT_EVALUABLE	residual_df_below_eight					6.0	6.0	7.0		9	4	NOT_EVALUABLE	residual_df_below_eight					6.0	6.0	7.0	
original_xenium	Schwann	CIAP_minus_CTRL	20	11	4	COMPLETED	age_sex_center_HC3_sensitivity	0.0129570631339217	0.0378048966265142	0.0079868649906787	0.0676229282623497	6.0	6.0	9.0	0.4664542728211825	11	4	COMPLETED	age_sex_center_HC3_sensitivity	0.0402901751207662	0.0395261953502605	0.0017500239113303	0.0773023667891907	6.0	6.0	9.0	0.992439062865758
original_xenium	Schwann	VN_minus_CTRL	20	5	4	NOT_EVALUABLE	diagnosis_fully_confounded_with_center									5	4	NOT_EVALUABLE	diagnosis_fully_confounded_with_center								
original_xenium	Vascular_endothelial	CIDP_minus_CTRL	20	9	4	NOT_EVALUABLE	residual_df_below_eight					6.0	6.0	7.0		9	4	NOT_EVALUABLE	residual_df_below_eight					6.0	6.0	7.0	
original_xenium	Vascular_endothelial	CIAP_minus_CTRL	20	11	4	COMPLETED	age_sex_center_HC3_sensitivity	0.6589160497633408	-0.0202090433293106	-0.1099418947951727	0.0695238081365514	6.0	6.0	9.0	0.9996329437623444	11	4	COMPLETED	age_sex_center_HC3_sensitivity	0.6716575675138228	-0.0202718050312814	-0.1140071836465559	0.0734635735839931	6.0	6.0	9.0	0.992439062865758
original_xenium	Vascular_endothelial	VN_minus_CTRL	20	5	4	NOT_EVALUABLE	diagnosis_fully_confounded_with_center									5	4	NOT_EVALUABLE	diagnosis_fully_confounded_with_center								
severity_neuron_residual	Adipocyte	CIDP_minus_CTRL	20	6	2	NOT_EVALUABLE	fewer_than_four_donors_per_group									6	2	NOT_EVALUABLE	fewer_than_four_donors_per_group								
severity_neuron_residual	Adipocyte	CIAP_minus_CTRL	20	10	2	NOT_EVALUABLE	fewer_than_four_donors_per_group									10	2	NOT_EVALUABLE	fewer_than_four_donors_per_group								
severity_neuron_residual	Adipocyte	VN_minus_CTRL	20	2	2	NOT_EVALUABLE	fewer_than_four_donors_per_group									2	2	NOT_EVALUABLE	fewer_than_four_donors_per_group								
severity_neuron_residual	Endoneurial	CIDP_minus_CTRL	20	9	4	NOT_EVALUABLE	residual_df_below_eight					6.0	6.0	7.0		9	4	NOT_EVALUABLE	residual_df_below_eight					6.0	6.0	7.0	
severity_neuron_residual	Endoneurial	CIAP_minus_CTRL	20	11	4	COMPLETED	age_sex_center_HC3_sensitivity	0.7827825462942278	-0.0119270994984413	-0.0967190204249044	0.0728648214280216	6.0	6.0	9.0	0.9996329437623444	11	4	COMPLETED	age_sex_center_HC3_sensitivity	0.8465050862249902	-0.0082301976325135	-0.0915597032532833	0.0750993079882562	6.0	6.0	9.0	0.992439062865758
severity_neuron_residual	Endoneurial	VN_minus_CTRL	20	5	4	NOT_EVALUABLE	diagnosis_fully_confounded_with_center									5	4	NOT_EVALUABLE	diagnosis_fully_confounded_with_center								
severity_neuron_residual	Epineurial	CIDP_minus_CTRL	20	9	4	NOT_EVALUABLE	residual_df_below_eight					6.0	6.0	7.0		9	4	NOT_EVALUABLE	residual_df_below_eight					6.0	6.0	7.0	
severity_neuron_residual	Epineurial	CIAP_minus_CTRL	20	11	4	COMPLETED	age_sex_center_HC3_sensitivity	0.4595210471250828	-0.0237163754961637	-0.0865625024200149	0.0391297514276873	6.0	6.0	9.0	0.9996329437623444	11	4	COMPLETED	age_sex_center_HC3_sensitivity	0.4657913886331947	-0.0193899005675891	-0.071496337880936	0.0327165367457576	6.0	6.0	9.0	0.992439062865758
severity_neuron_residual	Epineurial	VN_minus_CTRL	20	5	4	NOT_EVALUABLE	diagnosis_fully_confounded_with_center									5	4	NOT_EVALUABLE	diagnosis_fully_confounded_with_center								
severity_neuron_residual	Granulocyte	CIDP_minus_CTRL	20	0	0	NOT_EVALUABLE	fewer_than_four_donors_per_group									0	0	NOT_EVALUABLE	fewer_than_four_donors_per_group								
severity_neuron_residual	Granulocyte	CIAP_minus_CTRL	20	2	0	NOT_EVALUABLE	fewer_than_four_donors_per_group									2	0	NOT_EVALUABLE	fewer_than_four_donors_per_group								
severity_neuron_residual	Granulocyte	VN_minus_CTRL	20	0	0	NOT_EVALUABLE	fewer_than_four_donors_per_group									0	0	NOT_EVALUABLE	fewer_than_four_donors_per_group								
severity_neuron_residual	Lymphatic_endothelial	CIDP_minus_CTRL	20	6	2	NOT_EVALUABLE	fewer_than_four_donors_per_group									6	2	NOT_EVALUABLE	fewer_than_four_donors_per_group								
severity_neuron_residual	Lymphatic_endothelial	CIAP_minus_CTRL	20	8	2	NOT_EVALUABLE	fewer_than_four_donors_per_group									8	2	NOT_EVALUABLE	fewer_than_four_donors_per_group								
severity_neuron_residual	Lymphatic_endothelial	VN_minus_CTRL	20	0	2	NOT_EVALUABLE	fewer_than_four_donors_per_group									0	2	NOT_EVALUABLE	fewer_than_four_donors_per_group								
severity_neuron_residual	Lymphoid	CIDP_minus_CTRL	20	9	4	NOT_EVALUABLE	residual_df_below_eight					6.0	6.0	7.0		9	4	NOT_EVALUABLE	residual_df_below_eight					6.0	6.0	7.0	
severity_neuron_residual	Lymphoid	CIAP_minus_CTRL	20	11	4	COMPLETED	age_sex_center_HC3_sensitivity	0.9884408004996856	-0.0008949042316641	-0.1219607839894814	0.1201709755261531	6.0	6.0	9.0	0.9996329437623444	11	4	COMPLETED	age_sex_center_HC3_sensitivity	0.8767001203919034	-0.008728159896705	-0.1189857635199899	0.1015294437265798	6.0	6.0	9.0	0.992439062865758
severity_neuron_residual	Lymphoid	VN_minus_CTRL	20	5	4	NOT_EVALUABLE	diagnosis_fully_confounded_with_center									5	4	NOT_EVALUABLE	diagnosis_fully_confounded_with_center								
severity_neuron_residual	Macrophage	CIDP_minus_CTRL	20	9	4	NOT_EVALUABLE	residual_df_below_eight					6.0	6.0	7.0		9	4	NOT_EVALUABLE	residual_df_below_eight					6.0	6.0	7.0	
severity_neuron_residual	Macrophage	CIAP_minus_CTRL	20	11	4	COMPLETED	age_sex_center_HC3_sensitivity	0.9996329437623444	2.421565170258877e-05	-0.1031453708466688	0.103193802150074	6.0	6.0	9.0	0.9996329437623444	11	4	COMPLETED	age_sex_center_HC3_sensitivity	0.8209100844942265	-0.0108886213234821	-0.1051629171284756	0.0833856744815114	6.0	6.0	9.0	0.992439062865758
severity_neuron_residual	Macrophage	VN_minus_CTRL	20	5	4	NOT_EVALUABLE	diagnosis_fully_confounded_with_center									5	4	NOT_EVALUABLE	diagnosis_fully_confounded_with_center								
severity_neuron_residual	Mast	CIDP_minus_CTRL	20	6	2	NOT_EVALUABLE	fewer_than_four_donors_per_group									6	2	NOT_EVALUABLE	fewer_than_four_donors_per_group								
severity_neuron_residual	Mast	CIAP_minus_CTRL	20	9	2	NOT_EVALUABLE	fewer_than_four_donors_per_group									9	2	NOT_EVALUABLE	fewer_than_four_donors_per_group								
severity_neuron_residual	Mast	VN_minus_CTRL	20	0	2	NOT_EVALUABLE	fewer_than_four_donors_per_group									0	2	NOT_EVALUABLE	fewer_than_four_donors_per_group								
severity_neuron_residual	Mural	CIDP_minus_CTRL	20	9	4	NOT_EVALUABLE	residual_df_below_eight					6.0	6.0	7.0		9	4	NOT_EVALUABLE	residual_df_below_eight					6.0	6.0	7.0	
severity_neuron_residual	Mural	CIAP_minus_CTRL	20	11	4	COMPLETED	age_sex_center_HC3_sensitivity	0.6685570288850082	0.0211714567588002	-0.075750894660129	0.1180938081777294	6.0	6.0	9.0	0.9996329437623444	11	4	COMPLETED	age_sex_center_HC3_sensitivity	0.6112106220263719	0.0202795371391652	-0.0579096331768325	0.0984687074551631	6.0	6.0	9.0	0.992439062865758
severity_neuron_residual	Mural	VN_minus_CTRL	20	5	4	NOT_EVALUABLE	diagnosis_fully_confounded_with_center									5	4	NOT_EVALUABLE	diagnosis_fully_confounded_with_center								
severity_neuron_residual	Perineurial	CIDP_minus_CTRL	20	9	4	NOT_EVALUABLE	residual_df_below_eight					6.0	6.0	7.0		9	4	NOT_EVALUABLE	residual_df_below_eight					6.0	6.0	7.0	
severity_neuron_residual	Perineurial	CIAP_minus_CTRL	20	11	4	COMPLETED	age_sex_center_HC3_sensitivity	0.5495051792742722	-0.0120293962114887	-0.0514230698358296	0.0273642774128521	6.0	6.0	9.0	0.9996329437623444	11	4	COMPLETED	age_sex_center_HC3_sensitivity	0.3635072173268078	-0.0122403486330266	-0.038641337004891	0.0141606397388376	6.0	6.0	9.0	0.992439062865758
severity_neuron_residual	Perineurial	VN_minus_CTRL	20	5	4	NOT_EVALUABLE	diagnosis_fully_confounded_with_center									5	4	NOT_EVALUABLE	diagnosis_fully_confounded_with_center								
severity_neuron_residual	Schwann	CIDP_minus_CTRL	20	9	4	NOT_EVALUABLE	residual_df_below_eight					6.0	6.0	7.0		9	4	NOT_EVALUABLE	residual_df_below_eight					6.0	6.0	7.0	
severity_neuron_residual	Schwann	CIAP_minus_CTRL	20	11	4	COMPLETED	age_sex_center_HC3_sensitivity	0.9859343534643504	0.0004189478464213	-0.0461574522860197	0.0469953479788623	6.0	6.0	9.0	0.9996329437623444	11	4	COMPLETED	age_sex_center_HC3_sensitivity	0.9865884113659876	-0.0003134199588372	-0.0368572552804462	0.0362304153627716	6.0	6.0	9.0	0.992439062865758
severity_neuron_residual	Schwann	VN_minus_CTRL	20	5	4	NOT_EVALUABLE	diagnosis_fully_confounded_with_center									5	4	NOT_EVALUABLE	diagnosis_fully_confounded_with_center								
severity_neuron_residual	Vascular_endothelial	CIDP_minus_CTRL	20	9	4	NOT_EVALUABLE	residual_df_below_eight					6.0	6.0	7.0		9	4	NOT_EVALUABLE	residual_df_below_eight					6.0	6.0	7.0	
severity_neuron_residual	Vascular_endothelial	CIAP_minus_CTRL	20	11	4	COMPLETED	age_sex_center_HC3_sensitivity	0.8536468155490549	-0.0072051346423908	-0.0837596152069172	0.0693493459221355	6.0	6.0	9.0	0.9996329437623444	11	4	COMPLETED	age_sex_center_HC3_sensitivity	0.7663228078879432	-0.0089942263326703	-0.068311379401542	0.0503229267362013	6.0	6.0	9.0	0.992439062865758
severity_neuron_residual	Vascular_endothelial	VN_minus_CTRL	20	5	4	NOT_EVALUABLE	diagnosis_fully_confounded_with_center									5	4	NOT_EVALUABLE	diagnosis_fully_confounded_with_center								
severity_neuron_shared_concordant_core	Adipocyte	CIDP_minus_CTRL	20	0	0	NOT_EVALUABLE	fewer_than_four_donors_per_group									6	2	NOT_EVALUABLE	fewer_than_four_donors_per_group								
severity_neuron_shared_concordant_core	Adipocyte	CIAP_minus_CTRL	20	0	0	NOT_EVALUABLE	fewer_than_four_donors_per_group									10	2	NOT_EVALUABLE	fewer_than_four_donors_per_group								
severity_neuron_shared_concordant_core	Adipocyte	VN_minus_CTRL	20	0	0	NOT_EVALUABLE	fewer_than_four_donors_per_group									2	2	NOT_EVALUABLE	fewer_than_four_donors_per_group								
severity_neuron_shared_concordant_core	Endoneurial	CIDP_minus_CTRL	20	0	0	NOT_EVALUABLE	fewer_than_four_donors_per_group									9	4	NOT_EVALUABLE	residual_df_below_eight					6.0	6.0	7.0	
severity_neuron_shared_concordant_core	Endoneurial	CIAP_minus_CTRL	20	0	0	NOT_EVALUABLE	fewer_than_four_donors_per_group									11	4	COMPLETED	age_sex_center_HC3_sensitivity	0.4045553983823449	-0.0225780978217751	-0.0756693536304724	0.0305131579869222	6.0	6.0	9.0	0.992439062865758
severity_neuron_shared_concordant_core	Endoneurial	VN_minus_CTRL	20	0	0	NOT_EVALUABLE	fewer_than_four_donors_per_group									5	4	NOT_EVALUABLE	diagnosis_fully_confounded_with_center								
severity_neuron_shared_concordant_core	Epineurial	CIDP_minus_CTRL	20	0	0	NOT_EVALUABLE	fewer_than_four_donors_per_group									9	4	NOT_EVALUABLE	residual_df_below_eight					6.0	6.0	7.0	
severity_neuron_shared_concordant_core	Epineurial	CIAP_minus_CTRL	20	0	0	NOT_EVALUABLE	fewer_than_four_donors_per_group									11	4	COMPLETED	age_sex_center_HC3_sensitivity	0.2847475339958358	-0.0429823586595969	-0.1217359156572021	0.0357711983380082	6.0	6.0	9.0	0.992439062865758
severity_neuron_shared_concordant_core	Epineurial	VN_minus_CTRL	20	0	0	NOT_EVALUABLE	fewer_than_four_donors_per_group									5	4	NOT_EVALUABLE	diagnosis_fully_confounded_with_center								
severity_neuron_shared_concordant_core	Granulocyte	CIDP_minus_CTRL	20	0	0	NOT_EVALUABLE	fewer_than_four_donors_per_group									0	0	NOT_EVALUABLE	fewer_than_four_donors_per_group								
severity_neuron_shared_concordant_core	Granulocyte	CIAP_minus_CTRL	20	0	0	NOT_EVALUABLE	fewer_than_four_donors_per_group									2	0	NOT_EVALUABLE	fewer_than_four_donors_per_group								
severity_neuron_shared_concordant_core	Granulocyte	VN_minus_CTRL	20	0	0	NOT_EVALUABLE	fewer_than_four_donors_per_group									0	0	NOT_EVALUABLE	fewer_than_four_donors_per_group								
severity_neuron_shared_concordant_core	Lymphatic_endothelial	CIDP_minus_CTRL	20	0	0	NOT_EVALUABLE	fewer_than_four_donors_per_group									6	2	NOT_EVALUABLE	fewer_than_four_donors_per_group								
severity_neuron_shared_concordant_core	Lymphatic_endothelial	CIAP_minus_CTRL	20	0	0	NOT_EVALUABLE	fewer_than_four_donors_per_group									8	2	NOT_EVALUABLE	fewer_than_four_donors_per_group								
severity_neuron_shared_concordant_core	Lymphatic_endothelial	VN_minus_CTRL	20	0	0	NOT_EVALUABLE	fewer_than_four_donors_per_group									0	2	NOT_EVALUABLE	fewer_than_four_donors_per_group								
severity_neuron_shared_concordant_core	Lymphoid	CIDP_minus_CTRL	20	0	0	NOT_EVALUABLE	fewer_than_four_donors_per_group									9	4	NOT_EVALUABLE	residual_df_below_eight					6.0	6.0	7.0	
severity_neuron_shared_concordant_core	Lymphoid	CIAP_minus_CTRL	20	0	0	NOT_EVALUABLE	fewer_than_four_donors_per_group									11	4	COMPLETED	age_sex_center_HC3_sensitivity	0.5295272791233802	-0.0182474091439941	-0.0751309525607893	0.0386361342728009	6.0	6.0	9.0	0.992439062865758
severity_neuron_shared_concordant_core	Lymphoid	VN_minus_CTRL	20	0	0	NOT_EVALUABLE	fewer_than_four_donors_per_group									5	4	NOT_EVALUABLE	diagnosis_fully_confounded_with_center								
severity_neuron_shared_concordant_core	Macrophage	CIDP_minus_CTRL	20	0	0	NOT_EVALUABLE	fewer_than_four_donors_per_group									9	4	NOT_EVALUABLE	residual_df_below_eight					6.0	6.0	7.0	
severity_neuron_shared_concordant_core	Macrophage	CIAP_minus_CTRL	20	0	0	NOT_EVALUABLE	fewer_than_four_donors_per_group									11	4	COMPLETED	age_sex_center_HC3_sensitivity	0.7483319822726657	0.0156507934050701	-0.0799577153929965	0.1112593022031369	6.0	6.0	9.0	0.992439062865758
severity_neuron_shared_concordant_core	Macrophage	VN_minus_CTRL	20	0	0	NOT_EVALUABLE	fewer_than_four_donors_per_group									5	4	NOT_EVALUABLE	diagnosis_fully_confounded_with_center								
severity_neuron_shared_concordant_core	Mast	CIDP_minus_CTRL	20	0	0	NOT_EVALUABLE	fewer_than_four_donors_per_group									6	2	NOT_EVALUABLE	fewer_than_four_donors_per_group								
severity_neuron_shared_concordant_core	Mast	CIAP_minus_CTRL	20	0	0	NOT_EVALUABLE	fewer_than_four_donors_per_group									9	2	NOT_EVALUABLE	fewer_than_four_donors_per_group								
severity_neuron_shared_concordant_core	Mast	VN_minus_CTRL	20	0	0	NOT_EVALUABLE	fewer_than_four_donors_per_group									0	2	NOT_EVALUABLE	fewer_than_four_donors_per_group								
severity_neuron_shared_concordant_core	Mural	CIDP_minus_CTRL	20	0	0	NOT_EVALUABLE	fewer_than_four_donors_per_group									9	4	NOT_EVALUABLE	residual_df_below_eight					6.0	6.0	7.0	
severity_neuron_shared_concordant_core	Mural	CIAP_minus_CTRL	20	0	0	NOT_EVALUABLE	fewer_than_four_donors_per_group									11	4	COMPLETED	age_sex_center_HC3_sensitivity	0.1954674042611629	-0.026233012989787	-0.0659493838863862	0.013483357906812	6.0	6.0	9.0	0.992439062865758
severity_neuron_shared_concordant_core	Mural	VN_minus_CTRL	20	0	0	NOT_EVALUABLE	fewer_than_four_donors_per_group									5	4	NOT_EVALUABLE	diagnosis_fully_confounded_with_center								
severity_neuron_shared_concordant_core	Perineurial	CIDP_minus_CTRL	20	0	0	NOT_EVALUABLE	fewer_than_four_donors_per_group									9	4	NOT_EVALUABLE	residual_df_below_eight					6.0	6.0	7.0	
severity_neuron_shared_concordant_core	Perineurial	CIAP_minus_CTRL	20	0	0	NOT_EVALUABLE	fewer_than_four_donors_per_group									11	4	COMPLETED	age_sex_center_HC3_sensitivity	0.3627974716494709	-0.0216891001206647	-0.0684007894873441	0.0250225892460147	6.0	6.0	9.0	0.992439062865758
severity_neuron_shared_concordant_core	Perineurial	VN_minus_CTRL	20	0	0	NOT_EVALUABLE	fewer_than_four_donors_per_group									5	4	NOT_EVALUABLE	diagnosis_fully_confounded_with_center								
severity_neuron_shared_concordant_core	Schwann	CIDP_minus_CTRL	20	0	0	NOT_EVALUABLE	fewer_than_four_donors_per_group									9	4	NOT_EVALUABLE	residual_df_below_eight					6.0	6.0	7.0	
severity_neuron_shared_concordant_core	Schwann	CIAP_minus_CTRL	20	0	0	NOT_EVALUABLE	fewer_than_four_donors_per_group									11	4	COMPLETED	age_sex_center_HC3_sensitivity	0.6683590302313334	-0.0070645991073766	-0.0393856077458254	0.025256409531072	6.0	6.0	9.0	0.992439062865758
severity_neuron_shared_concordant_core	Schwann	VN_minus_CTRL	20	0	0	NOT_EVALUABLE	fewer_than_four_donors_per_group									5	4	NOT_EVALUABLE	diagnosis_fully_confounded_with_center								
severity_neuron_shared_concordant_core	Vascular_endothelial	CIDP_minus_CTRL	20	0	0	NOT_EVALUABLE	fewer_than_four_donors_per_group									9	4	NOT_EVALUABLE	residual_df_below_eight					6.0	6.0	7.0	
severity_neuron_shared_concordant_core	Vascular_endothelial	CIAP_minus_CTRL	20	0	0	NOT_EVALUABLE	fewer_than_four_donors_per_group									11	4	COMPLETED	age_sex_center_HC3_sensitivity	0.827981134033541	0.0106535388346908	-0.0854410927906862	0.1067481704600679	6.0	6.0	9.0	0.992439062865758
severity_neuron_shared_concordant_core	Vascular_endothelial	VN_minus_CTRL	20	0	0	NOT_EVALUABLE	fewer_than_four_donors_per_group									5	4	NOT_EVALUABLE	diagnosis_fully_confounded_with_center								
