program	celltype	contrast	minimum_nuclei	n_case_new	n_control_new	mean_difference_new	p_new	ci_low_new	ci_high_new	status_new	reason_new	allocations_new	permutations_new	absolute_Welch_t_new	q_new	n_case_old	n_control_old	mean_difference_old	p_old	ci_low_old	ci_high_old	status_old	reason_old	allocations_old	permutations_old	absolute_Welch_t_old	q_old
late_allcell_residual	Adipocyte	CIDP_minus_CTRL	30	6	2	-0.0042349224345333				NOT_EVALUABLE	fewer_than_four_donors_per_group					6	2	-0.0035236370075736				NOT_EVALUABLE	fewer_than_four_donors_per_group				
late_allcell_residual	Adipocyte	CIAP_minus_CTRL	30	10	2	-0.0024927504620306				NOT_EVALUABLE	fewer_than_four_donors_per_group					10	2	-0.0022215285052855				NOT_EVALUABLE	fewer_than_four_donors_per_group				
late_allcell_residual	Adipocyte	VN_minus_CTRL	30	2	2	-0.0128677118049505				NOT_EVALUABLE	fewer_than_four_donors_per_group					2	2	-0.0125537014762935				NOT_EVALUABLE	fewer_than_four_donors_per_group				
late_allcell_residual	Endoneurial	CIDP_minus_CTRL	30	9	4	-0.0005176450637889	0.9230769230769232	-0.0129174268852857	0.0112447831762222	COMPLETED	unadjusted_observational_association	715.0	715.0	0.0740065877630263	0.9773755656108598	9	4	-0.0001505777068417	0.9776223776223776	-0.0119874340757671	0.011347184725193	COMPLETED	unadjusted_observational_association	715.0	715.0	0.0225119540787267	0.9900707259197824
late_allcell_residual	Endoneurial	CIAP_minus_CTRL	30	11	4	-0.0007709472171516	0.9032967032967032	-0.0117732735103355	0.0088302429498419	COMPLETED	unadjusted_observational_association	1365.0	1365.0	0.1256655662953679	0.9773755656108598	11	4	-0.0003370608380169	0.953846153846154	-0.0109671492780333	0.0090049320706052	COMPLETED	unadjusted_observational_association	1365.0	1365.0	0.0571902682959463	0.9835634451019069
late_allcell_residual	Endoneurial	VN_minus_CTRL	30	5	4	0.0022927776049337				DESCRIPTIVE_ONLY	diagnosis_fully_confounded_with_center					5	4	0.0026894893137836				DESCRIPTIVE_ONLY	diagnosis_fully_confounded_with_center				
late_allcell_residual	Epineurial	CIDP_minus_CTRL	30	9	4	-0.0035874100994876	0.5678321678321678	-0.0143567627483765	0.0070615711205099	COMPLETED	unadjusted_observational_association	715.0	715.0	0.6142010604411721	0.8343656343656344	9	4	-0.0024530294058586	0.6531468531468532	-0.0117231349293761	0.0068495878343521	COMPLETED	unadjusted_observational_association	715.0	715.0	0.4861171679894558	0.8595848595848595
late_allcell_residual	Epineurial	CIAP_minus_CTRL	30	11	4	-0.0074133613489703	0.1274725274725274	-0.0145398186433342	0.0002357555969441	COMPLETED	unadjusted_observational_association	1365.0	1365.0	1.7930932563513675	0.5398836457659987	11	4	-0.0066993588927652	0.1201465201465201	-0.0131001160248082	0.0001339424919099	COMPLETED	unadjusted_observational_association	1365.0	1365.0	1.8225534578987057	0.4577010291296005
late_allcell_residual	Epineurial	VN_minus_CTRL	30	5	4	-0.0106173130318914				DESCRIPTIVE_ONLY	diagnosis_fully_confounded_with_center					5	4	-0.0105293770414653				DESCRIPTIVE_ONLY	diagnosis_fully_confounded_with_center				
late_allcell_residual	Granulocyte	CIDP_minus_CTRL	30	0	0					NOT_EVALUABLE	fewer_than_four_donors_per_group					0	0					NOT_EVALUABLE	fewer_than_four_donors_per_group				
late_allcell_residual	Granulocyte	CIAP_minus_CTRL	30	2	0					NOT_EVALUABLE	fewer_than_four_donors_per_group					2	0					NOT_EVALUABLE	fewer_than_four_donors_per_group				
late_allcell_residual	Granulocyte	VN_minus_CTRL	30	0	0					NOT_EVALUABLE	fewer_than_four_donors_per_group					0	0					NOT_EVALUABLE	fewer_than_four_donors_per_group				
late_allcell_residual	Lymphatic_endothelial	CIDP_minus_CTRL	30	4	2	-0.0117418180016115				NOT_EVALUABLE	fewer_than_four_donors_per_group					4	2	-0.012959143409214				NOT_EVALUABLE	fewer_than_four_donors_per_group				
late_allcell_residual	Lymphatic_endothelial	CIAP_minus_CTRL	30	6	2	-0.0062206538304145				NOT_EVALUABLE	fewer_than_four_donors_per_group					6	2	-0.0073865048952081				NOT_EVALUABLE	fewer_than_four_donors_per_group				
late_allcell_residual	Lymphatic_endothelial	VN_minus_CTRL	30	0	2					NOT_EVALUABLE	fewer_than_four_donors_per_group					0	2					NOT_EVALUABLE	fewer_than_four_donors_per_group				
late_allcell_residual	Lymphoid	CIDP_minus_CTRL	30	8	4	0.0128726561194181	0.0626262626262626	0.003322325919114	0.0227597661011566	COMPLETED	unadjusted_observational_association	495.0	495.0	2.2883449920924184	0.5208791208791209	8	4	0.0140372509708662	0.0404040404040404	0.0052253386606056	0.0228526379814183	COMPLETED	unadjusted_observational_association	495.0	495.0	2.7839829302521166	0.3591470258136925
late_allcell_residual	Lymphoid	CIAP_minus_CTRL	30	11	4	0.0071111256356629	0.2652014652014652	-0.0022686950356222	0.0175518473483731	COMPLETED	unadjusted_observational_association	1365.0	1365.0	1.2383951471275525	0.6227456753772542	11	4	0.0076142897106132	0.1963369963369963	-0.001512175069013	0.0173430973384233	COMPLETED	unadjusted_observational_association	1365.0	1365.0	1.428625548306984	0.5416193002399899
late_allcell_residual	Lymphoid	VN_minus_CTRL	30	5	4	0.0103452507175902				DESCRIPTIVE_ONLY	diagnosis_fully_confounded_with_center					5	4	0.0099857488717056				DESCRIPTIVE_ONLY	diagnosis_fully_confounded_with_center				
late_allcell_residual	Macrophage	CIDP_minus_CTRL	30	9	4	-0.0063046195166713	0.3202797202797203	-0.0172336421181078	0.0036466494569274	COMPLETED	unadjusted_observational_association	715.0	715.0	1.0788207705054933	0.6227456753772542	9	4	-0.0056837252942325	0.4013986013986014	-0.0173330859636837	0.004885817743014	COMPLETED	unadjusted_observational_association	715.0	715.0	0.9162976872105566	0.7365967365967365
late_allcell_residual	Macrophage	CIAP_minus_CTRL	30	11	4	-0.0051759624891736	0.1992673992673992	-0.0108380500611009	0.0013027531186126	COMPLETED	unadjusted_observational_association	1365.0	1365.0	1.4772789383368157	0.5647058823529412	11	4	-0.0047338175758275	0.3032967032967033	-0.0113294444989685	0.003183029805557	COMPLETED	unadjusted_observational_association	1365.0	1365.0	1.111902144511853	0.6317492031777745
late_allcell_residual	Macrophage	VN_minus_CTRL	30	5	4	-0.0114281588431725				DESCRIPTIVE_ONLY	diagnosis_fully_confounded_with_center					5	4	-0.0114641191945515				DESCRIPTIVE_ONLY	diagnosis_fully_confounded_with_center				
late_allcell_residual	Mast	CIDP_minus_CTRL	30	6	2	0.0045907263898015				NOT_EVALUABLE	fewer_than_four_donors_per_group					6	2	0.0067994353348381				NOT_EVALUABLE	fewer_than_four_donors_per_group				
late_allcell_residual	Mast	CIAP_minus_CTRL	30	7	2	0.0004671664560695				NOT_EVALUABLE	fewer_than_four_donors_per_group					7	2	0.0019797280662502				NOT_EVALUABLE	fewer_than_four_donors_per_group				
late_allcell_residual	Mast	VN_minus_CTRL	30	0	2					NOT_EVALUABLE	fewer_than_four_donors_per_group					0	2					NOT_EVALUABLE	fewer_than_four_donors_per_group				
late_allcell_residual	Mural	CIDP_minus_CTRL	30	9	4	0.0016201970812316	0.7230769230769231	-0.0055683766357422	0.0094468809164456	COMPLETED	unadjusted_observational_association	715.0	715.0	0.3667292200196267	0.9133603238866396	9	4	0.0025945457609613	0.5426573426573427	-0.0041480078760386	0.0100866285574109	COMPLETED	unadjusted_observational_association	715.0	715.0	0.6188253463227833	0.7913541004450095
late_allcell_residual	Mural	CIAP_minus_CTRL	30	11	4	0.0035684013740867	0.4542124542124542	-0.0035862832998404	0.0117349675849917	COMPLETED	unadjusted_observational_association	1365.0	1365.0	0.8233723481384128	0.81009361009361	11	4	0.0038102154802071	0.3758241758241758	-0.0025956756976625	0.0114373945134329	COMPLETED	unadjusted_observational_association	1365.0	1365.0	0.9546283033594698	0.7103594080338267
late_allcell_residual	Mural	VN_minus_CTRL	30	5	4	0.0015290005934891				DESCRIPTIVE_ONLY	diagnosis_fully_confounded_with_center					5	4	0.002126485012548				DESCRIPTIVE_ONLY	diagnosis_fully_confounded_with_center				
late_allcell_residual	Perineurial	CIDP_minus_CTRL	30	9	4	0.0070200996668025	0.2979020979020979	-0.0030420121213942	0.0179180025485813	COMPLETED	unadjusted_observational_association	715.0	715.0	1.2309311642459544	0.6227456753772542	9	4	0.0070395858945689	0.2993006993006993	-0.0028272953468325	0.0178116385748906	COMPLETED	unadjusted_observational_association	715.0	715.0	1.2492601696414871	0.6317492031777745
late_allcell_residual	Perineurial	CIAP_minus_CTRL	30	11	4	0.0042148904730633	0.4725274725274725	-0.0056395480014924	0.0137521941887025	COMPLETED	unadjusted_observational_association	1365.0	1365.0	0.7840067256936042	0.8123076923076923	11	4	0.0036625231928827	0.4967032967032967	-0.0054728926506113	0.0124865645368447	COMPLETED	unadjusted_observational_association	1365.0	1365.0	0.7321578759300164	0.7832665776591011
late_allcell_residual	Perineurial	VN_minus_CTRL	30	5	4	0.0091181028461521				DESCRIPTIVE_ONLY	diagnosis_fully_confounded_with_center					5	4	0.0079496698367404				DESCRIPTIVE_ONLY	diagnosis_fully_confounded_with_center				
late_allcell_residual	Schwann	CIDP_minus_CTRL	30	9	4	0.0091831544430546	0.179020979020979	-0.0016167114415767	0.0199119191224627	COMPLETED	unadjusted_observational_association	715.0	715.0	1.5215815494174716	0.5647058823529412	9	4	0.0117037963296937	0.1342657342657342	0.0005124465596113	0.0230576956064103	COMPLETED	unadjusted_observational_association	715.0	715.0	1.820701567432691	0.4615384615384615
late_allcell_residual	Schwann	CIAP_minus_CTRL	30	11	4	0.0137103610919214	0.1047619047619047	0.0010076685156936	0.0299729404683607	COMPLETED	unadjusted_observational_association	1365.0	1365.0	1.7695160430708363	0.5208791208791209	11	4	0.0148108587749797	0.0908424908424908	0.0020189645050829	0.0306018550255099	COMPLETED	unadjusted_observational_association	1365.0	1365.0	1.93005072135235	0.4444444444444444
late_allcell_residual	Schwann	VN_minus_CTRL	30	5	4	0.0241056530133233				DESCRIPTIVE_ONLY	diagnosis_fully_confounded_with_center					5	4	0.0230809143177752				DESCRIPTIVE_ONLY	diagnosis_fully_confounded_with_center				
late_allcell_residual	Vascular_endothelial	CIDP_minus_CTRL	30	9	4	-0.0021793824246366	0.5244755244755245	-0.0073771095430373	0.0039838112154147	COMPLETED	unadjusted_observational_association	715.0	715.0	0.6978208095823891	0.8144629563984402	9	4	-0.0016301114713197	0.5986013986013986	-0.0063422976555402	0.0039377790904694	COMPLETED	unadjusted_observational_association	715.0	715.0	0.5728534832069199	0.8315331392254469
late_allcell_residual	Vascular_endothelial	CIAP_minus_CTRL	30	11	4	-0.0025439655263411	0.4556776556776556	-0.0080603189343962	0.0032263454076726	COMPLETED	unadjusted_observational_association	1365.0	1365.0	0.8122259681619977	0.81009361009361	11	4	-0.0023956341696234	0.4402930402930403	-0.007479931791028	0.0029910436153468	COMPLETED	unadjusted_observational_association	1365.0	1365.0	0.8327264929205455	0.7494349622009197
late_allcell_residual	Vascular_endothelial	VN_minus_CTRL	30	5	4	-0.0039768234567192				DESCRIPTIVE_ONLY	diagnosis_fully_confounded_with_center					5	4	-0.003418261992869				DESCRIPTIVE_ONLY	diagnosis_fully_confounded_with_center				
late_neuron_residual	Adipocyte	CIDP_minus_CTRL	30	6	2	0.0054311370928574				NOT_EVALUABLE	fewer_than_four_donors_per_group					6	2	0.0083008918486464				NOT_EVALUABLE	fewer_than_four_donors_per_group				
late_neuron_residual	Adipocyte	CIAP_minus_CTRL	30	10	2	0.0113383609182806				NOT_EVALUABLE	fewer_than_four_donors_per_group					10	2	0.0105017236293868				NOT_EVALUABLE	fewer_than_four_donors_per_group				
late_neuron_residual	Adipocyte	VN_minus_CTRL	30	2	2	0.0119672644229573				NOT_EVALUABLE	fewer_than_four_donors_per_group					2	2	0.0124597237580716				NOT_EVALUABLE	fewer_than_four_donors_per_group				
late_neuron_residual	Endoneurial	CIDP_minus_CTRL	30	9	4	-0.0061086154670699	0.5006993006993007	-0.0209011896454204	0.0063657340284847	COMPLETED	unadjusted_observational_association	715.0	715.0	0.7340924357590575	0.8123076923076923	9	4	0.0136498215051742	0.1272727272727272	0.0002954642660335	0.0265882168086189	COMPLETED	unadjusted_observational_association	715.0	715.0	1.7134450301244175	0.4615384615384615
late_neuron_residual	Endoneurial	CIAP_minus_CTRL	30	11	4	-0.0078075186130428	0.3736263736263736	-0.0227998849798077	0.0034026262953614	COMPLETED	unadjusted_observational_association	1365.0	1365.0	0.999831055886626	0.6987298415869845	11	4	0.0078353289713427	0.2857142857142857	-0.0048817221192273	0.0187111483330819	COMPLETED	unadjusted_observational_association	1365.0	1365.0	1.1390132205218912	0.6262230919765166
late_neuron_residual	Endoneurial	VN_minus_CTRL	30	5	4	-0.0021295867046996				DESCRIPTIVE_ONLY	diagnosis_fully_confounded_with_center					5	4	0.0072020243564762				DESCRIPTIVE_ONLY	diagnosis_fully_confounded_with_center				
late_neuron_residual	Epineurial	CIDP_minus_CTRL	30	9	4	-0.003420063489624	0.7846153846153846	-0.0244358282888497	0.0155183243548352	COMPLETED	unadjusted_observational_association	715.0	715.0	0.2933042908301123	0.9494505494505496	9	4	0.0132230733908992	0.2391608391608391	-0.0047755702677731	0.0287515100274288	COMPLETED	unadjusted_observational_association	715.0	715.0	1.3268168065190038	0.5950972104818258
late_neuron_residual	Epineurial	CIAP_minus_CTRL	30	11	4	-0.0026437307469761	0.8234432234432234	-0.0221207550659787	0.0163780831192002	COMPLETED	unadjusted_observational_association	1365.0	1365.0	0.2349848062511779	0.961265934065934	11	4	0.0114174365868743	0.2622710622710623	-0.0062506605377335	0.0246614224835213	COMPLETED	unadjusted_observational_association	1365.0	1365.0	1.1987566922239796	0.6081647820778255
late_neuron_residual	Epineurial	VN_minus_CTRL	30	5	4	-0.0042867838402656				DESCRIPTIVE_ONLY	diagnosis_fully_confounded_with_center					5	4	0.0024253706065015				DESCRIPTIVE_ONLY	diagnosis_fully_confounded_with_center				
late_neuron_residual	Granulocyte	CIDP_minus_CTRL	30	0	0					NOT_EVALUABLE	fewer_than_four_donors_per_group					0	0					NOT_EVALUABLE	fewer_than_four_donors_per_group				
late_neuron_residual	Granulocyte	CIAP_minus_CTRL	30	2	0					NOT_EVALUABLE	fewer_than_four_donors_per_group					2	0					NOT_EVALUABLE	fewer_than_four_donors_per_group				
late_neuron_residual	Granulocyte	VN_minus_CTRL	30	0	0					NOT_EVALUABLE	fewer_than_four_donors_per_group					0	0					NOT_EVALUABLE	fewer_than_four_donors_per_group				
late_neuron_residual	Lymphatic_endothelial	CIDP_minus_CTRL	30	4	2	-0.0127343565470552				NOT_EVALUABLE	fewer_than_four_donors_per_group					4	2	0.0130691734854393				NOT_EVALUABLE	fewer_than_four_donors_per_group				
late_neuron_residual	Lymphatic_endothelial	CIAP_minus_CTRL	30	6	2	-0.0019632123899806				NOT_EVALUABLE	fewer_than_four_donors_per_group					6	2	0.0120567660757891				NOT_EVALUABLE	fewer_than_four_donors_per_group				
late_neuron_residual	Lymphatic_endothelial	VN_minus_CTRL	30	0	2					NOT_EVALUABLE	fewer_than_four_donors_per_group					0	2					NOT_EVALUABLE	fewer_than_four_donors_per_group				
late_neuron_residual	Lymphoid	CIDP_minus_CTRL	30	8	4	-0.0149506343952819	0.5797979797979798	-0.0601978078131403	0.0317345734850777	COMPLETED	unadjusted_observational_association	495.0	495.0	0.5646693386804928	0.8355164835164837	8	4	-0.0061879674639797	0.7535353535353535	-0.0378972739314952	0.025068972845143	COMPLETED	unadjusted_observational_association	495.0	495.0	0.3339975438008708	0.9274281274281274
late_neuron_residual	Lymphoid	CIAP_minus_CTRL	30	11	4	-0.0143594185930902	0.5802197802197803	-0.0540154714541573	0.028156553422001	COMPLETED	unadjusted_observational_association	1365.0	1365.0	0.5935421173130421	0.8355164835164837	11	4	-0.0024423101611294	0.8769230769230769	-0.0305072588968784	0.0265067029488411	COMPLETED	unadjusted_observational_association	1365.0	1365.0	0.1468307996197141	0.9727415441701156
late_neuron_residual	Lymphoid	VN_minus_CTRL	30	5	4	-0.0049087050069327				DESCRIPTIVE_ONLY	diagnosis_fully_confounded_with_center					5	4	0.0007506897020188				DESCRIPTIVE_ONLY	diagnosis_fully_confounded_with_center				
late_neuron_residual	Macrophage	CIDP_minus_CTRL	30	9	4	-0.0239752886807099	0.2489510489510489	-0.0573383433185567	0.0102293475264698	COMPLETED	unadjusted_observational_association	715.0	715.0	1.251979174651386	0.5995604395604396	9	4	-0.0110295964135995	0.5174825174825175	-0.0388860603699648	0.0177854586877814	COMPLETED	unadjusted_observational_association	715.0	715.0	0.6815143042466644	0.7832665776591011
late_neuron_residual	Macrophage	CIAP_minus_CTRL	30	11	4	-0.0034971982120432	0.8051282051282052	-0.0295548393132978	0.0200288630463766	COMPLETED	unadjusted_observational_association	1365.0	1365.0	0.2423266243865176	0.958169103623649	11	4	0.007292638282937	0.6	-0.0152951490384748	0.0293741122867859	COMPLETED	unadjusted_observational_association	1365.0	1365.0	0.5472825762672835	0.8315331392254469
late_neuron_residual	Macrophage	VN_minus_CTRL	30	5	4	-0.0084111433138559				DESCRIPTIVE_ONLY	diagnosis_fully_confounded_with_center					5	4	-0.0011121295758564				DESCRIPTIVE_ONLY	diagnosis_fully_confounded_with_center				
late_neuron_residual	Mast	CIDP_minus_CTRL	30	6	2	-0.0360966267116996				NOT_EVALUABLE	fewer_than_four_donors_per_group					6	2	-0.0077879823490603				NOT_EVALUABLE	fewer_than_four_donors_per_group				
late_neuron_residual	Mast	CIAP_minus_CTRL	30	7	2	-0.0172159938995992				NOT_EVALUABLE	fewer_than_four_donors_per_group					7	2	-0.0019029869567297				NOT_EVALUABLE	fewer_than_four_donors_per_group				
late_neuron_residual	Mast	VN_minus_CTRL	30	0	2					NOT_EVALUABLE	fewer_than_four_donors_per_group					0	2					NOT_EVALUABLE	fewer_than_four_donors_per_group				
late_neuron_residual	Mural	CIDP_minus_CTRL	30	9	4	-0.0167391561842043	0.0349650349650349	-0.0283033425291199	-0.0055382228348791	COMPLETED	unadjusted_observational_association	715.0	715.0	2.465095695010931	0.5034965034965035	9	4	-0.0098697516550448	0.0321678321678321	-0.015119788119416	-0.0045620945153597	COMPLETED	unadjusted_observational_association	715.0	715.0	3.2403484318232616	0.3591470258136925
late_neuron_residual	Mural	CIAP_minus_CTRL	30	11	4	-0.0176051821081155	0.0285714285714285	-0.0286530238645648	-0.0067323389206676	COMPLETED	unadjusted_observational_association	1365.0	1365.0	2.771668676786112	0.4571428571428571	11	4	-0.0121766184703992	0.0058608058608058	-0.0173999415152447	-0.0070655959023282	COMPLETED	unadjusted_observational_association	1365.0	1365.0	4.376736287232965	0.1875457875457875
late_neuron_residual	Mural	VN_minus_CTRL	30	5	4	-0.0141381329476964				DESCRIPTIVE_ONLY	diagnosis_fully_confounded_with_center					5	4	-0.011203944711999				DESCRIPTIVE_ONLY	diagnosis_fully_confounded_with_center				
late_neuron_residual	Perineurial	CIDP_minus_CTRL	30	9	4	0.0017065838860897	0.7776223776223776	-0.009443463944044	0.0128274024797695	COMPLETED	unadjusted_observational_association	715.0	715.0	0.2564095854765149	0.9489629015052744	9	4	0.0087695976955598	0.3706293706293706	-0.0034460480001893	0.0236854760780545	COMPLETED	unadjusted_observational_association	715.0	715.0	1.1004194211204146	0.7103594080338267
late_neuron_residual	Perineurial	CIAP_minus_CTRL	30	11	4	-0.0092270341470934	0.1948717948717948	-0.0199011063810022	0.0013812401612167	COMPLETED	unadjusted_observational_association	1365.0	1365.0	1.459311139175568	0.5647058823529412	11	4	-0.0088756572017411	0.3765567765567765	-0.0227158829394295	0.0065754503808783	COMPLETED	unadjusted_observational_association	1365.0	1365.0	1.046750458946329	0.7103594080338267
late_neuron_residual	Perineurial	VN_minus_CTRL	30	5	4	-0.0018980627506584				DESCRIPTIVE_ONLY	diagnosis_fully_confounded_with_center					5	4	0.0073189569535475				DESCRIPTIVE_ONLY	diagnosis_fully_confounded_with_center				
late_neuron_residual	Schwann	CIDP_minus_CTRL	30	9	4	-0.0039465012321767	0.6433566433566433	-0.0185848075973448	0.0103936666865977	COMPLETED	unadjusted_observational_association	715.0	715.0	0.4657179531735347	0.866973026973027	9	4	0.000830027615611	0.8657342657342657	-0.0074928336375652	0.009002023412972	COMPLETED	unadjusted_observational_association	715.0	715.0	0.1753142118871784	0.9727415441701156
late_neuron_residual	Schwann	CIAP_minus_CTRL	30	11	4	-0.0030758672221316	0.6747252747252748	-0.0162987681244418	0.0088600437642645	COMPLETED	unadjusted_observational_association	1365.0	1365.0	0.4238897420154808	0.8753192753192753	11	4	-0.0025716775046709	0.5948717948717949	-0.0108948158258488	0.0044292695811894	COMPLETED	unadjusted_observational_association	1365.0	1365.0	0.6047170304477363	0.8315331392254469
late_neuron_residual	Schwann	VN_minus_CTRL	30	5	4	-0.0062007526901566				DESCRIPTIVE_ONLY	diagnosis_fully_confounded_with_center					5	4	-0.0026861662705053				DESCRIPTIVE_ONLY	diagnosis_fully_confounded_with_center				
late_neuron_residual	Vascular_endothelial	CIDP_minus_CTRL	30	9	4	-0.0193789133060367	0.0993006993006993	-0.036364553356251	-0.00273520762343	COMPLETED	unadjusted_observational_association	715.0	715.0	2.026689993008808	0.5208791208791209	9	4	-0.0057561083758194	0.4909090909090909	-0.0194375867394018	0.0095395926720633	COMPLETED	unadjusted_observational_association	715.0	715.0	0.7154441289839552	0.7832665776591011
late_neuron_residual	Vascular_endothelial	CIAP_minus_CTRL	30	11	4	-0.0141435888781175	0.1567765567765567	-0.0301305100387255	0.0004843006491454	COMPLETED	unadjusted_observational_association	1365.0	1365.0	1.607544627359728	0.5647058823529412	11	4	-0.0009388819260568	0.9113553113553112	-0.0130422643222549	0.0124270609395175	COMPLETED	unadjusted_observational_association	1365.0	1365.0	0.1300639526716389	0.973978192521239
late_neuron_residual	Vascular_endothelial	VN_minus_CTRL	30	5	4	-0.015149035407458				DESCRIPTIVE_ONLY	diagnosis_fully_confounded_with_center					5	4	-0.0015273395218142				DESCRIPTIVE_ONLY	diagnosis_fully_confounded_with_center				
late_shared_concordant_neuronal_core	Adipocyte	CIDP_minus_CTRL	30	6	2	0.0350677463588399				NOT_EVALUABLE	fewer_than_four_donors_per_group					6	2	0.026441778963145				NOT_EVALUABLE	fewer_than_four_donors_per_group				
late_shared_concordant_neuronal_core	Adipocyte	CIAP_minus_CTRL	30	10	2	0.016849337137045				NOT_EVALUABLE	fewer_than_four_donors_per_group					10	2	0.0053256191338885				NOT_EVALUABLE	fewer_than_four_donors_per_group				
late_shared_concordant_neuronal_core	Adipocyte	VN_minus_CTRL	30	2	2	0.0407386411135261				NOT_EVALUABLE	fewer_than_four_donors_per_group					2	2	0.0135067864246797				NOT_EVALUABLE	fewer_than_four_donors_per_group				
late_shared_concordant_neuronal_core	Endoneurial	CIDP_minus_CTRL	30	9	4	0.0244240853172391	0.0965034965034965	-0.0015239460790574	0.0427391202058834	COMPLETED	unadjusted_observational_association	715.0	715.0	1.9350016019009595	0.5208791208791209	9	4	0.017926351182562	0.1636363636363636	-0.0058449868455956	0.0342225556294595	COMPLETED	unadjusted_observational_association	715.0	715.0	1.5282989445937212	0.5343228200371057
late_shared_concordant_neuronal_core	Endoneurial	CIAP_minus_CTRL	30	11	4	0.0067115131470616	0.6256410256410256	-0.0177382319105196	0.0269862580542297	COMPLETED	unadjusted_observational_association	1365.0	1365.0	0.5104322487048385	0.866973026973027	11	4	0.0050071556108662	0.6761904761904762	-0.0174043189610696	0.0231966736377973	COMPLETED	unadjusted_observational_association	1365.0	1365.0	0.4195313918863733	0.8614454328740043
late_shared_concordant_neuronal_core	Endoneurial	VN_minus_CTRL	30	5	4	0.0143991607103048				DESCRIPTIVE_ONLY	diagnosis_fully_confounded_with_center					5	4	0.0110455124931196				DESCRIPTIVE_ONLY	diagnosis_fully_confounded_with_center				
late_shared_concordant_neuronal_core	Epineurial	CIDP_minus_CTRL	30	9	4	0.021634331439992	0.0447552447552447	0.0047130774748896	0.0386020997675121	COMPLETED	unadjusted_observational_association	715.0	715.0	2.2762947499976733	0.5208791208791209	9	4	0.0152191852192249	0.0895104895104895	0.0022915782437152	0.0295703918298234	COMPLETED	unadjusted_observational_association	715.0	715.0	1.989879120728137	0.4444444444444444
late_shared_concordant_neuronal_core	Epineurial	CIAP_minus_CTRL	30	11	4	-0.0042506565931004	0.6424908424908425	-0.0208624920162269	0.0126076814861644	COMPLETED	unadjusted_observational_association	1365.0	1365.0	0.458055982649368	0.866973026973027	11	4	-0.0047884480304365	0.4373626373626373	-0.0146681255063865	0.0060331691663958	COMPLETED	unadjusted_observational_association	1365.0	1365.0	0.8158597398932719	0.7494349622009197
late_shared_concordant_neuronal_core	Epineurial	VN_minus_CTRL	30	5	4	-0.0084092246976536				DESCRIPTIVE_ONLY	diagnosis_fully_confounded_with_center					5	4	-0.0028396011412499				DESCRIPTIVE_ONLY	diagnosis_fully_confounded_with_center				
late_shared_concordant_neuronal_core	Granulocyte	CIDP_minus_CTRL	30	0	0					NOT_EVALUABLE	fewer_than_four_donors_per_group					0	0					NOT_EVALUABLE	fewer_than_four_donors_per_group				
late_shared_concordant_neuronal_core	Granulocyte	CIAP_minus_CTRL	30	2	0					NOT_EVALUABLE	fewer_than_four_donors_per_group					2	0					NOT_EVALUABLE	fewer_than_four_donors_per_group				
late_shared_concordant_neuronal_core	Granulocyte	VN_minus_CTRL	30	0	0					NOT_EVALUABLE	fewer_than_four_donors_per_group					0	0					NOT_EVALUABLE	fewer_than_four_donors_per_group				
late_shared_concordant_neuronal_core	Lymphatic_endothelial	CIDP_minus_CTRL	30	4	2	-0.0311053361687008				NOT_EVALUABLE	fewer_than_four_donors_per_group					4	2	-0.0284502812372322				NOT_EVALUABLE	fewer_than_four_donors_per_group				
late_shared_concordant_neuronal_core	Lymphatic_endothelial	CIAP_minus_CTRL	30	6	2	0.0109253956974864				NOT_EVALUABLE	fewer_than_four_donors_per_group					6	2	-0.0051724634921362				NOT_EVALUABLE	fewer_than_four_donors_per_group				
late_shared_concordant_neuronal_core	Lymphatic_endothelial	VN_minus_CTRL	30	0	2					NOT_EVALUABLE	fewer_than_four_donors_per_group					0	2					NOT_EVALUABLE	fewer_than_four_donors_per_group				
late_shared_concordant_neuronal_core	Lymphoid	CIDP_minus_CTRL	30	8	4	0.0003529623321072	0.9757575757575756	-0.0245522523799322	0.0247689196670533	COMPLETED	unadjusted_observational_association	495.0	495.0	0.0247667364840655	0.9929091887133844	8	4	-0.0020672409847882	0.8565656565656565	-0.0202333834212435	0.0157738410773042	COMPLETED	unadjusted_observational_association	495.0	495.0	0.1964236389592931	0.9727415441701156
late_shared_concordant_neuronal_core	Lymphoid	CIAP_minus_CTRL	30	11	4	0.0180130268894428	0.2498168498168498	-0.0084420234783885	0.0416192405013287	COMPLETED	unadjusted_observational_association	1365.0	1365.0	1.2597840091275307	0.5995604395604396	11	4	0.0141288218280186	0.2278388278388278	-0.004678902240311	0.0311259688607958	COMPLETED	unadjusted_observational_association	1365.0	1365.0	1.3606022905032205	0.5789765789765791
late_shared_concordant_neuronal_core	Lymphoid	VN_minus_CTRL	30	5	4	0.029400749944268				DESCRIPTIVE_ONLY	diagnosis_fully_confounded_with_center					5	4	0.0297887837285923				DESCRIPTIVE_ONLY	diagnosis_fully_confounded_with_center				
late_shared_concordant_neuronal_core	Macrophage	CIDP_minus_CTRL	30	9	4	-0.0071689062045242	0.6937062937062937	-0.0395373096499254	0.0203885990895358	COMPLETED	unadjusted_observational_association	715.0	715.0	0.4074999652965449	0.8919080919080918	9	4	-0.0050748411737064	0.7132867132867133	-0.0292561013294644	0.0171435970179116	COMPLETED	unadjusted_observational_association	715.0	715.0	0.3790886242415064	0.8919413919413919
late_shared_concordant_neuronal_core	Macrophage	CIAP_minus_CTRL	30	11	4	0.0105084384958935	0.526007326007326	-0.0203690125560962	0.0355098493121209	COMPLETED	unadjusted_observational_association	1365.0	1365.0	0.6478533546467014	0.8144629563984402	11	4	0.0009331449234916	0.9428571428571428	-0.0214033742186453	0.0201871596717136	COMPLETED	unadjusted_observational_association	1365.0	1365.0	0.0778053713299588	0.9835634451019069
late_shared_concordant_neuronal_core	Macrophage	VN_minus_CTRL	30	5	4	0.0105421595468984				DESCRIPTIVE_ONLY	diagnosis_fully_confounded_with_center					5	4	0.0059996259741616				DESCRIPTIVE_ONLY	diagnosis_fully_confounded_with_center				
late_shared_concordant_neuronal_core	Mast	CIDP_minus_CTRL	30	6	2	0.0105038931152351				NOT_EVALUABLE	fewer_than_four_donors_per_group					6	2	0.0130689816746506				NOT_EVALUABLE	fewer_than_four_donors_per_group				
late_shared_concordant_neuronal_core	Mast	CIAP_minus_CTRL	30	7	2	0.0223869572594962				NOT_EVALUABLE	fewer_than_four_donors_per_group					7	2	0.0144271107753672				NOT_EVALUABLE	fewer_than_four_donors_per_group				
late_shared_concordant_neuronal_core	Mast	VN_minus_CTRL	30	0	2					NOT_EVALUABLE	fewer_than_four_donors_per_group					0	2					NOT_EVALUABLE	fewer_than_four_donors_per_group				
late_shared_concordant_neuronal_core	Mural	CIDP_minus_CTRL	30	9	4	0.0117827039676568	0.3286713286713286	-0.0095072296478392	0.0305646881477881	COMPLETED	unadjusted_observational_association	715.0	715.0	1.0506430814486032	0.6227456753772542	9	4	0.0086930355913214	0.427972027972028	-0.0098382387662105	0.0269958024201315	COMPLETED	unadjusted_observational_association	715.0	715.0	0.8555164655304459	0.7494349622009197
late_shared_concordant_neuronal_core	Mural	CIAP_minus_CTRL	30	11	4	-0.0016940818431345	0.8732600732600733	-0.0202490977782232	0.0153771767755404	COMPLETED	unadjusted_observational_association	1365.0	1365.0	0.1653862090381343	0.9729839391377852	11	4	-0.0013307469491467	0.8923076923076924	-0.0170756476414621	0.0146756723860373	COMPLETED	unadjusted_observational_association	1365.0	1365.0	0.1403907913825018	0.9727415441701156
late_shared_concordant_neuronal_core	Mural	VN_minus_CTRL	30	5	4	0.0027602207337122				DESCRIPTIVE_ONLY	diagnosis_fully_confounded_with_center					5	4	0.0010483007143997				DESCRIPTIVE_ONLY	diagnosis_fully_confounded_with_center				
late_shared_concordant_neuronal_core	Perineurial	CIDP_minus_CTRL	30	9	4	0.0117374313605739	0.2811188811188811	-0.005724686635476	0.0295973000874296	COMPLETED	unadjusted_observational_association	715.0	715.0	1.2114655015824298	0.6227456753772542	9	4	0.0094784862450738	0.2237762237762237	-0.0045866896286659	0.0230812630318612	COMPLETED	unadjusted_observational_association	715.0	715.0	1.2769541823880053	0.5789765789765791
late_shared_concordant_neuronal_core	Perineurial	CIAP_minus_CTRL	30	11	4	-0.0108299644739908	0.2153846153846154	-0.0246413319617234	0.0021131201891532	COMPLETED	unadjusted_observational_association	1365.0	1365.0	1.4689516899619466	0.5851959361393324	11	4	-0.0066448445412235	0.304029304029304	-0.0163007007047464	0.0022394134970682	COMPLETED	unadjusted_observational_association	1365.0	1365.0	1.3081459997945273	0.6317492031777745
late_shared_concordant_neuronal_core	Perineurial	VN_minus_CTRL	30	5	4	0.0119463065331884				DESCRIPTIVE_ONLY	diagnosis_fully_confounded_with_center					5	4	0.0090564096405772				DESCRIPTIVE_ONLY	diagnosis_fully_confounded_with_center				
late_shared_concordant_neuronal_core	Schwann	CIDP_minus_CTRL	30	9	4	0.0176532761731594	0.2951048951048951	-0.0095598234953703	0.0451981779589842	COMPLETED	unadjusted_observational_association	715.0	715.0	1.1191168339176836	0.6227456753772542	9	4	0.0118523963529772	0.3118881118881119	-0.0065539705704158	0.0310953178115537	COMPLETED	unadjusted_observational_association	715.0	715.0	1.131459096579126	0.6365280289330922
late_shared_concordant_neuronal_core	Schwann	CIAP_minus_CTRL	30	11	4	0.0250333620385007	0.1333333333333333	-0.0019117254057831	0.053157835938727	COMPLETED	unadjusted_observational_association	1365.0	1365.0	1.5819016527922911	0.5485714285714286	11	4	0.0213203170270822	0.073992673992674	0.002794609351888	0.0424448940052486	COMPLETED	unadjusted_observational_association	1365.0	1365.0	1.8672630569815265	0.4444444444444444
late_shared_concordant_neuronal_core	Schwann	VN_minus_CTRL	30	5	4	0.0350583052931505				DESCRIPTIVE_ONLY	diagnosis_fully_confounded_with_center					5	4	0.0243578474957686				DESCRIPTIVE_ONLY	diagnosis_fully_confounded_with_center				
late_shared_concordant_neuronal_core	Vascular_endothelial	CIDP_minus_CTRL	30	9	4	-0.0109529327438121	0.2447552447552447	-0.0272770967535312	0.0028750635693585	COMPLETED	unadjusted_observational_association	715.0	715.0	1.2668730444450391	0.5995604395604396	9	4	-0.0090464104119349	0.206993006993007	-0.020585191735831	0.0022404707889892	COMPLETED	unadjusted_observational_association	715.0	715.0	1.390710727750187	0.551981351981352
late_shared_concordant_neuronal_core	Vascular_endothelial	CIAP_minus_CTRL	30	11	4	-0.0058381608046693	0.5604395604395604	-0.0250006849736919	0.0128931491706059	COMPLETED	unadjusted_observational_association	1365.0	1365.0	0.5496319393508367	0.8343656343656344	11	4	-0.004877366811961	0.515018315018315	-0.017414337423136	0.0085690733678568	COMPLETED	unadjusted_observational_association	1365.0	1365.0	0.6708595428662516	0.7832665776591011
late_shared_concordant_neuronal_core	Vascular_endothelial	VN_minus_CTRL	30	5	4	0.0030319971576659				DESCRIPTIVE_ONLY	diagnosis_fully_confounded_with_center					5	4	0.0005085645869946				DESCRIPTIVE_ONLY	diagnosis_fully_confounded_with_center				
original_early_allcell	Adipocyte	CIDP_minus_CTRL	30	6	2	0.0090222446695653				NOT_EVALUABLE	fewer_than_four_donors_per_group					6	2	0.0010566093583269				NOT_EVALUABLE	fewer_than_four_donors_per_group				
original_early_allcell	Adipocyte	CIAP_minus_CTRL	30	10	2	0.0020305696103171				NOT_EVALUABLE	fewer_than_four_donors_per_group					10	2	-0.0008145687153042				NOT_EVALUABLE	fewer_than_four_donors_per_group				
original_early_allcell	Adipocyte	VN_minus_CTRL	30	2	2	0.0299640777531346				NOT_EVALUABLE	fewer_than_four_donors_per_group					2	2	0.0265333748098395				NOT_EVALUABLE	fewer_than_four_donors_per_group				
original_early_allcell	Endoneurial	CIDP_minus_CTRL	30	9	4	0.004187977893974	0.5944055944055944	-0.0092354035932702	0.0168662544005322	COMPLETED	unadjusted_observational_association	715.0	715.0	0.5657920854636938	0.8474693623208475	9	4	-0.001163166126016	0.8937062937062937	-0.0152949358403712	0.0123431021734388	COMPLETED	unadjusted_observational_association	715.0	715.0	0.147904333678612	0.9727415441701156
original_early_allcell	Endoneurial	CIAP_minus_CTRL	30	11	4	0.0049252787699866	0.504029304029304	-0.008237260488944	0.0172796225508179	COMPLETED	unadjusted_observational_association	1365.0	1365.0	0.6895231962975558	0.8123076923076923	11	4	0.0026646107926625	0.7135531135531136	-0.0104621451570604	0.0153463860289201	COMPLETED	unadjusted_observational_association	1365.0	1365.0	0.3645043751202865	0.8919413919413919
original_early_allcell	Endoneurial	VN_minus_CTRL	30	5	4	0.0041118885295224				DESCRIPTIVE_ONLY	diagnosis_fully_confounded_with_center					5	4	0.0010542139171444				DESCRIPTIVE_ONLY	diagnosis_fully_confounded_with_center				
original_early_allcell	Epineurial	CIDP_minus_CTRL	30	9	4	-0.0096094760791957	0.3286713286713286	-0.0243853487461427	0.0058904165414073	COMPLETED	unadjusted_observational_association	715.0	715.0	1.0465957116700433	0.6227456753772542	9	4	-0.0131438548299948	0.193006993006993	-0.0277341859786747	0.0026705763192646	COMPLETED	unadjusted_observational_association	715.0	715.0	1.4267746551844152	0.5416193002399899
original_early_allcell	Epineurial	CIAP_minus_CTRL	30	11	4	-0.0118198418018196	0.2234432234432234	-0.0258363824268584	0.0036786047433919	COMPLETED	unadjusted_observational_association	1365.0	1365.0	1.3685142916521642	0.5923966942148761	11	4	-0.0145726071287613	0.1384615384615384	-0.0283052979021715	0.0006509708234466	COMPLETED	unadjusted_observational_association	1365.0	1365.0	1.741752752731744	0.4615384615384615
original_early_allcell	Epineurial	VN_minus_CTRL	30	5	4	-0.0015305582446978				DESCRIPTIVE_ONLY	diagnosis_fully_confounded_with_center					5	4	0.0019615417365471				DESCRIPTIVE_ONLY	diagnosis_fully_confounded_with_center				
original_early_allcell	Granulocyte	CIDP_minus_CTRL	30	0	0					NOT_EVALUABLE	fewer_than_four_donors_per_group					0	0					NOT_EVALUABLE	fewer_than_four_donors_per_group				
original_early_allcell	Granulocyte	CIAP_minus_CTRL	30	2	0					NOT_EVALUABLE	fewer_than_four_donors_per_group					2	0					NOT_EVALUABLE	fewer_than_four_donors_per_group				
original_early_allcell	Granulocyte	VN_minus_CTRL	30	0	0					NOT_EVALUABLE	fewer_than_four_donors_per_group					0	0					NOT_EVALUABLE	fewer_than_four_donors_per_group				
original_early_allcell	Lymphatic_endothelial	CIDP_minus_CTRL	30	4	2	0.0015750310530982				NOT_EVALUABLE	fewer_than_four_donors_per_group					4	2	-0.0021074497283962				NOT_EVALUABLE	fewer_than_four_donors_per_group				
original_early_allcell	Lymphatic_endothelial	CIAP_minus_CTRL	30	6	2	-0.0051231099943167				NOT_EVALUABLE	fewer_than_four_donors_per_group					6	2	-0.0116417268221582				NOT_EVALUABLE	fewer_than_four_donors_per_group				
original_early_allcell	Lymphatic_endothelial	VN_minus_CTRL	30	0	2					NOT_EVALUABLE	fewer_than_four_donors_per_group					0	2					NOT_EVALUABLE	fewer_than_four_donors_per_group				
original_early_allcell	Lymphoid	CIDP_minus_CTRL	30	8	4	0.030160286294203	0.0868686868686868	0.0050348127605987	0.054887696495171	COMPLETED	unadjusted_observational_association	495.0	495.0	2.080419719816621	0.5208791208791209	8	4	0.0248298588861827	0.1111111111111111	0.0017710676093451	0.0480364627547953	COMPLETED	unadjusted_observational_association	495.0	495.0	1.847607980840564	0.4444444444444444
original_early_allcell	Lymphoid	CIAP_minus_CTRL	30	11	4	0.0078031100288683	0.5648351648351648	-0.0163479380367083	0.0297472926060101	COMPLETED	unadjusted_observational_association	1365.0	1365.0	0.5801001054729621	0.8343656343656344	11	4	0.0012821575762177	0.9135531135531136	-0.0204164745933514	0.0209402022301433	COMPLETED	unadjusted_observational_association	1365.0	1365.0	0.1066402162864308	0.973978192521239
original_early_allcell	Lymphoid	VN_minus_CTRL	30	5	4	0.0117239475022461				DESCRIPTIVE_ONLY	diagnosis_fully_confounded_with_center					5	4	0.0036826112855671				DESCRIPTIVE_ONLY	diagnosis_fully_confounded_with_center				
original_early_allcell	Macrophage	CIDP_minus_CTRL	30	9	4	0.0432321841952894	0.0475524475524475	0.0107645560874536	0.0737880634812263	COMPLETED	unadjusted_observational_association	715.0	715.0	2.3710275924653623	0.5208791208791209	9	4	0.0374666511675037	0.0573426573426573	0.0075407842480145	0.0655066037803097	COMPLETED	unadjusted_observational_association	715.0	715.0	2.243336816578299	0.4368964368964369
original_early_allcell	Macrophage	CIAP_minus_CTRL	30	11	4	0.0068984857612534	0.6622710622710622	-0.0175762891023968	0.0322274743300788	COMPLETED	unadjusted_observational_association	1365.0	1365.0	0.4524776633283531	0.866973026973027	11	4	0.0027612257892013	0.8512820512820513	-0.019730706011558	0.0258859783521004	COMPLETED	unadjusted_observational_association	1365.0	1365.0	0.1991450169440135	0.9727415441701156
original_early_allcell	Macrophage	VN_minus_CTRL	30	5	4	0.0206105305958594				DESCRIPTIVE_ONLY	diagnosis_fully_confounded_with_center					5	4	0.0182350579602588				DESCRIPTIVE_ONLY	diagnosis_fully_confounded_with_center				
original_early_allcell	Mast	CIDP_minus_CTRL	30	6	2	0.0121086153564686				NOT_EVALUABLE	fewer_than_four_donors_per_group					6	2	0.0040599698697634				NOT_EVALUABLE	fewer_than_four_donors_per_group				
original_early_allcell	Mast	CIAP_minus_CTRL	30	7	2	-0.004714778754145				NOT_EVALUABLE	fewer_than_four_donors_per_group					7	2	-0.0095784577574153				NOT_EVALUABLE	fewer_than_four_donors_per_group				
original_early_allcell	Mast	VN_minus_CTRL	30	0	2					NOT_EVALUABLE	fewer_than_four_donors_per_group					0	2					NOT_EVALUABLE	fewer_than_four_donors_per_group				
original_early_allcell	Mural	CIDP_minus_CTRL	30	9	4	0.0072127806969158	0.3202797202797203	-0.0048240203625195	0.0194496931543266	COMPLETED	unadjusted_observational_association	715.0	715.0	1.0722812451930317	0.6227456753772542	9	4	0.006118681619195	0.4363636363636363	-0.0068751445477451	0.0191303577799386	COMPLETED	unadjusted_observational_association	715.0	715.0	0.8431599540133154	0.7494349622009197
original_early_allcell	Mural	CIAP_minus_CTRL	30	11	4	0.0025901302615316	0.7230769230769231	-0.0103296342069131	0.0155820557952827	COMPLETED	unadjusted_observational_association	1365.0	1365.0	0.3540390744878297	0.9133603238866396	11	4	0.0023277873899193	0.7692307692307693	-0.0113951303645234	0.0164355456724139	COMPLETED	unadjusted_observational_association	1365.0	1365.0	0.2943751544247932	0.9324009324009324
original_early_allcell	Mural	VN_minus_CTRL	30	5	4	-0.0014196968382798				DESCRIPTIVE_ONLY	diagnosis_fully_confounded_with_center					5	4	0.0009747726291444				DESCRIPTIVE_ONLY	diagnosis_fully_confounded_with_center				
original_early_allcell	Perineurial	CIDP_minus_CTRL	30	9	4	-0.0137317916330878	0.1776223776223776	-0.0299682573055774	0.0019459132939323	COMPLETED	unadjusted_observational_association	715.0	715.0	1.573015088650279	0.5647058823529412	9	4	-0.0177609957071982	0.1706293706293706	-0.0380491058969042	0.0021349777552961	COMPLETED	unadjusted_observational_association	715.0	715.0	1.609877658730514	0.5416193002399899
original_early_allcell	Perineurial	CIAP_minus_CTRL	30	11	4	0.0001917199983629	0.9758241758241758	-0.0119654865849828	0.0119327129183131	COMPLETED	unadjusted_observational_association	1365.0	1365.0	0.0291897690071585	0.9929091887133844	11	4	0.0016223260124122	0.8468864468864469	-0.0139482303686301	0.0161728750079448	COMPLETED	unadjusted_observational_association	1365.0	1365.0	0.1897478881273904	0.9727415441701156
original_early_allcell	Perineurial	VN_minus_CTRL	30	5	4	-0.021788714528757				DESCRIPTIVE_ONLY	diagnosis_fully_confounded_with_center					5	4	-0.0260441061837167				DESCRIPTIVE_ONLY	diagnosis_fully_confounded_with_center				
original_early_allcell	Schwann	CIDP_minus_CTRL	30	9	4	-0.0015493911751244	0.8195804195804196	-0.0127763853534609	0.0101063821144939	COMPLETED	unadjusted_observational_association	715.0	715.0	0.2555106727902056	0.961265934065934	9	4	-0.0024648013270597	0.6587412587412588	-0.0126108758223964	0.0079116087442146	COMPLETED	unadjusted_observational_association	715.0	715.0	0.4520674147169826	0.8595848595848595
original_early_allcell	Schwann	CIAP_minus_CTRL	30	11	4	-0.0116836463509024	0.0659340659340659	-0.0208649046330145	-0.0031845049352788	COMPLETED	unadjusted_observational_association	1365.0	1365.0	2.378295657635312	0.5208791208791209	11	4	-0.0125936641701517	0.0344322344322344	-0.0207672413328586	-0.0052604600790007	COMPLETED	unadjusted_observational_association	1365.0	1365.0	2.9139201755347486	0.3591470258136925
original_early_allcell	Schwann	VN_minus_CTRL	30	5	4	0.0037320510321534				DESCRIPTIVE_ONLY	diagnosis_fully_confounded_with_center					5	4	-1.154023091225198e-05				DESCRIPTIVE_ONLY	diagnosis_fully_confounded_with_center				
original_early_allcell	Vascular_endothelial	CIDP_minus_CTRL	30	9	4	0.0017008324681807	0.8335664335664336	-0.0117218608849177	0.0155551829195682	COMPLETED	unadjusted_observational_association	715.0	715.0	0.2150798837823218	0.961265934065934	9	4	5.797585192339472e-05	0.9916083916083916	-0.0137391334938651	0.0142817928204585	COMPLETED	unadjusted_observational_association	715.0	715.0	0.0072489410136532	0.9916083916083916
original_early_allcell	Vascular_endothelial	CIAP_minus_CTRL	30	11	4	-0.011920799247493	0.1413919413919414	-0.0238544131285888	0.0001345132728474	COMPLETED	unadjusted_observational_association	1365.0	1365.0	1.6703994400962416	0.5502821502821503	11	4	-0.0138455646202886	0.093040293040293	-0.0253429451568052	-0.0018310090779862	COMPLETED	unadjusted_observational_association	1365.0	1365.0	2.024074610126832	0.4444444444444444
original_early_allcell	Vascular_endothelial	VN_minus_CTRL	30	5	4	-0.0025276226589728				DESCRIPTIVE_ONLY	diagnosis_fully_confounded_with_center					5	4	-0.0024874555795465				DESCRIPTIVE_ONLY	diagnosis_fully_confounded_with_center				
original_late_allcell	Adipocyte	CIDP_minus_CTRL	30	6	2	-0.0035572283761267				NOT_EVALUABLE	fewer_than_four_donors_per_group					6	2	-0.0025427419356706				NOT_EVALUABLE	fewer_than_four_donors_per_group				
original_late_allcell	Adipocyte	CIAP_minus_CTRL	30	10	2	-0.0025123463909949				NOT_EVALUABLE	fewer_than_four_donors_per_group					10	2	-0.0023459843520161				NOT_EVALUABLE	fewer_than_four_donors_per_group				
original_late_allcell	Adipocyte	VN_minus_CTRL	30	2	2	-0.0113990597190982				NOT_EVALUABLE	fewer_than_four_donors_per_group					2	2	-0.0118258318787554				NOT_EVALUABLE	fewer_than_four_donors_per_group				
original_late_allcell	Endoneurial	CIDP_minus_CTRL	30	9	4	-9.588041212868492e-05	0.986013986013986	-0.0126388108820023	0.0119990709438281	COMPLETED	unadjusted_observational_association	715.0	715.0	0.0140648650238802	0.9929091887133844	9	4	0.0006166536325932	0.9104895104895104	-0.011221510536955	0.0122538354855527	COMPLETED	unadjusted_observational_association	715.0	715.0	0.0954595588866847	0.973978192521239
original_late_allcell	Endoneurial	CIAP_minus_CTRL	30	11	4	-0.0010116272687834	0.8783882783882784	-0.0118226819891713	0.0087948611961812	COMPLETED	unadjusted_observational_association	1365.0	1365.0	0.1699544879251533	0.9729839391377852	11	4	-0.0003251328915968	0.958974358974359	-0.0107143564727341	0.0090580526032742	COMPLETED	unadjusted_observational_association	1365.0	1365.0	0.0574729150168745	0.9835634451019069
original_late_allcell	Endoneurial	VN_minus_CTRL	30	5	4	0.0026148413734016				DESCRIPTIVE_ONLY	diagnosis_fully_confounded_with_center					5	4	0.0030808965315859				DESCRIPTIVE_ONLY	diagnosis_fully_confounded_with_center				
original_late_allcell	Epineurial	CIDP_minus_CTRL	30	9	4	-0.0031592125419226	0.6265734265734266	-0.0134587510367415	0.0086007559829755	COMPLETED	unadjusted_observational_association	715.0	715.0	0.5282365746740246	0.866973026973027	9	4	-0.0016948534876248	0.765034965034965	-0.0105071233049327	0.0086576890721783	COMPLETED	unadjusted_observational_association	715.0	715.0	0.3287846091155758	0.9324009324009324
original_late_allcell	Epineurial	CIAP_minus_CTRL	30	11	4	-0.0079310645601542	0.1157509157509157	-0.0150624693920916	-0.0001534559638175	COMPLETED	unadjusted_observational_association	1365.0	1365.0	1.8708721472534189	0.5208791208791209	11	4	-0.0068906259107152	0.1032967032967032	-0.0131247622925514	-3.072988568116482e-05	COMPLETED	unadjusted_observational_association	1365.0	1365.0	1.89996703710013	0.4444444444444444
original_late_allcell	Epineurial	VN_minus_CTRL	30	5	4	-0.0104599243867715				DESCRIPTIVE_ONLY	diagnosis_fully_confounded_with_center					5	4	-0.0099609364792923				DESCRIPTIVE_ONLY	diagnosis_fully_confounded_with_center				
original_late_allcell	Granulocyte	CIDP_minus_CTRL	30	0	0					NOT_EVALUABLE	fewer_than_four_donors_per_group					0	0					NOT_EVALUABLE	fewer_than_four_donors_per_group				
original_late_allcell	Granulocyte	CIAP_minus_CTRL	30	2	0					NOT_EVALUABLE	fewer_than_four_donors_per_group					2	0					NOT_EVALUABLE	fewer_than_four_donors_per_group				
original_late_allcell	Granulocyte	VN_minus_CTRL	30	0	0					NOT_EVALUABLE	fewer_than_four_donors_per_group					0	0					NOT_EVALUABLE	fewer_than_four_donors_per_group				
original_late_allcell	Lymphatic_endothelial	CIDP_minus_CTRL	30	4	2	-0.0122595494513632				NOT_EVALUABLE	fewer_than_four_donors_per_group					4	2	-0.0134079590122731				NOT_EVALUABLE	fewer_than_four_donors_per_group				
original_late_allcell	Lymphatic_endothelial	CIAP_minus_CTRL	30	6	2	-0.0058489835616535				NOT_EVALUABLE	fewer_than_four_donors_per_group					6	2	-0.0071284200757513				NOT_EVALUABLE	fewer_than_four_donors_per_group				
original_late_allcell	Lymphatic_endothelial	VN_minus_CTRL	30	0	2					NOT_EVALUABLE	fewer_than_four_donors_per_group					0	2					NOT_EVALUABLE	fewer_than_four_donors_per_group				
original_late_allcell	Lymphoid	CIDP_minus_CTRL	30	8	4	0.0121051932071128	0.0585858585858585	0.0033627690063086	0.0210998220382922	COMPLETED	unadjusted_observational_association	495.0	495.0	2.355833367285165	0.5208791208791209	8	4	0.0129428024708354	0.0383838383838383	0.004969798297502	0.0212426892574845	COMPLETED	unadjusted_observational_association	495.0	495.0	2.7124368375221053	0.3591470258136925
original_late_allcell	Lymphoid	CIAP_minus_CTRL	30	11	4	0.0075185868554035	0.1963369963369963	-0.001124772808699	0.016952125847516	COMPLETED	unadjusted_observational_association	1365.0	1365.0	1.4362965932720568	0.5647058823529412	11	4	0.0078066984229784	0.178021978021978	-0.0005617959667341	0.016915539976114	COMPLETED	unadjusted_observational_association	1365.0	1365.0	1.5557938606711497	0.5416193002399899
original_late_allcell	Lymphoid	VN_minus_CTRL	30	5	4	0.0113479083273493				DESCRIPTIVE_ONLY	diagnosis_fully_confounded_with_center					5	4	0.0108984290594351				DESCRIPTIVE_ONLY	diagnosis_fully_confounded_with_center				
original_late_allcell	Macrophage	CIDP_minus_CTRL	30	9	4	-0.0062876715548387	0.2937062937062937	-0.0168546075681625	0.00307257778138	COMPLETED	unadjusted_observational_association	715.0	715.0	1.147011317516617	0.6227456753772542	9	4	-0.0051834641094791	0.4265734265734265	-0.0161971052520425	0.0049975352788318	COMPLETED	unadjusted_observational_association	715.0	715.0	0.8760693330099656	0.7494349622009197
original_late_allcell	Macrophage	CIAP_minus_CTRL	30	11	4	-0.005454202644121	0.1677655677655677	-0.0111829525622435	0.0007606735332467	COMPLETED	unadjusted_observational_association	1365.0	1365.0	1.6409901361538963	0.5647058823529412	11	4	-0.0048291900728283	0.2849816849816849	-0.0117522934871654	0.0032237039359912	COMPLETED	unadjusted_observational_association	1365.0	1365.0	1.160237318574393	0.6262230919765166
original_late_allcell	Macrophage	VN_minus_CTRL	30	5	4	-0.0111048131799707				DESCRIPTIVE_ONLY	diagnosis_fully_confounded_with_center					5	4	-0.0111600376996159				DESCRIPTIVE_ONLY	diagnosis_fully_confounded_with_center				
original_late_allcell	Mast	CIDP_minus_CTRL	30	6	2	0.0050581118811028				NOT_EVALUABLE	fewer_than_four_donors_per_group					6	2	0.0075581988538126				NOT_EVALUABLE	fewer_than_four_donors_per_group				
original_late_allcell	Mast	CIAP_minus_CTRL	30	7	2	0.0012774711334987				NOT_EVALUABLE	fewer_than_four_donors_per_group					7	2	0.0028219775509673				NOT_EVALUABLE	fewer_than_four_donors_per_group				
original_late_allcell	Mast	VN_minus_CTRL	30	0	2					NOT_EVALUABLE	fewer_than_four_donors_per_group					0	2					NOT_EVALUABLE	fewer_than_four_donors_per_group				
original_late_allcell	Mural	CIDP_minus_CTRL	30	9	4	0.0018050044605396	0.6587412587412588	-0.0049083836385232	0.0093699521357929	COMPLETED	unadjusted_observational_association	715.0	715.0	0.4311897396289372	0.866973026973027	9	4	0.0026506897791914	0.4881118881118881	-0.0033391048781376	0.0095910259502198	COMPLETED	unadjusted_observational_association	715.0	715.0	0.6919256723112065	0.7832665776591011
original_late_allcell	Mural	CIAP_minus_CTRL	30	11	4	0.003084887512266	0.4974358974358974	-0.0037536461615807	0.0107652022934858	COMPLETED	unadjusted_observational_association	1365.0	1365.0	0.7523302400175131	0.8123076923076923	11	4	0.0032365600690609	0.421978021978022	-0.0028963455424907	0.0100789433297055	COMPLETED	unadjusted_observational_association	1365.0	1365.0	0.8775799914167375	0.7494349622009197
original_late_allcell	Mural	VN_minus_CTRL	30	5	4	0.0015463711631667				DESCRIPTIVE_ONLY	diagnosis_fully_confounded_with_center					5	4	0.0018859911507329				DESCRIPTIVE_ONLY	diagnosis_fully_confounded_with_center				
original_late_allcell	Perineurial	CIDP_minus_CTRL	30	9	4	0.0073241825882409	0.2881118881118881	-0.0025042943177318	0.0178987326575606	COMPLETED	unadjusted_observational_association	715.0	715.0	1.2676536120379296	0.6227456753772542	9	4	0.0075270131143538	0.2727272727272727	-0.002283557097627	0.018374440012802	COMPLETED	unadjusted_observational_association	715.0	715.0	1.316726470700554	0.6233766233766234
original_late_allcell	Perineurial	CIAP_minus_CTRL	30	11	4	0.0035498937937885	0.545054945054945	-0.0064637440997399	0.013666271072777	COMPLETED	unadjusted_observational_association	1365.0	1365.0	0.6581685663250335	0.8343656343656344	11	4	0.0029843325197058	0.5758241758241758	-0.0063611472229516	0.0124538010704898	COMPLETED	unadjusted_observational_association	1365.0	1365.0	0.5930460475724203	0.83001683001683
original_late_allcell	Perineurial	VN_minus_CTRL	30	5	4	0.0096742846425067				DESCRIPTIVE_ONLY	diagnosis_fully_confounded_with_center					5	4	0.0086713012509747				DESCRIPTIVE_ONLY	diagnosis_fully_confounded_with_center				
original_late_allcell	Schwann	CIDP_minus_CTRL	30	9	4	0.0090855740820379	0.1916083916083916	-0.0019015336848283	0.0204641913426228	COMPLETED	unadjusted_observational_association	715.0	715.0	1.477144900414031	0.5647058823529412	9	4	0.0116426999641206	0.137062937062937	5.138881675152496e-05	0.0237717868492352	COMPLETED	unadjusted_observational_association	715.0	715.0	1.7783740691627812	0.4615384615384615
original_late_allcell	Schwann	CIAP_minus_CTRL	30	11	4	0.0138035814824924	0.0952380952380952	0.0013669292136242	0.0302931866317731	COMPLETED	unadjusted_observational_association	1365.0	1365.0	1.7828853797857458	0.5208791208791209	11	4	0.0148846630962146	0.082051282051282	0.0023132140048514	0.030923297156417	COMPLETED	unadjusted_observational_association	1365.0	1365.0	1.945249281726435	0.4444444444444444
original_late_allcell	Schwann	VN_minus_CTRL	30	5	4	0.0240446645238899				DESCRIPTIVE_ONLY	diagnosis_fully_confounded_with_center					5	4	0.0230190683126164				DESCRIPTIVE_ONLY	diagnosis_fully_confounded_with_center				
original_late_allcell	Vascular_endothelial	CIDP_minus_CTRL	30	9	4	-0.0021566616515412	0.5174825174825175	-0.0076115717715591	0.0037486641727656	COMPLETED	unadjusted_observational_association	715.0	715.0	0.6888819012383725	0.8144629563984402	9	4	-0.0016301202473981	0.5874125874125874	-0.0065460262685221	0.0038099516766792	COMPLETED	unadjusted_observational_association	715.0	715.0	0.567756689847785	0.8315331392254469
original_late_allcell	Vascular_endothelial	CIAP_minus_CTRL	30	11	4	-0.0023276569316683	0.4871794871794871	-0.0080440453804191	0.0031526234083585	COMPLETED	unadjusted_observational_association	1365.0	1365.0	0.7564704779188856	0.8123076923076923	11	4	-0.0022437149325988	0.4644688644688645	-0.0073245160910523	0.0028166164480622	COMPLETED	unadjusted_observational_association	1365.0	1365.0	0.7843544947591699	0.7697594501718213
original_late_allcell	Vascular_endothelial	VN_minus_CTRL	30	5	4	-0.0031803938510799				DESCRIPTIVE_ONLY	diagnosis_fully_confounded_with_center					5	4	-0.002977864431294				DESCRIPTIVE_ONLY	diagnosis_fully_confounded_with_center				
original_late_neuron	Adipocyte	CIDP_minus_CTRL	30	6	2	0.0172778503120492				NOT_EVALUABLE	fewer_than_four_donors_per_group					6	2	0.0182067565768002				NOT_EVALUABLE	fewer_than_four_donors_per_group				
original_late_neuron	Adipocyte	CIAP_minus_CTRL	30	10	2	0.0152212120256883				NOT_EVALUABLE	fewer_than_four_donors_per_group					10	2	0.0129431599428858				NOT_EVALUABLE	fewer_than_four_donors_per_group				
original_late_neuron	Adipocyte	VN_minus_CTRL	30	2	2	0.0214696954800304				NOT_EVALUABLE	fewer_than_four_donors_per_group					2	2	0.0122239861460636				NOT_EVALUABLE	fewer_than_four_donors_per_group				
original_late_neuron	Endoneurial	CIDP_minus_CTRL	30	9	4	0.0060634226014822	0.3874125874125874	-0.005051601927224	0.017699648565005	COMPLETED	unadjusted_observational_association	715.0	715.0	0.9158922682398188	0.7152232383001614	9	4	0.0199551951916681	0.0167832167832167	0.0079447106367053	0.0337525076161442	COMPLETED	unadjusted_observational_association	715.0	715.0	2.6319170527596327	0.293040293040293
original_late_neuron	Endoneurial	CIAP_minus_CTRL	30	11	4	-0.0004331609356405	0.953846153846154	-0.0118046972161858	0.010925503708405	COMPLETED	unadjusted_observational_association	1365.0	1365.0	0.0673774100550542	0.9929091887133844	11	4	0.0112487513863256	0.1838827838827839	-0.0001626850701033	0.0250670109158248	COMPLETED	unadjusted_observational_association	1365.0	1365.0	1.5810567025805455	0.5416193002399899
original_late_neuron	Endoneurial	VN_minus_CTRL	30	5	4	0.0029927915514551				DESCRIPTIVE_ONLY	diagnosis_fully_confounded_with_center					5	4	0.0116431054793602				DESCRIPTIVE_ONLY	diagnosis_fully_confounded_with_center				
original_late_neuron	Epineurial	CIDP_minus_CTRL	30	9	4	0.0071069036360471	0.3020979020979021	-0.0048581538115724	0.0174273950306348	COMPLETED	unadjusted_observational_association	715.0	715.0	1.105267590702346	0.6227456753772542	9	4	0.0167244052073055	0.0881118881118881	0.0024338533469583	0.0297470573409881	COMPLETED	unadjusted_observational_association	715.0	715.0	2.117274170043389	0.4444444444444444
original_late_neuron	Epineurial	CIAP_minus_CTRL	30	11	4	-1.1086459420411863e-05	0.9992673992673992	-0.011564406707526	0.0091064497274531	COMPLETED	unadjusted_observational_association	1365.0	1365.0	0.0018641141520572	0.9992673992673992	11	4	0.0096929034826292	0.2417582417582417	-0.0048001362231602	0.0213543972607623	COMPLETED	unadjusted_observational_association	1365.0	1365.0	1.2930597893662	0.5950972104818258
original_late_neuron	Epineurial	VN_minus_CTRL	30	5	4	-0.0022447407168657				DESCRIPTIVE_ONLY	diagnosis_fully_confounded_with_center					5	4	0.0042488548979972				DESCRIPTIVE_ONLY	diagnosis_fully_confounded_with_center				
original_late_neuron	Granulocyte	CIDP_minus_CTRL	30	0	0					NOT_EVALUABLE	fewer_than_four_donors_per_group					0	0					NOT_EVALUABLE	fewer_than_four_donors_per_group				
original_late_neuron	Granulocyte	CIAP_minus_CTRL	30	2	0					NOT_EVALUABLE	fewer_than_four_donors_per_group					2	0					NOT_EVALUABLE	fewer_than_four_donors_per_group				
original_late_neuron	Granulocyte	VN_minus_CTRL	30	0	0					NOT_EVALUABLE	fewer_than_four_donors_per_group					0	0					NOT_EVALUABLE	fewer_than_four_donors_per_group				
original_late_neuron	Lymphatic_endothelial	CIDP_minus_CTRL	30	4	2	-0.0186814553291621				NOT_EVALUABLE	fewer_than_four_donors_per_group					4	2	-0.0029541234813205				NOT_EVALUABLE	fewer_than_four_donors_per_group				
original_late_neuron	Lymphatic_endothelial	CIAP_minus_CTRL	30	6	2	-0.0001777379307436				NOT_EVALUABLE	fewer_than_four_donors_per_group					6	2	0.0026545079998287				NOT_EVALUABLE	fewer_than_four_donors_per_group				
original_late_neuron	Lymphatic_endothelial	VN_minus_CTRL	30	0	2					NOT_EVALUABLE	fewer_than_four_donors_per_group					0	2					NOT_EVALUABLE	fewer_than_four_donors_per_group				
original_late_neuron	Lymphoid	CIDP_minus_CTRL	30	8	4	-0.0101542518244583	0.6545454545454545	-0.0482459952905178	0.0262235973351333	COMPLETED	unadjusted_observational_association	495.0	495.0	0.4728890568997966	0.866973026973027	8	4	-0.0021162013412225	0.8909090909090909	-0.0325858475658562	0.0278580498190806	COMPLETED	unadjusted_observational_association	495.0	495.0	0.1206164273864635	0.9727415441701156
original_late_neuron	Lymphoid	CIAP_minus_CTRL	30	11	4	-0.0041597749796797	0.8344322344322345	-0.0378886166021891	0.0302268332709517	COMPLETED	unadjusted_observational_association	1365.0	1365.0	0.2109888317874249	0.961265934065934	11	4	0.0042311813420285	0.8007326007326008	-0.0232161537112753	0.0322104187569772	COMPLETED	unadjusted_observational_association	1365.0	1365.0	0.2601552804868835	0.9632873392271888
original_late_neuron	Lymphoid	VN_minus_CTRL	30	5	4	0.0035968026615979				DESCRIPTIVE_ONLY	diagnosis_fully_confounded_with_center					5	4	0.0104397705024811				DESCRIPTIVE_ONLY	diagnosis_fully_confounded_with_center				
original_late_neuron	Macrophage	CIDP_minus_CTRL	30	9	4	-0.0181310692855183	0.2713286713286713	-0.0461699138123186	0.0111956595203621	COMPLETED	unadjusted_observational_association	715.0	715.0	1.1985688432708472	0.6227456753772542	9	4	-0.0086118134403626	0.5412587412587413	-0.0325828552727522	0.0158569863279193	COMPLETED	unadjusted_observational_association	715.0	715.0	0.6357258679634716	0.7913541004450095
original_late_neuron	Macrophage	CIAP_minus_CTRL	30	11	4	0.0037571719553513	0.7391941391941392	-0.0169601789906091	0.0221690921952644	COMPLETED	unadjusted_observational_association	1365.0	1365.0	0.3322574155518298	0.9174825174825176	11	4	0.0083953212302482	0.4747252747252747	-0.0112300996620629	0.0277634894277052	COMPLETED	unadjusted_observational_association	1365.0	1365.0	0.7447211401683009	0.7750616730208566
original_late_neuron	Macrophage	VN_minus_CTRL	30	5	4	0.0010800742598298				DESCRIPTIVE_ONLY	diagnosis_fully_confounded_with_center					5	4	0.0067929985274949				DESCRIPTIVE_ONLY	diagnosis_fully_confounded_with_center				
original_late_neuron	Mast	CIDP_minus_CTRL	30	6	2	-0.0219049596713071				NOT_EVALUABLE	fewer_than_four_donors_per_group					6	2	-0.0020941985661077				NOT_EVALUABLE	fewer_than_four_donors_per_group				
original_late_neuron	Mast	CIAP_minus_CTRL	30	7	2	-0.0054980341921658				NOT_EVALUABLE	fewer_than_four_donors_per_group					7	2	0.0031502839758288				NOT_EVALUABLE	fewer_than_four_donors_per_group				
original_late_neuron	Mast	VN_minus_CTRL	30	0	2					NOT_EVALUABLE	fewer_than_four_donors_per_group					0	2					NOT_EVALUABLE	fewer_than_four_donors_per_group				
original_late_neuron	Mural	CIDP_minus_CTRL	30	9	4	-0.0052707184631485	0.4965034965034965	-0.017233648293497	0.0072493240313294	COMPLETED	unadjusted_observational_association	715.0	715.0	0.7098693083676539	0.8123076923076923	9	4	-0.0045409102140918	0.3804195804195804	-0.0130212414285415	0.0045417470465159	COMPLETED	unadjusted_observational_association	715.0	715.0	0.9217590262341324	0.7103594080338267
original_late_neuron	Mural	CIAP_minus_CTRL	30	11	4	-0.0095170504492701	0.2329670329670329	-0.0223114062653911	0.002885291431743	COMPLETED	unadjusted_observational_association	1365.0	1365.0	1.3066469129635898	0.5990580847723704	11	4	-0.009206200608597	0.0952380952380952	-0.0175158172878651	-0.0006794952595484	COMPLETED	unadjusted_observational_association	1365.0	1365.0	1.9313903502281573	0.4444444444444444
original_late_neuron	Mural	VN_minus_CTRL	30	5	4	-0.0071225018399063				DESCRIPTIVE_ONLY	diagnosis_fully_confounded_with_center					5	4	-0.0076790522374942				DESCRIPTIVE_ONLY	diagnosis_fully_confounded_with_center				
original_late_neuron	Perineurial	CIDP_minus_CTRL	30	9	4	0.0038961145566169	0.5076923076923077	-0.0063257780050471	0.0134318339535037	COMPLETED	unadjusted_observational_association	715.0	715.0	0.6644829446701401	0.8123076923076923	9	4	0.0111144169917455	0.1104895104895104	0.0016111478866815	0.0219925976342938	COMPLETED	unadjusted_observational_association	715.0	715.0	1.805113611783512	0.4444444444444444
original_late_neuron	Perineurial	CIAP_minus_CTRL	30	11	4	-0.0088150994159996	0.1948717948717948	-0.018878035222884	0.0013951546412308	COMPLETED	unadjusted_observational_association	1365.0	1365.0	1.48536781229655	0.5647058823529412	11	4	-0.0059849923023388	0.4666666666666667	-0.0171297563001194	0.0061410872747938	COMPLETED	unadjusted_observational_association	1365.0	1365.0	0.8718447164453824	0.7697594501718213
original_late_neuron	Perineurial	VN_minus_CTRL	30	5	4	-0.0007361976765815				DESCRIPTIVE_ONLY	diagnosis_fully_confounded_with_center					5	4	0.0090495498069324				DESCRIPTIVE_ONLY	diagnosis_fully_confounded_with_center				
original_late_neuron	Schwann	CIDP_minus_CTRL	30	9	4	0.0022014494047175	0.7342657342657343	-0.0086687808011213	0.013439644654732	COMPLETED	unadjusted_observational_association	715.0	715.0	0.3513827396388121	0.9174825174825176	9	4	0.0033683748722959	0.2951048951048951	-0.0016774425010853	0.0084846396782038	COMPLETED	unadjusted_observational_association	715.0	715.0	1.1556576467032875	0.6317492031777745
original_late_neuron	Schwann	CIAP_minus_CTRL	30	11	4	0.0065895741265615	0.241025641025641	-0.0021678640971014	0.0155256633860738	COMPLETED	unadjusted_observational_association	1365.0	1365.0	1.2737179208314078	0.5995604395604396	11	4	0.0064471264289716	0.0205128205128205	0.0026488284478599	0.0103458400215752	COMPLETED	unadjusted_observational_association	1365.0	1365.0	3.034839474060077	0.2983682983682983
original_late_neuron	Schwann	VN_minus_CTRL	30	5	4	0.0050826715532269				DESCRIPTIVE_ONLY	diagnosis_fully_confounded_with_center					5	4	0.006264351299426				DESCRIPTIVE_ONLY	diagnosis_fully_confounded_with_center				
original_late_neuron	Vascular_endothelial	CIDP_minus_CTRL	30	9	4	-0.0166176686106075	0.0979020979020979	-0.029330537718375	-0.0022505114391975	COMPLETED	unadjusted_observational_association	715.0	715.0	2.128069353322862	0.5208791208791209	9	4	-0.0074514473893603	0.3202797202797203	-0.019273902162528	0.005632594684615	COMPLETED	unadjusted_observational_association	715.0	715.0	0.9971993792415048	0.6405594405594406
original_late_neuron	Vascular_endothelial	CIAP_minus_CTRL	30	11	4	-0.0116971246777493	0.1831501831501831	-0.0248353934897123	0.0018163267985829	COMPLETED	unadjusted_observational_association	1365.0	1365.0	1.4827264383115852	0.5647058823529412	11	4	-0.0006724011438547	0.928937728937729	-0.0128902687036311	0.0129377319635857	COMPLETED	unadjusted_observational_association	1365.0	1365.0	0.0870530074424971	0.9778291883555044
original_late_neuron	Vascular_endothelial	VN_minus_CTRL	30	5	4	-0.0099417176633351				DESCRIPTIVE_ONLY	diagnosis_fully_confounded_with_center					5	4	0.0016565815213988				DESCRIPTIVE_ONLY	diagnosis_fully_confounded_with_center				
original_severity	Adipocyte	CIDP_minus_CTRL	30	6	2	-0.0088395433352929				NOT_EVALUABLE	fewer_than_four_donors_per_group					6	2	-0.0130581562728075				NOT_EVALUABLE	fewer_than_four_donors_per_group				
original_severity	Adipocyte	CIAP_minus_CTRL	30	10	2	-0.0063852956389187				NOT_EVALUABLE	fewer_than_four_donors_per_group					10	2	-0.0102368528306455				NOT_EVALUABLE	fewer_than_four_donors_per_group				
original_severity	Adipocyte	VN_minus_CTRL	30	2	2	-0.0023473420496009				NOT_EVALUABLE	fewer_than_four_donors_per_group					2	2	-0.0070364547038646				NOT_EVALUABLE	fewer_than_four_donors_per_group				
original_severity	Endoneurial	CIDP_minus_CTRL	30	9	4	-0.0185991300610291	0.213986013986014	-0.0425003715081359	0.0063965939409518	COMPLETED	unadjusted_observational_association	715.0	715.0	1.376229508925091	0.5851959361393324	9	4	-0.0149241694146357	0.2461538461538461	-0.0355070443233066	0.0068113558272236	COMPLETED	unadjusted_observational_association	715.0	715.0	1.2604050919597805	0.5967365967365968
original_severity	Endoneurial	CIAP_minus_CTRL	30	11	4	-0.0135416281358145	0.3106227106227106	-0.0359167230395651	0.0087650125405978	COMPLETED	unadjusted_observational_association	1365.0	1365.0	1.0817160415832148	0.6227456753772542	11	4	-0.0080863965256529	0.5032967032967033	-0.0288607501607228	0.0136674080970589	COMPLETED	unadjusted_observational_association	1365.0	1365.0	0.6840347631104995	0.7832665776591011
original_severity	Endoneurial	VN_minus_CTRL	30	5	4	-0.0165178500715926				DESCRIPTIVE_ONLY	diagnosis_fully_confounded_with_center					5	4	-0.0126457612144654				DESCRIPTIVE_ONLY	diagnosis_fully_confounded_with_center				
original_severity	Epineurial	CIDP_minus_CTRL	30	9	4	-0.0162850166496949	0.3118881118881119	-0.0419346350000661	0.0113319205339674	COMPLETED	unadjusted_observational_association	715.0	715.0	1.0919309102973482	0.6227456753772542	9	4	-0.0156615995657225	0.2279720279720279	-0.0359946549864744	0.0056359385174722	COMPLETED	unadjusted_observational_association	715.0	715.0	1.3524290955929532	0.5789765789765791
original_severity	Epineurial	CIAP_minus_CTRL	30	11	4	-0.0278400845862282	0.0695970695970696	-0.0482963880734002	-0.0058672895891988	COMPLETED	unadjusted_observational_association	1365.0	1365.0	2.190102822532199	0.5208791208791209	11	4	-0.0250112263461054	0.0358974358974358	-0.0412296743726965	-0.0082656349794998	COMPLETED	unadjusted_observational_association	1365.0	1365.0	2.527227265758777	0.3591470258136925
original_severity	Epineurial	VN_minus_CTRL	30	5	4	-0.0336855367812609				DESCRIPTIVE_ONLY	diagnosis_fully_confounded_with_center					5	4	-0.0289435338693363				DESCRIPTIVE_ONLY	diagnosis_fully_confounded_with_center				
original_severity	Granulocyte	CIDP_minus_CTRL	30	0	0					NOT_EVALUABLE	fewer_than_four_donors_per_group					0	0					NOT_EVALUABLE	fewer_than_four_donors_per_group				
original_severity	Granulocyte	CIAP_minus_CTRL	30	2	0					NOT_EVALUABLE	fewer_than_four_donors_per_group					2	0					NOT_EVALUABLE	fewer_than_four_donors_per_group				
original_severity	Granulocyte	VN_minus_CTRL	30	0	0					NOT_EVALUABLE	fewer_than_four_donors_per_group					0	0					NOT_EVALUABLE	fewer_than_four_donors_per_group				
original_severity	Lymphatic_endothelial	CIDP_minus_CTRL	30	4	2	-0.0261794712076962				NOT_EVALUABLE	fewer_than_four_donors_per_group					4	2	-0.0167518918711097				NOT_EVALUABLE	fewer_than_four_donors_per_group				
original_severity	Lymphatic_endothelial	CIAP_minus_CTRL	30	6	2	-0.0314782676936073				NOT_EVALUABLE	fewer_than_four_donors_per_group					6	2	-0.0347154530919716				NOT_EVALUABLE	fewer_than_four_donors_per_group				
original_severity	Lymphatic_endothelial	VN_minus_CTRL	30	0	2					NOT_EVALUABLE	fewer_than_four_donors_per_group					0	2					NOT_EVALUABLE	fewer_than_four_donors_per_group				
original_severity	Lymphoid	CIDP_minus_CTRL	30	8	4	0.0064101946961814	0.795959595959596	-0.0347874326924741	0.0411341283826658	COMPLETED	unadjusted_observational_association	495.0	495.0	0.2895988246891662	0.9551515151515152	8	4	-0.0024446593244563	0.9191919191919192	-0.0396115333118801	0.0298428710078261	COMPLETED	unadjusted_observational_association	495.0	495.0	0.1216796457249902	0.973978192521239
original_severity	Lymphoid	CIAP_minus_CTRL	30	11	4	0.0016194779043031	0.9377289377289376	-0.0351968954062327	0.0302618743927681	COMPLETED	unadjusted_observational_association	1365.0	1365.0	0.0813773942629449	0.9856420951311464	11	4	-0.0076733454466978	0.6783882783882784	-0.0402926895729665	0.0190992931519828	COMPLETED	unadjusted_observational_association	1365.0	1365.0	0.4400355050321902	0.8614454328740043
original_severity	Lymphoid	VN_minus_CTRL	30	5	4	0.016473163521019				DESCRIPTIVE_ONLY	diagnosis_fully_confounded_with_center					5	4	0.006210229303204				DESCRIPTIVE_ONLY	diagnosis_fully_confounded_with_center				
original_severity	Macrophage	CIDP_minus_CTRL	30	9	4	-0.0060114820768256	0.7454545454545455	-0.038218282295507	0.0209030298116132	COMPLETED	unadjusted_observational_association	715.0	715.0	0.3481848517838092	0.9174825174825176	9	4	-0.0116896141031684	0.4545454545454545	-0.0395355176167924	0.0128662154403831	COMPLETED	unadjusted_observational_association	715.0	715.0	0.7651101394074062	0.7655502392344498
original_severity	Macrophage	CIAP_minus_CTRL	30	11	4	-0.0081480054900822	0.6498168498168498	-0.0372506459000946	0.0139845733753579	COMPLETED	unadjusted_observational_association	1365.0	1365.0	0.5399250964977588	0.866973026973027	11	4	-0.0127434493565642	0.4051282051282051	-0.0385278112992507	0.0072540435491666	COMPLETED	unadjusted_observational_association	1365.0	1365.0	0.9539086833788069	0.7365967365967365
original_severity	Macrophage	VN_minus_CTRL	30	5	4	-0.0048058892494011				DESCRIPTIVE_ONLY	diagnosis_fully_confounded_with_center					5	4	-0.0072830119516967				DESCRIPTIVE_ONLY	diagnosis_fully_confounded_with_center				
original_severity	Mast	CIDP_minus_CTRL	30	6	2	-0.0315870865975805				NOT_EVALUABLE	fewer_than_four_donors_per_group					6	2	-0.0349388755134517				NOT_EVALUABLE	fewer_than_four_donors_per_group				
original_severity	Mast	CIAP_minus_CTRL	30	7	2	-0.0426739644311458				NOT_EVALUABLE	fewer_than_four_donors_per_group					7	2	-0.047297364364181				NOT_EVALUABLE	fewer_than_four_donors_per_group				
original_severity	Mast	VN_minus_CTRL	30	0	2					NOT_EVALUABLE	fewer_than_four_donors_per_group					0	2					NOT_EVALUABLE	fewer_than_four_donors_per_group				
original_severity	Mural	CIDP_minus_CTRL	30	9	4	-0.0021525813828632	0.8615384615384616	-0.0224619619682407	0.0167206508145872	COMPLETED	unadjusted_observational_association	715.0	715.0	0.1918513081833753	0.9729839391377852	9	4	-0.0043953972542749	0.6573426573426573	-0.0221673745609541	0.0125227622856638	COMPLETED	unadjusted_observational_association	715.0	715.0	0.4477719509135691	0.8595848595848595
original_severity	Mural	CIAP_minus_CTRL	30	11	4	-0.0004055677336856	0.9663003663003664	-0.0171428625117801	0.0164818258815603	COMPLETED	unadjusted_observational_association	1365.0	1365.0	0.0422265770733232	0.9929091887133844	11	4	-0.003566691217561	0.6747252747252748	-0.0184112904702813	0.0103565012375204	COMPLETED	unadjusted_observational_association	1365.0	1365.0	0.4302726906841823	0.8614454328740043
original_severity	Mural	VN_minus_CTRL	30	5	4	-0.0263238643339663				DESCRIPTIVE_ONLY	diagnosis_fully_confounded_with_center					5	4	-0.0227605742688751				DESCRIPTIVE_ONLY	diagnosis_fully_confounded_with_center				
original_severity	Perineurial	CIDP_minus_CTRL	30	9	4	-0.0158759324543811	0.0209790209790209	-0.027899774412403	-0.0060676236685207	COMPLETED	unadjusted_observational_association	715.0	715.0	2.5281696095998734	0.427972027972028	9	4	-0.0187694216714792	0.0027972027972027	-0.0283873777018686	-0.0103934158792274	COMPLETED	unadjusted_observational_association	715.0	715.0	3.7007033978068966	0.1172161172161172
original_severity	Perineurial	CIAP_minus_CTRL	30	11	4	-0.010046080899177	0.0827838827838827	-0.0178035542611125	-0.0019662396233199	COMPLETED	unadjusted_observational_association	1365.0	1365.0	2.16341617192516	0.5208791208791209	11	4	-0.013889476605963	0.0183150183150183	-0.0206146862977922	-0.0065200278186547	COMPLETED	unadjusted_observational_association	1365.0	1365.0	3.4247252449717096	0.293040293040293
original_severity	Perineurial	VN_minus_CTRL	30	5	4	-0.0290724540270029				DESCRIPTIVE_ONLY	diagnosis_fully_confounded_with_center					5	4	-0.0299001993144645				DESCRIPTIVE_ONLY	diagnosis_fully_confounded_with_center				
original_severity	Schwann	CIDP_minus_CTRL	30	9	4	-0.0198453380978562	0.0209790209790209	-0.0317833236381348	-0.0061137890154739	COMPLETED	unadjusted_observational_association	715.0	715.0	2.832655520110339	0.427972027972028	9	4	-0.0180526440458481	0.0265734265734265	-0.0285844365109589	-0.0061187581025235	COMPLETED	unadjusted_observational_association	715.0	715.0	2.8749923868115066	0.3543123543123543
original_severity	Schwann	CIAP_minus_CTRL	30	11	4	-0.0217990268816239	0.0014652014652014	-0.0294932527009818	-0.0145918960394407	COMPLETED	unadjusted_observational_association	1365.0	1365.0	5.02225324518326	0.0703296703296703	11	4	-0.0184195303586902	0.0029304029304029	-0.0257699501161363	-0.0112839343385146	COMPLETED	unadjusted_observational_association	1365.0	1365.0	4.323051353181162	0.1172161172161172
original_severity	Schwann	VN_minus_CTRL	30	5	4	-0.0229837553324317				DESCRIPTIVE_ONLY	diagnosis_fully_confounded_with_center					5	4	-0.0200861556795531				DESCRIPTIVE_ONLY	diagnosis_fully_confounded_with_center				
original_severity	Vascular_endothelial	CIDP_minus_CTRL	30	9	4	-0.0166407383087689	0.1146853146853146	-0.0323443689951191	0.0006617485372046	COMPLETED	unadjusted_observational_association	715.0	715.0	1.8347968754219828	0.5208791208791209	9	4	-0.015011132076958	0.0909090909090909	-0.0279992967940709	-0.0011332353720661	COMPLETED	unadjusted_observational_association	715.0	715.0	2.0583465063452167	0.4444444444444444
original_severity	Vascular_endothelial	CIAP_minus_CTRL	30	11	4	-0.0132099243234066	0.1582417582417582	-0.0262205608337824	0.0019999492916524	COMPLETED	unadjusted_observational_association	1365.0	1365.0	1.6474067073353411	0.5647058823529412	11	4	-0.0116885606440175	0.1076923076923077	-0.0223062315175835	0.0002735468289402	COMPLETED	unadjusted_observational_association	1365.0	1365.0	1.889403948703472	0.4444444444444444
original_severity	Vascular_endothelial	VN_minus_CTRL	30	5	4	-0.029966419699698				DESCRIPTIVE_ONLY	diagnosis_fully_confounded_with_center					5	4	-0.0271313930826091				DESCRIPTIVE_ONLY	diagnosis_fully_confounded_with_center				
original_xenium	Adipocyte	CIDP_minus_CTRL	30	6	2	-0.0468608346936602				NOT_EVALUABLE	fewer_than_four_donors_per_group					6	2	-0.0605927669278758				NOT_EVALUABLE	fewer_than_four_donors_per_group				
original_xenium	Adipocyte	CIAP_minus_CTRL	30	10	2	-0.04217371482563				NOT_EVALUABLE	fewer_than_four_donors_per_group					10	2	-0.0548512674328162				NOT_EVALUABLE	fewer_than_four_donors_per_group				
original_xenium	Adipocyte	VN_minus_CTRL	30	2	2	-0.0230083791331006				NOT_EVALUABLE	fewer_than_four_donors_per_group					2	2	-0.0259533024486278				NOT_EVALUABLE	fewer_than_four_donors_per_group				
original_xenium	Endoneurial	CIDP_minus_CTRL	30	9	4	-0.0005848306331757	0.9818181818181818	-0.0405010183677099	0.0396004853738463	COMPLETED	unadjusted_observational_association	715.0	715.0	0.0242909385080058	0.9929091887133844	9	4	0.0045273931730529	0.8853146853146853	-0.0452667498694647	0.0545769454603359	COMPLETED	unadjusted_observational_association	715.0	715.0	0.1507086436069329	0.9727415441701156
original_xenium	Endoneurial	CIAP_minus_CTRL	30	11	4	-0.0035070171324146	0.8893772893772893	-0.0422489870148487	0.0401279233174046	COMPLETED	unadjusted_observational_association	1365.0	1365.0	0.1443898345417843	0.9773755656108598	11	4	-0.0006238306772466	0.9838827838827838	-0.0494200632571395	0.0526340996838243	COMPLETED	unadjusted_observational_association	1365.0	1365.0	0.020633541604163	0.9900707259197824
original_xenium	Endoneurial	VN_minus_CTRL	30	5	4	0.0155798080149382				DESCRIPTIVE_ONLY	diagnosis_fully_confounded_with_center					5	4	0.0231315387456942				DESCRIPTIVE_ONLY	diagnosis_fully_confounded_with_center				
original_xenium	Epineurial	CIDP_minus_CTRL	30	9	4	-0.0565142481451688	0.0041958041958041	-0.0771600524069239	-0.0355903473475272	COMPLETED	unadjusted_observational_association	715.0	715.0	4.776949405987713	0.151048951048951	9	4	-0.068311924598976	0.0027972027972027	-0.0920847643101472	-0.0443784458136244	COMPLETED	unadjusted_observational_association	715.0	715.0	5.043782166388853	0.1172161172161172
original_xenium	Epineurial	CIAP_minus_CTRL	30	11	4	-0.058503235440396	0.0014652014652014	-0.0770915713652501	-0.0393010835534388	COMPLETED	unadjusted_observational_association	1365.0	1365.0	5.374315204847563	0.0703296703296703	11	4	-0.0710497001961902	0.0014652014652014	-0.094113433565815	-0.0474820221848224	COMPLETED	unadjusted_observational_association	1365.0	1365.0	5.367322921158003	0.1172161172161172
original_xenium	Epineurial	VN_minus_CTRL	30	5	4	-0.0310322790866928				DESCRIPTIVE_ONLY	diagnosis_fully_confounded_with_center					5	4	-0.0390972706894101				DESCRIPTIVE_ONLY	diagnosis_fully_confounded_with_center				
original_xenium	Granulocyte	CIDP_minus_CTRL	30	0	0					NOT_EVALUABLE	fewer_than_four_donors_per_group					0	0					NOT_EVALUABLE	fewer_than_four_donors_per_group				
original_xenium	Granulocyte	CIAP_minus_CTRL	30	2	0					NOT_EVALUABLE	fewer_than_four_donors_per_group					2	0					NOT_EVALUABLE	fewer_than_four_donors_per_group				
original_xenium	Granulocyte	VN_minus_CTRL	30	0	0					NOT_EVALUABLE	fewer_than_four_donors_per_group					0	0					NOT_EVALUABLE	fewer_than_four_donors_per_group				
original_xenium	Lymphatic_endothelial	CIDP_minus_CTRL	30	4	2	-0.0329580922122058				NOT_EVALUABLE	fewer_than_four_donors_per_group					4	2	-0.0370628640930682				NOT_EVALUABLE	fewer_than_four_donors_per_group				
original_xenium	Lymphatic_endothelial	CIAP_minus_CTRL	30	6	2	-0.0306864874122972				NOT_EVALUABLE	fewer_than_four_donors_per_group					6	2	-0.0326396308476562				NOT_EVALUABLE	fewer_than_four_donors_per_group				
original_xenium	Lymphatic_endothelial	VN_minus_CTRL	30	0	2					NOT_EVALUABLE	fewer_than_four_donors_per_group					0	2					NOT_EVALUABLE	fewer_than_four_donors_per_group				
original_xenium	Lymphoid	CIDP_minus_CTRL	30	8	4	-0.0549612932974483	0.2262626262626262	-0.1303931103197345	0.0174270055665042	COMPLETED	unadjusted_observational_association	495.0	495.0	1.3240418793803876	0.5923966942148761	8	4	-0.0541918718502961	0.2606060606060606	-0.1341180112952641	0.0224084253484944	COMPLETED	unadjusted_observational_association	495.0	495.0	1.2239496769793143	0.6081647820778255
original_xenium	Lymphoid	CIAP_minus_CTRL	30	11	4	-0.0578163370467534	0.1553113553113553	-0.1208995854536599	0.0042707553576001	COMPLETED	unadjusted_observational_association	1365.0	1365.0	1.5594996636973868	0.5647058823529412	11	4	-0.0569176378296571	0.1897435897435897	-0.1242933109543767	0.0097074687996756	COMPLETED	unadjusted_observational_association	1365.0	1365.0	1.433239030064063	0.5416193002399899
original_xenium	Lymphoid	VN_minus_CTRL	30	5	4	-0.0383255136934996				DESCRIPTIVE_ONLY	diagnosis_fully_confounded_with_center					5	4	-0.0365964919656732				DESCRIPTIVE_ONLY	diagnosis_fully_confounded_with_center				
original_xenium	Macrophage	CIDP_minus_CTRL	30	9	4	-0.0930311991545197	0.0895104895104895	-0.1731302592189193	-0.0126071872485879	COMPLETED	unadjusted_observational_association	715.0	715.0	2.021311075470173	0.5208791208791209	9	4	-0.0856147749328053	0.116083916083916	-0.1704397556760882	-0.0038290666006091	COMPLETED	unadjusted_observational_association	715.0	715.0	1.790590768951177	0.4530104042299164
original_xenium	Macrophage	CIAP_minus_CTRL	30	11	4	-0.0626596794691708	0.2	-0.1362043097411014	0.0115691456578932	COMPLETED	unadjusted_observational_association	1365.0	1365.0	1.4318325718154543	0.5647058823529412	11	4	-0.0523413181736423	0.3142857142857143	-0.1302911949352457	0.0243498461690499	COMPLETED	unadjusted_observational_association	1365.0	1365.0	1.1507872997256616	0.6365280289330922
original_xenium	Macrophage	VN_minus_CTRL	30	5	4	-0.0367733087060231				DESCRIPTIVE_ONLY	diagnosis_fully_confounded_with_center					5	4	-0.0268513769035296				DESCRIPTIVE_ONLY	diagnosis_fully_confounded_with_center				
original_xenium	Mast	CIDP_minus_CTRL	30	6	2	-0.0790285954923528				NOT_EVALUABLE	fewer_than_four_donors_per_group					6	2	-0.0857427827329999				NOT_EVALUABLE	fewer_than_four_donors_per_group				
original_xenium	Mast	CIAP_minus_CTRL	30	7	2	-0.0368968298641744				NOT_EVALUABLE	fewer_than_four_donors_per_group					7	2	-0.041605374232513				NOT_EVALUABLE	fewer_than_four_donors_per_group				
original_xenium	Mast	VN_minus_CTRL	30	0	2					NOT_EVALUABLE	fewer_than_four_donors_per_group					0	2					NOT_EVALUABLE	fewer_than_four_donors_per_group				
original_xenium	Mural	CIDP_minus_CTRL	30	9	4	-0.0144242892620978	0.4363636363636363	-0.043919445979744	0.0181111645781636	COMPLETED	unadjusted_observational_association	715.0	715.0	0.7950922342730878	0.7953970080552358	9	4	-0.0143146098968988	0.5188811188811189	-0.0508708886949846	0.0231480157484687	COMPLETED	unadjusted_observational_association	715.0	715.0	0.6598745266959676	0.7832665776591011
original_xenium	Mural	CIAP_minus_CTRL	30	11	4	-0.0106667456573557	0.5641025641025641	-0.0383711439062533	0.0241550150884311	COMPLETED	unadjusted_observational_association	1365.0	1365.0	0.6019518324033661	0.8343656343656344	11	4	-0.0098001766498554	0.6608058608058608	-0.0448148009522369	0.0315026098313281	COMPLETED	unadjusted_observational_association	1365.0	1365.0	0.450644804678636	0.8595848595848595
original_xenium	Mural	VN_minus_CTRL	30	5	4	0.0172432678973612				DESCRIPTIVE_ONLY	diagnosis_fully_confounded_with_center					5	4	0.023291172881107				DESCRIPTIVE_ONLY	diagnosis_fully_confounded_with_center				
original_xenium	Perineurial	CIDP_minus_CTRL	30	9	4	-0.0159211904285035	0.1874125874125874	-0.0347306224915021	0.0038676761351667	COMPLETED	unadjusted_observational_association	715.0	715.0	1.472386588527672	0.5647058823529412	9	4	-0.0208659378914758	0.1874125874125874	-0.0441701248353891	0.0043100354368344	COMPLETED	unadjusted_observational_association	715.0	715.0	1.4996875675410883	0.5416193002399899
original_xenium	Perineurial	CIAP_minus_CTRL	30	11	4	-0.0242638295894133	0.1076923076923077	-0.044153642532723	-0.0021993758973587	COMPLETED	unadjusted_observational_association	1365.0	1365.0	1.9988191201357963	0.5208791208791209	11	4	-0.0326549192043332	0.0813186813186813	-0.0581350749974213	-0.0051547945344347	COMPLETED	unadjusted_observational_association	1365.0	1365.0	2.1235084931502715	0.4444444444444444
original_xenium	Perineurial	VN_minus_CTRL	30	5	4	-0.0219412673305869				DESCRIPTIVE_ONLY	diagnosis_fully_confounded_with_center					5	4	-0.0258209118921709				DESCRIPTIVE_ONLY	diagnosis_fully_confounded_with_center				
original_xenium	Schwann	CIDP_minus_CTRL	30	9	4	0.0015787067734556	0.8993006993006993	-0.0205216463225659	0.0242579719515227	COMPLETED	unadjusted_observational_association	715.0	715.0	0.1256786380559852	0.9773755656108598	9	4	0.0003186680392143	0.9832167832167832	-0.0262331805460794	0.0273499671625466	COMPLETED	unadjusted_observational_association	715.0	715.0	0.0213132110536229	0.9900707259197824
original_xenium	Schwann	CIAP_minus_CTRL	30	11	4	0.0194466148098085	0.1142857142857142	-0.0005610227725755	0.0396111179090343	COMPLETED	unadjusted_observational_association	1365.0	1365.0	1.7500001288499971	0.5208791208791209	11	4	0.0256240834913142	0.0937728937728937	0.0020931492440549	0.0493868160491888	COMPLETED	unadjusted_observational_association	1365.0	1365.0	1.959334905118776	0.4444444444444444
original_xenium	Schwann	VN_minus_CTRL	30	5	4	0.0431513475412677				DESCRIPTIVE_ONLY	diagnosis_fully_confounded_with_center					5	4	0.0538535665434334				DESCRIPTIVE_ONLY	diagnosis_fully_confounded_with_center				
original_xenium	Vascular_endothelial	CIDP_minus_CTRL	30	9	4	-0.0297007785699961	0.1020979020979021	-0.0593647067148073	-0.0012823452001917	COMPLETED	unadjusted_observational_association	715.0	715.0	1.7936694572156051	0.5208791208791209	9	4	-0.0369080605372585	0.1062937062937063	-0.074032899967468	-0.0012211318314071	COMPLETED	unadjusted_observational_association	715.0	715.0	1.7657010629711003	0.4444444444444444
original_xenium	Vascular_endothelial	CIAP_minus_CTRL	30	11	4	-0.0122137503277229	0.4967032967032967	-0.0415459067668028	0.0149729683478935	COMPLETED	unadjusted_observational_association	1365.0	1365.0	0.7413493844056378	0.8123076923076923	11	4	-0.0145692076322006	0.5194139194139195	-0.0517100627497848	0.0197811394065587	COMPLETED	unadjusted_observational_association	1365.0	1365.0	0.705814701617327	0.7832665776591011
original_xenium	Vascular_endothelial	VN_minus_CTRL	30	5	4	0.0064762636973306				DESCRIPTIVE_ONLY	diagnosis_fully_confounded_with_center					5	4	0.00623730637062				DESCRIPTIVE_ONLY	diagnosis_fully_confounded_with_center				
severity_neuron_residual	Adipocyte	CIDP_minus_CTRL	30	6	2	-0.0085384404836264				NOT_EVALUABLE	fewer_than_four_donors_per_group					6	2	-0.0133823598039137				NOT_EVALUABLE	fewer_than_four_donors_per_group				
severity_neuron_residual	Adipocyte	CIAP_minus_CTRL	30	10	2	-0.0035924649026279				NOT_EVALUABLE	fewer_than_four_donors_per_group					10	2	-0.0060964536879709				NOT_EVALUABLE	fewer_than_four_donors_per_group				
severity_neuron_residual	Adipocyte	VN_minus_CTRL	30	2	2	-0.0050378518994073				NOT_EVALUABLE	fewer_than_four_donors_per_group					2	2	-0.0097359455773924				NOT_EVALUABLE	fewer_than_four_donors_per_group				
severity_neuron_residual	Endoneurial	CIDP_minus_CTRL	30	9	4	-0.0211027841408892	0.1412587412587412	-0.0441912299087292	0.0025144459932234	COMPLETED	unadjusted_observational_association	715.0	715.0	1.6297164023627615	0.5502821502821503	9	4	-0.0181553386064328	0.1916083916083916	-0.0406867260542456	0.005693103391066	COMPLETED	unadjusted_observational_association	715.0	715.0	1.4390970187676355	0.5416193002399899
severity_neuron_residual	Endoneurial	CIAP_minus_CTRL	30	11	4	-0.0133631202683503	0.304029304029304	-0.0358264974730509	0.008679229502224	COMPLETED	unadjusted_observational_association	1365.0	1365.0	1.0987477881833865	0.6227456753772542	11	4	-0.0084176951808599	0.5238095238095238	-0.0318935200464188	0.0150416194784812	COMPLETED	unadjusted_observational_association	1365.0	1365.0	0.6623395039808287	0.7832665776591011
severity_neuron_residual	Endoneurial	VN_minus_CTRL	30	5	4	-0.0161973206297535				DESCRIPTIVE_ONLY	diagnosis_fully_confounded_with_center					5	4	-0.0122005597729484				DESCRIPTIVE_ONLY	diagnosis_fully_confounded_with_center				
severity_neuron_residual	Epineurial	CIDP_minus_CTRL	30	9	4	-0.0181676558153107	0.3020979020979021	-0.0448959342781721	0.009125662097422	COMPLETED	unadjusted_observational_association	715.0	715.0	1.148849864999001	0.6227456753772542	9	4	-0.0176173354870982	0.2853146853146853	-0.042663280122262	0.0086979901053516	COMPLETED	unadjusted_observational_association	715.0	715.0	1.168816632833251	0.6262230919765166
severity_neuron_residual	Epineurial	CIAP_minus_CTRL	30	11	4	-0.0287816106941916	0.06007326007326	-0.0512217958349826	-0.005529217245049	COMPLETED	unadjusted_observational_association	1365.0	1365.0	2.171157903212733	0.5208791208791209	11	4	-0.0268686439769513	0.0666666666666666	-0.0485917593465711	-0.0046079158068105	COMPLETED	unadjusted_observational_association	1365.0	1365.0	2.087004966031372	0.4444444444444444
severity_neuron_residual	Epineurial	VN_minus_CTRL	30	5	4	-0.0374838454156114				DESCRIPTIVE_ONLY	diagnosis_fully_confounded_with_center					5	4	-0.0307032548659838				DESCRIPTIVE_ONLY	diagnosis_fully_confounded_with_center				
severity_neuron_residual	Granulocyte	CIDP_minus_CTRL	30	0	0					NOT_EVALUABLE	fewer_than_four_donors_per_group					0	0					NOT_EVALUABLE	fewer_than_four_donors_per_group				
severity_neuron_residual	Granulocyte	CIAP_minus_CTRL	30	2	0					NOT_EVALUABLE	fewer_than_four_donors_per_group					2	0					NOT_EVALUABLE	fewer_than_four_donors_per_group				
severity_neuron_residual	Granulocyte	VN_minus_CTRL	30	0	0					NOT_EVALUABLE	fewer_than_four_donors_per_group					0	0					NOT_EVALUABLE	fewer_than_four_donors_per_group				
severity_neuron_residual	Lymphatic_endothelial	CIDP_minus_CTRL	30	4	2	-0.0309195145891327				NOT_EVALUABLE	fewer_than_four_donors_per_group					4	2	-0.0246104405445302				NOT_EVALUABLE	fewer_than_four_donors_per_group				
severity_neuron_residual	Lymphatic_endothelial	CIAP_minus_CTRL	30	6	2	-0.0441455598116097				NOT_EVALUABLE	fewer_than_four_donors_per_group					6	2	-0.0449095215896009				NOT_EVALUABLE	fewer_than_four_donors_per_group				
severity_neuron_residual	Lymphatic_endothelial	VN_minus_CTRL	30	0	2					NOT_EVALUABLE	fewer_than_four_donors_per_group					0	2					NOT_EVALUABLE	fewer_than_four_donors_per_group				
severity_neuron_residual	Lymphoid	CIDP_minus_CTRL	30	8	4	0.0038309064169691	0.9111111111111112	-0.0386295921296258	0.0403378389045987	COMPLETED	unadjusted_observational_association	495.0	495.0	0.1633714727168383	0.9773755656108598	8	4	-0.0020779267518235	0.9494949494949496	-0.0449272009792431	0.0343802251904876	COMPLETED	unadjusted_observational_association	495.0	495.0	0.0911512532072959	0.9835634451019069
severity_neuron_residual	Lymphoid	CIAP_minus_CTRL	30	11	4	-0.0040835978249604	0.8688644688644689	-0.0454262639260791	0.0236614479949249	COMPLETED	unadjusted_observational_association	1365.0	1365.0	0.1993195873731831	0.9729839391377852	11	4	-0.0108768969847086	0.608058608058608	-0.0477964974335469	0.0169160317345082	COMPLETED	unadjusted_observational_association	1365.0	1365.0	0.5703034970607516	0.8315331392254469
severity_neuron_residual	Lymphoid	VN_minus_CTRL	30	5	4	0.0071299098623856				DESCRIPTIVE_ONLY	diagnosis_fully_confounded_with_center					5	4	0.0007928290170638				DESCRIPTIVE_ONLY	diagnosis_fully_confounded_with_center				
severity_neuron_residual	Macrophage	CIDP_minus_CTRL	30	9	4	-0.0095457465126509	0.627972027972028	-0.0419875888698733	0.0219029061023354	COMPLETED	unadjusted_observational_association	715.0	715.0	0.5011267832930345	0.866973026973027	9	4	-0.0181573633433734	0.3818181818181818	-0.0515206284609318	0.0145133468990213	COMPLETED	unadjusted_observational_association	715.0	715.0	0.9228419779014362	0.7103594080338267
severity_neuron_residual	Macrophage	CIAP_minus_CTRL	30	11	4	-0.013769133301638	0.4659340659340659	-0.043230977285987	0.0100935226679801	COMPLETED	unadjusted_observational_association	1365.0	1365.0	0.8205606197857981	0.8123076923076923	11	4	-0.0215663814513451	0.2512820512820513	-0.0527081813963204	0.003072170162182	COMPLETED	unadjusted_observational_association	1365.0	1365.0	1.2474014620848504	0.6000765403750478
severity_neuron_residual	Macrophage	VN_minus_CTRL	30	5	4	-0.0099991053208882				DESCRIPTIVE_ONLY	diagnosis_fully_confounded_with_center					5	4	-0.0148824780623794				DESCRIPTIVE_ONLY	diagnosis_fully_confounded_with_center				
severity_neuron_residual	Mast	CIDP_minus_CTRL	30	6	2	-0.0318318428139677				NOT_EVALUABLE	fewer_than_four_donors_per_group					6	2	-0.0427180333125188				NOT_EVALUABLE	fewer_than_four_donors_per_group				
severity_neuron_residual	Mast	CIAP_minus_CTRL	30	7	2	-0.042040035486627				NOT_EVALUABLE	fewer_than_four_donors_per_group					7	2	-0.0500319996139153				NOT_EVALUABLE	fewer_than_four_donors_per_group				
severity_neuron_residual	Mast	VN_minus_CTRL	30	0	2					NOT_EVALUABLE	fewer_than_four_donors_per_group					0	2					NOT_EVALUABLE	fewer_than_four_donors_per_group				
severity_neuron_residual	Mural	CIDP_minus_CTRL	30	9	4	-0.0020661412675321	0.8755244755244755	-0.0260603580786699	0.0192163644409804	COMPLETED	unadjusted_observational_association	715.0	715.0	0.1642079051518664	0.9729839391377852	9	4	-0.0020902235866246	0.8783216783216783	-0.0251214747784709	0.0186157299680003	COMPLETED	unadjusted_observational_association	715.0	715.0	0.1702780908816236	0.9727415441701156
severity_neuron_residual	Mural	CIAP_minus_CTRL	30	11	4	-0.0010930656796888	0.9216117216117216	-0.0196109586250599	0.0147042074986177	COMPLETED	unadjusted_observational_association	1365.0	1365.0	0.1070577519711059	0.9773755656108598	11	4	-0.0019228143802484	0.8608058608058609	-0.0207562977941873	0.0129762177324655	COMPLETED	unadjusted_observational_association	1365.0	1365.0	0.1896876618167045	0.9727415441701156
severity_neuron_residual	Mural	VN_minus_CTRL	30	5	4	-0.0296945506748849				DESCRIPTIVE_ONLY	diagnosis_fully_confounded_with_center					5	4	-0.0236843103028726				DESCRIPTIVE_ONLY	diagnosis_fully_confounded_with_center				
severity_neuron_residual	Perineurial	CIDP_minus_CTRL	30	9	4	-0.0176451749910584	0.0209790209790209	-0.0304711394483953	-0.0059553653454539	COMPLETED	unadjusted_observational_association	715.0	715.0	2.569234520412386	0.427972027972028	9	4	-0.0191208530511723	0.0111888111888111	-0.0305619507343115	-0.0085705740457427	COMPLETED	unadjusted_observational_association	715.0	715.0	3.094943096813681	0.2237762237762237
severity_neuron_residual	Perineurial	CIAP_minus_CTRL	30	11	4	-0.0100481578383531	0.0952380952380952	-0.0173143253423244	-0.0014694606406594	COMPLETED	unadjusted_observational_association	1365.0	1365.0	2.2246823328194543	0.5208791208791209	11	4	-0.011396095744842	0.0461538461538461	-0.0184917678421899	-0.0034158469333514	COMPLETED	unadjusted_observational_association	1365.0	1365.0	2.623874311436276	0.3692307692307692
severity_neuron_residual	Perineurial	VN_minus_CTRL	30	5	4	-0.0326114675016794				DESCRIPTIVE_ONLY	diagnosis_fully_confounded_with_center					5	4	-0.0324908431278251				DESCRIPTIVE_ONLY	diagnosis_fully_confounded_with_center				
severity_neuron_residual	Schwann	CIDP_minus_CTRL	30	9	4	-0.0232387141065505	0.0237762237762237	-0.0363673987227303	-0.0075681437964207	COMPLETED	unadjusted_observational_association	715.0	715.0	2.9345963862062936	0.427972027972028	9	4	-0.0208935980160875	0.0363636363636363	-0.0334177713946119	-0.0056812239388252	COMPLETED	unadjusted_observational_association	715.0	715.0	2.749198183304868	0.3591470258136925
severity_neuron_residual	Schwann	CIAP_minus_CTRL	30	11	4	-0.0256025748287926	0.0014652014652014	-0.0361107566028103	-0.0155005200655667	COMPLETED	unadjusted_observational_association	1365.0	1365.0	4.413087542944852	0.0703296703296703	11	4	-0.0219539369506578	0.0073260073260073	-0.0321440157526833	-0.0118100281480122	COMPLETED	unadjusted_observational_association	1365.0	1365.0	3.757864475390591	0.1953601953601953
severity_neuron_residual	Schwann	VN_minus_CTRL	30	5	4	-0.028371630817326				DESCRIPTIVE_ONLY	diagnosis_fully_confounded_with_center					5	4	-0.0249509787507015				DESCRIPTIVE_ONLY	diagnosis_fully_confounded_with_center				
severity_neuron_residual	Vascular_endothelial	CIDP_minus_CTRL	30	9	4	-0.0170457240628668	0.123076923076923	-0.0334331870053076	-0.0004565386016019	COMPLETED	unadjusted_observational_association	715.0	715.0	1.776597968755854	0.5370629370629371	9	4	-0.0150219116653075	0.1328671328671328	-0.0302568172710853	0.0002366631839907	COMPLETED	unadjusted_observational_association	715.0	715.0	1.7249651249865192	0.4615384615384615
severity_neuron_residual	Vascular_endothelial	CIAP_minus_CTRL	30	11	4	-0.0170718393359665	0.0688644688644688	-0.0299104693599208	-0.0030134496301866	COMPLETED	unadjusted_observational_association	1365.0	1365.0	2.223212921933389	0.5208791208791209	11	4	-0.0156689740338443	0.0461538461538461	-0.026501150430064	-0.0038794059685721	COMPLETED	unadjusted_observational_association	1365.0	1365.0	2.4251527910811914	0.3692307692307692
severity_neuron_residual	Vascular_endothelial	VN_minus_CTRL	30	5	4	-0.0352259297189985				DESCRIPTIVE_ONLY	diagnosis_fully_confounded_with_center					5	4	-0.0330814705331144				DESCRIPTIVE_ONLY	diagnosis_fully_confounded_with_center				
severity_neuron_shared_concordant_core	Adipocyte	CIDP_minus_CTRL	30	0	0					NOT_EVALUABLE	fewer_than_four_donors_per_group					6	2	-0.0044665549983649				NOT_EVALUABLE	fewer_than_four_donors_per_group				
severity_neuron_shared_concordant_core	Adipocyte	CIAP_minus_CTRL	30	0	0					NOT_EVALUABLE	fewer_than_four_donors_per_group					10	2	-0.0311207263778226				NOT_EVALUABLE	fewer_than_four_donors_per_group				
severity_neuron_shared_concordant_core	Adipocyte	VN_minus_CTRL	30	0	0					NOT_EVALUABLE	fewer_than_four_donors_per_group					2	2	0.0035136124645422				NOT_EVALUABLE	fewer_than_four_donors_per_group				
severity_neuron_shared_concordant_core	Endoneurial	CIDP_minus_CTRL	30	0	0					NOT_EVALUABLE	fewer_than_four_donors_per_group					9	4	-0.0017250937409684	0.8727272727272727	-0.0232094788387706	0.0184330167418394	COMPLETED	unadjusted_observational_association	715.0	715.0	0.1438877314924296	0.9727415441701156
severity_neuron_shared_concordant_core	Endoneurial	CIAP_minus_CTRL	30	0	0					NOT_EVALUABLE	fewer_than_four_donors_per_group					11	4	-0.0048835557025654	0.6432234432234433	-0.0226433971044694	0.013601496451396	COMPLETED	unadjusted_observational_association	1365.0	1365.0	0.464186866220846	0.8595848595848595
severity_neuron_shared_concordant_core	Endoneurial	VN_minus_CTRL	30	0	0					NOT_EVALUABLE	fewer_than_four_donors_per_group					5	4	-0.0118918695728756				DESCRIPTIVE_ONLY	diagnosis_fully_confounded_with_center				
severity_neuron_shared_concordant_core	Epineurial	CIDP_minus_CTRL	30	0	0					NOT_EVALUABLE	fewer_than_four_donors_per_group					9	4	-0.0062783529121098	0.6461538461538462	-0.0301285894467986	0.015347531609607	COMPLETED	unadjusted_observational_association	715.0	715.0	0.4849463252356454	0.8595848595848595
severity_neuron_shared_concordant_core	Epineurial	CIAP_minus_CTRL	30	0	0					NOT_EVALUABLE	fewer_than_four_donors_per_group					11	4	-0.0184947019557537	0.1728937728937729	-0.0401705789822455	-0.0005080034715999	COMPLETED	unadjusted_observational_association	1365.0	1365.0	1.543381480914083	0.5416193002399899
severity_neuron_shared_concordant_core	Epineurial	VN_minus_CTRL	30	0	0					NOT_EVALUABLE	fewer_than_four_donors_per_group					5	4	-0.0147227542764239				DESCRIPTIVE_ONLY	diagnosis_fully_confounded_with_center				
severity_neuron_shared_concordant_core	Granulocyte	CIDP_minus_CTRL	30	0	0					NOT_EVALUABLE	fewer_than_four_donors_per_group					0	0					NOT_EVALUABLE	fewer_than_four_donors_per_group				
severity_neuron_shared_concordant_core	Granulocyte	CIAP_minus_CTRL	30	0	0					NOT_EVALUABLE	fewer_than_four_donors_per_group					2	0					NOT_EVALUABLE	fewer_than_four_donors_per_group				
severity_neuron_shared_concordant_core	Granulocyte	VN_minus_CTRL	30	0	0					NOT_EVALUABLE	fewer_than_four_donors_per_group					0	0					NOT_EVALUABLE	fewer_than_four_donors_per_group				
severity_neuron_shared_concordant_core	Lymphatic_endothelial	CIDP_minus_CTRL	30	0	0					NOT_EVALUABLE	fewer_than_four_donors_per_group					4	2	0.0323182109533415				NOT_EVALUABLE	fewer_than_four_donors_per_group				
severity_neuron_shared_concordant_core	Lymphatic_endothelial	CIAP_minus_CTRL	30	0	0					NOT_EVALUABLE	fewer_than_four_donors_per_group					6	2	0.0113557500486704				NOT_EVALUABLE	fewer_than_four_donors_per_group				
severity_neuron_shared_concordant_core	Lymphatic_endothelial	VN_minus_CTRL	30	0	0					NOT_EVALUABLE	fewer_than_four_donors_per_group					0	2					NOT_EVALUABLE	fewer_than_four_donors_per_group				
severity_neuron_shared_concordant_core	Lymphoid	CIDP_minus_CTRL	30	0	0					NOT_EVALUABLE	fewer_than_four_donors_per_group					8	4	-0.0092536068980962	0.6060606060606061	-0.0392368825583478	0.01827646159288	COMPLETED	unadjusted_observational_association	495.0	495.0	0.5496321163196377	0.8315331392254469
severity_neuron_shared_concordant_core	Lymphoid	CIAP_minus_CTRL	30	0	0					NOT_EVALUABLE	fewer_than_four_donors_per_group					11	4	0.0027106716690097	0.8761904761904762	-0.0264782816023512	0.0296081446543167	COMPLETED	unadjusted_observational_association	1365.0	1365.0	0.1649612101134099	0.9727415441701156
severity_neuron_shared_concordant_core	Lymphoid	VN_minus_CTRL	30	0	0					NOT_EVALUABLE	fewer_than_four_donors_per_group					5	4	0.0187104435241895				DESCRIPTIVE_ONLY	diagnosis_fully_confounded_with_center				
severity_neuron_shared_concordant_core	Macrophage	CIDP_minus_CTRL	30	0	0					NOT_EVALUABLE	fewer_than_four_donors_per_group					9	4	0.0193167240149998	0.3706293706293706	-0.0159510192124182	0.0505683176629851	COMPLETED	unadjusted_observational_association	715.0	715.0	1.0184600276435598	0.7103594080338267
severity_neuron_shared_concordant_core	Macrophage	CIAP_minus_CTRL	30	0	0					NOT_EVALUABLE	fewer_than_four_donors_per_group					11	4	0.0273572496192458	0.2043956043956044	-0.0059032754436174	0.0594343125969107	COMPLETED	unadjusted_observational_association	1365.0	1365.0	1.4237001481321312	0.551981351981352
severity_neuron_shared_concordant_core	Macrophage	VN_minus_CTRL	30	0	0					NOT_EVALUABLE	fewer_than_four_donors_per_group					5	4	0.0264126092544511				DESCRIPTIVE_ONLY	diagnosis_fully_confounded_with_center				
severity_neuron_shared_concordant_core	Mast	CIDP_minus_CTRL	30	0	0					NOT_EVALUABLE	fewer_than_four_donors_per_group					6	2	0.0070841660044916				NOT_EVALUABLE	fewer_than_four_donors_per_group				
severity_neuron_shared_concordant_core	Mast	CIAP_minus_CTRL	30	0	0					NOT_EVALUABLE	fewer_than_four_donors_per_group					7	2	-0.0290052925525331				NOT_EVALUABLE	fewer_than_four_donors_per_group				
severity_neuron_shared_concordant_core	Mast	VN_minus_CTRL	30	0	0					NOT_EVALUABLE	fewer_than_four_donors_per_group					0	2					NOT_EVALUABLE	fewer_than_four_donors_per_group				
severity_neuron_shared_concordant_core	Mural	CIDP_minus_CTRL	30	0	0					NOT_EVALUABLE	fewer_than_four_donors_per_group					9	4	-0.0177058163515914	0.1048951048951049	-0.0331206153115541	-0.0015779171529679	COMPLETED	unadjusted_observational_association	715.0	715.0	1.9560998429517915	0.4444444444444444
severity_neuron_shared_concordant_core	Mural	CIAP_minus_CTRL	30	0	0					NOT_EVALUABLE	fewer_than_four_donors_per_group					11	4	-0.0156411708176579	0.1318681318681318	-0.0312720338753434	-0.000449124898123	COMPLETED	unadjusted_observational_association	1365.0	1365.0	1.6979581106764696	0.4615384615384615
severity_neuron_shared_concordant_core	Mural	VN_minus_CTRL	30	0	0					NOT_EVALUABLE	fewer_than_four_donors_per_group					5	4	-0.0167368869020613				DESCRIPTIVE_ONLY	diagnosis_fully_confounded_with_center				
severity_neuron_shared_concordant_core	Perineurial	CIDP_minus_CTRL	30	0	0					NOT_EVALUABLE	fewer_than_four_donors_per_group					9	4	-0.0166553159966828	0.0755244755244755	-0.0317733026177381	-0.0021139732173504	COMPLETED	unadjusted_observational_association	715.0	715.0	2.013295046154276	0.4444444444444444
severity_neuron_shared_concordant_core	Perineurial	CIAP_minus_CTRL	30	0	0					NOT_EVALUABLE	fewer_than_four_donors_per_group					11	4	-0.0235391653792673	0.0087912087912087	-0.0365404126825581	-0.0117356006966688	COMPLETED	unadjusted_observational_association	1365.0	1365.0	3.312291748833521	0.2009419152276295
severity_neuron_shared_concordant_core	Perineurial	VN_minus_CTRL	30	0	0					NOT_EVALUABLE	fewer_than_four_donors_per_group					5	4	-0.0093973262732547				DESCRIPTIVE_ONLY	diagnosis_fully_confounded_with_center				
severity_neuron_shared_concordant_core	Schwann	CIDP_minus_CTRL	30	0	0					NOT_EVALUABLE	fewer_than_four_donors_per_group					9	4	-0.0053625031722533	0.544055944055944	-0.0203230316842389	0.0088057557344573	COMPLETED	unadjusted_observational_association	715.0	715.0	0.6513036198996328	0.7913541004450095
severity_neuron_shared_concordant_core	Schwann	CIAP_minus_CTRL	30	0	0					NOT_EVALUABLE	fewer_than_four_donors_per_group					11	4	-0.0015988206459729	0.8695970695970696	-0.0173771292113084	0.0136611013917226	COMPLETED	unadjusted_observational_association	1365.0	1365.0	0.1816570728099358	0.9727415441701156
severity_neuron_shared_concordant_core	Schwann	VN_minus_CTRL	30	0	0					NOT_EVALUABLE	fewer_than_four_donors_per_group					5	4	-0.0022035137460037				DESCRIPTIVE_ONLY	diagnosis_fully_confounded_with_center				
severity_neuron_shared_concordant_core	Vascular_endothelial	CIDP_minus_CTRL	30	0	0					NOT_EVALUABLE	fewer_than_four_donors_per_group					9	4	-0.0177192915986389	0.0965034965034965	-0.0345076501499487	-0.0017388869685556	COMPLETED	unadjusted_observational_association	715.0	715.0	1.9380683853350351	0.4444444444444444
severity_neuron_shared_concordant_core	Vascular_endothelial	CIAP_minus_CTRL	30	0	0					NOT_EVALUABLE	fewer_than_four_donors_per_group					11	4	0.0036441130160565	0.73992673992674	-0.0166064073271377	0.0224851823811969	COMPLETED	unadjusted_observational_association	1365.0	1365.0	0.3336644040153653	0.9177385921571968
severity_neuron_shared_concordant_core	Vascular_endothelial	VN_minus_CTRL	30	0	0					NOT_EVALUABLE	fewer_than_four_donors_per_group					5	4	-0.0004322391660623				DESCRIPTIVE_ONLY	diagnosis_fully_confounded_with_center				
late_allcell_residual	Adipocyte	CIDP_minus_CTRL	20	6	2	-0.0042349224345333				NOT_EVALUABLE	fewer_than_four_donors_per_group					6	2	-0.0035236370075736				NOT_EVALUABLE	fewer_than_four_donors_per_group				
late_allcell_residual	Adipocyte	CIAP_minus_CTRL	20	10	2	-0.0024927504620306				NOT_EVALUABLE	fewer_than_four_donors_per_group					10	2	-0.0022215285052855				NOT_EVALUABLE	fewer_than_four_donors_per_group				
late_allcell_residual	Adipocyte	VN_minus_CTRL	20	2	2	-0.0128677118049505				NOT_EVALUABLE	fewer_than_four_donors_per_group					2	2	-0.0125537014762935				NOT_EVALUABLE	fewer_than_four_donors_per_group				
late_allcell_residual	Endoneurial	CIDP_minus_CTRL	20	9	4	-0.0005176450637889	0.9230769230769232	-0.0123649190835308	0.0114578683985142	COMPLETED	unadjusted_observational_association	715.0	715.0	0.0740065877630263	0.9773755656108598	9	4	-0.0001505777068417	0.9776223776223776	-0.0119235562787751	0.0111802391345627	COMPLETED	unadjusted_observational_association	715.0	715.0	0.0225119540787267	0.9916083916083916
late_allcell_residual	Endoneurial	CIAP_minus_CTRL	20	11	4	-0.0007709472171516	0.9032967032967032	-0.0119513603822878	0.0093508682460856	COMPLETED	unadjusted_observational_association	1365.0	1365.0	0.1256655662953679	0.9707069050352632	11	4	-0.0003370608380169	0.953846153846154	-0.0111223369612499	0.0093722479858874	COMPLETED	unadjusted_observational_association	1365.0	1365.0	0.0571902682959463	0.9899090157154674
late_allcell_residual	Endoneurial	VN_minus_CTRL	20	5	4	0.0022927776049337				DESCRIPTIVE_ONLY	diagnosis_fully_confounded_with_center					5	4	0.0026894893137836				DESCRIPTIVE_ONLY	diagnosis_fully_confounded_with_center				
late_allcell_residual	Epineurial	CIDP_minus_CTRL	20	9	4	-0.0035874100994876	0.5678321678321678	-0.0137090883084951	0.0076446530375321	COMPLETED	unadjusted_observational_association	715.0	715.0	0.6142010604411721	0.8176783216783217	9	4	-0.0024530294058586	0.6531468531468532	-0.0112197878155515	0.0072339563053896	COMPLETED	unadjusted_observational_association	715.0	715.0	0.4861171679894558	0.8458315018315018
late_allcell_residual	Epineurial	CIAP_minus_CTRL	20	11	4	-0.0074133613489703	0.1274725274725274	-0.0145885949128788	-0.0003468296789087	COMPLETED	unadjusted_observational_association	1365.0	1365.0	1.7930932563513675	0.5398836457659987	11	4	-0.0066993588927652	0.1201465201465201	-0.0131324348325944	-0.0002999800948611	COMPLETED	unadjusted_observational_association	1365.0	1365.0	1.8225534578987057	0.4577010291296005
late_allcell_residual	Epineurial	VN_minus_CTRL	20	5	4	-0.0106173130318914				DESCRIPTIVE_ONLY	diagnosis_fully_confounded_with_center					5	4	-0.0105293770414653				DESCRIPTIVE_ONLY	diagnosis_fully_confounded_with_center				
late_allcell_residual	Granulocyte	CIDP_minus_CTRL	20	0	0					NOT_EVALUABLE	fewer_than_four_donors_per_group					0	0					NOT_EVALUABLE	fewer_than_four_donors_per_group				
late_allcell_residual	Granulocyte	CIAP_minus_CTRL	20	2	0					NOT_EVALUABLE	fewer_than_four_donors_per_group					2	0					NOT_EVALUABLE	fewer_than_four_donors_per_group				
late_allcell_residual	Granulocyte	VN_minus_CTRL	20	0	0					NOT_EVALUABLE	fewer_than_four_donors_per_group					0	0					NOT_EVALUABLE	fewer_than_four_donors_per_group				
late_allcell_residual	Lymphatic_endothelial	CIDP_minus_CTRL	20	6	2	-0.0067523505510804				NOT_EVALUABLE	fewer_than_four_donors_per_group					6	2	-0.0079860213961514				NOT_EVALUABLE	fewer_than_four_donors_per_group				
late_allcell_residual	Lymphatic_endothelial	CIAP_minus_CTRL	20	8	2	-0.0095650157151456				NOT_EVALUABLE	fewer_than_four_donors_per_group					8	2	-0.0109111671640437				NOT_EVALUABLE	fewer_than_four_donors_per_group				
late_allcell_residual	Lymphatic_endothelial	VN_minus_CTRL	20	0	2					NOT_EVALUABLE	fewer_than_four_donors_per_group					0	2					NOT_EVALUABLE	fewer_than_four_donors_per_group				
late_allcell_residual	Lymphoid	CIDP_minus_CTRL	20	9	4	0.0121513860846089	0.0643356643356643	0.0022474825178107	0.021839611562921	COMPLETED	unadjusted_observational_association	715.0	715.0	2.2478768507419518	0.5208791208791209	9	4	0.0129234905648338	0.0461538461538461	0.0036945338299592	0.0217852247959777	COMPLETED	unadjusted_observational_association	715.0	715.0	2.643061635893597	0.3886639676113361
late_allcell_residual	Lymphoid	CIAP_minus_CTRL	20	11	4	0.0071111256356629	0.2652014652014652	-0.0026050761928413	0.0166185918746808	COMPLETED	unadjusted_observational_association	1365.0	1365.0	1.2383951471275525	0.6227456753772542	11	4	0.0076142897106132	0.1963369963369963	-0.001427985097067	0.016917021749996	COMPLETED	unadjusted_observational_association	1365.0	1365.0	1.428625548306984	0.5416193002399899
late_allcell_residual	Lymphoid	VN_minus_CTRL	20	5	4	0.0103452507175902				DESCRIPTIVE_ONLY	diagnosis_fully_confounded_with_center					5	4	0.0099857488717056				DESCRIPTIVE_ONLY	diagnosis_fully_confounded_with_center				
late_allcell_residual	Macrophage	CIDP_minus_CTRL	20	9	4	-0.0063046195166713	0.3202797202797203	-0.0174628597379377	0.00419582544389	COMPLETED	unadjusted_observational_association	715.0	715.0	1.0788207705054933	0.6227456753772542	9	4	-0.0056837252942325	0.4013986013986014	-0.0173162027812545	0.0054170367571449	COMPLETED	unadjusted_observational_association	715.0	715.0	0.9162976872105566	0.7365967365967365
late_allcell_residual	Macrophage	CIAP_minus_CTRL	20	11	4	-0.0051759624891736	0.1992673992673992	-0.0109228938539534	0.001105839873943	COMPLETED	unadjusted_observational_association	1365.0	1365.0	1.4772789383368157	0.5647058823529412	11	4	-0.0047338175758275	0.3032967032967033	-0.0116291272665255	0.0028514025182517	COMPLETED	unadjusted_observational_association	1365.0	1365.0	1.111902144511853	0.6364544546362728
late_allcell_residual	Macrophage	VN_minus_CTRL	20	5	4	-0.0114281588431725				DESCRIPTIVE_ONLY	diagnosis_fully_confounded_with_center					5	4	-0.0114641191945515				DESCRIPTIVE_ONLY	diagnosis_fully_confounded_with_center				
late_allcell_residual	Mast	CIDP_minus_CTRL	20	6	2	0.0045907263898015				NOT_EVALUABLE	fewer_than_four_donors_per_group					6	2	0.0067994353348381				NOT_EVALUABLE	fewer_than_four_donors_per_group				
late_allcell_residual	Mast	CIAP_minus_CTRL	20	9	2	0.0013129038631608				NOT_EVALUABLE	fewer_than_four_donors_per_group					9	2	0.002775921388593				NOT_EVALUABLE	fewer_than_four_donors_per_group				
late_allcell_residual	Mast	VN_minus_CTRL	20	0	2					NOT_EVALUABLE	fewer_than_four_donors_per_group					0	2					NOT_EVALUABLE	fewer_than_four_donors_per_group				
late_allcell_residual	Mural	CIDP_minus_CTRL	20	9	4	0.0016201970812316	0.7230769230769231	-0.0057861620753218	0.0100136894645202	COMPLETED	unadjusted_observational_association	715.0	715.0	0.3667292200196267	0.9054180602006688	9	4	0.0025945457609613	0.5426573426573427	-0.0043597729627722	0.0107172250444425	COMPLETED	unadjusted_observational_association	715.0	715.0	0.6188253463227833	0.7842247842247843
late_allcell_residual	Mural	CIAP_minus_CTRL	20	11	4	0.0035684013740867	0.4542124542124542	-0.0032136450719448	0.0119004695344815	COMPLETED	unadjusted_observational_association	1365.0	1365.0	0.8233723481384128	0.7946488294314381	11	4	0.0038102154802071	0.3758241758241758	-0.0023036540113978	0.0114086254064435	COMPLETED	unadjusted_observational_association	1365.0	1365.0	0.9546283033594698	0.7103594080338267
late_allcell_residual	Mural	VN_minus_CTRL	20	5	4	0.0015290005934891				DESCRIPTIVE_ONLY	diagnosis_fully_confounded_with_center					5	4	0.002126485012548				DESCRIPTIVE_ONLY	diagnosis_fully_confounded_with_center				
late_allcell_residual	Perineurial	CIDP_minus_CTRL	20	9	4	0.0070200996668025	0.2979020979020979	-0.002696268141909	0.0174204759444309	COMPLETED	unadjusted_observational_association	715.0	715.0	1.2309311642459544	0.6227456753772542	9	4	0.0070395858945689	0.2993006993006993	-0.0026768872405435	0.0174005505806249	COMPLETED	unadjusted_observational_association	715.0	715.0	1.2492601696414871	0.6364544546362728
late_allcell_residual	Perineurial	CIAP_minus_CTRL	20	11	4	0.0042148904730633	0.4725274725274725	-0.0055545420246947	0.0140356213864585	COMPLETED	unadjusted_observational_association	1365.0	1365.0	0.7840067256936042	0.7946488294314381	11	4	0.0036625231928827	0.4967032967032967	-0.005494258704021	0.0128832720448836	COMPLETED	unadjusted_observational_association	1365.0	1365.0	0.7321578759300164	0.7760141093474426
late_allcell_residual	Perineurial	VN_minus_CTRL	20	5	4	0.0091181028461521				DESCRIPTIVE_ONLY	diagnosis_fully_confounded_with_center					5	4	0.0079496698367404				DESCRIPTIVE_ONLY	diagnosis_fully_confounded_with_center				
late_allcell_residual	Schwann	CIDP_minus_CTRL	20	9	4	0.0091831544430546	0.179020979020979	-0.0013144261329407	0.019799186161242	COMPLETED	unadjusted_observational_association	715.0	715.0	1.5215815494174716	0.5647058823529412	9	4	0.0117037963296937	0.1342657342657342	0.0004174156587608	0.0231044469485866	COMPLETED	unadjusted_observational_association	715.0	715.0	1.820701567432691	0.4615384615384615
late_allcell_residual	Schwann	CIAP_minus_CTRL	20	11	4	0.0137103610919214	0.1047619047619047	0.0011651629479576	0.0298595728555591	COMPLETED	unadjusted_observational_association	1365.0	1365.0	1.7695160430708363	0.5208791208791209	11	4	0.0148108587749797	0.0908424908424908	0.0020929430979363	0.0306108532481626	COMPLETED	unadjusted_observational_association	1365.0	1365.0	1.93005072135235	0.4411588411588411
late_allcell_residual	Schwann	VN_minus_CTRL	20	5	4	0.0241056530133233				DESCRIPTIVE_ONLY	diagnosis_fully_confounded_with_center					5	4	0.0230809143177752				DESCRIPTIVE_ONLY	diagnosis_fully_confounded_with_center				
late_allcell_residual	Vascular_endothelial	CIDP_minus_CTRL	20	9	4	-0.0021793824246366	0.5244755244755245	-0.0076633716646463	0.0035280550298505	COMPLETED	unadjusted_observational_association	715.0	715.0	0.6978208095823891	0.7973163678426837	9	4	-0.0016301114713197	0.5986013986013986	-0.0064139332917656	0.0036161998601315	COMPLETED	unadjusted_observational_association	715.0	715.0	0.5728534832069199	0.8275862068965517
late_allcell_residual	Vascular_endothelial	CIAP_minus_CTRL	20	11	4	-0.0025439655263411	0.4556776556776556	-0.0079737068646468	0.0034262507110508	COMPLETED	unadjusted_observational_association	1365.0	1365.0	0.8122259681619977	0.7946488294314381	11	4	-0.0023956341696234	0.4402930402930403	-0.007462209184084	0.0029280237247224	COMPLETED	unadjusted_observational_association	1365.0	1365.0	0.8327264929205455	0.7494349622009197
late_allcell_residual	Vascular_endothelial	VN_minus_CTRL	20	5	4	-0.0039768234567192				DESCRIPTIVE_ONLY	diagnosis_fully_confounded_with_center					5	4	-0.003418261992869				DESCRIPTIVE_ONLY	diagnosis_fully_confounded_with_center				
late_neuron_residual	Adipocyte	CIDP_minus_CTRL	20	6	2	0.0054311370928574				NOT_EVALUABLE	fewer_than_four_donors_per_group					6	2	0.0083008918486464				NOT_EVALUABLE	fewer_than_four_donors_per_group				
late_neuron_residual	Adipocyte	CIAP_minus_CTRL	20	10	2	0.0113383609182806				NOT_EVALUABLE	fewer_than_four_donors_per_group					10	2	0.0105017236293868				NOT_EVALUABLE	fewer_than_four_donors_per_group				
late_neuron_residual	Adipocyte	VN_minus_CTRL	20	2	2	0.0119672644229573				NOT_EVALUABLE	fewer_than_four_donors_per_group					2	2	0.0124597237580716				NOT_EVALUABLE	fewer_than_four_donors_per_group				
late_neuron_residual	Endoneurial	CIDP_minus_CTRL	20	9	4	-0.0061086154670699	0.5006993006993007	-0.0211302993339337	0.0066795462106743	COMPLETED	unadjusted_observational_association	715.0	715.0	0.7340924357590575	0.7946488294314381	9	4	0.0136498215051742	0.1272727272727272	-0.0006184955475859	0.0272435476536646	COMPLETED	unadjusted_observational_association	715.0	715.0	1.7134450301244175	0.4615384615384615
late_neuron_residual	Endoneurial	CIAP_minus_CTRL	20	11	4	-0.0078075186130428	0.3736263736263736	-0.0235797298297773	0.0031357076258616	COMPLETED	unadjusted_observational_association	1365.0	1365.0	0.999831055886626	0.6987298415869845	11	4	0.0078353289713427	0.2857142857142857	-0.0052605509922008	0.0186926930209062	COMPLETED	unadjusted_observational_association	1365.0	1365.0	1.1390132205218912	0.6349206349206349
late_neuron_residual	Endoneurial	VN_minus_CTRL	20	5	4	-0.0021295867046996				DESCRIPTIVE_ONLY	diagnosis_fully_confounded_with_center					5	4	0.0072020243564762				DESCRIPTIVE_ONLY	diagnosis_fully_confounded_with_center				
late_neuron_residual	Epineurial	CIDP_minus_CTRL	20	9	4	-0.003420063489624	0.7846153846153846	-0.0233315946202542	0.015709888164523	COMPLETED	unadjusted_observational_association	715.0	715.0	0.2933042908301123	0.9415384615384614	9	4	0.0132230733908992	0.2391608391608391	-0.0061850759364966	0.0286373897386752	COMPLETED	unadjusted_observational_association	715.0	715.0	1.3268168065190038	0.5950972104818258
late_neuron_residual	Epineurial	CIAP_minus_CTRL	20	11	4	-0.0026437307469761	0.8234432234432234	-0.0221521427558939	0.0149210480393875	COMPLETED	unadjusted_observational_association	1365.0	1365.0	0.2349848062511779	0.9536368393511252	11	4	0.0114174365868743	0.2622710622710623	-0.0066833847688305	0.0251212004148175	COMPLETED	unadjusted_observational_association	1365.0	1365.0	1.1987566922239796	0.6171083818142642
late_neuron_residual	Epineurial	VN_minus_CTRL	20	5	4	-0.0042867838402656				DESCRIPTIVE_ONLY	diagnosis_fully_confounded_with_center					5	4	0.0024253706065015				DESCRIPTIVE_ONLY	diagnosis_fully_confounded_with_center				
late_neuron_residual	Granulocyte	CIDP_minus_CTRL	20	0	0					NOT_EVALUABLE	fewer_than_four_donors_per_group					0	0					NOT_EVALUABLE	fewer_than_four_donors_per_group				
late_neuron_residual	Granulocyte	CIAP_minus_CTRL	20	2	0					NOT_EVALUABLE	fewer_than_four_donors_per_group					2	0					NOT_EVALUABLE	fewer_than_four_donors_per_group				
late_neuron_residual	Granulocyte	VN_minus_CTRL	20	0	0					NOT_EVALUABLE	fewer_than_four_donors_per_group					0	0					NOT_EVALUABLE	fewer_than_four_donors_per_group				
late_neuron_residual	Lymphatic_endothelial	CIDP_minus_CTRL	20	6	2	-0.0085560971334673				NOT_EVALUABLE	fewer_than_four_donors_per_group					6	2	0.0085169454617641				NOT_EVALUABLE	fewer_than_four_donors_per_group				
late_neuron_residual	Lymphatic_endothelial	CIAP_minus_CTRL	20	8	2	0.0015358712130258				NOT_EVALUABLE	fewer_than_four_donors_per_group					8	2	0.0137188459665575				NOT_EVALUABLE	fewer_than_four_donors_per_group				
late_neuron_residual	Lymphatic_endothelial	VN_minus_CTRL	20	0	2					NOT_EVALUABLE	fewer_than_four_donors_per_group					0	2					NOT_EVALUABLE	fewer_than_four_donors_per_group				
late_neuron_residual	Lymphoid	CIDP_minus_CTRL	20	9	4	-0.0204816521625304	0.4517482517482517	-0.0646360965040689	0.0245211799236611	COMPLETED	unadjusted_observational_association	715.0	715.0	0.7845625140248956	0.7946488294314381	9	4	-0.0096542132846742	0.6139860139860139	-0.0417503790328622	0.021275291764502	COMPLETED	unadjusted_observational_association	715.0	715.0	0.5314649032668483	0.8325234087945951
late_neuron_residual	Lymphoid	CIAP_minus_CTRL	20	11	4	-0.0143594185930902	0.5802197802197803	-0.0544415439890076	0.0272643617949089	COMPLETED	unadjusted_observational_association	1365.0	1365.0	0.5935421173130421	0.8272440430856274	11	4	-0.0024423101611294	0.8769230769230769	-0.0296078996716486	0.0255805257682475	COMPLETED	unadjusted_observational_association	1365.0	1365.0	0.1468307996197141	0.9727415441701156
late_neuron_residual	Lymphoid	VN_minus_CTRL	20	5	4	-0.0049087050069327				DESCRIPTIVE_ONLY	diagnosis_fully_confounded_with_center					5	4	0.0007506897020188				DESCRIPTIVE_ONLY	diagnosis_fully_confounded_with_center				
late_neuron_residual	Macrophage	CIDP_minus_CTRL	20	9	4	-0.0239752886807099	0.2489510489510489	-0.0574341945135699	0.0104903726104587	COMPLETED	unadjusted_observational_association	715.0	715.0	1.251979174651386	0.6097224809089216	9	4	-0.0110295964135995	0.5174825174825175	-0.0386068526096336	0.0173184717446251	COMPLETED	unadjusted_observational_association	715.0	715.0	0.6815143042466644	0.7760141093474426
late_neuron_residual	Macrophage	CIAP_minus_CTRL	20	11	4	-0.0034971982120432	0.8051282051282052	-0.0281508522947974	0.0207848560385441	COMPLETED	unadjusted_observational_association	1365.0	1365.0	0.2423266243865176	0.9503152585119798	11	4	0.007292638282937	0.6	-0.0144801139076273	0.0300054781370454	COMPLETED	unadjusted_observational_association	1365.0	1365.0	0.5472825762672835	0.8275862068965517
late_neuron_residual	Macrophage	VN_minus_CTRL	20	5	4	-0.0084111433138559				DESCRIPTIVE_ONLY	diagnosis_fully_confounded_with_center					5	4	-0.0011121295758564				DESCRIPTIVE_ONLY	diagnosis_fully_confounded_with_center				
late_neuron_residual	Mast	CIDP_minus_CTRL	20	6	2	-0.0360966267116996				NOT_EVALUABLE	fewer_than_four_donors_per_group					6	2	-0.0077879823490603				NOT_EVALUABLE	fewer_than_four_donors_per_group				
late_neuron_residual	Mast	CIAP_minus_CTRL	20	9	2	-0.0148718748137743				NOT_EVALUABLE	fewer_than_four_donors_per_group					9	2	0.001867519171035				NOT_EVALUABLE	fewer_than_four_donors_per_group				
late_neuron_residual	Mast	VN_minus_CTRL	20	0	2					NOT_EVALUABLE	fewer_than_four_donors_per_group					0	2					NOT_EVALUABLE	fewer_than_four_donors_per_group				
late_neuron_residual	Mural	CIDP_minus_CTRL	20	9	4	-0.0167391561842043	0.0349650349650349	-0.0290578212663949	-0.0044444142110189	COMPLETED	unadjusted_observational_association	715.0	715.0	2.465095695010931	0.5034965034965035	9	4	-0.0098697516550448	0.0321678321678321	-0.0152667408158867	-0.00414807162129	COMPLETED	unadjusted_observational_association	715.0	715.0	3.2403484318232616	0.3636363636363636
late_neuron_residual	Mural	CIAP_minus_CTRL	20	11	4	-0.0176051821081155	0.0285714285714285	-0.0284802004949184	-0.0063227288835772	COMPLETED	unadjusted_observational_association	1365.0	1365.0	2.771668676786112	0.4571428571428571	11	4	-0.0121766184703992	0.0058608058608058	-0.0169392543369082	-0.0072138808402006	COMPLETED	unadjusted_observational_association	1365.0	1365.0	4.376736287232965	0.1875457875457875
late_neuron_residual	Mural	VN_minus_CTRL	20	5	4	-0.0141381329476964				DESCRIPTIVE_ONLY	diagnosis_fully_confounded_with_center					5	4	-0.011203944711999				DESCRIPTIVE_ONLY	diagnosis_fully_confounded_with_center				
late_neuron_residual	Perineurial	CIDP_minus_CTRL	20	9	4	0.0017065838860897	0.7776223776223776	-0.0096131781978108	0.0128957838452618	COMPLETED	unadjusted_observational_association	715.0	715.0	0.2564095854765149	0.9409884233413646	9	4	0.0087695976955598	0.3706293706293706	-0.0033096597624777	0.0229080460391433	COMPLETED	unadjusted_observational_association	715.0	715.0	1.1004194211204146	0.7103594080338267
late_neuron_residual	Perineurial	CIAP_minus_CTRL	20	11	4	-0.0092270341470934	0.1948717948717948	-0.0197735221904323	0.0018048924627142	COMPLETED	unadjusted_observational_association	1365.0	1365.0	1.459311139175568	0.5647058823529412	11	4	-0.0088756572017411	0.3765567765567765	-0.0224790220752008	0.0070134967942904	COMPLETED	unadjusted_observational_association	1365.0	1365.0	1.046750458946329	0.7103594080338267
late_neuron_residual	Perineurial	VN_minus_CTRL	20	5	4	-0.0018980627506584				DESCRIPTIVE_ONLY	diagnosis_fully_confounded_with_center					5	4	0.0073189569535475				DESCRIPTIVE_ONLY	diagnosis_fully_confounded_with_center				
late_neuron_residual	Schwann	CIDP_minus_CTRL	20	9	4	-0.0039465012321767	0.6433566433566433	-0.0195932972366505	0.0100596836617454	COMPLETED	unadjusted_observational_association	715.0	715.0	0.4657179531735347	0.8578088578088577	9	4	0.000830027615611	0.8657342657342657	-0.0079482900870527	0.0088793661586232	COMPLETED	unadjusted_observational_association	715.0	715.0	0.1753142118871784	0.9727415441701156
late_neuron_residual	Schwann	CIAP_minus_CTRL	20	11	4	-0.0030758672221316	0.6747252747252748	-0.0159573890891684	0.0086749439428697	COMPLETED	unadjusted_observational_association	1365.0	1365.0	0.4238897420154808	0.8675039246467818	11	4	-0.0025716775046709	0.5948717948717949	-0.0105496863530597	0.004311892542345	COMPLETED	unadjusted_observational_association	1365.0	1365.0	0.6047170304477363	0.8275862068965517
late_neuron_residual	Schwann	VN_minus_CTRL	20	5	4	-0.0062007526901566				DESCRIPTIVE_ONLY	diagnosis_fully_confounded_with_center					5	4	-0.0026861662705053				DESCRIPTIVE_ONLY	diagnosis_fully_confounded_with_center				
late_neuron_residual	Vascular_endothelial	CIDP_minus_CTRL	20	9	4	-0.0193789133060367	0.0993006993006993	-0.0376413456206933	-0.0024823632403015	COMPLETED	unadjusted_observational_association	715.0	715.0	2.026689993008808	0.5208791208791209	9	4	-0.0057561083758194	0.4909090909090909	-0.0194908279057538	0.0090027206215803	COMPLETED	unadjusted_observational_association	715.0	715.0	0.7154441289839552	0.7760141093474426
late_neuron_residual	Vascular_endothelial	CIAP_minus_CTRL	20	11	4	-0.0141435888781175	0.1567765567765567	-0.0299135568685759	0.000210048471933	COMPLETED	unadjusted_observational_association	1365.0	1365.0	1.607544627359728	0.5647058823529412	11	4	-0.0009388819260568	0.9113553113553112	-0.0132975183796368	0.0116437354682586	COMPLETED	unadjusted_observational_association	1365.0	1365.0	0.1300639526716389	0.9744566544566544
late_neuron_residual	Vascular_endothelial	VN_minus_CTRL	20	5	4	-0.015149035407458				DESCRIPTIVE_ONLY	diagnosis_fully_confounded_with_center					5	4	-0.0015273395218142				DESCRIPTIVE_ONLY	diagnosis_fully_confounded_with_center				
late_shared_concordant_neuronal_core	Adipocyte	CIDP_minus_CTRL	20	6	2	0.0350677463588399				NOT_EVALUABLE	fewer_than_four_donors_per_group					6	2	0.026441778963145				NOT_EVALUABLE	fewer_than_four_donors_per_group				
late_shared_concordant_neuronal_core	Adipocyte	CIAP_minus_CTRL	20	10	2	0.016849337137045				NOT_EVALUABLE	fewer_than_four_donors_per_group					10	2	0.0053256191338885				NOT_EVALUABLE	fewer_than_four_donors_per_group				
late_shared_concordant_neuronal_core	Adipocyte	VN_minus_CTRL	20	2	2	0.0407386411135261				NOT_EVALUABLE	fewer_than_four_donors_per_group					2	2	0.0135067864246797				NOT_EVALUABLE	fewer_than_four_donors_per_group				
late_shared_concordant_neuronal_core	Endoneurial	CIDP_minus_CTRL	20	9	4	0.0244240853172391	0.0965034965034965	0.0015011904015493	0.0427158622385237	COMPLETED	unadjusted_observational_association	715.0	715.0	1.9350016019009595	0.5208791208791209	9	4	0.017926351182562	0.1636363636363636	-0.0029481364458257	0.0352384323609485	COMPLETED	unadjusted_observational_association	715.0	715.0	1.5282989445937212	0.5343228200371057
late_shared_concordant_neuronal_core	Endoneurial	CIAP_minus_CTRL	20	11	4	0.0067115131470616	0.6256410256410256	-0.0190215599081434	0.0266602455083458	COMPLETED	unadjusted_observational_association	1365.0	1365.0	0.5104322487048385	0.8530940757355852	11	4	0.0050071556108662	0.6761904761904762	-0.0178129178225804	0.022357760090938	COMPLETED	unadjusted_observational_association	1365.0	1365.0	0.4195313918863733	0.847985347985348
late_shared_concordant_neuronal_core	Endoneurial	VN_minus_CTRL	20	5	4	0.0143991607103048				DESCRIPTIVE_ONLY	diagnosis_fully_confounded_with_center					5	4	0.0110455124931196				DESCRIPTIVE_ONLY	diagnosis_fully_confounded_with_center				
late_shared_concordant_neuronal_core	Epineurial	CIDP_minus_CTRL	20	9	4	0.021634331439992	0.0447552447552447	0.0046281061904363	0.0385222220141945	COMPLETED	unadjusted_observational_association	715.0	715.0	2.2762947499976733	0.5208791208791209	9	4	0.0152191852192249	0.0895104895104895	0.0020240223994869	0.0296270730155789	COMPLETED	unadjusted_observational_association	715.0	715.0	1.989879120728137	0.4411588411588411
late_shared_concordant_neuronal_core	Epineurial	CIAP_minus_CTRL	20	11	4	-0.0042506565931004	0.6424908424908425	-0.0208783285446527	0.0114081718252052	COMPLETED	unadjusted_observational_association	1365.0	1365.0	0.458055982649368	0.8578088578088577	11	4	-0.0047884480304365	0.4373626373626373	-0.0150245082903524	0.0059627321724363	COMPLETED	unadjusted_observational_association	1365.0	1365.0	0.8158597398932719	0.7494349622009197
late_shared_concordant_neuronal_core	Epineurial	VN_minus_CTRL	20	5	4	-0.0084092246976536				DESCRIPTIVE_ONLY	diagnosis_fully_confounded_with_center					5	4	-0.0028396011412499				DESCRIPTIVE_ONLY	diagnosis_fully_confounded_with_center				
late_shared_concordant_neuronal_core	Granulocyte	CIDP_minus_CTRL	20	0	0					NOT_EVALUABLE	fewer_than_four_donors_per_group					0	0					NOT_EVALUABLE	fewer_than_four_donors_per_group				
late_shared_concordant_neuronal_core	Granulocyte	CIAP_minus_CTRL	20	2	0					NOT_EVALUABLE	fewer_than_four_donors_per_group					2	0					NOT_EVALUABLE	fewer_than_four_donors_per_group				
late_shared_concordant_neuronal_core	Granulocyte	VN_minus_CTRL	20	0	0					NOT_EVALUABLE	fewer_than_four_donors_per_group					0	0					NOT_EVALUABLE	fewer_than_four_donors_per_group				
late_shared_concordant_neuronal_core	Lymphatic_endothelial	CIDP_minus_CTRL	20	6	2	-0.0223624666768841				NOT_EVALUABLE	fewer_than_four_donors_per_group					6	2	-0.0216815727327718				NOT_EVALUABLE	fewer_than_four_donors_per_group				
late_shared_concordant_neuronal_core	Lymphatic_endothelial	CIAP_minus_CTRL	20	8	2	0.0043296175737056				NOT_EVALUABLE	fewer_than_four_donors_per_group					8	2	-0.0076928310112902				NOT_EVALUABLE	fewer_than_four_donors_per_group				
late_shared_concordant_neuronal_core	Lymphatic_endothelial	VN_minus_CTRL	20	0	2					NOT_EVALUABLE	fewer_than_four_donors_per_group					0	2					NOT_EVALUABLE	fewer_than_four_donors_per_group				
late_shared_concordant_neuronal_core	Lymphoid	CIDP_minus_CTRL	20	9	4	-0.0090730358713084	0.6181818181818182	-0.0391164981546501	0.0186147688890978	COMPLETED	unadjusted_observational_association	715.0	715.0	0.5514528860348991	0.8530940757355852	9	4	-0.0116960603910136	0.4629370629370629	-0.0374489857433533	0.0113859948367591	COMPLETED	unadjusted_observational_association	715.0	715.0	0.8377810402541374	0.7619047619047619
late_shared_concordant_neuronal_core	Lymphoid	CIAP_minus_CTRL	20	11	4	0.0180130268894428	0.2498168498168498	-0.0085561986576494	0.0419412106930785	COMPLETED	unadjusted_observational_association	1365.0	1365.0	1.2597840091275307	0.6097224809089216	11	4	0.0141288218280186	0.2278388278388278	-0.0044886487631366	0.0313721992803609	COMPLETED	unadjusted_observational_association	1365.0	1365.0	1.3606022905032205	0.5789765789765791
late_shared_concordant_neuronal_core	Lymphoid	VN_minus_CTRL	20	5	4	0.029400749944268				DESCRIPTIVE_ONLY	diagnosis_fully_confounded_with_center					5	4	0.0297887837285923				DESCRIPTIVE_ONLY	diagnosis_fully_confounded_with_center				
late_shared_concordant_neuronal_core	Macrophage	CIDP_minus_CTRL	20	9	4	-0.0071689062045242	0.6937062937062937	-0.0403335735568111	0.0227252236610957	COMPLETED	unadjusted_observational_association	715.0	715.0	0.4074999652965449	0.8840150999443035	9	4	-0.0050748411737064	0.7132867132867133	-0.0296263226442233	0.0189290673729632	COMPLETED	unadjusted_observational_association	715.0	715.0	0.3790886242415064	0.8782192166807552
late_shared_concordant_neuronal_core	Macrophage	CIAP_minus_CTRL	20	11	4	0.0105084384958935	0.526007326007326	-0.0189645234787845	0.0344826638225117	COMPLETED	unadjusted_observational_association	1365.0	1365.0	0.6478533546467014	0.7973163678426837	11	4	0.0009331449234916	0.9428571428571428	-0.0219441833344026	0.0206570075607706	COMPLETED	unadjusted_observational_association	1365.0	1365.0	0.0778053713299588	0.9859943977591036
late_shared_concordant_neuronal_core	Macrophage	VN_minus_CTRL	20	5	4	0.0105421595468984				DESCRIPTIVE_ONLY	diagnosis_fully_confounded_with_center					5	4	0.0059996259741616				DESCRIPTIVE_ONLY	diagnosis_fully_confounded_with_center				
late_shared_concordant_neuronal_core	Mast	CIDP_minus_CTRL	20	6	2	0.0105038931152351				NOT_EVALUABLE	fewer_than_four_donors_per_group					6	2	0.0130689816746506				NOT_EVALUABLE	fewer_than_four_donors_per_group				
late_shared_concordant_neuronal_core	Mast	CIAP_minus_CTRL	20	9	2	0.020090660355013				NOT_EVALUABLE	fewer_than_four_donors_per_group					9	2	0.0110219377419733				NOT_EVALUABLE	fewer_than_four_donors_per_group				
late_shared_concordant_neuronal_core	Mast	VN_minus_CTRL	20	0	2					NOT_EVALUABLE	fewer_than_four_donors_per_group					0	2					NOT_EVALUABLE	fewer_than_four_donors_per_group				
late_shared_concordant_neuronal_core	Mural	CIDP_minus_CTRL	20	9	4	0.0117827039676568	0.3286713286713286	-0.008464153533837	0.0309991011394299	COMPLETED	unadjusted_observational_association	715.0	715.0	1.0506430814486032	0.6227456753772542	9	4	0.0086930355913214	0.427972027972028	-0.0096329550457158	0.0266196690938217	COMPLETED	unadjusted_observational_association	715.0	715.0	0.8555164655304459	0.7494349622009197
late_shared_concordant_neuronal_core	Mural	CIAP_minus_CTRL	20	11	4	-0.0016940818431345	0.8732600732600733	-0.0194309391058585	0.01513038422769	COMPLETED	unadjusted_observational_association	1365.0	1365.0	0.1653862090381343	0.9655565808237564	11	4	-0.0013307469491467	0.8923076923076924	-0.0180927167002715	0.0153142991479814	COMPLETED	unadjusted_observational_association	1365.0	1365.0	0.1403907913825018	0.9727415441701156
late_shared_concordant_neuronal_core	Mural	VN_minus_CTRL	20	5	4	0.0027602207337122				DESCRIPTIVE_ONLY	diagnosis_fully_confounded_with_center					5	4	0.0010483007143997				DESCRIPTIVE_ONLY	diagnosis_fully_confounded_with_center				
late_shared_concordant_neuronal_core	Perineurial	CIDP_minus_CTRL	20	9	4	0.0117374313605739	0.2811188811188811	-0.0064837080418044	0.0293061998363258	COMPLETED	unadjusted_observational_association	715.0	715.0	1.2114655015824298	0.6227456753772542	9	4	0.0094784862450738	0.2237762237762237	-0.0047511149742063	0.0226852275687929	COMPLETED	unadjusted_observational_association	715.0	715.0	1.2769541823880053	0.5789765789765791
late_shared_concordant_neuronal_core	Perineurial	CIAP_minus_CTRL	20	11	4	-0.0108299644739908	0.2153846153846154	-0.0253234386993471	0.0021913075809349	COMPLETED	unadjusted_observational_association	1365.0	1365.0	1.4689516899619466	0.5851959361393324	11	4	-0.0066448445412235	0.304029304029304	-0.016346598851727	0.002326836781882	COMPLETED	unadjusted_observational_association	1365.0	1365.0	1.3081459997945273	0.6364544546362728
late_shared_concordant_neuronal_core	Perineurial	VN_minus_CTRL	20	5	4	0.0119463065331884				DESCRIPTIVE_ONLY	diagnosis_fully_confounded_with_center					5	4	0.0090564096405772				DESCRIPTIVE_ONLY	diagnosis_fully_confounded_with_center				
late_shared_concordant_neuronal_core	Schwann	CIDP_minus_CTRL	20	9	4	0.0176532761731594	0.2951048951048951	-0.0105582679570375	0.0452104365889359	COMPLETED	unadjusted_observational_association	715.0	715.0	1.1191168339176836	0.6227456753772542	9	4	0.0118523963529772	0.3118881118881119	-0.0068402575385519	0.0302719669430334	COMPLETED	unadjusted_observational_association	715.0	715.0	1.131459096579126	0.6365280289330922
late_shared_concordant_neuronal_core	Schwann	CIAP_minus_CTRL	20	11	4	0.0250333620385007	0.1333333333333333	-0.0010746532659608	0.0522373854207832	COMPLETED	unadjusted_observational_association	1365.0	1365.0	1.5819016527922911	0.5485714285714286	11	4	0.0213203170270822	0.073992673992674	0.0025162459105321	0.0423399022074383	COMPLETED	unadjusted_observational_association	1365.0	1365.0	1.8672630569815265	0.4411588411588411
late_shared_concordant_neuronal_core	Schwann	VN_minus_CTRL	20	5	4	0.0350583052931505				DESCRIPTIVE_ONLY	diagnosis_fully_confounded_with_center					5	4	0.0243578474957686				DESCRIPTIVE_ONLY	diagnosis_fully_confounded_with_center				
late_shared_concordant_neuronal_core	Vascular_endothelial	CIDP_minus_CTRL	20	9	4	-0.0109529327438121	0.2447552447552447	-0.0269725748531615	0.0025749276644559	COMPLETED	unadjusted_observational_association	715.0	715.0	1.2668730444450391	0.6097224809089216	9	4	-0.0090464104119349	0.206993006993007	-0.0206628054309904	0.0020819672628833	COMPLETED	unadjusted_observational_association	715.0	715.0	1.390710727750187	0.551981351981352
late_shared_concordant_neuronal_core	Vascular_endothelial	CIAP_minus_CTRL	20	11	4	-0.0058381608046693	0.5604395604395604	-0.025207083716491	0.0121944987647119	COMPLETED	unadjusted_observational_association	1365.0	1365.0	0.5496319393508367	0.8176783216783217	11	4	-0.004877366811961	0.515018315018315	-0.0176547627782298	0.0077846539054201	COMPLETED	unadjusted_observational_association	1365.0	1365.0	0.6708595428662516	0.7760141093474426
late_shared_concordant_neuronal_core	Vascular_endothelial	VN_minus_CTRL	20	5	4	0.0030319971576659				DESCRIPTIVE_ONLY	diagnosis_fully_confounded_with_center					5	4	0.0005085645869946				DESCRIPTIVE_ONLY	diagnosis_fully_confounded_with_center				
original_early_allcell	Adipocyte	CIDP_minus_CTRL	20	6	2	0.0090222446695653				NOT_EVALUABLE	fewer_than_four_donors_per_group					6	2	0.0010566093583269				NOT_EVALUABLE	fewer_than_four_donors_per_group				
original_early_allcell	Adipocyte	CIAP_minus_CTRL	20	10	2	0.0020305696103171				NOT_EVALUABLE	fewer_than_four_donors_per_group					10	2	-0.0008145687153042				NOT_EVALUABLE	fewer_than_four_donors_per_group				
original_early_allcell	Adipocyte	VN_minus_CTRL	20	2	2	0.0299640777531346				NOT_EVALUABLE	fewer_than_four_donors_per_group					2	2	0.0265333748098395				NOT_EVALUABLE	fewer_than_four_donors_per_group				
original_early_allcell	Endoneurial	CIDP_minus_CTRL	20	9	4	0.004187977893974	0.5944055944055944	-0.0085553814466059	0.0168802580207609	COMPLETED	unadjusted_observational_association	715.0	715.0	0.5657920854636938	0.8391608391608391	9	4	-0.001163166126016	0.8937062937062937	-0.0147409631613502	0.0128717241572663	COMPLETED	unadjusted_observational_association	715.0	715.0	0.147904333678612	0.9727415441701156
original_early_allcell	Endoneurial	CIAP_minus_CTRL	20	11	4	0.0049252787699866	0.504029304029304	-0.0086315603252265	0.0164862662755566	COMPLETED	unadjusted_observational_association	1365.0	1365.0	0.6895231962975558	0.7946488294314381	11	4	0.0026646107926625	0.7135531135531136	-0.0111709949612568	0.0146182416678868	COMPLETED	unadjusted_observational_association	1365.0	1365.0	0.3645043751202865	0.8782192166807552
original_early_allcell	Endoneurial	VN_minus_CTRL	20	5	4	0.0041118885295224				DESCRIPTIVE_ONLY	diagnosis_fully_confounded_with_center					5	4	0.0010542139171444				DESCRIPTIVE_ONLY	diagnosis_fully_confounded_with_center				
original_early_allcell	Epineurial	CIDP_minus_CTRL	20	9	4	-0.0096094760791957	0.3286713286713286	-0.0249530073983087	0.0067531605683995	COMPLETED	unadjusted_observational_association	715.0	715.0	1.0465957116700433	0.6227456753772542	9	4	-0.0131438548299948	0.193006993006993	-0.0288251773795327	0.0033348145489334	COMPLETED	unadjusted_observational_association	715.0	715.0	1.4267746551844152	0.5416193002399899
original_early_allcell	Epineurial	CIAP_minus_CTRL	20	11	4	-0.0118198418018196	0.2234432234432234	-0.025511532678446	0.0030623296612904	COMPLETED	unadjusted_observational_association	1365.0	1365.0	1.3685142916521642	0.5958485958485958	11	4	-0.0145726071287613	0.1384615384615384	-0.027817697471352	4.499718475043992e-05	COMPLETED	unadjusted_observational_association	1365.0	1365.0	1.741752752731744	0.4615384615384615
original_early_allcell	Epineurial	VN_minus_CTRL	20	5	4	-0.0015305582446978				DESCRIPTIVE_ONLY	diagnosis_fully_confounded_with_center					5	4	0.0019615417365471				DESCRIPTIVE_ONLY	diagnosis_fully_confounded_with_center				
original_early_allcell	Granulocyte	CIDP_minus_CTRL	20	0	0					NOT_EVALUABLE	fewer_than_four_donors_per_group					0	0					NOT_EVALUABLE	fewer_than_four_donors_per_group				
original_early_allcell	Granulocyte	CIAP_minus_CTRL	20	2	0					NOT_EVALUABLE	fewer_than_four_donors_per_group					2	0					NOT_EVALUABLE	fewer_than_four_donors_per_group				
original_early_allcell	Granulocyte	VN_minus_CTRL	20	0	0					NOT_EVALUABLE	fewer_than_four_donors_per_group					0	0					NOT_EVALUABLE	fewer_than_four_donors_per_group				
original_early_allcell	Lymphatic_endothelial	CIDP_minus_CTRL	20	6	2	0.0062682412022752				NOT_EVALUABLE	fewer_than_four_donors_per_group					6	2	0.0052558984903083				NOT_EVALUABLE	fewer_than_four_donors_per_group				
original_early_allcell	Lymphatic_endothelial	CIAP_minus_CTRL	20	8	2	-0.0095143543889849				NOT_EVALUABLE	fewer_than_four_donors_per_group					8	2	-0.0136344186518878				NOT_EVALUABLE	fewer_than_four_donors_per_group				
original_early_allcell	Lymphatic_endothelial	VN_minus_CTRL	20	0	2					NOT_EVALUABLE	fewer_than_four_donors_per_group					0	2					NOT_EVALUABLE	fewer_than_four_donors_per_group				
original_early_allcell	Lymphoid	CIDP_minus_CTRL	20	9	4	0.0339724549966828	0.0671328671328671	0.0081334557145318	0.0591632961155526	COMPLETED	unadjusted_observational_association	715.0	715.0	2.3867152209386577	0.5208791208791209	9	4	0.0296496758700803	0.0755244755244755	0.0058003041028553	0.0540895016188925	COMPLETED	unadjusted_observational_association	715.0	715.0	2.202400394621161	0.4411588411588411
original_early_allcell	Lymphoid	CIAP_minus_CTRL	20	11	4	0.0078031100288683	0.5648351648351648	-0.0164309543754601	0.0311060318134147	COMPLETED	unadjusted_observational_association	1365.0	1365.0	0.5801001054729621	0.8176783216783217	11	4	0.0012821575762177	0.9135531135531136	-0.0208405492329547	0.0229005634514975	COMPLETED	unadjusted_observational_association	1365.0	1365.0	0.1066402162864308	0.9744566544566544
original_early_allcell	Lymphoid	VN_minus_CTRL	20	5	4	0.0117239475022461				DESCRIPTIVE_ONLY	diagnosis_fully_confounded_with_center					5	4	0.0036826112855671				DESCRIPTIVE_ONLY	diagnosis_fully_confounded_with_center				
original_early_allcell	Macrophage	CIDP_minus_CTRL	20	9	4	0.0432321841952894	0.0475524475524475	0.0112835473889954	0.0731168528880475	COMPLETED	unadjusted_observational_association	715.0	715.0	2.3710275924653623	0.5208791208791209	9	4	0.0374666511675037	0.0573426573426573	0.0083698686792834	0.0649177881665866	COMPLETED	unadjusted_observational_association	715.0	715.0	2.243336816578299	0.4368964368964369
original_early_allcell	Macrophage	CIAP_minus_CTRL	20	11	4	0.0068984857612534	0.6622710622710622	-0.0190128395522824	0.0319402676662161	COMPLETED	unadjusted_observational_association	1365.0	1365.0	0.4524776633283531	0.8591624591624591	11	4	0.0027612257892013	0.8512820512820513	-0.0206896774836501	0.0258451063106662	COMPLETED	unadjusted_observational_association	1365.0	1365.0	0.1991450169440135	0.9727415441701156
original_early_allcell	Macrophage	VN_minus_CTRL	20	5	4	0.0206105305958594				DESCRIPTIVE_ONLY	diagnosis_fully_confounded_with_center					5	4	0.0182350579602588				DESCRIPTIVE_ONLY	diagnosis_fully_confounded_with_center				
original_early_allcell	Mast	CIDP_minus_CTRL	20	6	2	0.0121086153564686				NOT_EVALUABLE	fewer_than_four_donors_per_group					6	2	0.0040599698697634				NOT_EVALUABLE	fewer_than_four_donors_per_group				
original_early_allcell	Mast	CIAP_minus_CTRL	20	9	2	-0.0015093110996583				NOT_EVALUABLE	fewer_than_four_donors_per_group					9	2	-0.0054832182322978				NOT_EVALUABLE	fewer_than_four_donors_per_group				
original_early_allcell	Mast	VN_minus_CTRL	20	0	2					NOT_EVALUABLE	fewer_than_four_donors_per_group					0	2					NOT_EVALUABLE	fewer_than_four_donors_per_group				
original_early_allcell	Mural	CIDP_minus_CTRL	20	9	4	0.0072127806969158	0.3202797202797203	-0.0050840914328959	0.0189140702504279	COMPLETED	unadjusted_observational_association	715.0	715.0	1.0722812451930317	0.6227456753772542	9	4	0.006118681619195	0.4363636363636363	-0.0070723023819367	0.0193968309754434	COMPLETED	unadjusted_observational_association	715.0	715.0	0.8431599540133154	0.7494349622009197
original_early_allcell	Mural	CIAP_minus_CTRL	20	11	4	0.0025901302615316	0.7230769230769231	-0.0114835447653784	0.0157381317402936	COMPLETED	unadjusted_observational_association	1365.0	1365.0	0.3540390744878297	0.9054180602006688	11	4	0.0023277873899193	0.7692307692307693	-0.0124797635753123	0.0168544134794189	COMPLETED	unadjusted_observational_association	1365.0	1365.0	0.2943751544247932	0.9253903990746096
original_early_allcell	Mural	VN_minus_CTRL	20	5	4	-0.0014196968382798				DESCRIPTIVE_ONLY	diagnosis_fully_confounded_with_center					5	4	0.0009747726291444				DESCRIPTIVE_ONLY	diagnosis_fully_confounded_with_center				
original_early_allcell	Perineurial	CIDP_minus_CTRL	20	9	4	-0.0137317916330878	0.1776223776223776	-0.0297351877694944	0.0022039223712603	COMPLETED	unadjusted_observational_association	715.0	715.0	1.573015088650279	0.5647058823529412	9	4	-0.0177609957071982	0.1706293706293706	-0.0380864311569982	0.0021934834615447	COMPLETED	unadjusted_observational_association	715.0	715.0	1.609877658730514	0.5416193002399899
original_early_allcell	Perineurial	CIAP_minus_CTRL	20	11	4	0.0001917199983629	0.9758241758241758	-0.0120152578620568	0.0116635536020791	COMPLETED	unadjusted_observational_association	1365.0	1365.0	0.0291897690071585	0.9929091887133844	11	4	0.0016223260124122	0.8468864468864469	-0.0142477487136364	0.0166882594401434	COMPLETED	unadjusted_observational_association	1365.0	1365.0	0.1897478881273904	0.9727415441701156
original_early_allcell	Perineurial	VN_minus_CTRL	20	5	4	-0.021788714528757				DESCRIPTIVE_ONLY	diagnosis_fully_confounded_with_center					5	4	-0.0260441061837167				DESCRIPTIVE_ONLY	diagnosis_fully_confounded_with_center				
original_early_allcell	Schwann	CIDP_minus_CTRL	20	9	4	-0.0015493911751244	0.8195804195804196	-0.0123909484334072	0.0098086364421124	COMPLETED	unadjusted_observational_association	715.0	715.0	0.2555106727902056	0.9536368393511252	9	4	-0.0024648013270597	0.6587412587412588	-0.0122094650659595	0.0074095788236126	COMPLETED	unadjusted_observational_association	715.0	715.0	0.4520674147169826	0.8458315018315018
original_early_allcell	Schwann	CIAP_minus_CTRL	20	11	4	-0.0116836463509024	0.0659340659340659	-0.0208287013495495	-0.0034776531433438	COMPLETED	unadjusted_observational_association	1365.0	1365.0	2.378295657635312	0.5208791208791209	11	4	-0.0125936641701517	0.0344322344322344	-0.0204329600052038	-0.0052981672476252	COMPLETED	unadjusted_observational_association	1365.0	1365.0	2.9139201755347486	0.3636363636363636
original_early_allcell	Schwann	VN_minus_CTRL	20	5	4	0.0037320510321534				DESCRIPTIVE_ONLY	diagnosis_fully_confounded_with_center					5	4	-1.154023091225198e-05				DESCRIPTIVE_ONLY	diagnosis_fully_confounded_with_center				
original_early_allcell	Vascular_endothelial	CIDP_minus_CTRL	20	9	4	0.0017008324681807	0.8335664335664336	-0.0125582863285691	0.0150640719854884	COMPLETED	unadjusted_observational_association	715.0	715.0	0.2150798837823218	0.9536368393511252	9	4	5.797585192339472e-05	0.9916083916083916	-0.0146255773363601	0.0137427251398201	COMPLETED	unadjusted_observational_association	715.0	715.0	0.0072489410136532	0.9916083916083916
original_early_allcell	Vascular_endothelial	CIAP_minus_CTRL	20	11	4	-0.011920799247493	0.1413919413919414	-0.0240381272837479	-1.2266804235903892e-05	COMPLETED	unadjusted_observational_association	1365.0	1365.0	1.6703994400962416	0.5502821502821503	11	4	-0.0138455646202886	0.093040293040293	-0.0253519997561264	-0.0023217793884014	COMPLETED	unadjusted_observational_association	1365.0	1365.0	2.024074610126832	0.4411588411588411
original_early_allcell	Vascular_endothelial	VN_minus_CTRL	20	5	4	-0.0025276226589728				DESCRIPTIVE_ONLY	diagnosis_fully_confounded_with_center					5	4	-0.0024874555795465				DESCRIPTIVE_ONLY	diagnosis_fully_confounded_with_center				
original_late_allcell	Adipocyte	CIDP_minus_CTRL	20	6	2	-0.0035572283761267				NOT_EVALUABLE	fewer_than_four_donors_per_group					6	2	-0.0025427419356706				NOT_EVALUABLE	fewer_than_four_donors_per_group				
original_late_allcell	Adipocyte	CIAP_minus_CTRL	20	10	2	-0.0025123463909949				NOT_EVALUABLE	fewer_than_four_donors_per_group					10	2	-0.0023459843520161				NOT_EVALUABLE	fewer_than_four_donors_per_group				
original_late_allcell	Adipocyte	VN_minus_CTRL	20	2	2	-0.0113990597190982				NOT_EVALUABLE	fewer_than_four_donors_per_group					2	2	-0.0118258318787554				NOT_EVALUABLE	fewer_than_four_donors_per_group				
original_late_allcell	Endoneurial	CIDP_minus_CTRL	20	9	4	-9.588041212868492e-05	0.986013986013986	-0.0122329991742146	0.0114091944062267	COMPLETED	unadjusted_observational_association	715.0	715.0	0.0140648650238802	0.9929091887133844	9	4	0.0006166536325932	0.9104895104895104	-0.0107627573115899	0.0118812180193288	COMPLETED	unadjusted_observational_association	715.0	715.0	0.0954595588866847	0.9744566544566544
original_late_allcell	Endoneurial	CIAP_minus_CTRL	20	11	4	-0.0010116272687834	0.8783882783882784	-0.0116806168070894	0.0089393528257663	COMPLETED	unadjusted_observational_association	1365.0	1365.0	0.1699544879251533	0.9655565808237564	11	4	-0.0003251328915968	0.958974358974359	-0.0105885142993599	0.0090949782902096	COMPLETED	unadjusted_observational_association	1365.0	1365.0	0.0574729150168745	0.9899090157154674
original_late_allcell	Endoneurial	VN_minus_CTRL	20	5	4	0.0026148413734016				DESCRIPTIVE_ONLY	diagnosis_fully_confounded_with_center					5	4	0.0030808965315859				DESCRIPTIVE_ONLY	diagnosis_fully_confounded_with_center				
original_late_allcell	Epineurial	CIDP_minus_CTRL	20	9	4	-0.0031592125419226	0.6265734265734266	-0.013579153270469	0.0083269357374899	COMPLETED	unadjusted_observational_association	715.0	715.0	0.5282365746740246	0.8530940757355852	9	4	-0.0016948534876248	0.765034965034965	-0.0105151451391083	0.0084492859106411	COMPLETED	unadjusted_observational_association	715.0	715.0	0.3287846091155758	0.9253903990746096
original_late_allcell	Epineurial	CIAP_minus_CTRL	20	11	4	-0.0079310645601542	0.1157509157509157	-0.0149945120775567	-6.631416953717735e-05	COMPLETED	unadjusted_observational_association	1365.0	1365.0	1.8708721472534189	0.5208791208791209	11	4	-0.0068906259107152	0.1032967032967032	-0.0131049963178388	-0.0001479175736866	COMPLETED	unadjusted_observational_association	1365.0	1365.0	1.89996703710013	0.4418145956607495
original_late_allcell	Epineurial	VN_minus_CTRL	20	5	4	-0.0104599243867715				DESCRIPTIVE_ONLY	diagnosis_fully_confounded_with_center					5	4	-0.0099609364792923				DESCRIPTIVE_ONLY	diagnosis_fully_confounded_with_center				
original_late_allcell	Granulocyte	CIDP_minus_CTRL	20	0	0					NOT_EVALUABLE	fewer_than_four_donors_per_group					0	0					NOT_EVALUABLE	fewer_than_four_donors_per_group				
original_late_allcell	Granulocyte	CIAP_minus_CTRL	20	2	0					NOT_EVALUABLE	fewer_than_four_donors_per_group					2	0					NOT_EVALUABLE	fewer_than_four_donors_per_group				
original_late_allcell	Granulocyte	VN_minus_CTRL	20	0	0					NOT_EVALUABLE	fewer_than_four_donors_per_group					0	0					NOT_EVALUABLE	fewer_than_four_donors_per_group				
original_late_allcell	Lymphatic_endothelial	CIDP_minus_CTRL	20	6	2	-0.0072141063374084				NOT_EVALUABLE	fewer_than_four_donors_per_group					6	2	-0.0084741634752653				NOT_EVALUABLE	fewer_than_four_donors_per_group				
original_late_allcell	Lymphatic_endothelial	CIAP_minus_CTRL	20	8	2	-0.0090714301716832				NOT_EVALUABLE	fewer_than_four_donors_per_group					8	2	-0.0105672231697892				NOT_EVALUABLE	fewer_than_four_donors_per_group				
original_late_allcell	Lymphatic_endothelial	VN_minus_CTRL	20	0	2					NOT_EVALUABLE	fewer_than_four_donors_per_group					0	2					NOT_EVALUABLE	fewer_than_four_donors_per_group				
original_late_allcell	Lymphoid	CIDP_minus_CTRL	20	9	4	0.0110291410257307	0.0699300699300699	0.0026061574605106	0.0202139590422795	COMPLETED	unadjusted_observational_association	715.0	715.0	2.209032903934253	0.5208791208791209	9	4	0.0115332853077365	0.0545454545454545	0.0033882443600727	0.0204365504720751	COMPLETED	unadjusted_observational_association	715.0	715.0	2.4430787960090177	0.4363636363636363
original_late_allcell	Lymphoid	CIAP_minus_CTRL	20	11	4	0.0075185868554035	0.1963369963369963	-0.0011587715878616	0.0169921400020488	COMPLETED	unadjusted_observational_association	1365.0	1365.0	1.4362965932720568	0.5647058823529412	11	4	0.0078066984229784	0.178021978021978	-0.0005962236131082	0.0169682147753751	COMPLETED	unadjusted_observational_association	1365.0	1365.0	1.5557938606711497	0.5416193002399899
original_late_allcell	Lymphoid	VN_minus_CTRL	20	5	4	0.0113479083273493				DESCRIPTIVE_ONLY	diagnosis_fully_confounded_with_center					5	4	0.0108984290594351				DESCRIPTIVE_ONLY	diagnosis_fully_confounded_with_center				
original_late_allcell	Macrophage	CIDP_minus_CTRL	20	9	4	-0.0062876715548387	0.2937062937062937	-0.0167058141445672	0.0034388369063285	COMPLETED	unadjusted_observational_association	715.0	715.0	1.147011317516617	0.6227456753772542	9	4	-0.0051834641094791	0.4265734265734265	-0.0162125730672158	0.0052441124234539	COMPLETED	unadjusted_observational_association	715.0	715.0	0.8760693330099656	0.7494349622009197
original_late_allcell	Macrophage	CIAP_minus_CTRL	20	11	4	-0.005454202644121	0.1677655677655677	-0.0112983944430798	0.000579743593541	COMPLETED	unadjusted_observational_association	1365.0	1365.0	1.6409901361538963	0.5647058823529412	11	4	-0.0048291900728283	0.2849816849816849	-0.0120071602504368	0.0028437587370398	COMPLETED	unadjusted_observational_association	1365.0	1365.0	1.160237318574393	0.6349206349206349
original_late_allcell	Macrophage	VN_minus_CTRL	20	5	4	-0.0111048131799707				DESCRIPTIVE_ONLY	diagnosis_fully_confounded_with_center					5	4	-0.0111600376996159				DESCRIPTIVE_ONLY	diagnosis_fully_confounded_with_center				
original_late_allcell	Mast	CIDP_minus_CTRL	20	6	2	0.0050581118811028				NOT_EVALUABLE	fewer_than_four_donors_per_group					6	2	0.0075581988538126				NOT_EVALUABLE	fewer_than_four_donors_per_group				
original_late_allcell	Mast	CIAP_minus_CTRL	20	9	2	0.0016358809313475				NOT_EVALUABLE	fewer_than_four_donors_per_group					9	2	0.0032445185802297				NOT_EVALUABLE	fewer_than_four_donors_per_group				
original_late_allcell	Mast	VN_minus_CTRL	20	0	2					NOT_EVALUABLE	fewer_than_four_donors_per_group					0	2					NOT_EVALUABLE	fewer_than_four_donors_per_group				
original_late_allcell	Mural	CIDP_minus_CTRL	20	9	4	0.0018050044605396	0.6587412587412588	-0.0048998523053971	0.0098367809843501	COMPLETED	unadjusted_observational_association	715.0	715.0	0.4311897396289372	0.8591624591624591	9	4	0.0026506897791914	0.4881118881118881	-0.0034054815749018	0.0099105446506106	COMPLETED	unadjusted_observational_association	715.0	715.0	0.6919256723112065	0.7760141093474426
original_late_allcell	Mural	CIAP_minus_CTRL	20	11	4	0.003084887512266	0.4974358974358974	-0.0036946788664539	0.0111975737626753	COMPLETED	unadjusted_observational_association	1365.0	1365.0	0.7523302400175131	0.7946488294314381	11	4	0.0032365600690609	0.421978021978022	-0.0028291064252382	0.0104320887735477	COMPLETED	unadjusted_observational_association	1365.0	1365.0	0.8775799914167375	0.7494349622009197
original_late_allcell	Mural	VN_minus_CTRL	20	5	4	0.0015463711631667				DESCRIPTIVE_ONLY	diagnosis_fully_confounded_with_center					5	4	0.0018859911507329				DESCRIPTIVE_ONLY	diagnosis_fully_confounded_with_center				
original_late_allcell	Perineurial	CIDP_minus_CTRL	20	9	4	0.0073241825882409	0.2881118881118881	-0.0026427883362297	0.018033279928791	COMPLETED	unadjusted_observational_association	715.0	715.0	1.2676536120379296	0.6227456753772542	9	4	0.0075270131143538	0.2727272727272727	-0.0022859853388015	0.0182265922686567	COMPLETED	unadjusted_observational_association	715.0	715.0	1.316726470700554	0.6324110671936758
original_late_allcell	Perineurial	CIAP_minus_CTRL	20	11	4	0.0035498937937885	0.545054945054945	-0.0060562727928633	0.0133120049672289	COMPLETED	unadjusted_observational_association	1365.0	1365.0	0.6581685663250335	0.8175824175824176	11	4	0.0029843325197058	0.5758241758241758	-0.0056262564024842	0.0118596174634137	COMPLETED	unadjusted_observational_association	1365.0	1365.0	0.5930460475724203	0.8226059654631083
original_late_allcell	Perineurial	VN_minus_CTRL	20	5	4	0.0096742846425067				DESCRIPTIVE_ONLY	diagnosis_fully_confounded_with_center					5	4	0.0086713012509747				DESCRIPTIVE_ONLY	diagnosis_fully_confounded_with_center				
original_late_allcell	Schwann	CIDP_minus_CTRL	20	9	4	0.0090855740820379	0.1916083916083916	-0.0016831092047247	0.0200488743786282	COMPLETED	unadjusted_observational_association	715.0	715.0	1.477144900414031	0.5647058823529412	9	4	0.0116426999641206	0.137062937062937	1.637031708413063e-05	0.0233320238641157	COMPLETED	unadjusted_observational_association	715.0	715.0	1.7783740691627812	0.4615384615384615
original_late_allcell	Schwann	CIAP_minus_CTRL	20	11	4	0.0138035814824924	0.0952380952380952	0.0015458362262948	0.0295462187807431	COMPLETED	unadjusted_observational_association	1365.0	1365.0	1.7828853797857458	0.5208791208791209	11	4	0.0148846630962146	0.082051282051282	0.0026154392968659	0.0304575054511555	COMPLETED	unadjusted_observational_association	1365.0	1365.0	1.945249281726435	0.4411588411588411
original_late_allcell	Schwann	VN_minus_CTRL	20	5	4	0.0240446645238899				DESCRIPTIVE_ONLY	diagnosis_fully_confounded_with_center					5	4	0.0230190683126164				DESCRIPTIVE_ONLY	diagnosis_fully_confounded_with_center				
original_late_allcell	Vascular_endothelial	CIDP_minus_CTRL	20	9	4	-0.0021566616515412	0.5174825174825175	-0.007582766094468	0.0033844144544655	COMPLETED	unadjusted_observational_association	715.0	715.0	0.6888819012383725	0.7973163678426837	9	4	-0.0016301202473981	0.5874125874125874	-0.0064860896173288	0.0034797617363063	COMPLETED	unadjusted_observational_association	715.0	715.0	0.567756689847785	0.8275862068965517
original_late_allcell	Vascular_endothelial	CIAP_minus_CTRL	20	11	4	-0.0023276569316683	0.4871794871794871	-0.0076228643461528	0.0032268845791348	COMPLETED	unadjusted_observational_association	1365.0	1365.0	0.7564704779188856	0.7946488294314381	11	4	-0.0022437149325988	0.4644688644688645	-0.0071180341515531	0.0028984204447931	COMPLETED	unadjusted_observational_association	1365.0	1365.0	0.7843544947591699	0.7619047619047619
original_late_allcell	Vascular_endothelial	VN_minus_CTRL	20	5	4	-0.0031803938510799				DESCRIPTIVE_ONLY	diagnosis_fully_confounded_with_center					5	4	-0.002977864431294				DESCRIPTIVE_ONLY	diagnosis_fully_confounded_with_center				
original_late_neuron	Adipocyte	CIDP_minus_CTRL	20	6	2	0.0172778503120492				NOT_EVALUABLE	fewer_than_four_donors_per_group					6	2	0.0182067565768002				NOT_EVALUABLE	fewer_than_four_donors_per_group				
original_late_neuron	Adipocyte	CIAP_minus_CTRL	20	10	2	0.0152212120256883				NOT_EVALUABLE	fewer_than_four_donors_per_group					10	2	0.0129431599428858				NOT_EVALUABLE	fewer_than_four_donors_per_group				
original_late_neuron	Adipocyte	VN_minus_CTRL	20	2	2	0.0214696954800304				NOT_EVALUABLE	fewer_than_four_donors_per_group					2	2	0.0122239861460636				NOT_EVALUABLE	fewer_than_four_donors_per_group				
original_late_neuron	Endoneurial	CIDP_minus_CTRL	20	9	4	0.0060634226014822	0.3874125874125874	-0.0051828297857269	0.0174698608247787	COMPLETED	unadjusted_observational_association	715.0	715.0	0.9158922682398188	0.7152232383001614	9	4	0.0199551951916681	0.0167832167832167	0.0080614897576965	0.0335387029082695	COMPLETED	unadjusted_observational_association	715.0	715.0	2.6319170527596327	0.293040293040293
original_late_neuron	Endoneurial	CIAP_minus_CTRL	20	11	4	-0.0004331609356405	0.953846153846154	-0.0117769173535149	0.0101451973048817	COMPLETED	unadjusted_observational_association	1365.0	1365.0	0.0673774100550542	0.9929091887133844	11	4	0.0112487513863256	0.1838827838827839	-0.0005734283384949	0.0238790298075522	COMPLETED	unadjusted_observational_association	1365.0	1365.0	1.5810567025805455	0.5416193002399899
original_late_neuron	Endoneurial	VN_minus_CTRL	20	5	4	0.0029927915514551				DESCRIPTIVE_ONLY	diagnosis_fully_confounded_with_center					5	4	0.0116431054793602				DESCRIPTIVE_ONLY	diagnosis_fully_confounded_with_center				
original_late_neuron	Epineurial	CIDP_minus_CTRL	20	9	4	0.0071069036360471	0.3020979020979021	-0.0049963632329478	0.017719228598359	COMPLETED	unadjusted_observational_association	715.0	715.0	1.105267590702346	0.6227456753772542	9	4	0.0167244052073055	0.0881118881118881	0.0026308060921986	0.029435410364189	COMPLETED	unadjusted_observational_association	715.0	715.0	2.117274170043389	0.4411588411588411
original_late_neuron	Epineurial	CIAP_minus_CTRL	20	11	4	-1.1086459420411863e-05	0.9992673992673992	-0.0120955624538699	0.0089435870212963	COMPLETED	unadjusted_observational_association	1365.0	1365.0	0.0018641141520572	0.9992673992673992	11	4	0.0096929034826292	0.2417582417582417	-0.0048266830183477	0.0216066294932706	COMPLETED	unadjusted_observational_association	1365.0	1365.0	1.2930597893662	0.5950972104818258
original_late_neuron	Epineurial	VN_minus_CTRL	20	5	4	-0.0022447407168657				DESCRIPTIVE_ONLY	diagnosis_fully_confounded_with_center					5	4	0.0042488548979972				DESCRIPTIVE_ONLY	diagnosis_fully_confounded_with_center				
original_late_neuron	Granulocyte	CIDP_minus_CTRL	20	0	0					NOT_EVALUABLE	fewer_than_four_donors_per_group					0	0					NOT_EVALUABLE	fewer_than_four_donors_per_group				
original_late_neuron	Granulocyte	CIAP_minus_CTRL	20	2	0					NOT_EVALUABLE	fewer_than_four_donors_per_group					2	0					NOT_EVALUABLE	fewer_than_four_donors_per_group				
original_late_neuron	Granulocyte	VN_minus_CTRL	20	0	0					NOT_EVALUABLE	fewer_than_four_donors_per_group					0	0					NOT_EVALUABLE	fewer_than_four_donors_per_group				
original_late_neuron	Lymphatic_endothelial	CIDP_minus_CTRL	20	6	2	-0.012341417924213				NOT_EVALUABLE	fewer_than_four_donors_per_group					6	2	-0.0021728488426615				NOT_EVALUABLE	fewer_than_four_donors_per_group				
original_late_neuron	Lymphatic_endothelial	CIAP_minus_CTRL	20	8	2	0.0001346265001423				NOT_EVALUABLE	fewer_than_four_donors_per_group					8	2	0.0026571810114275				NOT_EVALUABLE	fewer_than_four_donors_per_group				
original_late_neuron	Lymphatic_endothelial	VN_minus_CTRL	20	0	2					NOT_EVALUABLE	fewer_than_four_donors_per_group					0	2					NOT_EVALUABLE	fewer_than_four_donors_per_group				
original_late_neuron	Lymphoid	CIDP_minus_CTRL	20	9	4	-0.0169010951838742	0.4601398601398601	-0.0542058740291734	0.0178663343950836	COMPLETED	unadjusted_observational_association	715.0	715.0	0.7775480974425549	0.7946488294314381	9	4	-0.008764349944066	0.6461538461538462	-0.0406973053521535	0.0212498428447658	COMPLETED	unadjusted_observational_association	715.0	715.0	0.479439318497641	0.8458315018315018
original_late_neuron	Lymphoid	CIAP_minus_CTRL	20	11	4	-0.0041597749796797	0.8344322344322345	-0.0384743384097076	0.0285894111602476	COMPLETED	unadjusted_observational_association	1365.0	1365.0	0.2109888317874249	0.9536368393511252	11	4	0.0042311813420285	0.8007326007326008	-0.0236261417618678	0.0314530079694746	COMPLETED	unadjusted_observational_association	1365.0	1365.0	0.2601552804868835	0.9560986277404188
original_late_neuron	Lymphoid	VN_minus_CTRL	20	5	4	0.0035968026615979				DESCRIPTIVE_ONLY	diagnosis_fully_confounded_with_center					5	4	0.0104397705024811				DESCRIPTIVE_ONLY	diagnosis_fully_confounded_with_center				
original_late_neuron	Macrophage	CIDP_minus_CTRL	20	9	4	-0.0181310692855183	0.2713286713286713	-0.0461746834144267	0.0083616715988239	COMPLETED	unadjusted_observational_association	715.0	715.0	1.1985688432708472	0.6227456753772542	9	4	-0.0086118134403626	0.5412587412587413	-0.0330655676842715	0.0142303126472583	COMPLETED	unadjusted_observational_association	715.0	715.0	0.6357258679634716	0.7842247842247843
original_late_neuron	Macrophage	CIAP_minus_CTRL	20	11	4	0.0037571719553513	0.7391941391941392	-0.0166120038135762	0.0220413952460181	COMPLETED	unadjusted_observational_association	1365.0	1365.0	0.3322574155518298	0.9097072419106318	11	4	0.0083953212302482	0.4747252747252747	-0.0105041932032942	0.0267700506849601	COMPLETED	unadjusted_observational_association	1365.0	1365.0	0.7447211401683009	0.7672327672327671
original_late_neuron	Macrophage	VN_minus_CTRL	20	5	4	0.0010800742598298				DESCRIPTIVE_ONLY	diagnosis_fully_confounded_with_center					5	4	0.0067929985274949				DESCRIPTIVE_ONLY	diagnosis_fully_confounded_with_center				
original_late_neuron	Mast	CIDP_minus_CTRL	20	6	2	-0.0219049596713071				NOT_EVALUABLE	fewer_than_four_donors_per_group					6	2	-0.0020941985661077				NOT_EVALUABLE	fewer_than_four_donors_per_group				
original_late_neuron	Mast	CIAP_minus_CTRL	20	9	2	-0.00332854889739				NOT_EVALUABLE	fewer_than_four_donors_per_group					9	2	0.0056273483754145				NOT_EVALUABLE	fewer_than_four_donors_per_group				
original_late_neuron	Mast	VN_minus_CTRL	20	0	2					NOT_EVALUABLE	fewer_than_four_donors_per_group					0	2					NOT_EVALUABLE	fewer_than_four_donors_per_group				
original_late_neuron	Mural	CIDP_minus_CTRL	20	9	4	-0.0052707184631485	0.4965034965034965	-0.0182891637023725	0.0069828589294628	COMPLETED	unadjusted_observational_association	715.0	715.0	0.7098693083676539	0.7946488294314381	9	4	-0.0045409102140918	0.3804195804195804	-0.0127591307868031	0.0036380341686086	COMPLETED	unadjusted_observational_association	715.0	715.0	0.9217590262341324	0.7103594080338267
original_late_neuron	Mural	CIAP_minus_CTRL	20	11	4	-0.0095170504492701	0.2329670329670329	-0.0223633853975685	0.0028767759646454	COMPLETED	unadjusted_observational_association	1365.0	1365.0	1.3066469129635898	0.6097224809089216	11	4	-0.009206200608597	0.0952380952380952	-0.0174867741594553	-0.0008518036676831	COMPLETED	unadjusted_observational_association	1365.0	1365.0	1.9313903502281573	0.4411588411588411
original_late_neuron	Mural	VN_minus_CTRL	20	5	4	-0.0071225018399063				DESCRIPTIVE_ONLY	diagnosis_fully_confounded_with_center					5	4	-0.0076790522374942				DESCRIPTIVE_ONLY	diagnosis_fully_confounded_with_center				
original_late_neuron	Perineurial	CIDP_minus_CTRL	20	9	4	0.0038961145566169	0.5076923076923077	-0.0067075094153704	0.0138393859448069	COMPLETED	unadjusted_observational_association	715.0	715.0	0.6644829446701401	0.7946488294314381	9	4	0.0111144169917455	0.1104895104895104	0.0014864189904247	0.0223671796848301	COMPLETED	unadjusted_observational_association	715.0	715.0	1.805113611783512	0.4419580419580419
original_late_neuron	Perineurial	CIAP_minus_CTRL	20	11	4	-0.0088150994159996	0.1948717948717948	-0.0193410621743628	0.0012636773077463	COMPLETED	unadjusted_observational_association	1365.0	1365.0	1.48536781229655	0.5647058823529412	11	4	-0.0059849923023388	0.4666666666666667	-0.0180586694491222	0.0060575356351294	COMPLETED	unadjusted_observational_association	1365.0	1365.0	0.8718447164453824	0.7619047619047619
original_late_neuron	Perineurial	VN_minus_CTRL	20	5	4	-0.0007361976765815				DESCRIPTIVE_ONLY	diagnosis_fully_confounded_with_center					5	4	0.0090495498069324				DESCRIPTIVE_ONLY	diagnosis_fully_confounded_with_center				
original_late_neuron	Schwann	CIDP_minus_CTRL	20	9	4	0.0022014494047175	0.7342657342657343	-0.0085044554542624	0.0133979346922089	COMPLETED	unadjusted_observational_association	715.0	715.0	0.3513827396388121	0.9097072419106318	9	4	0.0033683748722959	0.2951048951048951	-0.0019169325917081	0.0085564848085663	COMPLETED	unadjusted_observational_association	715.0	715.0	1.1556576467032875	0.6364544546362728
original_late_neuron	Schwann	CIAP_minus_CTRL	20	11	4	0.0065895741265615	0.241025641025641	-0.0018230642393781	0.015516326941015	COMPLETED	unadjusted_observational_association	1365.0	1365.0	1.2737179208314078	0.6097224809089216	11	4	0.0064471264289716	0.0205128205128205	0.0029158003811946	0.0102581844806848	COMPLETED	unadjusted_observational_association	1365.0	1365.0	3.034839474060077	0.2983682983682983
original_late_neuron	Schwann	VN_minus_CTRL	20	5	4	0.0050826715532269				DESCRIPTIVE_ONLY	diagnosis_fully_confounded_with_center					5	4	0.006264351299426				DESCRIPTIVE_ONLY	diagnosis_fully_confounded_with_center				
original_late_neuron	Vascular_endothelial	CIDP_minus_CTRL	20	9	4	-0.0166176686106075	0.0979020979020979	-0.0300865219589487	-0.0028223643280221	COMPLETED	unadjusted_observational_association	715.0	715.0	2.128069353322862	0.5208791208791209	9	4	-0.0074514473893603	0.3202797202797203	-0.0200033777282717	0.006089493400785	COMPLETED	unadjusted_observational_association	715.0	715.0	0.9971993792415048	0.6405594405594406
original_late_neuron	Vascular_endothelial	CIAP_minus_CTRL	20	11	4	-0.0116971246777493	0.1831501831501831	-0.0260167198761988	0.0032906312632673	COMPLETED	unadjusted_observational_association	1365.0	1365.0	1.4827264383115852	0.5647058823529412	11	4	-0.0006724011438547	0.928937728937729	-0.0141954313695214	0.014492557427273	COMPLETED	unadjusted_observational_association	1365.0	1365.0	0.0870530074424971	0.9804931910195068
original_late_neuron	Vascular_endothelial	VN_minus_CTRL	20	5	4	-0.0099417176633351				DESCRIPTIVE_ONLY	diagnosis_fully_confounded_with_center					5	4	0.0016565815213988				DESCRIPTIVE_ONLY	diagnosis_fully_confounded_with_center				
original_severity	Adipocyte	CIDP_minus_CTRL	20	6	2	-0.0088395433352929				NOT_EVALUABLE	fewer_than_four_donors_per_group					6	2	-0.0130581562728075				NOT_EVALUABLE	fewer_than_four_donors_per_group				
original_severity	Adipocyte	CIAP_minus_CTRL	20	10	2	-0.0063852956389187				NOT_EVALUABLE	fewer_than_four_donors_per_group					10	2	-0.0102368528306455				NOT_EVALUABLE	fewer_than_four_donors_per_group				
original_severity	Adipocyte	VN_minus_CTRL	20	2	2	-0.0023473420496009				NOT_EVALUABLE	fewer_than_four_donors_per_group					2	2	-0.0070364547038646				NOT_EVALUABLE	fewer_than_four_donors_per_group				
original_severity	Endoneurial	CIDP_minus_CTRL	20	9	4	-0.0185991300610291	0.213986013986014	-0.0434714834521042	0.0048671828465696	COMPLETED	unadjusted_observational_association	715.0	715.0	1.376229508925091	0.5851959361393324	9	4	-0.0149241694146357	0.2461538461538461	-0.0362543993833845	0.00624297985242	COMPLETED	unadjusted_observational_association	715.0	715.0	1.2604050919597805	0.5967365967365968
original_severity	Endoneurial	CIAP_minus_CTRL	20	11	4	-0.0135416281358145	0.3106227106227106	-0.0358277168862538	0.0082111060400382	COMPLETED	unadjusted_observational_association	1365.0	1365.0	1.0817160415832148	0.6227456753772542	11	4	-0.0080863965256529	0.5032967032967033	-0.0286544277377561	0.0127168376669378	COMPLETED	unadjusted_observational_association	1365.0	1365.0	0.6840347631104995	0.7760141093474426
original_severity	Endoneurial	VN_minus_CTRL	20	5	4	-0.0165178500715926				DESCRIPTIVE_ONLY	diagnosis_fully_confounded_with_center					5	4	-0.0126457612144654				DESCRIPTIVE_ONLY	diagnosis_fully_confounded_with_center				
original_severity	Epineurial	CIDP_minus_CTRL	20	9	4	-0.0162850166496949	0.3118881118881119	-0.0407471332729896	0.0084629975903341	COMPLETED	unadjusted_observational_association	715.0	715.0	1.0919309102973482	0.6227456753772542	9	4	-0.0156615995657225	0.2279720279720279	-0.0351654164537065	0.0037477872372979	COMPLETED	unadjusted_observational_association	715.0	715.0	1.3524290955929532	0.5789765789765791
original_severity	Epineurial	CIAP_minus_CTRL	20	11	4	-0.0278400845862282	0.0695970695970696	-0.0492615939326083	-0.0054660651991922	COMPLETED	unadjusted_observational_association	1365.0	1365.0	2.190102822532199	0.5208791208791209	11	4	-0.0250112263461054	0.0358974358974358	-0.0422167465375109	-0.0085465638916958	COMPLETED	unadjusted_observational_association	1365.0	1365.0	2.527227265758777	0.3636363636363636
original_severity	Epineurial	VN_minus_CTRL	20	5	4	-0.0336855367812609				DESCRIPTIVE_ONLY	diagnosis_fully_confounded_with_center					5	4	-0.0289435338693363				DESCRIPTIVE_ONLY	diagnosis_fully_confounded_with_center				
original_severity	Granulocyte	CIDP_minus_CTRL	20	0	0					NOT_EVALUABLE	fewer_than_four_donors_per_group					0	0					NOT_EVALUABLE	fewer_than_four_donors_per_group				
original_severity	Granulocyte	CIAP_minus_CTRL	20	2	0					NOT_EVALUABLE	fewer_than_four_donors_per_group					2	0					NOT_EVALUABLE	fewer_than_four_donors_per_group				
original_severity	Granulocyte	VN_minus_CTRL	20	0	0					NOT_EVALUABLE	fewer_than_four_donors_per_group					0	0					NOT_EVALUABLE	fewer_than_four_donors_per_group				
original_severity	Lymphatic_endothelial	CIDP_minus_CTRL	20	6	2	-0.0354344260165541				NOT_EVALUABLE	fewer_than_four_donors_per_group					6	2	-0.0263442836587245				NOT_EVALUABLE	fewer_than_four_donors_per_group				
original_severity	Lymphatic_endothelial	CIAP_minus_CTRL	20	8	2	-0.0289826963712851				NOT_EVALUABLE	fewer_than_four_donors_per_group					8	2	-0.0293476599171935				NOT_EVALUABLE	fewer_than_four_donors_per_group				
original_severity	Lymphatic_endothelial	VN_minus_CTRL	20	0	2					NOT_EVALUABLE	fewer_than_four_donors_per_group					0	2					NOT_EVALUABLE	fewer_than_four_donors_per_group				
original_severity	Lymphoid	CIDP_minus_CTRL	20	9	4	0.0054248798482548	0.7972027972027972	-0.0338953470655585	0.0395825641708426	COMPLETED	unadjusted_observational_association	715.0	715.0	0.2529918469470004	0.9487372132000232	9	4	-0.0018376102861243	0.9314685314685316	-0.0369263498364364	0.0299333472708763	COMPLETED	unadjusted_observational_association	715.0	715.0	0.0953127402371802	0.9804931910195068
original_severity	Lymphoid	CIAP_minus_CTRL	20	11	4	0.0016194779043031	0.9377289377289376	-0.0362705930897004	0.0310349414179306	COMPLETED	unadjusted_observational_association	1365.0	1365.0	0.0813773942629449	0.9856420951311464	11	4	-0.0076733454466978	0.6783882783882784	-0.040578867203981	0.0195938965276535	COMPLETED	unadjusted_observational_association	1365.0	1365.0	0.4400355050321902	0.847985347985348
original_severity	Lymphoid	VN_minus_CTRL	20	5	4	0.016473163521019				DESCRIPTIVE_ONLY	diagnosis_fully_confounded_with_center					5	4	0.006210229303204				DESCRIPTIVE_ONLY	diagnosis_fully_confounded_with_center				
original_severity	Macrophage	CIDP_minus_CTRL	20	9	4	-0.0060114820768256	0.7454545454545455	-0.0384922076672899	0.0210900007966378	COMPLETED	unadjusted_observational_association	715.0	715.0	0.3481848517838092	0.9097072419106318	9	4	-0.0116896141031684	0.4545454545454545	-0.0399922067487876	0.0124990133886636	COMPLETED	unadjusted_observational_association	715.0	715.0	0.7651101394074062	0.7619047619047619
original_severity	Macrophage	CIAP_minus_CTRL	20	11	4	-0.0081480054900822	0.6498168498168498	-0.0357236216167406	0.0134788053948894	COMPLETED	unadjusted_observational_association	1365.0	1365.0	0.5399250964977588	0.8584736364552878	11	4	-0.0127434493565642	0.4051282051282051	-0.0373187082042731	0.0067058351781225	COMPLETED	unadjusted_observational_association	1365.0	1365.0	0.9539086833788069	0.7365967365967365
original_severity	Macrophage	VN_minus_CTRL	20	5	4	-0.0048058892494011				DESCRIPTIVE_ONLY	diagnosis_fully_confounded_with_center					5	4	-0.0072830119516967				DESCRIPTIVE_ONLY	diagnosis_fully_confounded_with_center				
original_severity	Mast	CIDP_minus_CTRL	20	6	2	-0.0315870865975805				NOT_EVALUABLE	fewer_than_four_donors_per_group					6	2	-0.0349388755134517				NOT_EVALUABLE	fewer_than_four_donors_per_group				
original_severity	Mast	CIAP_minus_CTRL	20	9	2	-0.0408678686908436				NOT_EVALUABLE	fewer_than_four_donors_per_group					9	2	-0.0439488879133228				NOT_EVALUABLE	fewer_than_four_donors_per_group				
original_severity	Mast	VN_minus_CTRL	20	0	2					NOT_EVALUABLE	fewer_than_four_donors_per_group					0	2					NOT_EVALUABLE	fewer_than_four_donors_per_group				
original_severity	Mural	CIDP_minus_CTRL	20	9	4	-0.0021525813828632	0.8615384615384616	-0.0219039444631886	0.0183106978785376	COMPLETED	unadjusted_observational_association	715.0	715.0	0.1918513081833753	0.9655565808237564	9	4	-0.0043953972542749	0.6573426573426573	-0.0217914683433226	0.01333428910606	COMPLETED	unadjusted_observational_association	715.0	715.0	0.4477719509135691	0.8458315018315018
original_severity	Mural	CIAP_minus_CTRL	20	11	4	-0.0004055677336856	0.9663003663003664	-0.0172577780659773	0.0151112625139478	COMPLETED	unadjusted_observational_association	1365.0	1365.0	0.0422265770733232	0.9929091887133844	11	4	-0.003566691217561	0.6747252747252748	-0.0181768147608248	0.0095488389119292	COMPLETED	unadjusted_observational_association	1365.0	1365.0	0.4302726906841823	0.847985347985348
original_severity	Mural	VN_minus_CTRL	20	5	4	-0.0263238643339663				DESCRIPTIVE_ONLY	diagnosis_fully_confounded_with_center					5	4	-0.0227605742688751				DESCRIPTIVE_ONLY	diagnosis_fully_confounded_with_center				
original_severity	Perineurial	CIDP_minus_CTRL	20	9	4	-0.0158759324543811	0.0209790209790209	-0.0281645498006985	-0.0058378832749529	COMPLETED	unadjusted_observational_association	715.0	715.0	2.5281696095998734	0.427972027972028	9	4	-0.0187694216714792	0.0027972027972027	-0.028211061762269	-0.0104318217433714	COMPLETED	unadjusted_observational_association	715.0	715.0	3.7007033978068966	0.1172161172161172
original_severity	Perineurial	CIAP_minus_CTRL	20	11	4	-0.010046080899177	0.0827838827838827	-0.0181494042691384	-0.0015302015112296	COMPLETED	unadjusted_observational_association	1365.0	1365.0	2.16341617192516	0.5208791208791209	11	4	-0.013889476605963	0.0183150183150183	-0.0205832931876963	-0.0066423169456522	COMPLETED	unadjusted_observational_association	1365.0	1365.0	3.4247252449717096	0.293040293040293
original_severity	Perineurial	VN_minus_CTRL	20	5	4	-0.0290724540270029				DESCRIPTIVE_ONLY	diagnosis_fully_confounded_with_center					5	4	-0.0299001993144645				DESCRIPTIVE_ONLY	diagnosis_fully_confounded_with_center				
original_severity	Schwann	CIDP_minus_CTRL	20	9	4	-0.0198453380978562	0.0209790209790209	-0.0316332206791656	-0.0063495148028085	COMPLETED	unadjusted_observational_association	715.0	715.0	2.832655520110339	0.427972027972028	9	4	-0.0180526440458481	0.0265734265734265	-0.028541706672551	-0.0064401932850909	COMPLETED	unadjusted_observational_association	715.0	715.0	2.8749923868115066	0.3543123543123543
original_severity	Schwann	CIAP_minus_CTRL	20	11	4	-0.0217990268816239	0.0014652014652014	-0.0299442393670593	-0.0141631144653474	COMPLETED	unadjusted_observational_association	1365.0	1365.0	5.02225324518326	0.0703296703296703	11	4	-0.0184195303586902	0.0029304029304029	-0.026309399071793	-0.0110448724567606	COMPLETED	unadjusted_observational_association	1365.0	1365.0	4.323051353181162	0.1172161172161172
original_severity	Schwann	VN_minus_CTRL	20	5	4	-0.0229837553324317				DESCRIPTIVE_ONLY	diagnosis_fully_confounded_with_center					5	4	-0.0200861556795531				DESCRIPTIVE_ONLY	diagnosis_fully_confounded_with_center				
original_severity	Vascular_endothelial	CIDP_minus_CTRL	20	9	4	-0.0166407383087689	0.1146853146853146	-0.0328012175355627	-0.0002283289197003	COMPLETED	unadjusted_observational_association	715.0	715.0	1.8347968754219828	0.5208791208791209	9	4	-0.015011132076958	0.0909090909090909	-0.0284141732477081	-0.0020432500259507	COMPLETED	unadjusted_observational_association	715.0	715.0	2.0583465063452167	0.4411588411588411
original_severity	Vascular_endothelial	CIAP_minus_CTRL	20	11	4	-0.0132099243234066	0.1582417582417582	-0.026778892586835	0.0014942707535532	COMPLETED	unadjusted_observational_association	1365.0	1365.0	1.6474067073353411	0.5647058823529412	11	4	-0.0116885606440175	0.1076923076923077	-0.0230523793290764	-0.0005104153879626	COMPLETED	unadjusted_observational_association	1365.0	1365.0	1.889403948703472	0.4418145956607495
original_severity	Vascular_endothelial	VN_minus_CTRL	20	5	4	-0.029966419699698				DESCRIPTIVE_ONLY	diagnosis_fully_confounded_with_center					5	4	-0.0271313930826091				DESCRIPTIVE_ONLY	diagnosis_fully_confounded_with_center				
original_xenium	Adipocyte	CIDP_minus_CTRL	20	6	2	-0.0468608346936602				NOT_EVALUABLE	fewer_than_four_donors_per_group					6	2	-0.0605927669278758				NOT_EVALUABLE	fewer_than_four_donors_per_group				
original_xenium	Adipocyte	CIAP_minus_CTRL	20	10	2	-0.04217371482563				NOT_EVALUABLE	fewer_than_four_donors_per_group					10	2	-0.0548512674328162				NOT_EVALUABLE	fewer_than_four_donors_per_group				
original_xenium	Adipocyte	VN_minus_CTRL	20	2	2	-0.0230083791331006				NOT_EVALUABLE	fewer_than_four_donors_per_group					2	2	-0.0259533024486278				NOT_EVALUABLE	fewer_than_four_donors_per_group				
original_xenium	Endoneurial	CIDP_minus_CTRL	20	9	4	-0.0005848306331757	0.9818181818181818	-0.0408557000196816	0.0433610554846958	COMPLETED	unadjusted_observational_association	715.0	715.0	0.0242909385080058	0.9929091887133844	9	4	0.0045273931730529	0.8853146853146853	-0.0456392419757087	0.0586283109746117	COMPLETED	unadjusted_observational_association	715.0	715.0	0.1507086436069329	0.9727415441701156
original_xenium	Endoneurial	CIAP_minus_CTRL	20	11	4	-0.0035070171324146	0.8893772893772893	-0.0430626861209556	0.0387014023959321	COMPLETED	unadjusted_observational_association	1365.0	1365.0	0.1443898345417843	0.9702297702297702	11	4	-0.0006238306772466	0.9838827838827838	-0.0492359862726509	0.0511569268514408	COMPLETED	unadjusted_observational_association	1365.0	1365.0	0.020633541604163	0.9916083916083916
original_xenium	Endoneurial	VN_minus_CTRL	20	5	4	0.0155798080149382				DESCRIPTIVE_ONLY	diagnosis_fully_confounded_with_center					5	4	0.0231315387456942				DESCRIPTIVE_ONLY	diagnosis_fully_confounded_with_center				
original_xenium	Epineurial	CIDP_minus_CTRL	20	9	4	-0.0565142481451688	0.0041958041958041	-0.0783008461187283	-0.0353100534677832	COMPLETED	unadjusted_observational_association	715.0	715.0	4.776949405987713	0.151048951048951	9	4	-0.068311924598976	0.0027972027972027	-0.0928729934161131	-0.0440160651055831	COMPLETED	unadjusted_observational_association	715.0	715.0	5.043782166388853	0.1172161172161172
original_xenium	Epineurial	CIAP_minus_CTRL	20	11	4	-0.058503235440396	0.0014652014652014	-0.0772716493531385	-0.0397716333360683	COMPLETED	unadjusted_observational_association	1365.0	1365.0	5.374315204847563	0.0703296703296703	11	4	-0.0710497001961902	0.0014652014652014	-0.0942027290350413	-0.0480241566862858	COMPLETED	unadjusted_observational_association	1365.0	1365.0	5.367322921158003	0.1172161172161172
original_xenium	Epineurial	VN_minus_CTRL	20	5	4	-0.0310322790866928				DESCRIPTIVE_ONLY	diagnosis_fully_confounded_with_center					5	4	-0.0390972706894101				DESCRIPTIVE_ONLY	diagnosis_fully_confounded_with_center				
original_xenium	Granulocyte	CIDP_minus_CTRL	20	0	0					NOT_EVALUABLE	fewer_than_four_donors_per_group					0	0					NOT_EVALUABLE	fewer_than_four_donors_per_group				
original_xenium	Granulocyte	CIAP_minus_CTRL	20	2	0					NOT_EVALUABLE	fewer_than_four_donors_per_group					2	0					NOT_EVALUABLE	fewer_than_four_donors_per_group				
original_xenium	Granulocyte	VN_minus_CTRL	20	0	0					NOT_EVALUABLE	fewer_than_four_donors_per_group					0	0					NOT_EVALUABLE	fewer_than_four_donors_per_group				
original_xenium	Lymphatic_endothelial	CIDP_minus_CTRL	20	6	2	0.0068537258088827				NOT_EVALUABLE	fewer_than_four_donors_per_group					6	2	0.0040096829622591				NOT_EVALUABLE	fewer_than_four_donors_per_group				
original_xenium	Lymphatic_endothelial	CIAP_minus_CTRL	20	8	2	-0.0195227166865158				NOT_EVALUABLE	fewer_than_four_donors_per_group					8	2	-0.0214181486234725				NOT_EVALUABLE	fewer_than_four_donors_per_group				
original_xenium	Lymphatic_endothelial	VN_minus_CTRL	20	0	2					NOT_EVALUABLE	fewer_than_four_donors_per_group					0	2					NOT_EVALUABLE	fewer_than_four_donors_per_group				
original_xenium	Lymphoid	CIDP_minus_CTRL	20	9	4	-0.0484675226426979	0.2769230769230769	-0.1189559710710493	0.0177970034336196	COMPLETED	unadjusted_observational_association	715.0	715.0	1.1991992439775956	0.6227456753772542	9	4	-0.0474119335395648	0.3062937062937063	-0.1231317692122783	0.0234856547653376	COMPLETED	unadjusted_observational_association	715.0	715.0	1.099204590394736	0.6364544546362728
original_xenium	Lymphoid	CIAP_minus_CTRL	20	11	4	-0.0578163370467534	0.1553113553113553	-0.1202208684040678	0.0055358580480863	COMPLETED	unadjusted_observational_association	1365.0	1365.0	1.5594996636973868	0.5647058823529412	11	4	-0.0569176378296571	0.1897435897435897	-0.1235333751786197	0.0102593763960007	COMPLETED	unadjusted_observational_association	1365.0	1365.0	1.433239030064063	0.5416193002399899
original_xenium	Lymphoid	VN_minus_CTRL	20	5	4	-0.0383255136934996				DESCRIPTIVE_ONLY	diagnosis_fully_confounded_with_center					5	4	-0.0365964919656732				DESCRIPTIVE_ONLY	diagnosis_fully_confounded_with_center				
original_xenium	Macrophage	CIDP_minus_CTRL	20	9	4	-0.0930311991545197	0.0895104895104895	-0.1688800936047953	-0.0149688173492355	COMPLETED	unadjusted_observational_association	715.0	715.0	2.021311075470173	0.5208791208791209	9	4	-0.0856147749328053	0.116083916083916	-0.1652506606355319	-0.0060532260243939	COMPLETED	unadjusted_observational_association	715.0	715.0	1.790590768951177	0.4530104042299164
original_xenium	Macrophage	CIAP_minus_CTRL	20	11	4	-0.0626596794691708	0.2	-0.1372542808742472	0.0145004106159525	COMPLETED	unadjusted_observational_association	1365.0	1365.0	1.4318325718154543	0.5647058823529412	11	4	-0.0523413181736423	0.3142857142857143	-0.1318271398163022	0.0254435139921918	COMPLETED	unadjusted_observational_association	1365.0	1365.0	1.1507872997256616	0.6365280289330922
original_xenium	Macrophage	VN_minus_CTRL	20	5	4	-0.0367733087060231				DESCRIPTIVE_ONLY	diagnosis_fully_confounded_with_center					5	4	-0.0268513769035296				DESCRIPTIVE_ONLY	diagnosis_fully_confounded_with_center				
original_xenium	Mast	CIDP_minus_CTRL	20	6	2	-0.0790285954923528				NOT_EVALUABLE	fewer_than_four_donors_per_group					6	2	-0.0857427827329999				NOT_EVALUABLE	fewer_than_four_donors_per_group				
original_xenium	Mast	CIAP_minus_CTRL	20	9	2	-0.0298505147487995				NOT_EVALUABLE	fewer_than_four_donors_per_group					9	2	-0.0332324781267599				NOT_EVALUABLE	fewer_than_four_donors_per_group				
original_xenium	Mast	VN_minus_CTRL	20	0	2					NOT_EVALUABLE	fewer_than_four_donors_per_group					0	2					NOT_EVALUABLE	fewer_than_four_donors_per_group				
original_xenium	Mural	CIDP_minus_CTRL	20	9	4	-0.0144242892620978	0.4363636363636363	-0.0434564436521625	0.0183325328404478	COMPLETED	unadjusted_observational_association	715.0	715.0	0.7950922342730878	0.7946488294314381	9	4	-0.0143146098968988	0.5188811188811189	-0.0490209019162715	0.0237086151768602	COMPLETED	unadjusted_observational_association	715.0	715.0	0.6598745266959676	0.7760141093474426
original_xenium	Mural	CIAP_minus_CTRL	20	11	4	-0.0106667456573557	0.5641025641025641	-0.0388625403606778	0.0220230863591981	COMPLETED	unadjusted_observational_association	1365.0	1365.0	0.6019518324033661	0.8176783216783217	11	4	-0.0098001766498554	0.6608058608058608	-0.0461239280260469	0.0307132932340935	COMPLETED	unadjusted_observational_association	1365.0	1365.0	0.450644804678636	0.8458315018315018
original_xenium	Mural	VN_minus_CTRL	20	5	4	0.0172432678973612				DESCRIPTIVE_ONLY	diagnosis_fully_confounded_with_center					5	4	0.023291172881107				DESCRIPTIVE_ONLY	diagnosis_fully_confounded_with_center				
original_xenium	Perineurial	CIDP_minus_CTRL	20	9	4	-0.0159211904285035	0.1874125874125874	-0.0340505085815524	0.0034600107656169	COMPLETED	unadjusted_observational_association	715.0	715.0	1.472386588527672	0.5647058823529412	9	4	-0.0208659378914758	0.1874125874125874	-0.0444305962754101	0.0036322602813354	COMPLETED	unadjusted_observational_association	715.0	715.0	1.4996875675410883	0.5416193002399899
original_xenium	Perineurial	CIAP_minus_CTRL	20	11	4	-0.0242638295894133	0.1076923076923077	-0.0464612082815683	-0.0030668059713394	COMPLETED	unadjusted_observational_association	1365.0	1365.0	1.9988191201357963	0.5208791208791209	11	4	-0.0326549192043332	0.0813186813186813	-0.0606776314594946	-0.005914450146394	COMPLETED	unadjusted_observational_association	1365.0	1365.0	2.1235084931502715	0.4411588411588411
original_xenium	Perineurial	VN_minus_CTRL	20	5	4	-0.0219412673305869				DESCRIPTIVE_ONLY	diagnosis_fully_confounded_with_center					5	4	-0.0258209118921709				DESCRIPTIVE_ONLY	diagnosis_fully_confounded_with_center				
original_xenium	Schwann	CIDP_minus_CTRL	20	9	4	0.0015787067734556	0.8993006993006993	-0.0220580556215356	0.0245435679832985	COMPLETED	unadjusted_observational_association	715.0	715.0	0.1256786380559852	0.9707069050352632	9	4	0.0003186680392143	0.9832167832167832	-0.0279979292260118	0.0269247900556752	COMPLETED	unadjusted_observational_association	715.0	715.0	0.0213132110536229	0.9916083916083916
original_xenium	Schwann	CIAP_minus_CTRL	20	11	4	0.0194466148098085	0.1142857142857142	0.0005250582769241	0.0388915166703015	COMPLETED	unadjusted_observational_association	1365.0	1365.0	1.7500001288499971	0.5208791208791209	11	4	0.0256240834913142	0.0937728937728937	0.0036360697485568	0.0481627649154257	COMPLETED	unadjusted_observational_association	1365.0	1365.0	1.959334905118776	0.4411588411588411
original_xenium	Schwann	VN_minus_CTRL	20	5	4	0.0431513475412677				DESCRIPTIVE_ONLY	diagnosis_fully_confounded_with_center					5	4	0.0538535665434334				DESCRIPTIVE_ONLY	diagnosis_fully_confounded_with_center				
original_xenium	Vascular_endothelial	CIDP_minus_CTRL	20	9	4	-0.0297007785699961	0.1020979020979021	-0.0613767477723829	-0.001543482580872	COMPLETED	unadjusted_observational_association	715.0	715.0	1.7936694572156051	0.5208791208791209	9	4	-0.0369080605372585	0.1062937062937063	-0.0765135421402266	-0.0013303617105164	COMPLETED	unadjusted_observational_association	715.0	715.0	1.7657010629711003	0.4418145956607495
original_xenium	Vascular_endothelial	CIAP_minus_CTRL	20	11	4	-0.0122137503277229	0.4967032967032967	-0.0421280054209718	0.0156628363161098	COMPLETED	unadjusted_observational_association	1365.0	1365.0	0.7413493844056378	0.7946488294314381	11	4	-0.0145692076322006	0.5194139194139195	-0.0519017606938308	0.019842843741587	COMPLETED	unadjusted_observational_association	1365.0	1365.0	0.705814701617327	0.7760141093474426
original_xenium	Vascular_endothelial	VN_minus_CTRL	20	5	4	0.0064762636973306				DESCRIPTIVE_ONLY	diagnosis_fully_confounded_with_center					5	4	0.00623730637062				DESCRIPTIVE_ONLY	diagnosis_fully_confounded_with_center				
severity_neuron_residual	Adipocyte	CIDP_minus_CTRL	20	6	2	-0.0085384404836264				NOT_EVALUABLE	fewer_than_four_donors_per_group					6	2	-0.0133823598039137				NOT_EVALUABLE	fewer_than_four_donors_per_group				
severity_neuron_residual	Adipocyte	CIAP_minus_CTRL	20	10	2	-0.0035924649026279				NOT_EVALUABLE	fewer_than_four_donors_per_group					10	2	-0.0060964536879709				NOT_EVALUABLE	fewer_than_four_donors_per_group				
severity_neuron_residual	Adipocyte	VN_minus_CTRL	20	2	2	-0.0050378518994073				NOT_EVALUABLE	fewer_than_four_donors_per_group					2	2	-0.0097359455773924				NOT_EVALUABLE	fewer_than_four_donors_per_group				
severity_neuron_residual	Endoneurial	CIDP_minus_CTRL	20	9	4	-0.0211027841408892	0.1412587412587412	-0.0438777968865895	0.0016370613451398	COMPLETED	unadjusted_observational_association	715.0	715.0	1.6297164023627615	0.5502821502821503	9	4	-0.0181553386064328	0.1916083916083916	-0.0398800386981296	0.0042006057941967	COMPLETED	unadjusted_observational_association	715.0	715.0	1.4390970187676355	0.5416193002399899
severity_neuron_residual	Endoneurial	CIAP_minus_CTRL	20	11	4	-0.0133631202683503	0.304029304029304	-0.0341016715619603	0.0080665714433308	COMPLETED	unadjusted_observational_association	1365.0	1365.0	1.0987477881833865	0.6227456753772542	11	4	-0.0084176951808599	0.5238095238095238	-0.029763281359715	0.0143048951937124	COMPLETED	unadjusted_observational_association	1365.0	1365.0	0.6623395039808287	0.7760141093474426
severity_neuron_residual	Endoneurial	VN_minus_CTRL	20	5	4	-0.0161973206297535				DESCRIPTIVE_ONLY	diagnosis_fully_confounded_with_center					5	4	-0.0122005597729484				DESCRIPTIVE_ONLY	diagnosis_fully_confounded_with_center				
severity_neuron_residual	Epineurial	CIDP_minus_CTRL	20	9	4	-0.0181676558153107	0.3020979020979021	-0.04376048990319	0.0109777111093821	COMPLETED	unadjusted_observational_association	715.0	715.0	1.148849864999001	0.6227456753772542	9	4	-0.0176173354870982	0.2853146853146853	-0.0420320334405351	0.0092757782823703	COMPLETED	unadjusted_observational_association	715.0	715.0	1.168816632833251	0.6349206349206349
severity_neuron_residual	Epineurial	CIAP_minus_CTRL	20	11	4	-0.0287816106941916	0.06007326007326	-0.0509574828047799	-0.0064978180678321	COMPLETED	unadjusted_observational_association	1365.0	1365.0	2.171157903212733	0.5208791208791209	11	4	-0.0268686439769513	0.0666666666666666	-0.0481388838653981	-0.0049138757175412	COMPLETED	unadjusted_observational_association	1365.0	1365.0	2.087004966031372	0.4411588411588411
severity_neuron_residual	Epineurial	VN_minus_CTRL	20	5	4	-0.0374838454156114				DESCRIPTIVE_ONLY	diagnosis_fully_confounded_with_center					5	4	-0.0307032548659838				DESCRIPTIVE_ONLY	diagnosis_fully_confounded_with_center				
severity_neuron_residual	Granulocyte	CIDP_minus_CTRL	20	0	0					NOT_EVALUABLE	fewer_than_four_donors_per_group					0	0					NOT_EVALUABLE	fewer_than_four_donors_per_group				
severity_neuron_residual	Granulocyte	CIAP_minus_CTRL	20	2	0					NOT_EVALUABLE	fewer_than_four_donors_per_group					2	0					NOT_EVALUABLE	fewer_than_four_donors_per_group				
severity_neuron_residual	Granulocyte	VN_minus_CTRL	20	0	0					NOT_EVALUABLE	fewer_than_four_donors_per_group					0	0					NOT_EVALUABLE	fewer_than_four_donors_per_group				
severity_neuron_residual	Lymphatic_endothelial	CIDP_minus_CTRL	20	6	2	-0.0397955861250605				NOT_EVALUABLE	fewer_than_four_donors_per_group					6	2	-0.0320726864918228				NOT_EVALUABLE	fewer_than_four_donors_per_group				
severity_neuron_residual	Lymphatic_endothelial	CIAP_minus_CTRL	20	8	2	-0.0397655744445159				NOT_EVALUABLE	fewer_than_four_donors_per_group					8	2	-0.0384034575134482				NOT_EVALUABLE	fewer_than_four_donors_per_group				
severity_neuron_residual	Lymphatic_endothelial	VN_minus_CTRL	20	0	2					NOT_EVALUABLE	fewer_than_four_donors_per_group					0	2					NOT_EVALUABLE	fewer_than_four_donors_per_group				
severity_neuron_residual	Lymphoid	CIDP_minus_CTRL	20	9	4	0.000993820522937	0.9622377622377624	-0.0423455047691077	0.0365813822676294	COMPLETED	unadjusted_observational_association	715.0	715.0	0.0435811445554979	0.9929091887133844	9	4	-0.0039474486759858	0.8461538461538461	-0.0447599667953904	0.0307881599575576	COMPLETED	unadjusted_observational_association	715.0	715.0	0.1808480236690001	0.9727415441701156
severity_neuron_residual	Lymphoid	CIAP_minus_CTRL	20	11	4	-0.0040835978249604	0.8688644688644689	-0.0418217285139535	0.0242750497943546	COMPLETED	unadjusted_observational_association	1365.0	1365.0	0.1993195873731831	0.9655565808237564	11	4	-0.0108768969847086	0.608058608058608	-0.0451565127513195	0.0169620224804707	COMPLETED	unadjusted_observational_association	1365.0	1365.0	0.5703034970607516	0.8315331392254469
severity_neuron_residual	Lymphoid	VN_minus_CTRL	20	5	4	0.0071299098623856				DESCRIPTIVE_ONLY	diagnosis_fully_confounded_with_center					5	4	0.0007928290170638				DESCRIPTIVE_ONLY	diagnosis_fully_confounded_with_center				
severity_neuron_residual	Macrophage	CIDP_minus_CTRL	20	9	4	-0.0095457465126509	0.627972027972028	-0.045252390822381	0.0220417096514027	COMPLETED	unadjusted_observational_association	715.0	715.0	0.5011267832930345	0.8530940757355852	9	4	-0.0181573633433734	0.3818181818181818	-0.0548538864925394	0.0152684225136253	COMPLETED	unadjusted_observational_association	715.0	715.0	0.9228419779014362	0.7103594080338267
severity_neuron_residual	Macrophage	CIAP_minus_CTRL	20	11	4	-0.013769133301638	0.4659340659340659	-0.0447025450882848	0.0103260573574374	COMPLETED	unadjusted_observational_association	1365.0	1365.0	0.8205606197857981	0.7946488294314381	11	4	-0.0215663814513451	0.2512820512820513	-0.0538738734524251	0.0029292781447937	COMPLETED	unadjusted_observational_association	1365.0	1365.0	1.2474014620848504	0.6000765403750478
severity_neuron_residual	Macrophage	VN_minus_CTRL	20	5	4	-0.0099991053208882				DESCRIPTIVE_ONLY	diagnosis_fully_confounded_with_center					5	4	-0.0148824780623794				DESCRIPTIVE_ONLY	diagnosis_fully_confounded_with_center				
severity_neuron_residual	Mast	CIDP_minus_CTRL	20	6	2	-0.0318318428139677				NOT_EVALUABLE	fewer_than_four_donors_per_group					6	2	-0.0427180333125188				NOT_EVALUABLE	fewer_than_four_donors_per_group				
severity_neuron_residual	Mast	CIAP_minus_CTRL	20	9	2	-0.0391427392082746				NOT_EVALUABLE	fewer_than_four_donors_per_group					9	2	-0.046661185358039				NOT_EVALUABLE	fewer_than_four_donors_per_group				
severity_neuron_residual	Mast	VN_minus_CTRL	20	0	2					NOT_EVALUABLE	fewer_than_four_donors_per_group					0	2					NOT_EVALUABLE	fewer_than_four_donors_per_group				
severity_neuron_residual	Mural	CIDP_minus_CTRL	20	9	4	-0.0020661412675321	0.8755244755244755	-0.0253530316244619	0.0189950488440704	COMPLETED	unadjusted_observational_association	715.0	715.0	0.1642079051518664	0.9655565808237564	9	4	-0.0020902235866246	0.8783216783216783	-0.0253076920213502	0.0183094775649274	COMPLETED	unadjusted_observational_association	715.0	715.0	0.1702780908816236	0.9727415441701156
severity_neuron_residual	Mural	CIAP_minus_CTRL	20	11	4	-0.0010930656796888	0.9216117216117216	-0.0199872219384288	0.0144536442221223	COMPLETED	unadjusted_observational_association	1365.0	1365.0	0.1070577519711059	0.9773755656108598	11	4	-0.0019228143802484	0.8608058608058609	-0.0208392112003505	0.0125992587114518	COMPLETED	unadjusted_observational_association	1365.0	1365.0	0.1896876618167045	0.9727415441701156
severity_neuron_residual	Mural	VN_minus_CTRL	20	5	4	-0.0296945506748849				DESCRIPTIVE_ONLY	diagnosis_fully_confounded_with_center					5	4	-0.0236843103028726				DESCRIPTIVE_ONLY	diagnosis_fully_confounded_with_center				
severity_neuron_residual	Perineurial	CIDP_minus_CTRL	20	9	4	-0.0176451749910584	0.0209790209790209	-0.0296239105661364	-0.0062073502594661	COMPLETED	unadjusted_observational_association	715.0	715.0	2.569234520412386	0.427972027972028	9	4	-0.0191208530511723	0.0111888111888111	-0.0298267547528682	-0.0083643493042033	COMPLETED	unadjusted_observational_association	715.0	715.0	3.094943096813681	0.2237762237762237
severity_neuron_residual	Perineurial	CIAP_minus_CTRL	20	11	4	-0.0100481578383531	0.0952380952380952	-0.0174871177717027	-0.0019527402588341	COMPLETED	unadjusted_observational_association	1365.0	1365.0	2.2246823328194543	0.5208791208791209	11	4	-0.011396095744842	0.0461538461538461	-0.0184241062723659	-0.0035424285530798	COMPLETED	unadjusted_observational_association	1365.0	1365.0	2.623874311436276	0.3886639676113361
severity_neuron_residual	Perineurial	VN_minus_CTRL	20	5	4	-0.0326114675016794				DESCRIPTIVE_ONLY	diagnosis_fully_confounded_with_center					5	4	-0.0324908431278251				DESCRIPTIVE_ONLY	diagnosis_fully_confounded_with_center				
severity_neuron_residual	Schwann	CIDP_minus_CTRL	20	9	4	-0.0232387141065505	0.0237762237762237	-0.0365307235595739	-0.0085816887074058	COMPLETED	unadjusted_observational_association	715.0	715.0	2.9345963862062936	0.427972027972028	9	4	-0.0208935980160875	0.0363636363636363	-0.033358490689109	-0.006497669176971	COMPLETED	unadjusted_observational_association	715.0	715.0	2.749198183304868	0.3636363636363636
severity_neuron_residual	Schwann	CIAP_minus_CTRL	20	11	4	-0.0256025748287926	0.0014652014652014	-0.0354159972225245	-0.0155197178929743	COMPLETED	unadjusted_observational_association	1365.0	1365.0	4.413087542944852	0.0703296703296703	11	4	-0.0219539369506578	0.0073260073260073	-0.0319492875823231	-0.0119679016725477	COMPLETED	unadjusted_observational_association	1365.0	1365.0	3.757864475390591	0.1953601953601953
severity_neuron_residual	Schwann	VN_minus_CTRL	20	5	4	-0.028371630817326				DESCRIPTIVE_ONLY	diagnosis_fully_confounded_with_center					5	4	-0.0249509787507015				DESCRIPTIVE_ONLY	diagnosis_fully_confounded_with_center				
severity_neuron_residual	Vascular_endothelial	CIDP_minus_CTRL	20	9	4	-0.0170457240628668	0.123076923076923	-0.0337372396915553	-0.0006263605877247	COMPLETED	unadjusted_observational_association	715.0	715.0	1.776597968755854	0.5370629370629371	9	4	-0.0150219116653075	0.1328671328671328	-0.0303276318388986	6.036665329421671e-05	COMPLETED	unadjusted_observational_association	715.0	715.0	1.7249651249865192	0.4615384615384615
severity_neuron_residual	Vascular_endothelial	CIAP_minus_CTRL	20	11	4	-0.0170718393359665	0.0688644688644688	-0.0299675543703185	-0.0036231800065861	COMPLETED	unadjusted_observational_association	1365.0	1365.0	2.223212921933389	0.5208791208791209	11	4	-0.0156689740338443	0.0461538461538461	-0.0269241596894451	-0.0043473644298322	COMPLETED	unadjusted_observational_association	1365.0	1365.0	2.4251527910811914	0.3886639676113361
severity_neuron_residual	Vascular_endothelial	VN_minus_CTRL	20	5	4	-0.0352259297189985				DESCRIPTIVE_ONLY	diagnosis_fully_confounded_with_center					5	4	-0.0330814705331144				DESCRIPTIVE_ONLY	diagnosis_fully_confounded_with_center				
severity_neuron_shared_concordant_core	Adipocyte	CIDP_minus_CTRL	20	0	0					NOT_EVALUABLE	fewer_than_four_donors_per_group					6	2	-0.0044665549983649				NOT_EVALUABLE	fewer_than_four_donors_per_group				
severity_neuron_shared_concordant_core	Adipocyte	CIAP_minus_CTRL	20	0	0					NOT_EVALUABLE	fewer_than_four_donors_per_group					10	2	-0.0311207263778226				NOT_EVALUABLE	fewer_than_four_donors_per_group				
severity_neuron_shared_concordant_core	Adipocyte	VN_minus_CTRL	20	0	0					NOT_EVALUABLE	fewer_than_four_donors_per_group					2	2	0.0035136124645422				NOT_EVALUABLE	fewer_than_four_donors_per_group				
severity_neuron_shared_concordant_core	Endoneurial	CIDP_minus_CTRL	20	0	0					NOT_EVALUABLE	fewer_than_four_donors_per_group					9	4	-0.0017250937409684	0.8727272727272727	-0.0227969644775044	0.0198219346041899	COMPLETED	unadjusted_observational_association	715.0	715.0	0.1438877314924296	0.9727415441701156
severity_neuron_shared_concordant_core	Endoneurial	CIAP_minus_CTRL	20	0	0					NOT_EVALUABLE	fewer_than_four_donors_per_group					11	4	-0.0048835557025654	0.6432234432234433	-0.023150359811878	0.0137068262972603	COMPLETED	unadjusted_observational_association	1365.0	1365.0	0.464186866220846	0.8458315018315018
severity_neuron_shared_concordant_core	Endoneurial	VN_minus_CTRL	20	0	0					NOT_EVALUABLE	fewer_than_four_donors_per_group					5	4	-0.0118918695728756				DESCRIPTIVE_ONLY	diagnosis_fully_confounded_with_center				
severity_neuron_shared_concordant_core	Epineurial	CIDP_minus_CTRL	20	0	0					NOT_EVALUABLE	fewer_than_four_donors_per_group					9	4	-0.0062783529121098	0.6461538461538462	-0.0318830292312408	0.0147575045647338	COMPLETED	unadjusted_observational_association	715.0	715.0	0.4849463252356454	0.8458315018315018
severity_neuron_shared_concordant_core	Epineurial	CIAP_minus_CTRL	20	0	0					NOT_EVALUABLE	fewer_than_four_donors_per_group					11	4	-0.0184947019557537	0.1728937728937729	-0.0412309902866936	-0.000220874876356	COMPLETED	unadjusted_observational_association	1365.0	1365.0	1.543381480914083	0.5416193002399899
severity_neuron_shared_concordant_core	Epineurial	VN_minus_CTRL	20	0	0					NOT_EVALUABLE	fewer_than_four_donors_per_group					5	4	-0.0147227542764239				DESCRIPTIVE_ONLY	diagnosis_fully_confounded_with_center				
severity_neuron_shared_concordant_core	Granulocyte	CIDP_minus_CTRL	20	0	0					NOT_EVALUABLE	fewer_than_four_donors_per_group					0	0					NOT_EVALUABLE	fewer_than_four_donors_per_group				
severity_neuron_shared_concordant_core	Granulocyte	CIAP_minus_CTRL	20	0	0					NOT_EVALUABLE	fewer_than_four_donors_per_group					2	0					NOT_EVALUABLE	fewer_than_four_donors_per_group				
severity_neuron_shared_concordant_core	Granulocyte	VN_minus_CTRL	20	0	0					NOT_EVALUABLE	fewer_than_four_donors_per_group					0	0					NOT_EVALUABLE	fewer_than_four_donors_per_group				
severity_neuron_shared_concordant_core	Lymphatic_endothelial	CIDP_minus_CTRL	20	0	0					NOT_EVALUABLE	fewer_than_four_donors_per_group					6	2	0.0194521654953998				NOT_EVALUABLE	fewer_than_four_donors_per_group				
severity_neuron_shared_concordant_core	Lymphatic_endothelial	CIAP_minus_CTRL	20	0	0					NOT_EVALUABLE	fewer_than_four_donors_per_group					8	2	0.0157139080259448				NOT_EVALUABLE	fewer_than_four_donors_per_group				
severity_neuron_shared_concordant_core	Lymphatic_endothelial	VN_minus_CTRL	20	0	0					NOT_EVALUABLE	fewer_than_four_donors_per_group					0	2					NOT_EVALUABLE	fewer_than_four_donors_per_group				
severity_neuron_shared_concordant_core	Lymphoid	CIDP_minus_CTRL	20	0	0					NOT_EVALUABLE	fewer_than_four_donors_per_group					9	4	0.0002066679326086	0.9916083916083916	-0.0324041221088949	0.0321150000491282	COMPLETED	unadjusted_observational_association	715.0	715.0	0.0108811508025251	0.9916083916083916
severity_neuron_shared_concordant_core	Lymphoid	CIAP_minus_CTRL	20	0	0					NOT_EVALUABLE	fewer_than_four_donors_per_group					11	4	0.0027106716690097	0.8761904761904762	-0.0262223944655183	0.0298258947396883	COMPLETED	unadjusted_observational_association	1365.0	1365.0	0.1649612101134099	0.9727415441701156
severity_neuron_shared_concordant_core	Lymphoid	VN_minus_CTRL	20	0	0					NOT_EVALUABLE	fewer_than_four_donors_per_group					5	4	0.0187104435241895				DESCRIPTIVE_ONLY	diagnosis_fully_confounded_with_center				
severity_neuron_shared_concordant_core	Macrophage	CIDP_minus_CTRL	20	0	0					NOT_EVALUABLE	fewer_than_four_donors_per_group					9	4	0.0193167240149998	0.3706293706293706	-0.0128550242707823	0.0502025981014094	COMPLETED	unadjusted_observational_association	715.0	715.0	1.0184600276435598	0.7103594080338267
severity_neuron_shared_concordant_core	Macrophage	CIAP_minus_CTRL	20	0	0					NOT_EVALUABLE	fewer_than_four_donors_per_group					11	4	0.0273572496192458	0.2043956043956044	-0.0068597797723453	0.0580353879772049	COMPLETED	unadjusted_observational_association	1365.0	1365.0	1.4237001481321312	0.551981351981352
severity_neuron_shared_concordant_core	Macrophage	VN_minus_CTRL	20	0	0					NOT_EVALUABLE	fewer_than_four_donors_per_group					5	4	0.0264126092544511				DESCRIPTIVE_ONLY	diagnosis_fully_confounded_with_center				
severity_neuron_shared_concordant_core	Mast	CIDP_minus_CTRL	20	0	0					NOT_EVALUABLE	fewer_than_four_donors_per_group					6	2	0.0070841660044916				NOT_EVALUABLE	fewer_than_four_donors_per_group				
severity_neuron_shared_concordant_core	Mast	CIAP_minus_CTRL	20	0	0					NOT_EVALUABLE	fewer_than_four_donors_per_group					9	2	-0.0208078415031703				NOT_EVALUABLE	fewer_than_four_donors_per_group				
severity_neuron_shared_concordant_core	Mast	VN_minus_CTRL	20	0	0					NOT_EVALUABLE	fewer_than_four_donors_per_group					0	2					NOT_EVALUABLE	fewer_than_four_donors_per_group				
severity_neuron_shared_concordant_core	Mural	CIDP_minus_CTRL	20	0	0					NOT_EVALUABLE	fewer_than_four_donors_per_group					9	4	-0.0177058163515914	0.1048951048951049	-0.0338066142762784	-0.001622186214834	COMPLETED	unadjusted_observational_association	715.0	715.0	1.9560998429517915	0.4418145956607495
severity_neuron_shared_concordant_core	Mural	CIAP_minus_CTRL	20	0	0					NOT_EVALUABLE	fewer_than_four_donors_per_group					11	4	-0.0156411708176579	0.1318681318681318	-0.0312121017060718	0.0010843212599911	COMPLETED	unadjusted_observational_association	1365.0	1365.0	1.6979581106764696	0.4615384615384615
severity_neuron_shared_concordant_core	Mural	VN_minus_CTRL	20	0	0					NOT_EVALUABLE	fewer_than_four_donors_per_group					5	4	-0.0167368869020613				DESCRIPTIVE_ONLY	diagnosis_fully_confounded_with_center				
severity_neuron_shared_concordant_core	Perineurial	CIDP_minus_CTRL	20	0	0					NOT_EVALUABLE	fewer_than_four_donors_per_group					9	4	-0.0166553159966828	0.0755244755244755	-0.0320533012700167	-0.0030763509038864	COMPLETED	unadjusted_observational_association	715.0	715.0	2.013295046154276	0.4411588411588411
severity_neuron_shared_concordant_core	Perineurial	CIAP_minus_CTRL	20	0	0					NOT_EVALUABLE	fewer_than_four_donors_per_group					11	4	-0.0235391653792673	0.0087912087912087	-0.0364431950384642	-0.0118598044982291	COMPLETED	unadjusted_observational_association	1365.0	1365.0	3.312291748833521	0.2009419152276295
severity_neuron_shared_concordant_core	Perineurial	VN_minus_CTRL	20	0	0					NOT_EVALUABLE	fewer_than_four_donors_per_group					5	4	-0.0093973262732547				DESCRIPTIVE_ONLY	diagnosis_fully_confounded_with_center				
severity_neuron_shared_concordant_core	Schwann	CIDP_minus_CTRL	20	0	0					NOT_EVALUABLE	fewer_than_four_donors_per_group					9	4	-0.0053625031722533	0.544055944055944	-0.0204622012422019	0.009078980483622	COMPLETED	unadjusted_observational_association	715.0	715.0	0.6513036198996328	0.7842247842247843
severity_neuron_shared_concordant_core	Schwann	CIAP_minus_CTRL	20	0	0					NOT_EVALUABLE	fewer_than_four_donors_per_group					11	4	-0.0015988206459729	0.8695970695970696	-0.0173498987545318	0.0146170362294902	COMPLETED	unadjusted_observational_association	1365.0	1365.0	0.1816570728099358	0.9727415441701156
severity_neuron_shared_concordant_core	Schwann	VN_minus_CTRL	20	0	0					NOT_EVALUABLE	fewer_than_four_donors_per_group					5	4	-0.0022035137460037				DESCRIPTIVE_ONLY	diagnosis_fully_confounded_with_center				
severity_neuron_shared_concordant_core	Vascular_endothelial	CIDP_minus_CTRL	20	0	0					NOT_EVALUABLE	fewer_than_four_donors_per_group					9	4	-0.0177192915986389	0.0965034965034965	-0.0338111330501134	-0.0016457641467563	COMPLETED	unadjusted_observational_association	715.0	715.0	1.9380683853350351	0.4411588411588411
severity_neuron_shared_concordant_core	Vascular_endothelial	CIAP_minus_CTRL	20	0	0					NOT_EVALUABLE	fewer_than_four_donors_per_group					11	4	0.0036441130160565	0.73992673992674	-0.0163938057958614	0.0233076551786368	COMPLETED	unadjusted_observational_association	1365.0	1365.0	0.3336644040153653	0.9037273159410564
severity_neuron_shared_concordant_core	Vascular_endothelial	VN_minus_CTRL	20	0	0					NOT_EVALUABLE	fewer_than_four_donors_per_group					5	4	-0.0004322391660623				DESCRIPTIVE_ONLY	diagnosis_fully_confounded_with_center				
