module_id	gene_id	symbol	direction	source_contrast
late_allcell_residual	100	ADA	up	late_allcell_DPN_vs_diabetes
late_allcell_residual	1000	CDH2	down	late_allcell_DPN_vs_diabetes
late_allcell_residual	100037417	DDTL	up	late_allcell_DPN_vs_diabetes
late_allcell_residual	10009	ZBTB33	down	late_allcell_DPN_vs_diabetes
late_allcell_residual	100101267	POM121C	down	late_allcell_DPN_vs_diabetes
late_allcell_residual	100125288	ZGLP1	up	late_allcell_DPN_vs_diabetes
late_allcell_residual	100127983	C8orf88	up	late_allcell_DPN_vs_diabetes
late_allcell_residual	100128327	TRAPPC3L	down	late_allcell_DPN_vs_diabetes
late_allcell_residual	100128731	OST4	up	late_allcell_DPN_vs_diabetes
late_allcell_residual	100128908	CIROP	down	late_allcell_DPN_vs_diabetes
late_allcell_residual	100128927	ZBTB42	up	late_allcell_DPN_vs_diabetes
late_allcell_residual	100129250	TZMP1	down	late_allcell_DPN_vs_diabetes
late_allcell_residual	100129361	SMIM10L1	down	late_allcell_DPN_vs_diabetes
late_allcell_residual	100130311	C17orf107	up	late_allcell_DPN_vs_diabetes
late_allcell_residual	100131378	C11orf91	up	late_allcell_DPN_vs_diabetes
late_allcell_residual	100133315	XNDC1N	up	late_allcell_DPN_vs_diabetes
late_allcell_residual	100134444	KCNJ18	up	late_allcell_DPN_vs_diabetes
late_allcell_residual	100170229	SRRM5	up	late_allcell_DPN_vs_diabetes
late_allcell_residual	10019	SH2B3	up	late_allcell_DPN_vs_diabetes
late_allcell_residual	1002	CDH4	down	late_allcell_DPN_vs_diabetes
late_allcell_residual	10026	PIGK	down	late_allcell_DPN_vs_diabetes
late_allcell_residual	100271849	MEF2B	up	late_allcell_DPN_vs_diabetes
late_allcell_residual	100287482	SMKR1	down	late_allcell_DPN_vs_diabetes
late_allcell_residual	100289255	TMEM238L	down	late_allcell_DPN_vs_diabetes
late_allcell_residual	100289678	ZNF783	up	late_allcell_DPN_vs_diabetes
late_allcell_residual	10036	CHAF1A	up	late_allcell_DPN_vs_diabetes
late_allcell_residual	10038	PARP2	down	late_allcell_DPN_vs_diabetes
late_allcell_residual	10039	PARP3	up	late_allcell_DPN_vs_diabetes
late_allcell_residual	10044	SH2D3C	up	late_allcell_DPN_vs_diabetes
late_allcell_residual	1005	CDH7	down	late_allcell_DPN_vs_diabetes
late_allcell_residual	100506127	GVQW3	up	late_allcell_DPN_vs_diabetes
late_allcell_residual	100507050	TPBGL	down	late_allcell_DPN_vs_diabetes
late_allcell_residual	100507588	TGFBR3L	down	late_allcell_DPN_vs_diabetes
late_allcell_residual	10051	SMC4	down	late_allcell_DPN_vs_diabetes
late_allcell_residual	10052	GJC1	up	late_allcell_DPN_vs_diabetes
late_allcell_residual	10057	ABCC5	up	late_allcell_DPN_vs_diabetes
late_allcell_residual	1006	CDH8	down	late_allcell_DPN_vs_diabetes
late_allcell_residual	10062	NR1H3	up	late_allcell_DPN_vs_diabetes
late_allcell_residual	100653515	CEP295NL	up	late_allcell_DPN_vs_diabetes
late_allcell_residual	1007	CDH9	up	late_allcell_DPN_vs_diabetes
late_allcell_residual	1008	CDH10	down	late_allcell_DPN_vs_diabetes
late_allcell_residual	10082	GPC6	down	late_allcell_DPN_vs_diabetes
late_allcell_residual	1009	CDH11	down	late_allcell_DPN_vs_diabetes
late_allcell_residual	10092	ARPC5	down	late_allcell_DPN_vs_diabetes
late_allcell_residual	10098	TSPAN5	down	late_allcell_DPN_vs_diabetes
late_allcell_residual	10110	SGK2	up	late_allcell_DPN_vs_diabetes
late_allcell_residual	10124	ARL4A	down	late_allcell_DPN_vs_diabetes
late_allcell_residual	10140	TOB1	down	late_allcell_DPN_vs_diabetes
late_allcell_residual	10159	ATP6AP2	down	late_allcell_DPN_vs_diabetes
late_allcell_residual	1016	CDH18	down	late_allcell_DPN_vs_diabetes
late_allcell_residual	10160	FARP1	up	late_allcell_DPN_vs_diabetes
late_allcell_residual	10161	LPAR6	down	late_allcell_DPN_vs_diabetes
late_allcell_residual	10174	SORBS3	up	late_allcell_DPN_vs_diabetes
late_allcell_residual	10175	CNIH1	down	late_allcell_DPN_vs_diabetes
late_allcell_residual	10178	TENM1	down	late_allcell_DPN_vs_diabetes
late_allcell_residual	1018	CDK3	up	late_allcell_DPN_vs_diabetes
late_allcell_residual	10190	TXNDC9	up	late_allcell_DPN_vs_diabetes
late_allcell_residual	10205	MPZL2	up	late_allcell_DPN_vs_diabetes
late_allcell_residual	10206	TRIM13	down	late_allcell_DPN_vs_diabetes
late_allcell_residual	10210	TOPORS	down	late_allcell_DPN_vs_diabetes
late_allcell_residual	10212	DDX39A	up	late_allcell_DPN_vs_diabetes
late_allcell_residual	102157402	AK6	down	late_allcell_DPN_vs_diabetes
late_allcell_residual	10235	RASGRP2	up	late_allcell_DPN_vs_diabetes
late_allcell_residual	10242	KCNMB2	down	late_allcell_DPN_vs_diabetes
late_allcell_residual	10256	CNKSR1	up	late_allcell_DPN_vs_diabetes
late_allcell_residual	10267	RAMP1	up	late_allcell_DPN_vs_diabetes
late_allcell_residual	10269	ZMPSTE24	down	late_allcell_DPN_vs_diabetes
late_allcell_residual	10284	SAP18	down	late_allcell_DPN_vs_diabetes
late_allcell_residual	10288	LILRB2	up	late_allcell_DPN_vs_diabetes
late_allcell_residual	10290	SPEG	up	late_allcell_DPN_vs_diabetes
late_allcell_residual	10293	TRAIP	up	late_allcell_DPN_vs_diabetes
late_allcell_residual	1030	CDKN2B	up	late_allcell_DPN_vs_diabetes
late_allcell_residual	10302	SNAPC5	down	late_allcell_DPN_vs_diabetes
late_allcell_residual	10307	APBB3	up	late_allcell_DPN_vs_diabetes
late_allcell_residual	10313	RTN3	down	late_allcell_DPN_vs_diabetes
late_allcell_residual	10317	B3GALT5	down	late_allcell_DPN_vs_diabetes
late_allcell_residual	1032	CDKN2D	down	late_allcell_DPN_vs_diabetes
late_allcell_residual	1033	CDKN3	down	late_allcell_DPN_vs_diabetes
late_allcell_residual	10333	TLR6	down	late_allcell_DPN_vs_diabetes
late_allcell_residual	10335	IRAG1	up	late_allcell_DPN_vs_diabetes
late_allcell_residual	10345	TRDN	down	late_allcell_DPN_vs_diabetes
late_allcell_residual	10362	HMG20B	up	late_allcell_DPN_vs_diabetes
late_allcell_residual	10368	CACNG3	down	late_allcell_DPN_vs_diabetes
late_allcell_residual	10369	CACNG2	down	late_allcell_DPN_vs_diabetes
late_allcell_residual	10370	CITED2	down	late_allcell_DPN_vs_diabetes
late_allcell_residual	10383	TUBB4B	down	late_allcell_DPN_vs_diabetes
late_allcell_residual	10385	BTN2A2	up	late_allcell_DPN_vs_diabetes
late_allcell_residual	10391	CORO2B	down	late_allcell_DPN_vs_diabetes
late_allcell_residual	10392	NOD1	up	late_allcell_DPN_vs_diabetes
late_allcell_residual	10393	ANAPC10	down	late_allcell_DPN_vs_diabetes
late_allcell_residual	1040	CDS1	down	late_allcell_DPN_vs_diabetes
late_allcell_residual	10406	WFDC2	down	late_allcell_DPN_vs_diabetes
late_allcell_residual	10411	RAPGEF3	up	late_allcell_DPN_vs_diabetes
late_allcell_residual	10412	NSA2	down	late_allcell_DPN_vs_diabetes
late_allcell_residual	10417	SPON2	up	late_allcell_DPN_vs_diabetes
late_allcell_residual	10418	SPON1	down	late_allcell_DPN_vs_diabetes
late_allcell_residual	10427	SEC24B	down	late_allcell_DPN_vs_diabetes
late_allcell_residual	10432	RBM14	up	late_allcell_DPN_vs_diabetes
late_allcell_residual	10447	FAM3C	down	late_allcell_DPN_vs_diabetes
late_allcell_residual	10450	PPIE	up	late_allcell_DPN_vs_diabetes
late_allcell_residual	10457	GPNMB	up	late_allcell_DPN_vs_diabetes
late_allcell_residual	10462	CLEC10A	up	late_allcell_DPN_vs_diabetes
late_allcell_residual	10469	TIMM44	up	late_allcell_DPN_vs_diabetes
late_allcell_residual	1047	CLGN	down	late_allcell_DPN_vs_diabetes
late_allcell_residual	10476	ATP5PD	down	late_allcell_DPN_vs_diabetes
late_allcell_residual	10477	UBE2E3	down	late_allcell_DPN_vs_diabetes
late_allcell_residual	10479	SLC9A6	down	late_allcell_DPN_vs_diabetes
late_allcell_residual	10480	EIF3M	down	late_allcell_DPN_vs_diabetes
late_allcell_residual	10485	MIR9-1HG	down	late_allcell_DPN_vs_diabetes
late_allcell_residual	10487	CAP1	down	late_allcell_DPN_vs_diabetes
late_allcell_residual	10492	SYNCRIP	up	late_allcell_DPN_vs_diabetes
late_allcell_residual	10494	STK25	up	late_allcell_DPN_vs_diabetes
late_allcell_residual	1050	CEBPA	up	late_allcell_DPN_vs_diabetes
late_allcell_residual	10500	SEMA6C	up	late_allcell_DPN_vs_diabetes
late_allcell_residual	10513	APPBP2	down	late_allcell_DPN_vs_diabetes
late_allcell_residual	10514	MYBBP1A	up	late_allcell_DPN_vs_diabetes
late_allcell_residual	10529	NEBL	down	late_allcell_DPN_vs_diabetes
late_allcell_residual	10537	UBD	down	late_allcell_DPN_vs_diabetes
late_allcell_residual	105372481	ERVK3-1	down	late_allcell_DPN_vs_diabetes
late_allcell_residual	105378803	LRRC53	down	late_allcell_DPN_vs_diabetes
late_allcell_residual	10541	ANP32B	down	late_allcell_DPN_vs_diabetes
late_allcell_residual	10550	ARL6IP5	down	late_allcell_DPN_vs_diabetes
late_allcell_residual	10552	ARPC1A	down	late_allcell_DPN_vs_diabetes
late_allcell_residual	1056	CEL	up	late_allcell_DPN_vs_diabetes
late_allcell_residual	10560	SLC19A2	down	late_allcell_DPN_vs_diabetes
late_allcell_residual	10561	IFI44	down	late_allcell_DPN_vs_diabetes
late_allcell_residual	10563	CXCL13	down	late_allcell_DPN_vs_diabetes
late_allcell_residual	10576	CCT2	down	late_allcell_DPN_vs_diabetes
late_allcell_residual	10577	NPC2	down	late_allcell_DPN_vs_diabetes
late_allcell_residual	10587	TXNRD2	up	late_allcell_DPN_vs_diabetes
late_allcell_residual	10588	MTHFS	up	late_allcell_DPN_vs_diabetes
late_allcell_residual	10590	SCGN	down	late_allcell_DPN_vs_diabetes
late_allcell_residual	10605	PAIP1	down	late_allcell_DPN_vs_diabetes
late_allcell_residual	10606	PAICS	down	late_allcell_DPN_vs_diabetes
late_allcell_residual	10612	TRIM3	up	late_allcell_DPN_vs_diabetes
late_allcell_residual	10627	MYL12A	down	late_allcell_DPN_vs_diabetes
late_allcell_residual	10628	TXNIP	up	late_allcell_DPN_vs_diabetes
late_allcell_residual	10630	PDPN	down	late_allcell_DPN_vs_diabetes
late_allcell_residual	10631	POSTN	up	late_allcell_DPN_vs_diabetes
late_allcell_residual	10644	IGF2BP2	up	late_allcell_DPN_vs_diabetes
late_allcell_residual	10653	SPINT2	down	late_allcell_DPN_vs_diabetes
late_allcell_residual	10655	DMRT2	up	late_allcell_DPN_vs_diabetes
late_allcell_residual	10667	FARS2	up	late_allcell_DPN_vs_diabetes
late_allcell_residual	10675	CSPG5	down	late_allcell_DPN_vs_diabetes
late_allcell_residual	10677	AVIL	down	late_allcell_DPN_vs_diabetes
late_allcell_residual	10678	B3GNT2	down	late_allcell_DPN_vs_diabetes
late_allcell_residual	10687	PNMA2	down	late_allcell_DPN_vs_diabetes
late_allcell_residual	10690	FUT9	down	late_allcell_DPN_vs_diabetes
late_allcell_residual	10718	NRG3	down	late_allcell_DPN_vs_diabetes
late_allcell_residual	10736	SIX2	down	late_allcell_DPN_vs_diabetes
late_allcell_residual	10772	SRSF10	up	late_allcell_DPN_vs_diabetes
late_allcell_residual	10773	ZBTB6	down	late_allcell_DPN_vs_diabetes
late_allcell_residual	10776	ARPP19	down	late_allcell_DPN_vs_diabetes
late_allcell_residual	10777	ARPP21	up	late_allcell_DPN_vs_diabetes
late_allcell_residual	10788	IQGAP2	up	late_allcell_DPN_vs_diabetes
late_allcell_residual	10793	ZNF273	up	late_allcell_DPN_vs_diabetes
late_allcell_residual	10794	ZNF460	down	late_allcell_DPN_vs_diabetes
late_allcell_residual	10801	SEPTIN9	up	late_allcell_DPN_vs_diabetes
late_allcell_residual	10814	CPLX2	down	late_allcell_DPN_vs_diabetes
late_allcell_residual	10840	ALDH1L1	up	late_allcell_DPN_vs_diabetes
late_allcell_residual	10846	PDE10A	up	late_allcell_DPN_vs_diabetes
late_allcell_residual	10848	PPP1R13L	up	late_allcell_DPN_vs_diabetes
late_allcell_residual	10857	PGRMC1	down	late_allcell_DPN_vs_diabetes
late_allcell_residual	10863	ADAM28	down	late_allcell_DPN_vs_diabetes
late_allcell_residual	10865	ARID5A	up	late_allcell_DPN_vs_diabetes
late_allcell_residual	10873	ME3	up	late_allcell_DPN_vs_diabetes
late_allcell_residual	10874	NMU	up	late_allcell_DPN_vs_diabetes
late_allcell_residual	10875	FGL2	down	late_allcell_DPN_vs_diabetes
late_allcell_residual	10888	GPR83	down	late_allcell_DPN_vs_diabetes
late_allcell_residual	10892	MALT1	down	late_allcell_DPN_vs_diabetes
late_allcell_residual	10893	MMP24	down	late_allcell_DPN_vs_diabetes
late_allcell_residual	10900	RUNDC3A	down	late_allcell_DPN_vs_diabetes
late_allcell_residual	10903	MTMR11	up	late_allcell_DPN_vs_diabetes
late_allcell_residual	10905	MAN1A2	down	late_allcell_DPN_vs_diabetes
late_allcell_residual	10907	TXNL4A	down	late_allcell_DPN_vs_diabetes
late_allcell_residual	10933	MORF4L1	down	late_allcell_DPN_vs_diabetes
late_allcell_residual	10948	STARD3	up	late_allcell_DPN_vs_diabetes
late_allcell_residual	10952	SEC61B	down	late_allcell_DPN_vs_diabetes
late_allcell_residual	10953	TOMM34	down	late_allcell_DPN_vs_diabetes
late_allcell_residual	10957	PNRC1	down	late_allcell_DPN_vs_diabetes
late_allcell_residual	10959	TMED2	down	late_allcell_DPN_vs_diabetes
late_allcell_residual	10989	IMMT	down	late_allcell_DPN_vs_diabetes
late_allcell_residual	10990	LILRB5	up	late_allcell_DPN_vs_diabetes
late_allcell_residual	11000	SLC27A3	up	late_allcell_DPN_vs_diabetes
late_allcell_residual	11006	LILRB4	down	late_allcell_DPN_vs_diabetes
late_allcell_residual	11014	KDELR2	down	late_allcell_DPN_vs_diabetes
late_allcell_residual	11015	KDELR3	down	late_allcell_DPN_vs_diabetes
late_allcell_residual	11027	LILRA2	down	late_allcell_DPN_vs_diabetes
late_allcell_residual	11030	RBPMS	up	late_allcell_DPN_vs_diabetes
late_allcell_residual	11037	STON1	down	late_allcell_DPN_vs_diabetes
late_allcell_residual	1104	RCC1	up	late_allcell_DPN_vs_diabetes
late_allcell_residual	11041	B4GAT1	down	late_allcell_DPN_vs_diabetes
late_allcell_residual	11045	UPK1A	up	late_allcell_DPN_vs_diabetes
late_allcell_residual	11054	OGFR	up	late_allcell_DPN_vs_diabetes
late_allcell_residual	11057	ABHD2	down	late_allcell_DPN_vs_diabetes
late_allcell_residual	11061	CNMD	down	late_allcell_DPN_vs_diabetes
late_allcell_residual	11062	DUS4L	down	late_allcell_DPN_vs_diabetes
late_allcell_residual	11078	TRIOBP	up	late_allcell_DPN_vs_diabetes
late_allcell_residual	110806277	PNMA8C	down	late_allcell_DPN_vs_diabetes
late_allcell_residual	110806279	SMIM28	down	late_allcell_DPN_vs_diabetes
late_allcell_residual	110806280	CCDC194	up	late_allcell_DPN_vs_diabetes
late_allcell_residual	11092	SPACA9	down	late_allcell_DPN_vs_diabetes
late_allcell_residual	11122	PTPRT	down	late_allcell_DPN_vs_diabetes
late_allcell_residual	11127	KIF3A	down	late_allcell_DPN_vs_diabetes
late_allcell_residual	11135	CDC42EP1	up	late_allcell_DPN_vs_diabetes
late_allcell_residual	11136	SLC7A9	up	late_allcell_DPN_vs_diabetes
late_allcell_residual	1114	CHGB	down	late_allcell_DPN_vs_diabetes
late_allcell_residual	11141	IL1RAPL1	down	late_allcell_DPN_vs_diabetes
late_allcell_residual	11154	AP4S1	down	late_allcell_DPN_vs_diabetes
late_allcell_residual	11155	LDB3	up	late_allcell_DPN_vs_diabetes
late_allcell_residual	1116	CHI3L1	down	late_allcell_DPN_vs_diabetes
late_allcell_residual	11161	ERG28	down	late_allcell_DPN_vs_diabetes
late_allcell_residual	11167	FSTL1	down	late_allcell_DPN_vs_diabetes
late_allcell_residual	11186	RASSF1	up	late_allcell_DPN_vs_diabetes
late_allcell_residual	11187	PKP3	up	late_allcell_DPN_vs_diabetes
late_allcell_residual	112	ADCY6	up	late_allcell_DPN_vs_diabetes
late_allcell_residual	11215	AKAP11	down	late_allcell_DPN_vs_diabetes
late_allcell_residual	11221	DUSP10	up	late_allcell_DPN_vs_diabetes
late_allcell_residual	112399	EGLN3	up	late_allcell_DPN_vs_diabetes
late_allcell_residual	11243	PMF1	up	late_allcell_DPN_vs_diabetes
late_allcell_residual	112441426	TMEM271	down	late_allcell_DPN_vs_diabetes
late_allcell_residual	112441434	SHLD3	down	late_allcell_DPN_vs_diabetes
late_allcell_residual	112476	PRRT2	up	late_allcell_DPN_vs_diabetes
late_allcell_residual	11248	NXPH3	up	late_allcell_DPN_vs_diabetes
late_allcell_residual	112487	DTD2	down	late_allcell_DPN_vs_diabetes
late_allcell_residual	112724	RDH13	up	late_allcell_DPN_vs_diabetes
late_allcell_residual	11280	SCN11A	down	late_allcell_DPN_vs_diabetes
late_allcell_residual	112817	HOGA1	up	late_allcell_DPN_vs_diabetes
late_allcell_residual	112858	TP53RK	down	late_allcell_DPN_vs_diabetes
late_allcell_residual	113146	AHNAK2	down	late_allcell_DPN_vs_diabetes
late_allcell_residual	113177	IZUMO4	up	late_allcell_DPN_vs_diabetes
late_allcell_residual	113246	C12orf57	down	late_allcell_DPN_vs_diabetes
late_allcell_residual	11334	TUSC2	down	late_allcell_DPN_vs_diabetes
late_allcell_residual	11335	CBX3	down	late_allcell_DPN_vs_diabetes
late_allcell_residual	11342	RNF13	down	late_allcell_DPN_vs_diabetes
late_allcell_residual	1136	CHRNA3	down	late_allcell_DPN_vs_diabetes
late_allcell_residual	113612	CYP2U1	down	late_allcell_DPN_vs_diabetes
late_allcell_residual	113802	HENMT1	down	late_allcell_DPN_vs_diabetes
late_allcell_residual	113828	SACK1F	up	late_allcell_DPN_vs_diabetes
late_allcell_residual	1139	CHRNA7	down	late_allcell_DPN_vs_diabetes
late_allcell_residual	1141	CHRNB2	down	late_allcell_DPN_vs_diabetes
late_allcell_residual	114132	SIGLEC11	up	late_allcell_DPN_vs_diabetes
late_allcell_residual	1142	CHRNB3	down	late_allcell_DPN_vs_diabetes
late_allcell_residual	114294	LACTB	down	late_allcell_DPN_vs_diabetes
late_allcell_residual	114757	CYGB	up	late_allcell_DPN_vs_diabetes
late_allcell_residual	114798	SLITRK1	down	late_allcell_DPN_vs_diabetes
late_allcell_residual	114805	GALNT13	down	late_allcell_DPN_vs_diabetes
late_allcell_residual	114818	KLHL29	up	late_allcell_DPN_vs_diabetes
late_allcell_residual	114822	RHPN1	up	late_allcell_DPN_vs_diabetes
late_allcell_residual	114879	OSBPL5	up	late_allcell_DPN_vs_diabetes
late_allcell_residual	1149	CIDEA	up	late_allcell_DPN_vs_diabetes
late_allcell_residual	114904	C1QTNF6	up	late_allcell_DPN_vs_diabetes
late_allcell_residual	114905	C1QTNF7	up	late_allcell_DPN_vs_diabetes
late_allcell_residual	114908	TMEM123	down	late_allcell_DPN_vs_diabetes
late_allcell_residual	115209	OMA1	down	late_allcell_DPN_vs_diabetes
late_allcell_residual	115399	LRRC56	up	late_allcell_DPN_vs_diabetes
late_allcell_residual	1154	CISH	up	late_allcell_DPN_vs_diabetes
late_allcell_residual	115548	FCHO2	up	late_allcell_DPN_vs_diabetes
late_allcell_residual	115861	NXNL1	up	late_allcell_DPN_vs_diabetes
late_allcell_residual	116039	OSR2	up	late_allcell_DPN_vs_diabetes
late_allcell_residual	116115	ZNF526	up	late_allcell_DPN_vs_diabetes
late_allcell_residual	116151	MIMS2	down	late_allcell_DPN_vs_diabetes
late_allcell_residual	116255	MOGAT1	up	late_allcell_DPN_vs_diabetes
late_allcell_residual	116328	C8orf34	down	late_allcell_DPN_vs_diabetes
late_allcell_residual	116362	RBP7	up	late_allcell_DPN_vs_diabetes
late_allcell_residual	116372	LYPD1	down	late_allcell_DPN_vs_diabetes
late_allcell_residual	1164	CKS2	down	late_allcell_DPN_vs_diabetes
late_allcell_residual	116442	RAB39B	down	late_allcell_DPN_vs_diabetes
late_allcell_residual	116447	TOP1MT	up	late_allcell_DPN_vs_diabetes
late_allcell_residual	116534	MRGPRE	down	late_allcell_DPN_vs_diabetes
late_allcell_residual	116535	MRGPRF	up	late_allcell_DPN_vs_diabetes
late_allcell_residual	116835	HSPA12B	up	late_allcell_DPN_vs_diabetes
late_allcell_residual	117166	WFIKKN1	up	late_allcell_DPN_vs_diabetes
late_allcell_residual	117178	SSX2IP	down	late_allcell_DPN_vs_diabetes
late_allcell_residual	117247	SLC16A10	down	late_allcell_DPN_vs_diabetes
late_allcell_residual	117248	GALNT15	up	late_allcell_DPN_vs_diabetes
late_allcell_residual	1182	CLCN3	down	late_allcell_DPN_vs_diabetes
late_allcell_residual	1183	CLCN4	down	late_allcell_DPN_vs_diabetes
late_allcell_residual	118424	UBE2J2	up	late_allcell_DPN_vs_diabetes
late_allcell_residual	118427	OLFM3	down	late_allcell_DPN_vs_diabetes
late_allcell_residual	118461	C10orf71	up	late_allcell_DPN_vs_diabetes
late_allcell_residual	118738	ZNF488	up	late_allcell_DPN_vs_diabetes
late_allcell_residual	118924	FRA10AC1	up	late_allcell_DPN_vs_diabetes
late_allcell_residual	118987	PDZD8	down	late_allcell_DPN_vs_diabetes
late_allcell_residual	119	ADD2	down	late_allcell_DPN_vs_diabetes
late_allcell_residual	1195	CLK1	down	late_allcell_DPN_vs_diabetes
late_allcell_residual	119774	OR52K2	down	late_allcell_DPN_vs_diabetes
late_allcell_residual	120114	FAT3	down	late_allcell_DPN_vs_diabetes
late_allcell_residual	120224	TMEM45B	down	late_allcell_DPN_vs_diabetes
late_allcell_residual	1207	CLNS1A	down	late_allcell_DPN_vs_diabetes
late_allcell_residual	120863	DEPDC4	down	late_allcell_DPN_vs_diabetes
late_allcell_residual	1211	CLTA	down	late_allcell_DPN_vs_diabetes
late_allcell_residual	121256	TMEM132D	down	late_allcell_DPN_vs_diabetes
late_allcell_residual	1213	CLTC	down	late_allcell_DPN_vs_diabetes
late_allcell_residual	121504	H4C16	up	late_allcell_DPN_vs_diabetes
late_allcell_residual	121601	ANO4	down	late_allcell_DPN_vs_diabetes
late_allcell_residual	121665	SPPL3	down	late_allcell_DPN_vs_diabetes
late_allcell_residual	122394733	TMSB15C	up	late_allcell_DPN_vs_diabetes
late_allcell_residual	122525	DORIP1	down	late_allcell_DPN_vs_diabetes
late_allcell_residual	123036	TC2N	down	late_allcell_DPN_vs_diabetes
late_allcell_residual	123041	SLC24A4	down	late_allcell_DPN_vs_diabetes
late_allcell_residual	123355	LRRC28	down	late_allcell_DPN_vs_diabetes
late_allcell_residual	1235	CCR6	down	late_allcell_DPN_vs_diabetes
late_allcell_residual	124	ADH1A	up	late_allcell_DPN_vs_diabetes
late_allcell_residual	124093	CCDC78	up	late_allcell_DPN_vs_diabetes
late_allcell_residual	124152	IQCK	up	late_allcell_DPN_vs_diabetes
late_allcell_residual	1244	ABCC2	up	late_allcell_DPN_vs_diabetes
late_allcell_residual	124842	TMEM132E	down	late_allcell_DPN_vs_diabetes
late_allcell_residual	124925	SEZ6	down	late_allcell_DPN_vs_diabetes
late_allcell_residual	125	ADH1B	up	late_allcell_DPN_vs_diabetes
late_allcell_residual	125113	KRT222	up	late_allcell_DPN_vs_diabetes
late_allcell_residual	125704	DIPK1C	down	late_allcell_DPN_vs_diabetes
late_allcell_residual	126133	ALDH16A1	up	late_allcell_DPN_vs_diabetes
late_allcell_residual	1263	PLK3	up	late_allcell_DPN_vs_diabetes
late_allcell_residual	126306	JSRP1	up	late_allcell_DPN_vs_diabetes
late_allcell_residual	1264	CNN1	up	late_allcell_DPN_vs_diabetes
late_allcell_residual	126661	CCDC163	up	late_allcell_DPN_vs_diabetes
late_allcell_residual	126668	TDRD10	up	late_allcell_DPN_vs_diabetes
late_allcell_residual	126669	SHE	up	late_allcell_DPN_vs_diabetes
late_allcell_residual	126789	PUSL1	up	late_allcell_DPN_vs_diabetes
late_allcell_residual	1268	CNR1	up	late_allcell_DPN_vs_diabetes
late_allcell_residual	127059	OR2M5	down	late_allcell_DPN_vs_diabetes
late_allcell_residual	1272	CNTN1	down	late_allcell_DPN_vs_diabetes
late_allcell_residual	127435	PODN	up	late_allcell_DPN_vs_diabetes
late_allcell_residual	127495	LRRC39	down	late_allcell_DPN_vs_diabetes
late_allcell_residual	127579	DCST2	up	late_allcell_DPN_vs_diabetes
late_allcell_residual	127665	ZNF648	up	late_allcell_DPN_vs_diabetes
late_allcell_residual	1277	COL1A1	up	late_allcell_DPN_vs_diabetes
late_allcell_residual	127733	UBXN10	down	late_allcell_DPN_vs_diabetes
late_allcell_residual	127833	SYT2	down	late_allcell_DPN_vs_diabetes
late_allcell_residual	127845	GOLT1A	down	late_allcell_DPN_vs_diabetes
late_allcell_residual	128	ADH5	down	late_allcell_DPN_vs_diabetes
late_allcell_residual	1281	COL3A1	up	late_allcell_DPN_vs_diabetes
late_allcell_residual	128346	C1orf162	down	late_allcell_DPN_vs_diabetes
late_allcell_residual	128414	NKAIN4	down	late_allcell_DPN_vs_diabetes
late_allcell_residual	128434	VSTM2L	down	late_allcell_DPN_vs_diabetes
late_allcell_residual	1285	COL4A3	up	late_allcell_DPN_vs_diabetes
late_allcell_residual	1286	COL4A4	up	late_allcell_DPN_vs_diabetes
late_allcell_residual	1289	COL5A1	up	late_allcell_DPN_vs_diabetes
late_allcell_residual	129080	EMID1	up	late_allcell_DPN_vs_diabetes
late_allcell_residual	1291	COL6A1	up	late_allcell_DPN_vs_diabetes
late_allcell_residual	1292	COL6A2	up	late_allcell_DPN_vs_diabetes
late_allcell_residual	129293	TRABD2A	up	late_allcell_DPN_vs_diabetes
late_allcell_residual	1293	COL6A3	up	late_allcell_DPN_vs_diabetes
late_allcell_residual	1294	COL7A1	up	late_allcell_DPN_vs_diabetes
late_allcell_residual	129607	CMPK2	down	late_allcell_DPN_vs_diabetes
late_allcell_residual	129642	MBOAT2	down	late_allcell_DPN_vs_diabetes
late_allcell_residual	129684	CNTNAP5	down	late_allcell_DPN_vs_diabetes
late_allcell_residual	1297	COL9A1	down	late_allcell_DPN_vs_diabetes
late_allcell_residual	129807	NEU4	down	late_allcell_DPN_vs_diabetes
late_allcell_residual	129880	BBS5	down	late_allcell_DPN_vs_diabetes
late_allcell_residual	1301	COL11A1	down	late_allcell_DPN_vs_diabetes
late_allcell_residual	130271	PLEKHH2	up	late_allcell_DPN_vs_diabetes
late_allcell_residual	130367	SGPP2	down	late_allcell_DPN_vs_diabetes
late_allcell_residual	130399	ACVR1C	up	late_allcell_DPN_vs_diabetes
late_allcell_residual	130888	FBXO36	down	late_allcell_DPN_vs_diabetes
late_allcell_residual	131034	CPNE4	down	late_allcell_DPN_vs_diabetes
late_allcell_residual	131096	KCNH8	down	late_allcell_DPN_vs_diabetes
late_allcell_residual	131368	ZPLD1	down	late_allcell_DPN_vs_diabetes
late_allcell_residual	131583	FAM43A	up	late_allcell_DPN_vs_diabetes
late_allcell_residual	1316	KLF6	up	late_allcell_DPN_vs_diabetes
late_allcell_residual	1317	SLC31A1	down	late_allcell_DPN_vs_diabetes
late_allcell_residual	131873	COL6A6	down	late_allcell_DPN_vs_diabetes
late_allcell_residual	132158	GLYCTK	up	late_allcell_DPN_vs_diabetes
late_allcell_residual	132160	PPM1M	up	late_allcell_DPN_vs_diabetes
late_allcell_residual	132204	SYNPR	up	late_allcell_DPN_vs_diabetes
late_allcell_residual	132228	LSMEM2	up	late_allcell_DPN_vs_diabetes
late_allcell_residual	132660	LIN54	down	late_allcell_DPN_vs_diabetes
late_allcell_residual	132851	SPATA4	down	late_allcell_DPN_vs_diabetes
late_allcell_residual	1329	COX5B	down	late_allcell_DPN_vs_diabetes
late_allcell_residual	133	ADM	up	late_allcell_DPN_vs_diabetes
late_allcell_residual	133022	TRAM1L1	down	late_allcell_DPN_vs_diabetes
late_allcell_residual	133308	SLC9B2	down	late_allcell_DPN_vs_diabetes
late_allcell_residual	133619	PRRC1	down	late_allcell_DPN_vs_diabetes
late_allcell_residual	1337	COX6A1	down	late_allcell_DPN_vs_diabetes
late_allcell_residual	133746	JMY	up	late_allcell_DPN_vs_diabetes
late_allcell_residual	134	ADORA1	down	late_allcell_DPN_vs_diabetes
late_allcell_residual	134111	UBE2QL1	down	late_allcell_DPN_vs_diabetes
late_allcell_residual	134187	POU5F2	up	late_allcell_DPN_vs_diabetes
late_allcell_residual	134429	STARD4	down	late_allcell_DPN_vs_diabetes
late_allcell_residual	1345	COX6C	down	late_allcell_DPN_vs_diabetes
late_allcell_residual	134549	SHROOM1	up	late_allcell_DPN_vs_diabetes
late_allcell_residual	1349	COX7B	down	late_allcell_DPN_vs_diabetes
late_allcell_residual	1350	COX7C	down	late_allcell_DPN_vs_diabetes
late_allcell_residual	135295	SRSF12	down	late_allcell_DPN_vs_diabetes
late_allcell_residual	135398	C6orf141	up	late_allcell_DPN_vs_diabetes
late_allcell_residual	1356	CP	up	late_allcell_DPN_vs_diabetes
late_allcell_residual	135892	TRIM50	up	late_allcell_DPN_vs_diabetes
late_allcell_residual	136	ADORA2B	down	late_allcell_DPN_vs_diabetes
late_allcell_residual	1362	CPD	down	late_allcell_DPN_vs_diabetes
late_allcell_residual	136227	COL26A1	down	late_allcell_DPN_vs_diabetes
late_allcell_residual	136319	MTPN	down	late_allcell_DPN_vs_diabetes
late_allcell_residual	1365	CLDN3	down	late_allcell_DPN_vs_diabetes
late_allcell_residual	136853	SSC4D	down	late_allcell_DPN_vs_diabetes
late_allcell_residual	137075	CLDN23	up	late_allcell_DPN_vs_diabetes
late_allcell_residual	137868	SGCZ	down	late_allcell_DPN_vs_diabetes
late_allcell_residual	138046	RALYL	down	late_allcell_DPN_vs_diabetes
late_allcell_residual	139065	SLITRK4	down	late_allcell_DPN_vs_diabetes
late_allcell_residual	1394	CRHR1	up	late_allcell_DPN_vs_diabetes
late_allcell_residual	140290	TCP10L	up	late_allcell_DPN_vs_diabetes
late_allcell_residual	140461	ASB8	down	late_allcell_DPN_vs_diabetes
late_allcell_residual	140462	ASB9	up	late_allcell_DPN_vs_diabetes
late_allcell_residual	140469	MYO3B	up	late_allcell_DPN_vs_diabetes
late_allcell_residual	140685	ZBTB46	up	late_allcell_DPN_vs_diabetes
late_allcell_residual	140689	CBLN4	down	late_allcell_DPN_vs_diabetes
late_allcell_residual	140706	CCM2L	up	late_allcell_DPN_vs_diabetes
late_allcell_residual	140733	MACROD2	down	late_allcell_DPN_vs_diabetes
late_allcell_residual	140738	TMEM37	up	late_allcell_DPN_vs_diabetes
late_allcell_residual	140767	NRSN1	down	late_allcell_DPN_vs_diabetes
late_allcell_residual	140825	NEURL2	up	late_allcell_DPN_vs_diabetes
late_allcell_residual	140838	NANP	down	late_allcell_DPN_vs_diabetes
late_allcell_residual	140876	RIPOR3	up	late_allcell_DPN_vs_diabetes
late_allcell_residual	140883	ZNF280B	down	late_allcell_DPN_vs_diabetes
late_allcell_residual	140901	STK35	up	late_allcell_DPN_vs_diabetes
late_allcell_residual	1417	CRYBB3	up	late_allcell_DPN_vs_diabetes
late_allcell_residual	142689	ASB12	down	late_allcell_DPN_vs_diabetes
late_allcell_residual	1428	CRYM	up	late_allcell_DPN_vs_diabetes
late_allcell_residual	143282	FGFBP3	down	late_allcell_DPN_vs_diabetes
late_allcell_residual	143425	SYT9	down	late_allcell_DPN_vs_diabetes
late_allcell_residual	143458	LDLRAD3	up	late_allcell_DPN_vs_diabetes
late_allcell_residual	143686	SESN3	up	late_allcell_DPN_vs_diabetes
late_allcell_residual	143872	ARHGAP42	down	late_allcell_DPN_vs_diabetes
late_allcell_residual	143879	KBTBD3	down	late_allcell_DPN_vs_diabetes
late_allcell_residual	1439	CSF2RB	up	late_allcell_DPN_vs_diabetes
late_allcell_residual	143941	TTC36	up	late_allcell_DPN_vs_diabetes
late_allcell_residual	144448	TSPAN19	up	late_allcell_DPN_vs_diabetes
late_allcell_residual	144608	C12orf60	down	late_allcell_DPN_vs_diabetes
late_allcell_residual	145258	GSC	up	late_allcell_DPN_vs_diabetes
late_allcell_residual	145282	MIPOL1	up	late_allcell_DPN_vs_diabetes
late_allcell_residual	1454	CSNK1E	up	late_allcell_DPN_vs_diabetes
late_allcell_residual	145407	ARMH4	down	late_allcell_DPN_vs_diabetes
late_allcell_residual	145581	LRFN5	down	late_allcell_DPN_vs_diabetes
late_allcell_residual	145853	C15orf61	down	late_allcell_DPN_vs_diabetes
late_allcell_residual	146	ADRA1D	up	late_allcell_DPN_vs_diabetes
late_allcell_residual	146059	CDAN1	up	late_allcell_DPN_vs_diabetes
late_allcell_residual	1462	VCAN	up	late_allcell_DPN_vs_diabetes
late_allcell_residual	1463	NCAN	down	late_allcell_DPN_vs_diabetes
late_allcell_residual	146330	FBXL16	down	late_allcell_DPN_vs_diabetes
late_allcell_residual	1464	CSPG4	up	late_allcell_DPN_vs_diabetes
late_allcell_residual	146456	TMED6	down	late_allcell_DPN_vs_diabetes
late_allcell_residual	146540	ZNF785	up	late_allcell_DPN_vs_diabetes
late_allcell_residual	146547	PRSS36	up	late_allcell_DPN_vs_diabetes
late_allcell_residual	146713	RBFOX3	down	late_allcell_DPN_vs_diabetes
late_allcell_residual	146760	RTN4RL1	down	late_allcell_DPN_vs_diabetes
late_allcell_residual	146857	SLFN13	up	late_allcell_DPN_vs_diabetes
late_allcell_residual	147166	TRIM16L	down	late_allcell_DPN_vs_diabetes
late_allcell_residual	1473	CST5	down	late_allcell_DPN_vs_diabetes
late_allcell_residual	147372	CCBE1	up	late_allcell_DPN_vs_diabetes
late_allcell_residual	147381	CBLN2	down	late_allcell_DPN_vs_diabetes
late_allcell_residual	147746	HIPK4	up	late_allcell_DPN_vs_diabetes
late_allcell_residual	147798	TMC4	up	late_allcell_DPN_vs_diabetes
late_allcell_residual	147912	SIX5	up	late_allcell_DPN_vs_diabetes
late_allcell_residual	148	ADRA1A	up	late_allcell_DPN_vs_diabetes
late_allcell_residual	148203	ZNF738	up	late_allcell_DPN_vs_diabetes
late_allcell_residual	148213	ZNF681	down	late_allcell_DPN_vs_diabetes
late_allcell_residual	148252	DIRAS1	down	late_allcell_DPN_vs_diabetes
late_allcell_residual	148254	ZNF555	down	late_allcell_DPN_vs_diabetes
late_allcell_residual	148534	TLCD4	down	late_allcell_DPN_vs_diabetes
late_allcell_residual	148641	SLC35F3	down	late_allcell_DPN_vs_diabetes
late_allcell_residual	148808	SLC60A1	down	late_allcell_DPN_vs_diabetes
late_allcell_residual	148811	PM20D1	down	late_allcell_DPN_vs_diabetes
late_allcell_residual	148932	MOB3C	up	late_allcell_DPN_vs_diabetes
late_allcell_residual	148979	GLIS1	up	late_allcell_DPN_vs_diabetes
late_allcell_residual	149111	CNIH3	up	late_allcell_DPN_vs_diabetes
late_allcell_residual	149175	MANEAL	down	late_allcell_DPN_vs_diabetes
late_allcell_residual	1493	CTLA4	up	late_allcell_DPN_vs_diabetes
late_allcell_residual	149420	PDIK1L	down	late_allcell_DPN_vs_diabetes
late_allcell_residual	149428	BNIPL	up	late_allcell_DPN_vs_diabetes
late_allcell_residual	149499	LRRC71	up	late_allcell_DPN_vs_diabetes
late_allcell_residual	1496	CTNNA2	down	late_allcell_DPN_vs_diabetes
late_allcell_residual	149628	PYHIN1	up	late_allcell_DPN_vs_diabetes
late_allcell_residual	1499	CTNNB1	down	late_allcell_DPN_vs_diabetes
late_allcell_residual	1501	CTNND2	down	late_allcell_DPN_vs_diabetes
late_allcell_residual	150350	ENTHD1	up	late_allcell_DPN_vs_diabetes
late_allcell_residual	150356	CHADL	down	late_allcell_DPN_vs_diabetes
late_allcell_residual	150368	PHETA2	up	late_allcell_DPN_vs_diabetes
late_allcell_residual	150678	COPS9	down	late_allcell_DPN_vs_diabetes
late_allcell_residual	150709	ANKAR	down	late_allcell_DPN_vs_diabetes
late_allcell_residual	150763	GPAT2	up	late_allcell_DPN_vs_diabetes
late_allcell_residual	1509	CTSD	down	late_allcell_DPN_vs_diabetes
late_allcell_residual	151295	SLC23A3	up	late_allcell_DPN_vs_diabetes
late_allcell_residual	1515	CTSV	down	late_allcell_DPN_vs_diabetes
late_allcell_residual	151556	GPR155	down	late_allcell_DPN_vs_diabetes
late_allcell_residual	151835	CPNE9	down	late_allcell_DPN_vs_diabetes
late_allcell_residual	1519	CTSO	down	late_allcell_DPN_vs_diabetes
late_allcell_residual	152110	NEK10	up	late_allcell_DPN_vs_diabetes
late_allcell_residual	152206	CCDC13	up	late_allcell_DPN_vs_diabetes
late_allcell_residual	152273	FGD5	up	late_allcell_DPN_vs_diabetes
late_allcell_residual	1524	CX3CR1	down	late_allcell_DPN_vs_diabetes
late_allcell_residual	152404	IGSF11	down	late_allcell_DPN_vs_diabetes
late_allcell_residual	152485	ZNF827	up	late_allcell_DPN_vs_diabetes
late_allcell_residual	1525	CXADR	down	late_allcell_DPN_vs_diabetes
late_allcell_residual	152519	NIPAL1	down	late_allcell_DPN_vs_diabetes
late_allcell_residual	1528	CYB5A	up	late_allcell_DPN_vs_diabetes
late_allcell_residual	152831	KLB	up	late_allcell_DPN_vs_diabetes
late_allcell_residual	153768	PRELID2	up	late_allcell_DPN_vs_diabetes
late_allcell_residual	153769	SH3RF2	up	late_allcell_DPN_vs_diabetes
late_allcell_residual	154197	PNLDC1	up	late_allcell_DPN_vs_diabetes
late_allcell_residual	154215	NKAIN2	down	late_allcell_DPN_vs_diabetes
late_allcell_residual	154743	SAMTOR	down	late_allcell_DPN_vs_diabetes
late_allcell_residual	154790	CLEC2L	down	late_allcell_DPN_vs_diabetes
late_allcell_residual	154807	VKORC1L1	down	late_allcell_DPN_vs_diabetes
late_allcell_residual	155066	ATP6V0E2	down	late_allcell_DPN_vs_diabetes
late_allcell_residual	155368	METTL27	up	late_allcell_DPN_vs_diabetes
late_allcell_residual	1573	CYP2J2	down	late_allcell_DPN_vs_diabetes
late_allcell_residual	157567	ANKRD46	down	late_allcell_DPN_vs_diabetes
late_allcell_residual	1577	CYP3A5	down	late_allcell_DPN_vs_diabetes
late_allcell_residual	158038	LINGO2	down	late_allcell_DPN_vs_diabetes
late_allcell_residual	158062	LCN6	up	late_allcell_DPN_vs_diabetes
late_allcell_residual	158326	FREM1	up	late_allcell_DPN_vs_diabetes
late_allcell_residual	158471	PRUNE2	down	late_allcell_DPN_vs_diabetes
late_allcell_residual	158586	ZXDB	down	late_allcell_DPN_vs_diabetes
late_allcell_residual	158931	TCEAL6	down	late_allcell_DPN_vs_diabetes
late_allcell_residual	159371	SLC35G1	down	late_allcell_DPN_vs_diabetes
late_allcell_residual	1602	DACH1	up	late_allcell_DPN_vs_diabetes
late_allcell_residual	1603	DAD1	down	late_allcell_DPN_vs_diabetes
late_allcell_residual	160364	CLEC12A	down	late_allcell_DPN_vs_diabetes
late_allcell_residual	160365	CLECL1	down	late_allcell_DPN_vs_diabetes
late_allcell_residual	160418	TMTC3	down	late_allcell_DPN_vs_diabetes
late_allcell_residual	161142	GARIN2	down	late_allcell_DPN_vs_diabetes
late_allcell_residual	161176	SYNE3	up	late_allcell_DPN_vs_diabetes
late_allcell_residual	161253	REM2	up	late_allcell_DPN_vs_diabetes
late_allcell_residual	161357	MDGA2	down	late_allcell_DPN_vs_diabetes
late_allcell_residual	161742	SPRED1	down	late_allcell_DPN_vs_diabetes
late_allcell_residual	162333	MARCHF10	up	late_allcell_DPN_vs_diabetes
late_allcell_residual	1629	DBT	down	late_allcell_DPN_vs_diabetes
late_allcell_residual	162968	ZNF497	up	late_allcell_DPN_vs_diabetes
late_allcell_residual	163126	EID2	down	late_allcell_DPN_vs_diabetes
late_allcell_residual	1636	ACE	up	late_allcell_DPN_vs_diabetes
late_allcell_residual	163688	CALML6	up	late_allcell_DPN_vs_diabetes
late_allcell_residual	1641	DCX	down	late_allcell_DPN_vs_diabetes
late_allcell_residual	1643	DDB2	up	late_allcell_DPN_vs_diabetes
late_allcell_residual	1646	AKR1C2	up	late_allcell_DPN_vs_diabetes
late_allcell_residual	1649	DDIT3	up	late_allcell_DPN_vs_diabetes
late_allcell_residual	165	AEBP1	up	late_allcell_DPN_vs_diabetes
late_allcell_residual	1654	DDX3X	down	late_allcell_DPN_vs_diabetes
late_allcell_residual	1663	DDX11	up	late_allcell_DPN_vs_diabetes
late_allcell_residual	166336	PRICKLE2	up	late_allcell_DPN_vs_diabetes
late_allcell_residual	166379	BBS12	down	late_allcell_DPN_vs_diabetes
late_allcell_residual	166647	ADGRA3	down	late_allcell_DPN_vs_diabetes
late_allcell_residual	166815	TIGD2	down	late_allcell_DPN_vs_diabetes
late_allcell_residual	166929	SGMS2	down	late_allcell_DPN_vs_diabetes
late_allcell_residual	1674	DES	up	late_allcell_DPN_vs_diabetes
late_allcell_residual	1675	CFD	up	late_allcell_DPN_vs_diabetes
late_allcell_residual	167681	PRSS35	down	late_allcell_DPN_vs_diabetes
late_allcell_residual	167838	TXLNB	up	late_allcell_DPN_vs_diabetes
late_allcell_residual	168374	ZNF92	down	late_allcell_DPN_vs_diabetes
late_allcell_residual	168451	THAP5	down	late_allcell_DPN_vs_diabetes
late_allcell_residual	168975	CNBD1	down	late_allcell_DPN_vs_diabetes
late_allcell_residual	169044	COL22A1	down	late_allcell_DPN_vs_diabetes
late_allcell_residual	169200	TMEM64	down	late_allcell_DPN_vs_diabetes
late_allcell_residual	169270	ZNF596	down	late_allcell_DPN_vs_diabetes
late_allcell_residual	169714	QSOX2	up	late_allcell_DPN_vs_diabetes
late_allcell_residual	169792	GLIS3	up	late_allcell_DPN_vs_diabetes
late_allcell_residual	170394	PWWP2B	up	late_allcell_DPN_vs_diabetes
late_allcell_residual	170463	SSBP4	up	late_allcell_DPN_vs_diabetes
late_allcell_residual	170622	COMMD6	down	late_allcell_DPN_vs_diabetes
late_allcell_residual	170679	PSORS1C1	up	late_allcell_DPN_vs_diabetes
late_allcell_residual	170685	NUDT10	down	late_allcell_DPN_vs_diabetes
late_allcell_residual	170689	ADAMTS15	up	late_allcell_DPN_vs_diabetes
late_allcell_residual	170690	ADAMTS16	down	late_allcell_DPN_vs_diabetes
late_allcell_residual	170959	ZNF431	down	late_allcell_DPN_vs_diabetes
late_allcell_residual	1717	DHCR7	down	late_allcell_DPN_vs_diabetes
late_allcell_residual	1723	DHODH	up	late_allcell_DPN_vs_diabetes
late_allcell_residual	1725	DHPS	up	late_allcell_DPN_vs_diabetes
late_allcell_residual	1757	SARDH	up	late_allcell_DPN_vs_diabetes
late_allcell_residual	176	ACAN	up	late_allcell_DPN_vs_diabetes
late_allcell_residual	1770	DNAH9	up	late_allcell_DPN_vs_diabetes
late_allcell_residual	1773	DNASE1	up	late_allcell_DPN_vs_diabetes
late_allcell_residual	1776	DNASE1L3	up	late_allcell_DPN_vs_diabetes
late_allcell_residual	1797	DXO	up	late_allcell_DPN_vs_diabetes
late_allcell_residual	1804	DPP6	down	late_allcell_DPN_vs_diabetes
late_allcell_residual	1805	DPT	up	late_allcell_DPN_vs_diabetes
late_allcell_residual	1809	DPYSL3	down	late_allcell_DPN_vs_diabetes
late_allcell_residual	1813	DRD2	up	late_allcell_DPN_vs_diabetes
late_allcell_residual	1815	DRD4	up	late_allcell_DPN_vs_diabetes
late_allcell_residual	1820	ARID3A	up	late_allcell_DPN_vs_diabetes
late_allcell_residual	1827	RCAN1	up	late_allcell_DPN_vs_diabetes
late_allcell_residual	1829	DSG2	down	late_allcell_DPN_vs_diabetes
late_allcell_residual	1836	SLC26A2	down	late_allcell_DPN_vs_diabetes
late_allcell_residual	1839	HBEGF	up	late_allcell_DPN_vs_diabetes
late_allcell_residual	1850	DUSP8	up	late_allcell_DPN_vs_diabetes
late_allcell_residual	187	APLNR	down	late_allcell_DPN_vs_diabetes
late_allcell_residual	1879	EBF1	up	late_allcell_DPN_vs_diabetes
late_allcell_residual	1890	TYMP	up	late_allcell_DPN_vs_diabetes
late_allcell_residual	19	ABCA1	up	late_allcell_DPN_vs_diabetes
late_allcell_residual	1903	S1PR3	up	late_allcell_DPN_vs_diabetes
late_allcell_residual	192286	HIGD2A	down	late_allcell_DPN_vs_diabetes
late_allcell_residual	192669	AGO3	down	late_allcell_DPN_vs_diabetes
late_allcell_residual	1955	MEGF9	down	late_allcell_DPN_vs_diabetes
late_allcell_residual	195814	SDR16C5	down	late_allcell_DPN_vs_diabetes
late_allcell_residual	195827	PRXL2C	down	late_allcell_DPN_vs_diabetes
late_allcell_residual	1960	EGR3	up	late_allcell_DPN_vs_diabetes
late_allcell_residual	196051	PLPP4	up	late_allcell_DPN_vs_diabetes
late_allcell_residual	1964	EIF1AX	down	late_allcell_DPN_vs_diabetes
late_allcell_residual	196740	VSTM4	up	late_allcell_DPN_vs_diabetes
late_allcell_residual	196883	ADCY4	up	late_allcell_DPN_vs_diabetes
late_allcell_residual	197259	MLKL	up	late_allcell_DPN_vs_diabetes
late_allcell_residual	197358	NLRC3	up	late_allcell_DPN_vs_diabetes
late_allcell_residual	1991	ELANE	up	late_allcell_DPN_vs_diabetes
late_allcell_residual	199221	DZIP1L	up	late_allcell_DPN_vs_diabetes
late_allcell_residual	199223	TTC21A	up	late_allcell_DPN_vs_diabetes
late_allcell_residual	1993	ELAVL2	down	late_allcell_DPN_vs_diabetes
late_allcell_residual	1995	ELAVL3	down	late_allcell_DPN_vs_diabetes
late_allcell_residual	1996	ELAVL4	down	late_allcell_DPN_vs_diabetes
late_allcell_residual	199786	NIBAN3	up	late_allcell_DPN_vs_diabetes
late_allcell_residual	199953	TMEM201	up	late_allcell_DPN_vs_diabetes
late_allcell_residual	200132	DYNLT5	up	late_allcell_DPN_vs_diabetes
late_allcell_residual	200185	KRTCAP2	down	late_allcell_DPN_vs_diabetes
late_allcell_residual	2006	ELN	up	late_allcell_DPN_vs_diabetes
late_allcell_residual	200728	TMEM17	down	late_allcell_DPN_vs_diabetes
late_allcell_residual	200845	KCTD6	down	late_allcell_DPN_vs_diabetes
late_allcell_residual	200879	LIPH	down	late_allcell_DPN_vs_diabetes
late_allcell_residual	201158	TVP23C	up	late_allcell_DPN_vs_diabetes
late_allcell_residual	201191	SAMD14	down	late_allcell_DPN_vs_diabetes
late_allcell_residual	201255	LRRC45	up	late_allcell_DPN_vs_diabetes
late_allcell_residual	201292	TRIM65	up	late_allcell_DPN_vs_diabetes
late_allcell_residual	201294	UNC13D	up	late_allcell_DPN_vs_diabetes
late_allcell_residual	2015	ADGRE1	down	late_allcell_DPN_vs_diabetes
late_allcell_residual	2017	CTTN	up	late_allcell_DPN_vs_diabetes
late_allcell_residual	201725	C4orf46	down	late_allcell_DPN_vs_diabetes
late_allcell_residual	201780	SLC10A4	down	late_allcell_DPN_vs_diabetes
late_allcell_residual	201931	TMEM192	down	late_allcell_DPN_vs_diabetes
late_allcell_residual	201965	RWDD4	down	late_allcell_DPN_vs_diabetes
late_allcell_residual	202333	CMYA5	down	late_allcell_DPN_vs_diabetes
late_allcell_residual	202374	STK32A	up	late_allcell_DPN_vs_diabetes
late_allcell_residual	202559	KHDRBS2	down	late_allcell_DPN_vs_diabetes
late_allcell_residual	2027	ENO3	up	late_allcell_DPN_vs_diabetes
late_allcell_residual	2028	ENPEP	down	late_allcell_DPN_vs_diabetes
late_allcell_residual	203	AK1	up	late_allcell_DPN_vs_diabetes
late_allcell_residual	203068	TUBB	down	late_allcell_DPN_vs_diabetes
late_allcell_residual	203111	ERICH5	down	late_allcell_DPN_vs_diabetes
late_allcell_residual	203190	LGI3	down	late_allcell_DPN_vs_diabetes
late_allcell_residual	203228	C9orf72	down	late_allcell_DPN_vs_diabetes
late_allcell_residual	203859	ANO5	down	late_allcell_DPN_vs_diabetes
late_allcell_residual	2042	EPHA3	up	late_allcell_DPN_vs_diabetes
late_allcell_residual	2043	EPHA4	up	late_allcell_DPN_vs_diabetes
late_allcell_residual	2047	EPHB1	down	late_allcell_DPN_vs_diabetes
late_allcell_residual	204962	SLC44A5	down	late_allcell_DPN_vs_diabetes
late_allcell_residual	2050	EPHB4	up	late_allcell_DPN_vs_diabetes
late_allcell_residual	205147	AMER3	down	late_allcell_DPN_vs_diabetes
late_allcell_residual	2053	EPHX2	up	late_allcell_DPN_vs_diabetes
late_allcell_residual	205428	DIPK2A	down	late_allcell_DPN_vs_diabetes
late_allcell_residual	206338	LVRN	up	late_allcell_DPN_vs_diabetes
late_allcell_residual	2065	ERBB3	down	late_allcell_DPN_vs_diabetes
late_allcell_residual	2066	ERBB4	down	late_allcell_DPN_vs_diabetes
late_allcell_residual	2070	EYA4	up	late_allcell_DPN_vs_diabetes
late_allcell_residual	207063	DHRSX	up	late_allcell_DPN_vs_diabetes
late_allcell_residual	2078	ERG	up	late_allcell_DPN_vs_diabetes
late_allcell_residual	208	AKT2	up	late_allcell_DPN_vs_diabetes
late_allcell_residual	2099	ESR1	up	late_allcell_DPN_vs_diabetes
late_allcell_residual	2114	ETS2	up	late_allcell_DPN_vs_diabetes
late_allcell_residual	2120	ETV6	up	late_allcell_DPN_vs_diabetes
late_allcell_residual	2121	EVC	up	late_allcell_DPN_vs_diabetes
late_allcell_residual	2122	MECOM	up	late_allcell_DPN_vs_diabetes
late_allcell_residual	215	ABCD1	up	late_allcell_DPN_vs_diabetes
late_allcell_residual	2157	F8	down	late_allcell_DPN_vs_diabetes
late_allcell_residual	2160	F11	down	late_allcell_DPN_vs_diabetes
late_allcell_residual	2167	FABP4	up	late_allcell_DPN_vs_diabetes
late_allcell_residual	2170	FABP3	down	late_allcell_DPN_vs_diabetes
late_allcell_residual	2171	FABP5	down	late_allcell_DPN_vs_diabetes
late_allcell_residual	2178	FANCE	up	late_allcell_DPN_vs_diabetes
late_allcell_residual	2180	ACSL1	up	late_allcell_DPN_vs_diabetes
late_allcell_residual	2181	ACSL3	down	late_allcell_DPN_vs_diabetes
late_allcell_residual	219285	SAMD9L	down	late_allcell_DPN_vs_diabetes
late_allcell_residual	219287	AMER2	down	late_allcell_DPN_vs_diabetes
late_allcell_residual	219654	ZCCHC24	up	late_allcell_DPN_vs_diabetes
late_allcell_residual	219770	GJD4	up	late_allcell_DPN_vs_diabetes
late_allcell_residual	219833	KCNJ5-AS1	up	late_allcell_DPN_vs_diabetes
late_allcell_residual	219972	MPEG1	up	late_allcell_DPN_vs_diabetes
late_allcell_residual	2200	FBN1	up	late_allcell_DPN_vs_diabetes
late_allcell_residual	220213	OTUD1	down	late_allcell_DPN_vs_diabetes
late_allcell_residual	220296	HEPACAM	down	late_allcell_DPN_vs_diabetes
late_allcell_residual	220388	CCDC89	up	late_allcell_DPN_vs_diabetes
late_allcell_residual	220963	SLC16A9	down	late_allcell_DPN_vs_diabetes
late_allcell_residual	220965	FAM13C	up	late_allcell_DPN_vs_diabetes
late_allcell_residual	2210	FCGR1BP	down	late_allcell_DPN_vs_diabetes
late_allcell_residual	221002	RASGEF1A	up	late_allcell_DPN_vs_diabetes
late_allcell_residual	221074	SLC39A12	up	late_allcell_DPN_vs_diabetes
late_allcell_residual	221400	TDRD6	down	late_allcell_DPN_vs_diabetes
late_allcell_residual	221421	RSPH9	up	late_allcell_DPN_vs_diabetes
late_allcell_residual	221472	FGD2	up	late_allcell_DPN_vs_diabetes
late_allcell_residual	2215	FCGR3B	down	late_allcell_DPN_vs_diabetes
late_allcell_residual	221662	RBM24	up	late_allcell_DPN_vs_diabetes
late_allcell_residual	2217	FCGRT	up	late_allcell_DPN_vs_diabetes
late_allcell_residual	221710	SMIM13	down	late_allcell_DPN_vs_diabetes
late_allcell_residual	221785	ZSCAN25	up	late_allcell_DPN_vs_diabetes
late_allcell_residual	2220	FCN2	up	late_allcell_DPN_vs_diabetes
late_allcell_residual	222008	VSTM2A	down	late_allcell_DPN_vs_diabetes
late_allcell_residual	2222	FDFT1	down	late_allcell_DPN_vs_diabetes
late_allcell_residual	2224	FDPS	down	late_allcell_DPN_vs_diabetes
late_allcell_residual	222643	UNC5CL	up	late_allcell_DPN_vs_diabetes
late_allcell_residual	222663	SCUBE3	up	late_allcell_DPN_vs_diabetes
late_allcell_residual	222865	TMEM130	down	late_allcell_DPN_vs_diabetes
late_allcell_residual	222894	FERD3L	up	late_allcell_DPN_vs_diabetes
late_allcell_residual	2232	FDXR	up	late_allcell_DPN_vs_diabetes
late_allcell_residual	2237	FEN1	down	late_allcell_DPN_vs_diabetes
late_allcell_residual	2242	FES	up	late_allcell_DPN_vs_diabetes
late_allcell_residual	2247	FGF2	up	late_allcell_DPN_vs_diabetes
late_allcell_residual	2254	FGF9	down	late_allcell_DPN_vs_diabetes
late_allcell_residual	2257	FGF12	down	late_allcell_DPN_vs_diabetes
late_allcell_residual	2258	FGF13	down	late_allcell_DPN_vs_diabetes
late_allcell_residual	2263	FGFR2	up	late_allcell_DPN_vs_diabetes
late_allcell_residual	2275	FHL3	up	late_allcell_DPN_vs_diabetes
late_allcell_residual	22821	RASA3	up	late_allcell_DPN_vs_diabetes
late_allcell_residual	22829	NLGN4Y	down	late_allcell_DPN_vs_diabetes
late_allcell_residual	22836	RHOBTB3	up	late_allcell_DPN_vs_diabetes
late_allcell_residual	22843	PPM1E	down	late_allcell_DPN_vs_diabetes
late_allcell_residual	22844	FRMPD1	down	late_allcell_DPN_vs_diabetes
late_allcell_residual	22845	DOLK	down	late_allcell_DPN_vs_diabetes
late_allcell_residual	22861	NLRP1	up	late_allcell_DPN_vs_diabetes
late_allcell_residual	22865	SLITRK3	down	late_allcell_DPN_vs_diabetes
late_allcell_residual	22871	NLGN1	down	late_allcell_DPN_vs_diabetes
late_allcell_residual	22874	PLEKHA6	down	late_allcell_DPN_vs_diabetes
late_allcell_residual	22875	ENPP4	down	late_allcell_DPN_vs_diabetes
late_allcell_residual	22891	ZNF365	down	late_allcell_DPN_vs_diabetes
late_allcell_residual	22895	RPH3A	down	late_allcell_DPN_vs_diabetes
late_allcell_residual	22899	ARHGEF15	up	late_allcell_DPN_vs_diabetes
late_allcell_residual	22903	BTBD3	down	late_allcell_DPN_vs_diabetes
late_allcell_residual	22911	WDR47	down	late_allcell_DPN_vs_diabetes
late_allcell_residual	22918	CD93	up	late_allcell_DPN_vs_diabetes
late_allcell_residual	22920	KIFAP3	down	late_allcell_DPN_vs_diabetes
late_allcell_residual	22928	SEPHS2	down	late_allcell_DPN_vs_diabetes
late_allcell_residual	22929	SEPHS1	down	late_allcell_DPN_vs_diabetes
late_allcell_residual	22985	ACIN1	up	late_allcell_DPN_vs_diabetes
late_allcell_residual	22987	SV2C	down	late_allcell_DPN_vs_diabetes
late_allcell_residual	22994	CEP131	up	late_allcell_DPN_vs_diabetes
late_allcell_residual	22996	TTC39A	down	late_allcell_DPN_vs_diabetes
late_allcell_residual	22997	IGSF9B	up	late_allcell_DPN_vs_diabetes
late_allcell_residual	22998	LIMCH1	up	late_allcell_DPN_vs_diabetes
late_allcell_residual	22999	RIMS1	down	late_allcell_DPN_vs_diabetes
late_allcell_residual	2300	FOXL1	up	late_allcell_DPN_vs_diabetes
late_allcell_residual	23017	FAIM2	down	late_allcell_DPN_vs_diabetes
late_allcell_residual	23025	UNC13A	down	late_allcell_DPN_vs_diabetes
late_allcell_residual	23037	PDZD2	down	late_allcell_DPN_vs_diabetes
late_allcell_residual	23049	SMG1	down	late_allcell_DPN_vs_diabetes
late_allcell_residual	2305	FOXM1	down	late_allcell_DPN_vs_diabetes
late_allcell_residual	23057	NMNAT2	down	late_allcell_DPN_vs_diabetes
late_allcell_residual	2306	FOXD2	up	late_allcell_DPN_vs_diabetes
late_allcell_residual	2308	FOXO1	down	late_allcell_DPN_vs_diabetes
late_allcell_residual	23089	PEG10	down	late_allcell_DPN_vs_diabetes
late_allcell_residual	23090	ZNF423	up	late_allcell_DPN_vs_diabetes
late_allcell_residual	23099	ZBTB43	down	late_allcell_DPN_vs_diabetes
late_allcell_residual	23105	FSTL4	down	late_allcell_DPN_vs_diabetes
late_allcell_residual	23111	SPART	down	late_allcell_DPN_vs_diabetes
late_allcell_residual	23119	HIC2	up	late_allcell_DPN_vs_diabetes
late_allcell_residual	23125	CAMTA2	up	late_allcell_DPN_vs_diabetes
late_allcell_residual	23139	MAST2	up	late_allcell_DPN_vs_diabetes
late_allcell_residual	23166	STAB1	up	late_allcell_DPN_vs_diabetes
late_allcell_residual	2318	FLNC	up	late_allcell_DPN_vs_diabetes
late_allcell_residual	23199	GSE1	up	late_allcell_DPN_vs_diabetes
late_allcell_residual	23204	ARL6IP1	down	late_allcell_DPN_vs_diabetes
late_allcell_residual	23205	ACSBG1	down	late_allcell_DPN_vs_diabetes
late_allcell_residual	23209	MLC1	down	late_allcell_DPN_vs_diabetes
late_allcell_residual	23213	SULF1	down	late_allcell_DPN_vs_diabetes
late_allcell_residual	23217	ZFR2	down	late_allcell_DPN_vs_diabetes
late_allcell_residual	23218	NBEAL2	up	late_allcell_DPN_vs_diabetes
late_allcell_residual	2322	FLT3	down	late_allcell_DPN_vs_diabetes
late_allcell_residual	23223	RRP12	up	late_allcell_DPN_vs_diabetes
late_allcell_residual	2323	FLT3LG	up	late_allcell_DPN_vs_diabetes
late_allcell_residual	23239	PHLPP1	down	late_allcell_DPN_vs_diabetes
late_allcell_residual	2324	FLT4	up	late_allcell_DPN_vs_diabetes
late_allcell_residual	23245	ASTN2	down	late_allcell_DPN_vs_diabetes
late_allcell_residual	23253	ANKRD12	down	late_allcell_DPN_vs_diabetes
late_allcell_residual	23254	KAZN	up	late_allcell_DPN_vs_diabetes
late_allcell_residual	23265	EXOC7	up	late_allcell_DPN_vs_diabetes
late_allcell_residual	23270	TSPYL4	up	late_allcell_DPN_vs_diabetes
late_allcell_residual	23271	CAMSAP2	down	late_allcell_DPN_vs_diabetes
late_allcell_residual	23275	POFUT2	up	late_allcell_DPN_vs_diabetes
late_allcell_residual	23281	MTUS2	down	late_allcell_DPN_vs_diabetes
late_allcell_residual	23284	ADGRL3	down	late_allcell_DPN_vs_diabetes
late_allcell_residual	23286	WWC1	down	late_allcell_DPN_vs_diabetes
late_allcell_residual	23288	IQCE	up	late_allcell_DPN_vs_diabetes
late_allcell_residual	23299	BICD2	up	late_allcell_DPN_vs_diabetes
late_allcell_residual	2330	FMO5	up	late_allcell_DPN_vs_diabetes
late_allcell_residual	23300	ATMIN	down	late_allcell_DPN_vs_diabetes
late_allcell_residual	23305	ACSL6	down	late_allcell_DPN_vs_diabetes
late_allcell_residual	2331	FMOD	down	late_allcell_DPN_vs_diabetes
late_allcell_residual	23335	WDR7	down	late_allcell_DPN_vs_diabetes
late_allcell_residual	2334	AFF2	down	late_allcell_DPN_vs_diabetes
late_allcell_residual	23349	PHF24	down	late_allcell_DPN_vs_diabetes
late_allcell_residual	23351	KHNYN	up	late_allcell_DPN_vs_diabetes
late_allcell_residual	23354	HAUS5	up	late_allcell_DPN_vs_diabetes
late_allcell_residual	23378	RRP8	up	late_allcell_DPN_vs_diabetes
late_allcell_residual	23394	ADNP	down	late_allcell_DPN_vs_diabetes
late_allcell_residual	23411	SIRT1	down	late_allcell_DPN_vs_diabetes
late_allcell_residual	23421	ITGB3BP	up	late_allcell_DPN_vs_diabetes
late_allcell_residual	23426	GRIP1	down	late_allcell_DPN_vs_diabetes
late_allcell_residual	23433	RHOQ	down	late_allcell_DPN_vs_diabetes
late_allcell_residual	2346	FOLH1	down	late_allcell_DPN_vs_diabetes
late_allcell_residual	23463	ICMT	down	late_allcell_DPN_vs_diabetes
late_allcell_residual	23471	TRAM1	down	late_allcell_DPN_vs_diabetes
late_allcell_residual	23493	HEY2	down	late_allcell_DPN_vs_diabetes
late_allcell_residual	23529	CLCF1	up	late_allcell_DPN_vs_diabetes
late_allcell_residual	2354	FOSB	up	late_allcell_DPN_vs_diabetes
late_allcell_residual	23542	MAPK8IP2	down	late_allcell_DPN_vs_diabetes
late_allcell_residual	23546	SYNGR4	down	late_allcell_DPN_vs_diabetes
late_allcell_residual	23566	LPAR3	down	late_allcell_DPN_vs_diabetes
late_allcell_residual	23568	ARL2BP	down	late_allcell_DPN_vs_diabetes
late_allcell_residual	23576	DDAH1	down	late_allcell_DPN_vs_diabetes
late_allcell_residual	23584	VSIG2	up	late_allcell_DPN_vs_diabetes
late_allcell_residual	23594	ORC6	down	late_allcell_DPN_vs_diabetes
late_allcell_residual	23596	OPN3	down	late_allcell_DPN_vs_diabetes
late_allcell_residual	23604	DAPK2	up	late_allcell_DPN_vs_diabetes
late_allcell_residual	23616	SH3BP1	up	late_allcell_DPN_vs_diabetes
late_allcell_residual	23620	NTSR2	down	late_allcell_DPN_vs_diabetes
late_allcell_residual	23645	PPP1R15A	up	late_allcell_DPN_vs_diabetes
late_allcell_residual	23654	PLXNB2	up	late_allcell_DPN_vs_diabetes
late_allcell_residual	23670	CEMIP2	up	late_allcell_DPN_vs_diabetes
late_allcell_residual	23729	SHPK	up	late_allcell_DPN_vs_diabetes
late_allcell_residual	23743	BHMT2	up	late_allcell_DPN_vs_diabetes
late_allcell_residual	23767	FLRT3	down	late_allcell_DPN_vs_diabetes
late_allcell_residual	2395	FXN	down	late_allcell_DPN_vs_diabetes
late_allcell_residual	24141	LAMP5	down	late_allcell_DPN_vs_diabetes
late_allcell_residual	24147	FJX1	down	late_allcell_DPN_vs_diabetes
late_allcell_residual	24149	ZNF318	up	late_allcell_DPN_vs_diabetes
late_allcell_residual	246329	STAC3	up	late_allcell_DPN_vs_diabetes
late_allcell_residual	249	ALPL	down	late_allcell_DPN_vs_diabetes
late_allcell_residual	2494	NR5A2	up	late_allcell_DPN_vs_diabetes
late_allcell_residual	2519	FUCA2	down	late_allcell_DPN_vs_diabetes
late_allcell_residual	2523	FUT1	up	late_allcell_DPN_vs_diabetes
late_allcell_residual	253152	EPHX4	down	late_allcell_DPN_vs_diabetes
late_allcell_residual	253190	SERHL2	up	late_allcell_DPN_vs_diabetes
late_allcell_residual	253430	IPMK	down	late_allcell_DPN_vs_diabetes
late_allcell_residual	253559	CADM2	down	late_allcell_DPN_vs_diabetes
late_allcell_residual	253738	EBF3	up	late_allcell_DPN_vs_diabetes
late_allcell_residual	253959	RALGAPA1	up	late_allcell_DPN_vs_diabetes
late_allcell_residual	254102	EHBP1L1	up	late_allcell_DPN_vs_diabetes
late_allcell_residual	254240	BPIFC	up	late_allcell_DPN_vs_diabetes
late_allcell_residual	2547	XRCC6	down	late_allcell_DPN_vs_diabetes
late_allcell_residual	254887	ZDHHC23	up	late_allcell_DPN_vs_diabetes
late_allcell_residual	255027	MPV17L	down	late_allcell_DPN_vs_diabetes
late_allcell_residual	2551	GABPA	down	late_allcell_DPN_vs_diabetes
late_allcell_residual	255104	TMCO4	up	late_allcell_DPN_vs_diabetes
late_allcell_residual	255231	MCOLN2	down	late_allcell_DPN_vs_diabetes
late_allcell_residual	255426	RASGEF1C	up	late_allcell_DPN_vs_diabetes
late_allcell_residual	2555	GABRA2	down	late_allcell_DPN_vs_diabetes
late_allcell_residual	255631	COL24A1	up	late_allcell_DPN_vs_diabetes
late_allcell_residual	255783	INAFM1	up	late_allcell_DPN_vs_diabetes
late_allcell_residual	2558	GABRA5	down	late_allcell_DPN_vs_diabetes
late_allcell_residual	255919	CNEP1R1	down	late_allcell_DPN_vs_diabetes
late_allcell_residual	255928	SYT14	down	late_allcell_DPN_vs_diabetes
late_allcell_residual	2560	GABRB1	down	late_allcell_DPN_vs_diabetes
late_allcell_residual	256158	HMCN2	up	late_allcell_DPN_vs_diabetes
late_allcell_residual	2562	GABRB3	down	late_allcell_DPN_vs_diabetes
late_allcell_residual	256227	STEAP1B	up	late_allcell_DPN_vs_diabetes
late_allcell_residual	2564	GABRE	up	late_allcell_DPN_vs_diabetes
late_allcell_residual	256471	MFSD8	down	late_allcell_DPN_vs_diabetes
late_allcell_residual	256472	TMEM151A	down	late_allcell_DPN_vs_diabetes
late_allcell_residual	2565	GABRG1	down	late_allcell_DPN_vs_diabetes
late_allcell_residual	2566	GABRG2	down	late_allcell_DPN_vs_diabetes
late_allcell_residual	256714	MAP7D2	down	late_allcell_DPN_vs_diabetes
late_allcell_residual	256949	KANK3	up	late_allcell_DPN_vs_diabetes
late_allcell_residual	2570	GABRR2	up	late_allcell_DPN_vs_diabetes
late_allcell_residual	257000	TINCR	down	late_allcell_DPN_vs_diabetes
late_allcell_residual	25758	KIAA1549L	down	late_allcell_DPN_vs_diabetes
late_allcell_residual	25769	SLC24A2	down	late_allcell_DPN_vs_diabetes
late_allcell_residual	25789	TMEM59L	down	late_allcell_DPN_vs_diabetes
late_allcell_residual	25800	SLC39A6	down	late_allcell_DPN_vs_diabetes
late_allcell_residual	258010	SVIP	down	late_allcell_DPN_vs_diabetes
late_allcell_residual	25802	LMOD1	up	late_allcell_DPN_vs_diabetes
late_allcell_residual	25806	VAX2	up	late_allcell_DPN_vs_diabetes
late_allcell_residual	25816	TNFAIP8	up	late_allcell_DPN_vs_diabetes
late_allcell_residual	25830	SULT4A1	down	late_allcell_DPN_vs_diabetes
late_allcell_residual	25833	POU2F3	down	late_allcell_DPN_vs_diabetes
late_allcell_residual	25847	ANAPC13	down	late_allcell_DPN_vs_diabetes
late_allcell_residual	25854	FAM149A	down	late_allcell_DPN_vs_diabetes
late_allcell_residual	25864	ABHD14A	down	late_allcell_DPN_vs_diabetes
late_allcell_residual	25878	MXRA5	down	late_allcell_DPN_vs_diabetes
late_allcell_residual	25894	PLEKHG4	up	late_allcell_DPN_vs_diabetes
late_allcell_residual	25914	RTTN	down	late_allcell_DPN_vs_diabetes
late_allcell_residual	259173	ALS2CL	up	late_allcell_DPN_vs_diabetes
late_allcell_residual	259249	MRGPRX1	down	late_allcell_DPN_vs_diabetes
late_allcell_residual	25925	ZNF521	up	late_allcell_DPN_vs_diabetes
late_allcell_residual	25928	SOSTDC1	down	late_allcell_DPN_vs_diabetes
late_allcell_residual	259282	BOD1L1	down	late_allcell_DPN_vs_diabetes
late_allcell_residual	25938	HEATR5A	down	late_allcell_DPN_vs_diabetes
late_allcell_residual	25950	RWDD3	down	late_allcell_DPN_vs_diabetes
late_allcell_residual	25956	SEC31B	up	late_allcell_DPN_vs_diabetes
late_allcell_residual	25959	KANK2	up	late_allcell_DPN_vs_diabetes
late_allcell_residual	25962	VIRMA	down	late_allcell_DPN_vs_diabetes
late_allcell_residual	25987	TSKU	up	late_allcell_DPN_vs_diabetes
late_allcell_residual	25992	SNED1	up	late_allcell_DPN_vs_diabetes
late_allcell_residual	25999	CLIP3	down	late_allcell_DPN_vs_diabetes
late_allcell_residual	26011	TENM4	down	late_allcell_DPN_vs_diabetes
late_allcell_residual	26017	FAM32A	down	late_allcell_DPN_vs_diabetes
late_allcell_residual	26024	PTCD1	up	late_allcell_DPN_vs_diabetes
late_allcell_residual	26025	PCDHGA12	up	late_allcell_DPN_vs_diabetes
late_allcell_residual	26030	PLEKHG3	up	late_allcell_DPN_vs_diabetes
late_allcell_residual	26031	OSBPL3	down	late_allcell_DPN_vs_diabetes
late_allcell_residual	26035	GLCE	down	late_allcell_DPN_vs_diabetes
late_allcell_residual	26040	SETBP1	up	late_allcell_DPN_vs_diabetes
late_allcell_residual	26047	CNTNAP2	down	late_allcell_DPN_vs_diabetes
late_allcell_residual	26049	FAM169A	down	late_allcell_DPN_vs_diabetes
late_allcell_residual	26051	PPP1R16B	up	late_allcell_DPN_vs_diabetes
late_allcell_residual	26059	ERC2	down	late_allcell_DPN_vs_diabetes
late_allcell_residual	26074	CFAP61	up	late_allcell_DPN_vs_diabetes
late_allcell_residual	26086	GPSM1	up	late_allcell_DPN_vs_diabetes
late_allcell_residual	26093	CCDC9	up	late_allcell_DPN_vs_diabetes
late_allcell_residual	26112	CCDC69	up	late_allcell_DPN_vs_diabetes
late_allcell_residual	26140	TTLL3	up	late_allcell_DPN_vs_diabetes
late_allcell_residual	2615	LRRC32	up	late_allcell_DPN_vs_diabetes
late_allcell_residual	26150	RIBC2	up	late_allcell_DPN_vs_diabetes
late_allcell_residual	261729	STEAP2	down	late_allcell_DPN_vs_diabetes
late_allcell_residual	26173	INTS1	up	late_allcell_DPN_vs_diabetes
late_allcell_residual	2620	GAS2	down	late_allcell_DPN_vs_diabetes
late_allcell_residual	26205	GMEB2	up	late_allcell_DPN_vs_diabetes
late_allcell_residual	26228	STAP1	up	late_allcell_DPN_vs_diabetes
late_allcell_residual	26233	FBXL6	up	late_allcell_DPN_vs_diabetes
late_allcell_residual	2624	GATA2	up	late_allcell_DPN_vs_diabetes
late_allcell_residual	26245	OR2M4	down	late_allcell_DPN_vs_diabetes
late_allcell_residual	26246	OR2L2	down	late_allcell_DPN_vs_diabetes
late_allcell_residual	2625	GATA3	up	late_allcell_DPN_vs_diabetes
late_allcell_residual	26256	CABYR	down	late_allcell_DPN_vs_diabetes
late_allcell_residual	2627	GATA6	up	late_allcell_DPN_vs_diabetes
late_allcell_residual	2628	GATM	down	late_allcell_DPN_vs_diabetes
late_allcell_residual	26287	ANKRD2	up	late_allcell_DPN_vs_diabetes
late_allcell_residual	26289	AK5	down	late_allcell_DPN_vs_diabetes
late_allcell_residual	26292	MYCBP	down	late_allcell_DPN_vs_diabetes
late_allcell_residual	2642	GCGR	up	late_allcell_DPN_vs_diabetes
late_allcell_residual	2644	GCHFR	down	late_allcell_DPN_vs_diabetes
late_allcell_residual	2646	GCKR	up	late_allcell_DPN_vs_diabetes
late_allcell_residual	26470	SEZ6L2	down	late_allcell_DPN_vs_diabetes
late_allcell_residual	26471	NUPR1	up	late_allcell_DPN_vs_diabetes
late_allcell_residual	2649	NR6A1	down	late_allcell_DPN_vs_diabetes
late_allcell_residual	26507	CNNM1	down	late_allcell_DPN_vs_diabetes
late_allcell_residual	26575	RGS17	down	late_allcell_DPN_vs_diabetes
late_allcell_residual	26577	PCOLCE2	up	late_allcell_DPN_vs_diabetes
late_allcell_residual	26580	BSCL2	down	late_allcell_DPN_vs_diabetes
late_allcell_residual	2662	GDF10	down	late_allcell_DPN_vs_diabetes
late_allcell_residual	26659	OR7A5	up	late_allcell_DPN_vs_diabetes
late_allcell_residual	266727	MDGA1	up	late_allcell_DPN_vs_diabetes
late_allcell_residual	2668	GDNF	up	late_allcell_DPN_vs_diabetes
late_allcell_residual	2670	GFAP	down	late_allcell_DPN_vs_diabetes
late_allcell_residual	2675	GFRA2	down	late_allcell_DPN_vs_diabetes
late_allcell_residual	2690	GHR	up	late_allcell_DPN_vs_diabetes
late_allcell_residual	26953	RANBP6	down	late_allcell_DPN_vs_diabetes
late_allcell_residual	2697	GJA1	down	late_allcell_DPN_vs_diabetes
late_allcell_residual	26999	CYFIP2	down	late_allcell_DPN_vs_diabetes
late_allcell_residual	27006	FGF22	up	late_allcell_DPN_vs_diabetes
late_allcell_residual	27012	KCNV1	down	late_allcell_DPN_vs_diabetes
late_allcell_residual	2702	GJA5	up	late_allcell_DPN_vs_diabetes
late_allcell_residual	2705	GJB1	down	late_allcell_DPN_vs_diabetes
late_allcell_residual	27069	GHITM	down	late_allcell_DPN_vs_diabetes
late_allcell_residual	27090	ST6GALNAC4	up	late_allcell_DPN_vs_diabetes
late_allcell_residual	27092	CACNG4	down	late_allcell_DPN_vs_diabetes
late_allcell_residual	27094	KCNMB3	up	late_allcell_DPN_vs_diabetes
late_allcell_residual	27098	CLUL1	down	late_allcell_DPN_vs_diabetes
late_allcell_residual	27115	PDE7B	down	late_allcell_DPN_vs_diabetes
late_allcell_residual	27128	CYTH4	up	late_allcell_DPN_vs_diabetes
late_allcell_residual	27133	KCNH5	down	late_allcell_DPN_vs_diabetes
late_allcell_residual	27151	CPAMD8	down	late_allcell_DPN_vs_diabetes
late_allcell_residual	2719	GPC3	down	late_allcell_DPN_vs_diabetes
late_allcell_residual	27198	HCAR1	up	late_allcell_DPN_vs_diabetes
late_allcell_residual	27235	COQ2	down	late_allcell_DPN_vs_diabetes
late_allcell_residual	27239	GPR162	up	late_allcell_DPN_vs_diabetes
late_allcell_residual	27255	CNTN6	down	late_allcell_DPN_vs_diabetes
late_allcell_residual	27286	SRPX2	up	late_allcell_DPN_vs_diabetes
late_allcell_residual	27287	VENTX	down	late_allcell_DPN_vs_diabetes
late_allcell_residual	27289	RND1	down	late_allcell_DPN_vs_diabetes
late_allcell_residual	27291	R3HCC1L	up	late_allcell_DPN_vs_diabetes
late_allcell_residual	2730	GCLM	down	late_allcell_DPN_vs_diabetes
late_allcell_residual	27314	RAB30	up	late_allcell_DPN_vs_diabetes
late_allcell_residual	27344	PCSK1N	down	late_allcell_DPN_vs_diabetes
late_allcell_residual	2739	GLO1	down	late_allcell_DPN_vs_diabetes
late_allcell_residual	274	BIN1	up	late_allcell_DPN_vs_diabetes
late_allcell_residual	2743	GLRB	down	late_allcell_DPN_vs_diabetes
late_allcell_residual	27434	POLM	up	late_allcell_DPN_vs_diabetes
late_allcell_residual	27445	PCLO	down	late_allcell_DPN_vs_diabetes
late_allcell_residual	2746	GLUD1	down	late_allcell_DPN_vs_diabetes
late_allcell_residual	2760	GM2A	down	late_allcell_DPN_vs_diabetes
late_allcell_residual	2786	GNG4	down	late_allcell_DPN_vs_diabetes
late_allcell_residual	2796	GNRH1	up	late_allcell_DPN_vs_diabetes
late_allcell_residual	28	ABO	up	late_allcell_DPN_vs_diabetes
late_allcell_residual	2805	GOT1	down	late_allcell_DPN_vs_diabetes
late_allcell_residual	2806	GOT2	down	late_allcell_DPN_vs_diabetes
late_allcell_residual	2810	SFN	up	late_allcell_DPN_vs_diabetes
late_allcell_residual	2819	GPD1	up	late_allcell_DPN_vs_diabetes
late_allcell_residual	2821	GPI	down	late_allcell_DPN_vs_diabetes
late_allcell_residual	2823	GPM6A	down	late_allcell_DPN_vs_diabetes
late_allcell_residual	28231	SLCO4A1	up	late_allcell_DPN_vs_diabetes
late_allcell_residual	28232	SLCO3A1	up	late_allcell_DPN_vs_diabetes
late_allcell_residual	283130	SLC25A45	up	late_allcell_DPN_vs_diabetes
late_allcell_residual	28316	CDH20	down	late_allcell_DPN_vs_diabetes
late_allcell_residual	283208	P4HA3	up	late_allcell_DPN_vs_diabetes
late_allcell_residual	283229	CRACR2B	up	late_allcell_DPN_vs_diabetes
late_allcell_residual	283455	KSR2	down	late_allcell_DPN_vs_diabetes
late_allcell_residual	283518	KCNRG	down	late_allcell_DPN_vs_diabetes
late_allcell_residual	283521	TMEM272	down	late_allcell_DPN_vs_diabetes
late_allcell_residual	283537	SLC46A3	down	late_allcell_DPN_vs_diabetes
late_allcell_residual	283576	ZDHHC22	down	late_allcell_DPN_vs_diabetes
late_allcell_residual	283643	TEDC1	up	late_allcell_DPN_vs_diabetes
late_allcell_residual	283777	FAM169BP	up	late_allcell_DPN_vs_diabetes
late_allcell_residual	283807	FBXL22	up	late_allcell_DPN_vs_diabetes
late_allcell_residual	283870	BRICD5	down	late_allcell_DPN_vs_diabetes
late_allcell_residual	283899	INO80E	up	late_allcell_DPN_vs_diabetes
late_allcell_residual	283985	FADS6	down	late_allcell_DPN_vs_diabetes
late_allcell_residual	283991	UBALD2	up	late_allcell_DPN_vs_diabetes
late_allcell_residual	284	ANGPT1	up	late_allcell_DPN_vs_diabetes
late_allcell_residual	284004	HEXD	up	late_allcell_DPN_vs_diabetes
late_allcell_residual	284207	METRNL	up	late_allcell_DPN_vs_diabetes
late_allcell_residual	284217	LAMA1	down	late_allcell_DPN_vs_diabetes
late_allcell_residual	284252	KCTD1	down	late_allcell_DPN_vs_diabetes
late_allcell_residual	284297	SSC5D	up	late_allcell_DPN_vs_diabetes
late_allcell_residual	284306	ZNF547	down	late_allcell_DPN_vs_diabetes
late_allcell_residual	284312	ZSCAN1	down	late_allcell_DPN_vs_diabetes
late_allcell_residual	284338	PRR19	down	late_allcell_DPN_vs_diabetes
late_allcell_residual	284359	IZUMO1	up	late_allcell_DPN_vs_diabetes
late_allcell_residual	284417	TMEM150B	up	late_allcell_DPN_vs_diabetes
late_allcell_residual	284451	CIMAP1D	up	late_allcell_DPN_vs_diabetes
late_allcell_residual	284459	ZNF875	up	late_allcell_DPN_vs_diabetes
late_allcell_residual	284467	TAFA3	down	late_allcell_DPN_vs_diabetes
late_allcell_residual	284521	OR2L13	down	late_allcell_DPN_vs_diabetes
late_allcell_residual	284716	RIMKLA	down	late_allcell_DPN_vs_diabetes
late_allcell_residual	284723	SLC25A34	up	late_allcell_DPN_vs_diabetes
late_allcell_residual	284739	C20orf204	up	late_allcell_DPN_vs_diabetes
late_allcell_residual	2849	GPR26	down	late_allcell_DPN_vs_diabetes
late_allcell_residual	2850	GPR27	down	late_allcell_DPN_vs_diabetes
late_allcell_residual	285016	ALKAL2	down	late_allcell_DPN_vs_diabetes
late_allcell_residual	285025	CCDC141	up	late_allcell_DPN_vs_diabetes
late_allcell_residual	285093	RTP5	down	late_allcell_DPN_vs_diabetes
late_allcell_residual	285141	ERICH2	down	late_allcell_DPN_vs_diabetes
late_allcell_residual	285175	UNC80	down	late_allcell_DPN_vs_diabetes
late_allcell_residual	2852	GPER1	up	late_allcell_DPN_vs_diabetes
late_allcell_residual	285220	EPHA6	down	late_allcell_DPN_vs_diabetes
late_allcell_residual	285386	TPRG1	up	late_allcell_DPN_vs_diabetes
late_allcell_residual	285498	RNF212	up	late_allcell_DPN_vs_diabetes
late_allcell_residual	285600	KIAA0825	down	late_allcell_DPN_vs_diabetes
late_allcell_residual	285601	GPR150	up	late_allcell_DPN_vs_diabetes
late_allcell_residual	285605	DTWD2	down	late_allcell_DPN_vs_diabetes
late_allcell_residual	285613	RELL2	down	late_allcell_DPN_vs_diabetes
late_allcell_residual	285672	SREK1IP1	down	late_allcell_DPN_vs_diabetes
late_allcell_residual	285852	TREML4	down	late_allcell_DPN_vs_diabetes
late_allcell_residual	286	ANK1	down	late_allcell_DPN_vs_diabetes
late_allcell_residual	2861	GPR37	down	late_allcell_DPN_vs_diabetes
late_allcell_residual	286183	NKAIN3	down	late_allcell_DPN_vs_diabetes
late_allcell_residual	286451	YIPF6	down	late_allcell_DPN_vs_diabetes
late_allcell_residual	2869	GRK5	up	late_allcell_DPN_vs_diabetes
late_allcell_residual	287	ANK2	down	late_allcell_DPN_vs_diabetes
late_allcell_residual	2877	GPX2	down	late_allcell_DPN_vs_diabetes
late_allcell_residual	2891	GRIA2	down	late_allcell_DPN_vs_diabetes
late_allcell_residual	2893	GRIA4	up	late_allcell_DPN_vs_diabetes
late_allcell_residual	28962	OSTM1	down	late_allcell_DPN_vs_diabetes
late_allcell_residual	2897	GRIK1	down	late_allcell_DPN_vs_diabetes
late_allcell_residual	28972	SPCS1	down	late_allcell_DPN_vs_diabetes
late_allcell_residual	28982	FLVCR1	down	late_allcell_DPN_vs_diabetes
late_allcell_residual	28986	MAGEH1	down	late_allcell_DPN_vs_diabetes
late_allcell_residual	28990	ASTE1	down	late_allcell_DPN_vs_diabetes
late_allcell_residual	28992	MACROD1	up	late_allcell_DPN_vs_diabetes
late_allcell_residual	29015	SLC43A3	up	late_allcell_DPN_vs_diabetes
late_allcell_residual	2902	GRIN1	down	late_allcell_DPN_vs_diabetes
late_allcell_residual	2904	GRIN2B	up	late_allcell_DPN_vs_diabetes
late_allcell_residual	2905	GRIN2C	up	late_allcell_DPN_vs_diabetes
late_allcell_residual	29071	C1GALT1C1	down	late_allcell_DPN_vs_diabetes
late_allcell_residual	29078	NDUFAF4	down	late_allcell_DPN_vs_diabetes
late_allcell_residual	29106	SCG3	down	late_allcell_DPN_vs_diabetes
late_allcell_residual	29109	FHOD1	up	late_allcell_DPN_vs_diabetes
late_allcell_residual	29114	TAGLN3	down	late_allcell_DPN_vs_diabetes
late_allcell_residual	2920	CXCL2	up	late_allcell_DPN_vs_diabetes
late_allcell_residual	2950	GSTP1	down	late_allcell_DPN_vs_diabetes
late_allcell_residual	2968	GTF2H4	up	late_allcell_DPN_vs_diabetes
late_allcell_residual	29796	UQCR10	down	late_allcell_DPN_vs_diabetes
late_allcell_residual	29880	ALG5	down	late_allcell_DPN_vs_diabetes
late_allcell_residual	29883	CNOT7	down	late_allcell_DPN_vs_diabetes
late_allcell_residual	29901	SAC3D1	down	late_allcell_DPN_vs_diabetes
late_allcell_residual	29906	ST8SIA5	down	late_allcell_DPN_vs_diabetes
late_allcell_residual	29911	HOOK2	up	late_allcell_DPN_vs_diabetes
late_allcell_residual	2992	GYG1	down	late_allcell_DPN_vs_diabetes
late_allcell_residual	29929	ALG6	down	late_allcell_DPN_vs_diabetes
late_allcell_residual	29933	GPR132	up	late_allcell_DPN_vs_diabetes
late_allcell_residual	29941	PKN3	up	late_allcell_DPN_vs_diabetes
late_allcell_residual	29944	PNMA3	down	late_allcell_DPN_vs_diabetes
late_allcell_residual	29948	OSGIN1	up	late_allcell_DPN_vs_diabetes
late_allcell_residual	29950	SERTAD1	up	late_allcell_DPN_vs_diabetes
late_allcell_residual	29951	PDZRN4	down	late_allcell_DPN_vs_diabetes
late_allcell_residual	29953	TRHDE	up	late_allcell_DPN_vs_diabetes
late_allcell_residual	29967	LRP12	down	late_allcell_DPN_vs_diabetes
late_allcell_residual	29968	PSAT1	down	late_allcell_DPN_vs_diabetes
late_allcell_residual	29978	UBQLN2	down	late_allcell_DPN_vs_diabetes
late_allcell_residual	29993	PACSIN1	down	late_allcell_DPN_vs_diabetes
late_allcell_residual	29995	LMCD1	up	late_allcell_DPN_vs_diabetes
late_allcell_residual	29998	BICRA	up	late_allcell_DPN_vs_diabetes
late_allcell_residual	30012	TLX3	down	late_allcell_DPN_vs_diabetes
late_allcell_residual	3009	H1-5	up	late_allcell_DPN_vs_diabetes
late_allcell_residual	3036	HAS1	down	late_allcell_DPN_vs_diabetes
late_allcell_residual	3037	HAS2	up	late_allcell_DPN_vs_diabetes
late_allcell_residual	3040	HBA2	down	late_allcell_DPN_vs_diabetes
late_allcell_residual	3055	HCK	up	late_allcell_DPN_vs_diabetes
late_allcell_residual	3066	HDAC2	down	late_allcell_DPN_vs_diabetes
late_allcell_residual	30815	ST6GALNAC6	up	late_allcell_DPN_vs_diabetes
late_allcell_residual	30819	KCNIP2	up	late_allcell_DPN_vs_diabetes
late_allcell_residual	30835	CD209	up	late_allcell_DPN_vs_diabetes
late_allcell_residual	3084	NRG1	down	late_allcell_DPN_vs_diabetes
late_allcell_residual	3090	HIC1	up	late_allcell_DPN_vs_diabetes
late_allcell_residual	3093	UBE2K	down	late_allcell_DPN_vs_diabetes
late_allcell_residual	3099	HK2	down	late_allcell_DPN_vs_diabetes
late_allcell_residual	31	ACACA	down	late_allcell_DPN_vs_diabetes
late_allcell_residual	3101	HK3	up	late_allcell_DPN_vs_diabetes
late_allcell_residual	3142	HLX	up	late_allcell_DPN_vs_diabetes
late_allcell_residual	3156	HMGCR	down	late_allcell_DPN_vs_diabetes
late_allcell_residual	3157	HMGCS1	down	late_allcell_DPN_vs_diabetes
late_allcell_residual	3164	NR4A1	up	late_allcell_DPN_vs_diabetes
late_allcell_residual	317761	C14orf39	down	late_allcell_DPN_vs_diabetes
late_allcell_residual	317781	DDX51	up	late_allcell_DPN_vs_diabetes
late_allcell_residual	3191	HNRNPL	down	late_allcell_DPN_vs_diabetes
late_allcell_residual	32	ACACB	up	late_allcell_DPN_vs_diabetes
late_allcell_residual	3201	HOXA4	up	late_allcell_DPN_vs_diabetes
late_allcell_residual	3203	HOXA6	up	late_allcell_DPN_vs_diabetes
late_allcell_residual	3205	HOXA9	up	late_allcell_DPN_vs_diabetes
late_allcell_residual	321	APBA2	down	late_allcell_DPN_vs_diabetes
late_allcell_residual	3212	HOXB2	up	late_allcell_DPN_vs_diabetes
late_allcell_residual	3214	HOXB4	up	late_allcell_DPN_vs_diabetes
late_allcell_residual	3215	HOXB5	up	late_allcell_DPN_vs_diabetes
late_allcell_residual	3216	HOXB6	up	late_allcell_DPN_vs_diabetes
late_allcell_residual	322	APBB1	down	late_allcell_DPN_vs_diabetes
late_allcell_residual	3231	HOXD1	down	late_allcell_DPN_vs_diabetes
late_allcell_residual	324	APC	down	late_allcell_DPN_vs_diabetes
late_allcell_residual	3248	HPGD	down	late_allcell_DPN_vs_diabetes
late_allcell_residual	3250	HPR	up	late_allcell_DPN_vs_diabetes
late_allcell_residual	326624	RAB37	down	late_allcell_DPN_vs_diabetes
late_allcell_residual	328	APEX1	down	late_allcell_DPN_vs_diabetes
late_allcell_residual	3280	HES1	up	late_allcell_DPN_vs_diabetes
late_allcell_residual	329	BIRC2	down	late_allcell_DPN_vs_diabetes
late_allcell_residual	3292	HSD17B1	up	late_allcell_DPN_vs_diabetes
late_allcell_residual	3299	HSF4	up	late_allcell_DPN_vs_diabetes
late_allcell_residual	3301	DNAJA1	down	late_allcell_DPN_vs_diabetes
late_allcell_residual	3303	HSPA1A	up	late_allcell_DPN_vs_diabetes
late_allcell_residual	3306	HSPA2	down	late_allcell_DPN_vs_diabetes
late_allcell_residual	333	APLP1	down	late_allcell_DPN_vs_diabetes
late_allcell_residual	3339	HSPG2	up	late_allcell_DPN_vs_diabetes
late_allcell_residual	333926	PPM1J	down	late_allcell_DPN_vs_diabetes
late_allcell_residual	333929	SNAI3	up	late_allcell_DPN_vs_diabetes
late_allcell_residual	3352	HTR1D	down	late_allcell_DPN_vs_diabetes
late_allcell_residual	3354	HTR1E	down	late_allcell_DPN_vs_diabetes
late_allcell_residual	3371	TNC	up	late_allcell_DPN_vs_diabetes
late_allcell_residual	338322	NLRP10	up	late_allcell_DPN_vs_diabetes
late_allcell_residual	338382	RAB7B	up	late_allcell_DPN_vs_diabetes
late_allcell_residual	338557	FFAR4	down	late_allcell_DPN_vs_diabetes
late_allcell_residual	338567	KCNK18	down	late_allcell_DPN_vs_diabetes
late_allcell_residual	3386	ICAM4	up	late_allcell_DPN_vs_diabetes
late_allcell_residual	338645	LUZP2	down	late_allcell_DPN_vs_diabetes
late_allcell_residual	339168	TMEM95	up	late_allcell_DPN_vs_diabetes
late_allcell_residual	339318	ZNF181	down	late_allcell_DPN_vs_diabetes
late_allcell_residual	339390	CLEC4G	up	late_allcell_DPN_vs_diabetes
late_allcell_residual	339398	LINGO4	down	late_allcell_DPN_vs_diabetes
late_allcell_residual	339451	KLHL17	up	late_allcell_DPN_vs_diabetes
late_allcell_residual	3397	ID1	up	late_allcell_DPN_vs_diabetes
late_allcell_residual	339761	CYP27C1	down	late_allcell_DPN_vs_diabetes
late_allcell_residual	339983	ASPNAT	down	late_allcell_DPN_vs_diabetes
late_allcell_residual	340205	TREML1	down	late_allcell_DPN_vs_diabetes
late_allcell_residual	340267	COL28A1	down	late_allcell_DPN_vs_diabetes
late_allcell_residual	340419	RSPO2	down	late_allcell_DPN_vs_diabetes
late_allcell_residual	340526	RTL5	up	late_allcell_DPN_vs_diabetes
late_allcell_residual	340542	BEX5	down	late_allcell_DPN_vs_diabetes
late_allcell_residual	340543	TCEAL5	down	late_allcell_DPN_vs_diabetes
late_allcell_residual	340578	DCAF12L2	down	late_allcell_DPN_vs_diabetes
late_allcell_residual	340596	LHFPL1	down	late_allcell_DPN_vs_diabetes
late_allcell_residual	341	APOC1	down	late_allcell_DPN_vs_diabetes
late_allcell_residual	341152	OR2AT4	down	late_allcell_DPN_vs_diabetes
late_allcell_residual	341359	SYT10	down	late_allcell_DPN_vs_diabetes
late_allcell_residual	342125	TMC3	down	late_allcell_DPN_vs_diabetes
late_allcell_residual	342132	ZNF774	down	late_allcell_DPN_vs_diabetes
late_allcell_residual	342372	PKD1L3	up	late_allcell_DPN_vs_diabetes
late_allcell_residual	342865	VSTM2B	down	late_allcell_DPN_vs_diabetes
late_allcell_residual	342908	ZNF404	up	late_allcell_DPN_vs_diabetes
late_allcell_residual	343521	DYNLT4	up	late_allcell_DPN_vs_diabetes
late_allcell_residual	344	APOC2	down	late_allcell_DPN_vs_diabetes
late_allcell_residual	344758	GPR149	down	late_allcell_DPN_vs_diabetes
late_allcell_residual	344838	PAQR9	down	late_allcell_DPN_vs_diabetes
late_allcell_residual	345051	REELD1	up	late_allcell_DPN_vs_diabetes
late_allcell_residual	347	APOD	down	late_allcell_DPN_vs_diabetes
late_allcell_residual	347404	LANCL3	down	late_allcell_DPN_vs_diabetes
late_allcell_residual	347475	CCDC160	down	late_allcell_DPN_vs_diabetes
late_allcell_residual	3475	IFRD1	up	late_allcell_DPN_vs_diabetes
late_allcell_residual	347688	TUBB8	up	late_allcell_DPN_vs_diabetes
late_allcell_residual	347730	LRRTM1	down	late_allcell_DPN_vs_diabetes
late_allcell_residual	347734	SLC35B2	down	late_allcell_DPN_vs_diabetes
late_allcell_residual	3479	IGF1	up	late_allcell_DPN_vs_diabetes
late_allcell_residual	3480	IGF1R	up	late_allcell_DPN_vs_diabetes
late_allcell_residual	348013	TMEM255B	up	late_allcell_DPN_vs_diabetes
late_allcell_residual	348378	SHISAL2A	down	late_allcell_DPN_vs_diabetes
late_allcell_residual	3488	IGFBP5	up	late_allcell_DPN_vs_diabetes
late_allcell_residual	348995	NUP43	down	late_allcell_DPN_vs_diabetes
late_allcell_residual	3491	CCN1	down	late_allcell_DPN_vs_diabetes
late_allcell_residual	349149	GJC3	down	late_allcell_DPN_vs_diabetes
late_allcell_residual	353116	RILPL1	up	late_allcell_DPN_vs_diabetes
late_allcell_residual	353189	SLCO4C1	down	late_allcell_DPN_vs_diabetes
late_allcell_residual	353345	GPR141	down	late_allcell_DPN_vs_diabetes
late_allcell_residual	3553	IL1B	up	late_allcell_DPN_vs_diabetes
late_allcell_residual	3563	IL3RA	up	late_allcell_DPN_vs_diabetes
late_allcell_residual	3575	IL7R	up	late_allcell_DPN_vs_diabetes
late_allcell_residual	3587	IL10RA	up	late_allcell_DPN_vs_diabetes
late_allcell_residual	3590	IL11RA	up	late_allcell_DPN_vs_diabetes
late_allcell_residual	3592	IL12A	down	late_allcell_DPN_vs_diabetes
late_allcell_residual	3601	IL15RA	up	late_allcell_DPN_vs_diabetes
late_allcell_residual	3603	IL16	up	late_allcell_DPN_vs_diabetes
late_allcell_residual	3606	IL18	down	late_allcell_DPN_vs_diabetes
late_allcell_residual	361	AQP4	down	late_allcell_DPN_vs_diabetes
late_allcell_residual	3621	ING1	up	late_allcell_DPN_vs_diabetes
late_allcell_residual	3638	INSIG1	down	late_allcell_DPN_vs_diabetes
late_allcell_residual	364	AQP7	up	late_allcell_DPN_vs_diabetes
late_allcell_residual	3645	INSRR	up	late_allcell_DPN_vs_diabetes
late_allcell_residual	3656	IRAK2	up	late_allcell_DPN_vs_diabetes
late_allcell_residual	3659	IRF1	up	late_allcell_DPN_vs_diabetes
late_allcell_residual	3661	IRF3	up	late_allcell_DPN_vs_diabetes
late_allcell_residual	3662	IRF4	up	late_allcell_DPN_vs_diabetes
late_allcell_residual	3669	ISG20	up	late_allcell_DPN_vs_diabetes
late_allcell_residual	367	AR	up	late_allcell_DPN_vs_diabetes
late_allcell_residual	3670	ISL1	down	late_allcell_DPN_vs_diabetes
late_allcell_residual	3674	ITGA2B	up	late_allcell_DPN_vs_diabetes
late_allcell_residual	3678	ITGA5	up	late_allcell_DPN_vs_diabetes
late_allcell_residual	3679	ITGA7	up	late_allcell_DPN_vs_diabetes
late_allcell_residual	3680	ITGA9	up	late_allcell_DPN_vs_diabetes
late_allcell_residual	3688	ITGB1	down	late_allcell_DPN_vs_diabetes
late_allcell_residual	3690	ITGB3	up	late_allcell_DPN_vs_diabetes
late_allcell_residual	3691	ITGB4	up	late_allcell_DPN_vs_diabetes
late_allcell_residual	3696	ITGB8	up	late_allcell_DPN_vs_diabetes
late_allcell_residual	3699	ITIH3	up	late_allcell_DPN_vs_diabetes
late_allcell_residual	3702	ITK	up	late_allcell_DPN_vs_diabetes
late_allcell_residual	3707	ITPKB	up	late_allcell_DPN_vs_diabetes
late_allcell_residual	3710	ITPR3	up	late_allcell_DPN_vs_diabetes
late_allcell_residual	3730	ANOS1	down	late_allcell_DPN_vs_diabetes
late_allcell_residual	373509	USP50	down	late_allcell_DPN_vs_diabetes
late_allcell_residual	3736	KCNA1	down	late_allcell_DPN_vs_diabetes
late_allcell_residual	3737	KCNA2	down	late_allcell_DPN_vs_diabetes
late_allcell_residual	3739	KCNA4	down	late_allcell_DPN_vs_diabetes
late_allcell_residual	374383	NCR3LG1	down	late_allcell_DPN_vs_diabetes
late_allcell_residual	3746	KCNC1	down	late_allcell_DPN_vs_diabetes
late_allcell_residual	3748	KCNC3	down	late_allcell_DPN_vs_diabetes
late_allcell_residual	374928	ZNF773	down	late_allcell_DPN_vs_diabetes
late_allcell_residual	375057	STUM	up	late_allcell_DPN_vs_diabetes
late_allcell_residual	375189	PFN4	up	late_allcell_DPN_vs_diabetes
late_allcell_residual	375323	LHFPL4	down	late_allcell_DPN_vs_diabetes
late_allcell_residual	3755	KCNG1	down	late_allcell_DPN_vs_diabetes
late_allcell_residual	375567	VWC2	down	late_allcell_DPN_vs_diabetes
late_allcell_residual	375612	LHFPL3	down	late_allcell_DPN_vs_diabetes
late_allcell_residual	375704	ENHO	down	late_allcell_DPN_vs_diabetes
late_allcell_residual	375775	PNPLA7	up	late_allcell_DPN_vs_diabetes
late_allcell_residual	3760	KCNJ3	down	late_allcell_DPN_vs_diabetes
late_allcell_residual	3766	KCNJ10	down	late_allcell_DPN_vs_diabetes
late_allcell_residual	3769	KCNJ13	down	late_allcell_DPN_vs_diabetes
late_allcell_residual	3770	KCNJ14	up	late_allcell_DPN_vs_diabetes
late_allcell_residual	377047	PRSS45P	up	late_allcell_DPN_vs_diabetes
late_allcell_residual	3775	KCNK1	down	late_allcell_DPN_vs_diabetes
late_allcell_residual	3776	KCNK2	up	late_allcell_DPN_vs_diabetes
late_allcell_residual	3778	KCNMA1	down	late_allcell_DPN_vs_diabetes
late_allcell_residual	3781	KCNN2	down	late_allcell_DPN_vs_diabetes
late_allcell_residual	3785	KCNQ2	down	late_allcell_DPN_vs_diabetes
late_allcell_residual	3787	KCNS1	down	late_allcell_DPN_vs_diabetes
late_allcell_residual	3790	KCNS3	down	late_allcell_DPN_vs_diabetes
late_allcell_residual	38	ACAT1	down	late_allcell_DPN_vs_diabetes
late_allcell_residual	3815	KIT	down	late_allcell_DPN_vs_diabetes
late_allcell_residual	3824	KLRD1	up	late_allcell_DPN_vs_diabetes
late_allcell_residual	3832	KIF11	down	late_allcell_DPN_vs_diabetes
late_allcell_residual	384	ARG2	down	late_allcell_DPN_vs_diabetes
late_allcell_residual	3841	KPNA5	down	late_allcell_DPN_vs_diabetes
late_allcell_residual	3845	KRAS	down	late_allcell_DPN_vs_diabetes
late_allcell_residual	3856	KRT8	up	late_allcell_DPN_vs_diabetes
late_allcell_residual	386617	KCTD8	down	late_allcell_DPN_vs_diabetes
late_allcell_residual	386618	KCTD4	down	late_allcell_DPN_vs_diabetes
late_allcell_residual	387129	NPSR1	down	late_allcell_DPN_vs_diabetes
late_allcell_residual	387509	GPR153	up	late_allcell_DPN_vs_diabetes
late_allcell_residual	387700	SLC16A12	down	late_allcell_DPN_vs_diabetes
late_allcell_residual	387707	CC2D2B	down	late_allcell_DPN_vs_diabetes
late_allcell_residual	387758	FIBIN	down	late_allcell_DPN_vs_diabetes
late_allcell_residual	388021	TMEM179	down	late_allcell_DPN_vs_diabetes
late_allcell_residual	3881	KRT31	up	late_allcell_DPN_vs_diabetes
late_allcell_residual	388121	TIPE3	up	late_allcell_DPN_vs_diabetes
late_allcell_residual	388135	INSYN1	down	late_allcell_DPN_vs_diabetes
late_allcell_residual	388336	SHISA6	down	late_allcell_DPN_vs_diabetes
late_allcell_residual	3885	KRT34	up	late_allcell_DPN_vs_diabetes
late_allcell_residual	388552	BLOC1S3	up	late_allcell_DPN_vs_diabetes
late_allcell_residual	388558	ZNF808	down	late_allcell_DPN_vs_diabetes
late_allcell_residual	388585	HES5	down	late_allcell_DPN_vs_diabetes
late_allcell_residual	388630	TRABD2B	up	late_allcell_DPN_vs_diabetes
late_allcell_residual	388650	DIPK1A	down	late_allcell_DPN_vs_diabetes
late_allcell_residual	388722	C1orf53	down	late_allcell_DPN_vs_diabetes
late_allcell_residual	388789	SMIM26	down	late_allcell_DPN_vs_diabetes
late_allcell_residual	388795	EFCAB8	up	late_allcell_DPN_vs_diabetes
late_allcell_residual	388962	BOLA3	down	late_allcell_DPN_vs_diabetes
late_allcell_residual	388963	C2orf81	up	late_allcell_DPN_vs_diabetes
late_allcell_residual	389125	MUSTN1	up	late_allcell_DPN_vs_diabetes
late_allcell_residual	389203	SMIM20	down	late_allcell_DPN_vs_diabetes
late_allcell_residual	389333	PROB1	up	late_allcell_DPN_vs_diabetes
late_allcell_residual	389337	ARHGEF37	up	late_allcell_DPN_vs_diabetes
late_allcell_residual	389816	LRRC26	up	late_allcell_DPN_vs_diabetes
late_allcell_residual	39	ACAT2	down	late_allcell_DPN_vs_diabetes
late_allcell_residual	390205	LRRC10B	up	late_allcell_DPN_vs_diabetes
late_allcell_residual	3911	LAMA5	up	late_allcell_DPN_vs_diabetes
late_allcell_residual	391192	OR2L3	down	late_allcell_DPN_vs_diabetes
late_allcell_residual	391195	OR2T33	down	late_allcell_DPN_vs_diabetes
late_allcell_residual	3920	LAMP2	down	late_allcell_DPN_vs_diabetes
late_allcell_residual	392843	DRC11L	up	late_allcell_DPN_vs_diabetes
late_allcell_residual	3929	LBP	up	late_allcell_DPN_vs_diabetes
late_allcell_residual	393	ARHGAP4	up	late_allcell_DPN_vs_diabetes
late_allcell_residual	3930	LBR	down	late_allcell_DPN_vs_diabetes
late_allcell_residual	394	ARHGAP5	down	late_allcell_DPN_vs_diabetes
late_allcell_residual	3945	LDHB	down	late_allcell_DPN_vs_diabetes
late_allcell_residual	3949	LDLR	down	late_allcell_DPN_vs_diabetes
late_allcell_residual	3952	LEP	up	late_allcell_DPN_vs_diabetes
late_allcell_residual	3953	LEPR	down	late_allcell_DPN_vs_diabetes
late_allcell_residual	3965	LGALS9	down	late_allcell_DPN_vs_diabetes
late_allcell_residual	3977	LIFR	down	late_allcell_DPN_vs_diabetes
late_allcell_residual	3978	LIG1	up	late_allcell_DPN_vs_diabetes
late_allcell_residual	398	ARHGDIG	down	late_allcell_DPN_vs_diabetes
late_allcell_residual	3988	LIPA	down	late_allcell_DPN_vs_diabetes
late_allcell_residual	3991	LIPE	up	late_allcell_DPN_vs_diabetes
late_allcell_residual	3992	FADS1	down	late_allcell_DPN_vs_diabetes
late_allcell_residual	3993	LLGL2	up	late_allcell_DPN_vs_diabetes
late_allcell_residual	399473	SPRED3	up	late_allcell_DPN_vs_diabetes
late_allcell_residual	399697	CTXN2	down	late_allcell_DPN_vs_diabetes
late_allcell_residual	399947	C11orf87	down	late_allcell_DPN_vs_diabetes
late_allcell_residual	399967	PATE2	down	late_allcell_DPN_vs_diabetes
late_allcell_residual	399979	SNX19	up	late_allcell_DPN_vs_diabetes
late_allcell_residual	400120	SERTM1	down	late_allcell_DPN_vs_diabetes
late_allcell_residual	400224	PLEKHD1	down	late_allcell_DPN_vs_diabetes
late_allcell_residual	400258	C14orf180	up	late_allcell_DPN_vs_diabetes
late_allcell_residual	4004	LMO1	down	late_allcell_DPN_vs_diabetes
late_allcell_residual	400566	LIAT1	up	late_allcell_DPN_vs_diabetes
late_allcell_residual	400916	CHCHD10	down	late_allcell_DPN_vs_diabetes
late_allcell_residual	401097	C3orf80	down	late_allcell_DPN_vs_diabetes
late_allcell_residual	401115	NICOL1	down	late_allcell_DPN_vs_diabetes
late_allcell_residual	401399	PRRT4	up	late_allcell_DPN_vs_diabetes
late_allcell_residual	401466	RBIS	down	late_allcell_DPN_vs_diabetes
late_allcell_residual	401541	CENPP	up	late_allcell_DPN_vs_diabetes
late_allcell_residual	401562	LCNL1	down	late_allcell_DPN_vs_diabetes
late_allcell_residual	401612	SLC25A53	down	late_allcell_DPN_vs_diabetes
late_allcell_residual	401613	SERTM2	up	late_allcell_DPN_vs_diabetes
late_allcell_residual	402381	SOHLH1	down	late_allcell_DPN_vs_diabetes
late_allcell_residual	402778	IFITM10	up	late_allcell_DPN_vs_diabetes
late_allcell_residual	4041	LRP5	up	late_allcell_DPN_vs_diabetes
late_allcell_residual	4045	LSAMP	down	late_allcell_DPN_vs_diabetes
late_allcell_residual	4046	LSP1	up	late_allcell_DPN_vs_diabetes
late_allcell_residual	4060	LUM	down	late_allcell_DPN_vs_diabetes
late_allcell_residual	4061	LY6E	down	late_allcell_DPN_vs_diabetes
late_allcell_residual	4062	LY6H	down	late_allcell_DPN_vs_diabetes
late_allcell_residual	407738	TAFA1	down	late_allcell_DPN_vs_diabetes
late_allcell_residual	408263	FNDC9	up	late_allcell_DPN_vs_diabetes
late_allcell_residual	4088	SMAD3	up	late_allcell_DPN_vs_diabetes
late_allcell_residual	4091	SMAD6	up	late_allcell_DPN_vs_diabetes
late_allcell_residual	411	ARSB	down	late_allcell_DPN_vs_diabetes
late_allcell_residual	412	STS	down	late_allcell_DPN_vs_diabetes
late_allcell_residual	4126	MANBA	down	late_allcell_DPN_vs_diabetes
late_allcell_residual	4128	MAOA	up	late_allcell_DPN_vs_diabetes
late_allcell_residual	4130	MAP1A	down	late_allcell_DPN_vs_diabetes
late_allcell_residual	4135	MAP6	down	late_allcell_DPN_vs_diabetes
late_allcell_residual	4137	MAPT	down	late_allcell_DPN_vs_diabetes
late_allcell_residual	414157	C10orf62	up	late_allcell_DPN_vs_diabetes
late_allcell_residual	414332	LCN10	up	late_allcell_DPN_vs_diabetes
late_allcell_residual	4148	MATN3	down	late_allcell_DPN_vs_diabetes
late_allcell_residual	415	ARSL	down	late_allcell_DPN_vs_diabetes
late_allcell_residual	4155	MBP	down	late_allcell_DPN_vs_diabetes
late_allcell_residual	4163	MCC	up	late_allcell_DPN_vs_diabetes
late_allcell_residual	4174	MCM5	up	late_allcell_DPN_vs_diabetes
late_allcell_residual	4176	MCM7	up	late_allcell_DPN_vs_diabetes
late_allcell_residual	4189	DNAJB9	down	late_allcell_DPN_vs_diabetes
late_allcell_residual	4190	MDH1	down	late_allcell_DPN_vs_diabetes
late_allcell_residual	4200	ME2	down	late_allcell_DPN_vs_diabetes
late_allcell_residual	4212	MEIS2	up	late_allcell_DPN_vs_diabetes
late_allcell_residual	4241	MELTF	up	late_allcell_DPN_vs_diabetes
late_allcell_residual	4242	MFNG	up	late_allcell_DPN_vs_diabetes
late_allcell_residual	4255	MGMT	up	late_allcell_DPN_vs_diabetes
late_allcell_residual	4256	MGP	down	late_allcell_DPN_vs_diabetes
late_allcell_residual	4261	CIITA	up	late_allcell_DPN_vs_diabetes
late_allcell_residual	4298	MLLT1	up	late_allcell_DPN_vs_diabetes
late_allcell_residual	4302	MLLT6	up	late_allcell_DPN_vs_diabetes
late_allcell_residual	4313	MMP2	up	late_allcell_DPN_vs_diabetes
late_allcell_residual	4314	MMP3	up	late_allcell_DPN_vs_diabetes
late_allcell_residual	4320	MMP11	up	late_allcell_DPN_vs_diabetes
late_allcell_residual	4327	MMP19	up	late_allcell_DPN_vs_diabetes
late_allcell_residual	4330	MN1	up	late_allcell_DPN_vs_diabetes
late_allcell_residual	4337	MOCS1	up	late_allcell_DPN_vs_diabetes
late_allcell_residual	4343	MOV10	up	late_allcell_DPN_vs_diabetes
late_allcell_residual	4363	ABCC1	up	late_allcell_DPN_vs_diabetes
late_allcell_residual	439	GET3	down	late_allcell_DPN_vs_diabetes
late_allcell_residual	440107	PLEKHG7	up	late_allcell_DPN_vs_diabetes
late_allcell_residual	440138	ALG11	down	late_allcell_DPN_vs_diabetes
late_allcell_residual	440193	CCDC88C	up	late_allcell_DPN_vs_diabetes
late_allcell_residual	440400	RNASEK	down	late_allcell_DPN_vs_diabetes
late_allcell_residual	440503	PLIN5	up	late_allcell_DPN_vs_diabetes
late_allcell_residual	440699	LRRC52	down	late_allcell_DPN_vs_diabetes
late_allcell_residual	440730	TRIM67	down	late_allcell_DPN_vs_diabetes
late_allcell_residual	440738	MAP1LC3C	up	late_allcell_DPN_vs_diabetes
late_allcell_residual	440836	CIMAP1B	up	late_allcell_DPN_vs_diabetes
late_allcell_residual	441151	TMEM151B	down	late_allcell_DPN_vs_diabetes
late_allcell_residual	441168	CALHM6	down	late_allcell_DPN_vs_diabetes
late_allcell_residual	441308	OR4F21	up	late_allcell_DPN_vs_diabetes
late_allcell_residual	441381	LRRC24	up	late_allcell_DPN_vs_diabetes
late_allcell_residual	441478	NRARP	up	late_allcell_DPN_vs_diabetes
late_allcell_residual	441631	TSPAN11	down	late_allcell_DPN_vs_diabetes
late_allcell_residual	4493	MT1E	down	late_allcell_DPN_vs_diabetes
late_allcell_residual	4504	MT3	down	late_allcell_DPN_vs_diabetes
late_allcell_residual	4585	MUC4	down	late_allcell_DPN_vs_diabetes
late_allcell_residual	4594	MMUT	down	late_allcell_DPN_vs_diabetes
late_allcell_residual	4598	MVK	down	late_allcell_DPN_vs_diabetes
late_allcell_residual	4599	MX1	down	late_allcell_DPN_vs_diabetes
late_allcell_residual	460	ASTN1	down	late_allcell_DPN_vs_diabetes
late_allcell_residual	4607	MYBPC3	up	late_allcell_DPN_vs_diabetes
late_allcell_residual	4625	MYH7	up	late_allcell_DPN_vs_diabetes
late_allcell_residual	4629	MYH11	up	late_allcell_DPN_vs_diabetes
late_allcell_residual	4634	MYL3	up	late_allcell_DPN_vs_diabetes
late_allcell_residual	4640	MYO1A	down	late_allcell_DPN_vs_diabetes
late_allcell_residual	4643	MYO1E	up	late_allcell_DPN_vs_diabetes
late_allcell_residual	4645	MYO5B	down	late_allcell_DPN_vs_diabetes
late_allcell_residual	4650	MYO9B	up	late_allcell_DPN_vs_diabetes
late_allcell_residual	4651	MYO10	down	late_allcell_DPN_vs_diabetes
late_allcell_residual	4653	MYOC	up	late_allcell_DPN_vs_diabetes
late_allcell_residual	4661	MYT1	down	late_allcell_DPN_vs_diabetes
late_allcell_residual	4674	NAP1L2	down	late_allcell_DPN_vs_diabetes
late_allcell_residual	4675	NAP1L3	down	late_allcell_DPN_vs_diabetes
late_allcell_residual	4681	NBL1	down	late_allcell_DPN_vs_diabetes
late_allcell_residual	4683	NBN	down	late_allcell_DPN_vs_diabetes
late_allcell_residual	4684	NCAM1	down	late_allcell_DPN_vs_diabetes
late_allcell_residual	4685	NCAM2	down	late_allcell_DPN_vs_diabetes
late_allcell_residual	4692	NDN	down	late_allcell_DPN_vs_diabetes
late_allcell_residual	47	ACLY	down	late_allcell_DPN_vs_diabetes
late_allcell_residual	4708	NDUFB2	down	late_allcell_DPN_vs_diabetes
late_allcell_residual	4709	NDUFB3	down	late_allcell_DPN_vs_diabetes
late_allcell_residual	4710	NDUFB4	down	late_allcell_DPN_vs_diabetes
late_allcell_residual	4718	NDUFC2	down	late_allcell_DPN_vs_diabetes
late_allcell_residual	4745	NELL1	down	late_allcell_DPN_vs_diabetes
late_allcell_residual	475	ATOX1	down	late_allcell_DPN_vs_diabetes
late_allcell_residual	4756	NEO1	down	late_allcell_DPN_vs_diabetes
late_allcell_residual	476	ATP1A1	down	late_allcell_DPN_vs_diabetes
late_allcell_residual	477	ATP1A2	down	late_allcell_DPN_vs_diabetes
late_allcell_residual	4776	NFATC4	up	late_allcell_DPN_vs_diabetes
late_allcell_residual	478	ATP1A3	down	late_allcell_DPN_vs_diabetes
late_allcell_residual	4783	NFIL3	up	late_allcell_DPN_vs_diabetes
late_allcell_residual	4784	NFIX	up	late_allcell_DPN_vs_diabetes
late_allcell_residual	4791	NFKB2	up	late_allcell_DPN_vs_diabetes
late_allcell_residual	4800	NFYA	up	late_allcell_DPN_vs_diabetes
late_allcell_residual	4804	NGFR	down	late_allcell_DPN_vs_diabetes
late_allcell_residual	481	ATP1B1	down	late_allcell_DPN_vs_diabetes
late_allcell_residual	4826	NNAT	down	late_allcell_DPN_vs_diabetes
late_allcell_residual	4828	NMB	down	late_allcell_DPN_vs_diabetes
late_allcell_residual	483	ATP1B3	down	late_allcell_DPN_vs_diabetes
late_allcell_residual	4831	NME2	down	late_allcell_DPN_vs_diabetes
late_allcell_residual	4835	NQO2	up	late_allcell_DPN_vs_diabetes
late_allcell_residual	4842	NOS1	down	late_allcell_DPN_vs_diabetes
late_allcell_residual	4846	NOS3	up	late_allcell_DPN_vs_diabetes
late_allcell_residual	4856	CCN3	down	late_allcell_DPN_vs_diabetes
late_allcell_residual	4858	NOVA2	up	late_allcell_DPN_vs_diabetes
late_allcell_residual	486	FXYD2	up	late_allcell_DPN_vs_diabetes
late_allcell_residual	4862	NPAS2	up	late_allcell_DPN_vs_diabetes
late_allcell_residual	4881	NPR1	up	late_allcell_DPN_vs_diabetes
late_allcell_residual	4884	NPTX1	down	late_allcell_DPN_vs_diabetes
late_allcell_residual	4887	NPY2R	up	late_allcell_DPN_vs_diabetes
late_allcell_residual	489	ATP2A3	up	late_allcell_DPN_vs_diabetes
late_allcell_residual	4897	NRCAM	down	late_allcell_DPN_vs_diabetes
late_allcell_residual	4905	NSF	down	late_allcell_DPN_vs_diabetes
late_allcell_residual	491	ATP2B2	down	late_allcell_DPN_vs_diabetes
late_allcell_residual	4914	NTRK1	down	late_allcell_DPN_vs_diabetes
late_allcell_residual	492	ATP2B3	down	late_allcell_DPN_vs_diabetes
late_allcell_residual	492311	IGIP	down	late_allcell_DPN_vs_diabetes
late_allcell_residual	493861	EID3	up	late_allcell_DPN_vs_diabetes
late_allcell_residual	494470	ARK2C	up	late_allcell_DPN_vs_diabetes
late_allcell_residual	4958	OMD	down	late_allcell_DPN_vs_diabetes
late_allcell_residual	4969	OGN	down	late_allcell_DPN_vs_diabetes
late_allcell_residual	4973	OLR1	up	late_allcell_DPN_vs_diabetes
late_allcell_residual	4974	OMG	down	late_allcell_DPN_vs_diabetes
late_allcell_residual	4978	OPCML	down	late_allcell_DPN_vs_diabetes
late_allcell_residual	498	ATP5F1A	down	late_allcell_DPN_vs_diabetes
late_allcell_residual	4985	OPRD1	down	late_allcell_DPN_vs_diabetes
late_allcell_residual	5003	SLC67A1-AS	down	late_allcell_DPN_vs_diabetes
late_allcell_residual	5024	P2RX3	down	late_allcell_DPN_vs_diabetes
late_allcell_residual	50486	G0S2	up	late_allcell_DPN_vs_diabetes
late_allcell_residual	50487	PLA2G3	down	late_allcell_DPN_vs_diabetes
late_allcell_residual	5050	PAFAH1B3	down	late_allcell_DPN_vs_diabetes
late_allcell_residual	50507	NOX4	up	late_allcell_DPN_vs_diabetes
late_allcell_residual	50512	PODXL2	down	late_allcell_DPN_vs_diabetes
late_allcell_residual	5052	PRDX1	down	late_allcell_DPN_vs_diabetes
late_allcell_residual	5054	SERPINE1	up	late_allcell_DPN_vs_diabetes
late_allcell_residual	50628	GEMIN4	up	late_allcell_DPN_vs_diabetes
late_allcell_residual	50632	CALY	down	late_allcell_DPN_vs_diabetes
late_allcell_residual	5066	PAM	down	late_allcell_DPN_vs_diabetes
late_allcell_residual	5067	CNTN3	up	late_allcell_DPN_vs_diabetes
late_allcell_residual	5069	PAPPA	up	late_allcell_DPN_vs_diabetes
late_allcell_residual	5077	PAX3	up	late_allcell_DPN_vs_diabetes
late_allcell_residual	50801	KCNK4	down	late_allcell_DPN_vs_diabetes
late_allcell_residual	50809	HP1BP3	up	late_allcell_DPN_vs_diabetes
late_allcell_residual	5083	PAX9	up	late_allcell_DPN_vs_diabetes
late_allcell_residual	50859	SPOCK3	down	late_allcell_DPN_vs_diabetes
late_allcell_residual	50861	STMN3	down	late_allcell_DPN_vs_diabetes
late_allcell_residual	50863	NTM	up	late_allcell_DPN_vs_diabetes
late_allcell_residual	5087	PBX1	up	late_allcell_DPN_vs_diabetes
late_allcell_residual	509	ATP5F1C	down	late_allcell_DPN_vs_diabetes
late_allcell_residual	5094	PCBP2	down	late_allcell_DPN_vs_diabetes
late_allcell_residual	5099	PCDH7	down	late_allcell_DPN_vs_diabetes
late_allcell_residual	5101	PCDH9	down	late_allcell_DPN_vs_diabetes
late_allcell_residual	51014	TMED7	down	late_allcell_DPN_vs_diabetes
late_allcell_residual	51020	HDDC2	down	late_allcell_DPN_vs_diabetes
late_allcell_residual	5104	SERPINA5	down	late_allcell_DPN_vs_diabetes
late_allcell_residual	5105	PCK1	up	late_allcell_DPN_vs_diabetes
late_allcell_residual	51059	FAM135B	down	late_allcell_DPN_vs_diabetes
late_allcell_residual	51062	ATL1	down	late_allcell_DPN_vs_diabetes
late_allcell_residual	51074	APIP	down	late_allcell_DPN_vs_diabetes
late_allcell_residual	51085	MLXIPL	up	late_allcell_DPN_vs_diabetes
late_allcell_residual	51087	YBX2	up	late_allcell_DPN_vs_diabetes
late_allcell_residual	51090	PLLP	down	late_allcell_DPN_vs_diabetes
late_allcell_residual	5110	PCMT1	down	late_allcell_DPN_vs_diabetes
late_allcell_residual	51104	ABHD17B	down	late_allcell_DPN_vs_diabetes
late_allcell_residual	5111	PCNA	down	late_allcell_DPN_vs_diabetes
late_allcell_residual	51115	RMDN1	down	late_allcell_DPN_vs_diabetes
late_allcell_residual	51127	TRIM17	up	late_allcell_DPN_vs_diabetes
late_allcell_residual	51138	COPS4	down	late_allcell_DPN_vs_diabetes
late_allcell_residual	51144	HSD17B12	down	late_allcell_DPN_vs_diabetes
late_allcell_residual	51147	ING4	up	late_allcell_DPN_vs_diabetes
late_allcell_residual	51148	CERCAM	up	late_allcell_DPN_vs_diabetes
late_allcell_residual	51162	EGFL7	up	late_allcell_DPN_vs_diabetes
late_allcell_residual	51168	MYO15A	up	late_allcell_DPN_vs_diabetes
late_allcell_residual	51176	LEF1	down	late_allcell_DPN_vs_diabetes
late_allcell_residual	51186	TCEAL9	down	late_allcell_DPN_vs_diabetes
late_allcell_residual	51187	RSL24D1	down	late_allcell_DPN_vs_diabetes
late_allcell_residual	51193	ZNF639	down	late_allcell_DPN_vs_diabetes
late_allcell_residual	51196	PLCE1	down	late_allcell_DPN_vs_diabetes
late_allcell_residual	51201	ZDHHC2	down	late_allcell_DPN_vs_diabetes
late_allcell_residual	51205	ACP6	up	late_allcell_DPN_vs_diabetes
late_allcell_residual	5122	PCSK1	down	late_allcell_DPN_vs_diabetes
late_allcell_residual	51225	ABI3	down	late_allcell_DPN_vs_diabetes
late_allcell_residual	51247	PAIP2	down	late_allcell_DPN_vs_diabetes
late_allcell_residual	5126	PCSK2	down	late_allcell_DPN_vs_diabetes
late_allcell_residual	51280	GOLM1	down	late_allcell_DPN_vs_diabetes
late_allcell_residual	51286	CEND1	down	late_allcell_DPN_vs_diabetes
late_allcell_residual	51290	ERGIC2	down	late_allcell_DPN_vs_diabetes
late_allcell_residual	51308	REEP2	down	late_allcell_DPN_vs_diabetes
late_allcell_residual	51312	SLC25A37	up	late_allcell_DPN_vs_diabetes
late_allcell_residual	51320	MEX3C	down	late_allcell_DPN_vs_diabetes
late_allcell_residual	5136	PDE1A	up	late_allcell_DPN_vs_diabetes
late_allcell_residual	51360	MBTPS2	down	late_allcell_DPN_vs_diabetes
late_allcell_residual	51361	HOOK1	down	late_allcell_DPN_vs_diabetes
late_allcell_residual	51365	PLA1A	up	late_allcell_DPN_vs_diabetes
late_allcell_residual	51375	SNX7	down	late_allcell_DPN_vs_diabetes
late_allcell_residual	51378	ANGPT4	up	late_allcell_DPN_vs_diabetes
late_allcell_residual	5138	PDE2A	up	late_allcell_DPN_vs_diabetes
late_allcell_residual	51380	CSAD	up	late_allcell_DPN_vs_diabetes
late_allcell_residual	51397	COMMD10	up	late_allcell_DPN_vs_diabetes
late_allcell_residual	51400	PPME1	down	late_allcell_DPN_vs_diabetes
late_allcell_residual	51409	HEMK1	up	late_allcell_DPN_vs_diabetes
late_allcell_residual	51412	ACTL6B	down	late_allcell_DPN_vs_diabetes
late_allcell_residual	51430	SUCO	down	late_allcell_DPN_vs_diabetes
late_allcell_residual	51435	SCARA3	up	late_allcell_DPN_vs_diabetes
late_allcell_residual	51441	YTHDF2	down	late_allcell_DPN_vs_diabetes
late_allcell_residual	51447	IP6K2	up	late_allcell_DPN_vs_diabetes
late_allcell_residual	51474	LIMA1	up	late_allcell_DPN_vs_diabetes
late_allcell_residual	5149	PDE6H	down	late_allcell_DPN_vs_diabetes
late_allcell_residual	51495	HACD3	down	late_allcell_DPN_vs_diabetes
late_allcell_residual	515	ATP5PB	down	late_allcell_DPN_vs_diabetes
late_allcell_residual	51501	HIKESHI	up	late_allcell_DPN_vs_diabetes
late_allcell_residual	51522	TMEM14C	down	late_allcell_DPN_vs_diabetes
late_allcell_residual	51523	CXXC5	up	late_allcell_DPN_vs_diabetes
late_allcell_residual	5154	PDGFA	up	late_allcell_DPN_vs_diabetes
late_allcell_residual	51547	SIRT7	up	late_allcell_DPN_vs_diabetes
late_allcell_residual	5155	PDGFB	up	late_allcell_DPN_vs_diabetes
late_allcell_residual	51559	NT5DC3	up	late_allcell_DPN_vs_diabetes
late_allcell_residual	51564	HDAC7	up	late_allcell_DPN_vs_diabetes
late_allcell_residual	51569	UFM1	down	late_allcell_DPN_vs_diabetes
late_allcell_residual	51573	GDE1	down	late_allcell_DPN_vs_diabetes
late_allcell_residual	51582	AZIN1	down	late_allcell_DPN_vs_diabetes
late_allcell_residual	51596	CUTA	down	late_allcell_DPN_vs_diabetes
late_allcell_residual	516	ATP5MC1	down	late_allcell_DPN_vs_diabetes
late_allcell_residual	51619	UBE2D4	down	late_allcell_DPN_vs_diabetes
late_allcell_residual	51622	CCZ1	down	late_allcell_DPN_vs_diabetes
late_allcell_residual	51637	RTRAF	down	late_allcell_DPN_vs_diabetes
late_allcell_residual	51645	PPIL1	down	late_allcell_DPN_vs_diabetes
late_allcell_residual	51669	SARAF	down	late_allcell_DPN_vs_diabetes
late_allcell_residual	5168	ENPP2	down	late_allcell_DPN_vs_diabetes
late_allcell_residual	51700	CYB5R2	up	late_allcell_DPN_vs_diabetes
late_allcell_residual	51706	CYB5R1	down	late_allcell_DPN_vs_diabetes
late_allcell_residual	51738	GHRL	down	late_allcell_DPN_vs_diabetes
late_allcell_residual	5174	PDZK1	up	late_allcell_DPN_vs_diabetes
late_allcell_residual	51750	RTEL1	up	late_allcell_DPN_vs_diabetes
late_allcell_residual	51760	SYT17	up	late_allcell_DPN_vs_diabetes
late_allcell_residual	51761	ATP8A2	down	late_allcell_DPN_vs_diabetes
late_allcell_residual	51768	TM7SF3	down	late_allcell_DPN_vs_diabetes
late_allcell_residual	5178	PEG3	down	late_allcell_DPN_vs_diabetes
late_allcell_residual	51804	SIX4	down	late_allcell_DPN_vs_diabetes
late_allcell_residual	5190	PEX6	up	late_allcell_DPN_vs_diabetes
late_allcell_residual	5191	PEX7	up	late_allcell_DPN_vs_diabetes
late_allcell_residual	5203	PFDN4	down	late_allcell_DPN_vs_diabetes
late_allcell_residual	5207	PFKFB1	up	late_allcell_DPN_vs_diabetes
late_allcell_residual	5209	PFKFB3	up	late_allcell_DPN_vs_diabetes
late_allcell_residual	522	ATP5PF	down	late_allcell_DPN_vs_diabetes
late_allcell_residual	523	ATP6V1A	down	late_allcell_DPN_vs_diabetes
late_allcell_residual	5243	ABCB1	down	late_allcell_DPN_vs_diabetes
late_allcell_residual	5260	PHKG1	up	late_allcell_DPN_vs_diabetes
late_allcell_residual	527	ATP6V0C	down	late_allcell_DPN_vs_diabetes
late_allcell_residual	5274	SERPINI1	down	late_allcell_DPN_vs_diabetes
late_allcell_residual	5279	PIGC	down	late_allcell_DPN_vs_diabetes
late_allcell_residual	5286	PIK3C2A	down	late_allcell_DPN_vs_diabetes
late_allcell_residual	529	ATP6V1E1	down	late_allcell_DPN_vs_diabetes
late_allcell_residual	5320	PLA2G2A	up	late_allcell_DPN_vs_diabetes
late_allcell_residual	5322	PLA2G5	up	late_allcell_DPN_vs_diabetes
late_allcell_residual	5324	PLAG1	down	late_allcell_DPN_vs_diabetes
late_allcell_residual	5328	PLAU	up	late_allcell_DPN_vs_diabetes
late_allcell_residual	533	ATP6V0B	down	late_allcell_DPN_vs_diabetes
late_allcell_residual	5333	PLCD1	up	late_allcell_DPN_vs_diabetes
late_allcell_residual	53346	TM6SF1	down	late_allcell_DPN_vs_diabetes
late_allcell_residual	5335	PLCG1	up	late_allcell_DPN_vs_diabetes
late_allcell_residual	53353	LRP1B	down	late_allcell_DPN_vs_diabetes
late_allcell_residual	53354	PANK1	down	late_allcell_DPN_vs_diabetes
late_allcell_residual	534	ATP6V1G2	down	late_allcell_DPN_vs_diabetes
late_allcell_residual	5341	PLEK	up	late_allcell_DPN_vs_diabetes
late_allcell_residual	5346	PLIN1	up	late_allcell_DPN_vs_diabetes
late_allcell_residual	535	ATP6V0A1	down	late_allcell_DPN_vs_diabetes
late_allcell_residual	5350	PLN	up	late_allcell_DPN_vs_diabetes
late_allcell_residual	5357	PLS1	down	late_allcell_DPN_vs_diabetes
late_allcell_residual	5360	PLTP	up	late_allcell_DPN_vs_diabetes
late_allcell_residual	53630	BCO1	down	late_allcell_DPN_vs_diabetes
late_allcell_residual	5371	PML	up	late_allcell_DPN_vs_diabetes
late_allcell_residual	5373	PMM2	up	late_allcell_DPN_vs_diabetes
late_allcell_residual	53822	FXYD7	down	late_allcell_DPN_vs_diabetes
late_allcell_residual	53838	C11orf24	down	late_allcell_DPN_vs_diabetes
late_allcell_residual	53942	CNTN5	down	late_allcell_DPN_vs_diabetes
late_allcell_residual	5396	PRRX1	up	late_allcell_DPN_vs_diabetes
late_allcell_residual	54033	RBM11	down	late_allcell_DPN_vs_diabetes
late_allcell_residual	5409	PNMT	up	late_allcell_DPN_vs_diabetes
late_allcell_residual	54102	CLIC6	up	late_allcell_DPN_vs_diabetes
late_allcell_residual	54106	TLR9	up	late_allcell_DPN_vs_diabetes
late_allcell_residual	5412	UBL3	down	late_allcell_DPN_vs_diabetes
late_allcell_residual	54205	CYCS	down	late_allcell_DPN_vs_diabetes
late_allcell_residual	54206	ERRFI1	up	late_allcell_DPN_vs_diabetes
late_allcell_residual	54207	KCNK10	down	late_allcell_DPN_vs_diabetes
late_allcell_residual	5424	POLD1	up	late_allcell_DPN_vs_diabetes
late_allcell_residual	5426	POLE	up	late_allcell_DPN_vs_diabetes
late_allcell_residual	54332	GDAP1	down	late_allcell_DPN_vs_diabetes
late_allcell_residual	54344	DPM3	down	late_allcell_DPN_vs_diabetes
late_allcell_residual	54345	SOX18	up	late_allcell_DPN_vs_diabetes
late_allcell_residual	5438	POLR2I	down	late_allcell_DPN_vs_diabetes
late_allcell_residual	54407	SLC38A2	down	late_allcell_DPN_vs_diabetes
late_allcell_residual	54443	ANLN	down	late_allcell_DPN_vs_diabetes
late_allcell_residual	54462	CCSER2	down	late_allcell_DPN_vs_diabetes
late_allcell_residual	54468	MIOS	down	late_allcell_DPN_vs_diabetes
late_allcell_residual	54487	DGCR8	up	late_allcell_DPN_vs_diabetes
late_allcell_residual	54491	OTULINL	down	late_allcell_DPN_vs_diabetes
late_allcell_residual	54496	PRMT7	up	late_allcell_DPN_vs_diabetes
late_allcell_residual	54502	RBM47	up	late_allcell_DPN_vs_diabetes
late_allcell_residual	54507	ADAMTSL4	up	late_allcell_DPN_vs_diabetes
late_allcell_residual	54518	APBB1IP	down	late_allcell_DPN_vs_diabetes
late_allcell_residual	54531	MIER2	up	late_allcell_DPN_vs_diabetes
late_allcell_residual	54535	CCHCR1	up	late_allcell_DPN_vs_diabetes
late_allcell_residual	54538	ROBO4	up	late_allcell_DPN_vs_diabetes
late_allcell_residual	5454	POU3F2	down	late_allcell_DPN_vs_diabetes
late_allcell_residual	54543	TOMM7	down	late_allcell_DPN_vs_diabetes
late_allcell_residual	54551	MAGEL2	down	late_allcell_DPN_vs_diabetes
late_allcell_residual	54558	SPATA6	down	late_allcell_DPN_vs_diabetes
late_allcell_residual	54566	EPB41L4B	up	late_allcell_DPN_vs_diabetes
late_allcell_residual	54567	DLL4	up	late_allcell_DPN_vs_diabetes
late_allcell_residual	5457	POU4F1	down	late_allcell_DPN_vs_diabetes
late_allcell_residual	54575	UGT1A10	up	late_allcell_DPN_vs_diabetes
late_allcell_residual	5458	POU4F2	down	late_allcell_DPN_vs_diabetes
late_allcell_residual	5459	POU4F3	down	late_allcell_DPN_vs_diabetes
late_allcell_residual	54596	L1TD1	up	late_allcell_DPN_vs_diabetes
late_allcell_residual	54600	UGT1A9	up	late_allcell_DPN_vs_diabetes
late_allcell_residual	54620	FBXL19	up	late_allcell_DPN_vs_diabetes
late_allcell_residual	54621	VSIG10	up	late_allcell_DPN_vs_diabetes
late_allcell_residual	54629	MINDY2	up	late_allcell_DPN_vs_diabetes
late_allcell_residual	5463	POU6F1	up	late_allcell_DPN_vs_diabetes
late_allcell_residual	54658	UGT1A1	up	late_allcell_DPN_vs_diabetes
late_allcell_residual	54662	TBC1D13	up	late_allcell_DPN_vs_diabetes
late_allcell_residual	54664	TMEM106B	down	late_allcell_DPN_vs_diabetes
late_allcell_residual	5468	PPARG	up	late_allcell_DPN_vs_diabetes
late_allcell_residual	54682	MANSC1	down	late_allcell_DPN_vs_diabetes
late_allcell_residual	547	KIF1A	down	late_allcell_DPN_vs_diabetes
late_allcell_residual	54715	RBFOX1	down	late_allcell_DPN_vs_diabetes
late_allcell_residual	54742	LY6K	up	late_allcell_DPN_vs_diabetes
late_allcell_residual	54749	EPDR1	down	late_allcell_DPN_vs_diabetes
late_allcell_residual	54753	ZNF853	down	late_allcell_DPN_vs_diabetes
late_allcell_residual	54769	DIRAS2	down	late_allcell_DPN_vs_diabetes
late_allcell_residual	54798	DCHS2	down	late_allcell_DPN_vs_diabetes
late_allcell_residual	54810	GIPC2	up	late_allcell_DPN_vs_diabetes
late_allcell_residual	54811	ZNF562	down	late_allcell_DPN_vs_diabetes
late_allcell_residual	54829	ASPN	down	late_allcell_DPN_vs_diabetes
late_allcell_residual	54836	BSPRY	down	late_allcell_DPN_vs_diabetes
late_allcell_residual	54839	LRRC49	down	late_allcell_DPN_vs_diabetes
late_allcell_residual	54847	SIDT1	up	late_allcell_DPN_vs_diabetes
late_allcell_residual	54852	PAQR5	down	late_allcell_DPN_vs_diabetes
late_allcell_residual	54857	GDPD2	down	late_allcell_DPN_vs_diabetes
late_allcell_residual	54862	CC2D1A	up	late_allcell_DPN_vs_diabetes
late_allcell_residual	54876	DCAF16	down	late_allcell_DPN_vs_diabetes
late_allcell_residual	54886	PLPPR1	down	late_allcell_DPN_vs_diabetes
late_allcell_residual	54898	ELOVL2	down	late_allcell_DPN_vs_diabetes
late_allcell_residual	54918	CMTM6	down	late_allcell_DPN_vs_diabetes
late_allcell_residual	54922	RASIP1	up	late_allcell_DPN_vs_diabetes
late_allcell_residual	54941	RNF125	up	late_allcell_DPN_vs_diabetes
late_allcell_residual	54951	COMMD8	down	late_allcell_DPN_vs_diabetes
late_allcell_residual	54957	TXNL4B	up	late_allcell_DPN_vs_diabetes
late_allcell_residual	54963	UCKL1	up	late_allcell_DPN_vs_diabetes
late_allcell_residual	54968	TMEM70	down	late_allcell_DPN_vs_diabetes
late_allcell_residual	54969	HPF1	down	late_allcell_DPN_vs_diabetes
late_allcell_residual	54970	TTC12	up	late_allcell_DPN_vs_diabetes
late_allcell_residual	54973	INTS11	up	late_allcell_DPN_vs_diabetes
late_allcell_residual	55	ACP3	down	late_allcell_DPN_vs_diabetes
late_allcell_residual	550	AUP1	up	late_allcell_DPN_vs_diabetes
late_allcell_residual	55007	SIRAL2	up	late_allcell_DPN_vs_diabetes
late_allcell_residual	55010	PARPBP	down	late_allcell_DPN_vs_diabetes
late_allcell_residual	5502	PPP1R1A	up	late_allcell_DPN_vs_diabetes
late_allcell_residual	55040	EPN3	down	late_allcell_DPN_vs_diabetes
late_allcell_residual	55061	SUSD4	down	late_allcell_DPN_vs_diabetes
late_allcell_residual	55070	DET1	down	late_allcell_DPN_vs_diabetes
late_allcell_residual	55086	RADX	down	late_allcell_DPN_vs_diabetes
late_allcell_residual	5509	PPP1R3D	up	late_allcell_DPN_vs_diabetes
late_allcell_residual	55092	TMEM51	down	late_allcell_DPN_vs_diabetes
late_allcell_residual	55117	SLC6A15	down	late_allcell_DPN_vs_diabetes
late_allcell_residual	55118	CRTAC1	down	late_allcell_DPN_vs_diabetes
late_allcell_residual	55139	ANKZF1	up	late_allcell_DPN_vs_diabetes
late_allcell_residual	55144	LRRC8D	down	late_allcell_DPN_vs_diabetes
late_allcell_residual	55151	TMEM38B	down	late_allcell_DPN_vs_diabetes
late_allcell_residual	5516	PPP2CB	down	late_allcell_DPN_vs_diabetes
late_allcell_residual	55160	ARHGEF10L	up	late_allcell_DPN_vs_diabetes
late_allcell_residual	55161	TMEM33	down	late_allcell_DPN_vs_diabetes
late_allcell_residual	55175	KLHL11	down	late_allcell_DPN_vs_diabetes
late_allcell_residual	5518	PPP2R1A	down	late_allcell_DPN_vs_diabetes
late_allcell_residual	5519	PPP2R1B	up	late_allcell_DPN_vs_diabetes
late_allcell_residual	55200	PLEKHG6	up	late_allcell_DPN_vs_diabetes
late_allcell_residual	55234	SMU1	down	late_allcell_DPN_vs_diabetes
late_allcell_residual	55240	STEAP3	down	late_allcell_DPN_vs_diabetes
late_allcell_residual	55244	SLC47A1	down	late_allcell_DPN_vs_diabetes
late_allcell_residual	55252	ASXL2	down	late_allcell_DPN_vs_diabetes
late_allcell_residual	55253	TYW1	down	late_allcell_DPN_vs_diabetes
late_allcell_residual	55258	THNSL2	up	late_allcell_DPN_vs_diabetes
late_allcell_residual	55266	TMEM19	down	late_allcell_DPN_vs_diabetes
late_allcell_residual	55273	TMEM100	down	late_allcell_DPN_vs_diabetes
late_allcell_residual	55277	FGGY	down	late_allcell_DPN_vs_diabetes
late_allcell_residual	55283	MCOLN3	down	late_allcell_DPN_vs_diabetes
late_allcell_residual	55286	PGCKA1	down	late_allcell_DPN_vs_diabetes
late_allcell_residual	55321	TMEM74B	up	late_allcell_DPN_vs_diabetes
late_allcell_residual	55325	UFSP2	down	late_allcell_DPN_vs_diabetes
late_allcell_residual	55328	RNLS	up	late_allcell_DPN_vs_diabetes
late_allcell_residual	55329	MNS1	up	late_allcell_DPN_vs_diabetes
late_allcell_residual	55331	ACER3	down	late_allcell_DPN_vs_diabetes
late_allcell_residual	55335	NIPSNAP3B	up	late_allcell_DPN_vs_diabetes
late_allcell_residual	55336	FBXL8	up	late_allcell_DPN_vs_diabetes
late_allcell_residual	55340	GIMAP5	up	late_allcell_DPN_vs_diabetes
late_allcell_residual	55342	STRBP	down	late_allcell_DPN_vs_diabetes
late_allcell_residual	55344	PLCXD1	up	late_allcell_DPN_vs_diabetes
late_allcell_residual	55352	COPRS	down	late_allcell_DPN_vs_diabetes
late_allcell_residual	55353	LAPTM4B	down	late_allcell_DPN_vs_diabetes
late_allcell_residual	55359	STYK1	down	late_allcell_DPN_vs_diabetes
late_allcell_residual	55365	TMEM176A	down	late_allcell_DPN_vs_diabetes
late_allcell_residual	55367	PIDD1	up	late_allcell_DPN_vs_diabetes
late_allcell_residual	5538	PPT1	down	late_allcell_DPN_vs_diabetes
late_allcell_residual	55421	NCBP3	up	late_allcell_DPN_vs_diabetes
late_allcell_residual	55422	ZNF331	up	late_allcell_DPN_vs_diabetes
late_allcell_residual	554235	ASPDH	down	late_allcell_DPN_vs_diabetes
late_allcell_residual	5550	PREP	down	late_allcell_DPN_vs_diabetes
late_allcell_residual	55502	HES6	down	late_allcell_DPN_vs_diabetes
late_allcell_residual	55512	SMPD3	up	late_allcell_DPN_vs_diabetes
late_allcell_residual	5552	SRGN	up	late_allcell_DPN_vs_diabetes
late_allcell_residual	55521	TRIM36	down	late_allcell_DPN_vs_diabetes
late_allcell_residual	5553	PRG2	up	late_allcell_DPN_vs_diabetes
late_allcell_residual	55530	SVOP	down	late_allcell_DPN_vs_diabetes
late_allcell_residual	55589	BMP2K	down	late_allcell_DPN_vs_diabetes
late_allcell_residual	55601	DDX60	down	late_allcell_DPN_vs_diabetes
late_allcell_residual	55605	KIF21A	down	late_allcell_DPN_vs_diabetes
late_allcell_residual	55612	FERMT1	up	late_allcell_DPN_vs_diabetes
late_allcell_residual	55619	DOCK10	down	late_allcell_DPN_vs_diabetes
late_allcell_residual	55621	TRMT1	up	late_allcell_DPN_vs_diabetes
late_allcell_residual	55622	TTC27	up	late_allcell_DPN_vs_diabetes
late_allcell_residual	55640	FLVCR2	down	late_allcell_DPN_vs_diabetes
late_allcell_residual	55651	NHP2	down	late_allcell_DPN_vs_diabetes
late_allcell_residual	55661	DDX27	up	late_allcell_DPN_vs_diabetes
late_allcell_residual	55672	NBPF1	up	late_allcell_DPN_vs_diabetes
late_allcell_residual	55676	SLC30A6	down	late_allcell_DPN_vs_diabetes
late_allcell_residual	55677	IWS1	up	late_allcell_DPN_vs_diabetes
late_allcell_residual	55679	LIMS2	up	late_allcell_DPN_vs_diabetes
late_allcell_residual	55681	SCYL2	down	late_allcell_DPN_vs_diabetes
late_allcell_residual	55698	RADIL	up	late_allcell_DPN_vs_diabetes
late_allcell_residual	55702	YJU2	up	late_allcell_DPN_vs_diabetes
late_allcell_residual	55726	INTS13	down	late_allcell_DPN_vs_diabetes
late_allcell_residual	55745	AP5M1	down	late_allcell_DPN_vs_diabetes
late_allcell_residual	55749	CCAR1	down	late_allcell_DPN_vs_diabetes
late_allcell_residual	55751	TMEM184C	down	late_allcell_DPN_vs_diabetes
late_allcell_residual	55753	OGDHL	down	late_allcell_DPN_vs_diabetes
late_allcell_residual	55754	CDC50A	down	late_allcell_DPN_vs_diabetes
late_allcell_residual	55756	INTS9	up	late_allcell_DPN_vs_diabetes
late_allcell_residual	55764	IFT122	up	late_allcell_DPN_vs_diabetes
late_allcell_residual	55771	PRR11	down	late_allcell_DPN_vs_diabetes
late_allcell_residual	55778	ZNF839	up	late_allcell_DPN_vs_diabetes
late_allcell_residual	55783	CMTR2	down	late_allcell_DPN_vs_diabetes
late_allcell_residual	55791	LRIF1	down	late_allcell_DPN_vs_diabetes
late_allcell_residual	55796	MBNL3	down	late_allcell_DPN_vs_diabetes
late_allcell_residual	55799	CACNA2D3	down	late_allcell_DPN_vs_diabetes
late_allcell_residual	55800	SCN3B	down	late_allcell_DPN_vs_diabetes
late_allcell_residual	55806	HR	up	late_allcell_DPN_vs_diabetes
late_allcell_residual	55815	TSNAXIP1	up	late_allcell_DPN_vs_diabetes
late_allcell_residual	55824	PAG1	down	late_allcell_DPN_vs_diabetes
late_allcell_residual	55832	CAND1	down	late_allcell_DPN_vs_diabetes
late_allcell_residual	55846	ITFG2	up	late_allcell_DPN_vs_diabetes
late_allcell_residual	5585	PKN1	up	late_allcell_DPN_vs_diabetes
late_allcell_residual	55860	ACTR10	down	late_allcell_DPN_vs_diabetes
late_allcell_residual	55876	GSDMB	up	late_allcell_DPN_vs_diabetes
late_allcell_residual	55890	GPRC5C	down	late_allcell_DPN_vs_diabetes
late_allcell_residual	55897	MESP1	up	late_allcell_DPN_vs_diabetes
late_allcell_residual	55909	BIN3	down	late_allcell_DPN_vs_diabetes
late_allcell_residual	55916	NXT2	down	late_allcell_DPN_vs_diabetes
late_allcell_residual	5592	PRKG1	up	late_allcell_DPN_vs_diabetes
late_allcell_residual	55957	LIN37	up	late_allcell_DPN_vs_diabetes
late_allcell_residual	55958	KLHL9	down	late_allcell_DPN_vs_diabetes
late_allcell_residual	5596	MAPK4	down	late_allcell_DPN_vs_diabetes
late_allcell_residual	55966	AJAP1	down	late_allcell_DPN_vs_diabetes
late_allcell_residual	55975	KLHL7	down	late_allcell_DPN_vs_diabetes
late_allcell_residual	56000	NXF3	up	late_allcell_DPN_vs_diabetes
late_allcell_residual	56006	SMG9	up	late_allcell_DPN_vs_diabetes
late_allcell_residual	5604	MAP2K1	down	late_allcell_DPN_vs_diabetes
late_allcell_residual	56062	KLHL4	up	late_allcell_DPN_vs_diabetes
late_allcell_residual	5612	THAP12	down	late_allcell_DPN_vs_diabetes
late_allcell_residual	56129	PCDHB7	down	late_allcell_DPN_vs_diabetes
late_allcell_residual	56139	PCDHA10	down	late_allcell_DPN_vs_diabetes
late_allcell_residual	56142	PCDHA6	down	late_allcell_DPN_vs_diabetes
late_allcell_residual	56147	PCDHA1	down	late_allcell_DPN_vs_diabetes
late_allcell_residual	5624	PROC	up	late_allcell_DPN_vs_diabetes
late_allcell_residual	56246	MRAP	up	late_allcell_DPN_vs_diabetes
late_allcell_residual	56255	TMX4	down	late_allcell_DPN_vs_diabetes
late_allcell_residual	56271	BEX4	down	late_allcell_DPN_vs_diabetes
late_allcell_residual	56301	SLC7A10	up	late_allcell_DPN_vs_diabetes
late_allcell_residual	56341	PRMT8	down	late_allcell_DPN_vs_diabetes
late_allcell_residual	5646	PRSS3	down	late_allcell_DPN_vs_diabetes
late_allcell_residual	56475	RPRM	down	late_allcell_DPN_vs_diabetes
late_allcell_residual	56479	KCNQ5	down	late_allcell_DPN_vs_diabetes
late_allcell_residual	5653	KLK6	down	late_allcell_DPN_vs_diabetes
late_allcell_residual	5654	HTRA1	down	late_allcell_DPN_vs_diabetes
late_allcell_residual	5655	KLK10	down	late_allcell_DPN_vs_diabetes
late_allcell_residual	566	AZU1	up	late_allcell_DPN_vs_diabetes
late_allcell_residual	56603	CYP26B1	up	late_allcell_DPN_vs_diabetes
late_allcell_residual	56623	INPP5E	up	late_allcell_DPN_vs_diabetes
late_allcell_residual	56674	TMEM9B	down	late_allcell_DPN_vs_diabetes
late_allcell_residual	56681	SAR1A	down	late_allcell_DPN_vs_diabetes
late_allcell_residual	56731	SLC2A4RG	up	late_allcell_DPN_vs_diabetes
late_allcell_residual	5682	PSMA1	down	late_allcell_DPN_vs_diabetes
late_allcell_residual	5683	PSMA2	down	late_allcell_DPN_vs_diabetes
late_allcell_residual	56848	SPHK2	down	late_allcell_DPN_vs_diabetes
late_allcell_residual	56850	GRIPAP1	up	late_allcell_DPN_vs_diabetes
late_allcell_residual	56851	EMC7	down	late_allcell_DPN_vs_diabetes
late_allcell_residual	56884	FSTL5	down	late_allcell_DPN_vs_diabetes
late_allcell_residual	56889	TM9SF3	down	late_allcell_DPN_vs_diabetes
late_allcell_residual	56892	TCIM	up	late_allcell_DPN_vs_diabetes
late_allcell_residual	56896	DPYSL5	down	late_allcell_DPN_vs_diabetes
late_allcell_residual	56898	BDH2	down	late_allcell_DPN_vs_diabetes
late_allcell_residual	56899	ANKS1B	down	late_allcell_DPN_vs_diabetes
late_allcell_residual	5690	PSMB2	down	late_allcell_DPN_vs_diabetes
late_allcell_residual	56904	SH3GLB2	up	late_allcell_DPN_vs_diabetes
late_allcell_residual	56906	THAP10	down	late_allcell_DPN_vs_diabetes
late_allcell_residual	5691	PSMB3	down	late_allcell_DPN_vs_diabetes
late_allcell_residual	56910	STARD7	down	late_allcell_DPN_vs_diabetes
late_allcell_residual	56918	SLC19A4P	up	late_allcell_DPN_vs_diabetes
late_allcell_residual	56920	SEMA3G	up	late_allcell_DPN_vs_diabetes
late_allcell_residual	5693	PSMB5	down	late_allcell_DPN_vs_diabetes
late_allcell_residual	56934	CA10	down	late_allcell_DPN_vs_diabetes
late_allcell_residual	56936	CCDC177	down	late_allcell_DPN_vs_diabetes
late_allcell_residual	5694	PSMB6	down	late_allcell_DPN_vs_diabetes
late_allcell_residual	56942	CMC2	down	late_allcell_DPN_vs_diabetes
late_allcell_residual	56952	PRTFDC1	up	late_allcell_DPN_vs_diabetes
late_allcell_residual	56967	C14orf132	down	late_allcell_DPN_vs_diabetes
late_allcell_residual	56978	PRDM8	up	late_allcell_DPN_vs_diabetes
late_allcell_residual	56997	COQ8A	up	late_allcell_DPN_vs_diabetes
late_allcell_residual	56999	ADAMTS9	up	late_allcell_DPN_vs_diabetes
late_allcell_residual	5700	PSMC1	down	late_allcell_DPN_vs_diabetes
late_allcell_residual	57001	SDHAF3	down	late_allcell_DPN_vs_diabetes
late_allcell_residual	57003	CCDC47	down	late_allcell_DPN_vs_diabetes
late_allcell_residual	57016	AKR1B10	up	late_allcell_DPN_vs_diabetes
late_allcell_residual	57030	SLC17A7	down	late_allcell_DPN_vs_diabetes
late_allcell_residual	57084	SLC17A6	down	late_allcell_DPN_vs_diabetes
late_allcell_residual	57101	ANO2	up	late_allcell_DPN_vs_diabetes
late_allcell_residual	57103	TIGAR	down	late_allcell_DPN_vs_diabetes
late_allcell_residual	57104	PNPLA2	up	late_allcell_DPN_vs_diabetes
late_allcell_residual	57105	CYSLTR2	down	late_allcell_DPN_vs_diabetes
late_allcell_residual	57110	PLAAT1	down	late_allcell_DPN_vs_diabetes
late_allcell_residual	57124	CD248	up	late_allcell_DPN_vs_diabetes
late_allcell_residual	57125	PLXDC1	up	late_allcell_DPN_vs_diabetes
late_allcell_residual	57139	RGL3	up	late_allcell_DPN_vs_diabetes
late_allcell_residual	57144	PAK5	down	late_allcell_DPN_vs_diabetes
late_allcell_residual	57156	TMEM63C	down	late_allcell_DPN_vs_diabetes
late_allcell_residual	57158	JPH2	up	late_allcell_DPN_vs_diabetes
late_allcell_residual	57162	PELI1	down	late_allcell_DPN_vs_diabetes
late_allcell_residual	57168	ASPHD2	down	late_allcell_DPN_vs_diabetes
late_allcell_residual	57171	DOLPP1	down	late_allcell_DPN_vs_diabetes
late_allcell_residual	57176	VARS2	up	late_allcell_DPN_vs_diabetes
late_allcell_residual	57185	NIPAL3	down	late_allcell_DPN_vs_diabetes
late_allcell_residual	5721	PSME2	down	late_allcell_DPN_vs_diabetes
late_allcell_residual	57214	CEMIP	down	late_allcell_DPN_vs_diabetes
late_allcell_residual	57221	ARFGEF3	down	late_allcell_DPN_vs_diabetes
late_allcell_residual	57224	NHSL1	up	late_allcell_DPN_vs_diabetes
late_allcell_residual	5728	PTEN	down	late_allcell_DPN_vs_diabetes
late_allcell_residual	57282	SLC4A10	down	late_allcell_DPN_vs_diabetes
late_allcell_residual	5732	PTGER2	down	late_allcell_DPN_vs_diabetes
late_allcell_residual	5733	PTGER3	up	late_allcell_DPN_vs_diabetes
late_allcell_residual	57332	CBX8	up	late_allcell_DPN_vs_diabetes
late_allcell_residual	57333	RCN3	up	late_allcell_DPN_vs_diabetes
late_allcell_residual	57348	TTYH1	down	late_allcell_DPN_vs_diabetes
late_allcell_residual	5737	PTGFR	up	late_allcell_DPN_vs_diabetes
late_allcell_residual	5740	PTGIS	up	late_allcell_DPN_vs_diabetes
late_allcell_residual	57405	SPC25	down	late_allcell_DPN_vs_diabetes
late_allcell_residual	57414	RHBDD2	down	late_allcell_DPN_vs_diabetes
late_allcell_residual	57415	CEP15	down	late_allcell_DPN_vs_diabetes
late_allcell_residual	57449	PLEKHG5	up	late_allcell_DPN_vs_diabetes
late_allcell_residual	5745	PTH1R	up	late_allcell_DPN_vs_diabetes
late_allcell_residual	57452	GALNT16	up	late_allcell_DPN_vs_diabetes
late_allcell_residual	57456	KIAA1143	down	late_allcell_DPN_vs_diabetes
late_allcell_residual	57462	MYORG	down	late_allcell_DPN_vs_diabetes
late_allcell_residual	57475	PLEKHH1	down	late_allcell_DPN_vs_diabetes
late_allcell_residual	57477	SHROOM4	up	late_allcell_DPN_vs_diabetes
late_allcell_residual	57480	PLEKHG1	up	late_allcell_DPN_vs_diabetes
late_allcell_residual	57496	MRTFB	up	late_allcell_DPN_vs_diabetes
late_allcell_residual	57502	NLGN4X	down	late_allcell_DPN_vs_diabetes
late_allcell_residual	57512	GPR158	down	late_allcell_DPN_vs_diabetes
late_allcell_residual	57520	HECW2	up	late_allcell_DPN_vs_diabetes
late_allcell_residual	5753	PTK6	up	late_allcell_DPN_vs_diabetes
late_allcell_residual	57538	ALPK3	up	late_allcell_DPN_vs_diabetes
late_allcell_residual	57555	NLGN2	up	late_allcell_DPN_vs_diabetes
late_allcell_residual	57572	DOCK6	up	late_allcell_DPN_vs_diabetes
late_allcell_residual	57576	KIF17	up	late_allcell_DPN_vs_diabetes
late_allcell_residual	57578	UNC79	down	late_allcell_DPN_vs_diabetes
late_allcell_residual	57579	FAM135A	down	late_allcell_DPN_vs_diabetes
late_allcell_residual	57584	ARHGAP21	down	late_allcell_DPN_vs_diabetes
late_allcell_residual	57597	BAHCC1	up	late_allcell_DPN_vs_diabetes
late_allcell_residual	576	ADGRB2	down	late_allcell_DPN_vs_diabetes
late_allcell_residual	57602	USP36	up	late_allcell_DPN_vs_diabetes
late_allcell_residual	57604	TRMT9B	up	late_allcell_DPN_vs_diabetes
late_allcell_residual	57619	SHROOM3	up	late_allcell_DPN_vs_diabetes
late_allcell_residual	57628	DPP10	down	late_allcell_DPN_vs_diabetes
late_allcell_residual	57633	LRRN1	down	late_allcell_DPN_vs_diabetes
late_allcell_residual	57634	EP400	up	late_allcell_DPN_vs_diabetes
late_allcell_residual	57647	DHX37	up	late_allcell_DPN_vs_diabetes
late_allcell_residual	57655	GRAMD1A	up	late_allcell_DPN_vs_diabetes
late_allcell_residual	57662	CAMSAP3	down	late_allcell_DPN_vs_diabetes
late_allcell_residual	57678	GPAM	up	late_allcell_DPN_vs_diabetes
late_allcell_residual	57685	CACHD1	up	late_allcell_DPN_vs_diabetes
late_allcell_residual	57688	ZSWIM6	down	late_allcell_DPN_vs_diabetes
late_allcell_residual	57691	KIAA1586	down	late_allcell_DPN_vs_diabetes
late_allcell_residual	57692	MAGEE1	down	late_allcell_DPN_vs_diabetes
late_allcell_residual	57693	ZNF317	up	late_allcell_DPN_vs_diabetes
late_allcell_residual	57697	FANCM	down	late_allcell_DPN_vs_diabetes
late_allcell_residual	57699	CPNE5	down	late_allcell_DPN_vs_diabetes
late_allcell_residual	577	ADGRB3	down	late_allcell_DPN_vs_diabetes
late_allcell_residual	57706	DENND1A	up	late_allcell_DPN_vs_diabetes
late_allcell_residual	57709	SLC7A14	down	late_allcell_DPN_vs_diabetes
late_allcell_residual	57710	KIAA1614	up	late_allcell_DPN_vs_diabetes
late_allcell_residual	57718	PPP4R4	down	late_allcell_DPN_vs_diabetes
late_allcell_residual	57795	BRINP2	down	late_allcell_DPN_vs_diabetes
late_allcell_residual	57863	CADM3	down	late_allcell_DPN_vs_diabetes
late_allcell_residual	5787	PTPRB	up	late_allcell_DPN_vs_diabetes
late_allcell_residual	5788	PTPRC	down	late_allcell_DPN_vs_diabetes
late_allcell_residual	5789	PTPRD	down	late_allcell_DPN_vs_diabetes
late_allcell_residual	5795	PTPRJ	down	late_allcell_DPN_vs_diabetes
late_allcell_residual	5796	PTPRK	up	late_allcell_DPN_vs_diabetes
late_allcell_residual	58	ACTA1	up	late_allcell_DPN_vs_diabetes
late_allcell_residual	5801	PTPRR	down	late_allcell_DPN_vs_diabetes
late_allcell_residual	5803	PTPRZ1	down	late_allcell_DPN_vs_diabetes
late_allcell_residual	5806	PTX3	up	late_allcell_DPN_vs_diabetes
late_allcell_residual	581	BAX	up	late_allcell_DPN_vs_diabetes
late_allcell_residual	5816	PVALB	down	late_allcell_DPN_vs_diabetes
late_allcell_residual	5818	NECTIN1	down	late_allcell_DPN_vs_diabetes
late_allcell_residual	582	BBS1	up	late_allcell_DPN_vs_diabetes
late_allcell_residual	5828	PEX2	down	late_allcell_DPN_vs_diabetes
late_allcell_residual	583	BBS2	down	late_allcell_DPN_vs_diabetes
late_allcell_residual	5832	ALDH18A1	down	late_allcell_DPN_vs_diabetes
late_allcell_residual	5837	PYGM	up	late_allcell_DPN_vs_diabetes
late_allcell_residual	58485	TRAPPC1	down	late_allcell_DPN_vs_diabetes
late_allcell_residual	58512	DLGAP3	down	late_allcell_DPN_vs_diabetes
late_allcell_residual	58538	MPP4	down	late_allcell_DPN_vs_diabetes
late_allcell_residual	5863	RGL2	up	late_allcell_DPN_vs_diabetes
late_allcell_residual	5866	RAB3IL1	up	late_allcell_DPN_vs_diabetes
late_allcell_residual	5878	RAB5C	up	late_allcell_DPN_vs_diabetes
late_allcell_residual	5883	RAD9A	up	late_allcell_DPN_vs_diabetes
late_allcell_residual	5892	RAD51D	up	late_allcell_DPN_vs_diabetes
late_allcell_residual	590	BCHE	down	late_allcell_DPN_vs_diabetes
late_allcell_residual	59084	ENPP5	down	late_allcell_DPN_vs_diabetes
late_allcell_residual	5909	RAP1GAP	down	late_allcell_DPN_vs_diabetes
late_allcell_residual	5910	RAP1GDS1	down	late_allcell_DPN_vs_diabetes
late_allcell_residual	5918	RARRES1	down	late_allcell_DPN_vs_diabetes
late_allcell_residual	5919	RARRES2	down	late_allcell_DPN_vs_diabetes
late_allcell_residual	59271	EVA1C	down	late_allcell_DPN_vs_diabetes
late_allcell_residual	5928	RBBP4	up	late_allcell_DPN_vs_diabetes
late_allcell_residual	59284	CACNG7	down	late_allcell_DPN_vs_diabetes
late_allcell_residual	59286	UBL5	down	late_allcell_DPN_vs_diabetes
late_allcell_residual	59341	TRPV4	up	late_allcell_DPN_vs_diabetes
late_allcell_residual	59353	TMEM35A	down	late_allcell_DPN_vs_diabetes
late_allcell_residual	5954	RCN1	down	late_allcell_DPN_vs_diabetes
late_allcell_residual	5955	RCN2	down	late_allcell_DPN_vs_diabetes
late_allcell_residual	5973	RENBP	up	late_allcell_DPN_vs_diabetes
late_allcell_residual	5979	RET	down	late_allcell_DPN_vs_diabetes
late_allcell_residual	5994	RFXAP	up	late_allcell_DPN_vs_diabetes
late_allcell_residual	6000	RGS7	down	late_allcell_DPN_vs_diabetes
late_allcell_residual	6010	RHO	up	late_allcell_DPN_vs_diabetes
late_allcell_residual	6014	RIT2	down	late_allcell_DPN_vs_diabetes
late_allcell_residual	60385	TSKS	up	late_allcell_DPN_vs_diabetes
late_allcell_residual	60401	EDA2R	up	late_allcell_DPN_vs_diabetes
late_allcell_residual	6047	RNF4	up	late_allcell_DPN_vs_diabetes
late_allcell_residual	60481	ELOVL5	down	late_allcell_DPN_vs_diabetes
late_allcell_residual	6049	RNF6	down	late_allcell_DPN_vs_diabetes
late_allcell_residual	60598	KCNK15	up	late_allcell_DPN_vs_diabetes
late_allcell_residual	60677	CELF6	up	late_allcell_DPN_vs_diabetes
late_allcell_residual	6092	ROBO2	down	late_allcell_DPN_vs_diabetes
late_allcell_residual	610	HCN2	down	late_allcell_DPN_vs_diabetes
late_allcell_residual	6103	RPGR	up	late_allcell_DPN_vs_diabetes
late_allcell_residual	6121	RPE65	down	late_allcell_DPN_vs_diabetes
late_allcell_residual	6184	RPN1	down	late_allcell_DPN_vs_diabetes
late_allcell_residual	6185	RPN2	down	late_allcell_DPN_vs_diabetes
late_allcell_residual	619279	ZNF704	up	late_allcell_DPN_vs_diabetes
late_allcell_residual	622	BDH1	down	late_allcell_DPN_vs_diabetes
late_allcell_residual	6239	RREB1	up	late_allcell_DPN_vs_diabetes
late_allcell_residual	624	BDKRB2	down	late_allcell_DPN_vs_diabetes
late_allcell_residual	6252	RTN1	down	late_allcell_DPN_vs_diabetes
late_allcell_residual	627	BDNF	down	late_allcell_DPN_vs_diabetes
late_allcell_residual	6272	SORT1	down	late_allcell_DPN_vs_diabetes
late_allcell_residual	6273	S100A2	up	late_allcell_DPN_vs_diabetes
late_allcell_residual	6282	S100A11	down	late_allcell_DPN_vs_diabetes
late_allcell_residual	629	CFB	down	late_allcell_DPN_vs_diabetes
late_allcell_residual	6297	SALL2	down	late_allcell_DPN_vs_diabetes
late_allcell_residual	6299	SALL1	down	late_allcell_DPN_vs_diabetes
late_allcell_residual	6300	MAPK12	up	late_allcell_DPN_vs_diabetes
late_allcell_residual	6307	MSMO1	down	late_allcell_DPN_vs_diabetes
late_allcell_residual	6309	SC5D	down	late_allcell_DPN_vs_diabetes
late_allcell_residual	6323	SCN1A	down	late_allcell_DPN_vs_diabetes
late_allcell_residual	6327	SCN2B	down	late_allcell_DPN_vs_diabetes
late_allcell_residual	6329	SCN4A	up	late_allcell_DPN_vs_diabetes
late_allcell_residual	6330	SCN4B	down	late_allcell_DPN_vs_diabetes
late_allcell_residual	6332	SCN7A	down	late_allcell_DPN_vs_diabetes
late_allcell_residual	6336	SCN10A	down	late_allcell_DPN_vs_diabetes
late_allcell_residual	6339	SCNN1D	up	late_allcell_DPN_vs_diabetes
late_allcell_residual	6340	SCNN1G	down	late_allcell_DPN_vs_diabetes
late_allcell_residual	6347	CCL2	down	late_allcell_DPN_vs_diabetes
late_allcell_residual	6357	CCL13	down	late_allcell_DPN_vs_diabetes
late_allcell_residual	6360	CCL16	up	late_allcell_DPN_vs_diabetes
late_allcell_residual	6376	CX3CL1	up	late_allcell_DPN_vs_diabetes
late_allcell_residual	6383	SDC2	down	late_allcell_DPN_vs_diabetes
late_allcell_residual	6385	SDC4	down	late_allcell_DPN_vs_diabetes
late_allcell_residual	6386	SDCBP	down	late_allcell_DPN_vs_diabetes
late_allcell_residual	6387	CXCL12	up	late_allcell_DPN_vs_diabetes
late_allcell_residual	6389	SDHA	down	late_allcell_DPN_vs_diabetes
late_allcell_residual	63895	PIEZO2	down	late_allcell_DPN_vs_diabetes
late_allcell_residual	63898	SH2D4A	up	late_allcell_DPN_vs_diabetes
late_allcell_residual	639	PRDM1	up	late_allcell_DPN_vs_diabetes
late_allcell_residual	63910	SLC17A9	up	late_allcell_DPN_vs_diabetes
late_allcell_residual	63924	CIDEC	up	late_allcell_DPN_vs_diabetes
late_allcell_residual	63976	PRDM16	up	late_allcell_DPN_vs_diabetes
late_allcell_residual	63977	PRDM15	up	late_allcell_DPN_vs_diabetes
late_allcell_residual	63982	ANO3	down	late_allcell_DPN_vs_diabetes
late_allcell_residual	64005	MYO1G	up	late_allcell_DPN_vs_diabetes
late_allcell_residual	6403	SELP	up	late_allcell_DPN_vs_diabetes
late_allcell_residual	64065	PERP	down	late_allcell_DPN_vs_diabetes
late_allcell_residual	64073	C19orf33	down	late_allcell_DPN_vs_diabetes
late_allcell_residual	64091	POPDC2	up	late_allcell_DPN_vs_diabetes
late_allcell_residual	64093	SMOC1	down	late_allcell_DPN_vs_diabetes
late_allcell_residual	64108	RTP4	down	late_allcell_DPN_vs_diabetes
late_allcell_residual	64121	RRAGC	down	late_allcell_DPN_vs_diabetes
late_allcell_residual	64129	TINAGL1	up	late_allcell_DPN_vs_diabetes
late_allcell_residual	641339	ZNF674	down	late_allcell_DPN_vs_diabetes
late_allcell_residual	64137	ABCG4	down	late_allcell_DPN_vs_diabetes
late_allcell_residual	64145	RBSN	down	late_allcell_DPN_vs_diabetes
late_allcell_residual	6416	MAP2K4	down	late_allcell_DPN_vs_diabetes
late_allcell_residual	641700	ECSCR	up	late_allcell_DPN_vs_diabetes
late_allcell_residual	6418	SET	down	late_allcell_DPN_vs_diabetes
late_allcell_residual	64208	POPDC3	down	late_allcell_DPN_vs_diabetes
late_allcell_residual	6422	SFRP1	down	late_allcell_DPN_vs_diabetes
late_allcell_residual	6424	SFRP4	down	late_allcell_DPN_vs_diabetes
late_allcell_residual	642475	MROH6	up	late_allcell_DPN_vs_diabetes
late_allcell_residual	642597	AKAIN1	down	late_allcell_DPN_vs_diabetes
late_allcell_residual	6426	SRSF1	up	late_allcell_DPN_vs_diabetes
late_allcell_residual	643008	SMIM5	up	late_allcell_DPN_vs_diabetes
late_allcell_residual	64321	SOX17	up	late_allcell_DPN_vs_diabetes
late_allcell_residual	643236	TMEM72	down	late_allcell_DPN_vs_diabetes
late_allcell_residual	64377	CHST8	down	late_allcell_DPN_vs_diabetes
late_allcell_residual	643853	TMPPE	down	late_allcell_DPN_vs_diabetes
late_allcell_residual	643866	CBLN3	up	late_allcell_DPN_vs_diabetes
late_allcell_residual	64388	GREM2	down	late_allcell_DPN_vs_diabetes
late_allcell_residual	64395	GMCL1	down	late_allcell_DPN_vs_diabetes
late_allcell_residual	643988	FNDC10	down	late_allcell_DPN_vs_diabetes
late_allcell_residual	64399	HHIP	up	late_allcell_DPN_vs_diabetes
late_allcell_residual	6440	SFTPC	down	late_allcell_DPN_vs_diabetes
late_allcell_residual	64400	AKTIP	down	late_allcell_DPN_vs_diabetes
late_allcell_residual	64403	CDH24	up	late_allcell_DPN_vs_diabetes
late_allcell_residual	64411	ARAP3	up	late_allcell_DPN_vs_diabetes
late_allcell_residual	644139	PIRT	down	late_allcell_DPN_vs_diabetes
late_allcell_residual	644145	EXOC1L	down	late_allcell_DPN_vs_diabetes
late_allcell_residual	644150	WIPF3	down	late_allcell_DPN_vs_diabetes
late_allcell_residual	644168	DRGX	down	late_allcell_DPN_vs_diabetes
late_allcell_residual	64417	TMEM267	down	late_allcell_DPN_vs_diabetes
late_allcell_residual	64418	TMEM168	down	late_allcell_DPN_vs_diabetes
late_allcell_residual	6442	SGCA	up	late_allcell_DPN_vs_diabetes
late_allcell_residual	64422	ATG3	down	late_allcell_DPN_vs_diabetes
late_allcell_residual	6445	SGCG	up	late_allcell_DPN_vs_diabetes
late_allcell_residual	6447	SCG5	down	late_allcell_DPN_vs_diabetes
late_allcell_residual	64478	CSMD1	down	late_allcell_DPN_vs_diabetes
late_allcell_residual	6450	SH3BGR	up	late_allcell_DPN_vs_diabetes
late_allcell_residual	6452	SH3BP2	up	late_allcell_DPN_vs_diabetes
late_allcell_residual	6453	ITSN1	up	late_allcell_DPN_vs_diabetes
late_allcell_residual	645369	TMEM200C	down	late_allcell_DPN_vs_diabetes
late_allcell_residual	6457	SH3GL3	down	late_allcell_DPN_vs_diabetes
late_allcell_residual	64581	CLEC7A	down	late_allcell_DPN_vs_diabetes
late_allcell_residual	64582	GPR135	up	late_allcell_DPN_vs_diabetes
late_allcell_residual	64599	GIGYF1	up	late_allcell_DPN_vs_diabetes
late_allcell_residual	6461	SHB	up	late_allcell_DPN_vs_diabetes
late_allcell_residual	64645	SLC71A1	down	late_allcell_DPN_vs_diabetes
late_allcell_residual	64651	CSRNP1	up	late_allcell_DPN_vs_diabetes
late_allcell_residual	646658	SYNDIG1L	up	late_allcell_DPN_vs_diabetes
late_allcell_residual	646962	HRCT1	up	late_allcell_DPN_vs_diabetes
late_allcell_residual	647024	C6orf132	up	late_allcell_DPN_vs_diabetes
late_allcell_residual	64743	WDR13	up	late_allcell_DPN_vs_diabetes
late_allcell_residual	64754	SMYD3	down	late_allcell_DPN_vs_diabetes
late_allcell_residual	64762	GAREM1	down	late_allcell_DPN_vs_diabetes
late_allcell_residual	64770	CCDC14	down	late_allcell_DPN_vs_diabetes
late_allcell_residual	64773	PCED1A	up	late_allcell_DPN_vs_diabetes
late_allcell_residual	64782	AEN	up	late_allcell_DPN_vs_diabetes
late_allcell_residual	64783	RBM15	up	late_allcell_DPN_vs_diabetes
late_allcell_residual	64785	GINS3	down	late_allcell_DPN_vs_diabetes
late_allcell_residual	64787	EPS8L2	up	late_allcell_DPN_vs_diabetes
late_allcell_residual	64798	DEPTOR	up	late_allcell_DPN_vs_diabetes
late_allcell_residual	64801	ARV1	down	late_allcell_DPN_vs_diabetes
late_allcell_residual	6483	ST3GAL2	up	late_allcell_DPN_vs_diabetes
late_allcell_residual	64843	ISL2	down	late_allcell_DPN_vs_diabetes
late_allcell_residual	64860	ARMCX5	down	late_allcell_DPN_vs_diabetes
late_allcell_residual	649	BMP1	up	late_allcell_DPN_vs_diabetes
late_allcell_residual	64900	LPIN3	up	late_allcell_DPN_vs_diabetes
late_allcell_residual	6494	SIPA1	up	late_allcell_DPN_vs_diabetes
late_allcell_residual	6495	SIX1	down	late_allcell_DPN_vs_diabetes
late_allcell_residual	6498	SKIL	down	late_allcell_DPN_vs_diabetes
late_allcell_residual	6502	SKP2	up	late_allcell_DPN_vs_diabetes
late_allcell_residual	6504	SLAMF1	up	late_allcell_DPN_vs_diabetes
late_allcell_residual	65055	REEP1	down	late_allcell_DPN_vs_diabetes
late_allcell_residual	65078	RTN4R	down	late_allcell_DPN_vs_diabetes
late_allcell_residual	65082	VPS33A	down	late_allcell_DPN_vs_diabetes
late_allcell_residual	6509	SLC1A4	down	late_allcell_DPN_vs_diabetes
late_allcell_residual	65095	KRI1	up	late_allcell_DPN_vs_diabetes
late_allcell_residual	651	BMP3	down	late_allcell_DPN_vs_diabetes
late_allcell_residual	6517	SLC2A4	up	late_allcell_DPN_vs_diabetes
late_allcell_residual	652	BMP4	up	late_allcell_DPN_vs_diabetes
late_allcell_residual	65217	PCDH15	up	late_allcell_DPN_vs_diabetes
late_allcell_residual	6525	SMTN	up	late_allcell_DPN_vs_diabetes
late_allcell_residual	65267	WNK3	down	late_allcell_DPN_vs_diabetes
late_allcell_residual	6529	SLC6A1	down	late_allcell_DPN_vs_diabetes
late_allcell_residual	652991	SKOR2	down	late_allcell_DPN_vs_diabetes
late_allcell_residual	653	BMP5	up	late_allcell_DPN_vs_diabetes
late_allcell_residual	653140	FAM228A	down	late_allcell_DPN_vs_diabetes
late_allcell_residual	6533	SLC6A6	up	late_allcell_DPN_vs_diabetes
late_allcell_residual	653720	GOLGA8M	up	late_allcell_DPN_vs_diabetes
late_allcell_residual	6538	SLC6A11	up	late_allcell_DPN_vs_diabetes
late_allcell_residual	654	BMP6	up	late_allcell_DPN_vs_diabetes
late_allcell_residual	6540	SLC6A13	down	late_allcell_DPN_vs_diabetes
late_allcell_residual	6541	SLC7A1	down	late_allcell_DPN_vs_diabetes
late_allcell_residual	6545	SLC7A4	down	late_allcell_DPN_vs_diabetes
late_allcell_residual	6547	SLC8A3	down	late_allcell_DPN_vs_diabetes
late_allcell_residual	6549	SLC9A2	down	late_allcell_DPN_vs_diabetes
late_allcell_residual	6550	SLC9A3	up	late_allcell_DPN_vs_diabetes
late_allcell_residual	6553	SLC9A5	up	late_allcell_DPN_vs_diabetes
late_allcell_residual	6566	SLC16A1	down	late_allcell_DPN_vs_diabetes
late_allcell_residual	6578	SLCO2A1	up	late_allcell_DPN_vs_diabetes
late_allcell_residual	6591	SNAI2	up	late_allcell_DPN_vs_diabetes
late_allcell_residual	65975	STK33	down	late_allcell_DPN_vs_diabetes
late_allcell_residual	65980	BRD9	up	late_allcell_DPN_vs_diabetes
late_allcell_residual	65989	DLK2	down	late_allcell_DPN_vs_diabetes
late_allcell_residual	65991	FUNDC2	down	late_allcell_DPN_vs_diabetes
late_allcell_residual	660	BMX	up	late_allcell_DPN_vs_diabetes
late_allcell_residual	66000	TMEM108	down	late_allcell_DPN_vs_diabetes
late_allcell_residual	6610	SMPD2	up	late_allcell_DPN_vs_diabetes
late_allcell_residual	6614	SIGLEC1	up	late_allcell_DPN_vs_diabetes
late_allcell_residual	6618	SNAPC2	down	late_allcell_DPN_vs_diabetes
late_allcell_residual	6619	SNAPC3	down	late_allcell_DPN_vs_diabetes
late_allcell_residual	6620	SNCB	down	late_allcell_DPN_vs_diabetes
late_allcell_residual	6626	SNRPA	up	late_allcell_DPN_vs_diabetes
late_allcell_residual	6632	SNRPD1	down	late_allcell_DPN_vs_diabetes
late_allcell_residual	6633	SNRPD2	down	late_allcell_DPN_vs_diabetes
late_allcell_residual	6636	SNRPF	down	late_allcell_DPN_vs_diabetes
late_allcell_residual	6649	SOD3	down	late_allcell_DPN_vs_diabetes
late_allcell_residual	6650	CAPN15	up	late_allcell_DPN_vs_diabetes
late_allcell_residual	6653	SORL1	down	late_allcell_DPN_vs_diabetes
late_allcell_residual	6658	SOX3	down	late_allcell_DPN_vs_diabetes
late_allcell_residual	666	BOK	up	late_allcell_DPN_vs_diabetes
late_allcell_residual	6660	SOX5	up	late_allcell_DPN_vs_diabetes
late_allcell_residual	6662	SOX9	down	late_allcell_DPN_vs_diabetes
late_allcell_residual	6663	SOX10	down	late_allcell_DPN_vs_diabetes
late_allcell_residual	667	DST	down	late_allcell_DPN_vs_diabetes
late_allcell_residual	6675	UAP1	up	late_allcell_DPN_vs_diabetes
late_allcell_residual	6689	SPIB	down	late_allcell_DPN_vs_diabetes
late_allcell_residual	6692	SPINT1	down	late_allcell_DPN_vs_diabetes
late_allcell_residual	6693	SPN	down	late_allcell_DPN_vs_diabetes
late_allcell_residual	6695	SPOCK1	down	late_allcell_DPN_vs_diabetes
late_allcell_residual	670	BPHL	up	late_allcell_DPN_vs_diabetes
late_allcell_residual	6712	SPTBN2	down	late_allcell_DPN_vs_diabetes
late_allcell_residual	6713	SQLE	down	late_allcell_DPN_vs_diabetes
late_allcell_residual	6715	SRD5A1	down	late_allcell_DPN_vs_diabetes
late_allcell_residual	672	BRCA1	up	late_allcell_DPN_vs_diabetes
late_allcell_residual	673	BRAF	down	late_allcell_DPN_vs_diabetes
late_allcell_residual	6745	SSR1	down	late_allcell_DPN_vs_diabetes
late_allcell_residual	6748	SSR4	down	late_allcell_DPN_vs_diabetes
late_allcell_residual	6769	STAC	down	late_allcell_DPN_vs_diabetes
late_allcell_residual	6775	STAT4	up	late_allcell_DPN_vs_diabetes
late_allcell_residual	6782	HSPA13	down	late_allcell_DPN_vs_diabetes
late_allcell_residual	6785	ELOVL4	down	late_allcell_DPN_vs_diabetes
late_allcell_residual	6810	STX4	up	late_allcell_DPN_vs_diabetes
late_allcell_residual	6833	ABCC8	down	late_allcell_DPN_vs_diabetes
late_allcell_residual	6836	SURF4	down	late_allcell_DPN_vs_diabetes
late_allcell_residual	6837	MED22	up	late_allcell_DPN_vs_diabetes
late_allcell_residual	685	BTC	up	late_allcell_DPN_vs_diabetes
late_allcell_residual	6855	SYP	down	late_allcell_DPN_vs_diabetes
late_allcell_residual	6856	SYPL1	down	late_allcell_DPN_vs_diabetes
late_allcell_residual	6857	SYT1	down	late_allcell_DPN_vs_diabetes
late_allcell_residual	6860	SYT4	down	late_allcell_DPN_vs_diabetes
late_allcell_residual	6863	TAC1	down	late_allcell_DPN_vs_diabetes
late_allcell_residual	6874	TAF4	up	late_allcell_DPN_vs_diabetes
late_allcell_residual	688	KLF5	down	late_allcell_DPN_vs_diabetes
late_allcell_residual	6886	TAL1	up	late_allcell_DPN_vs_diabetes
late_allcell_residual	6895	TARBP2	up	late_allcell_DPN_vs_diabetes
late_allcell_residual	6899	TBX1	up	late_allcell_DPN_vs_diabetes
late_allcell_residual	6900	CNTN2	down	late_allcell_DPN_vs_diabetes
late_allcell_residual	6911	TBX6	up	late_allcell_DPN_vs_diabetes
late_allcell_residual	6915	TBXA2R	up	late_allcell_DPN_vs_diabetes
late_allcell_residual	6920	TCEA3	up	late_allcell_DPN_vs_diabetes
late_allcell_residual	6925	TCF4	up	late_allcell_DPN_vs_diabetes
late_allcell_residual	6929	TCF3	up	late_allcell_DPN_vs_diabetes
late_allcell_residual	6932	TCF7	up	late_allcell_DPN_vs_diabetes
late_allcell_residual	6934	TCF7L2	up	late_allcell_DPN_vs_diabetes
late_allcell_residual	6949	TCOF1	up	late_allcell_DPN_vs_diabetes
late_allcell_residual	699	BUB1	down	late_allcell_DPN_vs_diabetes
late_allcell_residual	6991	DYNLT2	up	late_allcell_DPN_vs_diabetes
late_allcell_residual	7003	TEAD1	up	late_allcell_DPN_vs_diabetes
late_allcell_residual	7010	TEK	up	late_allcell_DPN_vs_diabetes
late_allcell_residual	7018	TF	down	late_allcell_DPN_vs_diabetes
late_allcell_residual	7027	TFDP1	down	late_allcell_DPN_vs_diabetes
late_allcell_residual	7038	TG	up	late_allcell_DPN_vs_diabetes
late_allcell_residual	7039	TGFA	down	late_allcell_DPN_vs_diabetes
late_allcell_residual	7042	TGFB2	down	late_allcell_DPN_vs_diabetes
late_allcell_residual	7043	TGFB3	up	late_allcell_DPN_vs_diabetes
late_allcell_residual	7057	THBS1	down	late_allcell_DPN_vs_diabetes
late_allcell_residual	7066	THPO	up	late_allcell_DPN_vs_diabetes
late_allcell_residual	7068	THRB	up	late_allcell_DPN_vs_diabetes
late_allcell_residual	7069	THRSP	up	late_allcell_DPN_vs_diabetes
late_allcell_residual	7070	THY1	down	late_allcell_DPN_vs_diabetes
late_allcell_residual	7071	KLF10	up	late_allcell_DPN_vs_diabetes
late_allcell_residual	7075	TIE1	up	late_allcell_DPN_vs_diabetes
late_allcell_residual	7076	TIMP1	down	late_allcell_DPN_vs_diabetes
late_allcell_residual	7079	TIMP4	down	late_allcell_DPN_vs_diabetes
late_allcell_residual	708	C1QBP	down	late_allcell_DPN_vs_diabetes
late_allcell_residual	7092	TLL1	up	late_allcell_DPN_vs_diabetes
late_allcell_residual	7096	TLR1	down	late_allcell_DPN_vs_diabetes
late_allcell_residual	7097	TLR2	down	late_allcell_DPN_vs_diabetes
late_allcell_residual	7098	TLR3	down	late_allcell_DPN_vs_diabetes
late_allcell_residual	7099	TLR4	down	late_allcell_DPN_vs_diabetes
late_allcell_residual	7100	TLR5	down	late_allcell_DPN_vs_diabetes
late_allcell_residual	7102	TSPAN7	down	late_allcell_DPN_vs_diabetes
late_allcell_residual	7105	TSPAN6	down	late_allcell_DPN_vs_diabetes
late_allcell_residual	7111	TMOD1	down	late_allcell_DPN_vs_diabetes
late_allcell_residual	7113	TMPRSS2	down	late_allcell_DPN_vs_diabetes
late_allcell_residual	7124	TNF	down	late_allcell_DPN_vs_diabetes
late_allcell_residual	7125	TNNC2	up	late_allcell_DPN_vs_diabetes
late_allcell_residual	713	C1QB	down	late_allcell_DPN_vs_diabetes
late_allcell_residual	7134	TNNC1	down	late_allcell_DPN_vs_diabetes
late_allcell_residual	7138	TNNT1	up	late_allcell_DPN_vs_diabetes
late_allcell_residual	714	C1QC	down	late_allcell_DPN_vs_diabetes
late_allcell_residual	7140	TNNT3	up	late_allcell_DPN_vs_diabetes
late_allcell_residual	7143	TNR	down	late_allcell_DPN_vs_diabetes
late_allcell_residual	7163	TPD52	down	late_allcell_DPN_vs_diabetes
late_allcell_residual	7169	TPM2	up	late_allcell_DPN_vs_diabetes
late_allcell_residual	7171	TPM4	down	late_allcell_DPN_vs_diabetes
late_allcell_residual	718	C3	down	late_allcell_DPN_vs_diabetes
late_allcell_residual	7185	TRAF1	up	late_allcell_DPN_vs_diabetes
late_allcell_residual	7186	TRAF2	up	late_allcell_DPN_vs_diabetes
late_allcell_residual	7187	TRAF3	up	late_allcell_DPN_vs_diabetes
late_allcell_residual	72	ACTG2	up	late_allcell_DPN_vs_diabetes
late_allcell_residual	721	C4B	down	late_allcell_DPN_vs_diabetes
late_allcell_residual	7267	TTC3	down	late_allcell_DPN_vs_diabetes
late_allcell_residual	7274	TTPA	down	late_allcell_DPN_vs_diabetes
late_allcell_residual	727897	MUC5B	up	late_allcell_DPN_vs_diabetes
late_allcell_residual	727910	TLCD2	up	late_allcell_DPN_vs_diabetes
late_allcell_residual	727957	MROH1	up	late_allcell_DPN_vs_diabetes
late_allcell_residual	728	C5AR1	up	late_allcell_DPN_vs_diabetes
late_allcell_residual	728489	DNLZ	up	late_allcell_DPN_vs_diabetes
late_allcell_residual	728577	CNTNAP3B	down	late_allcell_DPN_vs_diabetes
late_allcell_residual	7286	TUFT1	up	late_allcell_DPN_vs_diabetes
late_allcell_residual	728763	CROCC2	up	late_allcell_DPN_vs_diabetes
late_allcell_residual	7289	TULP3	up	late_allcell_DPN_vs_diabetes
late_allcell_residual	729	C6	up	late_allcell_DPN_vs_diabetes
late_allcell_residual	729085	GASK1A	down	late_allcell_DPN_vs_diabetes
late_allcell_residual	729359	PLIN4	up	late_allcell_DPN_vs_diabetes
late_allcell_residual	7294	TXK	down	late_allcell_DPN_vs_diabetes
late_allcell_residual	730	C7	down	late_allcell_DPN_vs_diabetes
late_allcell_residual	730130	TMEM229A	down	late_allcell_DPN_vs_diabetes
late_allcell_residual	7306	TYRP1	down	late_allcell_DPN_vs_diabetes
late_allcell_residual	7314	UBB	down	late_allcell_DPN_vs_diabetes
late_allcell_residual	7316	UBC	down	late_allcell_DPN_vs_diabetes
late_allcell_residual	7321	UBE2D1	down	late_allcell_DPN_vs_diabetes
late_allcell_residual	7332	UBE2L3	down	late_allcell_DPN_vs_diabetes
late_allcell_residual	7334	UBE2N	down	late_allcell_DPN_vs_diabetes
late_allcell_residual	7335	UBE2V1	down	late_allcell_DPN_vs_diabetes
late_allcell_residual	734	OSGIN2	down	late_allcell_DPN_vs_diabetes
late_allcell_residual	7355	SLC35A2	down	late_allcell_DPN_vs_diabetes
late_allcell_residual	7410	VAV2	up	late_allcell_DPN_vs_diabetes
late_allcell_residual	7416	VDAC1	down	late_allcell_DPN_vs_diabetes
late_allcell_residual	7425	VGF	down	late_allcell_DPN_vs_diabetes
late_allcell_residual	7432	VIP	up	late_allcell_DPN_vs_diabetes
late_allcell_residual	7434	VIPR2	up	late_allcell_DPN_vs_diabetes
late_allcell_residual	7447	VSNL1	down	late_allcell_DPN_vs_diabetes
late_allcell_residual	7450	VWF	up	late_allcell_DPN_vs_diabetes
late_allcell_residual	7476	WNT7A	down	late_allcell_DPN_vs_diabetes
late_allcell_residual	7477	WNT7B	down	late_allcell_DPN_vs_diabetes
late_allcell_residual	7504	XK	down	late_allcell_DPN_vs_diabetes
late_allcell_residual	751071	CSKMT	up	late_allcell_DPN_vs_diabetes
late_allcell_residual	7512	XPNPEP2	up	late_allcell_DPN_vs_diabetes
late_allcell_residual	7535	ZAP70	up	late_allcell_DPN_vs_diabetes
late_allcell_residual	7544	ZFY	down	late_allcell_DPN_vs_diabetes
late_allcell_residual	7552	ZNF711	down	late_allcell_DPN_vs_diabetes
late_allcell_residual	7582	ZNF33B	down	late_allcell_DPN_vs_diabetes
late_allcell_residual	7593	MZF1	up	late_allcell_DPN_vs_diabetes
late_allcell_residual	760	CA2	down	late_allcell_DPN_vs_diabetes
late_allcell_residual	7621	ZNF70	up	late_allcell_DPN_vs_diabetes
late_allcell_residual	7625	ZNF74	up	late_allcell_DPN_vs_diabetes
late_allcell_residual	7638	ZNF221	up	late_allcell_DPN_vs_diabetes
late_allcell_residual	7678	ZNF124	down	late_allcell_DPN_vs_diabetes
late_allcell_residual	768206	PRCD	up	late_allcell_DPN_vs_diabetes
late_allcell_residual	7704	ZBTB16	up	late_allcell_DPN_vs_diabetes
late_allcell_residual	7710	ZNF154	down	late_allcell_DPN_vs_diabetes
late_allcell_residual	7716	VEZF1	down	late_allcell_DPN_vs_diabetes
late_allcell_residual	7739	ZNF185	down	late_allcell_DPN_vs_diabetes
late_allcell_residual	774	CACNA1B	down	late_allcell_DPN_vs_diabetes
late_allcell_residual	7750	ZMYM2	down	late_allcell_DPN_vs_diabetes
late_allcell_residual	7755	ZNF205	up	late_allcell_DPN_vs_diabetes
late_allcell_residual	776	CACNA1D	down	late_allcell_DPN_vs_diabetes
late_allcell_residual	7762	ZNF215	up	late_allcell_DPN_vs_diabetes
late_allcell_residual	777	CACNA1E	down	late_allcell_DPN_vs_diabetes
late_allcell_residual	7773	ZNF230	up	late_allcell_DPN_vs_diabetes
late_allcell_residual	7781	SLC30A3	up	late_allcell_DPN_vs_diabetes
late_allcell_residual	7805	LAPTM5	down	late_allcell_DPN_vs_diabetes
late_allcell_residual	780776	TVP23A	up	late_allcell_DPN_vs_diabetes
late_allcell_residual	783	CACNB2	down	late_allcell_DPN_vs_diabetes
late_allcell_residual	7846	TUBA1A	down	late_allcell_DPN_vs_diabetes
late_allcell_residual	7849	PAX8	down	late_allcell_DPN_vs_diabetes
late_allcell_residual	7857	SCG2	down	late_allcell_DPN_vs_diabetes
late_allcell_residual	78997	GDAP1L1	down	late_allcell_DPN_vs_diabetes
late_allcell_residual	79006	METRN	down	late_allcell_DPN_vs_diabetes
late_allcell_residual	79007	DBNDD1	down	late_allcell_DPN_vs_diabetes
late_allcell_residual	79036	KXD1	up	late_allcell_DPN_vs_diabetes
late_allcell_residual	79041	TMEM38A	down	late_allcell_DPN_vs_diabetes
late_allcell_residual	79047	KCTD15	up	late_allcell_DPN_vs_diabetes
late_allcell_residual	7905	REEP5	down	late_allcell_DPN_vs_diabetes
late_allcell_residual	79053	ALG8	down	late_allcell_DPN_vs_diabetes
late_allcell_residual	79054	TRPM8	down	late_allcell_DPN_vs_diabetes
late_allcell_residual	79071	ELOVL6	down	late_allcell_DPN_vs_diabetes
late_allcell_residual	79083	MLPH	up	late_allcell_DPN_vs_diabetes
late_allcell_residual	79091	METTL22	up	late_allcell_DPN_vs_diabetes
late_allcell_residual	79153	GDPD3	up	late_allcell_DPN_vs_diabetes
late_allcell_residual	79155	TNIP2	up	late_allcell_DPN_vs_diabetes
late_allcell_residual	79156	PLEKHF1	up	late_allcell_DPN_vs_diabetes
late_allcell_residual	79159	NOL12	up	late_allcell_DPN_vs_diabetes
late_allcell_residual	79165	LENG1	up	late_allcell_DPN_vs_diabetes
late_allcell_residual	79168	LILRA6	up	late_allcell_DPN_vs_diabetes
late_allcell_residual	79173	BRME1	up	late_allcell_DPN_vs_diabetes
late_allcell_residual	7918	GPANK1	up	late_allcell_DPN_vs_diabetes
late_allcell_residual	79190	IRX6	up	late_allcell_DPN_vs_diabetes
late_allcell_residual	79442	LRRC2	up	late_allcell_DPN_vs_diabetes
late_allcell_residual	79567	RIPOR1	up	late_allcell_DPN_vs_diabetes
late_allcell_residual	79586	CHPF	down	late_allcell_DPN_vs_diabetes
late_allcell_residual	79589	RNF128	down	late_allcell_DPN_vs_diabetes
late_allcell_residual	796	CALCA	down	late_allcell_DPN_vs_diabetes
late_allcell_residual	79602	ADIPOR2	down	late_allcell_DPN_vs_diabetes
late_allcell_residual	79608	RIC3	down	late_allcell_DPN_vs_diabetes
late_allcell_residual	79623	GALNT14	down	late_allcell_DPN_vs_diabetes
late_allcell_residual	79624	DCPH1	down	late_allcell_DPN_vs_diabetes
late_allcell_residual	79639	TMEM53	down	late_allcell_DPN_vs_diabetes
late_allcell_residual	79643	CHMP6	up	late_allcell_DPN_vs_diabetes
late_allcell_residual	79647	AKIRIN1	down	late_allcell_DPN_vs_diabetes
late_allcell_residual	79652	TMEM204	up	late_allcell_DPN_vs_diabetes
late_allcell_residual	79654	HECTD3	up	late_allcell_DPN_vs_diabetes
late_allcell_residual	79656	BEND5	down	late_allcell_DPN_vs_diabetes
late_allcell_residual	79671	NLRX1	up	late_allcell_DPN_vs_diabetes
late_allcell_residual	79689	STEAP4	down	late_allcell_DPN_vs_diabetes
late_allcell_residual	797	CALCB	down	late_allcell_DPN_vs_diabetes
late_allcell_residual	79705	LRRK1	up	late_allcell_DPN_vs_diabetes
late_allcell_residual	79709	COLGALT1	up	late_allcell_DPN_vs_diabetes
late_allcell_residual	79738	BBS10	down	late_allcell_DPN_vs_diabetes
late_allcell_residual	79744	ZNF419	down	late_allcell_DPN_vs_diabetes
late_allcell_residual	7975	MAFK	up	late_allcell_DPN_vs_diabetes
late_allcell_residual	79772	MCTP1	up	late_allcell_DPN_vs_diabetes
late_allcell_residual	79776	ZFHX4	down	late_allcell_DPN_vs_diabetes
late_allcell_residual	79781	DRC11	down	late_allcell_DPN_vs_diabetes
late_allcell_residual	79805	VASH2	down	late_allcell_DPN_vs_diabetes
late_allcell_residual	79822	ARHGAP28	up	late_allcell_DPN_vs_diabetes
late_allcell_residual	79827	CLMP	up	late_allcell_DPN_vs_diabetes
late_allcell_residual	79829	NAA40	up	late_allcell_DPN_vs_diabetes
late_allcell_residual	79839	CCDC102B	up	late_allcell_DPN_vs_diabetes
late_allcell_residual	79845	RNF122	up	late_allcell_DPN_vs_diabetes
late_allcell_residual	79849	NHERF4	up	late_allcell_DPN_vs_diabetes
late_allcell_residual	79856	SNX22	down	late_allcell_DPN_vs_diabetes
late_allcell_residual	79862	ZNF669	down	late_allcell_DPN_vs_diabetes
late_allcell_residual	79874	RABEP2	up	late_allcell_DPN_vs_diabetes
late_allcell_residual	79875	THSD4	down	late_allcell_DPN_vs_diabetes
late_allcell_residual	79883	PODNL1	up	late_allcell_DPN_vs_diabetes
late_allcell_residual	79895	ATP8B4	down	late_allcell_DPN_vs_diabetes
late_allcell_residual	79896	THNSL1	down	late_allcell_DPN_vs_diabetes
late_allcell_residual	79899	PRR5L	up	late_allcell_DPN_vs_diabetes
late_allcell_residual	79901	CYBRD1	down	late_allcell_DPN_vs_diabetes
late_allcell_residual	79922	MRM1	up	late_allcell_DPN_vs_diabetes
late_allcell_residual	79927	FAM110D	up	late_allcell_DPN_vs_diabetes
late_allcell_residual	79947	DHDDS	up	late_allcell_DPN_vs_diabetes
late_allcell_residual	79956	ERMP1	down	late_allcell_DPN_vs_diabetes
late_allcell_residual	79990	PLEKHH3	up	late_allcell_DPN_vs_diabetes
late_allcell_residual	79993	ELOVL7	down	late_allcell_DPN_vs_diabetes
late_allcell_residual	79998	ANKRD53	up	late_allcell_DPN_vs_diabetes
late_allcell_residual	80000	GREB1L	up	late_allcell_DPN_vs_diabetes
late_allcell_residual	80008	TMEM156	down	late_allcell_DPN_vs_diabetes
late_allcell_residual	80036	TRPM3	down	late_allcell_DPN_vs_diabetes
late_allcell_residual	80059	LRRTM4	down	late_allcell_DPN_vs_diabetes
late_allcell_residual	80070	ADAMTS20	down	late_allcell_DPN_vs_diabetes
late_allcell_residual	80114	BICC1	up	late_allcell_DPN_vs_diabetes
late_allcell_residual	80127	BBOF1	up	late_allcell_DPN_vs_diabetes
late_allcell_residual	80142	PTGES2	up	late_allcell_DPN_vs_diabetes
late_allcell_residual	80149	ZC3H12A	up	late_allcell_DPN_vs_diabetes
late_allcell_residual	80176	SPSB1	up	late_allcell_DPN_vs_diabetes
late_allcell_residual	80177	MYCT1	up	late_allcell_DPN_vs_diabetes
late_allcell_residual	80213	TM2D3	down	late_allcell_DPN_vs_diabetes
late_allcell_residual	80219	COQ10B	down	late_allcell_DPN_vs_diabetes
late_allcell_residual	80221	ACSF2	up	late_allcell_DPN_vs_diabetes
late_allcell_residual	80231	TASL	down	late_allcell_DPN_vs_diabetes
late_allcell_residual	80243	PREX2	up	late_allcell_DPN_vs_diabetes
late_allcell_residual	80270	HSD3B7	up	late_allcell_DPN_vs_diabetes
late_allcell_residual	80305	TRABD	up	late_allcell_DPN_vs_diabetes
late_allcell_residual	80309	SPHKAP	down	late_allcell_DPN_vs_diabetes
late_allcell_residual	80310	PDGFD	down	late_allcell_DPN_vs_diabetes
late_allcell_residual	80313	LRRC27	up	late_allcell_DPN_vs_diabetes
late_allcell_residual	80324	PUS1	up	late_allcell_DPN_vs_diabetes
late_allcell_residual	80325	ABTB1	up	late_allcell_DPN_vs_diabetes
late_allcell_residual	80335	WDR82	down	late_allcell_DPN_vs_diabetes
late_allcell_residual	80339	PNPLA3	down	late_allcell_DPN_vs_diabetes
late_allcell_residual	80351	TNKS2	down	late_allcell_DPN_vs_diabetes
late_allcell_residual	80380	PDCD1LG2	up	late_allcell_DPN_vs_diabetes
late_allcell_residual	8061	FOSL1	up	late_allcell_DPN_vs_diabetes
late_allcell_residual	80704	SLC19A3	up	late_allcell_DPN_vs_diabetes
late_allcell_residual	80714	PBX4	up	late_allcell_DPN_vs_diabetes
late_allcell_residual	80737	VWA7	down	late_allcell_DPN_vs_diabetes
late_allcell_residual	80746	TSEN2	down	late_allcell_DPN_vs_diabetes
late_allcell_residual	80758	PRR7	down	late_allcell_DPN_vs_diabetes
late_allcell_residual	80765	STARD5	up	late_allcell_DPN_vs_diabetes
late_allcell_residual	80830	APOL6	up	late_allcell_DPN_vs_diabetes
late_allcell_residual	80833	APOL3	up	late_allcell_DPN_vs_diabetes
late_allcell_residual	80852	GRIP2	up	late_allcell_DPN_vs_diabetes
late_allcell_residual	80856	LNPK	down	late_allcell_DPN_vs_diabetes
late_allcell_residual	80896	NPL	up	late_allcell_DPN_vs_diabetes
late_allcell_residual	81030	ZBP1	up	late_allcell_DPN_vs_diabetes
late_allcell_residual	81033	KCNH6	down	late_allcell_DPN_vs_diabetes
late_allcell_residual	81034	SLC25A32	down	late_allcell_DPN_vs_diabetes
late_allcell_residual	8120	AP3B2	down	late_allcell_DPN_vs_diabetes
late_allcell_residual	81466	OR2L5	down	late_allcell_DPN_vs_diabetes
late_allcell_residual	815	CAMK2A	down	late_allcell_DPN_vs_diabetes
late_allcell_residual	8153	RND2	down	late_allcell_DPN_vs_diabetes
late_allcell_residual	81532	MOB2	up	late_allcell_DPN_vs_diabetes
late_allcell_residual	81542	TMX1	down	late_allcell_DPN_vs_diabetes
late_allcell_residual	81578	COL21A1	up	late_allcell_DPN_vs_diabetes
late_allcell_residual	81614	NIPA2	down	late_allcell_DPN_vs_diabetes
late_allcell_residual	81615	TMEM163	down	late_allcell_DPN_vs_diabetes
late_allcell_residual	81618	ITM2C	down	late_allcell_DPN_vs_diabetes
late_allcell_residual	81620	CDT1	up	late_allcell_DPN_vs_diabetes
late_allcell_residual	81631	MAP1LC3B	down	late_allcell_DPN_vs_diabetes
late_allcell_residual	81689	ISCA1	down	late_allcell_DPN_vs_diabetes
late_allcell_residual	81693	AMN	up	late_allcell_DPN_vs_diabetes
late_allcell_residual	8174	MADCAM1	up	late_allcell_DPN_vs_diabetes
late_allcell_residual	8178	ELL	up	late_allcell_DPN_vs_diabetes
late_allcell_residual	81786	TRIM7	up	late_allcell_DPN_vs_diabetes
late_allcell_residual	81788	NUAK2	up	late_allcell_DPN_vs_diabetes
late_allcell_residual	81792	ADAMTS12	up	late_allcell_DPN_vs_diabetes
late_allcell_residual	81794	ADAMTS10	up	late_allcell_DPN_vs_diabetes
late_allcell_residual	81796	SLCO5A1	down	late_allcell_DPN_vs_diabetes
late_allcell_residual	81831	NETO2	down	late_allcell_DPN_vs_diabetes
late_allcell_residual	81855	SFXN3	up	late_allcell_DPN_vs_diabetes
late_allcell_residual	81858	SHARPIN	up	late_allcell_DPN_vs_diabetes
late_allcell_residual	81890	QTRT1	up	late_allcell_DPN_vs_diabetes
late_allcell_residual	819	CAMLG	down	late_allcell_DPN_vs_diabetes
late_allcell_residual	8190	MIA	down	late_allcell_DPN_vs_diabetes
late_allcell_residual	821	CANX	down	late_allcell_DPN_vs_diabetes
late_allcell_residual	8225	GTPBP6	up	late_allcell_DPN_vs_diabetes
late_allcell_residual	8228	PNPLA4	down	late_allcell_DPN_vs_diabetes
late_allcell_residual	824	CAPN2	up	late_allcell_DPN_vs_diabetes
late_allcell_residual	8260	NAA10	up	late_allcell_DPN_vs_diabetes
late_allcell_residual	8269	TMEM187	down	late_allcell_DPN_vs_diabetes
late_allcell_residual	828	CAPS	up	late_allcell_DPN_vs_diabetes
late_allcell_residual	8287	USP9Y	down	late_allcell_DPN_vs_diabetes
late_allcell_residual	8315	BRAP	down	late_allcell_DPN_vs_diabetes
late_allcell_residual	8317	CDC7	down	late_allcell_DPN_vs_diabetes
late_allcell_residual	8321	FZD1	down	late_allcell_DPN_vs_diabetes
late_allcell_residual	8324	FZD7	down	late_allcell_DPN_vs_diabetes
late_allcell_residual	83259	PCDH11Y	down	late_allcell_DPN_vs_diabetes
late_allcell_residual	83442	SH3BGRL3	down	late_allcell_DPN_vs_diabetes
late_allcell_residual	83444	INO80B	up	late_allcell_DPN_vs_diabetes
late_allcell_residual	8345	H2BC9	down	late_allcell_DPN_vs_diabetes
late_allcell_residual	83450	DRC3	up	late_allcell_DPN_vs_diabetes
late_allcell_residual	83480	PUS3	down	late_allcell_DPN_vs_diabetes
late_allcell_residual	83481	EPPK1	down	late_allcell_DPN_vs_diabetes
late_allcell_residual	83538	ODAD4	up	late_allcell_DPN_vs_diabetes
late_allcell_residual	83539	CHST9	down	late_allcell_DPN_vs_diabetes
late_allcell_residual	83546	RTBDN	down	late_allcell_DPN_vs_diabetes
late_allcell_residual	83547	RILP	up	late_allcell_DPN_vs_diabetes
late_allcell_residual	836	CASP3	down	late_allcell_DPN_vs_diabetes
late_allcell_residual	83604	TMEM47	down	late_allcell_DPN_vs_diabetes
late_allcell_residual	83640	RAMAC	down	late_allcell_DPN_vs_diabetes
late_allcell_residual	83648	FAM167A	down	late_allcell_DPN_vs_diabetes
late_allcell_residual	83658	DYNLRB1	down	late_allcell_DPN_vs_diabetes
late_allcell_residual	83690	CRISPLD1	down	late_allcell_DPN_vs_diabetes
late_allcell_residual	83700	JAM3	down	late_allcell_DPN_vs_diabetes
late_allcell_residual	83706	FERMT3	up	late_allcell_DPN_vs_diabetes
late_allcell_residual	83716	CRISPLD2	up	late_allcell_DPN_vs_diabetes
late_allcell_residual	83723	TLCD3B	down	late_allcell_DPN_vs_diabetes
late_allcell_residual	83759	RBM4B	up	late_allcell_DPN_vs_diabetes
late_allcell_residual	83786	FRMD8	up	late_allcell_DPN_vs_diabetes
late_allcell_residual	83787	ARMC10	down	late_allcell_DPN_vs_diabetes
late_allcell_residual	8382	NME5	down	late_allcell_DPN_vs_diabetes
late_allcell_residual	83850	ESYT3	up	late_allcell_DPN_vs_diabetes
late_allcell_residual	83854	ANGPTL6	down	late_allcell_DPN_vs_diabetes
late_allcell_residual	83856	FSD1L	down	late_allcell_DPN_vs_diabetes
late_allcell_residual	83872	HMCN1	up	late_allcell_DPN_vs_diabetes
late_allcell_residual	83878	USHBP1	up	late_allcell_DPN_vs_diabetes
late_allcell_residual	83888	FGFBP2	up	late_allcell_DPN_vs_diabetes
late_allcell_residual	83890	SPATA9	up	late_allcell_DPN_vs_diabetes
late_allcell_residual	83933	HDAC10	up	late_allcell_DPN_vs_diabetes
late_allcell_residual	83942	TSSK1B	up	late_allcell_DPN_vs_diabetes
late_allcell_residual	8398	PLA2G6	up	late_allcell_DPN_vs_diabetes
late_allcell_residual	84000	TMPRSS13	up	late_allcell_DPN_vs_diabetes
late_allcell_residual	84002	B3GNT5	down	late_allcell_DPN_vs_diabetes
late_allcell_residual	84033	OBSCN	up	late_allcell_DPN_vs_diabetes
late_allcell_residual	84034	EMILIN2	up	late_allcell_DPN_vs_diabetes
late_allcell_residual	84060	RBM48	down	late_allcell_DPN_vs_diabetes
late_allcell_residual	84061	MAGT1	down	late_allcell_DPN_vs_diabetes
late_allcell_residual	84065	TMEM222	down	late_allcell_DPN_vs_diabetes
late_allcell_residual	84072	HORMAD1	up	late_allcell_DPN_vs_diabetes
late_allcell_residual	84074	QRICH2	up	late_allcell_DPN_vs_diabetes
late_allcell_residual	84078	KBTBD7	down	late_allcell_DPN_vs_diabetes
late_allcell_residual	8408	ULK1	up	late_allcell_DPN_vs_diabetes
late_allcell_residual	84083	ZRANB3	down	late_allcell_DPN_vs_diabetes
late_allcell_residual	84084	RAB6C	down	late_allcell_DPN_vs_diabetes
late_allcell_residual	84085	FBXO30	down	late_allcell_DPN_vs_diabetes
late_allcell_residual	84107	ZIC4	up	late_allcell_DPN_vs_diabetes
late_allcell_residual	84109	QRFPR	down	late_allcell_DPN_vs_diabetes
late_allcell_residual	84144	SYDE2	down	late_allcell_DPN_vs_diabetes
late_allcell_residual	84166	NLRC5	up	late_allcell_DPN_vs_diabetes
late_allcell_residual	84179	SLC49A3	up	late_allcell_DPN_vs_diabetes
late_allcell_residual	84182	MINDY4	up	late_allcell_DPN_vs_diabetes
late_allcell_residual	84186	ZCCHC7	up	late_allcell_DPN_vs_diabetes
late_allcell_residual	842	CASP9	up	late_allcell_DPN_vs_diabetes
late_allcell_residual	84219	WDR24	up	late_allcell_DPN_vs_diabetes
late_allcell_residual	84221	SPATC1L	down	late_allcell_DPN_vs_diabetes
late_allcell_residual	84231	TRAF7	up	late_allcell_DPN_vs_diabetes
late_allcell_residual	84245	MRI1	up	late_allcell_DPN_vs_diabetes
late_allcell_residual	84249	PSD2	down	late_allcell_DPN_vs_diabetes
late_allcell_residual	84251	SGIP1	down	late_allcell_DPN_vs_diabetes
late_allcell_residual	84260	TCHP	up	late_allcell_DPN_vs_diabetes
late_allcell_residual	84275	SLC25A33	down	late_allcell_DPN_vs_diabetes
late_allcell_residual	84288	DRC8	up	late_allcell_DPN_vs_diabetes
late_allcell_residual	84289	ING5	up	late_allcell_DPN_vs_diabetes
late_allcell_residual	84296	GINS4	up	late_allcell_DPN_vs_diabetes
late_allcell_residual	84333	PCGF5	down	late_allcell_DPN_vs_diabetes
late_allcell_residual	84417	ECRG4	down	late_allcell_DPN_vs_diabetes
late_allcell_residual	84439	HHIPL1	up	late_allcell_DPN_vs_diabetes
late_allcell_residual	84457	PHYHIPL	down	late_allcell_DPN_vs_diabetes
late_allcell_residual	84460	ZMAT1	down	late_allcell_DPN_vs_diabetes
late_allcell_residual	84466	MEGF10	down	late_allcell_DPN_vs_diabetes
late_allcell_residual	8448	DOC2A	up	late_allcell_DPN_vs_diabetes
late_allcell_residual	84518	CNFN	down	late_allcell_DPN_vs_diabetes
late_allcell_residual	84522	JAGN1	down	late_allcell_DPN_vs_diabetes
late_allcell_residual	84541	KBTBD8	down	late_allcell_DPN_vs_diabetes
late_allcell_residual	84553	FAXC	down	late_allcell_DPN_vs_diabetes
late_allcell_residual	84570	COL25A1	down	late_allcell_DPN_vs_diabetes
late_allcell_residual	8462	KLF11	up	late_allcell_DPN_vs_diabetes
late_allcell_residual	84622	ZNF594	up	late_allcell_DPN_vs_diabetes
late_allcell_residual	84623	KIRREL3	down	late_allcell_DPN_vs_diabetes
late_allcell_residual	84628	NTNG2	down	late_allcell_DPN_vs_diabetes
late_allcell_residual	8463	TEAD2	up	late_allcell_DPN_vs_diabetes
late_allcell_residual	84631	SLITRK2	down	late_allcell_DPN_vs_diabetes
late_allcell_residual	84649	DGAT2	up	late_allcell_DPN_vs_diabetes
late_allcell_residual	84667	HES7	up	late_allcell_DPN_vs_diabetes
late_allcell_residual	84679	SLC9A7	down	late_allcell_DPN_vs_diabetes
late_allcell_residual	84684	INSM2	down	late_allcell_DPN_vs_diabetes
late_allcell_residual	84690	SPATA22	down	late_allcell_DPN_vs_diabetes
late_allcell_residual	84735	CNDP1	down	late_allcell_DPN_vs_diabetes
late_allcell_residual	8476	CDC42BPA	down	late_allcell_DPN_vs_diabetes
late_allcell_residual	84766	CRACR2A	up	late_allcell_DPN_vs_diabetes
late_allcell_residual	84787	KMT5C	up	late_allcell_DPN_vs_diabetes
late_allcell_residual	84795	PYROXD2	up	late_allcell_DPN_vs_diabetes
late_allcell_residual	84803	GPAT3	up	late_allcell_DPN_vs_diabetes
late_allcell_residual	84807	NFKBID	up	late_allcell_DPN_vs_diabetes
late_allcell_residual	84818	IL17RC	up	late_allcell_DPN_vs_diabetes
late_allcell_residual	84824	FCRLA	down	late_allcell_DPN_vs_diabetes
late_allcell_residual	84842	HPDL	down	late_allcell_DPN_vs_diabetes
late_allcell_residual	84865	CCDC142	up	late_allcell_DPN_vs_diabetes
late_allcell_residual	84867	PTPN5	down	late_allcell_DPN_vs_diabetes
late_allcell_residual	84879	MFSD2A	down	late_allcell_DPN_vs_diabetes
late_allcell_residual	84888	SPPL2A	down	late_allcell_DPN_vs_diabetes
late_allcell_residual	84892	POMGNT2	down	late_allcell_DPN_vs_diabetes
late_allcell_residual	84894	LINGO1	down	late_allcell_DPN_vs_diabetes
late_allcell_residual	84895	MIGA2	up	late_allcell_DPN_vs_diabetes
late_allcell_residual	84896	ATAD1	down	late_allcell_DPN_vs_diabetes
late_allcell_residual	84905	ZNF341	up	late_allcell_DPN_vs_diabetes
late_allcell_residual	8492	PRSS12	down	late_allcell_DPN_vs_diabetes
late_allcell_residual	8493	PPM1D	up	late_allcell_DPN_vs_diabetes
late_allcell_residual	84936	ZFYVE19	up	late_allcell_DPN_vs_diabetes
late_allcell_residual	84944	MAEL	down	late_allcell_DPN_vs_diabetes
late_allcell_residual	84945	ABHD13	down	late_allcell_DPN_vs_diabetes
late_allcell_residual	84952	CGNL1	up	late_allcell_DPN_vs_diabetes
late_allcell_residual	84957	RELT	up	late_allcell_DPN_vs_diabetes
late_allcell_residual	84958	SYTL1	up	late_allcell_DPN_vs_diabetes
late_allcell_residual	8497	PPFIA4	up	late_allcell_DPN_vs_diabetes
late_allcell_residual	84976	DISP1	down	late_allcell_DPN_vs_diabetes
late_allcell_residual	84986	ARHGAP19	down	late_allcell_DPN_vs_diabetes
late_allcell_residual	84988	PPP1R16A	up	late_allcell_DPN_vs_diabetes
late_allcell_residual	85013	TMEM128	down	late_allcell_DPN_vs_diabetes
late_allcell_residual	85025	TMEM60	down	late_allcell_DPN_vs_diabetes
late_allcell_residual	8516	ITGA8	up	late_allcell_DPN_vs_diabetes
late_allcell_residual	8527	DGKD	up	late_allcell_DPN_vs_diabetes
late_allcell_residual	85300	ATCAY	down	late_allcell_DPN_vs_diabetes
late_allcell_residual	85313	PPIL4	down	late_allcell_DPN_vs_diabetes
late_allcell_residual	85315	PAQR8	down	late_allcell_DPN_vs_diabetes
late_allcell_residual	85329	LGALS12	up	late_allcell_DPN_vs_diabetes
late_allcell_residual	85352	SHISAL1	down	late_allcell_DPN_vs_diabetes
late_allcell_residual	85358	SHANK3	up	late_allcell_DPN_vs_diabetes
late_allcell_residual	85378	TUBGCP6	up	late_allcell_DPN_vs_diabetes
late_allcell_residual	85397	RGS8	up	late_allcell_DPN_vs_diabetes
late_allcell_residual	85407	NKD1	up	late_allcell_DPN_vs_diabetes
late_allcell_residual	85409	NKD2	up	late_allcell_DPN_vs_diabetes
late_allcell_residual	85416	ZIC5	down	late_allcell_DPN_vs_diabetes
late_allcell_residual	8544	PIR	up	late_allcell_DPN_vs_diabetes
late_allcell_residual	85443	DCLK3	up	late_allcell_DPN_vs_diabetes
late_allcell_residual	85450	ITPRIP	up	late_allcell_DPN_vs_diabetes
late_allcell_residual	85451	UNK	up	late_allcell_DPN_vs_diabetes
late_allcell_residual	85462	FHDC1	down	late_allcell_DPN_vs_diabetes
late_allcell_residual	85465	SELENOI	down	late_allcell_DPN_vs_diabetes
late_allcell_residual	8547	FCN3	up	late_allcell_DPN_vs_diabetes
late_allcell_residual	85474	LBX2	up	late_allcell_DPN_vs_diabetes
late_allcell_residual	8549	LGR5	down	late_allcell_DPN_vs_diabetes
late_allcell_residual	85508	SCRT2	down	late_allcell_DPN_vs_diabetes
late_allcell_residual	8553	BHLHE40	up	late_allcell_DPN_vs_diabetes
late_allcell_residual	8557	TCAP	up	late_allcell_DPN_vs_diabetes
late_allcell_residual	8560	DEGS1	down	late_allcell_DPN_vs_diabetes
late_allcell_residual	8568	RRP1	up	late_allcell_DPN_vs_diabetes
late_allcell_residual	8569	MKNK1	up	late_allcell_DPN_vs_diabetes
late_allcell_residual	8601	RGS20	up	late_allcell_DPN_vs_diabetes
late_allcell_residual	8605	PLA2G4C	up	late_allcell_DPN_vs_diabetes
late_allcell_residual	861	RUNX1	up	late_allcell_DPN_vs_diabetes
late_allcell_residual	8612	PLPP2	up	late_allcell_DPN_vs_diabetes
late_allcell_residual	8613	PLPP3	up	late_allcell_DPN_vs_diabetes
late_allcell_residual	8618	CADPS	down	late_allcell_DPN_vs_diabetes
late_allcell_residual	862	RUNX1T1	up	late_allcell_DPN_vs_diabetes
late_allcell_residual	8629	JRK	up	late_allcell_DPN_vs_diabetes
late_allcell_residual	863	CBFA2T3	up	late_allcell_DPN_vs_diabetes
late_allcell_residual	8637	EIF4EBP3	down	late_allcell_DPN_vs_diabetes
late_allcell_residual	8639	AOC3	up	late_allcell_DPN_vs_diabetes
late_allcell_residual	8642	DCHS1	up	late_allcell_DPN_vs_diabetes
late_allcell_residual	8646	CHRD	up	late_allcell_DPN_vs_diabetes
late_allcell_residual	8647	ABCB11	up	late_allcell_DPN_vs_diabetes
late_allcell_residual	8649	LAMTOR3	down	late_allcell_DPN_vs_diabetes
late_allcell_residual	8651	SOCS1	up	late_allcell_DPN_vs_diabetes
late_allcell_residual	8659	ALDH4A1	down	late_allcell_DPN_vs_diabetes
late_allcell_residual	8660	IRS2	up	late_allcell_DPN_vs_diabetes
late_allcell_residual	8671	SLC4A4	down	late_allcell_DPN_vs_diabetes
late_allcell_residual	8676	STX11	up	late_allcell_DPN_vs_diabetes
late_allcell_residual	868	CBLB	up	late_allcell_DPN_vs_diabetes
late_allcell_residual	8694	DGAT1	up	late_allcell_DPN_vs_diabetes
late_allcell_residual	8698	S1PR4	up	late_allcell_DPN_vs_diabetes
late_allcell_residual	8706	B3GALNT1	down	late_allcell_DPN_vs_diabetes
late_allcell_residual	8707	B3GALT2	down	late_allcell_DPN_vs_diabetes
late_allcell_residual	8708	B3GALT1	down	late_allcell_DPN_vs_diabetes
late_allcell_residual	8711	TNK1	up	late_allcell_DPN_vs_diabetes
late_allcell_residual	8714	ABCC3	up	late_allcell_DPN_vs_diabetes
late_allcell_residual	8718	TNFRSF25	up	late_allcell_DPN_vs_diabetes
late_allcell_residual	8736	MYOM1	up	late_allcell_DPN_vs_diabetes
late_allcell_residual	8739	HRK	up	late_allcell_DPN_vs_diabetes
late_allcell_residual	87769	GGACT	up	late_allcell_DPN_vs_diabetes
late_allcell_residual	8786	RGS11	up	late_allcell_DPN_vs_diabetes
late_allcell_residual	8792	TNFRSF11A	down	late_allcell_DPN_vs_diabetes
late_allcell_residual	8793	TNFRSF10D	up	late_allcell_DPN_vs_diabetes
late_allcell_residual	8795	TNFRSF10B	up	late_allcell_DPN_vs_diabetes
late_allcell_residual	8796	SCEL	up	late_allcell_DPN_vs_diabetes
late_allcell_residual	8803	SUCLA2	down	late_allcell_DPN_vs_diabetes
late_allcell_residual	8807	IL18RAP	up	late_allcell_DPN_vs_diabetes
late_allcell_residual	881	CCIN	up	late_allcell_DPN_vs_diabetes
late_allcell_residual	8829	NRP1	up	late_allcell_DPN_vs_diabetes
late_allcell_residual	883	KYAT1	up	late_allcell_DPN_vs_diabetes
late_allcell_residual	8831	SYNGAP1	up	late_allcell_DPN_vs_diabetes
late_allcell_residual	8836	GGH	down	late_allcell_DPN_vs_diabetes
late_allcell_residual	8839	CCN5	up	late_allcell_DPN_vs_diabetes
late_allcell_residual	8843	HCAR3	up	late_allcell_DPN_vs_diabetes
late_allcell_residual	8844	KSR1	up	late_allcell_DPN_vs_diabetes
late_allcell_residual	8848	TSC22D1	down	late_allcell_DPN_vs_diabetes
late_allcell_residual	8859	WHR1	up	late_allcell_DPN_vs_diabetes
late_allcell_residual	886	CCKAR	down	late_allcell_DPN_vs_diabetes
late_allcell_residual	8877	SPHK1	up	late_allcell_DPN_vs_diabetes
late_allcell_residual	8891	EIF2B3	up	late_allcell_DPN_vs_diabetes
late_allcell_residual	8900	CCNA1	down	late_allcell_DPN_vs_diabetes
late_allcell_residual	8905	AP1S2	down	late_allcell_DPN_vs_diabetes
late_allcell_residual	891	CCNB1	down	late_allcell_DPN_vs_diabetes
late_allcell_residual	8910	SGCE	down	late_allcell_DPN_vs_diabetes
late_allcell_residual	8912	CACNA1H	up	late_allcell_DPN_vs_diabetes
late_allcell_residual	8927	BSN	down	late_allcell_DPN_vs_diabetes
late_allcell_residual	8929	PHOX2B	down	late_allcell_DPN_vs_diabetes
late_allcell_residual	8936	WASF1	down	late_allcell_DPN_vs_diabetes
late_allcell_residual	8941	CDK5R2	down	late_allcell_DPN_vs_diabetes
late_allcell_residual	8973	CHRNA6	down	late_allcell_DPN_vs_diabetes
late_allcell_residual	89846	FGD3	up	late_allcell_DPN_vs_diabetes
late_allcell_residual	89848	FCHSD1	up	late_allcell_DPN_vs_diabetes
late_allcell_residual	89849	ATG16L2	up	late_allcell_DPN_vs_diabetes
late_allcell_residual	89890	KBTBD6	down	late_allcell_DPN_vs_diabetes
late_allcell_residual	8991	SELENBP1	up	late_allcell_DPN_vs_diabetes
late_allcell_residual	8992	ATP6V0E1	down	late_allcell_DPN_vs_diabetes
late_allcell_residual	8994	LIMD1	up	late_allcell_DPN_vs_diabetes
late_allcell_residual	89958	SAPCD2	down	late_allcell_DPN_vs_diabetes
late_allcell_residual	8996	NOL3	up	late_allcell_DPN_vs_diabetes
late_allcell_residual	8999	CDKL2	down	late_allcell_DPN_vs_diabetes
late_allcell_residual	90007	MIDN	up	late_allcell_DPN_vs_diabetes
late_allcell_residual	9001	HAP1	up	late_allcell_DPN_vs_diabetes
late_allcell_residual	90113	VWA5B2	down	late_allcell_DPN_vs_diabetes
late_allcell_residual	90134	KCNH7	down	late_allcell_DPN_vs_diabetes
late_allcell_residual	90139	TSPAN18	down	late_allcell_DPN_vs_diabetes
late_allcell_residual	90161	HS6ST2	down	late_allcell_DPN_vs_diabetes
late_allcell_residual	90203	SNX21	up	late_allcell_DPN_vs_diabetes
late_allcell_residual	9024	BRSK2	down	late_allcell_DPN_vs_diabetes
late_allcell_residual	9026	HIP1R	up	late_allcell_DPN_vs_diabetes
late_allcell_residual	90273	CEACAM21	down	late_allcell_DPN_vs_diabetes
late_allcell_residual	90362	FAM110B	up	late_allcell_DPN_vs_diabetes
late_allcell_residual	9040	UBE2M	down	late_allcell_DPN_vs_diabetes
late_allcell_residual	90427	BMF	up	late_allcell_DPN_vs_diabetes
late_allcell_residual	9046	DOK2	up	late_allcell_DPN_vs_diabetes
late_allcell_residual	9047	SH2D2A	up	late_allcell_DPN_vs_diabetes
late_allcell_residual	90507	SCRN2	up	late_allcell_DPN_vs_diabetes
late_allcell_residual	9051	PSTPIP1	up	late_allcell_DPN_vs_diabetes
late_allcell_residual	90525	SHF	up	late_allcell_DPN_vs_diabetes
late_allcell_residual	90527	DUOXA1	up	late_allcell_DPN_vs_diabetes
late_allcell_residual	90592	ZNF700	down	late_allcell_DPN_vs_diabetes
late_allcell_residual	90594	ZNF439	down	late_allcell_DPN_vs_diabetes
late_allcell_residual	9061	PAPSS1	down	late_allcell_DPN_vs_diabetes
late_allcell_residual	9066	SYT7	down	late_allcell_DPN_vs_diabetes
late_allcell_residual	90665	TBL1Y	up	late_allcell_DPN_vs_diabetes
late_allcell_residual	90668	CARMIL3	down	late_allcell_DPN_vs_diabetes
late_allcell_residual	9068	ANGPTL1	up	late_allcell_DPN_vs_diabetes
late_allcell_residual	9069	CLDN12	down	late_allcell_DPN_vs_diabetes
late_allcell_residual	90693	CCDC126	down	late_allcell_DPN_vs_diabetes
late_allcell_residual	9076	CLDN1	down	late_allcell_DPN_vs_diabetes
late_allcell_residual	90780	PYGO2	up	late_allcell_DPN_vs_diabetes
late_allcell_residual	90806	ANGEL2	down	late_allcell_DPN_vs_diabetes
late_allcell_residual	9087	TMSB4Y	down	late_allcell_DPN_vs_diabetes
late_allcell_residual	90874	ZNF697	up	late_allcell_DPN_vs_diabetes
late_allcell_residual	90952	ESAM	up	late_allcell_DPN_vs_diabetes
late_allcell_residual	9096	TBX18	up	late_allcell_DPN_vs_diabetes
late_allcell_residual	91039	DPP9	up	late_allcell_DPN_vs_diabetes
late_allcell_residual	9108	MTMR7	down	late_allcell_DPN_vs_diabetes
late_allcell_residual	91137	SLC25A46	down	late_allcell_DPN_vs_diabetes
late_allcell_residual	91156	IGFN1	up	late_allcell_DPN_vs_diabetes
late_allcell_residual	9118	INA	down	late_allcell_DPN_vs_diabetes
late_allcell_residual	912	CD1D	down	late_allcell_DPN_vs_diabetes
late_allcell_residual	9121	SLC16A5	up	late_allcell_DPN_vs_diabetes
late_allcell_residual	9122	SLC16A4	down	late_allcell_DPN_vs_diabetes
late_allcell_residual	9130	FAM50A	up	late_allcell_DPN_vs_diabetes
late_allcell_residual	9135	RABEP1	up	late_allcell_DPN_vs_diabetes
late_allcell_residual	9136	RRP9	up	late_allcell_DPN_vs_diabetes
late_allcell_residual	91368	XTBD1	down	late_allcell_DPN_vs_diabetes
late_allcell_residual	9140	ATG12	down	late_allcell_DPN_vs_diabetes
late_allcell_residual	9143	SYNGR3	down	late_allcell_DPN_vs_diabetes
late_allcell_residual	91433	RCCD1	up	late_allcell_DPN_vs_diabetes
late_allcell_residual	91461	PKDCC	up	late_allcell_DPN_vs_diabetes
late_allcell_residual	9159	PCSK7	up	late_allcell_DPN_vs_diabetes
late_allcell_residual	91608	RASL10B	up	late_allcell_DPN_vs_diabetes
late_allcell_residual	91614	DEPDC7	down	late_allcell_DPN_vs_diabetes
late_allcell_residual	91653	BOC	up	late_allcell_DPN_vs_diabetes
late_allcell_residual	91752	ZNF804A	down	late_allcell_DPN_vs_diabetes
late_allcell_residual	91862	MARVELD3	down	late_allcell_DPN_vs_diabetes
late_allcell_residual	91894	C11orf52	up	late_allcell_DPN_vs_diabetes
late_allcell_residual	9196	KCNAB3	up	late_allcell_DPN_vs_diabetes
late_allcell_residual	920	CD4	down	late_allcell_DPN_vs_diabetes
late_allcell_residual	92002	CCNQ	down	late_allcell_DPN_vs_diabetes
late_allcell_residual	9228	DLGAP2	down	late_allcell_DPN_vs_diabetes
late_allcell_residual	9229	DLGAP1	down	late_allcell_DPN_vs_diabetes
late_allcell_residual	92291	CAPN13	down	late_allcell_DPN_vs_diabetes
late_allcell_residual	92293	TMEM132C	up	late_allcell_DPN_vs_diabetes
late_allcell_residual	92304	SCGB3A1	down	late_allcell_DPN_vs_diabetes
late_allcell_residual	9232	PTTG1	down	late_allcell_DPN_vs_diabetes
late_allcell_residual	9235	IL32	up	late_allcell_DPN_vs_diabetes
late_allcell_residual	9244	CRLF1	up	late_allcell_DPN_vs_diabetes
late_allcell_residual	92482	BBIP1	down	late_allcell_DPN_vs_diabetes
late_allcell_residual	9254	CACNA2D2	down	late_allcell_DPN_vs_diabetes
late_allcell_residual	92597	MOB1B	down	late_allcell_DPN_vs_diabetes
late_allcell_residual	92610	TIFA	down	late_allcell_DPN_vs_diabetes
late_allcell_residual	92689	FAM114A1	up	late_allcell_DPN_vs_diabetes
late_allcell_residual	92703	TMEM183A	down	late_allcell_DPN_vs_diabetes
late_allcell_residual	92737	DNER	down	late_allcell_DPN_vs_diabetes
late_allcell_residual	92822	ZNF276	up	late_allcell_DPN_vs_diabetes
late_allcell_residual	92840	REEP6	down	late_allcell_DPN_vs_diabetes
late_allcell_residual	929	CD14	down	late_allcell_DPN_vs_diabetes
late_allcell_residual	9296	ATP6V1F	down	late_allcell_DPN_vs_diabetes
late_allcell_residual	9308	CD83	up	late_allcell_DPN_vs_diabetes
late_allcell_residual	93109	TMEM44	up	late_allcell_DPN_vs_diabetes
late_allcell_residual	9312	KCNB2	down	late_allcell_DPN_vs_diabetes
late_allcell_residual	9319	TRIP13	down	late_allcell_DPN_vs_diabetes
late_allcell_residual	9322	TRIP10	up	late_allcell_DPN_vs_diabetes
late_allcell_residual	9328	GTF3C5	up	late_allcell_DPN_vs_diabetes
late_allcell_residual	9331	B4GALT6	down	late_allcell_DPN_vs_diabetes
late_allcell_residual	93380	MMGT1	down	late_allcell_DPN_vs_diabetes
late_allcell_residual	93426	SYCE1	up	late_allcell_DPN_vs_diabetes
late_allcell_residual	93432	MGAM2	down	late_allcell_DPN_vs_diabetes
late_allcell_residual	93487	MAPK1IP1L	down	late_allcell_DPN_vs_diabetes
late_allcell_residual	9356	SLC22A6	down	late_allcell_DPN_vs_diabetes
late_allcell_residual	9362	CPNE6	down	late_allcell_DPN_vs_diabetes
late_allcell_residual	93621	MRFAP1	down	late_allcell_DPN_vs_diabetes
late_allcell_residual	9363	RAB33A	down	late_allcell_DPN_vs_diabetes
late_allcell_residual	93649	MYOCD	up	late_allcell_DPN_vs_diabetes
late_allcell_residual	9370	ADIPOQ	up	late_allcell_DPN_vs_diabetes
late_allcell_residual	9375	TM9SF2	down	late_allcell_DPN_vs_diabetes
late_allcell_residual	9378	NRXN1	up	late_allcell_DPN_vs_diabetes
late_allcell_residual	94	ACVRL1	up	late_allcell_DPN_vs_diabetes
late_allcell_residual	9401	RECQL4	up	late_allcell_DPN_vs_diabetes
late_allcell_residual	94031	HTRA3	up	late_allcell_DPN_vs_diabetes
late_allcell_residual	94032	CAMK2N2	down	late_allcell_DPN_vs_diabetes
late_allcell_residual	94059	LENG9	up	late_allcell_DPN_vs_diabetes
late_allcell_residual	94103	ORMDL3	up	late_allcell_DPN_vs_diabetes
late_allcell_residual	94234	FOXQ1	down	late_allcell_DPN_vs_diabetes
late_allcell_residual	9427	ECEL1	down	late_allcell_DPN_vs_diabetes
late_allcell_residual	94274	PPP1R14A	up	late_allcell_DPN_vs_diabetes
late_allcell_residual	9429	ABCG2	down	late_allcell_DPN_vs_diabetes
late_allcell_residual	9447	AIM2	down	late_allcell_DPN_vs_diabetes
late_allcell_residual	9453	GGPS1	down	late_allcell_DPN_vs_diabetes
late_allcell_residual	9457	FHL5	up	late_allcell_DPN_vs_diabetes
late_allcell_residual	9465	AKAP7	down	late_allcell_DPN_vs_diabetes
late_allcell_residual	9468	PCYT1B	down	late_allcell_DPN_vs_diabetes
late_allcell_residual	9469	CHST3	up	late_allcell_DPN_vs_diabetes
late_allcell_residual	9476	NAPSA	up	late_allcell_DPN_vs_diabetes
late_allcell_residual	9479	MAPK8IP1	down	late_allcell_DPN_vs_diabetes
late_allcell_residual	948	CD36	up	late_allcell_DPN_vs_diabetes
late_allcell_residual	9482	STX8	up	late_allcell_DPN_vs_diabetes
late_allcell_residual	9489	PGS1	up	late_allcell_DPN_vs_diabetes
late_allcell_residual	9493	KIF23	down	late_allcell_DPN_vs_diabetes
late_allcell_residual	9507	ADAMTS4	up	late_allcell_DPN_vs_diabetes
late_allcell_residual	9509	ADAMTS2	up	late_allcell_DPN_vs_diabetes
late_allcell_residual	9514	GAL3ST1	down	late_allcell_DPN_vs_diabetes
late_allcell_residual	9515	STXBP5L	down	late_allcell_DPN_vs_diabetes
late_allcell_residual	9522	SCAMP1	down	late_allcell_DPN_vs_diabetes
late_allcell_residual	9524	TECR	down	late_allcell_DPN_vs_diabetes
late_allcell_residual	9528	TMEM59	down	late_allcell_DPN_vs_diabetes
late_allcell_residual	9530	BAG4	down	late_allcell_DPN_vs_diabetes
late_allcell_residual	9545	RAB3D	down	late_allcell_DPN_vs_diabetes
late_allcell_residual	9550	ATP6V1G1	down	late_allcell_DPN_vs_diabetes
late_allcell_residual	9551	ATP5MF	down	late_allcell_DPN_vs_diabetes
late_allcell_residual	9562	MINPP1	down	late_allcell_DPN_vs_diabetes
late_allcell_residual	9564	BCAR1	up	late_allcell_DPN_vs_diabetes
late_allcell_residual	9567	GTPBP1	up	late_allcell_DPN_vs_diabetes
late_allcell_residual	9568	GABBR2	down	late_allcell_DPN_vs_diabetes
late_allcell_residual	9572	NR1D1	up	late_allcell_DPN_vs_diabetes
late_allcell_residual	9584	RBM39	up	late_allcell_DPN_vs_diabetes
late_allcell_residual	9586	CREB5	up	late_allcell_DPN_vs_diabetes
late_allcell_residual	961	CD47	down	late_allcell_DPN_vs_diabetes
late_allcell_residual	9615	GDA	down	late_allcell_DPN_vs_diabetes
late_allcell_residual	9628	RGS6	up	late_allcell_DPN_vs_diabetes
late_allcell_residual	9630	GNA14	up	late_allcell_DPN_vs_diabetes
late_allcell_residual	9641	IKBKE	up	late_allcell_DPN_vs_diabetes
late_allcell_residual	9644	SH3PXD2A	up	late_allcell_DPN_vs_diabetes
late_allcell_residual	9647	PPM1F	up	late_allcell_DPN_vs_diabetes
late_allcell_residual	965	CD58	down	late_allcell_DPN_vs_diabetes
late_allcell_residual	9650	MTFR1	up	late_allcell_DPN_vs_diabetes
late_allcell_residual	9653	HS2ST1	down	late_allcell_DPN_vs_diabetes
late_allcell_residual	9655	SOCS5	down	late_allcell_DPN_vs_diabetes
late_allcell_residual	9666	DZIP3	down	late_allcell_DPN_vs_diabetes
late_allcell_residual	9667	SAFB2	up	late_allcell_DPN_vs_diabetes
late_allcell_residual	9671	WSCD2	up	late_allcell_DPN_vs_diabetes
late_allcell_residual	9679	FAM53B	up	late_allcell_DPN_vs_diabetes
late_allcell_residual	9690	UBE3C	down	late_allcell_DPN_vs_diabetes
late_allcell_residual	9696	CROCC	up	late_allcell_DPN_vs_diabetes
late_allcell_residual	9697	TRAM2	up	late_allcell_DPN_vs_diabetes
late_allcell_residual	9699	RIMS2	down	late_allcell_DPN_vs_diabetes
late_allcell_residual	9704	DHX34	up	late_allcell_DPN_vs_diabetes
late_allcell_residual	9711	RUBCN	up	late_allcell_DPN_vs_diabetes
late_allcell_residual	9718	ECE2	down	late_allcell_DPN_vs_diabetes
late_allcell_residual	9723	SEMA3E	down	late_allcell_DPN_vs_diabetes
late_allcell_residual	9727	RAB11FIP3	up	late_allcell_DPN_vs_diabetes
late_allcell_residual	9741	LAPTM4A	down	late_allcell_DPN_vs_diabetes
late_allcell_residual	9744	ACAP1	up	late_allcell_DPN_vs_diabetes
late_allcell_residual	975	CD81	down	late_allcell_DPN_vs_diabetes
late_allcell_residual	9755	TBKBP1	up	late_allcell_DPN_vs_diabetes
late_allcell_residual	9758	FRMPD4	down	late_allcell_DPN_vs_diabetes
late_allcell_residual	976	ADGRE5	up	late_allcell_DPN_vs_diabetes
late_allcell_residual	9781	RNF144A	up	late_allcell_DPN_vs_diabetes
late_allcell_residual	9788	MTSS1	up	late_allcell_DPN_vs_diabetes
late_allcell_residual	9791	PTDSS1	down	late_allcell_DPN_vs_diabetes
late_allcell_residual	9797	TATDN2	up	late_allcell_DPN_vs_diabetes
late_allcell_residual	9802	DAZAP2	down	late_allcell_DPN_vs_diabetes
late_allcell_residual	9804	TOMM20	down	late_allcell_DPN_vs_diabetes
late_allcell_residual	9806	SPOCK2	down	late_allcell_DPN_vs_diabetes
late_allcell_residual	9810	RNF40	up	late_allcell_DPN_vs_diabetes
late_allcell_residual	9814	SFI1	up	late_allcell_DPN_vs_diabetes
late_allcell_residual	9846	GAB2	up	late_allcell_DPN_vs_diabetes
late_allcell_residual	9848	MFAP3L	down	late_allcell_DPN_vs_diabetes
late_allcell_residual	9863	MAGI2	down	late_allcell_DPN_vs_diabetes
late_allcell_residual	9868	TOMM70	down	late_allcell_DPN_vs_diabetes
late_allcell_residual	9880	ZBTB39	up	late_allcell_DPN_vs_diabetes
late_allcell_residual	9881	TRANK1	up	late_allcell_DPN_vs_diabetes
late_allcell_residual	9885	OSBPL2	up	late_allcell_DPN_vs_diabetes
late_allcell_residual	989	SEPTIN7	down	late_allcell_DPN_vs_diabetes
late_allcell_residual	9891	NUAK1	up	late_allcell_DPN_vs_diabetes
late_allcell_residual	9892	SNAP91	down	late_allcell_DPN_vs_diabetes
late_allcell_residual	9894	TELO2	up	late_allcell_DPN_vs_diabetes
late_allcell_residual	9899	SV2B	down	late_allcell_DPN_vs_diabetes
late_allcell_residual	9901	SRGAP3	down	late_allcell_DPN_vs_diabetes
late_allcell_residual	9904	RBM19	up	late_allcell_DPN_vs_diabetes
late_allcell_residual	9907	AP5Z1	up	late_allcell_DPN_vs_diabetes
late_allcell_residual	9909	DENND4B	up	late_allcell_DPN_vs_diabetes
late_allcell_residual	9915	ARNT2	down	late_allcell_DPN_vs_diabetes
late_allcell_residual	9917	FAM20B	down	late_allcell_DPN_vs_diabetes
late_allcell_residual	9922	IQSEC1	up	late_allcell_DPN_vs_diabetes
late_allcell_residual	9935	MAFB	up	late_allcell_DPN_vs_diabetes
late_allcell_residual	9936	CD302	down	late_allcell_DPN_vs_diabetes
late_allcell_residual	9946	CRYZL1	up	late_allcell_DPN_vs_diabetes
late_allcell_residual	9951	HS3ST4	down	late_allcell_DPN_vs_diabetes
late_allcell_residual	996	CDC27	down	late_allcell_DPN_vs_diabetes
late_allcell_residual	9968	MED12	up	late_allcell_DPN_vs_diabetes
late_allcell_residual	9978	RBX1	down	late_allcell_DPN_vs_diabetes
late_neuron_residual	100288142	NBPF20	up	late_neuron_DPN_vs_diabetes
late_neuron_residual	100293516	ZNF587B	up	late_neuron_DPN_vs_diabetes
late_neuron_residual	100316904	SAP25	down	late_neuron_DPN_vs_diabetes
late_neuron_residual	100421372	MSANTD7	up	late_neuron_DPN_vs_diabetes
late_neuron_residual	100506012	PPP5D1P	down	late_neuron_DPN_vs_diabetes
late_neuron_residual	10058	ABCB6	down	late_neuron_DPN_vs_diabetes
late_neuron_residual	101060226	NBPF19	up	late_neuron_DPN_vs_diabetes
late_neuron_residual	10157	AASS	down	late_neuron_DPN_vs_diabetes
late_neuron_residual	10162	LPCAT3	down	late_neuron_DPN_vs_diabetes
late_neuron_residual	10163	WASF2	down	late_neuron_DPN_vs_diabetes
late_neuron_residual	10184	LHFPL2	down	late_neuron_DPN_vs_diabetes
late_neuron_residual	10217	CTDSPL	down	late_neuron_DPN_vs_diabetes
late_neuron_residual	10365	KLF2	down	late_neuron_DPN_vs_diabetes
late_neuron_residual	10376	TUBA1B	up	late_neuron_DPN_vs_diabetes
late_neuron_residual	10475	TRIM38	up	late_neuron_DPN_vs_diabetes
late_neuron_residual	1052	CEBPD	up	late_neuron_DPN_vs_diabetes
late_neuron_residual	10594	PRPF8	down	late_neuron_DPN_vs_diabetes
late_neuron_residual	10673	TNFSF13B	up	late_neuron_DPN_vs_diabetes
late_neuron_residual	10682	EBP	up	late_neuron_DPN_vs_diabetes
late_neuron_residual	107075310	MTCO2P12	up	late_neuron_DPN_vs_diabetes
late_neuron_residual	10766	TOB2	down	late_neuron_DPN_vs_diabetes
late_neuron_residual	10791	VAMP5	up	late_neuron_DPN_vs_diabetes
late_neuron_residual	10818	FRS2	down	late_neuron_DPN_vs_diabetes
late_neuron_residual	10894	LYVE1	up	late_neuron_DPN_vs_diabetes
late_neuron_residual	10973	ASCC3	down	late_neuron_DPN_vs_diabetes
late_neuron_residual	1102	RCBTB2	down	late_neuron_DPN_vs_diabetes
late_neuron_residual	11065	UBE2C	down	late_neuron_DPN_vs_diabetes
late_neuron_residual	11116	CEP43	up	late_neuron_DPN_vs_diabetes
late_neuron_residual	11228	RASSF8	down	late_neuron_DPN_vs_diabetes
late_neuron_residual	11238	CA5B	down	late_neuron_DPN_vs_diabetes
late_neuron_residual	112441430	SCYGR4	up	late_neuron_DPN_vs_diabetes
late_neuron_residual	112577462	OOSP4A	up	late_neuron_DPN_vs_diabetes
late_neuron_residual	11278	KLF12	down	late_neuron_DPN_vs_diabetes
late_neuron_residual	113277	TMEM106A	down	late_neuron_DPN_vs_diabetes
late_neuron_residual	113402	SFT2D1	down	late_neuron_DPN_vs_diabetes
late_neuron_residual	113763	ZBED10P	down	late_neuron_DPN_vs_diabetes
late_neuron_residual	114898	C1QTNF2	down	late_neuron_DPN_vs_diabetes
late_neuron_residual	115207	KCTD12	up	late_neuron_DPN_vs_diabetes
late_neuron_residual	115825	WDFY2	down	late_neuron_DPN_vs_diabetes
late_neuron_residual	116444	GRIN3B	up	late_neuron_DPN_vs_diabetes
late_neuron_residual	116984	ARAP2	down	late_neuron_DPN_vs_diabetes
late_neuron_residual	118460	EXOSC6	up	late_neuron_DPN_vs_diabetes
late_neuron_residual	120356739	LRRC51	up	late_neuron_DPN_vs_diabetes
late_neuron_residual	121512	FGD4	down	late_neuron_DPN_vs_diabetes
late_neuron_residual	123283	TARS3	up	late_neuron_DPN_vs_diabetes
late_neuron_residual	125476	INO80C	up	late_neuron_DPN_vs_diabetes
late_neuron_residual	134121	CFAP90	up	late_neuron_DPN_vs_diabetes
late_neuron_residual	134147	CMBL	down	late_neuron_DPN_vs_diabetes
late_neuron_residual	1368	CPM	down	late_neuron_DPN_vs_diabetes
late_neuron_residual	1410	CRYAB	down	late_neuron_DPN_vs_diabetes
late_neuron_residual	144347	RFLNA	down	late_neuron_DPN_vs_diabetes
late_neuron_residual	1465	CSRP1	down	late_neuron_DPN_vs_diabetes
late_neuron_residual	146562	DNAAF8	up	late_neuron_DPN_vs_diabetes
late_neuron_residual	147991	DPY19L3	down	late_neuron_DPN_vs_diabetes
late_neuron_residual	149478	BTBD19	down	late_neuron_DPN_vs_diabetes
late_neuron_residual	1512	CTSH	down	late_neuron_DPN_vs_diabetes
late_neuron_residual	152503	SH3D19	down	late_neuron_DPN_vs_diabetes
late_neuron_residual	1562	CYP2C18	up	late_neuron_DPN_vs_diabetes
late_neuron_residual	157680	VPS13B	down	late_neuron_DPN_vs_diabetes
late_neuron_residual	159090	PABIR2	down	late_neuron_DPN_vs_diabetes
late_neuron_residual	159091	PABIR3	up	late_neuron_DPN_vs_diabetes
late_neuron_residual	159195	USP54	down	late_neuron_DPN_vs_diabetes
late_neuron_residual	1601	DAB2	up	late_neuron_DPN_vs_diabetes
late_neuron_residual	1647	GADD45A	up	late_neuron_DPN_vs_diabetes
late_neuron_residual	1739	DLG1	down	late_neuron_DPN_vs_diabetes
late_neuron_residual	177	AGER	down	late_neuron_DPN_vs_diabetes
late_neuron_residual	1806	DPYD	down	late_neuron_DPN_vs_diabetes
late_neuron_residual	200576	PIKFYVE	down	late_neuron_DPN_vs_diabetes
late_neuron_residual	200810	ALG1L1P	down	late_neuron_DPN_vs_diabetes
late_neuron_residual	200844	CFAP20DC	down	late_neuron_DPN_vs_diabetes
late_neuron_residual	202151	RANBP3L	down	late_neuron_DPN_vs_diabetes
late_neuron_residual	203100	HTRA4	up	late_neuron_DPN_vs_diabetes
late_neuron_residual	2045	EPHA7	down	late_neuron_DPN_vs_diabetes
late_neuron_residual	219854	TMEM218	up	late_neuron_DPN_vs_diabetes
late_neuron_residual	220108	FAM124A	up	late_neuron_DPN_vs_diabetes
late_neuron_residual	22858	CILK1	down	late_neuron_DPN_vs_diabetes
late_neuron_residual	2289	FKBP5	down	late_neuron_DPN_vs_diabetes
late_neuron_residual	22890	ZBTB1	down	late_neuron_DPN_vs_diabetes
late_neuron_residual	23024	PDZRN3	down	late_neuron_DPN_vs_diabetes
late_neuron_residual	23041	MON2	down	late_neuron_DPN_vs_diabetes
late_neuron_residual	23155	CLCC1	down	late_neuron_DPN_vs_diabetes
late_neuron_residual	23179	RGL1	down	late_neuron_DPN_vs_diabetes
late_neuron_residual	23187	PHLDB1	down	late_neuron_DPN_vs_diabetes
late_neuron_residual	23247	KATNIP	down	late_neuron_DPN_vs_diabetes
late_neuron_residual	23347	SMCHD1	down	late_neuron_DPN_vs_diabetes
late_neuron_residual	2335	FN1	up	late_neuron_DPN_vs_diabetes
late_neuron_residual	23462	HEY1	down	late_neuron_DPN_vs_diabetes
late_neuron_residual	2355	FOSL2	down	late_neuron_DPN_vs_diabetes
late_neuron_residual	23555	TSPAN15	down	late_neuron_DPN_vs_diabetes
late_neuron_residual	23639	DNAAF11	up	late_neuron_DPN_vs_diabetes
late_neuron_residual	23768	FLRT2	down	late_neuron_DPN_vs_diabetes
late_neuron_residual	2487	FRZB	down	late_neuron_DPN_vs_diabetes
late_neuron_residual	25903	OLFML2B	down	late_neuron_DPN_vs_diabetes
late_neuron_residual	259293	TAS2R30	down	late_neuron_DPN_vs_diabetes
late_neuron_residual	25960	ADGRA2	down	late_neuron_DPN_vs_diabetes
late_neuron_residual	26009	ZZZ3	up	late_neuron_DPN_vs_diabetes
late_neuron_residual	26032	SUSD5	down	late_neuron_DPN_vs_diabetes
late_neuron_residual	2617	GARS1	up	late_neuron_DPN_vs_diabetes
late_neuron_residual	2619	GAS1	down	late_neuron_DPN_vs_diabetes
late_neuron_residual	26231	FBXL9P	down	late_neuron_DPN_vs_diabetes
late_neuron_residual	2650	GCNT1	up	late_neuron_DPN_vs_diabetes
late_neuron_residual	2678	GGT1	up	late_neuron_DPN_vs_diabetes
late_neuron_residual	27250	PDCD4	down	late_neuron_DPN_vs_diabetes
late_neuron_residual	284325	ACTMAP	up	late_neuron_DPN_vs_diabetes
late_neuron_residual	2899	GRIK3	down	late_neuron_DPN_vs_diabetes
late_neuron_residual	29761	USP25	down	late_neuron_DPN_vs_diabetes
late_neuron_residual	29923	HILPDA	down	late_neuron_DPN_vs_diabetes
late_neuron_residual	29940	DSE	down	late_neuron_DPN_vs_diabetes
late_neuron_residual	30061	SLC40A1	down	late_neuron_DPN_vs_diabetes
late_neuron_residual	3065	HDAC1	down	late_neuron_DPN_vs_diabetes
late_neuron_residual	317	APAF1	down	late_neuron_DPN_vs_diabetes
late_neuron_residual	3213	HOXB3	down	late_neuron_DPN_vs_diabetes
late_neuron_residual	3316	HSPB2	down	late_neuron_DPN_vs_diabetes
late_neuron_residual	338657	CENATAC	up	late_neuron_DPN_vs_diabetes
late_neuron_residual	338707	B4GALNT4	down	late_neuron_DPN_vs_diabetes
late_neuron_residual	339287	MSL1	down	late_neuron_DPN_vs_diabetes
late_neuron_residual	340061	STING1	down	late_neuron_DPN_vs_diabetes
late_neuron_residual	342035	GLDN	down	late_neuron_DPN_vs_diabetes
late_neuron_residual	343450	KCNT2	down	late_neuron_DPN_vs_diabetes
late_neuron_residual	344148	NCKAP5	down	late_neuron_DPN_vs_diabetes
late_neuron_residual	349565	NMNAT3	down	late_neuron_DPN_vs_diabetes
late_neuron_residual	3500	IGHG1	up	late_neuron_DPN_vs_diabetes
late_neuron_residual	352954	CASTOR3P	down	late_neuron_DPN_vs_diabetes
late_neuron_residual	3636	INPPL1	down	late_neuron_DPN_vs_diabetes
late_neuron_residual	3726	JUNB	down	late_neuron_DPN_vs_diabetes
late_neuron_residual	3732	CD82	down	late_neuron_DPN_vs_diabetes
late_neuron_residual	375790	AGRN	down	late_neuron_DPN_vs_diabetes
late_neuron_residual	387119	CEP85L	down	late_neuron_DPN_vs_diabetes
late_neuron_residual	387694	SH2D4B	up	late_neuron_DPN_vs_diabetes
late_neuron_residual	399665	EEIG1	down	late_neuron_DPN_vs_diabetes
late_neuron_residual	399687	MYO18A	down	late_neuron_DPN_vs_diabetes
late_neuron_residual	401494	HACD4	down	late_neuron_DPN_vs_diabetes
late_neuron_residual	4040	LRP6	down	late_neuron_DPN_vs_diabetes
late_neuron_residual	4072	EPCAM	down	late_neuron_DPN_vs_diabetes
late_neuron_residual	4094	MAF	up	late_neuron_DPN_vs_diabetes
late_neuron_residual	4141	MARS1	up	late_neuron_DPN_vs_diabetes
late_neuron_residual	4192	MDK	up	late_neuron_DPN_vs_diabetes
late_neuron_residual	4216	MAP3K4	down	late_neuron_DPN_vs_diabetes
late_neuron_residual	4281	MID1	down	late_neuron_DPN_vs_diabetes
late_neuron_residual	4289	MKLN1	down	late_neuron_DPN_vs_diabetes
late_neuron_residual	4296	MAP3K11	down	late_neuron_DPN_vs_diabetes
late_neuron_residual	4306	NR3C2	down	late_neuron_DPN_vs_diabetes
late_neuron_residual	445577	FAM120A2P	down	late_neuron_DPN_vs_diabetes
late_neuron_residual	4494	MT1F	down	late_neuron_DPN_vs_diabetes
late_neuron_residual	4774	NFIA	down	late_neuron_DPN_vs_diabetes
late_neuron_residual	4919	ROR1	down	late_neuron_DPN_vs_diabetes
late_neuron_residual	5055	SERPINB2	up	late_neuron_DPN_vs_diabetes
late_neuron_residual	50848	F11R	up	late_neuron_DPN_vs_diabetes
late_neuron_residual	51000	SLC35B3	down	late_neuron_DPN_vs_diabetes
late_neuron_residual	51177	PLEKHO1	up	late_neuron_DPN_vs_diabetes
late_neuron_residual	51421	AMOTL2	down	late_neuron_DPN_vs_diabetes
late_neuron_residual	51668	IFT25	down	late_neuron_DPN_vs_diabetes
late_neuron_residual	51678	PALS2	up	late_neuron_DPN_vs_diabetes
late_neuron_residual	5187	PER1	down	late_neuron_DPN_vs_diabetes
late_neuron_residual	5230	PGK1	up	late_neuron_DPN_vs_diabetes
late_neuron_residual	5281	PIGF	down	late_neuron_DPN_vs_diabetes
late_neuron_residual	5347	PLK1	up	late_neuron_DPN_vs_diabetes
late_neuron_residual	54498	SMOX	down	late_neuron_DPN_vs_diabetes
late_neuron_residual	54504	CPVL	down	late_neuron_DPN_vs_diabetes
late_neuron_residual	54514	DDX4	down	late_neuron_DPN_vs_diabetes
late_neuron_residual	54532	USP53	down	late_neuron_DPN_vs_diabetes
late_neuron_residual	54785	BORCS6	up	late_neuron_DPN_vs_diabetes
late_neuron_residual	54882	ANKHD1	down	late_neuron_DPN_vs_diabetes
late_neuron_residual	54885	TBC1D8B	down	late_neuron_DPN_vs_diabetes
late_neuron_residual	54996	MTARC2	down	late_neuron_DPN_vs_diabetes
late_neuron_residual	55034	MOCOS	up	late_neuron_DPN_vs_diabetes
late_neuron_residual	55038	CDCA4	down	late_neuron_DPN_vs_diabetes
late_neuron_residual	55054	ATG16L1	up	late_neuron_DPN_vs_diabetes
late_neuron_residual	55064	SPATA6L	up	late_neuron_DPN_vs_diabetes
late_neuron_residual	55075	UACA	down	late_neuron_DPN_vs_diabetes
late_neuron_residual	55112	DYNC2I1	up	late_neuron_DPN_vs_diabetes
late_neuron_residual	55130	ODAD2	down	late_neuron_DPN_vs_diabetes
late_neuron_residual	55320	MIS18BP1	down	late_neuron_DPN_vs_diabetes
late_neuron_residual	55504	TNFRSF19	down	late_neuron_DPN_vs_diabetes
late_neuron_residual	55713	ZNF334	down	late_neuron_DPN_vs_diabetes
late_neuron_residual	55732	FIRRM	up	late_neuron_DPN_vs_diabetes
late_neuron_residual	56204	ATOSA	down	late_neuron_DPN_vs_diabetes
late_neuron_residual	5649	RELN	down	late_neuron_DPN_vs_diabetes
late_neuron_residual	57018	CCNL1	down	late_neuron_DPN_vs_diabetes
late_neuron_residual	57211	ADGRG6	down	late_neuron_DPN_vs_diabetes
late_neuron_residual	5727	PTCH1	down	late_neuron_DPN_vs_diabetes
late_neuron_residual	57447	NDRG2	down	late_neuron_DPN_vs_diabetes
late_neuron_residual	57501	CFAP92	up	late_neuron_DPN_vs_diabetes
late_neuron_residual	57519	STARD9	down	late_neuron_DPN_vs_diabetes
late_neuron_residual	57594	HOMEZ	down	late_neuron_DPN_vs_diabetes
late_neuron_residual	57600	FNIP2	up	late_neuron_DPN_vs_diabetes
late_neuron_residual	57611	ISLR2	down	late_neuron_DPN_vs_diabetes
late_neuron_residual	57830	KRTAP5-8	up	late_neuron_DPN_vs_diabetes
late_neuron_residual	5793	PTPRG	down	late_neuron_DPN_vs_diabetes
late_neuron_residual	5859	QARS1	up	late_neuron_DPN_vs_diabetes
late_neuron_residual	58986	PGAP6	down	late_neuron_DPN_vs_diabetes
late_neuron_residual	5900	RALGDS	up	late_neuron_DPN_vs_diabetes
late_neuron_residual	5912	RAP2B	up	late_neuron_DPN_vs_diabetes
late_neuron_residual	59283	CACNG8	up	late_neuron_DPN_vs_diabetes
late_neuron_residual	5947	RBP1	up	late_neuron_DPN_vs_diabetes
late_neuron_residual	596	BCL2	down	late_neuron_DPN_vs_diabetes
late_neuron_residual	6038	RNASE4	down	late_neuron_DPN_vs_diabetes
late_neuron_residual	60489	APOBEC3G	down	late_neuron_DPN_vs_diabetes
late_neuron_residual	6102	RP2	down	late_neuron_DPN_vs_diabetes
late_neuron_residual	6301	SARS1	up	late_neuron_DPN_vs_diabetes
late_neuron_residual	6322	SCML1	down	late_neuron_DPN_vs_diabetes
late_neuron_residual	63901	FAM111A	down	late_neuron_DPN_vs_diabetes
late_neuron_residual	64114	TMBIM1	down	late_neuron_DPN_vs_diabetes
late_neuron_residual	6414	SELENOP	down	late_neuron_DPN_vs_diabetes
late_neuron_residual	64410	KLHL25	down	late_neuron_DPN_vs_diabetes
late_neuron_residual	644186	SYCE3	up	late_neuron_DPN_vs_diabetes
late_neuron_residual	6446	SGK1	down	late_neuron_DPN_vs_diabetes
late_neuron_residual	64757	MTARC1	up	late_neuron_DPN_vs_diabetes
late_neuron_residual	64760	FHIP2B	down	late_neuron_DPN_vs_diabetes
late_neuron_residual	64766	S100PBP	down	late_neuron_DPN_vs_diabetes
late_neuron_residual	64848	YTHDC2	down	late_neuron_DPN_vs_diabetes
late_neuron_residual	64855	NIBAN2	down	late_neuron_DPN_vs_diabetes
late_neuron_residual	65012	SLC26A10P	down	late_neuron_DPN_vs_diabetes
late_neuron_residual	65251	ZNF649	up	late_neuron_DPN_vs_diabetes
late_neuron_residual	653319	MATCAP1	up	late_neuron_DPN_vs_diabetes
late_neuron_residual	653689	GSTT2B	up	late_neuron_DPN_vs_diabetes
late_neuron_residual	6546	SLC8A1	down	late_neuron_DPN_vs_diabetes
late_neuron_residual	6563	SLC14A1	down	late_neuron_DPN_vs_diabetes
late_neuron_residual	6648	SOD2	down	late_neuron_DPN_vs_diabetes
late_neuron_residual	6667	SP1	down	late_neuron_DPN_vs_diabetes
late_neuron_residual	6773	STAT2	down	late_neuron_DPN_vs_diabetes
late_neuron_residual	6804	STX1A	up	late_neuron_DPN_vs_diabetes
late_neuron_residual	6820	SULT2B1	up	late_neuron_DPN_vs_diabetes
late_neuron_residual	687	KLF9	down	late_neuron_DPN_vs_diabetes
late_neuron_residual	6901	TAFAZZIN	up	late_neuron_DPN_vs_diabetes
late_neuron_residual	7037	TFRC	down	late_neuron_DPN_vs_diabetes
late_neuron_residual	7082	TJP1	down	late_neuron_DPN_vs_diabetes
late_neuron_residual	7107	GPR137B	down	late_neuron_DPN_vs_diabetes
late_neuron_residual	712	C1QA	up	late_neuron_DPN_vs_diabetes
late_neuron_residual	7174	TPP2	down	late_neuron_DPN_vs_diabetes
late_neuron_residual	7227	TRPS1	down	late_neuron_DPN_vs_diabetes
late_neuron_residual	7318	UBA7	down	late_neuron_DPN_vs_diabetes
late_neuron_residual	7378	UPP1	up	late_neuron_DPN_vs_diabetes
late_neuron_residual	7675	ZNF121	down	late_neuron_DPN_vs_diabetes
late_neuron_residual	7705	ZNF146	down	late_neuron_DPN_vs_diabetes
late_neuron_residual	79026	AHNAK	down	late_neuron_DPN_vs_diabetes
late_neuron_residual	79658	ARHGAP10	down	late_neuron_DPN_vs_diabetes
late_neuron_residual	79745	CLIP4	down	late_neuron_DPN_vs_diabetes
late_neuron_residual	800	CALD1	down	late_neuron_DPN_vs_diabetes
late_neuron_residual	801	CALM1	up	late_neuron_DPN_vs_diabetes
late_neuron_residual	80271	ITPKC	down	late_neuron_DPN_vs_diabetes
late_neuron_residual	80349	SKIC8	up	late_neuron_DPN_vs_diabetes
late_neuron_residual	8065	CUL5	down	late_neuron_DPN_vs_diabetes
late_neuron_residual	80709	AKNA	down	late_neuron_DPN_vs_diabetes
late_neuron_residual	80726	IQCN	up	late_neuron_DPN_vs_diabetes
late_neuron_residual	81628	TSC22D4	down	late_neuron_DPN_vs_diabetes
late_neuron_residual	8404	SPARCL1	down	late_neuron_DPN_vs_diabetes
late_neuron_residual	84067	FHIP1B	up	late_neuron_DPN_vs_diabetes
late_neuron_residual	84168	ANTXR1	down	late_neuron_DPN_vs_diabetes
late_neuron_residual	84445	LZTS2	down	late_neuron_DPN_vs_diabetes
late_neuron_residual	84525	HOPX	up	late_neuron_DPN_vs_diabetes
late_neuron_residual	84532	ACSS1	down	late_neuron_DPN_vs_diabetes
late_neuron_residual	84691	GARIN1B	down	late_neuron_DPN_vs_diabetes
late_neuron_residual	84695	LOXL3	down	late_neuron_DPN_vs_diabetes
late_neuron_residual	84726	PRRC2B	down	late_neuron_DPN_vs_diabetes
late_neuron_residual	84752	B3GNT9	down	late_neuron_DPN_vs_diabetes
late_neuron_residual	84798	C19orf48P	down	late_neuron_DPN_vs_diabetes
late_neuron_residual	84876	ORAI1	down	late_neuron_DPN_vs_diabetes
late_neuron_residual	8501	SLC43A1	down	late_neuron_DPN_vs_diabetes
late_neuron_residual	85363	TRIM5	down	late_neuron_DPN_vs_diabetes
late_neuron_residual	8693	GALNT4	down	late_neuron_DPN_vs_diabetes
late_neuron_residual	871	SERPINH1	down	late_neuron_DPN_vs_diabetes
late_neuron_residual	8751	ADAM15	down	late_neuron_DPN_vs_diabetes
late_neuron_residual	8850	KAT2B	down	late_neuron_DPN_vs_diabetes
late_neuron_residual	8857	FCGBP	up	late_neuron_DPN_vs_diabetes
late_neuron_residual	8880	FUBP1	down	late_neuron_DPN_vs_diabetes
late_neuron_residual	89876	CFAP91	down	late_neuron_DPN_vs_diabetes
late_neuron_residual	9022	CLIC3	up	late_neuron_DPN_vs_diabetes
late_neuron_residual	90313	TP53I13	down	late_neuron_DPN_vs_diabetes
late_neuron_residual	9057	SLC7A6	down	late_neuron_DPN_vs_diabetes
late_neuron_residual	9060	PAPSS2	down	late_neuron_DPN_vs_diabetes
late_neuron_residual	91543	RSAD2	up	late_neuron_DPN_vs_diabetes
late_neuron_residual	92806	CENPBD1P	down	late_neuron_DPN_vs_diabetes
late_neuron_residual	93974	ATP5IF1	up	late_neuron_DPN_vs_diabetes
late_neuron_residual	9636	ISG15	up	late_neuron_DPN_vs_diabetes
late_neuron_residual	9654	TTLL4	down	late_neuron_DPN_vs_diabetes
late_neuron_residual	9710	GARRE1	up	late_neuron_DPN_vs_diabetes
late_neuron_residual	9719	ADAMTSL2	down	late_neuron_DPN_vs_diabetes
late_neuron_residual	9732	DOCK4	down	late_neuron_DPN_vs_diabetes
late_neuron_residual	9771	RAPGEF5	down	late_neuron_DPN_vs_diabetes
late_neuron_residual	9839	ZEB2	down	late_neuron_DPN_vs_diabetes
late_neuron_residual	9866	TRIM66	down	late_neuron_DPN_vs_diabetes
late_neuron_residual	9948	WDR1	up	late_neuron_DPN_vs_diabetes
late_neuron_residual	9960	USP3	down	late_neuron_DPN_vs_diabetes
late_neuron_residual	999	CDH1	down	late_neuron_DPN_vs_diabetes
late_shared_concordant_neuronal_core	100996693	SPEGNB	down	late_neuron_DPN_vs_diabetes
late_shared_concordant_neuronal_core	10116	FEM1B	down	late_neuron_DPN_vs_diabetes
late_shared_concordant_neuronal_core	102723859	TBC1D3E	up	late_neuron_DPN_vs_diabetes
late_shared_concordant_neuronal_core	10516	FBLN5	down	late_neuron_DPN_vs_diabetes
late_shared_concordant_neuronal_core	10800	CYSLTR1	down	late_neuron_DPN_vs_diabetes
late_shared_concordant_neuronal_core	10924	SMPDL3A	down	late_neuron_DPN_vs_diabetes
late_shared_concordant_neuronal_core	11149	POPDC1	down	late_neuron_DPN_vs_diabetes
late_shared_concordant_neuronal_core	11190	CEP250	up	late_neuron_DPN_vs_diabetes
late_shared_concordant_neuronal_core	115948	ODAD3	up	late_neuron_DPN_vs_diabetes
late_shared_concordant_neuronal_core	116135	LRRC3B	down	late_neuron_DPN_vs_diabetes
late_shared_concordant_neuronal_core	116224	PABIR1	down	late_neuron_DPN_vs_diabetes
late_shared_concordant_neuronal_core	124274	GPR139	down	late_neuron_DPN_vs_diabetes
late_shared_concordant_neuronal_core	126820	DNAI3	down	late_neuron_DPN_vs_diabetes
late_shared_concordant_neuronal_core	129881	CFAP210	down	late_neuron_DPN_vs_diabetes
late_shared_concordant_neuronal_core	130576	LYPD6B	down	late_neuron_DPN_vs_diabetes
late_shared_concordant_neuronal_core	133396	IL31RA	down	late_neuron_DPN_vs_diabetes
late_shared_concordant_neuronal_core	135152	B3GAT2	down	late_neuron_DPN_vs_diabetes
late_shared_concordant_neuronal_core	138162	PIERCE1	down	late_neuron_DPN_vs_diabetes
late_shared_concordant_neuronal_core	143888	POGLUT3	down	late_neuron_DPN_vs_diabetes
late_shared_concordant_neuronal_core	1490	CCN2	down	late_neuron_DPN_vs_diabetes
late_shared_concordant_neuronal_core	154	ADRB2	up	late_neuron_DPN_vs_diabetes
late_shared_concordant_neuronal_core	157657	CFAP418	up	late_neuron_DPN_vs_diabetes
late_shared_concordant_neuronal_core	160851	DGKH	down	late_neuron_DPN_vs_diabetes
late_shared_concordant_neuronal_core	1620	BRINP1	down	late_neuron_DPN_vs_diabetes
late_shared_concordant_neuronal_core	170691	ADAMTS17	up	late_neuron_DPN_vs_diabetes
late_shared_concordant_neuronal_core	1730	DIAPH2	down	late_neuron_DPN_vs_diabetes
late_shared_concordant_neuronal_core	1909	EDNRA	down	late_neuron_DPN_vs_diabetes
late_shared_concordant_neuronal_core	200424	TET3	up	late_neuron_DPN_vs_diabetes
late_shared_concordant_neuronal_core	201163	FLCN	up	late_neuron_DPN_vs_diabetes
late_shared_concordant_neuronal_core	214	ALCAM	down	late_neuron_DPN_vs_diabetes
late_shared_concordant_neuronal_core	2189	FANCG	up	late_neuron_DPN_vs_diabetes
late_shared_concordant_neuronal_core	221395	ADGRF5	up	late_neuron_DPN_vs_diabetes
late_shared_concordant_neuronal_core	25932	CLIC4	down	late_neuron_DPN_vs_diabetes
late_shared_concordant_neuronal_core	26033	ATRNL1	down	late_neuron_DPN_vs_diabetes
late_shared_concordant_neuronal_core	2634	GBP2	up	late_neuron_DPN_vs_diabetes
late_shared_concordant_neuronal_core	26469	PTPN18	up	late_neuron_DPN_vs_diabetes
late_shared_concordant_neuronal_core	27087	B3GAT1	down	late_neuron_DPN_vs_diabetes
late_shared_concordant_neuronal_core	27091	CACNG5	down	late_neuron_DPN_vs_diabetes
late_shared_concordant_neuronal_core	27112	NALF2	up	late_neuron_DPN_vs_diabetes
late_shared_concordant_neuronal_core	28514	DLL1	up	late_neuron_DPN_vs_diabetes
late_shared_concordant_neuronal_core	29775	CARD10	up	late_neuron_DPN_vs_diabetes
late_shared_concordant_neuronal_core	30820	KCNIP1	down	late_neuron_DPN_vs_diabetes
late_shared_concordant_neuronal_core	3162	HMOX1	up	late_neuron_DPN_vs_diabetes
late_shared_concordant_neuronal_core	3199	HOXA2	up	late_neuron_DPN_vs_diabetes
late_shared_concordant_neuronal_core	3359	HTR3A	down	late_neuron_DPN_vs_diabetes
late_shared_concordant_neuronal_core	340811	AKR1C8	up	late_neuron_DPN_vs_diabetes
late_shared_concordant_neuronal_core	346653	GARIN1A	up	late_neuron_DPN_vs_diabetes
late_shared_concordant_neuronal_core	353267	RAMACL	up	late_neuron_DPN_vs_diabetes
late_shared_concordant_neuronal_core	358	AQP1	down	late_neuron_DPN_vs_diabetes
late_shared_concordant_neuronal_core	3687	ITGAX	up	late_neuron_DPN_vs_diabetes
late_shared_concordant_neuronal_core	3747	KCNC2	down	late_neuron_DPN_vs_diabetes
late_shared_concordant_neuronal_core	375387	NRROS	up	late_neuron_DPN_vs_diabetes
late_shared_concordant_neuronal_core	388228	SBK1	down	late_neuron_DPN_vs_diabetes
late_shared_concordant_neuronal_core	3903	LAIR1	up	late_neuron_DPN_vs_diabetes
late_shared_concordant_neuronal_core	414059	TBC1D3B	up	late_neuron_DPN_vs_diabetes
late_shared_concordant_neuronal_core	4360	MRC1	up	late_neuron_DPN_vs_diabetes
late_shared_concordant_neuronal_core	440270	GOLGA8B	down	late_neuron_DPN_vs_diabetes
late_shared_concordant_neuronal_core	467	ATF3	up	late_neuron_DPN_vs_diabetes
late_shared_concordant_neuronal_core	474344	GIMAP6	up	late_neuron_DPN_vs_diabetes
late_shared_concordant_neuronal_core	4775	NFATC3	down	late_neuron_DPN_vs_diabetes
late_shared_concordant_neuronal_core	4879	NPPB	down	late_neuron_DPN_vs_diabetes
late_shared_concordant_neuronal_core	4986	OPRK1	down	late_neuron_DPN_vs_diabetes
late_shared_concordant_neuronal_core	4988	OPRM1	down	late_neuron_DPN_vs_diabetes
late_shared_concordant_neuronal_core	50940	PDE11A	down	late_neuron_DPN_vs_diabetes
late_shared_concordant_neuronal_core	50944	SHANK1	up	late_neuron_DPN_vs_diabetes
late_shared_concordant_neuronal_core	51083	GAL	down	late_neuron_DPN_vs_diabetes
late_shared_concordant_neuronal_core	51324	SPG21	down	late_neuron_DPN_vs_diabetes
late_shared_concordant_neuronal_core	51566	ARMCX3	down	late_neuron_DPN_vs_diabetes
late_shared_concordant_neuronal_core	51699	VPS29	down	late_neuron_DPN_vs_diabetes
late_shared_concordant_neuronal_core	5175	PECAM1	up	late_neuron_DPN_vs_diabetes
late_shared_concordant_neuronal_core	5329	PLAUR	up	late_neuron_DPN_vs_diabetes
late_shared_concordant_neuronal_core	54413	NLGN3	down	late_neuron_DPN_vs_diabetes
late_shared_concordant_neuronal_core	54625	PARP14	down	late_neuron_DPN_vs_diabetes
late_shared_concordant_neuronal_core	54676	GTPBP2	up	late_neuron_DPN_vs_diabetes
late_shared_concordant_neuronal_core	5478	PPIA	down	late_neuron_DPN_vs_diabetes
late_shared_concordant_neuronal_core	54904	NSD3	down	late_neuron_DPN_vs_diabetes
late_shared_concordant_neuronal_core	54976	ADISSP	down	late_neuron_DPN_vs_diabetes
late_shared_concordant_neuronal_core	55026	TMEM255A	down	late_neuron_DPN_vs_diabetes
late_shared_concordant_neuronal_core	55254	TMEM39A	down	late_neuron_DPN_vs_diabetes
late_shared_concordant_neuronal_core	55757	UGGT2	down	late_neuron_DPN_vs_diabetes
late_shared_concordant_neuronal_core	5606	MAP2K3	up	late_neuron_DPN_vs_diabetes
late_shared_concordant_neuronal_core	5616	PRKY	up	late_neuron_DPN_vs_diabetes
late_shared_concordant_neuronal_core	5627	PROS1	down	late_neuron_DPN_vs_diabetes
late_shared_concordant_neuronal_core	56925	LXN	down	late_neuron_DPN_vs_diabetes
late_shared_concordant_neuronal_core	57186	RALGAPA2	up	late_neuron_DPN_vs_diabetes
late_shared_concordant_neuronal_core	57489	ODF2L	up	late_neuron_DPN_vs_diabetes
late_shared_concordant_neuronal_core	57575	PCDH10	down	late_neuron_DPN_vs_diabetes
late_shared_concordant_neuronal_core	57582	KCNT1	down	late_neuron_DPN_vs_diabetes
late_shared_concordant_neuronal_core	63827	BCAN	down	late_neuron_DPN_vs_diabetes
late_shared_concordant_neuronal_core	63928	CHP2	down	late_neuron_DPN_vs_diabetes
late_shared_concordant_neuronal_core	644538	SMIM10	down	late_neuron_DPN_vs_diabetes
late_shared_concordant_neuronal_core	64805	P2RY12	down	late_neuron_DPN_vs_diabetes
late_shared_concordant_neuronal_core	652968	CASTOR1	down	late_neuron_DPN_vs_diabetes
late_shared_concordant_neuronal_core	6683	SPAST	down	late_neuron_DPN_vs_diabetes
late_shared_concordant_neuronal_core	6750	SST	down	late_neuron_DPN_vs_diabetes
late_shared_concordant_neuronal_core	6770	STAR	up	late_neuron_DPN_vs_diabetes
late_shared_concordant_neuronal_core	6840	SVIL	up	late_neuron_DPN_vs_diabetes
late_shared_concordant_neuronal_core	7060	THBS4	down	late_neuron_DPN_vs_diabetes
late_shared_concordant_neuronal_core	7128	TNFAIP3	up	late_neuron_DPN_vs_diabetes
late_shared_concordant_neuronal_core	7224	TRPC5	down	late_neuron_DPN_vs_diabetes
late_shared_concordant_neuronal_core	7388	UQCRH	down	late_neuron_DPN_vs_diabetes
late_shared_concordant_neuronal_core	7637	ZNF84	up	late_neuron_DPN_vs_diabetes
late_shared_concordant_neuronal_core	7779	SLC30A1	down	late_neuron_DPN_vs_diabetes
late_shared_concordant_neuronal_core	78995	HROB	down	late_neuron_DPN_vs_diabetes
late_shared_concordant_neuronal_core	79627	OGFRL1	down	late_neuron_DPN_vs_diabetes
late_shared_concordant_neuronal_core	79714	CCDC51	down	late_neuron_DPN_vs_diabetes
late_shared_concordant_neuronal_core	79792	GSDMD	up	late_neuron_DPN_vs_diabetes
late_shared_concordant_neuronal_core	79819	DNAI4	down	late_neuron_DPN_vs_diabetes
late_shared_concordant_neuronal_core	80216	ALPK1	down	late_neuron_DPN_vs_diabetes
late_shared_concordant_neuronal_core	81848	SPRY4	up	late_neuron_DPN_vs_diabetes
late_shared_concordant_neuronal_core	8325	FZD8	down	late_neuron_DPN_vs_diabetes
late_shared_concordant_neuronal_core	8334	H2AC6	up	late_neuron_DPN_vs_diabetes
late_shared_concordant_neuronal_core	83643	CCDC3	down	late_neuron_DPN_vs_diabetes
late_shared_concordant_neuronal_core	84059	ADGRV1	down	late_neuron_DPN_vs_diabetes
late_shared_concordant_neuronal_core	84722	PSRC1	up	late_neuron_DPN_vs_diabetes
late_shared_concordant_neuronal_core	84913	ATOH8	up	late_neuron_DPN_vs_diabetes
late_shared_concordant_neuronal_core	885	CCK	down	late_neuron_DPN_vs_diabetes
late_shared_concordant_neuronal_core	8906	AP1G2	up	late_neuron_DPN_vs_diabetes
late_shared_concordant_neuronal_core	8989	TRPA1	down	late_neuron_DPN_vs_diabetes
late_shared_concordant_neuronal_core	899	CCNF	up	late_neuron_DPN_vs_diabetes
late_shared_concordant_neuronal_core	90634	N4BP2L1	down	late_neuron_DPN_vs_diabetes
late_shared_concordant_neuronal_core	9211	LGI1	down	late_neuron_DPN_vs_diabetes
late_shared_concordant_neuronal_core	92270	ATP6AP1L	down	late_neuron_DPN_vs_diabetes
late_shared_concordant_neuronal_core	9388	LIPG	down	late_neuron_DPN_vs_diabetes
late_shared_concordant_neuronal_core	9420	CYP7B1	down	late_neuron_DPN_vs_diabetes
late_shared_concordant_neuronal_core	956	ENTPD3	down	late_neuron_DPN_vs_diabetes
late_shared_concordant_neuronal_core	9674	KIAA0040	up	late_neuron_DPN_vs_diabetes
late_shared_concordant_neuronal_core	9986	RCE1	up	late_neuron_DPN_vs_diabetes
original_early_allcell	100037417	DDTL	down	early_allcell_diabetes_vs_control
original_early_allcell	100128327	TRAPPC3L	down	early_allcell_diabetes_vs_control
original_early_allcell	100133315	XNDC1N	down	early_allcell_diabetes_vs_control
original_early_allcell	10019	SH2B3	down	early_allcell_diabetes_vs_control
original_early_allcell	100288842	B3GALT9	down	early_allcell_diabetes_vs_control
original_early_allcell	100289635	ZNF605	up	early_allcell_diabetes_vs_control
original_early_allcell	100316904	SAP25	up	early_allcell_diabetes_vs_control
original_early_allcell	100421372	MSANTD7	down	early_allcell_diabetes_vs_control
original_early_allcell	100505573	INAFM2	down	early_allcell_diabetes_vs_control
original_early_allcell	100506540	MISFA	down	early_allcell_diabetes_vs_control
original_early_allcell	10124	ARL4A	up	early_allcell_diabetes_vs_control
original_early_allcell	10142	AKAP9	up	early_allcell_diabetes_vs_control
original_early_allcell	10181	RBM5	up	early_allcell_diabetes_vs_control
original_early_allcell	10189	ALYREF	down	early_allcell_diabetes_vs_control
original_early_allcell	10208	USPL1	up	early_allcell_diabetes_vs_control
original_early_allcell	10209	EIF1	down	early_allcell_diabetes_vs_control
original_early_allcell	10276	NET1	up	early_allcell_diabetes_vs_control
original_early_allcell	1029	CDKN2A	down	early_allcell_diabetes_vs_control
original_early_allcell	10327	AKR1A1	down	early_allcell_diabetes_vs_control
original_early_allcell	10345	TRDN	up	early_allcell_diabetes_vs_control
original_early_allcell	10370	CITED2	up	early_allcell_diabetes_vs_control
original_early_allcell	10376	TUBA1B	down	early_allcell_diabetes_vs_control
original_early_allcell	10427	SEC24B	up	early_allcell_diabetes_vs_control
original_early_allcell	10437	IFI30	down	early_allcell_diabetes_vs_control
original_early_allcell	10450	PPIE	down	early_allcell_diabetes_vs_control
original_early_allcell	10457	GPNMB	down	early_allcell_diabetes_vs_control
original_early_allcell	10513	APPBP2	up	early_allcell_diabetes_vs_control
original_early_allcell	10520	ZNF211	up	early_allcell_diabetes_vs_control
original_early_allcell	10521	DDX17	up	early_allcell_diabetes_vs_control
original_early_allcell	105371267	CHD9NB	down	early_allcell_diabetes_vs_control
original_early_allcell	10542	LAMTOR5	down	early_allcell_diabetes_vs_control
original_early_allcell	10560	SLC19A2	up	early_allcell_diabetes_vs_control
original_early_allcell	10562	OLFM4	down	early_allcell_diabetes_vs_control
original_early_allcell	10602	CDC42EP3	up	early_allcell_diabetes_vs_control
original_early_allcell	10650	PRELID3A	up	early_allcell_diabetes_vs_control
original_early_allcell	10712	ENTREP3	down	early_allcell_diabetes_vs_control
original_early_allcell	10742	RAI2	up	early_allcell_diabetes_vs_control
original_early_allcell	10782	ZNF274	up	early_allcell_diabetes_vs_control
original_early_allcell	10794	ZNF460	up	early_allcell_diabetes_vs_control
original_early_allcell	10849	POLR1G	down	early_allcell_diabetes_vs_control
original_early_allcell	10888	GPR83	up	early_allcell_diabetes_vs_control
original_early_allcell	10891	PPARGC1A	down	early_allcell_diabetes_vs_control
original_early_allcell	10892	MALT1	up	early_allcell_diabetes_vs_control
original_early_allcell	10923	SUB1	down	early_allcell_diabetes_vs_control
original_early_allcell	10994	HACL2	down	early_allcell_diabetes_vs_control
original_early_allcell	11068	CYB561D2	down	early_allcell_diabetes_vs_control
original_early_allcell	11116	CEP43	down	early_allcell_diabetes_vs_control
original_early_allcell	11135	CDC42EP1	down	early_allcell_diabetes_vs_control
original_early_allcell	11145	PLAAT3	down	early_allcell_diabetes_vs_control
original_early_allcell	11151	CORO1A	down	early_allcell_diabetes_vs_control
original_early_allcell	1116	CHI3L1	up	early_allcell_diabetes_vs_control
original_early_allcell	11183	MAP4K5	up	early_allcell_diabetes_vs_control
original_early_allcell	11270	NRM	down	early_allcell_diabetes_vs_control
original_early_allcell	113246	C12orf57	down	early_allcell_diabetes_vs_control
original_early_allcell	11337	GABARAP	down	early_allcell_diabetes_vs_control
original_early_allcell	114327	EFHC1	up	early_allcell_diabetes_vs_control
original_early_allcell	114897	C1QTNF1	down	early_allcell_diabetes_vs_control
original_early_allcell	115209	OMA1	up	early_allcell_diabetes_vs_control
original_early_allcell	116135	LRRC3B	up	early_allcell_diabetes_vs_control
original_early_allcell	116143	DNAAF10	down	early_allcell_diabetes_vs_control
original_early_allcell	117145	THEM4	up	early_allcell_diabetes_vs_control
original_early_allcell	118788	PIK3AP1	down	early_allcell_diabetes_vs_control
original_early_allcell	1195	CLK1	up	early_allcell_diabetes_vs_control
original_early_allcell	119504	ANAPC16	up	early_allcell_diabetes_vs_control
original_early_allcell	1196	CLK2	up	early_allcell_diabetes_vs_control
original_early_allcell	12	SERPINA3	down	early_allcell_diabetes_vs_control
original_early_allcell	120356739	LRRC51	down	early_allcell_diabetes_vs_control
original_early_allcell	121551	ABTB3	down	early_allcell_diabetes_vs_control
original_early_allcell	123041	SLC24A4	up	early_allcell_diabetes_vs_control
original_early_allcell	1238	ACKR2	up	early_allcell_diabetes_vs_control
original_early_allcell	124989	EFCAB13	up	early_allcell_diabetes_vs_control
original_early_allcell	126	ADH1C	up	early_allcell_diabetes_vs_control
original_early_allcell	1263	PLK3	down	early_allcell_diabetes_vs_control
original_early_allcell	126382	NR2C2AP	down	early_allcell_diabetes_vs_control
original_early_allcell	126789	PUSL1	down	early_allcell_diabetes_vs_control
original_early_allcell	1277	COL1A1	down	early_allcell_diabetes_vs_control
original_early_allcell	129080	EMID1	down	early_allcell_diabetes_vs_control
original_early_allcell	1293	COL6A3	down	early_allcell_diabetes_vs_control
original_early_allcell	129450	TYW5	up	early_allcell_diabetes_vs_control
original_early_allcell	129607	CMPK2	up	early_allcell_diabetes_vs_control
original_early_allcell	1303	COL12A1	up	early_allcell_diabetes_vs_control
original_early_allcell	130340	AP1S3	up	early_allcell_diabetes_vs_control
original_early_allcell	130497	OSR1	up	early_allcell_diabetes_vs_control
original_early_allcell	1306	COL15A1	down	early_allcell_diabetes_vs_control
original_early_allcell	131034	CPNE4	down	early_allcell_diabetes_vs_control
original_early_allcell	131096	KCNH8	up	early_allcell_diabetes_vs_control
original_early_allcell	131544	CRYBG3	up	early_allcell_diabetes_vs_control
original_early_allcell	132204	SYNPR	down	early_allcell_diabetes_vs_control
original_early_allcell	133121	ENPP6	up	early_allcell_diabetes_vs_control
original_early_allcell	136332	LRGUK	up	early_allcell_diabetes_vs_control
original_early_allcell	137872	ADHFE1	up	early_allcell_diabetes_vs_control
original_early_allcell	140766	ADAMTS14	up	early_allcell_diabetes_vs_control
original_early_allcell	1410	CRYAB	down	early_allcell_diabetes_vs_control
original_early_allcell	143630	UBQLNL	up	early_allcell_diabetes_vs_control
original_early_allcell	144100	PLEKHA7	down	early_allcell_diabetes_vs_control
original_early_allcell	144577	KICS2	down	early_allcell_diabetes_vs_control
original_early_allcell	1464	CSPG4	down	early_allcell_diabetes_vs_control
original_early_allcell	147040	KCTD11	down	early_allcell_diabetes_vs_control
original_early_allcell	147138	TMC8	down	early_allcell_diabetes_vs_control
original_early_allcell	147381	CBLN2	up	early_allcell_diabetes_vs_control
original_early_allcell	148811	PM20D1	up	early_allcell_diabetes_vs_control
original_early_allcell	1490	CCN2	up	early_allcell_diabetes_vs_control
original_early_allcell	149461	CLDN19	down	early_allcell_diabetes_vs_control
original_early_allcell	1499	CTNNB1	up	early_allcell_diabetes_vs_control
original_early_allcell	150709	ANKAR	up	early_allcell_diabetes_vs_control
original_early_allcell	151050	KANSL1L	up	early_allcell_diabetes_vs_control
original_early_allcell	152404	IGSF11	up	early_allcell_diabetes_vs_control
original_early_allcell	153201	SLC36A2	down	early_allcell_diabetes_vs_control
original_early_allcell	1535	CYBA	down	early_allcell_diabetes_vs_control
original_early_allcell	154865	IQUB	up	early_allcell_diabetes_vs_control
original_early_allcell	158158	RASEF	up	early_allcell_diabetes_vs_control
original_early_allcell	158431	ZNF782	up	early_allcell_diabetes_vs_control
original_early_allcell	159	ADSS2	down	early_allcell_diabetes_vs_control
original_early_allcell	159090	PABIR2	down	early_allcell_diabetes_vs_control
original_early_allcell	159091	PABIR3	down	early_allcell_diabetes_vs_control
original_early_allcell	159195	USP54	up	early_allcell_diabetes_vs_control
original_early_allcell	159371	SLC35G1	up	early_allcell_diabetes_vs_control
original_early_allcell	160622	TAMALIN	down	early_allcell_diabetes_vs_control
original_early_allcell	1615	DARS1	down	early_allcell_diabetes_vs_control
original_early_allcell	162966	ZNF600	up	early_allcell_diabetes_vs_control
original_early_allcell	163081	ZNF567	up	early_allcell_diabetes_vs_control
original_early_allcell	166815	TIGD2	up	early_allcell_diabetes_vs_control
original_early_allcell	170463	SSBP4	down	early_allcell_diabetes_vs_control
original_early_allcell	1728	NQO1	down	early_allcell_diabetes_vs_control
original_early_allcell	1730	DIAPH2	up	early_allcell_diabetes_vs_control
original_early_allcell	1821	DRP2	down	early_allcell_diabetes_vs_control
original_early_allcell	1827	RCAN1	down	early_allcell_diabetes_vs_control
original_early_allcell	1831	TSC22D3	up	early_allcell_diabetes_vs_control
original_early_allcell	1839	HBEGF	down	early_allcell_diabetes_vs_control
original_early_allcell	1847	DUSP5	up	early_allcell_diabetes_vs_control
original_early_allcell	1890	TYMP	down	early_allcell_diabetes_vs_control
original_early_allcell	1903	S1PR3	down	early_allcell_diabetes_vs_control
original_early_allcell	1911	PHC1	up	early_allcell_diabetes_vs_control
original_early_allcell	1958	EGR1	down	early_allcell_diabetes_vs_control
original_early_allcell	1960	EGR3	down	early_allcell_diabetes_vs_control
original_early_allcell	196383	RILPL2	down	early_allcell_diabetes_vs_control
original_early_allcell	199	AIF1	down	early_allcell_diabetes_vs_control
original_early_allcell	201965	RWDD4	up	early_allcell_diabetes_vs_control
original_early_allcell	2022	ENG	down	early_allcell_diabetes_vs_control
original_early_allcell	2058	EPRS1	down	early_allcell_diabetes_vs_control
original_early_allcell	2120	ETV6	down	early_allcell_diabetes_vs_control
original_early_allcell	214	ALCAM	up	early_allcell_diabetes_vs_control
original_early_allcell	2167	FABP4	down	early_allcell_diabetes_vs_control
original_early_allcell	220323	OAF	down	early_allcell_diabetes_vs_control
original_early_allcell	2207	FCER1G	down	early_allcell_diabetes_vs_control
original_early_allcell	221188	ADGRG5	down	early_allcell_diabetes_vs_control
original_early_allcell	221472	FGD2	down	early_allcell_diabetes_vs_control
original_early_allcell	222223	ELAPOR2	down	early_allcell_diabetes_vs_control
original_early_allcell	222236	NAPEPLD	up	early_allcell_diabetes_vs_control
original_early_allcell	2252	FGF7	up	early_allcell_diabetes_vs_control
original_early_allcell	2273	FHL1	down	early_allcell_diabetes_vs_control
original_early_allcell	2274	FHL2	up	early_allcell_diabetes_vs_control
original_early_allcell	2275	FHL3	down	early_allcell_diabetes_vs_control
original_early_allcell	22829	NLGN4Y	up	early_allcell_diabetes_vs_control
original_early_allcell	22837	COBLL1	up	early_allcell_diabetes_vs_control
original_early_allcell	22852	ANKRD26	up	early_allcell_diabetes_vs_control
original_early_allcell	22854	NTNG1	down	early_allcell_diabetes_vs_control
original_early_allcell	22862	FNDC3A	up	early_allcell_diabetes_vs_control
original_early_allcell	2289	FKBP5	up	early_allcell_diabetes_vs_control
original_early_allcell	22890	ZBTB1	up	early_allcell_diabetes_vs_control
original_early_allcell	22898	DENND3	down	early_allcell_diabetes_vs_control
original_early_allcell	22903	BTBD3	up	early_allcell_diabetes_vs_control
original_early_allcell	22918	CD93	down	early_allcell_diabetes_vs_control
original_early_allcell	22994	CEP131	down	early_allcell_diabetes_vs_control
original_early_allcell	23019	CNOT1	up	early_allcell_diabetes_vs_control
original_early_allcell	23041	MON2	up	early_allcell_diabetes_vs_control
original_early_allcell	23049	SMG1	up	early_allcell_diabetes_vs_control
original_early_allcell	23051	ZHX3	up	early_allcell_diabetes_vs_control
original_early_allcell	2308	FOXO1	up	early_allcell_diabetes_vs_control
original_early_allcell	2309	FOXO3	up	early_allcell_diabetes_vs_control
original_early_allcell	23137	SMC5	up	early_allcell_diabetes_vs_control
original_early_allcell	23213	SULF1	up	early_allcell_diabetes_vs_control
original_early_allcell	23230	VPS13A	up	early_allcell_diabetes_vs_control
original_early_allcell	23244	PDS5A	up	early_allcell_diabetes_vs_control
original_early_allcell	23247	KATNIP	down	early_allcell_diabetes_vs_control
original_early_allcell	23253	ANKRD12	up	early_allcell_diabetes_vs_control
original_early_allcell	23263	MCF2L	down	early_allcell_diabetes_vs_control
original_early_allcell	2331	FMOD	up	early_allcell_diabetes_vs_control
original_early_allcell	23318	TUT4	up	early_allcell_diabetes_vs_control
original_early_allcell	23348	DOCK9	up	early_allcell_diabetes_vs_control
original_early_allcell	23366	MATCAP2	down	early_allcell_diabetes_vs_control
original_early_allcell	23451	SF3B1	up	early_allcell_diabetes_vs_control
original_early_allcell	23452	ANGPTL2	down	early_allcell_diabetes_vs_control
original_early_allcell	23473	CAPN7	up	early_allcell_diabetes_vs_control
original_early_allcell	23524	SRRM2	up	early_allcell_diabetes_vs_control
original_early_allcell	23528	ZNF281	up	early_allcell_diabetes_vs_control
original_early_allcell	2354	FOSB	down	early_allcell_diabetes_vs_control
original_early_allcell	23567	ZNF346	up	early_allcell_diabetes_vs_control
original_early_allcell	2357	FPR1	down	early_allcell_diabetes_vs_control
original_early_allcell	23586	RIGI	down	early_allcell_diabetes_vs_control
original_early_allcell	23616	SH3BP1	down	early_allcell_diabetes_vs_control
original_early_allcell	2483	FRG1	down	early_allcell_diabetes_vs_control
original_early_allcell	2512	FTL	down	early_allcell_diabetes_vs_control
original_early_allcell	253769	WDR27	up	early_allcell_diabetes_vs_control
original_early_allcell	254102	EHBP1L1	down	early_allcell_diabetes_vs_control
original_early_allcell	254427	PROSER2	up	early_allcell_diabetes_vs_control
original_early_allcell	255426	RASGEF1C	down	early_allcell_diabetes_vs_control
original_early_allcell	255743	NPNT	up	early_allcell_diabetes_vs_control
original_early_allcell	255758	DYNLT2B	down	early_allcell_diabetes_vs_control
original_early_allcell	256309	CCDC110	down	early_allcell_diabetes_vs_control
original_early_allcell	2564	GABRE	up	early_allcell_diabetes_vs_control
original_early_allcell	25914	RTTN	up	early_allcell_diabetes_vs_control
original_early_allcell	25943	DNAAF9	down	early_allcell_diabetes_vs_control
original_early_allcell	25957	PNISR	up	early_allcell_diabetes_vs_control
original_early_allcell	25974	MMACHC	down	early_allcell_diabetes_vs_control
original_early_allcell	26005	C2CD3	up	early_allcell_diabetes_vs_control
original_early_allcell	26009	ZZZ3	down	early_allcell_diabetes_vs_control
original_early_allcell	26030	PLEKHG3	down	early_allcell_diabetes_vs_control
original_early_allcell	26036	ZNF451	up	early_allcell_diabetes_vs_control
original_early_allcell	26127	FGFR1OP2	up	early_allcell_diabetes_vs_control
original_early_allcell	2615	LRRC32	down	early_allcell_diabetes_vs_control
original_early_allcell	261729	STEAP2	up	early_allcell_diabetes_vs_control
original_early_allcell	26175	LYSET	down	early_allcell_diabetes_vs_control
original_early_allcell	2629	GBA1	down	early_allcell_diabetes_vs_control
original_early_allcell	2648	KAT2A	up	early_allcell_diabetes_vs_control
original_early_allcell	2649	NR6A1	up	early_allcell_diabetes_vs_control
original_early_allcell	2669	GEM	up	early_allcell_diabetes_vs_control
original_early_allcell	2670	GFAP	up	early_allcell_diabetes_vs_control
original_early_allcell	2690	GHR	up	early_allcell_diabetes_vs_control
original_early_allcell	27012	KCNV1	down	early_allcell_diabetes_vs_control
original_early_allcell	27303	RBMS3	up	early_allcell_diabetes_vs_control
original_early_allcell	27332	ZNF638	up	early_allcell_diabetes_vs_control
original_early_allcell	2764	GMFB	down	early_allcell_diabetes_vs_control
original_early_allcell	282991	BLOC1S2	down	early_allcell_diabetes_vs_control
original_early_allcell	283130	SLC25A45	down	early_allcell_diabetes_vs_control
original_early_allcell	283234	CCDC88B	down	early_allcell_diabetes_vs_control
original_early_allcell	2835	GPR12	up	early_allcell_diabetes_vs_control
original_early_allcell	284207	METRNL	down	early_allcell_diabetes_vs_control
original_early_allcell	284273	PTGR3	down	early_allcell_diabetes_vs_control
original_early_allcell	284309	ZNF776	up	early_allcell_diabetes_vs_control
original_early_allcell	284325	ACTMAP	down	early_allcell_diabetes_vs_control
original_early_allcell	284371	ZNF841	up	early_allcell_diabetes_vs_control
original_early_allcell	285016	ALKAL2	up	early_allcell_diabetes_vs_control
original_early_allcell	285172	HYCC2	down	early_allcell_diabetes_vs_control
original_early_allcell	285175	UNC80	up	early_allcell_diabetes_vs_control
original_early_allcell	285600	KIAA0825	up	early_allcell_diabetes_vs_control
original_early_allcell	286077	SACK1H	down	early_allcell_diabetes_vs_control
original_early_allcell	2893	GRIA4	down	early_allcell_diabetes_vs_control
original_early_allcell	2905	GRIN2C	down	early_allcell_diabetes_vs_control
original_early_allcell	29114	TAGLN3	down	early_allcell_diabetes_vs_control
original_early_allcell	29894	CPSF1	up	early_allcell_diabetes_vs_control
original_early_allcell	29923	HILPDA	up	early_allcell_diabetes_vs_control
original_early_allcell	29950	SERTAD1	down	early_allcell_diabetes_vs_control
original_early_allcell	29951	PDZRN4	up	early_allcell_diabetes_vs_control
original_early_allcell	3005	H1-0	down	early_allcell_diabetes_vs_control
original_early_allcell	3006	H1-2	down	early_allcell_diabetes_vs_control
original_early_allcell	3009	H1-5	down	early_allcell_diabetes_vs_control
original_early_allcell	3014	H2AX	down	early_allcell_diabetes_vs_control
original_early_allcell	3020	H3-3A	down	early_allcell_diabetes_vs_control
original_early_allcell	3021	H3-3B	down	early_allcell_diabetes_vs_control
original_early_allcell	30834	POLR1H	down	early_allcell_diabetes_vs_control
original_early_allcell	3101	HK3	down	early_allcell_diabetes_vs_control
original_early_allcell	3162	HMOX1	down	early_allcell_diabetes_vs_control
original_early_allcell	3164	NR4A1	up	early_allcell_diabetes_vs_control
original_early_allcell	32	ACACB	up	early_allcell_diabetes_vs_control
original_early_allcell	3225	HOXC9	up	early_allcell_diabetes_vs_control
original_early_allcell	323	APBB2	up	early_allcell_diabetes_vs_control
original_early_allcell	3376	IARS1	down	early_allcell_diabetes_vs_control
original_early_allcell	338657	CENATAC	down	early_allcell_diabetes_vs_control
original_early_allcell	339123	JMJD8	down	early_allcell_diabetes_vs_control
original_early_allcell	339324	ZNF260	up	early_allcell_diabetes_vs_control
original_early_allcell	340061	STING1	down	early_allcell_diabetes_vs_control
original_early_allcell	340075	ARSI	down	early_allcell_diabetes_vs_control
original_early_allcell	340554	ZC3H12B	up	early_allcell_diabetes_vs_control
original_early_allcell	342132	ZNF774	up	early_allcell_diabetes_vs_control
original_early_allcell	344065	ZNF892	down	early_allcell_diabetes_vs_control
original_early_allcell	346653	GARIN1A	down	early_allcell_diabetes_vs_control
original_early_allcell	347744	C6orf52	up	early_allcell_diabetes_vs_control
original_early_allcell	3479	IGF1	down	early_allcell_diabetes_vs_control
original_early_allcell	360	AQP3	up	early_allcell_diabetes_vs_control
original_early_allcell	3603	IL16	down	early_allcell_diabetes_vs_control
original_early_allcell	3643	INSR	up	early_allcell_diabetes_vs_control
original_early_allcell	3659	IRF1	down	early_allcell_diabetes_vs_control
original_early_allcell	3689	ITGB2	down	early_allcell_diabetes_vs_control
original_early_allcell	3691	ITGB4	down	early_allcell_diabetes_vs_control
original_early_allcell	3718	JAK3	down	early_allcell_diabetes_vs_control
original_early_allcell	375035	SFT2D2	down	early_allcell_diabetes_vs_control
original_early_allcell	375567	VWC2	up	early_allcell_diabetes_vs_control
original_early_allcell	3760	KCNJ3	up	early_allcell_diabetes_vs_control
original_early_allcell	3778	KCNMA1	up	early_allcell_diabetes_vs_control
original_early_allcell	387521	PEDS1	down	early_allcell_diabetes_vs_control
original_early_allcell	387758	FIBIN	up	early_allcell_diabetes_vs_control
original_early_allcell	388650	DIPK1A	up	early_allcell_diabetes_vs_control
original_early_allcell	393	ARHGAP4	down	early_allcell_diabetes_vs_control
original_early_allcell	3936	LCP1	down	early_allcell_diabetes_vs_control
original_early_allcell	3953	LEPR	up	early_allcell_diabetes_vs_control
original_early_allcell	3965	LGALS9	down	early_allcell_diabetes_vs_control
original_early_allcell	3977	LIFR	up	early_allcell_diabetes_vs_control
original_early_allcell	399664	MEX3D	down	early_allcell_diabetes_vs_control
original_early_allcell	399665	EEIG1	down	early_allcell_diabetes_vs_control
original_early_allcell	4001	LMNB1	down	early_allcell_diabetes_vs_control
original_early_allcell	400746	NCMAP	down	early_allcell_diabetes_vs_control
original_early_allcell	401145	CCSER1	up	early_allcell_diabetes_vs_control
original_early_allcell	401541	CENPP	down	early_allcell_diabetes_vs_control
original_early_allcell	402573	SPACDR	down	early_allcell_diabetes_vs_control
original_early_allcell	4033	IRAG2	down	early_allcell_diabetes_vs_control
original_early_allcell	4046	LSP1	down	early_allcell_diabetes_vs_control
original_early_allcell	406	BMAL1	down	early_allcell_diabetes_vs_control
original_early_allcell	4067	LYN	down	early_allcell_diabetes_vs_control
original_early_allcell	4069	LYZ	down	early_allcell_diabetes_vs_control
original_early_allcell	4082	MARCKS	down	early_allcell_diabetes_vs_control
original_early_allcell	4118	MAL	down	early_allcell_diabetes_vs_control
original_early_allcell	415	ARSL	down	early_allcell_diabetes_vs_control
original_early_allcell	4174	MCM5	down	early_allcell_diabetes_vs_control
original_early_allcell	4175	MCM6	down	early_allcell_diabetes_vs_control
original_early_allcell	4214	MAP3K1	up	early_allcell_diabetes_vs_control
original_early_allcell	4233	MET	up	early_allcell_diabetes_vs_control
original_early_allcell	4261	CIITA	down	early_allcell_diabetes_vs_control
original_early_allcell	4311	MME	down	early_allcell_diabetes_vs_control
original_early_allcell	4313	MMP2	down	early_allcell_diabetes_vs_control
original_early_allcell	4359	MPZ	down	early_allcell_diabetes_vs_control
original_early_allcell	440087	SMCO3	down	early_allcell_diabetes_vs_control
original_early_allcell	440270	GOLGA8B	up	early_allcell_diabetes_vs_control
original_early_allcell	440957	UQCC5	down	early_allcell_diabetes_vs_control
original_early_allcell	4493	MT1E	up	early_allcell_diabetes_vs_control
original_early_allcell	4542	MYO1F	down	early_allcell_diabetes_vs_control
original_early_allcell	4689	NCF4	down	early_allcell_diabetes_vs_control
original_early_allcell	4756	NEO1	up	early_allcell_diabetes_vs_control
original_early_allcell	4775	NFATC3	up	early_allcell_diabetes_vs_control
original_early_allcell	4881	NPR1	down	early_allcell_diabetes_vs_control
original_early_allcell	4958	OMD	up	early_allcell_diabetes_vs_control
original_early_allcell	4973	OLR1	down	early_allcell_diabetes_vs_control
original_early_allcell	4975	OMP	up	early_allcell_diabetes_vs_control
original_early_allcell	5010	CLDN11	up	early_allcell_diabetes_vs_control
original_early_allcell	5032	P2RY11	down	early_allcell_diabetes_vs_control
original_early_allcell	50486	G0S2	down	early_allcell_diabetes_vs_control
original_early_allcell	50619	DEF6	down	early_allcell_diabetes_vs_control
original_early_allcell	5074	PAWR	up	early_allcell_diabetes_vs_control
original_early_allcell	5099	PCDH7	up	early_allcell_diabetes_vs_control
original_early_allcell	5101	PCDH9	up	early_allcell_diabetes_vs_control
original_early_allcell	51092	SIDT2	up	early_allcell_diabetes_vs_control
original_early_allcell	51093	METTL25B	down	early_allcell_diabetes_vs_control
original_early_allcell	51129	ANGPTL4	up	early_allcell_diabetes_vs_control
original_early_allcell	51193	ZNF639	up	early_allcell_diabetes_vs_control
original_early_allcell	51196	PLCE1	up	early_allcell_diabetes_vs_control
original_early_allcell	51225	ABI3	down	early_allcell_diabetes_vs_control
original_early_allcell	51267	CLEC1A	up	early_allcell_diabetes_vs_control
original_early_allcell	51278	IER5	down	early_allcell_diabetes_vs_control
original_early_allcell	51351	ZNF117	up	early_allcell_diabetes_vs_control
original_early_allcell	5140	PDE3B	up	early_allcell_diabetes_vs_control
original_early_allcell	51466	EVL	down	early_allcell_diabetes_vs_control
original_early_allcell	51496	CTDSPL2	up	early_allcell_diabetes_vs_control
original_early_allcell	51520	LARS1	down	early_allcell_diabetes_vs_control
original_early_allcell	51542	VPS54	up	early_allcell_diabetes_vs_control
original_early_allcell	51571	CYRIB	down	early_allcell_diabetes_vs_control
original_early_allcell	51603	METTL13	down	early_allcell_diabetes_vs_control
original_early_allcell	51659	GINS2	down	early_allcell_diabetes_vs_control
original_early_allcell	5166	PDK4	up	early_allcell_diabetes_vs_control
original_early_allcell	51668	IFT25	down	early_allcell_diabetes_vs_control
original_early_allcell	5167	ENPP1	up	early_allcell_diabetes_vs_control
original_early_allcell	51678	PALS2	down	early_allcell_diabetes_vs_control
original_early_allcell	51700	CYB5R2	down	early_allcell_diabetes_vs_control
original_early_allcell	51747	LUC7L3	up	early_allcell_diabetes_vs_control
original_early_allcell	5216	PFN1	down	early_allcell_diabetes_vs_control
original_early_allcell	5245	PHB1	down	early_allcell_diabetes_vs_control
original_early_allcell	5318	PKP2	up	early_allcell_diabetes_vs_control
original_early_allcell	5320	PLA2G2A	down	early_allcell_diabetes_vs_control
original_early_allcell	5330	PLCB2	down	early_allcell_diabetes_vs_control
original_early_allcell	5360	PLTP	down	early_allcell_diabetes_vs_control
original_early_allcell	54107	POLE3	down	early_allcell_diabetes_vs_control
original_early_allcell	5424	POLD1	down	early_allcell_diabetes_vs_control
original_early_allcell	54407	SLC38A2	up	early_allcell_diabetes_vs_control
original_early_allcell	54436	SH3TC1	down	early_allcell_diabetes_vs_control
original_early_allcell	54532	USP53	up	early_allcell_diabetes_vs_control
original_early_allcell	54558	SPATA6	up	early_allcell_diabetes_vs_control
original_early_allcell	54625	PARP14	up	early_allcell_diabetes_vs_control
original_early_allcell	5475	PPEF1	down	early_allcell_diabetes_vs_control
original_early_allcell	54790	TET2	up	early_allcell_diabetes_vs_control
original_early_allcell	54838	WBP1L	up	early_allcell_diabetes_vs_control
original_early_allcell	54857	GDPD2	up	early_allcell_diabetes_vs_control
original_early_allcell	54873	PALMD	up	early_allcell_diabetes_vs_control
original_early_allcell	54904	NSD3	up	early_allcell_diabetes_vs_control
original_early_allcell	54905	CYP2W1	up	early_allcell_diabetes_vs_control
original_early_allcell	54922	RASIP1	down	early_allcell_diabetes_vs_control
original_early_allcell	54928	BPNT2	down	early_allcell_diabetes_vs_control
original_early_allcell	54996	MTARC2	down	early_allcell_diabetes_vs_control
original_early_allcell	55007	SIRAL2	down	early_allcell_diabetes_vs_control
original_early_allcell	55070	DET1	up	early_allcell_diabetes_vs_control
original_early_allcell	55112	DYNC2I1	down	early_allcell_diabetes_vs_control
original_early_allcell	55223	TRIM62	up	early_allcell_diabetes_vs_control
original_early_allcell	55315	SLC29A3	down	early_allcell_diabetes_vs_control
original_early_allcell	55344	PLCXD1	down	early_allcell_diabetes_vs_control
original_early_allcell	55454	CSGALNACT2	up	early_allcell_diabetes_vs_control
original_early_allcell	55506	MACROH2A2	down	early_allcell_diabetes_vs_control
original_early_allcell	55510	DDX43	up	early_allcell_diabetes_vs_control
original_early_allcell	55609	ZNF280C	up	early_allcell_diabetes_vs_control
original_early_allcell	55647	RAB20	down	early_allcell_diabetes_vs_control
original_early_allcell	55695	NSUN5	down	early_allcell_diabetes_vs_control
original_early_allcell	55749	CCAR1	up	early_allcell_diabetes_vs_control
original_early_allcell	55766	H2AJ	down	early_allcell_diabetes_vs_control
original_early_allcell	55799	CACNA2D3	up	early_allcell_diabetes_vs_control
original_early_allcell	5585	PKN1	down	early_allcell_diabetes_vs_control
original_early_allcell	55958	KLHL9	up	early_allcell_diabetes_vs_control
original_early_allcell	56105	PCDHGA11	up	early_allcell_diabetes_vs_control
original_early_allcell	56129	PCDHB7	up	early_allcell_diabetes_vs_control
original_early_allcell	56204	ATOSA	down	early_allcell_diabetes_vs_control
original_early_allcell	56288	PARD3	up	early_allcell_diabetes_vs_control
original_early_allcell	56548	CHST7	up	early_allcell_diabetes_vs_control
original_early_allcell	56660	KCNK12	down	early_allcell_diabetes_vs_control
original_early_allcell	56899	ANKS1B	up	early_allcell_diabetes_vs_control
original_early_allcell	56944	OLFML3	down	early_allcell_diabetes_vs_control
original_early_allcell	56980	PRDM10	up	early_allcell_diabetes_vs_control
original_early_allcell	57030	SLC17A7	up	early_allcell_diabetes_vs_control
original_early_allcell	57124	CD248	down	early_allcell_diabetes_vs_control
original_early_allcell	57125	PLXDC1	down	early_allcell_diabetes_vs_control
original_early_allcell	57162	PELI1	up	early_allcell_diabetes_vs_control
original_early_allcell	57194	ATP10A	up	early_allcell_diabetes_vs_control
original_early_allcell	57282	SLC4A10	up	early_allcell_diabetes_vs_control
original_early_allcell	57337	SENP7	up	early_allcell_diabetes_vs_control
original_early_allcell	57404	CYP20A1	up	early_allcell_diabetes_vs_control
original_early_allcell	57449	PLEKHG5	down	early_allcell_diabetes_vs_control
original_early_allcell	57535	ELAPOR1	down	early_allcell_diabetes_vs_control
original_early_allcell	57539	WDR35	up	early_allcell_diabetes_vs_control
original_early_allcell	57579	FAM135A	up	early_allcell_diabetes_vs_control
original_early_allcell	57584	ARHGAP21	up	early_allcell_diabetes_vs_control
original_early_allcell	57688	ZSWIM6	up	early_allcell_diabetes_vs_control
original_early_allcell	57716	PRX	down	early_allcell_diabetes_vs_control
original_early_allcell	57728	WDR19	up	early_allcell_diabetes_vs_control
original_early_allcell	5777	PTPN6	down	early_allcell_diabetes_vs_control
original_early_allcell	57795	BRINP2	up	early_allcell_diabetes_vs_control
original_early_allcell	5782	PTPN12	up	early_allcell_diabetes_vs_control
original_early_allcell	580	BARD1	up	early_allcell_diabetes_vs_control
original_early_allcell	583	BBS2	up	early_allcell_diabetes_vs_control
original_early_allcell	5866	RAB3IL1	down	early_allcell_diabetes_vs_control
original_early_allcell	5878	RAB5C	down	early_allcell_diabetes_vs_control
original_early_allcell	59084	ENPP5	up	early_allcell_diabetes_vs_control
original_early_allcell	5922	RASA2	up	early_allcell_diabetes_vs_control
original_early_allcell	5924	RASGRF2	up	early_allcell_diabetes_vs_control
original_early_allcell	59271	EVA1C	up	early_allcell_diabetes_vs_control
original_early_allcell	594	BCKDHB	up	early_allcell_diabetes_vs_control
original_early_allcell	5971	RELB	down	early_allcell_diabetes_vs_control
original_early_allcell	5996	RGS1	down	early_allcell_diabetes_vs_control
original_early_allcell	6018	RLF	up	early_allcell_diabetes_vs_control
original_early_allcell	6035	RNASE1	down	early_allcell_diabetes_vs_control
original_early_allcell	60370	AVPI1	up	early_allcell_diabetes_vs_control
original_early_allcell	60386	SLC25A19	down	early_allcell_diabetes_vs_control
original_early_allcell	604	BCL6	up	early_allcell_diabetes_vs_control
original_early_allcell	6047	RNF4	down	early_allcell_diabetes_vs_control
original_early_allcell	6050	RNH1	down	early_allcell_diabetes_vs_control
original_early_allcell	6236	RRAD	up	early_allcell_diabetes_vs_control
original_early_allcell	6271	S100A1	down	early_allcell_diabetes_vs_control
original_early_allcell	6275	S100A4	down	early_allcell_diabetes_vs_control
original_early_allcell	6279	S100A8	down	early_allcell_diabetes_vs_control
original_early_allcell	6358	CCL14	down	early_allcell_diabetes_vs_control
original_early_allcell	6387	CXCL12	down	early_allcell_diabetes_vs_control
original_early_allcell	63920	ZBED8	down	early_allcell_diabetes_vs_control
original_early_allcell	63929	XPNPEP3	up	early_allcell_diabetes_vs_control
original_early_allcell	63932	STEEP1	down	early_allcell_diabetes_vs_control
original_early_allcell	63940	GPSM3	down	early_allcell_diabetes_vs_control
original_early_allcell	64005	MYO1G	down	early_allcell_diabetes_vs_control
original_early_allcell	641649	TMEM91	up	early_allcell_diabetes_vs_control
original_early_allcell	64344	HIF3A	up	early_allcell_diabetes_vs_control
original_early_allcell	64398	PALS1	down	early_allcell_diabetes_vs_control
original_early_allcell	64417	TMEM267	up	early_allcell_diabetes_vs_control
original_early_allcell	64755	RUSF1	down	early_allcell_diabetes_vs_control
original_early_allcell	64757	MTARC1	down	early_allcell_diabetes_vs_control
original_early_allcell	64760	FHIP2B	down	early_allcell_diabetes_vs_control
original_early_allcell	64764	CREB3L2	down	early_allcell_diabetes_vs_control
original_early_allcell	64770	CCDC14	up	early_allcell_diabetes_vs_control
original_early_allcell	64782	AEN	down	early_allcell_diabetes_vs_control
original_early_allcell	64843	ISL2	down	early_allcell_diabetes_vs_control
original_early_allcell	64844	MARCHF7	down	early_allcell_diabetes_vs_control
original_early_allcell	64856	VWA1	down	early_allcell_diabetes_vs_control
original_early_allcell	6494	SIPA1	down	early_allcell_diabetes_vs_control
original_early_allcell	6499	SKIC2	down	early_allcell_diabetes_vs_control
original_early_allcell	6518	SLC2A5	down	early_allcell_diabetes_vs_control
original_early_allcell	65250	CPLANE1	up	early_allcell_diabetes_vs_control
original_early_allcell	652968	CASTOR1	up	early_allcell_diabetes_vs_control
original_early_allcell	6540	SLC6A13	up	early_allcell_diabetes_vs_control
original_early_allcell	6601	SMARCC2	up	early_allcell_diabetes_vs_control
original_early_allcell	6624	FSCN1	down	early_allcell_diabetes_vs_control
original_early_allcell	6650	CAPN15	down	early_allcell_diabetes_vs_control
original_early_allcell	667	DST	up	early_allcell_diabetes_vs_control
original_early_allcell	6688	SPI1	down	early_allcell_diabetes_vs_control
original_early_allcell	672	BRCA1	down	early_allcell_diabetes_vs_control
original_early_allcell	6764	DENND2B	down	early_allcell_diabetes_vs_control
original_early_allcell	6863	TAC1	up	early_allcell_diabetes_vs_control
original_early_allcell	687	KLF9	up	early_allcell_diabetes_vs_control
original_early_allcell	688	KLF5	up	early_allcell_diabetes_vs_control
original_early_allcell	6897	TARS1	down	early_allcell_diabetes_vs_control
original_early_allcell	6901	TAFAZZIN	down	early_allcell_diabetes_vs_control
original_early_allcell	6940	ZNF354A	up	early_allcell_diabetes_vs_control
original_early_allcell	6941	TCF19	down	early_allcell_diabetes_vs_control
original_early_allcell	7009	TMBIM6	down	early_allcell_diabetes_vs_control
original_early_allcell	7018	TF	up	early_allcell_diabetes_vs_control
original_early_allcell	7052	TGM2	down	early_allcell_diabetes_vs_control
original_early_allcell	7057	THBS1	up	early_allcell_diabetes_vs_control
original_early_allcell	7082	TJP1	up	early_allcell_diabetes_vs_control
original_early_allcell	7184	HSP90B1	down	early_allcell_diabetes_vs_control
original_early_allcell	7220	TRPC1	up	early_allcell_diabetes_vs_control
original_early_allcell	7226	TRPM2	down	early_allcell_diabetes_vs_control
original_early_allcell	7268	TTC4	down	early_allcell_diabetes_vs_control
original_early_allcell	727	C5	up	early_allcell_diabetes_vs_control
original_early_allcell	728215	NALF1	down	early_allcell_diabetes_vs_control
original_early_allcell	729830	FHIP1A	down	early_allcell_diabetes_vs_control
original_early_allcell	730	C7	up	early_allcell_diabetes_vs_control
original_early_allcell	7305	TYROBP	down	early_allcell_diabetes_vs_control
original_early_allcell	7306	TYRP1	down	early_allcell_diabetes_vs_control
original_early_allcell	734	OSGIN2	up	early_allcell_diabetes_vs_control
original_early_allcell	7404	UTY	up	early_allcell_diabetes_vs_control
original_early_allcell	7425	VGF	up	early_allcell_diabetes_vs_control
original_early_allcell	7450	VWF	down	early_allcell_diabetes_vs_control
original_early_allcell	7474	WNT5A	down	early_allcell_diabetes_vs_control
original_early_allcell	7514	XPO1	up	early_allcell_diabetes_vs_control
original_early_allcell	7544	ZFY	up	early_allcell_diabetes_vs_control
original_early_allcell	7691	ZNF132	up	early_allcell_diabetes_vs_control
original_early_allcell	7710	ZNF154	up	early_allcell_diabetes_vs_control
original_early_allcell	7756	ZNF207	up	early_allcell_diabetes_vs_control
original_early_allcell	7761	ZNF214	up	early_allcell_diabetes_vs_control
original_early_allcell	7805	LAPTM5	down	early_allcell_diabetes_vs_control
original_early_allcell	781	CACNA2D1	up	early_allcell_diabetes_vs_control
original_early_allcell	7873	MANF	down	early_allcell_diabetes_vs_control
original_early_allcell	79003	MIS12	up	early_allcell_diabetes_vs_control
original_early_allcell	79034	INTS15	down	early_allcell_diabetes_vs_control
original_early_allcell	79152	FA2H	down	early_allcell_diabetes_vs_control
original_early_allcell	79576	NKAP	down	early_allcell_diabetes_vs_control
original_early_allcell	79602	ADIPOR2	up	early_allcell_diabetes_vs_control
original_early_allcell	79605	PGBD5	down	early_allcell_diabetes_vs_control
original_early_allcell	79658	ARHGAP10	up	early_allcell_diabetes_vs_control
original_early_allcell	79671	NLRX1	down	early_allcell_diabetes_vs_control
original_early_allcell	79684	MSANTD2	up	early_allcell_diabetes_vs_control
original_early_allcell	79689	STEAP4	up	early_allcell_diabetes_vs_control
original_early_allcell	79690	GAL3ST4	down	early_allcell_diabetes_vs_control
original_early_allcell	79705	LRRK1	down	early_allcell_diabetes_vs_control
original_early_allcell	79745	CLIP4	up	early_allcell_diabetes_vs_control
original_early_allcell	79812	MMRN2	down	early_allcell_diabetes_vs_control
original_early_allcell	79819	DNAI4	down	early_allcell_diabetes_vs_control
original_early_allcell	79829	NAA40	down	early_allcell_diabetes_vs_control
original_early_allcell	79845	RNF122	down	early_allcell_diabetes_vs_control
original_early_allcell	79846	CFAP69	up	early_allcell_diabetes_vs_control
original_early_allcell	79862	ZNF669	up	early_allcell_diabetes_vs_control
original_early_allcell	79875	THSD4	up	early_allcell_diabetes_vs_control
original_early_allcell	79890	RIN3	down	early_allcell_diabetes_vs_control
original_early_allcell	79925	SPEF2	up	early_allcell_diabetes_vs_control
original_early_allcell	80011	PSME3IP1	down	early_allcell_diabetes_vs_control
original_early_allcell	80128	TRIM46	up	early_allcell_diabetes_vs_control
original_early_allcell	80162	PGGHG	down	early_allcell_diabetes_vs_control
original_early_allcell	80205	CHD9	up	early_allcell_diabetes_vs_control
original_early_allcell	80209	PROSER1	up	early_allcell_diabetes_vs_control
original_early_allcell	80262	PHAF1	down	early_allcell_diabetes_vs_control
original_early_allcell	80271	ITPKC	up	early_allcell_diabetes_vs_control
original_early_allcell	80309	SPHKAP	down	early_allcell_diabetes_vs_control
original_early_allcell	80351	TNKS2	up	early_allcell_diabetes_vs_control
original_early_allcell	80746	TSEN2	up	early_allcell_diabetes_vs_control
original_early_allcell	8076	MFAP5	up	early_allcell_diabetes_vs_control
original_early_allcell	80832	APOL4	up	early_allcell_diabetes_vs_control
original_early_allcell	8125	ANP32A	down	early_allcell_diabetes_vs_control
original_early_allcell	81576	YJU2B	down	early_allcell_diabetes_vs_control
original_early_allcell	81832	NETO1	up	early_allcell_diabetes_vs_control
original_early_allcell	8284	KDM5D	up	early_allcell_diabetes_vs_control
original_early_allcell	8287	USP9Y	up	early_allcell_diabetes_vs_control
original_early_allcell	8321	FZD1	up	early_allcell_diabetes_vs_control
original_early_allcell	8323	FZD6	up	early_allcell_diabetes_vs_control
original_early_allcell	83259	PCDH11Y	up	early_allcell_diabetes_vs_control
original_early_allcell	833	CARS1	down	early_allcell_diabetes_vs_control
original_early_allcell	83443	SF3B5	down	early_allcell_diabetes_vs_control
original_early_allcell	8349	H2BC21	down	early_allcell_diabetes_vs_control
original_early_allcell	8364	H4C3	down	early_allcell_diabetes_vs_control
original_early_allcell	83875	BCO2	up	early_allcell_diabetes_vs_control
original_early_allcell	83888	FGFBP2	down	early_allcell_diabetes_vs_control
original_early_allcell	84034	EMILIN2	down	early_allcell_diabetes_vs_control
original_early_allcell	84067	FHIP1B	down	early_allcell_diabetes_vs_control
original_early_allcell	84129	ACAD11	up	early_allcell_diabetes_vs_control
original_early_allcell	84162	BLTP1	down	early_allcell_diabetes_vs_control
original_early_allcell	84167	C19orf44	up	early_allcell_diabetes_vs_control
original_early_allcell	84171	LOXL4	down	early_allcell_diabetes_vs_control
original_early_allcell	84179	SLC49A3	down	early_allcell_diabetes_vs_control
original_early_allcell	84221	SPATC1L	up	early_allcell_diabetes_vs_control
original_early_allcell	84231	TRAF7	down	early_allcell_diabetes_vs_control
original_early_allcell	84251	SGIP1	up	early_allcell_diabetes_vs_control
original_early_allcell	84302	PGAP4	down	early_allcell_diabetes_vs_control
original_early_allcell	84460	ZMAT1	up	early_allcell_diabetes_vs_control
original_early_allcell	84542	SANBR	down	early_allcell_diabetes_vs_control
original_early_allcell	84631	SLITRK2	up	early_allcell_diabetes_vs_control
original_early_allcell	84668	HYCC1	down	early_allcell_diabetes_vs_control
original_early_allcell	8473	OGT	up	early_allcell_diabetes_vs_control
original_early_allcell	8476	CDC42BPA	up	early_allcell_diabetes_vs_control
original_early_allcell	8479	HIRIP3	down	early_allcell_diabetes_vs_control
original_early_allcell	84874	ZNF514	up	early_allcell_diabetes_vs_control
original_early_allcell	84876	ORAI1	down	early_allcell_diabetes_vs_control
original_early_allcell	84897	TBRG1	up	early_allcell_diabetes_vs_control
original_early_allcell	84911	ZNF382	up	early_allcell_diabetes_vs_control
original_early_allcell	8515	ITGA10	up	early_allcell_diabetes_vs_control
original_early_allcell	85443	DCLK3	down	early_allcell_diabetes_vs_control
original_early_allcell	85462	FHDC1	up	early_allcell_diabetes_vs_control
original_early_allcell	85463	ZC3H12C	up	early_allcell_diabetes_vs_control
original_early_allcell	8549	LGR5	up	early_allcell_diabetes_vs_control
original_early_allcell	8554	PIAS1	up	early_allcell_diabetes_vs_control
original_early_allcell	8612	PLPP2	down	early_allcell_diabetes_vs_control
original_early_allcell	8645	KCNK5	down	early_allcell_diabetes_vs_control
original_early_allcell	8653	DDX3Y	up	early_allcell_diabetes_vs_control
original_early_allcell	8673	VAMP8	down	early_allcell_diabetes_vs_control
original_early_allcell	8694	DGAT1	down	early_allcell_diabetes_vs_control
original_early_allcell	8708	B3GALT1	up	early_allcell_diabetes_vs_control
original_early_allcell	8740	TNFSF14	down	early_allcell_diabetes_vs_control
original_early_allcell	8748	ADAM20	up	early_allcell_diabetes_vs_control
original_early_allcell	8839	CCN5	down	early_allcell_diabetes_vs_control
original_early_allcell	8840	CCN4	up	early_allcell_diabetes_vs_control
original_early_allcell	8857	FCGBP	down	early_allcell_diabetes_vs_control
original_early_allcell	8914	TIMELESS	down	early_allcell_diabetes_vs_control
original_early_allcell	8936	WASF1	up	early_allcell_diabetes_vs_control
original_early_allcell	8971	H1-10	down	early_allcell_diabetes_vs_control
original_early_allcell	89782	LMLN	up	early_allcell_diabetes_vs_control
original_early_allcell	89876	CFAP91	down	early_allcell_diabetes_vs_control
original_early_allcell	89891	DYNC2I2	down	early_allcell_diabetes_vs_control
original_early_allcell	90523	MLIP	down	early_allcell_diabetes_vs_control
original_early_allcell	90594	ZNF439	up	early_allcell_diabetes_vs_control
original_early_allcell	90634	N4BP2L1	up	early_allcell_diabetes_vs_control
original_early_allcell	9069	CLDN12	up	early_allcell_diabetes_vs_control
original_early_allcell	9076	CLDN1	up	early_allcell_diabetes_vs_control
original_early_allcell	90806	ANGEL2	up	early_allcell_diabetes_vs_control
original_early_allcell	90853	SPOCD1	up	early_allcell_diabetes_vs_control
original_early_allcell	90952	ESAM	down	early_allcell_diabetes_vs_control
original_early_allcell	9123	SLC16A3	down	early_allcell_diabetes_vs_control
original_early_allcell	91748	MIDEAS	down	early_allcell_diabetes_vs_control
original_early_allcell	92979	MARCHF9	down	early_allcell_diabetes_vs_control
original_early_allcell	93099	DMKN	up	early_allcell_diabetes_vs_control
original_early_allcell	9321	TRIP11	up	early_allcell_diabetes_vs_control
original_early_allcell	93550	ZFAND4	up	early_allcell_diabetes_vs_control
original_early_allcell	93589	CACNA2D4	down	early_allcell_diabetes_vs_control
original_early_allcell	9401	RECQL4	down	early_allcell_diabetes_vs_control
original_early_allcell	9413	ENTREP1	down	early_allcell_diabetes_vs_control
original_early_allcell	94274	PPP1R14A	down	early_allcell_diabetes_vs_control
original_early_allcell	9450	LY86	down	early_allcell_diabetes_vs_control
original_early_allcell	9555	MACROH2A1	down	early_allcell_diabetes_vs_control
original_early_allcell	9575	CLOCK	up	early_allcell_diabetes_vs_control
original_early_allcell	9592	IER2	down	early_allcell_diabetes_vs_control
original_early_allcell	965	CD58	up	early_allcell_diabetes_vs_control
original_early_allcell	9652	SKIC3	down	early_allcell_diabetes_vs_control
original_early_allcell	9710	GARRE1	down	early_allcell_diabetes_vs_control
original_early_allcell	9717	SEC14L5	down	early_allcell_diabetes_vs_control
original_early_allcell	972	CD74	down	early_allcell_diabetes_vs_control
original_early_allcell	9744	ACAP1	down	early_allcell_diabetes_vs_control
original_early_allcell	9760	TOX	down	early_allcell_diabetes_vs_control
original_early_allcell	9849	ZNF518A	up	early_allcell_diabetes_vs_control
original_early_allcell	9863	MAGI2	up	early_allcell_diabetes_vs_control
original_early_allcell	9894	TELO2	down	early_allcell_diabetes_vs_control
original_early_allcell	990	CDC6	down	early_allcell_diabetes_vs_control
original_early_allcell	9902	MRC2	down	early_allcell_diabetes_vs_control
original_early_allcell	9997	SCO2	down	early_allcell_diabetes_vs_control
original_late_allcell	100	ADA	up	late_allcell_DPN_vs_diabetes
original_late_allcell	1000	CDH2	down	late_allcell_DPN_vs_diabetes
original_late_allcell	100037417	DDTL	up	late_allcell_DPN_vs_diabetes
original_late_allcell	10009	ZBTB33	down	late_allcell_DPN_vs_diabetes
original_late_allcell	100101267	POM121C	down	late_allcell_DPN_vs_diabetes
original_late_allcell	100125288	ZGLP1	up	late_allcell_DPN_vs_diabetes
original_late_allcell	100127983	C8orf88	up	late_allcell_DPN_vs_diabetes
original_late_allcell	100128327	TRAPPC3L	down	late_allcell_DPN_vs_diabetes
original_late_allcell	100128731	OST4	up	late_allcell_DPN_vs_diabetes
original_late_allcell	100128908	CIROP	down	late_allcell_DPN_vs_diabetes
original_late_allcell	100128927	ZBTB42	up	late_allcell_DPN_vs_diabetes
original_late_allcell	100129250	TZMP1	down	late_allcell_DPN_vs_diabetes
original_late_allcell	100129361	SMIM10L1	down	late_allcell_DPN_vs_diabetes
original_late_allcell	100130311	C17orf107	up	late_allcell_DPN_vs_diabetes
original_late_allcell	100130539	LINC02881	up	late_allcell_DPN_vs_diabetes
original_late_allcell	100131378	C11orf91	up	late_allcell_DPN_vs_diabetes
original_late_allcell	100133315	XNDC1N	up	late_allcell_DPN_vs_diabetes
original_late_allcell	100134444	KCNJ18	up	late_allcell_DPN_vs_diabetes
original_late_allcell	100170229	SRRM5	up	late_allcell_DPN_vs_diabetes
original_late_allcell	10019	SH2B3	up	late_allcell_DPN_vs_diabetes
original_late_allcell	1002	CDH4	down	late_allcell_DPN_vs_diabetes
original_late_allcell	10026	PIGK	down	late_allcell_DPN_vs_diabetes
original_late_allcell	100271849	MEF2B	up	late_allcell_DPN_vs_diabetes
original_late_allcell	100287482	SMKR1	down	late_allcell_DPN_vs_diabetes
original_late_allcell	100289255	TMEM238L	down	late_allcell_DPN_vs_diabetes
original_late_allcell	100289678	ZNF783	up	late_allcell_DPN_vs_diabetes
original_late_allcell	10036	CHAF1A	up	late_allcell_DPN_vs_diabetes
original_late_allcell	10038	PARP2	down	late_allcell_DPN_vs_diabetes
original_late_allcell	10039	PARP3	up	late_allcell_DPN_vs_diabetes
original_late_allcell	10044	SH2D3C	up	late_allcell_DPN_vs_diabetes
original_late_allcell	1005	CDH7	down	late_allcell_DPN_vs_diabetes
original_late_allcell	100506127	GVQW3	up	late_allcell_DPN_vs_diabetes
original_late_allcell	100506540	MISFA	up	late_allcell_DPN_vs_diabetes
original_late_allcell	100507050	TPBGL	down	late_allcell_DPN_vs_diabetes
original_late_allcell	100507588	TGFBR3L	down	late_allcell_DPN_vs_diabetes
original_late_allcell	10051	SMC4	down	late_allcell_DPN_vs_diabetes
original_late_allcell	10052	GJC1	up	late_allcell_DPN_vs_diabetes
original_late_allcell	10057	ABCC5	up	late_allcell_DPN_vs_diabetes
original_late_allcell	1006	CDH8	down	late_allcell_DPN_vs_diabetes
original_late_allcell	10062	NR1H3	up	late_allcell_DPN_vs_diabetes
original_late_allcell	100653515	CEP295NL	up	late_allcell_DPN_vs_diabetes
original_late_allcell	1007	CDH9	up	late_allcell_DPN_vs_diabetes
original_late_allcell	1008	CDH10	down	late_allcell_DPN_vs_diabetes
original_late_allcell	10082	GPC6	down	late_allcell_DPN_vs_diabetes
original_late_allcell	1009	CDH11	down	late_allcell_DPN_vs_diabetes
original_late_allcell	10092	ARPC5	down	late_allcell_DPN_vs_diabetes
original_late_allcell	10098	TSPAN5	down	late_allcell_DPN_vs_diabetes
original_late_allcell	100996693	SPEGNB	down	late_allcell_DPN_vs_diabetes
original_late_allcell	10110	SGK2	up	late_allcell_DPN_vs_diabetes
original_late_allcell	10116	FEM1B	down	late_allcell_DPN_vs_diabetes
original_late_allcell	10124	ARL4A	down	late_allcell_DPN_vs_diabetes
original_late_allcell	10140	TOB1	down	late_allcell_DPN_vs_diabetes
original_late_allcell	10159	ATP6AP2	down	late_allcell_DPN_vs_diabetes
original_late_allcell	1016	CDH18	down	late_allcell_DPN_vs_diabetes
original_late_allcell	10160	FARP1	up	late_allcell_DPN_vs_diabetes
original_late_allcell	10161	LPAR6	down	late_allcell_DPN_vs_diabetes
original_late_allcell	10174	SORBS3	up	late_allcell_DPN_vs_diabetes
original_late_allcell	10175	CNIH1	down	late_allcell_DPN_vs_diabetes
original_late_allcell	10178	TENM1	down	late_allcell_DPN_vs_diabetes
original_late_allcell	1018	CDK3	up	late_allcell_DPN_vs_diabetes
original_late_allcell	10190	TXNDC9	up	late_allcell_DPN_vs_diabetes
original_late_allcell	10205	MPZL2	up	late_allcell_DPN_vs_diabetes
original_late_allcell	10206	TRIM13	down	late_allcell_DPN_vs_diabetes
original_late_allcell	10210	TOPORS	down	late_allcell_DPN_vs_diabetes
original_late_allcell	10212	DDX39A	up	late_allcell_DPN_vs_diabetes
original_late_allcell	102157402	AK6	down	late_allcell_DPN_vs_diabetes
original_late_allcell	10235	RASGRP2	up	late_allcell_DPN_vs_diabetes
original_late_allcell	10242	KCNMB2	down	late_allcell_DPN_vs_diabetes
original_late_allcell	10256	CNKSR1	up	late_allcell_DPN_vs_diabetes
original_late_allcell	10267	RAMP1	up	late_allcell_DPN_vs_diabetes
original_late_allcell	10269	ZMPSTE24	down	late_allcell_DPN_vs_diabetes
original_late_allcell	102723859	TBC1D3E	up	late_allcell_DPN_vs_diabetes
original_late_allcell	10284	SAP18	down	late_allcell_DPN_vs_diabetes
original_late_allcell	10288	LILRB2	up	late_allcell_DPN_vs_diabetes
original_late_allcell	10290	SPEG	up	late_allcell_DPN_vs_diabetes
original_late_allcell	10293	TRAIP	up	late_allcell_DPN_vs_diabetes
original_late_allcell	1030	CDKN2B	up	late_allcell_DPN_vs_diabetes
original_late_allcell	10302	SNAPC5	down	late_allcell_DPN_vs_diabetes
original_late_allcell	10307	APBB3	up	late_allcell_DPN_vs_diabetes
original_late_allcell	10313	RTN3	down	late_allcell_DPN_vs_diabetes
original_late_allcell	10317	B3GALT5	down	late_allcell_DPN_vs_diabetes
original_late_allcell	1032	CDKN2D	down	late_allcell_DPN_vs_diabetes
original_late_allcell	1033	CDKN3	down	late_allcell_DPN_vs_diabetes
original_late_allcell	10333	TLR6	down	late_allcell_DPN_vs_diabetes
original_late_allcell	10335	IRAG1	up	late_allcell_DPN_vs_diabetes
original_late_allcell	10345	TRDN	down	late_allcell_DPN_vs_diabetes
original_late_allcell	10362	HMG20B	up	late_allcell_DPN_vs_diabetes
original_late_allcell	10368	CACNG3	down	late_allcell_DPN_vs_diabetes
original_late_allcell	10369	CACNG2	down	late_allcell_DPN_vs_diabetes
original_late_allcell	10370	CITED2	down	late_allcell_DPN_vs_diabetes
original_late_allcell	10383	TUBB4B	down	late_allcell_DPN_vs_diabetes
original_late_allcell	10385	BTN2A2	up	late_allcell_DPN_vs_diabetes
original_late_allcell	10391	CORO2B	down	late_allcell_DPN_vs_diabetes
original_late_allcell	10392	NOD1	up	late_allcell_DPN_vs_diabetes
original_late_allcell	10393	ANAPC10	down	late_allcell_DPN_vs_diabetes
original_late_allcell	10395	DLC1	up	late_allcell_DPN_vs_diabetes
original_late_allcell	1040	CDS1	down	late_allcell_DPN_vs_diabetes
original_late_allcell	10406	WFDC2	down	late_allcell_DPN_vs_diabetes
original_late_allcell	10411	RAPGEF3	up	late_allcell_DPN_vs_diabetes
original_late_allcell	10412	NSA2	down	late_allcell_DPN_vs_diabetes
original_late_allcell	10417	SPON2	up	late_allcell_DPN_vs_diabetes
original_late_allcell	10418	SPON1	down	late_allcell_DPN_vs_diabetes
original_late_allcell	10427	SEC24B	down	late_allcell_DPN_vs_diabetes
original_late_allcell	10432	RBM14	up	late_allcell_DPN_vs_diabetes
original_late_allcell	10447	FAM3C	down	late_allcell_DPN_vs_diabetes
original_late_allcell	10450	PPIE	up	late_allcell_DPN_vs_diabetes
original_late_allcell	10457	GPNMB	up	late_allcell_DPN_vs_diabetes
original_late_allcell	10462	CLEC10A	up	late_allcell_DPN_vs_diabetes
original_late_allcell	10469	TIMM44	up	late_allcell_DPN_vs_diabetes
original_late_allcell	1047	CLGN	down	late_allcell_DPN_vs_diabetes
original_late_allcell	10476	ATP5PD	down	late_allcell_DPN_vs_diabetes
original_late_allcell	10477	UBE2E3	down	late_allcell_DPN_vs_diabetes
original_late_allcell	10479	SLC9A6	down	late_allcell_DPN_vs_diabetes
original_late_allcell	10480	EIF3M	down	late_allcell_DPN_vs_diabetes
original_late_allcell	10485	MIR9-1HG	down	late_allcell_DPN_vs_diabetes
original_late_allcell	10487	CAP1	down	late_allcell_DPN_vs_diabetes
original_late_allcell	10492	SYNCRIP	up	late_allcell_DPN_vs_diabetes
original_late_allcell	10494	STK25	up	late_allcell_DPN_vs_diabetes
original_late_allcell	1050	CEBPA	up	late_allcell_DPN_vs_diabetes
original_late_allcell	10500	SEMA6C	up	late_allcell_DPN_vs_diabetes
original_late_allcell	10513	APPBP2	down	late_allcell_DPN_vs_diabetes
original_late_allcell	10514	MYBBP1A	up	late_allcell_DPN_vs_diabetes
original_late_allcell	10516	FBLN5	down	late_allcell_DPN_vs_diabetes
original_late_allcell	10529	NEBL	down	late_allcell_DPN_vs_diabetes
original_late_allcell	10537	UBD	down	late_allcell_DPN_vs_diabetes
original_late_allcell	105372481	ERVK3-1	down	late_allcell_DPN_vs_diabetes
original_late_allcell	105378803	LRRC53	down	late_allcell_DPN_vs_diabetes
original_late_allcell	10541	ANP32B	down	late_allcell_DPN_vs_diabetes
original_late_allcell	10550	ARL6IP5	down	late_allcell_DPN_vs_diabetes
original_late_allcell	10552	ARPC1A	down	late_allcell_DPN_vs_diabetes
original_late_allcell	1056	CEL	up	late_allcell_DPN_vs_diabetes
original_late_allcell	10560	SLC19A2	down	late_allcell_DPN_vs_diabetes
original_late_allcell	10561	IFI44	down	late_allcell_DPN_vs_diabetes
original_late_allcell	10563	CXCL13	down	late_allcell_DPN_vs_diabetes
original_late_allcell	10576	CCT2	down	late_allcell_DPN_vs_diabetes
original_late_allcell	10577	NPC2	down	late_allcell_DPN_vs_diabetes
original_late_allcell	10587	TXNRD2	up	late_allcell_DPN_vs_diabetes
original_late_allcell	10588	MTHFS	up	late_allcell_DPN_vs_diabetes
original_late_allcell	10590	SCGN	down	late_allcell_DPN_vs_diabetes
original_late_allcell	10605	PAIP1	down	late_allcell_DPN_vs_diabetes
original_late_allcell	10606	PAICS	down	late_allcell_DPN_vs_diabetes
original_late_allcell	10612	TRIM3	up	late_allcell_DPN_vs_diabetes
original_late_allcell	10627	MYL12A	down	late_allcell_DPN_vs_diabetes
original_late_allcell	10628	TXNIP	up	late_allcell_DPN_vs_diabetes
original_late_allcell	10630	PDPN	down	late_allcell_DPN_vs_diabetes
original_late_allcell	10631	POSTN	up	late_allcell_DPN_vs_diabetes
original_late_allcell	10644	IGF2BP2	up	late_allcell_DPN_vs_diabetes
original_late_allcell	10653	SPINT2	down	late_allcell_DPN_vs_diabetes
original_late_allcell	10655	DMRT2	up	late_allcell_DPN_vs_diabetes
original_late_allcell	10667	FARS2	up	late_allcell_DPN_vs_diabetes
original_late_allcell	10675	CSPG5	down	late_allcell_DPN_vs_diabetes
original_late_allcell	10677	AVIL	down	late_allcell_DPN_vs_diabetes
original_late_allcell	10678	B3GNT2	down	late_allcell_DPN_vs_diabetes
original_late_allcell	10687	PNMA2	down	late_allcell_DPN_vs_diabetes
original_late_allcell	10690	FUT9	down	late_allcell_DPN_vs_diabetes
original_late_allcell	10712	ENTREP3	down	late_allcell_DPN_vs_diabetes
original_late_allcell	10718	NRG3	down	late_allcell_DPN_vs_diabetes
original_late_allcell	10736	SIX2	down	late_allcell_DPN_vs_diabetes
original_late_allcell	10772	SRSF10	up	late_allcell_DPN_vs_diabetes
original_late_allcell	10773	ZBTB6	down	late_allcell_DPN_vs_diabetes
original_late_allcell	10776	ARPP19	down	late_allcell_DPN_vs_diabetes
original_late_allcell	10777	ARPP21	up	late_allcell_DPN_vs_diabetes
original_late_allcell	10788	IQGAP2	up	late_allcell_DPN_vs_diabetes
original_late_allcell	10793	ZNF273	up	late_allcell_DPN_vs_diabetes
original_late_allcell	10794	ZNF460	down	late_allcell_DPN_vs_diabetes
original_late_allcell	10800	CYSLTR1	down	late_allcell_DPN_vs_diabetes
original_late_allcell	10801	SEPTIN9	up	late_allcell_DPN_vs_diabetes
original_late_allcell	10814	CPLX2	down	late_allcell_DPN_vs_diabetes
original_late_allcell	10840	ALDH1L1	up	late_allcell_DPN_vs_diabetes
original_late_allcell	10846	PDE10A	up	late_allcell_DPN_vs_diabetes
original_late_allcell	10848	PPP1R13L	up	late_allcell_DPN_vs_diabetes
original_late_allcell	10857	PGRMC1	down	late_allcell_DPN_vs_diabetes
original_late_allcell	10863	ADAM28	down	late_allcell_DPN_vs_diabetes
original_late_allcell	10865	ARID5A	up	late_allcell_DPN_vs_diabetes
original_late_allcell	10873	ME3	up	late_allcell_DPN_vs_diabetes
original_late_allcell	10874	NMU	up	late_allcell_DPN_vs_diabetes
original_late_allcell	10875	FGL2	down	late_allcell_DPN_vs_diabetes
original_late_allcell	10888	GPR83	down	late_allcell_DPN_vs_diabetes
original_late_allcell	10892	MALT1	down	late_allcell_DPN_vs_diabetes
original_late_allcell	10893	MMP24	down	late_allcell_DPN_vs_diabetes
original_late_allcell	10900	RUNDC3A	down	late_allcell_DPN_vs_diabetes
original_late_allcell	10903	MTMR11	up	late_allcell_DPN_vs_diabetes
original_late_allcell	10905	MAN1A2	down	late_allcell_DPN_vs_diabetes
original_late_allcell	10907	TXNL4A	down	late_allcell_DPN_vs_diabetes
original_late_allcell	10924	SMPDL3A	down	late_allcell_DPN_vs_diabetes
original_late_allcell	10933	MORF4L1	down	late_allcell_DPN_vs_diabetes
original_late_allcell	10948	STARD3	up	late_allcell_DPN_vs_diabetes
original_late_allcell	10952	SEC61B	down	late_allcell_DPN_vs_diabetes
original_late_allcell	10953	TOMM34	down	late_allcell_DPN_vs_diabetes
original_late_allcell	10957	PNRC1	down	late_allcell_DPN_vs_diabetes
original_late_allcell	10959	TMED2	down	late_allcell_DPN_vs_diabetes
original_late_allcell	10989	IMMT	down	late_allcell_DPN_vs_diabetes
original_late_allcell	10990	LILRB5	up	late_allcell_DPN_vs_diabetes
original_late_allcell	11000	SLC27A3	up	late_allcell_DPN_vs_diabetes
original_late_allcell	11006	LILRB4	down	late_allcell_DPN_vs_diabetes
original_late_allcell	11014	KDELR2	down	late_allcell_DPN_vs_diabetes
original_late_allcell	11015	KDELR3	down	late_allcell_DPN_vs_diabetes
original_late_allcell	11027	LILRA2	down	late_allcell_DPN_vs_diabetes
original_late_allcell	11030	RBPMS	up	late_allcell_DPN_vs_diabetes
original_late_allcell	11037	STON1	down	late_allcell_DPN_vs_diabetes
original_late_allcell	1104	RCC1	up	late_allcell_DPN_vs_diabetes
original_late_allcell	11041	B4GAT1	down	late_allcell_DPN_vs_diabetes
original_late_allcell	11045	UPK1A	up	late_allcell_DPN_vs_diabetes
original_late_allcell	11054	OGFR	up	late_allcell_DPN_vs_diabetes
original_late_allcell	11057	ABHD2	down	late_allcell_DPN_vs_diabetes
original_late_allcell	11061	CNMD	down	late_allcell_DPN_vs_diabetes
original_late_allcell	11062	DUS4L	down	late_allcell_DPN_vs_diabetes
original_late_allcell	11067	DEPP1	up	late_allcell_DPN_vs_diabetes
original_late_allcell	11078	TRIOBP	up	late_allcell_DPN_vs_diabetes
original_late_allcell	110806277	PNMA8C	down	late_allcell_DPN_vs_diabetes
original_late_allcell	110806279	SMIM28	down	late_allcell_DPN_vs_diabetes
original_late_allcell	110806280	CCDC194	up	late_allcell_DPN_vs_diabetes
original_late_allcell	11092	SPACA9	down	late_allcell_DPN_vs_diabetes
original_late_allcell	11122	PTPRT	down	late_allcell_DPN_vs_diabetes
original_late_allcell	11127	KIF3A	down	late_allcell_DPN_vs_diabetes
original_late_allcell	11135	CDC42EP1	up	late_allcell_DPN_vs_diabetes
original_late_allcell	11136	SLC7A9	up	late_allcell_DPN_vs_diabetes
original_late_allcell	1114	CHGB	down	late_allcell_DPN_vs_diabetes
original_late_allcell	11141	IL1RAPL1	down	late_allcell_DPN_vs_diabetes
original_late_allcell	11149	POPDC1	down	late_allcell_DPN_vs_diabetes
original_late_allcell	11154	AP4S1	down	late_allcell_DPN_vs_diabetes
original_late_allcell	11155	LDB3	up	late_allcell_DPN_vs_diabetes
original_late_allcell	1116	CHI3L1	down	late_allcell_DPN_vs_diabetes
original_late_allcell	11161	ERG28	down	late_allcell_DPN_vs_diabetes
original_late_allcell	11167	FSTL1	down	late_allcell_DPN_vs_diabetes
original_late_allcell	11186	RASSF1	up	late_allcell_DPN_vs_diabetes
original_late_allcell	11187	PKP3	up	late_allcell_DPN_vs_diabetes
original_late_allcell	11190	CEP250	up	late_allcell_DPN_vs_diabetes
original_late_allcell	112	ADCY6	up	late_allcell_DPN_vs_diabetes
original_late_allcell	11215	AKAP11	down	late_allcell_DPN_vs_diabetes
original_late_allcell	11221	DUSP10	up	late_allcell_DPN_vs_diabetes
original_late_allcell	112399	EGLN3	up	late_allcell_DPN_vs_diabetes
original_late_allcell	11243	PMF1	up	late_allcell_DPN_vs_diabetes
original_late_allcell	112441426	TMEM271	down	late_allcell_DPN_vs_diabetes
original_late_allcell	112441434	SHLD3	down	late_allcell_DPN_vs_diabetes
original_late_allcell	112476	PRRT2	up	late_allcell_DPN_vs_diabetes
original_late_allcell	11248	NXPH3	up	late_allcell_DPN_vs_diabetes
original_late_allcell	112487	DTD2	down	late_allcell_DPN_vs_diabetes
original_late_allcell	112703	GARIN5A	down	late_allcell_DPN_vs_diabetes
original_late_allcell	112724	RDH13	up	late_allcell_DPN_vs_diabetes
original_late_allcell	11280	SCN11A	down	late_allcell_DPN_vs_diabetes
original_late_allcell	112817	HOGA1	up	late_allcell_DPN_vs_diabetes
original_late_allcell	112858	TP53RK	down	late_allcell_DPN_vs_diabetes
original_late_allcell	113146	AHNAK2	down	late_allcell_DPN_vs_diabetes
original_late_allcell	113177	IZUMO4	up	late_allcell_DPN_vs_diabetes
original_late_allcell	113246	C12orf57	down	late_allcell_DPN_vs_diabetes
original_late_allcell	11334	TUSC2	down	late_allcell_DPN_vs_diabetes
original_late_allcell	11335	CBX3	down	late_allcell_DPN_vs_diabetes
original_late_allcell	11342	RNF13	down	late_allcell_DPN_vs_diabetes
original_late_allcell	1136	CHRNA3	down	late_allcell_DPN_vs_diabetes
original_late_allcell	113612	CYP2U1	down	late_allcell_DPN_vs_diabetes
original_late_allcell	113802	HENMT1	down	late_allcell_DPN_vs_diabetes
original_late_allcell	113828	SACK1F	up	late_allcell_DPN_vs_diabetes
original_late_allcell	1139	CHRNA7	down	late_allcell_DPN_vs_diabetes
original_late_allcell	1141	CHRNB2	down	late_allcell_DPN_vs_diabetes
original_late_allcell	114132	SIGLEC11	up	late_allcell_DPN_vs_diabetes
original_late_allcell	1142	CHRNB3	down	late_allcell_DPN_vs_diabetes
original_late_allcell	114294	LACTB	down	late_allcell_DPN_vs_diabetes
original_late_allcell	114757	CYGB	up	late_allcell_DPN_vs_diabetes
original_late_allcell	114798	SLITRK1	down	late_allcell_DPN_vs_diabetes
original_late_allcell	114805	GALNT13	down	late_allcell_DPN_vs_diabetes
original_late_allcell	114818	KLHL29	up	late_allcell_DPN_vs_diabetes
original_late_allcell	114821	SCAND3	up	late_allcell_DPN_vs_diabetes
original_late_allcell	114822	RHPN1	up	late_allcell_DPN_vs_diabetes
original_late_allcell	114879	OSBPL5	up	late_allcell_DPN_vs_diabetes
original_late_allcell	114897	C1QTNF1	up	late_allcell_DPN_vs_diabetes
original_late_allcell	1149	CIDEA	up	late_allcell_DPN_vs_diabetes
original_late_allcell	114904	C1QTNF6	up	late_allcell_DPN_vs_diabetes
original_late_allcell	114905	C1QTNF7	up	late_allcell_DPN_vs_diabetes
original_late_allcell	114908	TMEM123	down	late_allcell_DPN_vs_diabetes
original_late_allcell	115123	MARCHF3	up	late_allcell_DPN_vs_diabetes
original_late_allcell	115209	OMA1	down	late_allcell_DPN_vs_diabetes
original_late_allcell	115399	LRRC56	up	late_allcell_DPN_vs_diabetes
original_late_allcell	1154	CISH	up	late_allcell_DPN_vs_diabetes
original_late_allcell	115548	FCHO2	up	late_allcell_DPN_vs_diabetes
original_late_allcell	115861	NXNL1	up	late_allcell_DPN_vs_diabetes
original_late_allcell	115948	ODAD3	up	late_allcell_DPN_vs_diabetes
original_late_allcell	116039	OSR2	up	late_allcell_DPN_vs_diabetes
original_late_allcell	116115	ZNF526	up	late_allcell_DPN_vs_diabetes
original_late_allcell	116135	LRRC3B	down	late_allcell_DPN_vs_diabetes
original_late_allcell	116151	MIMS2	down	late_allcell_DPN_vs_diabetes
original_late_allcell	116224	PABIR1	down	late_allcell_DPN_vs_diabetes
original_late_allcell	116255	MOGAT1	up	late_allcell_DPN_vs_diabetes
original_late_allcell	116328	C8orf34	down	late_allcell_DPN_vs_diabetes
original_late_allcell	116362	RBP7	up	late_allcell_DPN_vs_diabetes
original_late_allcell	116372	LYPD1	down	late_allcell_DPN_vs_diabetes
original_late_allcell	1164	CKS2	down	late_allcell_DPN_vs_diabetes
original_late_allcell	116442	RAB39B	down	late_allcell_DPN_vs_diabetes
original_late_allcell	116447	TOP1MT	up	late_allcell_DPN_vs_diabetes
original_late_allcell	116534	MRGPRE	down	late_allcell_DPN_vs_diabetes
original_late_allcell	116535	MRGPRF	up	late_allcell_DPN_vs_diabetes
original_late_allcell	116835	HSPA12B	up	late_allcell_DPN_vs_diabetes
original_late_allcell	117166	WFIKKN1	up	late_allcell_DPN_vs_diabetes
original_late_allcell	117178	SSX2IP	down	late_allcell_DPN_vs_diabetes
original_late_allcell	117247	SLC16A10	down	late_allcell_DPN_vs_diabetes
original_late_allcell	117248	GALNT15	up	late_allcell_DPN_vs_diabetes
original_late_allcell	1182	CLCN3	down	late_allcell_DPN_vs_diabetes
original_late_allcell	1183	CLCN4	down	late_allcell_DPN_vs_diabetes
original_late_allcell	118424	UBE2J2	up	late_allcell_DPN_vs_diabetes
original_late_allcell	118427	OLFM3	down	late_allcell_DPN_vs_diabetes
original_late_allcell	118461	C10orf71	up	late_allcell_DPN_vs_diabetes
original_late_allcell	118738	ZNF488	up	late_allcell_DPN_vs_diabetes
original_late_allcell	118924	FRA10AC1	up	late_allcell_DPN_vs_diabetes
original_late_allcell	118987	PDZD8	down	late_allcell_DPN_vs_diabetes
original_late_allcell	119	ADD2	down	late_allcell_DPN_vs_diabetes
original_late_allcell	1195	CLK1	down	late_allcell_DPN_vs_diabetes
original_late_allcell	119774	OR52K2	down	late_allcell_DPN_vs_diabetes
original_late_allcell	120114	FAT3	down	late_allcell_DPN_vs_diabetes
original_late_allcell	120224	TMEM45B	down	late_allcell_DPN_vs_diabetes
original_late_allcell	120376	POU2AF3	up	late_allcell_DPN_vs_diabetes
original_late_allcell	1207	CLNS1A	down	late_allcell_DPN_vs_diabetes
original_late_allcell	120863	DEPDC4	down	late_allcell_DPN_vs_diabetes
original_late_allcell	1211	CLTA	down	late_allcell_DPN_vs_diabetes
original_late_allcell	121256	TMEM132D	down	late_allcell_DPN_vs_diabetes
original_late_allcell	1213	CLTC	down	late_allcell_DPN_vs_diabetes
original_late_allcell	121504	H4C16	up	late_allcell_DPN_vs_diabetes
original_late_allcell	121601	ANO4	down	late_allcell_DPN_vs_diabetes
original_late_allcell	121665	SPPL3	down	late_allcell_DPN_vs_diabetes
original_late_allcell	122394733	TMSB15C	up	late_allcell_DPN_vs_diabetes
original_late_allcell	122525	DORIP1	down	late_allcell_DPN_vs_diabetes
original_late_allcell	122622	ADSS1	up	late_allcell_DPN_vs_diabetes
original_late_allcell	123036	TC2N	down	late_allcell_DPN_vs_diabetes
original_late_allcell	123041	SLC24A4	down	late_allcell_DPN_vs_diabetes
original_late_allcell	123355	LRRC28	down	late_allcell_DPN_vs_diabetes
original_late_allcell	1235	CCR6	down	late_allcell_DPN_vs_diabetes
original_late_allcell	124	ADH1A	up	late_allcell_DPN_vs_diabetes
original_late_allcell	124093	CCDC78	up	late_allcell_DPN_vs_diabetes
original_late_allcell	124152	IQCK	up	late_allcell_DPN_vs_diabetes
original_late_allcell	124274	GPR139	down	late_allcell_DPN_vs_diabetes
original_late_allcell	1244	ABCC2	up	late_allcell_DPN_vs_diabetes
original_late_allcell	124842	TMEM132E	down	late_allcell_DPN_vs_diabetes
original_late_allcell	124925	SEZ6	down	late_allcell_DPN_vs_diabetes
original_late_allcell	125	ADH1B	up	late_allcell_DPN_vs_diabetes
original_late_allcell	125113	KRT222	up	late_allcell_DPN_vs_diabetes
original_late_allcell	125704	DIPK1C	down	late_allcell_DPN_vs_diabetes
original_late_allcell	126133	ALDH16A1	up	late_allcell_DPN_vs_diabetes
original_late_allcell	1263	PLK3	up	late_allcell_DPN_vs_diabetes
original_late_allcell	126306	JSRP1	up	late_allcell_DPN_vs_diabetes
original_late_allcell	1264	CNN1	up	late_allcell_DPN_vs_diabetes
original_late_allcell	126661	CCDC163	up	late_allcell_DPN_vs_diabetes
original_late_allcell	126668	TDRD10	up	late_allcell_DPN_vs_diabetes
original_late_allcell	126669	SHE	up	late_allcell_DPN_vs_diabetes
original_late_allcell	126789	PUSL1	up	late_allcell_DPN_vs_diabetes
original_late_allcell	1268	CNR1	up	late_allcell_DPN_vs_diabetes
original_late_allcell	126820	DNAI3	down	late_allcell_DPN_vs_diabetes
original_late_allcell	127059	OR2M5	down	late_allcell_DPN_vs_diabetes
original_late_allcell	1272	CNTN1	down	late_allcell_DPN_vs_diabetes
original_late_allcell	127435	PODN	up	late_allcell_DPN_vs_diabetes
original_late_allcell	127495	LRRC39	down	late_allcell_DPN_vs_diabetes
original_late_allcell	127579	DCST2	up	late_allcell_DPN_vs_diabetes
original_late_allcell	127665	ZNF648	up	late_allcell_DPN_vs_diabetes
original_late_allcell	1277	COL1A1	up	late_allcell_DPN_vs_diabetes
original_late_allcell	127733	UBXN10	down	late_allcell_DPN_vs_diabetes
original_late_allcell	127833	SYT2	down	late_allcell_DPN_vs_diabetes
original_late_allcell	127845	GOLT1A	down	late_allcell_DPN_vs_diabetes
original_late_allcell	128	ADH5	down	late_allcell_DPN_vs_diabetes
original_late_allcell	1281	COL3A1	up	late_allcell_DPN_vs_diabetes
original_late_allcell	128312	H2BC26	up	late_allcell_DPN_vs_diabetes
original_late_allcell	128346	C1orf162	down	late_allcell_DPN_vs_diabetes
original_late_allcell	128414	NKAIN4	down	late_allcell_DPN_vs_diabetes
original_late_allcell	128434	VSTM2L	down	late_allcell_DPN_vs_diabetes
original_late_allcell	1285	COL4A3	up	late_allcell_DPN_vs_diabetes
original_late_allcell	1286	COL4A4	up	late_allcell_DPN_vs_diabetes
original_late_allcell	1289	COL5A1	up	late_allcell_DPN_vs_diabetes
original_late_allcell	129080	EMID1	up	late_allcell_DPN_vs_diabetes
original_late_allcell	1291	COL6A1	up	late_allcell_DPN_vs_diabetes
original_late_allcell	1292	COL6A2	up	late_allcell_DPN_vs_diabetes
original_late_allcell	129293	TRABD2A	up	late_allcell_DPN_vs_diabetes
original_late_allcell	1293	COL6A3	up	late_allcell_DPN_vs_diabetes
original_late_allcell	1294	COL7A1	up	late_allcell_DPN_vs_diabetes
original_late_allcell	129607	CMPK2	down	late_allcell_DPN_vs_diabetes
original_late_allcell	129642	MBOAT2	down	late_allcell_DPN_vs_diabetes
original_late_allcell	129684	CNTNAP5	down	late_allcell_DPN_vs_diabetes
original_late_allcell	1297	COL9A1	down	late_allcell_DPN_vs_diabetes
original_late_allcell	129807	NEU4	down	late_allcell_DPN_vs_diabetes
original_late_allcell	129880	BBS5	down	late_allcell_DPN_vs_diabetes
original_late_allcell	129881	CFAP210	down	late_allcell_DPN_vs_diabetes
original_late_allcell	1301	COL11A1	down	late_allcell_DPN_vs_diabetes
original_late_allcell	130271	PLEKHH2	up	late_allcell_DPN_vs_diabetes
original_late_allcell	130367	SGPP2	down	late_allcell_DPN_vs_diabetes
original_late_allcell	130399	ACVR1C	up	late_allcell_DPN_vs_diabetes
original_late_allcell	130576	LYPD6B	down	late_allcell_DPN_vs_diabetes
original_late_allcell	130888	FBXO36	down	late_allcell_DPN_vs_diabetes
original_late_allcell	131034	CPNE4	down	late_allcell_DPN_vs_diabetes
original_late_allcell	131096	KCNH8	down	late_allcell_DPN_vs_diabetes
original_late_allcell	131368	ZPLD1	down	late_allcell_DPN_vs_diabetes
original_late_allcell	131583	FAM43A	up	late_allcell_DPN_vs_diabetes
original_late_allcell	1316	KLF6	up	late_allcell_DPN_vs_diabetes
original_late_allcell	1317	SLC31A1	down	late_allcell_DPN_vs_diabetes
original_late_allcell	131873	COL6A6	down	late_allcell_DPN_vs_diabetes
original_late_allcell	132158	GLYCTK	up	late_allcell_DPN_vs_diabetes
original_late_allcell	132160	PPM1M	up	late_allcell_DPN_vs_diabetes
original_late_allcell	132204	SYNPR	up	late_allcell_DPN_vs_diabetes
original_late_allcell	132228	LSMEM2	up	late_allcell_DPN_vs_diabetes
original_late_allcell	132660	LIN54	down	late_allcell_DPN_vs_diabetes
original_late_allcell	132851	SPATA4	down	late_allcell_DPN_vs_diabetes
original_late_allcell	1329	COX5B	down	late_allcell_DPN_vs_diabetes
original_late_allcell	133	ADM	up	late_allcell_DPN_vs_diabetes
original_late_allcell	133022	TRAM1L1	down	late_allcell_DPN_vs_diabetes
original_late_allcell	133308	SLC9B2	down	late_allcell_DPN_vs_diabetes
original_late_allcell	133396	IL31RA	down	late_allcell_DPN_vs_diabetes
original_late_allcell	133619	PRRC1	down	late_allcell_DPN_vs_diabetes
original_late_allcell	1337	COX6A1	down	late_allcell_DPN_vs_diabetes
original_late_allcell	133746	JMY	up	late_allcell_DPN_vs_diabetes
original_late_allcell	134	ADORA1	down	late_allcell_DPN_vs_diabetes
original_late_allcell	134111	UBE2QL1	down	late_allcell_DPN_vs_diabetes
original_late_allcell	134187	POU5F2	up	late_allcell_DPN_vs_diabetes
original_late_allcell	134429	STARD4	down	late_allcell_DPN_vs_diabetes
original_late_allcell	1345	COX6C	down	late_allcell_DPN_vs_diabetes
original_late_allcell	134549	SHROOM1	up	late_allcell_DPN_vs_diabetes
original_late_allcell	1349	COX7B	down	late_allcell_DPN_vs_diabetes
original_late_allcell	1350	COX7C	down	late_allcell_DPN_vs_diabetes
original_late_allcell	135152	B3GAT2	down	late_allcell_DPN_vs_diabetes
original_late_allcell	135295	SRSF12	down	late_allcell_DPN_vs_diabetes
original_late_allcell	135398	C6orf141	up	late_allcell_DPN_vs_diabetes
original_late_allcell	1356	CP	up	late_allcell_DPN_vs_diabetes
original_late_allcell	135892	TRIM50	up	late_allcell_DPN_vs_diabetes
original_late_allcell	136	ADORA2B	down	late_allcell_DPN_vs_diabetes
original_late_allcell	1362	CPD	down	late_allcell_DPN_vs_diabetes
original_late_allcell	136227	COL26A1	down	late_allcell_DPN_vs_diabetes
original_late_allcell	136319	MTPN	down	late_allcell_DPN_vs_diabetes
original_late_allcell	1365	CLDN3	down	late_allcell_DPN_vs_diabetes
original_late_allcell	136853	SSC4D	down	late_allcell_DPN_vs_diabetes
original_late_allcell	137075	CLDN23	up	late_allcell_DPN_vs_diabetes
original_late_allcell	137868	SGCZ	down	late_allcell_DPN_vs_diabetes
original_late_allcell	138046	RALYL	down	late_allcell_DPN_vs_diabetes
original_late_allcell	138162	PIERCE1	down	late_allcell_DPN_vs_diabetes
original_late_allcell	139065	SLITRK4	down	late_allcell_DPN_vs_diabetes
original_late_allcell	1394	CRHR1	up	late_allcell_DPN_vs_diabetes
original_late_allcell	140290	TCP10L	up	late_allcell_DPN_vs_diabetes
original_late_allcell	140461	ASB8	down	late_allcell_DPN_vs_diabetes
original_late_allcell	140462	ASB9	up	late_allcell_DPN_vs_diabetes
original_late_allcell	140469	MYO3B	up	late_allcell_DPN_vs_diabetes
original_late_allcell	140685	ZBTB46	up	late_allcell_DPN_vs_diabetes
original_late_allcell	140689	CBLN4	down	late_allcell_DPN_vs_diabetes
original_late_allcell	140706	CCM2L	up	late_allcell_DPN_vs_diabetes
original_late_allcell	140733	MACROD2	down	late_allcell_DPN_vs_diabetes
original_late_allcell	140738	TMEM37	up	late_allcell_DPN_vs_diabetes
original_late_allcell	140767	NRSN1	down	late_allcell_DPN_vs_diabetes
original_late_allcell	140825	NEURL2	up	late_allcell_DPN_vs_diabetes
original_late_allcell	140838	NANP	down	late_allcell_DPN_vs_diabetes
original_late_allcell	140876	RIPOR3	up	late_allcell_DPN_vs_diabetes
original_late_allcell	140883	ZNF280B	down	late_allcell_DPN_vs_diabetes
original_late_allcell	140901	STK35	up	late_allcell_DPN_vs_diabetes
original_late_allcell	1417	CRYBB3	up	late_allcell_DPN_vs_diabetes
original_late_allcell	142689	ASB12	down	late_allcell_DPN_vs_diabetes
original_late_allcell	1428	CRYM	up	late_allcell_DPN_vs_diabetes
original_late_allcell	143282	FGFBP3	down	late_allcell_DPN_vs_diabetes
original_late_allcell	143425	SYT9	down	late_allcell_DPN_vs_diabetes
original_late_allcell	143458	LDLRAD3	up	late_allcell_DPN_vs_diabetes
original_late_allcell	143686	SESN3	up	late_allcell_DPN_vs_diabetes
original_late_allcell	143872	ARHGAP42	down	late_allcell_DPN_vs_diabetes
original_late_allcell	143879	KBTBD3	down	late_allcell_DPN_vs_diabetes
original_late_allcell	143888	POGLUT3	down	late_allcell_DPN_vs_diabetes
original_late_allcell	1439	CSF2RB	up	late_allcell_DPN_vs_diabetes
original_late_allcell	143941	TTC36	up	late_allcell_DPN_vs_diabetes
original_late_allcell	144448	TSPAN19	up	late_allcell_DPN_vs_diabetes
original_late_allcell	144577	KICS2	up	late_allcell_DPN_vs_diabetes
original_late_allcell	144608	C12orf60	down	late_allcell_DPN_vs_diabetes
original_late_allcell	145258	GSC	up	late_allcell_DPN_vs_diabetes
original_late_allcell	145282	MIPOL1	up	late_allcell_DPN_vs_diabetes
original_late_allcell	1454	CSNK1E	up	late_allcell_DPN_vs_diabetes
original_late_allcell	145407	ARMH4	down	late_allcell_DPN_vs_diabetes
original_late_allcell	145581	LRFN5	down	late_allcell_DPN_vs_diabetes
original_late_allcell	145788	PIERCE2	down	late_allcell_DPN_vs_diabetes
original_late_allcell	145853	C15orf61	down	late_allcell_DPN_vs_diabetes
original_late_allcell	146	ADRA1D	up	late_allcell_DPN_vs_diabetes
original_late_allcell	146059	CDAN1	up	late_allcell_DPN_vs_diabetes
original_late_allcell	1462	VCAN	up	late_allcell_DPN_vs_diabetes
original_late_allcell	1463	NCAN	down	late_allcell_DPN_vs_diabetes
original_late_allcell	146330	FBXL16	down	late_allcell_DPN_vs_diabetes
original_late_allcell	1464	CSPG4	up	late_allcell_DPN_vs_diabetes
original_late_allcell	146456	TMED6	down	late_allcell_DPN_vs_diabetes
original_late_allcell	146540	ZNF785	up	late_allcell_DPN_vs_diabetes
original_late_allcell	146547	PRSS36	up	late_allcell_DPN_vs_diabetes
original_late_allcell	146713	RBFOX3	down	late_allcell_DPN_vs_diabetes
original_late_allcell	146760	RTN4RL1	down	late_allcell_DPN_vs_diabetes
original_late_allcell	146857	SLFN13	up	late_allcell_DPN_vs_diabetes
original_late_allcell	147166	TRIM16L	down	late_allcell_DPN_vs_diabetes
original_late_allcell	1473	CST5	down	late_allcell_DPN_vs_diabetes
original_late_allcell	147372	CCBE1	up	late_allcell_DPN_vs_diabetes
original_late_allcell	147381	CBLN2	down	late_allcell_DPN_vs_diabetes
original_late_allcell	147746	HIPK4	up	late_allcell_DPN_vs_diabetes
original_late_allcell	147798	TMC4	up	late_allcell_DPN_vs_diabetes
original_late_allcell	147912	SIX5	up	late_allcell_DPN_vs_diabetes
original_late_allcell	148	ADRA1A	up	late_allcell_DPN_vs_diabetes
original_late_allcell	148203	ZNF738	up	late_allcell_DPN_vs_diabetes
original_late_allcell	148213	ZNF681	down	late_allcell_DPN_vs_diabetes
original_late_allcell	148252	DIRAS1	down	late_allcell_DPN_vs_diabetes
original_late_allcell	148254	ZNF555	down	late_allcell_DPN_vs_diabetes
original_late_allcell	148534	TLCD4	down	late_allcell_DPN_vs_diabetes
original_late_allcell	148641	SLC35F3	down	late_allcell_DPN_vs_diabetes
original_late_allcell	148808	SLC60A1	down	late_allcell_DPN_vs_diabetes
original_late_allcell	148811	PM20D1	down	late_allcell_DPN_vs_diabetes
original_late_allcell	148932	MOB3C	up	late_allcell_DPN_vs_diabetes
original_late_allcell	148979	GLIS1	up	late_allcell_DPN_vs_diabetes
original_late_allcell	1490	CCN2	down	late_allcell_DPN_vs_diabetes
original_late_allcell	149111	CNIH3	up	late_allcell_DPN_vs_diabetes
original_late_allcell	149175	MANEAL	down	late_allcell_DPN_vs_diabetes
original_late_allcell	1493	CTLA4	up	late_allcell_DPN_vs_diabetes
original_late_allcell	149420	PDIK1L	down	late_allcell_DPN_vs_diabetes
original_late_allcell	149428	BNIPL	up	late_allcell_DPN_vs_diabetes
original_late_allcell	149499	LRRC71	up	late_allcell_DPN_vs_diabetes
original_late_allcell	1496	CTNNA2	down	late_allcell_DPN_vs_diabetes
original_late_allcell	149628	PYHIN1	up	late_allcell_DPN_vs_diabetes
original_late_allcell	1499	CTNNB1	down	late_allcell_DPN_vs_diabetes
original_late_allcell	1501	CTNND2	down	late_allcell_DPN_vs_diabetes
original_late_allcell	150350	ENTHD1	up	late_allcell_DPN_vs_diabetes
original_late_allcell	150356	CHADL	down	late_allcell_DPN_vs_diabetes
original_late_allcell	150368	PHETA2	up	late_allcell_DPN_vs_diabetes
original_late_allcell	150678	COPS9	down	late_allcell_DPN_vs_diabetes
original_late_allcell	150709	ANKAR	down	late_allcell_DPN_vs_diabetes
original_late_allcell	150763	GPAT2	up	late_allcell_DPN_vs_diabetes
original_late_allcell	1509	CTSD	down	late_allcell_DPN_vs_diabetes
original_late_allcell	151295	SLC23A3	up	late_allcell_DPN_vs_diabetes
original_late_allcell	1515	CTSV	down	late_allcell_DPN_vs_diabetes
original_late_allcell	151556	GPR155	down	late_allcell_DPN_vs_diabetes
original_late_allcell	151835	CPNE9	down	late_allcell_DPN_vs_diabetes
original_late_allcell	1519	CTSO	down	late_allcell_DPN_vs_diabetes
original_late_allcell	152078	SLC66A1LP	up	late_allcell_DPN_vs_diabetes
original_late_allcell	152110	NEK10	up	late_allcell_DPN_vs_diabetes
original_late_allcell	152206	CCDC13	up	late_allcell_DPN_vs_diabetes
original_late_allcell	152273	FGD5	up	late_allcell_DPN_vs_diabetes
original_late_allcell	1524	CX3CR1	down	late_allcell_DPN_vs_diabetes
original_late_allcell	152404	IGSF11	down	late_allcell_DPN_vs_diabetes
original_late_allcell	152485	ZNF827	up	late_allcell_DPN_vs_diabetes
original_late_allcell	1525	CXADR	down	late_allcell_DPN_vs_diabetes
original_late_allcell	152519	NIPAL1	down	late_allcell_DPN_vs_diabetes
original_late_allcell	1528	CYB5A	up	late_allcell_DPN_vs_diabetes
original_late_allcell	152831	KLB	up	late_allcell_DPN_vs_diabetes
original_late_allcell	153768	PRELID2	up	late_allcell_DPN_vs_diabetes
original_late_allcell	153769	SH3RF2	up	late_allcell_DPN_vs_diabetes
original_late_allcell	154	ADRB2	up	late_allcell_DPN_vs_diabetes
original_late_allcell	154197	PNLDC1	up	late_allcell_DPN_vs_diabetes
original_late_allcell	154215	NKAIN2	down	late_allcell_DPN_vs_diabetes
original_late_allcell	154743	SAMTOR	down	late_allcell_DPN_vs_diabetes
original_late_allcell	154790	CLEC2L	down	late_allcell_DPN_vs_diabetes
original_late_allcell	154807	VKORC1L1	down	late_allcell_DPN_vs_diabetes
original_late_allcell	155066	ATP6V0E2	down	late_allcell_DPN_vs_diabetes
original_late_allcell	155368	METTL27	up	late_allcell_DPN_vs_diabetes
original_late_allcell	1573	CYP2J2	down	late_allcell_DPN_vs_diabetes
original_late_allcell	157567	ANKRD46	down	late_allcell_DPN_vs_diabetes
original_late_allcell	157657	CFAP418	up	late_allcell_DPN_vs_diabetes
original_late_allcell	1577	CYP3A5	down	late_allcell_DPN_vs_diabetes
original_late_allcell	158038	LINGO2	down	late_allcell_DPN_vs_diabetes
original_late_allcell	158062	LCN6	up	late_allcell_DPN_vs_diabetes
original_late_allcell	158326	FREM1	up	late_allcell_DPN_vs_diabetes
original_late_allcell	158471	PRUNE2	down	late_allcell_DPN_vs_diabetes
original_late_allcell	158586	ZXDB	down	late_allcell_DPN_vs_diabetes
original_late_allcell	158931	TCEAL6	down	late_allcell_DPN_vs_diabetes
original_late_allcell	159	ADSS2	down	late_allcell_DPN_vs_diabetes
original_late_allcell	159371	SLC35G1	down	late_allcell_DPN_vs_diabetes
original_late_allcell	1602	DACH1	up	late_allcell_DPN_vs_diabetes
original_late_allcell	1603	DAD1	down	late_allcell_DPN_vs_diabetes
original_late_allcell	160364	CLEC12A	down	late_allcell_DPN_vs_diabetes
original_late_allcell	160365	CLECL1	down	late_allcell_DPN_vs_diabetes
original_late_allcell	160418	TMTC3	down	late_allcell_DPN_vs_diabetes
original_late_allcell	160851	DGKH	down	late_allcell_DPN_vs_diabetes
original_late_allcell	161142	GARIN2	down	late_allcell_DPN_vs_diabetes
original_late_allcell	161176	SYNE3	up	late_allcell_DPN_vs_diabetes
original_late_allcell	161253	REM2	up	late_allcell_DPN_vs_diabetes
original_late_allcell	161357	MDGA2	down	late_allcell_DPN_vs_diabetes
original_late_allcell	161742	SPRED1	down	late_allcell_DPN_vs_diabetes
original_late_allcell	1620	BRINP1	down	late_allcell_DPN_vs_diabetes
original_late_allcell	162333	MARCHF10	up	late_allcell_DPN_vs_diabetes
original_late_allcell	1629	DBT	down	late_allcell_DPN_vs_diabetes
original_late_allcell	162968	ZNF497	up	late_allcell_DPN_vs_diabetes
original_late_allcell	163126	EID2	down	late_allcell_DPN_vs_diabetes
original_late_allcell	1636	ACE	up	late_allcell_DPN_vs_diabetes
original_late_allcell	163688	CALML6	up	late_allcell_DPN_vs_diabetes
original_late_allcell	1641	DCX	down	late_allcell_DPN_vs_diabetes
original_late_allcell	1643	DDB2	up	late_allcell_DPN_vs_diabetes
original_late_allcell	1646	AKR1C2	up	late_allcell_DPN_vs_diabetes
original_late_allcell	1649	DDIT3	up	late_allcell_DPN_vs_diabetes
original_late_allcell	165	AEBP1	up	late_allcell_DPN_vs_diabetes
original_late_allcell	1654	DDX3X	down	late_allcell_DPN_vs_diabetes
original_late_allcell	1663	DDX11	up	late_allcell_DPN_vs_diabetes
original_late_allcell	166336	PRICKLE2	up	late_allcell_DPN_vs_diabetes
original_late_allcell	166379	BBS12	down	late_allcell_DPN_vs_diabetes
original_late_allcell	166647	ADGRA3	down	late_allcell_DPN_vs_diabetes
original_late_allcell	166815	TIGD2	down	late_allcell_DPN_vs_diabetes
original_late_allcell	166929	SGMS2	down	late_allcell_DPN_vs_diabetes
original_late_allcell	1674	DES	up	late_allcell_DPN_vs_diabetes
original_late_allcell	1675	CFD	up	late_allcell_DPN_vs_diabetes
original_late_allcell	167681	PRSS35	down	late_allcell_DPN_vs_diabetes
original_late_allcell	167838	TXLNB	up	late_allcell_DPN_vs_diabetes
original_late_allcell	168374	ZNF92	down	late_allcell_DPN_vs_diabetes
original_late_allcell	168451	THAP5	down	late_allcell_DPN_vs_diabetes
original_late_allcell	168975	CNBD1	down	late_allcell_DPN_vs_diabetes
original_late_allcell	169044	COL22A1	down	late_allcell_DPN_vs_diabetes
original_late_allcell	169200	TMEM64	down	late_allcell_DPN_vs_diabetes
original_late_allcell	169270	ZNF596	down	late_allcell_DPN_vs_diabetes
original_late_allcell	169714	QSOX2	up	late_allcell_DPN_vs_diabetes
original_late_allcell	169792	GLIS3	up	late_allcell_DPN_vs_diabetes
original_late_allcell	170394	PWWP2B	up	late_allcell_DPN_vs_diabetes
original_late_allcell	170463	SSBP4	up	late_allcell_DPN_vs_diabetes
original_late_allcell	170622	COMMD6	down	late_allcell_DPN_vs_diabetes
original_late_allcell	170679	PSORS1C1	up	late_allcell_DPN_vs_diabetes
original_late_allcell	170685	NUDT10	down	late_allcell_DPN_vs_diabetes
original_late_allcell	170689	ADAMTS15	up	late_allcell_DPN_vs_diabetes
original_late_allcell	170690	ADAMTS16	down	late_allcell_DPN_vs_diabetes
original_late_allcell	170691	ADAMTS17	up	late_allcell_DPN_vs_diabetes
original_late_allcell	170959	ZNF431	down	late_allcell_DPN_vs_diabetes
original_late_allcell	1717	DHCR7	down	late_allcell_DPN_vs_diabetes
original_late_allcell	1723	DHODH	up	late_allcell_DPN_vs_diabetes
original_late_allcell	1725	DHPS	up	late_allcell_DPN_vs_diabetes
original_late_allcell	1728	NQO1	up	late_allcell_DPN_vs_diabetes
original_late_allcell	1730	DIAPH2	down	late_allcell_DPN_vs_diabetes
original_late_allcell	1757	SARDH	up	late_allcell_DPN_vs_diabetes
original_late_allcell	176	ACAN	up	late_allcell_DPN_vs_diabetes
original_late_allcell	1770	DNAH9	up	late_allcell_DPN_vs_diabetes
original_late_allcell	1773	DNASE1	up	late_allcell_DPN_vs_diabetes
original_late_allcell	1776	DNASE1L3	up	late_allcell_DPN_vs_diabetes
original_late_allcell	1797	DXO	up	late_allcell_DPN_vs_diabetes
original_late_allcell	1804	DPP6	down	late_allcell_DPN_vs_diabetes
original_late_allcell	1805	DPT	up	late_allcell_DPN_vs_diabetes
original_late_allcell	1809	DPYSL3	down	late_allcell_DPN_vs_diabetes
original_late_allcell	1813	DRD2	up	late_allcell_DPN_vs_diabetes
original_late_allcell	1815	DRD4	up	late_allcell_DPN_vs_diabetes
original_late_allcell	1820	ARID3A	up	late_allcell_DPN_vs_diabetes
original_late_allcell	1827	RCAN1	up	late_allcell_DPN_vs_diabetes
original_late_allcell	1829	DSG2	down	late_allcell_DPN_vs_diabetes
original_late_allcell	1836	SLC26A2	down	late_allcell_DPN_vs_diabetes
original_late_allcell	1839	HBEGF	up	late_allcell_DPN_vs_diabetes
original_late_allcell	1850	DUSP8	up	late_allcell_DPN_vs_diabetes
original_late_allcell	187	APLNR	down	late_allcell_DPN_vs_diabetes
original_late_allcell	1879	EBF1	up	late_allcell_DPN_vs_diabetes
original_late_allcell	1890	TYMP	up	late_allcell_DPN_vs_diabetes
original_late_allcell	19	ABCA1	up	late_allcell_DPN_vs_diabetes
original_late_allcell	1903	S1PR3	up	late_allcell_DPN_vs_diabetes
original_late_allcell	1909	EDNRA	down	late_allcell_DPN_vs_diabetes
original_late_allcell	192286	HIGD2A	down	late_allcell_DPN_vs_diabetes
original_late_allcell	192669	AGO3	down	late_allcell_DPN_vs_diabetes
original_late_allcell	1955	MEGF9	down	late_allcell_DPN_vs_diabetes
original_late_allcell	195814	SDR16C5	down	late_allcell_DPN_vs_diabetes
original_late_allcell	195827	PRXL2C	down	late_allcell_DPN_vs_diabetes
original_late_allcell	1960	EGR3	up	late_allcell_DPN_vs_diabetes
original_late_allcell	196051	PLPP4	up	late_allcell_DPN_vs_diabetes
original_late_allcell	1964	EIF1AX	down	late_allcell_DPN_vs_diabetes
original_late_allcell	196740	VSTM4	up	late_allcell_DPN_vs_diabetes
original_late_allcell	196883	ADCY4	up	late_allcell_DPN_vs_diabetes
original_late_allcell	197259	MLKL	up	late_allcell_DPN_vs_diabetes
original_late_allcell	197358	NLRC3	up	late_allcell_DPN_vs_diabetes
original_late_allcell	1991	ELANE	up	late_allcell_DPN_vs_diabetes
original_late_allcell	199221	DZIP1L	up	late_allcell_DPN_vs_diabetes
original_late_allcell	199223	TTC21A	up	late_allcell_DPN_vs_diabetes
original_late_allcell	1993	ELAVL2	down	late_allcell_DPN_vs_diabetes
original_late_allcell	1995	ELAVL3	down	late_allcell_DPN_vs_diabetes
original_late_allcell	1996	ELAVL4	down	late_allcell_DPN_vs_diabetes
original_late_allcell	199786	NIBAN3	up	late_allcell_DPN_vs_diabetes
original_late_allcell	199953	TMEM201	up	late_allcell_DPN_vs_diabetes
original_late_allcell	200132	DYNLT5	up	late_allcell_DPN_vs_diabetes
original_late_allcell	200185	KRTCAP2	down	late_allcell_DPN_vs_diabetes
original_late_allcell	200424	TET3	up	late_allcell_DPN_vs_diabetes
original_late_allcell	2006	ELN	up	late_allcell_DPN_vs_diabetes
original_late_allcell	200728	TMEM17	down	late_allcell_DPN_vs_diabetes
original_late_allcell	200845	KCTD6	down	late_allcell_DPN_vs_diabetes
original_late_allcell	200879	LIPH	down	late_allcell_DPN_vs_diabetes
original_late_allcell	201158	TVP23C	up	late_allcell_DPN_vs_diabetes
original_late_allcell	201163	FLCN	up	late_allcell_DPN_vs_diabetes
original_late_allcell	201191	SAMD14	down	late_allcell_DPN_vs_diabetes
original_late_allcell	201255	LRRC45	up	late_allcell_DPN_vs_diabetes
original_late_allcell	201292	TRIM65	up	late_allcell_DPN_vs_diabetes
original_late_allcell	201294	UNC13D	up	late_allcell_DPN_vs_diabetes
original_late_allcell	2015	ADGRE1	down	late_allcell_DPN_vs_diabetes
original_late_allcell	2017	CTTN	up	late_allcell_DPN_vs_diabetes
original_late_allcell	201725	C4orf46	down	late_allcell_DPN_vs_diabetes
original_late_allcell	201780	SLC10A4	down	late_allcell_DPN_vs_diabetes
original_late_allcell	201931	TMEM192	down	late_allcell_DPN_vs_diabetes
original_late_allcell	201965	RWDD4	down	late_allcell_DPN_vs_diabetes
original_late_allcell	202333	CMYA5	down	late_allcell_DPN_vs_diabetes
original_late_allcell	202374	STK32A	up	late_allcell_DPN_vs_diabetes
original_late_allcell	202559	KHDRBS2	down	late_allcell_DPN_vs_diabetes
original_late_allcell	2027	ENO3	up	late_allcell_DPN_vs_diabetes
original_late_allcell	2028	ENPEP	down	late_allcell_DPN_vs_diabetes
original_late_allcell	203	AK1	up	late_allcell_DPN_vs_diabetes
original_late_allcell	203068	TUBB	down	late_allcell_DPN_vs_diabetes
original_late_allcell	203111	ERICH5	down	late_allcell_DPN_vs_diabetes
original_late_allcell	203190	LGI3	down	late_allcell_DPN_vs_diabetes
original_late_allcell	203228	C9orf72	down	late_allcell_DPN_vs_diabetes
original_late_allcell	203859	ANO5	down	late_allcell_DPN_vs_diabetes
original_late_allcell	2042	EPHA3	up	late_allcell_DPN_vs_diabetes
original_late_allcell	2043	EPHA4	up	late_allcell_DPN_vs_diabetes
original_late_allcell	2047	EPHB1	down	late_allcell_DPN_vs_diabetes
original_late_allcell	204962	SLC44A5	down	late_allcell_DPN_vs_diabetes
original_late_allcell	2050	EPHB4	up	late_allcell_DPN_vs_diabetes
original_late_allcell	205147	AMER3	down	late_allcell_DPN_vs_diabetes
original_late_allcell	2053	EPHX2	up	late_allcell_DPN_vs_diabetes
original_late_allcell	205428	DIPK2A	down	late_allcell_DPN_vs_diabetes
original_late_allcell	206338	LVRN	up	late_allcell_DPN_vs_diabetes
original_late_allcell	2065	ERBB3	down	late_allcell_DPN_vs_diabetes
original_late_allcell	2066	ERBB4	down	late_allcell_DPN_vs_diabetes
original_late_allcell	2070	EYA4	up	late_allcell_DPN_vs_diabetes
original_late_allcell	207063	DHRSX	up	late_allcell_DPN_vs_diabetes
original_late_allcell	2078	ERG	up	late_allcell_DPN_vs_diabetes
original_late_allcell	208	AKT2	up	late_allcell_DPN_vs_diabetes
original_late_allcell	2099	ESR1	up	late_allcell_DPN_vs_diabetes
original_late_allcell	2114	ETS2	up	late_allcell_DPN_vs_diabetes
original_late_allcell	2120	ETV6	up	late_allcell_DPN_vs_diabetes
original_late_allcell	2121	EVC	up	late_allcell_DPN_vs_diabetes
original_late_allcell	2122	MECOM	up	late_allcell_DPN_vs_diabetes
original_late_allcell	214	ALCAM	down	late_allcell_DPN_vs_diabetes
original_late_allcell	215	ABCD1	up	late_allcell_DPN_vs_diabetes
original_late_allcell	2157	F8	down	late_allcell_DPN_vs_diabetes
original_late_allcell	2160	F11	down	late_allcell_DPN_vs_diabetes
original_late_allcell	2167	FABP4	up	late_allcell_DPN_vs_diabetes
original_late_allcell	2170	FABP3	down	late_allcell_DPN_vs_diabetes
original_late_allcell	2171	FABP5	down	late_allcell_DPN_vs_diabetes
original_late_allcell	2178	FANCE	up	late_allcell_DPN_vs_diabetes
original_late_allcell	2180	ACSL1	up	late_allcell_DPN_vs_diabetes
original_late_allcell	2181	ACSL3	down	late_allcell_DPN_vs_diabetes
original_late_allcell	2189	FANCG	up	late_allcell_DPN_vs_diabetes
original_late_allcell	219285	SAMD9L	down	late_allcell_DPN_vs_diabetes
original_late_allcell	219287	AMER2	down	late_allcell_DPN_vs_diabetes
original_late_allcell	219654	ZCCHC24	up	late_allcell_DPN_vs_diabetes
original_late_allcell	219770	GJD4	up	late_allcell_DPN_vs_diabetes
original_late_allcell	219833	KCNJ5-AS1	up	late_allcell_DPN_vs_diabetes
original_late_allcell	219972	MPEG1	up	late_allcell_DPN_vs_diabetes
original_late_allcell	2200	FBN1	up	late_allcell_DPN_vs_diabetes
original_late_allcell	220213	OTUD1	down	late_allcell_DPN_vs_diabetes
original_late_allcell	220296	HEPACAM	down	late_allcell_DPN_vs_diabetes
original_late_allcell	220388	CCDC89	up	late_allcell_DPN_vs_diabetes
original_late_allcell	220441	RNF152	up	late_allcell_DPN_vs_diabetes
original_late_allcell	220963	SLC16A9	down	late_allcell_DPN_vs_diabetes
original_late_allcell	220965	FAM13C	up	late_allcell_DPN_vs_diabetes
original_late_allcell	2210	FCGR1BP	down	late_allcell_DPN_vs_diabetes
original_late_allcell	221002	RASGEF1A	up	late_allcell_DPN_vs_diabetes
original_late_allcell	221074	SLC39A12	up	late_allcell_DPN_vs_diabetes
original_late_allcell	221395	ADGRF5	up	late_allcell_DPN_vs_diabetes
original_late_allcell	221400	TDRD6	down	late_allcell_DPN_vs_diabetes
original_late_allcell	221421	RSPH9	up	late_allcell_DPN_vs_diabetes
original_late_allcell	221472	FGD2	up	late_allcell_DPN_vs_diabetes
original_late_allcell	2215	FCGR3B	down	late_allcell_DPN_vs_diabetes
original_late_allcell	221662	RBM24	up	late_allcell_DPN_vs_diabetes
original_late_allcell	2217	FCGRT	up	late_allcell_DPN_vs_diabetes
original_late_allcell	221710	SMIM13	down	late_allcell_DPN_vs_diabetes
original_late_allcell	221785	ZSCAN25	up	late_allcell_DPN_vs_diabetes
original_late_allcell	221830	POLR1F	down	late_allcell_DPN_vs_diabetes
original_late_allcell	2220	FCN2	up	late_allcell_DPN_vs_diabetes
original_late_allcell	222008	VSTM2A	down	late_allcell_DPN_vs_diabetes
original_late_allcell	2222	FDFT1	down	late_allcell_DPN_vs_diabetes
original_late_allcell	2224	FDPS	down	late_allcell_DPN_vs_diabetes
original_late_allcell	222643	UNC5CL	up	late_allcell_DPN_vs_diabetes
original_late_allcell	222663	SCUBE3	up	late_allcell_DPN_vs_diabetes
original_late_allcell	222865	TMEM130	down	late_allcell_DPN_vs_diabetes
original_late_allcell	222894	FERD3L	up	late_allcell_DPN_vs_diabetes
original_late_allcell	2232	FDXR	up	late_allcell_DPN_vs_diabetes
original_late_allcell	2237	FEN1	down	late_allcell_DPN_vs_diabetes
original_late_allcell	2242	FES	up	late_allcell_DPN_vs_diabetes
original_late_allcell	2247	FGF2	up	late_allcell_DPN_vs_diabetes
original_late_allcell	2254	FGF9	down	late_allcell_DPN_vs_diabetes
original_late_allcell	2257	FGF12	down	late_allcell_DPN_vs_diabetes
original_late_allcell	2258	FGF13	down	late_allcell_DPN_vs_diabetes
original_late_allcell	2263	FGFR2	up	late_allcell_DPN_vs_diabetes
original_late_allcell	2275	FHL3	up	late_allcell_DPN_vs_diabetes
original_late_allcell	22821	RASA3	up	late_allcell_DPN_vs_diabetes
original_late_allcell	22829	NLGN4Y	down	late_allcell_DPN_vs_diabetes
original_late_allcell	22836	RHOBTB3	up	late_allcell_DPN_vs_diabetes
original_late_allcell	22843	PPM1E	down	late_allcell_DPN_vs_diabetes
original_late_allcell	22844	FRMPD1	down	late_allcell_DPN_vs_diabetes
original_late_allcell	22845	DOLK	down	late_allcell_DPN_vs_diabetes
original_late_allcell	22861	NLRP1	up	late_allcell_DPN_vs_diabetes
original_late_allcell	22865	SLITRK3	down	late_allcell_DPN_vs_diabetes
original_late_allcell	22871	NLGN1	down	late_allcell_DPN_vs_diabetes
original_late_allcell	22874	PLEKHA6	down	late_allcell_DPN_vs_diabetes
original_late_allcell	22875	ENPP4	down	late_allcell_DPN_vs_diabetes
original_late_allcell	22891	ZNF365	down	late_allcell_DPN_vs_diabetes
original_late_allcell	22895	RPH3A	down	late_allcell_DPN_vs_diabetes
original_late_allcell	22899	ARHGEF15	up	late_allcell_DPN_vs_diabetes
original_late_allcell	22903	BTBD3	down	late_allcell_DPN_vs_diabetes
original_late_allcell	22911	WDR47	down	late_allcell_DPN_vs_diabetes
original_late_allcell	22918	CD93	up	late_allcell_DPN_vs_diabetes
original_late_allcell	22920	KIFAP3	down	late_allcell_DPN_vs_diabetes
original_late_allcell	22928	SEPHS2	down	late_allcell_DPN_vs_diabetes
original_late_allcell	22929	SEPHS1	down	late_allcell_DPN_vs_diabetes
original_late_allcell	22985	ACIN1	up	late_allcell_DPN_vs_diabetes
original_late_allcell	22987	SV2C	down	late_allcell_DPN_vs_diabetes
original_late_allcell	22994	CEP131	up	late_allcell_DPN_vs_diabetes
original_late_allcell	22996	TTC39A	down	late_allcell_DPN_vs_diabetes
original_late_allcell	22997	IGSF9B	up	late_allcell_DPN_vs_diabetes
original_late_allcell	22998	LIMCH1	up	late_allcell_DPN_vs_diabetes
original_late_allcell	22999	RIMS1	down	late_allcell_DPN_vs_diabetes
original_late_allcell	2300	FOXL1	up	late_allcell_DPN_vs_diabetes
original_late_allcell	23017	FAIM2	down	late_allcell_DPN_vs_diabetes
original_late_allcell	23025	UNC13A	down	late_allcell_DPN_vs_diabetes
original_late_allcell	23037	PDZD2	down	late_allcell_DPN_vs_diabetes
original_late_allcell	23049	SMG1	down	late_allcell_DPN_vs_diabetes
original_late_allcell	2305	FOXM1	down	late_allcell_DPN_vs_diabetes
original_late_allcell	23057	NMNAT2	down	late_allcell_DPN_vs_diabetes
original_late_allcell	2306	FOXD2	up	late_allcell_DPN_vs_diabetes
original_late_allcell	2308	FOXO1	down	late_allcell_DPN_vs_diabetes
original_late_allcell	23089	PEG10	down	late_allcell_DPN_vs_diabetes
original_late_allcell	23090	ZNF423	up	late_allcell_DPN_vs_diabetes
original_late_allcell	23099	ZBTB43	down	late_allcell_DPN_vs_diabetes
original_late_allcell	23105	FSTL4	down	late_allcell_DPN_vs_diabetes
original_late_allcell	23111	SPART	down	late_allcell_DPN_vs_diabetes
original_late_allcell	23119	HIC2	up	late_allcell_DPN_vs_diabetes
original_late_allcell	23125	CAMTA2	up	late_allcell_DPN_vs_diabetes
original_late_allcell	23139	MAST2	up	late_allcell_DPN_vs_diabetes
original_late_allcell	23166	STAB1	up	late_allcell_DPN_vs_diabetes
original_late_allcell	2318	FLNC	up	late_allcell_DPN_vs_diabetes
original_late_allcell	23199	GSE1	up	late_allcell_DPN_vs_diabetes
original_late_allcell	23204	ARL6IP1	down	late_allcell_DPN_vs_diabetes
original_late_allcell	23205	ACSBG1	down	late_allcell_DPN_vs_diabetes
original_late_allcell	23209	MLC1	down	late_allcell_DPN_vs_diabetes
original_late_allcell	23213	SULF1	down	late_allcell_DPN_vs_diabetes
original_late_allcell	23217	ZFR2	down	late_allcell_DPN_vs_diabetes
original_late_allcell	23218	NBEAL2	up	late_allcell_DPN_vs_diabetes
original_late_allcell	2322	FLT3	down	late_allcell_DPN_vs_diabetes
original_late_allcell	23223	RRP12	up	late_allcell_DPN_vs_diabetes
original_late_allcell	2323	FLT3LG	up	late_allcell_DPN_vs_diabetes
original_late_allcell	23239	PHLPP1	down	late_allcell_DPN_vs_diabetes
original_late_allcell	2324	FLT4	up	late_allcell_DPN_vs_diabetes
original_late_allcell	23245	ASTN2	down	late_allcell_DPN_vs_diabetes
original_late_allcell	23253	ANKRD12	down	late_allcell_DPN_vs_diabetes
original_late_allcell	23254	KAZN	up	late_allcell_DPN_vs_diabetes
original_late_allcell	23265	EXOC7	up	late_allcell_DPN_vs_diabetes
original_late_allcell	23270	TSPYL4	up	late_allcell_DPN_vs_diabetes
original_late_allcell	23271	CAMSAP2	down	late_allcell_DPN_vs_diabetes
original_late_allcell	23275	POFUT2	up	late_allcell_DPN_vs_diabetes
original_late_allcell	23281	MTUS2	down	late_allcell_DPN_vs_diabetes
original_late_allcell	23284	ADGRL3	down	late_allcell_DPN_vs_diabetes
original_late_allcell	23286	WWC1	down	late_allcell_DPN_vs_diabetes
original_late_allcell	23288	IQCE	up	late_allcell_DPN_vs_diabetes
original_late_allcell	23299	BICD2	up	late_allcell_DPN_vs_diabetes
original_late_allcell	2330	FMO5	up	late_allcell_DPN_vs_diabetes
original_late_allcell	23300	ATMIN	down	late_allcell_DPN_vs_diabetes
original_late_allcell	23305	ACSL6	down	late_allcell_DPN_vs_diabetes
original_late_allcell	2331	FMOD	down	late_allcell_DPN_vs_diabetes
original_late_allcell	23335	WDR7	down	late_allcell_DPN_vs_diabetes
original_late_allcell	2334	AFF2	down	late_allcell_DPN_vs_diabetes
original_late_allcell	23349	PHF24	down	late_allcell_DPN_vs_diabetes
original_late_allcell	23351	KHNYN	up	late_allcell_DPN_vs_diabetes
original_late_allcell	23354	HAUS5	up	late_allcell_DPN_vs_diabetes
original_late_allcell	23366	MATCAP2	down	late_allcell_DPN_vs_diabetes
original_late_allcell	23378	RRP8	up	late_allcell_DPN_vs_diabetes
original_late_allcell	23394	ADNP	down	late_allcell_DPN_vs_diabetes
original_late_allcell	23411	SIRT1	down	late_allcell_DPN_vs_diabetes
original_late_allcell	23421	ITGB3BP	up	late_allcell_DPN_vs_diabetes
original_late_allcell	23426	GRIP1	down	late_allcell_DPN_vs_diabetes
original_late_allcell	23433	RHOQ	down	late_allcell_DPN_vs_diabetes
original_late_allcell	2346	FOLH1	down	late_allcell_DPN_vs_diabetes
original_late_allcell	23463	ICMT	down	late_allcell_DPN_vs_diabetes
original_late_allcell	23471	TRAM1	down	late_allcell_DPN_vs_diabetes
original_late_allcell	23493	HEY2	down	late_allcell_DPN_vs_diabetes
original_late_allcell	23529	CLCF1	up	late_allcell_DPN_vs_diabetes
original_late_allcell	2354	FOSB	up	late_allcell_DPN_vs_diabetes
original_late_allcell	23542	MAPK8IP2	down	late_allcell_DPN_vs_diabetes
original_late_allcell	23546	SYNGR4	down	late_allcell_DPN_vs_diabetes
original_late_allcell	23566	LPAR3	down	late_allcell_DPN_vs_diabetes
original_late_allcell	23568	ARL2BP	down	late_allcell_DPN_vs_diabetes
original_late_allcell	23576	DDAH1	down	late_allcell_DPN_vs_diabetes
original_late_allcell	23584	VSIG2	up	late_allcell_DPN_vs_diabetes
original_late_allcell	23594	ORC6	down	late_allcell_DPN_vs_diabetes
original_late_allcell	23596	OPN3	down	late_allcell_DPN_vs_diabetes
original_late_allcell	23604	DAPK2	up	late_allcell_DPN_vs_diabetes
original_late_allcell	23616	SH3BP1	up	late_allcell_DPN_vs_diabetes
original_late_allcell	23620	NTSR2	down	late_allcell_DPN_vs_diabetes
original_late_allcell	23645	PPP1R15A	up	late_allcell_DPN_vs_diabetes
original_late_allcell	23654	PLXNB2	up	late_allcell_DPN_vs_diabetes
original_late_allcell	23670	CEMIP2	up	late_allcell_DPN_vs_diabetes
original_late_allcell	23729	SHPK	up	late_allcell_DPN_vs_diabetes
original_late_allcell	23743	BHMT2	up	late_allcell_DPN_vs_diabetes
original_late_allcell	23767	FLRT3	down	late_allcell_DPN_vs_diabetes
original_late_allcell	2395	FXN	down	late_allcell_DPN_vs_diabetes
original_late_allcell	24141	LAMP5	down	late_allcell_DPN_vs_diabetes
original_late_allcell	24147	FJX1	down	late_allcell_DPN_vs_diabetes
original_late_allcell	24149	ZNF318	up	late_allcell_DPN_vs_diabetes
original_late_allcell	246329	STAC3	up	late_allcell_DPN_vs_diabetes
original_late_allcell	249	ALPL	down	late_allcell_DPN_vs_diabetes
original_late_allcell	2494	NR5A2	up	late_allcell_DPN_vs_diabetes
original_late_allcell	2519	FUCA2	down	late_allcell_DPN_vs_diabetes
original_late_allcell	2523	FUT1	up	late_allcell_DPN_vs_diabetes
original_late_allcell	253152	EPHX4	down	late_allcell_DPN_vs_diabetes
original_late_allcell	253190	SERHL2	up	late_allcell_DPN_vs_diabetes
original_late_allcell	253430	IPMK	down	late_allcell_DPN_vs_diabetes
original_late_allcell	253559	CADM2	down	late_allcell_DPN_vs_diabetes
original_late_allcell	253738	EBF3	up	late_allcell_DPN_vs_diabetes
original_late_allcell	253959	RALGAPA1	up	late_allcell_DPN_vs_diabetes
original_late_allcell	254102	EHBP1L1	up	late_allcell_DPN_vs_diabetes
original_late_allcell	254240	BPIFC	up	late_allcell_DPN_vs_diabetes
original_late_allcell	2547	XRCC6	down	late_allcell_DPN_vs_diabetes
original_late_allcell	254887	ZDHHC23	up	late_allcell_DPN_vs_diabetes
original_late_allcell	255027	MPV17L	down	late_allcell_DPN_vs_diabetes
original_late_allcell	2551	GABPA	down	late_allcell_DPN_vs_diabetes
original_late_allcell	255104	TMCO4	up	late_allcell_DPN_vs_diabetes
original_late_allcell	255231	MCOLN2	down	late_allcell_DPN_vs_diabetes
original_late_allcell	255426	RASGEF1C	up	late_allcell_DPN_vs_diabetes
original_late_allcell	2555	GABRA2	down	late_allcell_DPN_vs_diabetes
original_late_allcell	255631	COL24A1	up	late_allcell_DPN_vs_diabetes
original_late_allcell	255758	DYNLT2B	up	late_allcell_DPN_vs_diabetes
original_late_allcell	255783	INAFM1	up	late_allcell_DPN_vs_diabetes
original_late_allcell	2558	GABRA5	down	late_allcell_DPN_vs_diabetes
original_late_allcell	255919	CNEP1R1	down	late_allcell_DPN_vs_diabetes
original_late_allcell	255928	SYT14	down	late_allcell_DPN_vs_diabetes
original_late_allcell	2560	GABRB1	down	late_allcell_DPN_vs_diabetes
original_late_allcell	256158	HMCN2	up	late_allcell_DPN_vs_diabetes
original_late_allcell	2562	GABRB3	down	late_allcell_DPN_vs_diabetes
original_late_allcell	256227	STEAP1B	up	late_allcell_DPN_vs_diabetes
original_late_allcell	2564	GABRE	up	late_allcell_DPN_vs_diabetes
original_late_allcell	256471	MFSD8	down	late_allcell_DPN_vs_diabetes
original_late_allcell	256472	TMEM151A	down	late_allcell_DPN_vs_diabetes
original_late_allcell	2565	GABRG1	down	late_allcell_DPN_vs_diabetes
original_late_allcell	2566	GABRG2	down	late_allcell_DPN_vs_diabetes
original_late_allcell	256714	MAP7D2	down	late_allcell_DPN_vs_diabetes
original_late_allcell	256949	KANK3	up	late_allcell_DPN_vs_diabetes
original_late_allcell	2570	GABRR2	up	late_allcell_DPN_vs_diabetes
original_late_allcell	257000	TINCR	down	late_allcell_DPN_vs_diabetes
original_late_allcell	25758	KIAA1549L	down	late_allcell_DPN_vs_diabetes
original_late_allcell	25769	SLC24A2	down	late_allcell_DPN_vs_diabetes
original_late_allcell	25789	TMEM59L	down	late_allcell_DPN_vs_diabetes
original_late_allcell	25800	SLC39A6	down	late_allcell_DPN_vs_diabetes
original_late_allcell	258010	SVIP	down	late_allcell_DPN_vs_diabetes
original_late_allcell	25802	LMOD1	up	late_allcell_DPN_vs_diabetes
original_late_allcell	25806	VAX2	up	late_allcell_DPN_vs_diabetes
original_late_allcell	25816	TNFAIP8	up	late_allcell_DPN_vs_diabetes
original_late_allcell	25830	SULT4A1	down	late_allcell_DPN_vs_diabetes
original_late_allcell	25833	POU2F3	down	late_allcell_DPN_vs_diabetes
original_late_allcell	25847	ANAPC13	down	late_allcell_DPN_vs_diabetes
original_late_allcell	25854	FAM149A	down	late_allcell_DPN_vs_diabetes
original_late_allcell	25864	ABHD14A	down	late_allcell_DPN_vs_diabetes
original_late_allcell	25878	MXRA5	down	late_allcell_DPN_vs_diabetes
original_late_allcell	25894	PLEKHG4	up	late_allcell_DPN_vs_diabetes
original_late_allcell	25914	RTTN	down	late_allcell_DPN_vs_diabetes
original_late_allcell	259173	ALS2CL	up	late_allcell_DPN_vs_diabetes
original_late_allcell	259249	MRGPRX1	down	late_allcell_DPN_vs_diabetes
original_late_allcell	25925	ZNF521	up	late_allcell_DPN_vs_diabetes
original_late_allcell	25928	SOSTDC1	down	late_allcell_DPN_vs_diabetes
original_late_allcell	259282	BOD1L1	down	late_allcell_DPN_vs_diabetes
original_late_allcell	25932	CLIC4	down	late_allcell_DPN_vs_diabetes
original_late_allcell	25938	HEATR5A	down	late_allcell_DPN_vs_diabetes
original_late_allcell	25950	RWDD3	down	late_allcell_DPN_vs_diabetes
original_late_allcell	25956	SEC31B	up	late_allcell_DPN_vs_diabetes
original_late_allcell	25959	KANK2	up	late_allcell_DPN_vs_diabetes
original_late_allcell	25962	VIRMA	down	late_allcell_DPN_vs_diabetes
original_late_allcell	25987	TSKU	up	late_allcell_DPN_vs_diabetes
original_late_allcell	25992	SNED1	up	late_allcell_DPN_vs_diabetes
original_late_allcell	25999	CLIP3	down	late_allcell_DPN_vs_diabetes
original_late_allcell	26011	TENM4	down	late_allcell_DPN_vs_diabetes
original_late_allcell	26017	FAM32A	down	late_allcell_DPN_vs_diabetes
original_late_allcell	26024	PTCD1	up	late_allcell_DPN_vs_diabetes
original_late_allcell	26025	PCDHGA12	up	late_allcell_DPN_vs_diabetes
original_late_allcell	26030	PLEKHG3	up	late_allcell_DPN_vs_diabetes
original_late_allcell	26031	OSBPL3	down	late_allcell_DPN_vs_diabetes
original_late_allcell	26033	ATRNL1	down	late_allcell_DPN_vs_diabetes
original_late_allcell	26035	GLCE	down	late_allcell_DPN_vs_diabetes
original_late_allcell	26040	SETBP1	up	late_allcell_DPN_vs_diabetes
original_late_allcell	26047	CNTNAP2	down	late_allcell_DPN_vs_diabetes
original_late_allcell	26049	FAM169A	down	late_allcell_DPN_vs_diabetes
original_late_allcell	26051	PPP1R16B	up	late_allcell_DPN_vs_diabetes
original_late_allcell	26059	ERC2	down	late_allcell_DPN_vs_diabetes
original_late_allcell	26074	CFAP61	up	late_allcell_DPN_vs_diabetes
original_late_allcell	26086	GPSM1	up	late_allcell_DPN_vs_diabetes
original_late_allcell	26093	CCDC9	up	late_allcell_DPN_vs_diabetes
original_late_allcell	26112	CCDC69	up	late_allcell_DPN_vs_diabetes
original_late_allcell	26128	KIFBP	down	late_allcell_DPN_vs_diabetes
original_late_allcell	26140	TTLL3	up	late_allcell_DPN_vs_diabetes
original_late_allcell	2615	LRRC32	up	late_allcell_DPN_vs_diabetes
original_late_allcell	26150	RIBC2	up	late_allcell_DPN_vs_diabetes
original_late_allcell	261729	STEAP2	down	late_allcell_DPN_vs_diabetes
original_late_allcell	26173	INTS1	up	late_allcell_DPN_vs_diabetes
original_late_allcell	2620	GAS2	down	late_allcell_DPN_vs_diabetes
original_late_allcell	26205	GMEB2	up	late_allcell_DPN_vs_diabetes
original_late_allcell	26228	STAP1	up	late_allcell_DPN_vs_diabetes
original_late_allcell	26233	FBXL6	up	late_allcell_DPN_vs_diabetes
original_late_allcell	2624	GATA2	up	late_allcell_DPN_vs_diabetes
original_late_allcell	26245	OR2M4	down	late_allcell_DPN_vs_diabetes
original_late_allcell	26246	OR2L2	down	late_allcell_DPN_vs_diabetes
original_late_allcell	2625	GATA3	up	late_allcell_DPN_vs_diabetes
original_late_allcell	26256	CABYR	down	late_allcell_DPN_vs_diabetes
original_late_allcell	2627	GATA6	up	late_allcell_DPN_vs_diabetes
original_late_allcell	2628	GATM	down	late_allcell_DPN_vs_diabetes
original_late_allcell	26287	ANKRD2	up	late_allcell_DPN_vs_diabetes
original_late_allcell	26289	AK5	down	late_allcell_DPN_vs_diabetes
original_late_allcell	26292	MYCBP	down	late_allcell_DPN_vs_diabetes
original_late_allcell	2634	GBP2	up	late_allcell_DPN_vs_diabetes
original_late_allcell	2642	GCGR	up	late_allcell_DPN_vs_diabetes
original_late_allcell	2644	GCHFR	down	late_allcell_DPN_vs_diabetes
original_late_allcell	2646	GCKR	up	late_allcell_DPN_vs_diabetes
original_late_allcell	26469	PTPN18	up	late_allcell_DPN_vs_diabetes
original_late_allcell	26470	SEZ6L2	down	late_allcell_DPN_vs_diabetes
original_late_allcell	26471	NUPR1	up	late_allcell_DPN_vs_diabetes
original_late_allcell	2649	NR6A1	down	late_allcell_DPN_vs_diabetes
original_late_allcell	26507	CNNM1	down	late_allcell_DPN_vs_diabetes
original_late_allcell	26575	RGS17	down	late_allcell_DPN_vs_diabetes
original_late_allcell	26577	PCOLCE2	up	late_allcell_DPN_vs_diabetes
original_late_allcell	26580	BSCL2	down	late_allcell_DPN_vs_diabetes
original_late_allcell	2662	GDF10	down	late_allcell_DPN_vs_diabetes
original_late_allcell	26659	OR7A5	up	late_allcell_DPN_vs_diabetes
original_late_allcell	266727	MDGA1	up	late_allcell_DPN_vs_diabetes
original_late_allcell	2668	GDNF	up	late_allcell_DPN_vs_diabetes
original_late_allcell	2670	GFAP	down	late_allcell_DPN_vs_diabetes
original_late_allcell	2675	GFRA2	down	late_allcell_DPN_vs_diabetes
original_late_allcell	2690	GHR	up	late_allcell_DPN_vs_diabetes
original_late_allcell	26953	RANBP6	down	late_allcell_DPN_vs_diabetes
original_late_allcell	2697	GJA1	down	late_allcell_DPN_vs_diabetes
original_late_allcell	26999	CYFIP2	down	late_allcell_DPN_vs_diabetes
original_late_allcell	27006	FGF22	up	late_allcell_DPN_vs_diabetes
original_late_allcell	27012	KCNV1	down	late_allcell_DPN_vs_diabetes
original_late_allcell	2702	GJA5	up	late_allcell_DPN_vs_diabetes
original_late_allcell	2705	GJB1	down	late_allcell_DPN_vs_diabetes
original_late_allcell	27069	GHITM	down	late_allcell_DPN_vs_diabetes
original_late_allcell	27087	B3GAT1	down	late_allcell_DPN_vs_diabetes
original_late_allcell	27090	ST6GALNAC4	up	late_allcell_DPN_vs_diabetes
original_late_allcell	27091	CACNG5	down	late_allcell_DPN_vs_diabetes
original_late_allcell	27092	CACNG4	down	late_allcell_DPN_vs_diabetes
original_late_allcell	27094	KCNMB3	up	late_allcell_DPN_vs_diabetes
original_late_allcell	27098	CLUL1	down	late_allcell_DPN_vs_diabetes
original_late_allcell	27112	NALF2	up	late_allcell_DPN_vs_diabetes
original_late_allcell	27115	PDE7B	down	late_allcell_DPN_vs_diabetes
original_late_allcell	27128	CYTH4	up	late_allcell_DPN_vs_diabetes
original_late_allcell	27133	KCNH5	down	late_allcell_DPN_vs_diabetes
original_late_allcell	27151	CPAMD8	down	late_allcell_DPN_vs_diabetes
original_late_allcell	2719	GPC3	down	late_allcell_DPN_vs_diabetes
original_late_allcell	27198	HCAR1	up	late_allcell_DPN_vs_diabetes
original_late_allcell	27235	COQ2	down	late_allcell_DPN_vs_diabetes
original_late_allcell	27239	GPR162	up	late_allcell_DPN_vs_diabetes
original_late_allcell	27255	CNTN6	down	late_allcell_DPN_vs_diabetes
original_late_allcell	27286	SRPX2	up	late_allcell_DPN_vs_diabetes
original_late_allcell	27287	VENTX	down	late_allcell_DPN_vs_diabetes
original_late_allcell	27289	RND1	down	late_allcell_DPN_vs_diabetes
original_late_allcell	27291	R3HCC1L	up	late_allcell_DPN_vs_diabetes
original_late_allcell	2730	GCLM	down	late_allcell_DPN_vs_diabetes
original_late_allcell	27314	RAB30	up	late_allcell_DPN_vs_diabetes
original_late_allcell	27344	PCSK1N	down	late_allcell_DPN_vs_diabetes
original_late_allcell	27346	TMEM97	down	late_allcell_DPN_vs_diabetes
original_late_allcell	2739	GLO1	down	late_allcell_DPN_vs_diabetes
original_late_allcell	274	BIN1	up	late_allcell_DPN_vs_diabetes
original_late_allcell	2743	GLRB	down	late_allcell_DPN_vs_diabetes
original_late_allcell	27434	POLM	up	late_allcell_DPN_vs_diabetes
original_late_allcell	27445	PCLO	down	late_allcell_DPN_vs_diabetes
original_late_allcell	2746	GLUD1	down	late_allcell_DPN_vs_diabetes
original_late_allcell	2760	GM2A	down	late_allcell_DPN_vs_diabetes
original_late_allcell	2786	GNG4	down	late_allcell_DPN_vs_diabetes
original_late_allcell	2796	GNRH1	up	late_allcell_DPN_vs_diabetes
original_late_allcell	28	ABO	up	late_allcell_DPN_vs_diabetes
original_late_allcell	2805	GOT1	down	late_allcell_DPN_vs_diabetes
original_late_allcell	2806	GOT2	down	late_allcell_DPN_vs_diabetes
original_late_allcell	2810	SFN	up	late_allcell_DPN_vs_diabetes
original_late_allcell	2819	GPD1	up	late_allcell_DPN_vs_diabetes
original_late_allcell	2821	GPI	down	late_allcell_DPN_vs_diabetes
original_late_allcell	2823	GPM6A	down	late_allcell_DPN_vs_diabetes
original_late_allcell	28231	SLCO4A1	up	late_allcell_DPN_vs_diabetes
original_late_allcell	28232	SLCO3A1	up	late_allcell_DPN_vs_diabetes
original_late_allcell	283130	SLC25A45	up	late_allcell_DPN_vs_diabetes
original_late_allcell	28316	CDH20	down	late_allcell_DPN_vs_diabetes
original_late_allcell	283208	P4HA3	up	late_allcell_DPN_vs_diabetes
original_late_allcell	283229	CRACR2B	up	late_allcell_DPN_vs_diabetes
original_late_allcell	283455	KSR2	down	late_allcell_DPN_vs_diabetes
original_late_allcell	283518	KCNRG	down	late_allcell_DPN_vs_diabetes
original_late_allcell	283521	TMEM272	down	late_allcell_DPN_vs_diabetes
original_late_allcell	283537	SLC46A3	down	late_allcell_DPN_vs_diabetes
original_late_allcell	283576	ZDHHC22	down	late_allcell_DPN_vs_diabetes
original_late_allcell	283643	TEDC1	up	late_allcell_DPN_vs_diabetes
original_late_allcell	283777	FAM169BP	up	late_allcell_DPN_vs_diabetes
original_late_allcell	283807	FBXL22	up	late_allcell_DPN_vs_diabetes
original_late_allcell	283870	BRICD5	down	late_allcell_DPN_vs_diabetes
original_late_allcell	283899	INO80E	up	late_allcell_DPN_vs_diabetes
original_late_allcell	283985	FADS6	down	late_allcell_DPN_vs_diabetes
original_late_allcell	283991	UBALD2	up	late_allcell_DPN_vs_diabetes
original_late_allcell	284	ANGPT1	up	late_allcell_DPN_vs_diabetes
original_late_allcell	284004	HEXD	up	late_allcell_DPN_vs_diabetes
original_late_allcell	284207	METRNL	up	late_allcell_DPN_vs_diabetes
original_late_allcell	284217	LAMA1	down	late_allcell_DPN_vs_diabetes
original_late_allcell	284252	KCTD1	down	late_allcell_DPN_vs_diabetes
original_late_allcell	284297	SSC5D	up	late_allcell_DPN_vs_diabetes
original_late_allcell	284306	ZNF547	down	late_allcell_DPN_vs_diabetes
original_late_allcell	284312	ZSCAN1	down	late_allcell_DPN_vs_diabetes
original_late_allcell	284338	PRR19	down	late_allcell_DPN_vs_diabetes
original_late_allcell	284359	IZUMO1	up	late_allcell_DPN_vs_diabetes
original_late_allcell	284417	TMEM150B	up	late_allcell_DPN_vs_diabetes
original_late_allcell	284451	CIMAP1D	up	late_allcell_DPN_vs_diabetes
original_late_allcell	284459	ZNF875	up	late_allcell_DPN_vs_diabetes
original_late_allcell	284467	TAFA3	down	late_allcell_DPN_vs_diabetes
original_late_allcell	284521	OR2L13	down	late_allcell_DPN_vs_diabetes
original_late_allcell	284716	RIMKLA	down	late_allcell_DPN_vs_diabetes
original_late_allcell	284723	SLC25A34	up	late_allcell_DPN_vs_diabetes
original_late_allcell	284739	C20orf204	up	late_allcell_DPN_vs_diabetes
original_late_allcell	2849	GPR26	down	late_allcell_DPN_vs_diabetes
original_late_allcell	2850	GPR27	down	late_allcell_DPN_vs_diabetes
original_late_allcell	285016	ALKAL2	down	late_allcell_DPN_vs_diabetes
original_late_allcell	285025	CCDC141	up	late_allcell_DPN_vs_diabetes
original_late_allcell	285093	RTP5	down	late_allcell_DPN_vs_diabetes
original_late_allcell	28514	DLL1	up	late_allcell_DPN_vs_diabetes
original_late_allcell	285141	ERICH2	down	late_allcell_DPN_vs_diabetes
original_late_allcell	285172	HYCC2	up	late_allcell_DPN_vs_diabetes
original_late_allcell	285175	UNC80	down	late_allcell_DPN_vs_diabetes
original_late_allcell	2852	GPER1	up	late_allcell_DPN_vs_diabetes
original_late_allcell	285220	EPHA6	down	late_allcell_DPN_vs_diabetes
original_late_allcell	285386	TPRG1	up	late_allcell_DPN_vs_diabetes
original_late_allcell	285498	RNF212	up	late_allcell_DPN_vs_diabetes
original_late_allcell	285600	KIAA0825	down	late_allcell_DPN_vs_diabetes
original_late_allcell	285601	GPR150	up	late_allcell_DPN_vs_diabetes
original_late_allcell	285605	DTWD2	down	late_allcell_DPN_vs_diabetes
original_late_allcell	285613	RELL2	down	late_allcell_DPN_vs_diabetes
original_late_allcell	285636	RIMOC1	down	late_allcell_DPN_vs_diabetes
original_late_allcell	285672	SREK1IP1	down	late_allcell_DPN_vs_diabetes
original_late_allcell	285852	TREML4	down	late_allcell_DPN_vs_diabetes
original_late_allcell	286	ANK1	down	late_allcell_DPN_vs_diabetes
original_late_allcell	2861	GPR37	down	late_allcell_DPN_vs_diabetes
original_late_allcell	286183	NKAIN3	down	late_allcell_DPN_vs_diabetes
original_late_allcell	286451	YIPF6	down	late_allcell_DPN_vs_diabetes
original_late_allcell	2869	GRK5	up	late_allcell_DPN_vs_diabetes
original_late_allcell	287	ANK2	down	late_allcell_DPN_vs_diabetes
original_late_allcell	2877	GPX2	down	late_allcell_DPN_vs_diabetes
original_late_allcell	2891	GRIA2	down	late_allcell_DPN_vs_diabetes
original_late_allcell	2893	GRIA4	up	late_allcell_DPN_vs_diabetes
original_late_allcell	28962	OSTM1	down	late_allcell_DPN_vs_diabetes
original_late_allcell	2897	GRIK1	down	late_allcell_DPN_vs_diabetes
original_late_allcell	28972	SPCS1	down	late_allcell_DPN_vs_diabetes
original_late_allcell	28982	FLVCR1	down	late_allcell_DPN_vs_diabetes
original_late_allcell	28986	MAGEH1	down	late_allcell_DPN_vs_diabetes
original_late_allcell	28990	ASTE1	down	late_allcell_DPN_vs_diabetes
original_late_allcell	28992	MACROD1	up	late_allcell_DPN_vs_diabetes
original_late_allcell	29015	SLC43A3	up	late_allcell_DPN_vs_diabetes
original_late_allcell	2902	GRIN1	down	late_allcell_DPN_vs_diabetes
original_late_allcell	2904	GRIN2B	up	late_allcell_DPN_vs_diabetes
original_late_allcell	2905	GRIN2C	up	late_allcell_DPN_vs_diabetes
original_late_allcell	29071	C1GALT1C1	down	late_allcell_DPN_vs_diabetes
original_late_allcell	29078	NDUFAF4	down	late_allcell_DPN_vs_diabetes
original_late_allcell	29106	SCG3	down	late_allcell_DPN_vs_diabetes
original_late_allcell	29109	FHOD1	up	late_allcell_DPN_vs_diabetes
original_late_allcell	29114	TAGLN3	down	late_allcell_DPN_vs_diabetes
original_late_allcell	2920	CXCL2	up	late_allcell_DPN_vs_diabetes
original_late_allcell	2950	GSTP1	down	late_allcell_DPN_vs_diabetes
original_late_allcell	2968	GTF2H4	up	late_allcell_DPN_vs_diabetes
original_late_allcell	29775	CARD10	up	late_allcell_DPN_vs_diabetes
original_late_allcell	29796	UQCR10	down	late_allcell_DPN_vs_diabetes
original_late_allcell	29880	ALG5	down	late_allcell_DPN_vs_diabetes
original_late_allcell	29883	CNOT7	down	late_allcell_DPN_vs_diabetes
original_late_allcell	29901	SAC3D1	down	late_allcell_DPN_vs_diabetes
original_late_allcell	29906	ST8SIA5	down	late_allcell_DPN_vs_diabetes
original_late_allcell	29911	HOOK2	up	late_allcell_DPN_vs_diabetes
original_late_allcell	2992	GYG1	down	late_allcell_DPN_vs_diabetes
original_late_allcell	29929	ALG6	down	late_allcell_DPN_vs_diabetes
original_late_allcell	29933	GPR132	up	late_allcell_DPN_vs_diabetes
original_late_allcell	29941	PKN3	up	late_allcell_DPN_vs_diabetes
original_late_allcell	29944	PNMA3	down	late_allcell_DPN_vs_diabetes
original_late_allcell	29948	OSGIN1	up	late_allcell_DPN_vs_diabetes
original_late_allcell	29950	SERTAD1	up	late_allcell_DPN_vs_diabetes
original_late_allcell	29951	PDZRN4	down	late_allcell_DPN_vs_diabetes
original_late_allcell	29953	TRHDE	up	late_allcell_DPN_vs_diabetes
original_late_allcell	29967	LRP12	down	late_allcell_DPN_vs_diabetes
original_late_allcell	29968	PSAT1	down	late_allcell_DPN_vs_diabetes
original_late_allcell	29978	UBQLN2	down	late_allcell_DPN_vs_diabetes
original_late_allcell	29993	PACSIN1	down	late_allcell_DPN_vs_diabetes
original_late_allcell	29995	LMCD1	up	late_allcell_DPN_vs_diabetes
original_late_allcell	29998	BICRA	up	late_allcell_DPN_vs_diabetes
original_late_allcell	30012	TLX3	down	late_allcell_DPN_vs_diabetes
original_late_allcell	3005	H1-0	up	late_allcell_DPN_vs_diabetes
original_late_allcell	3009	H1-5	up	late_allcell_DPN_vs_diabetes
original_late_allcell	3015	H2AZ1	down	late_allcell_DPN_vs_diabetes
original_late_allcell	3036	HAS1	down	late_allcell_DPN_vs_diabetes
original_late_allcell	3037	HAS2	up	late_allcell_DPN_vs_diabetes
original_late_allcell	3040	HBA2	down	late_allcell_DPN_vs_diabetes
original_late_allcell	3055	HCK	up	late_allcell_DPN_vs_diabetes
original_late_allcell	3066	HDAC2	down	late_allcell_DPN_vs_diabetes
original_late_allcell	30815	ST6GALNAC6	up	late_allcell_DPN_vs_diabetes
original_late_allcell	30819	KCNIP2	up	late_allcell_DPN_vs_diabetes
original_late_allcell	30820	KCNIP1	down	late_allcell_DPN_vs_diabetes
original_late_allcell	30835	CD209	up	late_allcell_DPN_vs_diabetes
original_late_allcell	3084	NRG1	down	late_allcell_DPN_vs_diabetes
original_late_allcell	3090	HIC1	up	late_allcell_DPN_vs_diabetes
original_late_allcell	3093	UBE2K	down	late_allcell_DPN_vs_diabetes
original_late_allcell	3099	HK2	down	late_allcell_DPN_vs_diabetes
original_late_allcell	31	ACACA	down	late_allcell_DPN_vs_diabetes
original_late_allcell	3101	HK3	up	late_allcell_DPN_vs_diabetes
original_late_allcell	3142	HLX	up	late_allcell_DPN_vs_diabetes
original_late_allcell	3156	HMGCR	down	late_allcell_DPN_vs_diabetes
original_late_allcell	3157	HMGCS1	down	late_allcell_DPN_vs_diabetes
original_late_allcell	3162	HMOX1	up	late_allcell_DPN_vs_diabetes
original_late_allcell	3164	NR4A1	up	late_allcell_DPN_vs_diabetes
original_late_allcell	317761	C14orf39	down	late_allcell_DPN_vs_diabetes
original_late_allcell	317781	DDX51	up	late_allcell_DPN_vs_diabetes
original_late_allcell	3191	HNRNPL	down	late_allcell_DPN_vs_diabetes
original_late_allcell	3199	HOXA2	up	late_allcell_DPN_vs_diabetes
original_late_allcell	32	ACACB	up	late_allcell_DPN_vs_diabetes
original_late_allcell	3201	HOXA4	up	late_allcell_DPN_vs_diabetes
original_late_allcell	3202	HOXA5	up	late_allcell_DPN_vs_diabetes
original_late_allcell	3203	HOXA6	up	late_allcell_DPN_vs_diabetes
original_late_allcell	3205	HOXA9	up	late_allcell_DPN_vs_diabetes
original_late_allcell	321	APBA2	down	late_allcell_DPN_vs_diabetes
original_late_allcell	3212	HOXB2	up	late_allcell_DPN_vs_diabetes
original_late_allcell	3214	HOXB4	up	late_allcell_DPN_vs_diabetes
original_late_allcell	3215	HOXB5	up	late_allcell_DPN_vs_diabetes
original_late_allcell	3216	HOXB6	up	late_allcell_DPN_vs_diabetes
original_late_allcell	322	APBB1	down	late_allcell_DPN_vs_diabetes
original_late_allcell	3231	HOXD1	down	late_allcell_DPN_vs_diabetes
original_late_allcell	324	APC	down	late_allcell_DPN_vs_diabetes
original_late_allcell	3248	HPGD	down	late_allcell_DPN_vs_diabetes
original_late_allcell	3250	HPR	up	late_allcell_DPN_vs_diabetes
original_late_allcell	326624	RAB37	down	late_allcell_DPN_vs_diabetes
original_late_allcell	328	APEX1	down	late_allcell_DPN_vs_diabetes
original_late_allcell	3280	HES1	up	late_allcell_DPN_vs_diabetes
original_late_allcell	329	BIRC2	down	late_allcell_DPN_vs_diabetes
original_late_allcell	3292	HSD17B1	up	late_allcell_DPN_vs_diabetes
original_late_allcell	3299	HSF4	up	late_allcell_DPN_vs_diabetes
original_late_allcell	3301	DNAJA1	down	late_allcell_DPN_vs_diabetes
original_late_allcell	3303	HSPA1A	up	late_allcell_DPN_vs_diabetes
original_late_allcell	3306	HSPA2	down	late_allcell_DPN_vs_diabetes
original_late_allcell	333	APLP1	down	late_allcell_DPN_vs_diabetes
original_late_allcell	3339	HSPG2	up	late_allcell_DPN_vs_diabetes
original_late_allcell	333926	PPM1J	down	late_allcell_DPN_vs_diabetes
original_late_allcell	333929	SNAI3	up	late_allcell_DPN_vs_diabetes
original_late_allcell	3352	HTR1D	down	late_allcell_DPN_vs_diabetes
original_late_allcell	3354	HTR1E	down	late_allcell_DPN_vs_diabetes
original_late_allcell	3359	HTR3A	down	late_allcell_DPN_vs_diabetes
original_late_allcell	3371	TNC	up	late_allcell_DPN_vs_diabetes
original_late_allcell	338322	NLRP10	up	late_allcell_DPN_vs_diabetes
original_late_allcell	338382	RAB7B	up	late_allcell_DPN_vs_diabetes
original_late_allcell	338557	FFAR4	down	late_allcell_DPN_vs_diabetes
original_late_allcell	338567	KCNK18	down	late_allcell_DPN_vs_diabetes
original_late_allcell	3386	ICAM4	up	late_allcell_DPN_vs_diabetes
original_late_allcell	338645	LUZP2	down	late_allcell_DPN_vs_diabetes
original_late_allcell	339168	TMEM95	up	late_allcell_DPN_vs_diabetes
original_late_allcell	339318	ZNF181	down	late_allcell_DPN_vs_diabetes
original_late_allcell	339390	CLEC4G	up	late_allcell_DPN_vs_diabetes
original_late_allcell	339398	LINGO4	down	late_allcell_DPN_vs_diabetes
original_late_allcell	339451	KLHL17	up	late_allcell_DPN_vs_diabetes
original_late_allcell	3397	ID1	up	late_allcell_DPN_vs_diabetes
original_late_allcell	339761	CYP27C1	down	late_allcell_DPN_vs_diabetes
original_late_allcell	339834	IHO1	up	late_allcell_DPN_vs_diabetes
original_late_allcell	339983	ASPNAT	down	late_allcell_DPN_vs_diabetes
original_late_allcell	340205	TREML1	down	late_allcell_DPN_vs_diabetes
original_late_allcell	340267	COL28A1	down	late_allcell_DPN_vs_diabetes
original_late_allcell	340419	RSPO2	down	late_allcell_DPN_vs_diabetes
original_late_allcell	340526	RTL5	up	late_allcell_DPN_vs_diabetes
original_late_allcell	340542	BEX5	down	late_allcell_DPN_vs_diabetes
original_late_allcell	340543	TCEAL5	down	late_allcell_DPN_vs_diabetes
original_late_allcell	340578	DCAF12L2	down	late_allcell_DPN_vs_diabetes
original_late_allcell	340596	LHFPL1	down	late_allcell_DPN_vs_diabetes
original_late_allcell	340811	AKR1C8	up	late_allcell_DPN_vs_diabetes
original_late_allcell	341	APOC1	down	late_allcell_DPN_vs_diabetes
original_late_allcell	341152	OR2AT4	down	late_allcell_DPN_vs_diabetes
original_late_allcell	341359	SYT10	down	late_allcell_DPN_vs_diabetes
original_late_allcell	342125	TMC3	down	late_allcell_DPN_vs_diabetes
original_late_allcell	342132	ZNF774	down	late_allcell_DPN_vs_diabetes
original_late_allcell	342372	PKD1L3	up	late_allcell_DPN_vs_diabetes
original_late_allcell	342865	VSTM2B	down	late_allcell_DPN_vs_diabetes
original_late_allcell	342908	ZNF404	up	late_allcell_DPN_vs_diabetes
original_late_allcell	343521	DYNLT4	up	late_allcell_DPN_vs_diabetes
original_late_allcell	3437	IFIT3	down	late_allcell_DPN_vs_diabetes
original_late_allcell	344	APOC2	down	late_allcell_DPN_vs_diabetes
original_late_allcell	344758	GPR149	down	late_allcell_DPN_vs_diabetes
original_late_allcell	344838	PAQR9	down	late_allcell_DPN_vs_diabetes
original_late_allcell	345051	REELD1	up	late_allcell_DPN_vs_diabetes
original_late_allcell	346653	GARIN1A	up	late_allcell_DPN_vs_diabetes
original_late_allcell	347	APOD	down	late_allcell_DPN_vs_diabetes
original_late_allcell	347404	LANCL3	down	late_allcell_DPN_vs_diabetes
original_late_allcell	347475	CCDC160	down	late_allcell_DPN_vs_diabetes
original_late_allcell	3475	IFRD1	up	late_allcell_DPN_vs_diabetes
original_late_allcell	347688	TUBB8	up	late_allcell_DPN_vs_diabetes
original_late_allcell	347730	LRRTM1	down	late_allcell_DPN_vs_diabetes
original_late_allcell	347734	SLC35B2	down	late_allcell_DPN_vs_diabetes
original_late_allcell	3479	IGF1	up	late_allcell_DPN_vs_diabetes
original_late_allcell	3480	IGF1R	up	late_allcell_DPN_vs_diabetes
original_late_allcell	348013	TMEM255B	up	late_allcell_DPN_vs_diabetes
original_late_allcell	348378	SHISAL2A	down	late_allcell_DPN_vs_diabetes
original_late_allcell	3488	IGFBP5	up	late_allcell_DPN_vs_diabetes
original_late_allcell	348995	NUP43	down	late_allcell_DPN_vs_diabetes
original_late_allcell	3491	CCN1	down	late_allcell_DPN_vs_diabetes
original_late_allcell	349149	GJC3	down	late_allcell_DPN_vs_diabetes
original_late_allcell	353116	RILPL1	up	late_allcell_DPN_vs_diabetes
original_late_allcell	353189	SLCO4C1	down	late_allcell_DPN_vs_diabetes
original_late_allcell	353267	RAMACL	up	late_allcell_DPN_vs_diabetes
original_late_allcell	353345	GPR141	down	late_allcell_DPN_vs_diabetes
original_late_allcell	3553	IL1B	up	late_allcell_DPN_vs_diabetes
original_late_allcell	3563	IL3RA	up	late_allcell_DPN_vs_diabetes
original_late_allcell	3575	IL7R	up	late_allcell_DPN_vs_diabetes
original_late_allcell	358	AQP1	down	late_allcell_DPN_vs_diabetes
original_late_allcell	3587	IL10RA	up	late_allcell_DPN_vs_diabetes
original_late_allcell	3590	IL11RA	up	late_allcell_DPN_vs_diabetes
original_late_allcell	3592	IL12A	down	late_allcell_DPN_vs_diabetes
original_late_allcell	3601	IL15RA	up	late_allcell_DPN_vs_diabetes
original_late_allcell	3603	IL16	up	late_allcell_DPN_vs_diabetes
original_late_allcell	3606	IL18	down	late_allcell_DPN_vs_diabetes
original_late_allcell	361	AQP4	down	late_allcell_DPN_vs_diabetes
original_late_allcell	3621	ING1	up	late_allcell_DPN_vs_diabetes
original_late_allcell	3638	INSIG1	down	late_allcell_DPN_vs_diabetes
original_late_allcell	364	AQP7	up	late_allcell_DPN_vs_diabetes
original_late_allcell	3645	INSRR	up	late_allcell_DPN_vs_diabetes
original_late_allcell	3656	IRAK2	up	late_allcell_DPN_vs_diabetes
original_late_allcell	3659	IRF1	up	late_allcell_DPN_vs_diabetes
original_late_allcell	3661	IRF3	up	late_allcell_DPN_vs_diabetes
original_late_allcell	3662	IRF4	up	late_allcell_DPN_vs_diabetes
original_late_allcell	3669	ISG20	up	late_allcell_DPN_vs_diabetes
original_late_allcell	367	AR	up	late_allcell_DPN_vs_diabetes
original_late_allcell	3670	ISL1	down	late_allcell_DPN_vs_diabetes
original_late_allcell	3674	ITGA2B	up	late_allcell_DPN_vs_diabetes
original_late_allcell	3678	ITGA5	up	late_allcell_DPN_vs_diabetes
original_late_allcell	3679	ITGA7	up	late_allcell_DPN_vs_diabetes
original_late_allcell	3680	ITGA9	up	late_allcell_DPN_vs_diabetes
original_late_allcell	3687	ITGAX	up	late_allcell_DPN_vs_diabetes
original_late_allcell	3688	ITGB1	down	late_allcell_DPN_vs_diabetes
original_late_allcell	3690	ITGB3	up	late_allcell_DPN_vs_diabetes
original_late_allcell	3691	ITGB4	up	late_allcell_DPN_vs_diabetes
original_late_allcell	3696	ITGB8	up	late_allcell_DPN_vs_diabetes
original_late_allcell	3699	ITIH3	up	late_allcell_DPN_vs_diabetes
original_late_allcell	3702	ITK	up	late_allcell_DPN_vs_diabetes
original_late_allcell	3707	ITPKB	up	late_allcell_DPN_vs_diabetes
original_late_allcell	3710	ITPR3	up	late_allcell_DPN_vs_diabetes
original_late_allcell	3730	ANOS1	down	late_allcell_DPN_vs_diabetes
original_late_allcell	373509	USP50	down	late_allcell_DPN_vs_diabetes
original_late_allcell	3736	KCNA1	down	late_allcell_DPN_vs_diabetes
original_late_allcell	3737	KCNA2	down	late_allcell_DPN_vs_diabetes
original_late_allcell	3739	KCNA4	down	late_allcell_DPN_vs_diabetes
original_late_allcell	374286	FBXW10B	up	late_allcell_DPN_vs_diabetes
original_late_allcell	374383	NCR3LG1	down	late_allcell_DPN_vs_diabetes
original_late_allcell	3746	KCNC1	down	late_allcell_DPN_vs_diabetes
original_late_allcell	3747	KCNC2	down	late_allcell_DPN_vs_diabetes
original_late_allcell	3748	KCNC3	down	late_allcell_DPN_vs_diabetes
original_late_allcell	374928	ZNF773	down	late_allcell_DPN_vs_diabetes
original_late_allcell	375057	STUM	up	late_allcell_DPN_vs_diabetes
original_late_allcell	375189	PFN4	up	late_allcell_DPN_vs_diabetes
original_late_allcell	375323	LHFPL4	down	late_allcell_DPN_vs_diabetes
original_late_allcell	375387	NRROS	up	late_allcell_DPN_vs_diabetes
original_late_allcell	3755	KCNG1	down	late_allcell_DPN_vs_diabetes
original_late_allcell	375567	VWC2	down	late_allcell_DPN_vs_diabetes
original_late_allcell	375612	LHFPL3	down	late_allcell_DPN_vs_diabetes
original_late_allcell	375704	ENHO	down	late_allcell_DPN_vs_diabetes
original_late_allcell	375775	PNPLA7	up	late_allcell_DPN_vs_diabetes
original_late_allcell	3760	KCNJ3	down	late_allcell_DPN_vs_diabetes
original_late_allcell	3766	KCNJ10	down	late_allcell_DPN_vs_diabetes
original_late_allcell	3769	KCNJ13	down	late_allcell_DPN_vs_diabetes
original_late_allcell	3770	KCNJ14	up	late_allcell_DPN_vs_diabetes
original_late_allcell	377047	PRSS45P	up	late_allcell_DPN_vs_diabetes
original_late_allcell	3775	KCNK1	down	late_allcell_DPN_vs_diabetes
original_late_allcell	3776	KCNK2	up	late_allcell_DPN_vs_diabetes
original_late_allcell	3778	KCNMA1	down	late_allcell_DPN_vs_diabetes
original_late_allcell	3781	KCNN2	down	late_allcell_DPN_vs_diabetes
original_late_allcell	3785	KCNQ2	down	late_allcell_DPN_vs_diabetes
original_late_allcell	3787	KCNS1	down	late_allcell_DPN_vs_diabetes
original_late_allcell	3790	KCNS3	down	late_allcell_DPN_vs_diabetes
original_late_allcell	38	ACAT1	down	late_allcell_DPN_vs_diabetes
original_late_allcell	3815	KIT	down	late_allcell_DPN_vs_diabetes
original_late_allcell	3824	KLRD1	up	late_allcell_DPN_vs_diabetes
original_late_allcell	3832	KIF11	down	late_allcell_DPN_vs_diabetes
original_late_allcell	384	ARG2	down	late_allcell_DPN_vs_diabetes
original_late_allcell	3841	KPNA5	down	late_allcell_DPN_vs_diabetes
original_late_allcell	3845	KRAS	down	late_allcell_DPN_vs_diabetes
original_late_allcell	3856	KRT8	up	late_allcell_DPN_vs_diabetes
original_late_allcell	386617	KCTD8	down	late_allcell_DPN_vs_diabetes
original_late_allcell	386618	KCTD4	down	late_allcell_DPN_vs_diabetes
original_late_allcell	387129	NPSR1	down	late_allcell_DPN_vs_diabetes
original_late_allcell	387509	GPR153	up	late_allcell_DPN_vs_diabetes
original_late_allcell	387700	SLC16A12	down	late_allcell_DPN_vs_diabetes
original_late_allcell	387707	CC2D2B	down	late_allcell_DPN_vs_diabetes
original_late_allcell	387758	FIBIN	down	late_allcell_DPN_vs_diabetes
original_late_allcell	388021	TMEM179	down	late_allcell_DPN_vs_diabetes
original_late_allcell	3881	KRT31	up	late_allcell_DPN_vs_diabetes
original_late_allcell	388121	TIPE3	up	late_allcell_DPN_vs_diabetes
original_late_allcell	388135	INSYN1	down	late_allcell_DPN_vs_diabetes
original_late_allcell	388228	SBK1	down	late_allcell_DPN_vs_diabetes
original_late_allcell	388336	SHISA6	down	late_allcell_DPN_vs_diabetes
original_late_allcell	3885	KRT34	up	late_allcell_DPN_vs_diabetes
original_late_allcell	388552	BLOC1S3	up	late_allcell_DPN_vs_diabetes
original_late_allcell	388558	ZNF808	down	late_allcell_DPN_vs_diabetes
original_late_allcell	388585	HES5	down	late_allcell_DPN_vs_diabetes
original_late_allcell	388630	TRABD2B	up	late_allcell_DPN_vs_diabetes
original_late_allcell	388650	DIPK1A	down	late_allcell_DPN_vs_diabetes
original_late_allcell	388722	C1orf53	down	late_allcell_DPN_vs_diabetes
original_late_allcell	388789	SMIM26	down	late_allcell_DPN_vs_diabetes
original_late_allcell	388795	EFCAB8	up	late_allcell_DPN_vs_diabetes
original_late_allcell	388962	BOLA3	down	late_allcell_DPN_vs_diabetes
original_late_allcell	388963	C2orf81	up	late_allcell_DPN_vs_diabetes
original_late_allcell	389125	MUSTN1	up	late_allcell_DPN_vs_diabetes
original_late_allcell	389203	SMIM20	down	late_allcell_DPN_vs_diabetes
original_late_allcell	389289	ANXA2R	up	late_allcell_DPN_vs_diabetes
original_late_allcell	389333	PROB1	up	late_allcell_DPN_vs_diabetes
original_late_allcell	389337	ARHGEF37	up	late_allcell_DPN_vs_diabetes
original_late_allcell	389816	LRRC26	up	late_allcell_DPN_vs_diabetes
original_late_allcell	39	ACAT2	down	late_allcell_DPN_vs_diabetes
original_late_allcell	390205	LRRC10B	up	late_allcell_DPN_vs_diabetes
original_late_allcell	3903	LAIR1	up	late_allcell_DPN_vs_diabetes
original_late_allcell	3911	LAMA5	up	late_allcell_DPN_vs_diabetes
original_late_allcell	391192	OR2L3	down	late_allcell_DPN_vs_diabetes
original_late_allcell	391195	OR2T33	down	late_allcell_DPN_vs_diabetes
original_late_allcell	3920	LAMP2	down	late_allcell_DPN_vs_diabetes
original_late_allcell	392843	DRC11L	up	late_allcell_DPN_vs_diabetes
original_late_allcell	3929	LBP	up	late_allcell_DPN_vs_diabetes
original_late_allcell	393	ARHGAP4	up	late_allcell_DPN_vs_diabetes
original_late_allcell	3930	LBR	down	late_allcell_DPN_vs_diabetes
original_late_allcell	394	ARHGAP5	down	late_allcell_DPN_vs_diabetes
original_late_allcell	3945	LDHB	down	late_allcell_DPN_vs_diabetes
original_late_allcell	3949	LDLR	down	late_allcell_DPN_vs_diabetes
original_late_allcell	3952	LEP	up	late_allcell_DPN_vs_diabetes
original_late_allcell	3953	LEPR	down	late_allcell_DPN_vs_diabetes
original_late_allcell	3965	LGALS9	down	late_allcell_DPN_vs_diabetes
original_late_allcell	3977	LIFR	down	late_allcell_DPN_vs_diabetes
original_late_allcell	3978	LIG1	up	late_allcell_DPN_vs_diabetes
original_late_allcell	398	ARHGDIG	down	late_allcell_DPN_vs_diabetes
original_late_allcell	3988	LIPA	down	late_allcell_DPN_vs_diabetes
original_late_allcell	3991	LIPE	up	late_allcell_DPN_vs_diabetes
original_late_allcell	3992	FADS1	down	late_allcell_DPN_vs_diabetes
original_late_allcell	3993	LLGL2	up	late_allcell_DPN_vs_diabetes
original_late_allcell	399473	SPRED3	up	late_allcell_DPN_vs_diabetes
original_late_allcell	399697	CTXN2	down	late_allcell_DPN_vs_diabetes
original_late_allcell	399947	C11orf87	down	late_allcell_DPN_vs_diabetes
original_late_allcell	399967	PATE2	down	late_allcell_DPN_vs_diabetes
original_late_allcell	399979	SNX19	up	late_allcell_DPN_vs_diabetes
original_late_allcell	400120	SERTM1	down	late_allcell_DPN_vs_diabetes
original_late_allcell	400224	PLEKHD1	down	late_allcell_DPN_vs_diabetes
original_late_allcell	400258	C14orf180	up	late_allcell_DPN_vs_diabetes
original_late_allcell	4004	LMO1	down	late_allcell_DPN_vs_diabetes
original_late_allcell	400566	LIAT1	up	late_allcell_DPN_vs_diabetes
original_late_allcell	400916	CHCHD10	down	late_allcell_DPN_vs_diabetes
original_late_allcell	401097	C3orf80	down	late_allcell_DPN_vs_diabetes
original_late_allcell	401115	NICOL1	down	late_allcell_DPN_vs_diabetes
original_late_allcell	401399	PRRT4	up	late_allcell_DPN_vs_diabetes
original_late_allcell	401466	RBIS	down	late_allcell_DPN_vs_diabetes
original_late_allcell	401541	CENPP	up	late_allcell_DPN_vs_diabetes
original_late_allcell	401562	LCNL1	down	late_allcell_DPN_vs_diabetes
original_late_allcell	401612	SLC25A53	down	late_allcell_DPN_vs_diabetes
original_late_allcell	401613	SERTM2	up	late_allcell_DPN_vs_diabetes
original_late_allcell	402381	SOHLH1	down	late_allcell_DPN_vs_diabetes
original_late_allcell	402573	SPACDR	down	late_allcell_DPN_vs_diabetes
original_late_allcell	402778	IFITM10	up	late_allcell_DPN_vs_diabetes
original_late_allcell	4041	LRP5	up	late_allcell_DPN_vs_diabetes
original_late_allcell	4045	LSAMP	down	late_allcell_DPN_vs_diabetes
original_late_allcell	4046	LSP1	up	late_allcell_DPN_vs_diabetes
original_late_allcell	406	BMAL1	down	late_allcell_DPN_vs_diabetes
original_late_allcell	4060	LUM	down	late_allcell_DPN_vs_diabetes
original_late_allcell	4061	LY6E	down	late_allcell_DPN_vs_diabetes
original_late_allcell	4062	LY6H	down	late_allcell_DPN_vs_diabetes
original_late_allcell	407738	TAFA1	down	late_allcell_DPN_vs_diabetes
original_late_allcell	408263	FNDC9	up	late_allcell_DPN_vs_diabetes
original_late_allcell	4088	SMAD3	up	late_allcell_DPN_vs_diabetes
original_late_allcell	4091	SMAD6	up	late_allcell_DPN_vs_diabetes
original_late_allcell	411	ARSB	down	late_allcell_DPN_vs_diabetes
original_late_allcell	412	STS	down	late_allcell_DPN_vs_diabetes
original_late_allcell	4126	MANBA	down	late_allcell_DPN_vs_diabetes
original_late_allcell	4128	MAOA	up	late_allcell_DPN_vs_diabetes
original_late_allcell	4130	MAP1A	down	late_allcell_DPN_vs_diabetes
original_late_allcell	4135	MAP6	down	late_allcell_DPN_vs_diabetes
original_late_allcell	4137	MAPT	down	late_allcell_DPN_vs_diabetes
original_late_allcell	414059	TBC1D3B	up	late_allcell_DPN_vs_diabetes
original_late_allcell	414157	C10orf62	up	late_allcell_DPN_vs_diabetes
original_late_allcell	414332	LCN10	up	late_allcell_DPN_vs_diabetes
original_late_allcell	4148	MATN3	down	late_allcell_DPN_vs_diabetes
original_late_allcell	415	ARSL	down	late_allcell_DPN_vs_diabetes
original_late_allcell	4155	MBP	down	late_allcell_DPN_vs_diabetes
original_late_allcell	4163	MCC	up	late_allcell_DPN_vs_diabetes
original_late_allcell	4174	MCM5	up	late_allcell_DPN_vs_diabetes
original_late_allcell	4176	MCM7	up	late_allcell_DPN_vs_diabetes
original_late_allcell	4189	DNAJB9	down	late_allcell_DPN_vs_diabetes
original_late_allcell	4190	MDH1	down	late_allcell_DPN_vs_diabetes
original_late_allcell	4200	ME2	down	late_allcell_DPN_vs_diabetes
original_late_allcell	4212	MEIS2	up	late_allcell_DPN_vs_diabetes
original_late_allcell	4233	MET	down	late_allcell_DPN_vs_diabetes
original_late_allcell	4241	MELTF	up	late_allcell_DPN_vs_diabetes
original_late_allcell	4242	MFNG	up	late_allcell_DPN_vs_diabetes
original_late_allcell	4255	MGMT	up	late_allcell_DPN_vs_diabetes
original_late_allcell	4256	MGP	down	late_allcell_DPN_vs_diabetes
original_late_allcell	4261	CIITA	up	late_allcell_DPN_vs_diabetes
original_late_allcell	4298	MLLT1	up	late_allcell_DPN_vs_diabetes
original_late_allcell	4302	MLLT6	up	late_allcell_DPN_vs_diabetes
original_late_allcell	4313	MMP2	up	late_allcell_DPN_vs_diabetes
original_late_allcell	4314	MMP3	up	late_allcell_DPN_vs_diabetes
original_late_allcell	4320	MMP11	up	late_allcell_DPN_vs_diabetes
original_late_allcell	4327	MMP19	up	late_allcell_DPN_vs_diabetes
original_late_allcell	4330	MN1	up	late_allcell_DPN_vs_diabetes
original_late_allcell	4337	MOCS1	up	late_allcell_DPN_vs_diabetes
original_late_allcell	4343	MOV10	up	late_allcell_DPN_vs_diabetes
original_late_allcell	4360	MRC1	up	late_allcell_DPN_vs_diabetes
original_late_allcell	4363	ABCC1	up	late_allcell_DPN_vs_diabetes
original_late_allcell	439	GET3	down	late_allcell_DPN_vs_diabetes
original_late_allcell	440107	PLEKHG7	up	late_allcell_DPN_vs_diabetes
original_late_allcell	440138	ALG11	down	late_allcell_DPN_vs_diabetes
original_late_allcell	440193	CCDC88C	up	late_allcell_DPN_vs_diabetes
original_late_allcell	440270	GOLGA8B	down	late_allcell_DPN_vs_diabetes
original_late_allcell	440400	RNASEK	down	late_allcell_DPN_vs_diabetes
original_late_allcell	440503	PLIN5	up	late_allcell_DPN_vs_diabetes
original_late_allcell	440699	LRRC52	down	late_allcell_DPN_vs_diabetes
original_late_allcell	440730	TRIM67	down	late_allcell_DPN_vs_diabetes
original_late_allcell	440738	MAP1LC3C	up	late_allcell_DPN_vs_diabetes
original_late_allcell	440836	CIMAP1B	up	late_allcell_DPN_vs_diabetes
original_late_allcell	441061	MARCHF11	down	late_allcell_DPN_vs_diabetes
original_late_allcell	441151	TMEM151B	down	late_allcell_DPN_vs_diabetes
original_late_allcell	441168	CALHM6	down	late_allcell_DPN_vs_diabetes
original_late_allcell	441308	OR4F21	up	late_allcell_DPN_vs_diabetes
original_late_allcell	441381	LRRC24	up	late_allcell_DPN_vs_diabetes
original_late_allcell	441478	NRARP	up	late_allcell_DPN_vs_diabetes
original_late_allcell	441631	TSPAN11	down	late_allcell_DPN_vs_diabetes
original_late_allcell	4493	MT1E	down	late_allcell_DPN_vs_diabetes
original_late_allcell	4504	MT3	down	late_allcell_DPN_vs_diabetes
original_late_allcell	4585	MUC4	down	late_allcell_DPN_vs_diabetes
original_late_allcell	4594	MMUT	down	late_allcell_DPN_vs_diabetes
original_late_allcell	4598	MVK	down	late_allcell_DPN_vs_diabetes
original_late_allcell	4599	MX1	down	late_allcell_DPN_vs_diabetes
original_late_allcell	460	ASTN1	down	late_allcell_DPN_vs_diabetes
original_late_allcell	4607	MYBPC3	up	late_allcell_DPN_vs_diabetes
original_late_allcell	4625	MYH7	up	late_allcell_DPN_vs_diabetes
original_late_allcell	4629	MYH11	up	late_allcell_DPN_vs_diabetes
original_late_allcell	4634	MYL3	up	late_allcell_DPN_vs_diabetes
original_late_allcell	4640	MYO1A	down	late_allcell_DPN_vs_diabetes
original_late_allcell	4643	MYO1E	up	late_allcell_DPN_vs_diabetes
original_late_allcell	4645	MYO5B	down	late_allcell_DPN_vs_diabetes
original_late_allcell	4650	MYO9B	up	late_allcell_DPN_vs_diabetes
original_late_allcell	4651	MYO10	down	late_allcell_DPN_vs_diabetes
original_late_allcell	4653	MYOC	up	late_allcell_DPN_vs_diabetes
original_late_allcell	4661	MYT1	down	late_allcell_DPN_vs_diabetes
original_late_allcell	467	ATF3	up	late_allcell_DPN_vs_diabetes
original_late_allcell	4674	NAP1L2	down	late_allcell_DPN_vs_diabetes
original_late_allcell	4675	NAP1L3	down	late_allcell_DPN_vs_diabetes
original_late_allcell	4681	NBL1	down	late_allcell_DPN_vs_diabetes
original_late_allcell	4683	NBN	down	late_allcell_DPN_vs_diabetes
original_late_allcell	4684	NCAM1	down	late_allcell_DPN_vs_diabetes
original_late_allcell	4685	NCAM2	down	late_allcell_DPN_vs_diabetes
original_late_allcell	4692	NDN	down	late_allcell_DPN_vs_diabetes
original_late_allcell	47	ACLY	down	late_allcell_DPN_vs_diabetes
original_late_allcell	4708	NDUFB2	down	late_allcell_DPN_vs_diabetes
original_late_allcell	4709	NDUFB3	down	late_allcell_DPN_vs_diabetes
original_late_allcell	4710	NDUFB4	down	late_allcell_DPN_vs_diabetes
original_late_allcell	4718	NDUFC2	down	late_allcell_DPN_vs_diabetes
original_late_allcell	474344	GIMAP6	up	late_allcell_DPN_vs_diabetes
original_late_allcell	4745	NELL1	down	late_allcell_DPN_vs_diabetes
original_late_allcell	475	ATOX1	down	late_allcell_DPN_vs_diabetes
original_late_allcell	4756	NEO1	down	late_allcell_DPN_vs_diabetes
original_late_allcell	476	ATP1A1	down	late_allcell_DPN_vs_diabetes
original_late_allcell	477	ATP1A2	down	late_allcell_DPN_vs_diabetes
original_late_allcell	4775	NFATC3	down	late_allcell_DPN_vs_diabetes
original_late_allcell	4776	NFATC4	up	late_allcell_DPN_vs_diabetes
original_late_allcell	478	ATP1A3	down	late_allcell_DPN_vs_diabetes
original_late_allcell	4783	NFIL3	up	late_allcell_DPN_vs_diabetes
original_late_allcell	4784	NFIX	up	late_allcell_DPN_vs_diabetes
original_late_allcell	4791	NFKB2	up	late_allcell_DPN_vs_diabetes
original_late_allcell	4800	NFYA	up	late_allcell_DPN_vs_diabetes
original_late_allcell	4804	NGFR	down	late_allcell_DPN_vs_diabetes
original_late_allcell	481	ATP1B1	down	late_allcell_DPN_vs_diabetes
original_late_allcell	4826	NNAT	down	late_allcell_DPN_vs_diabetes
original_late_allcell	4828	NMB	down	late_allcell_DPN_vs_diabetes
original_late_allcell	483	ATP1B3	down	late_allcell_DPN_vs_diabetes
original_late_allcell	4831	NME2	down	late_allcell_DPN_vs_diabetes
original_late_allcell	4835	NQO2	up	late_allcell_DPN_vs_diabetes
original_late_allcell	4842	NOS1	down	late_allcell_DPN_vs_diabetes
original_late_allcell	4846	NOS3	up	late_allcell_DPN_vs_diabetes
original_late_allcell	4856	CCN3	down	late_allcell_DPN_vs_diabetes
original_late_allcell	4858	NOVA2	up	late_allcell_DPN_vs_diabetes
original_late_allcell	486	FXYD2	up	late_allcell_DPN_vs_diabetes
original_late_allcell	4862	NPAS2	up	late_allcell_DPN_vs_diabetes
original_late_allcell	4879	NPPB	down	late_allcell_DPN_vs_diabetes
original_late_allcell	4881	NPR1	up	late_allcell_DPN_vs_diabetes
original_late_allcell	4884	NPTX1	down	late_allcell_DPN_vs_diabetes
original_late_allcell	4887	NPY2R	up	late_allcell_DPN_vs_diabetes
original_late_allcell	489	ATP2A3	up	late_allcell_DPN_vs_diabetes
original_late_allcell	4897	NRCAM	down	late_allcell_DPN_vs_diabetes
original_late_allcell	4905	NSF	down	late_allcell_DPN_vs_diabetes
original_late_allcell	491	ATP2B2	down	late_allcell_DPN_vs_diabetes
original_late_allcell	4914	NTRK1	down	late_allcell_DPN_vs_diabetes
original_late_allcell	492	ATP2B3	down	late_allcell_DPN_vs_diabetes
original_late_allcell	492311	IGIP	down	late_allcell_DPN_vs_diabetes
original_late_allcell	4926	NUMA1	up	late_allcell_DPN_vs_diabetes
original_late_allcell	493861	EID3	up	late_allcell_DPN_vs_diabetes
original_late_allcell	494470	ARK2C	up	late_allcell_DPN_vs_diabetes
original_late_allcell	4958	OMD	down	late_allcell_DPN_vs_diabetes
original_late_allcell	4969	OGN	down	late_allcell_DPN_vs_diabetes
original_late_allcell	4973	OLR1	up	late_allcell_DPN_vs_diabetes
original_late_allcell	4974	OMG	down	late_allcell_DPN_vs_diabetes
original_late_allcell	4978	OPCML	down	late_allcell_DPN_vs_diabetes
original_late_allcell	498	ATP5F1A	down	late_allcell_DPN_vs_diabetes
original_late_allcell	4985	OPRD1	down	late_allcell_DPN_vs_diabetes
original_late_allcell	4986	OPRK1	down	late_allcell_DPN_vs_diabetes
original_late_allcell	4988	OPRM1	down	late_allcell_DPN_vs_diabetes
original_late_allcell	5003	SLC67A1-AS	down	late_allcell_DPN_vs_diabetes
original_late_allcell	5024	P2RX3	down	late_allcell_DPN_vs_diabetes
original_late_allcell	50486	G0S2	up	late_allcell_DPN_vs_diabetes
original_late_allcell	50487	PLA2G3	down	late_allcell_DPN_vs_diabetes
original_late_allcell	5050	PAFAH1B3	down	late_allcell_DPN_vs_diabetes
original_late_allcell	50507	NOX4	up	late_allcell_DPN_vs_diabetes
original_late_allcell	50512	PODXL2	down	late_allcell_DPN_vs_diabetes
original_late_allcell	5052	PRDX1	down	late_allcell_DPN_vs_diabetes
original_late_allcell	5054	SERPINE1	up	late_allcell_DPN_vs_diabetes
original_late_allcell	50628	GEMIN4	up	late_allcell_DPN_vs_diabetes
original_late_allcell	50632	CALY	down	late_allcell_DPN_vs_diabetes
original_late_allcell	5066	PAM	down	late_allcell_DPN_vs_diabetes
original_late_allcell	5067	CNTN3	up	late_allcell_DPN_vs_diabetes
original_late_allcell	5069	PAPPA	up	late_allcell_DPN_vs_diabetes
original_late_allcell	5077	PAX3	up	late_allcell_DPN_vs_diabetes
original_late_allcell	50801	KCNK4	down	late_allcell_DPN_vs_diabetes
original_late_allcell	50809	HP1BP3	up	late_allcell_DPN_vs_diabetes
original_late_allcell	5083	PAX9	up	late_allcell_DPN_vs_diabetes
original_late_allcell	50859	SPOCK3	down	late_allcell_DPN_vs_diabetes
original_late_allcell	50861	STMN3	down	late_allcell_DPN_vs_diabetes
original_late_allcell	50863	NTM	up	late_allcell_DPN_vs_diabetes
original_late_allcell	5087	PBX1	up	late_allcell_DPN_vs_diabetes
original_late_allcell	509	ATP5F1C	down	late_allcell_DPN_vs_diabetes
original_late_allcell	5094	PCBP2	down	late_allcell_DPN_vs_diabetes
original_late_allcell	50940	PDE11A	down	late_allcell_DPN_vs_diabetes
original_late_allcell	50944	SHANK1	up	late_allcell_DPN_vs_diabetes
original_late_allcell	5099	PCDH7	down	late_allcell_DPN_vs_diabetes
original_late_allcell	5101	PCDH9	down	late_allcell_DPN_vs_diabetes
original_late_allcell	51014	TMED7	down	late_allcell_DPN_vs_diabetes
original_late_allcell	51020	HDDC2	down	late_allcell_DPN_vs_diabetes
original_late_allcell	5104	SERPINA5	down	late_allcell_DPN_vs_diabetes
original_late_allcell	5105	PCK1	up	late_allcell_DPN_vs_diabetes
original_late_allcell	51059	FAM135B	down	late_allcell_DPN_vs_diabetes
original_late_allcell	51062	ATL1	down	late_allcell_DPN_vs_diabetes
original_late_allcell	51074	APIP	down	late_allcell_DPN_vs_diabetes
original_late_allcell	51083	GAL	down	late_allcell_DPN_vs_diabetes
original_late_allcell	51085	MLXIPL	up	late_allcell_DPN_vs_diabetes
original_late_allcell	51087	YBX2	up	late_allcell_DPN_vs_diabetes
original_late_allcell	51090	PLLP	down	late_allcell_DPN_vs_diabetes
original_late_allcell	5110	PCMT1	down	late_allcell_DPN_vs_diabetes
original_late_allcell	51104	ABHD17B	down	late_allcell_DPN_vs_diabetes
original_late_allcell	5111	PCNA	down	late_allcell_DPN_vs_diabetes
original_late_allcell	51115	RMDN1	down	late_allcell_DPN_vs_diabetes
original_late_allcell	51127	TRIM17	up	late_allcell_DPN_vs_diabetes
original_late_allcell	51138	COPS4	down	late_allcell_DPN_vs_diabetes
original_late_allcell	51144	HSD17B12	down	late_allcell_DPN_vs_diabetes
original_late_allcell	51147	ING4	up	late_allcell_DPN_vs_diabetes
original_late_allcell	51148	CERCAM	up	late_allcell_DPN_vs_diabetes
original_late_allcell	51162	EGFL7	up	late_allcell_DPN_vs_diabetes
original_late_allcell	51168	MYO15A	up	late_allcell_DPN_vs_diabetes
original_late_allcell	51176	LEF1	down	late_allcell_DPN_vs_diabetes
original_late_allcell	51186	TCEAL9	down	late_allcell_DPN_vs_diabetes
original_late_allcell	51187	RSL24D1	down	late_allcell_DPN_vs_diabetes
original_late_allcell	51193	ZNF639	down	late_allcell_DPN_vs_diabetes
original_late_allcell	51196	PLCE1	down	late_allcell_DPN_vs_diabetes
original_late_allcell	51201	ZDHHC2	down	late_allcell_DPN_vs_diabetes
original_late_allcell	51205	ACP6	up	late_allcell_DPN_vs_diabetes
original_late_allcell	5122	PCSK1	down	late_allcell_DPN_vs_diabetes
original_late_allcell	51225	ABI3	down	late_allcell_DPN_vs_diabetes
original_late_allcell	51247	PAIP2	down	late_allcell_DPN_vs_diabetes
original_late_allcell	5126	PCSK2	down	late_allcell_DPN_vs_diabetes
original_late_allcell	51280	GOLM1	down	late_allcell_DPN_vs_diabetes
original_late_allcell	51286	CEND1	down	late_allcell_DPN_vs_diabetes
original_late_allcell	51290	ERGIC2	down	late_allcell_DPN_vs_diabetes
original_late_allcell	51308	REEP2	down	late_allcell_DPN_vs_diabetes
original_late_allcell	51312	SLC25A37	up	late_allcell_DPN_vs_diabetes
original_late_allcell	51320	MEX3C	down	late_allcell_DPN_vs_diabetes
original_late_allcell	51324	SPG21	down	late_allcell_DPN_vs_diabetes
original_late_allcell	5136	PDE1A	up	late_allcell_DPN_vs_diabetes
original_late_allcell	51360	MBTPS2	down	late_allcell_DPN_vs_diabetes
original_late_allcell	51361	HOOK1	down	late_allcell_DPN_vs_diabetes
original_late_allcell	51365	PLA1A	up	late_allcell_DPN_vs_diabetes
original_late_allcell	51375	SNX7	down	late_allcell_DPN_vs_diabetes
original_late_allcell	51378	ANGPT4	up	late_allcell_DPN_vs_diabetes
original_late_allcell	5138	PDE2A	up	late_allcell_DPN_vs_diabetes
original_late_allcell	51380	CSAD	up	late_allcell_DPN_vs_diabetes
original_late_allcell	51397	COMMD10	up	late_allcell_DPN_vs_diabetes
original_late_allcell	51400	PPME1	down	late_allcell_DPN_vs_diabetes
original_late_allcell	51409	HEMK1	up	late_allcell_DPN_vs_diabetes
original_late_allcell	51412	ACTL6B	down	late_allcell_DPN_vs_diabetes
original_late_allcell	51430	SUCO	down	late_allcell_DPN_vs_diabetes
original_late_allcell	51435	SCARA3	up	late_allcell_DPN_vs_diabetes
original_late_allcell	51441	YTHDF2	down	late_allcell_DPN_vs_diabetes
original_late_allcell	51447	IP6K2	up	late_allcell_DPN_vs_diabetes
original_late_allcell	51474	LIMA1	up	late_allcell_DPN_vs_diabetes
original_late_allcell	5149	PDE6H	down	late_allcell_DPN_vs_diabetes
original_late_allcell	51495	HACD3	down	late_allcell_DPN_vs_diabetes
original_late_allcell	515	ATP5PB	down	late_allcell_DPN_vs_diabetes
original_late_allcell	51501	HIKESHI	up	late_allcell_DPN_vs_diabetes
original_late_allcell	51522	TMEM14C	down	late_allcell_DPN_vs_diabetes
original_late_allcell	51523	CXXC5	up	late_allcell_DPN_vs_diabetes
original_late_allcell	5154	PDGFA	up	late_allcell_DPN_vs_diabetes
original_late_allcell	51547	SIRT7	up	late_allcell_DPN_vs_diabetes
original_late_allcell	5155	PDGFB	up	late_allcell_DPN_vs_diabetes
original_late_allcell	51559	NT5DC3	up	late_allcell_DPN_vs_diabetes
original_late_allcell	51564	HDAC7	up	late_allcell_DPN_vs_diabetes
original_late_allcell	51566	ARMCX3	down	late_allcell_DPN_vs_diabetes
original_late_allcell	51569	UFM1	down	late_allcell_DPN_vs_diabetes
original_late_allcell	51573	GDE1	down	late_allcell_DPN_vs_diabetes
original_late_allcell	51582	AZIN1	down	late_allcell_DPN_vs_diabetes
original_late_allcell	51596	CUTA	down	late_allcell_DPN_vs_diabetes
original_late_allcell	516	ATP5MC1	down	late_allcell_DPN_vs_diabetes
original_late_allcell	51619	UBE2D4	down	late_allcell_DPN_vs_diabetes
original_late_allcell	51622	CCZ1	down	late_allcell_DPN_vs_diabetes
original_late_allcell	51637	RTRAF	down	late_allcell_DPN_vs_diabetes
original_late_allcell	51645	PPIL1	down	late_allcell_DPN_vs_diabetes
original_late_allcell	51669	SARAF	down	late_allcell_DPN_vs_diabetes
original_late_allcell	5168	ENPP2	down	late_allcell_DPN_vs_diabetes
original_late_allcell	51699	VPS29	down	late_allcell_DPN_vs_diabetes
original_late_allcell	51700	CYB5R2	up	late_allcell_DPN_vs_diabetes
original_late_allcell	51706	CYB5R1	down	late_allcell_DPN_vs_diabetes
original_late_allcell	51738	GHRL	down	late_allcell_DPN_vs_diabetes
original_late_allcell	5174	PDZK1	up	late_allcell_DPN_vs_diabetes
original_late_allcell	5175	PECAM1	up	late_allcell_DPN_vs_diabetes
original_late_allcell	51750	RTEL1	up	late_allcell_DPN_vs_diabetes
original_late_allcell	51760	SYT17	up	late_allcell_DPN_vs_diabetes
original_late_allcell	51761	ATP8A2	down	late_allcell_DPN_vs_diabetes
original_late_allcell	51768	TM7SF3	down	late_allcell_DPN_vs_diabetes
original_late_allcell	5178	PEG3	down	late_allcell_DPN_vs_diabetes
original_late_allcell	51804	SIX4	down	late_allcell_DPN_vs_diabetes
original_late_allcell	5190	PEX6	up	late_allcell_DPN_vs_diabetes
original_late_allcell	5191	PEX7	up	late_allcell_DPN_vs_diabetes
original_late_allcell	5203	PFDN4	down	late_allcell_DPN_vs_diabetes
original_late_allcell	5207	PFKFB1	up	late_allcell_DPN_vs_diabetes
original_late_allcell	5209	PFKFB3	up	late_allcell_DPN_vs_diabetes
original_late_allcell	522	ATP5PF	down	late_allcell_DPN_vs_diabetes
original_late_allcell	523	ATP6V1A	down	late_allcell_DPN_vs_diabetes
original_late_allcell	5243	ABCB1	down	late_allcell_DPN_vs_diabetes
original_late_allcell	5260	PHKG1	up	late_allcell_DPN_vs_diabetes
original_late_allcell	527	ATP6V0C	down	late_allcell_DPN_vs_diabetes
original_late_allcell	5274	SERPINI1	down	late_allcell_DPN_vs_diabetes
original_late_allcell	5279	PIGC	down	late_allcell_DPN_vs_diabetes
original_late_allcell	5286	PIK3C2A	down	late_allcell_DPN_vs_diabetes
original_late_allcell	529	ATP6V1E1	down	late_allcell_DPN_vs_diabetes
original_late_allcell	5320	PLA2G2A	up	late_allcell_DPN_vs_diabetes
original_late_allcell	5322	PLA2G5	up	late_allcell_DPN_vs_diabetes
original_late_allcell	5324	PLAG1	down	late_allcell_DPN_vs_diabetes
original_late_allcell	5328	PLAU	up	late_allcell_DPN_vs_diabetes
original_late_allcell	5329	PLAUR	up	late_allcell_DPN_vs_diabetes
original_late_allcell	533	ATP6V0B	down	late_allcell_DPN_vs_diabetes
original_late_allcell	5333	PLCD1	up	late_allcell_DPN_vs_diabetes
original_late_allcell	53346	TM6SF1	down	late_allcell_DPN_vs_diabetes
original_late_allcell	5335	PLCG1	up	late_allcell_DPN_vs_diabetes
original_late_allcell	53353	LRP1B	down	late_allcell_DPN_vs_diabetes
original_late_allcell	53354	PANK1	down	late_allcell_DPN_vs_diabetes
original_late_allcell	534	ATP6V1G2	down	late_allcell_DPN_vs_diabetes
original_late_allcell	5341	PLEK	up	late_allcell_DPN_vs_diabetes
original_late_allcell	5346	PLIN1	up	late_allcell_DPN_vs_diabetes
original_late_allcell	535	ATP6V0A1	down	late_allcell_DPN_vs_diabetes
original_late_allcell	5350	PLN	up	late_allcell_DPN_vs_diabetes
original_late_allcell	5357	PLS1	down	late_allcell_DPN_vs_diabetes
original_late_allcell	5360	PLTP	up	late_allcell_DPN_vs_diabetes
original_late_allcell	53630	BCO1	down	late_allcell_DPN_vs_diabetes
original_late_allcell	5371	PML	up	late_allcell_DPN_vs_diabetes
original_late_allcell	5373	PMM2	up	late_allcell_DPN_vs_diabetes
original_late_allcell	53822	FXYD7	down	late_allcell_DPN_vs_diabetes
original_late_allcell	53838	C11orf24	down	late_allcell_DPN_vs_diabetes
original_late_allcell	53942	CNTN5	down	late_allcell_DPN_vs_diabetes
original_late_allcell	5396	PRRX1	up	late_allcell_DPN_vs_diabetes
original_late_allcell	54033	RBM11	down	late_allcell_DPN_vs_diabetes
original_late_allcell	5409	PNMT	up	late_allcell_DPN_vs_diabetes
original_late_allcell	54102	CLIC6	up	late_allcell_DPN_vs_diabetes
original_late_allcell	54106	TLR9	up	late_allcell_DPN_vs_diabetes
original_late_allcell	5412	UBL3	down	late_allcell_DPN_vs_diabetes
original_late_allcell	54205	CYCS	down	late_allcell_DPN_vs_diabetes
original_late_allcell	54206	ERRFI1	up	late_allcell_DPN_vs_diabetes
original_late_allcell	54207	KCNK10	down	late_allcell_DPN_vs_diabetes
original_late_allcell	5424	POLD1	up	late_allcell_DPN_vs_diabetes
original_late_allcell	5426	POLE	up	late_allcell_DPN_vs_diabetes
original_late_allcell	54332	GDAP1	down	late_allcell_DPN_vs_diabetes
original_late_allcell	54344	DPM3	down	late_allcell_DPN_vs_diabetes
original_late_allcell	54345	SOX18	up	late_allcell_DPN_vs_diabetes
original_late_allcell	5438	POLR2I	down	late_allcell_DPN_vs_diabetes
original_late_allcell	54407	SLC38A2	down	late_allcell_DPN_vs_diabetes
original_late_allcell	54413	NLGN3	down	late_allcell_DPN_vs_diabetes
original_late_allcell	54443	ANLN	down	late_allcell_DPN_vs_diabetes
original_late_allcell	54462	CCSER2	down	late_allcell_DPN_vs_diabetes
original_late_allcell	54468	MIOS	down	late_allcell_DPN_vs_diabetes
original_late_allcell	54487	DGCR8	up	late_allcell_DPN_vs_diabetes
original_late_allcell	54491	OTULINL	down	late_allcell_DPN_vs_diabetes
original_late_allcell	54496	PRMT7	up	late_allcell_DPN_vs_diabetes
original_late_allcell	54502	RBM47	up	late_allcell_DPN_vs_diabetes
original_late_allcell	54507	ADAMTSL4	up	late_allcell_DPN_vs_diabetes
original_late_allcell	54510	PCDH18	up	late_allcell_DPN_vs_diabetes
original_late_allcell	54518	APBB1IP	down	late_allcell_DPN_vs_diabetes
original_late_allcell	54531	MIER2	up	late_allcell_DPN_vs_diabetes
original_late_allcell	54535	CCHCR1	up	late_allcell_DPN_vs_diabetes
original_late_allcell	54538	ROBO4	up	late_allcell_DPN_vs_diabetes
original_late_allcell	5454	POU3F2	down	late_allcell_DPN_vs_diabetes
original_late_allcell	54543	TOMM7	down	late_allcell_DPN_vs_diabetes
original_late_allcell	54551	MAGEL2	down	late_allcell_DPN_vs_diabetes
original_late_allcell	54558	SPATA6	down	late_allcell_DPN_vs_diabetes
original_late_allcell	54566	EPB41L4B	up	late_allcell_DPN_vs_diabetes
original_late_allcell	54567	DLL4	up	late_allcell_DPN_vs_diabetes
original_late_allcell	5457	POU4F1	down	late_allcell_DPN_vs_diabetes
original_late_allcell	54575	UGT1A10	up	late_allcell_DPN_vs_diabetes
original_late_allcell	5458	POU4F2	down	late_allcell_DPN_vs_diabetes
original_late_allcell	5459	POU4F3	down	late_allcell_DPN_vs_diabetes
original_late_allcell	54596	L1TD1	up	late_allcell_DPN_vs_diabetes
original_late_allcell	54600	UGT1A9	up	late_allcell_DPN_vs_diabetes
original_late_allcell	54620	FBXL19	up	late_allcell_DPN_vs_diabetes
original_late_allcell	54621	VSIG10	up	late_allcell_DPN_vs_diabetes
original_late_allcell	54625	PARP14	down	late_allcell_DPN_vs_diabetes
original_late_allcell	54629	MINDY2	up	late_allcell_DPN_vs_diabetes
original_late_allcell	5463	POU6F1	up	late_allcell_DPN_vs_diabetes
original_late_allcell	54658	UGT1A1	up	late_allcell_DPN_vs_diabetes
original_late_allcell	54662	TBC1D13	up	late_allcell_DPN_vs_diabetes
original_late_allcell	54664	TMEM106B	down	late_allcell_DPN_vs_diabetes
original_late_allcell	54676	GTPBP2	up	late_allcell_DPN_vs_diabetes
original_late_allcell	5468	PPARG	up	late_allcell_DPN_vs_diabetes
original_late_allcell	54682	MANSC1	down	late_allcell_DPN_vs_diabetes
original_late_allcell	547	KIF1A	down	late_allcell_DPN_vs_diabetes
original_late_allcell	54715	RBFOX1	down	late_allcell_DPN_vs_diabetes
original_late_allcell	54742	LY6K	up	late_allcell_DPN_vs_diabetes
original_late_allcell	54749	EPDR1	down	late_allcell_DPN_vs_diabetes
original_late_allcell	54753	ZNF853	down	late_allcell_DPN_vs_diabetes
original_late_allcell	54769	DIRAS2	down	late_allcell_DPN_vs_diabetes
original_late_allcell	5478	PPIA	down	late_allcell_DPN_vs_diabetes
original_late_allcell	54798	DCHS2	down	late_allcell_DPN_vs_diabetes
original_late_allcell	54810	GIPC2	up	late_allcell_DPN_vs_diabetes
original_late_allcell	54811	ZNF562	down	late_allcell_DPN_vs_diabetes
original_late_allcell	54829	ASPN	down	late_allcell_DPN_vs_diabetes
original_late_allcell	54836	BSPRY	down	late_allcell_DPN_vs_diabetes
original_late_allcell	54839	LRRC49	down	late_allcell_DPN_vs_diabetes
original_late_allcell	54847	SIDT1	up	late_allcell_DPN_vs_diabetes
original_late_allcell	54852	PAQR5	down	late_allcell_DPN_vs_diabetes
original_late_allcell	54857	GDPD2	down	late_allcell_DPN_vs_diabetes
original_late_allcell	54862	CC2D1A	up	late_allcell_DPN_vs_diabetes
original_late_allcell	54876	DCAF16	down	late_allcell_DPN_vs_diabetes
original_late_allcell	54886	PLPPR1	down	late_allcell_DPN_vs_diabetes
original_late_allcell	54898	ELOVL2	down	late_allcell_DPN_vs_diabetes
original_late_allcell	54904	NSD3	down	late_allcell_DPN_vs_diabetes
original_late_allcell	54918	CMTM6	down	late_allcell_DPN_vs_diabetes
original_late_allcell	54922	RASIP1	up	late_allcell_DPN_vs_diabetes
original_late_allcell	54928	BPNT2	down	late_allcell_DPN_vs_diabetes
original_late_allcell	54941	RNF125	up	late_allcell_DPN_vs_diabetes
original_late_allcell	54951	COMMD8	down	late_allcell_DPN_vs_diabetes
original_late_allcell	54957	TXNL4B	up	late_allcell_DPN_vs_diabetes
original_late_allcell	54963	UCKL1	up	late_allcell_DPN_vs_diabetes
original_late_allcell	54968	TMEM70	down	late_allcell_DPN_vs_diabetes
original_late_allcell	54969	HPF1	down	late_allcell_DPN_vs_diabetes
original_late_allcell	54970	TTC12	up	late_allcell_DPN_vs_diabetes
original_late_allcell	54973	INTS11	up	late_allcell_DPN_vs_diabetes
original_late_allcell	54976	ADISSP	down	late_allcell_DPN_vs_diabetes
original_late_allcell	55	ACP3	down	late_allcell_DPN_vs_diabetes
original_late_allcell	550	AUP1	up	late_allcell_DPN_vs_diabetes
original_late_allcell	55007	SIRAL2	up	late_allcell_DPN_vs_diabetes
original_late_allcell	55010	PARPBP	down	late_allcell_DPN_vs_diabetes
original_late_allcell	55016	MARCHF1	down	late_allcell_DPN_vs_diabetes
original_late_allcell	5502	PPP1R1A	up	late_allcell_DPN_vs_diabetes
original_late_allcell	55026	TMEM255A	down	late_allcell_DPN_vs_diabetes
original_late_allcell	55040	EPN3	down	late_allcell_DPN_vs_diabetes
original_late_allcell	55061	SUSD4	down	late_allcell_DPN_vs_diabetes
original_late_allcell	55070	DET1	down	late_allcell_DPN_vs_diabetes
original_late_allcell	55086	RADX	down	late_allcell_DPN_vs_diabetes
original_late_allcell	5509	PPP1R3D	up	late_allcell_DPN_vs_diabetes
original_late_allcell	55092	TMEM51	down	late_allcell_DPN_vs_diabetes
original_late_allcell	55117	SLC6A15	down	late_allcell_DPN_vs_diabetes
original_late_allcell	55118	CRTAC1	down	late_allcell_DPN_vs_diabetes
original_late_allcell	55139	ANKZF1	up	late_allcell_DPN_vs_diabetes
original_late_allcell	55144	LRRC8D	down	late_allcell_DPN_vs_diabetes
original_late_allcell	55151	TMEM38B	down	late_allcell_DPN_vs_diabetes
original_late_allcell	5516	PPP2CB	down	late_allcell_DPN_vs_diabetes
original_late_allcell	55160	ARHGEF10L	up	late_allcell_DPN_vs_diabetes
original_late_allcell	55161	TMEM33	down	late_allcell_DPN_vs_diabetes
original_late_allcell	55175	KLHL11	down	late_allcell_DPN_vs_diabetes
original_late_allcell	5518	PPP2R1A	down	late_allcell_DPN_vs_diabetes
original_late_allcell	5519	PPP2R1B	up	late_allcell_DPN_vs_diabetes
original_late_allcell	55200	PLEKHG6	up	late_allcell_DPN_vs_diabetes
original_late_allcell	55234	SMU1	down	late_allcell_DPN_vs_diabetes
original_late_allcell	55240	STEAP3	down	late_allcell_DPN_vs_diabetes
original_late_allcell	55244	SLC47A1	down	late_allcell_DPN_vs_diabetes
original_late_allcell	55252	ASXL2	down	late_allcell_DPN_vs_diabetes
original_late_allcell	55253	TYW1	down	late_allcell_DPN_vs_diabetes
original_late_allcell	55254	TMEM39A	down	late_allcell_DPN_vs_diabetes
original_late_allcell	55258	THNSL2	up	late_allcell_DPN_vs_diabetes
original_late_allcell	55266	TMEM19	down	late_allcell_DPN_vs_diabetes
original_late_allcell	55273	TMEM100	down	late_allcell_DPN_vs_diabetes
original_late_allcell	55277	FGGY	down	late_allcell_DPN_vs_diabetes
original_late_allcell	55283	MCOLN3	down	late_allcell_DPN_vs_diabetes
original_late_allcell	55286	PGCKA1	down	late_allcell_DPN_vs_diabetes
original_late_allcell	55321	TMEM74B	up	late_allcell_DPN_vs_diabetes
original_late_allcell	55325	UFSP2	down	late_allcell_DPN_vs_diabetes
original_late_allcell	55328	RNLS	up	late_allcell_DPN_vs_diabetes
original_late_allcell	55329	MNS1	up	late_allcell_DPN_vs_diabetes
original_late_allcell	55331	ACER3	down	late_allcell_DPN_vs_diabetes
original_late_allcell	55335	NIPSNAP3B	up	late_allcell_DPN_vs_diabetes
original_late_allcell	55336	FBXL8	up	late_allcell_DPN_vs_diabetes
original_late_allcell	55340	GIMAP5	up	late_allcell_DPN_vs_diabetes
original_late_allcell	55342	STRBP	down	late_allcell_DPN_vs_diabetes
original_late_allcell	55344	PLCXD1	up	late_allcell_DPN_vs_diabetes
original_late_allcell	55352	COPRS	down	late_allcell_DPN_vs_diabetes
original_late_allcell	55353	LAPTM4B	down	late_allcell_DPN_vs_diabetes
original_late_allcell	55359	STYK1	down	late_allcell_DPN_vs_diabetes
original_late_allcell	55365	TMEM176A	down	late_allcell_DPN_vs_diabetes
original_late_allcell	55367	PIDD1	up	late_allcell_DPN_vs_diabetes
original_late_allcell	5538	PPT1	down	late_allcell_DPN_vs_diabetes
original_late_allcell	55421	NCBP3	up	late_allcell_DPN_vs_diabetes
original_late_allcell	55422	ZNF331	up	late_allcell_DPN_vs_diabetes
original_late_allcell	554235	ASPDH	down	late_allcell_DPN_vs_diabetes
original_late_allcell	5550	PREP	down	late_allcell_DPN_vs_diabetes
original_late_allcell	55502	HES6	down	late_allcell_DPN_vs_diabetes
original_late_allcell	55506	MACROH2A2	down	late_allcell_DPN_vs_diabetes
original_late_allcell	55512	SMPD3	up	late_allcell_DPN_vs_diabetes
original_late_allcell	5552	SRGN	up	late_allcell_DPN_vs_diabetes
original_late_allcell	55521	TRIM36	down	late_allcell_DPN_vs_diabetes
original_late_allcell	5553	PRG2	up	late_allcell_DPN_vs_diabetes
original_late_allcell	55530	SVOP	down	late_allcell_DPN_vs_diabetes
original_late_allcell	55558	PLXNA3	up	late_allcell_DPN_vs_diabetes
original_late_allcell	55589	BMP2K	down	late_allcell_DPN_vs_diabetes
original_late_allcell	55601	DDX60	down	late_allcell_DPN_vs_diabetes
original_late_allcell	55605	KIF21A	down	late_allcell_DPN_vs_diabetes
original_late_allcell	55612	FERMT1	up	late_allcell_DPN_vs_diabetes
original_late_allcell	55619	DOCK10	down	late_allcell_DPN_vs_diabetes
original_late_allcell	55621	TRMT1	up	late_allcell_DPN_vs_diabetes
original_late_allcell	55622	TTC27	up	late_allcell_DPN_vs_diabetes
original_late_allcell	55640	FLVCR2	down	late_allcell_DPN_vs_diabetes
original_late_allcell	55651	NHP2	down	late_allcell_DPN_vs_diabetes
original_late_allcell	55661	DDX27	up	late_allcell_DPN_vs_diabetes
original_late_allcell	55672	NBPF1	up	late_allcell_DPN_vs_diabetes
original_late_allcell	55676	SLC30A6	down	late_allcell_DPN_vs_diabetes
original_late_allcell	55677	IWS1	up	late_allcell_DPN_vs_diabetes
original_late_allcell	55679	LIMS2	up	late_allcell_DPN_vs_diabetes
original_late_allcell	55681	SCYL2	down	late_allcell_DPN_vs_diabetes
original_late_allcell	55698	RADIL	up	late_allcell_DPN_vs_diabetes
original_late_allcell	55702	YJU2	up	late_allcell_DPN_vs_diabetes
original_late_allcell	55726	INTS13	down	late_allcell_DPN_vs_diabetes
original_late_allcell	55745	AP5M1	down	late_allcell_DPN_vs_diabetes
original_late_allcell	55749	CCAR1	down	late_allcell_DPN_vs_diabetes
original_late_allcell	55751	TMEM184C	down	late_allcell_DPN_vs_diabetes
original_late_allcell	55753	OGDHL	down	late_allcell_DPN_vs_diabetes
original_late_allcell	55754	CDC50A	down	late_allcell_DPN_vs_diabetes
original_late_allcell	55756	INTS9	up	late_allcell_DPN_vs_diabetes
original_late_allcell	55757	UGGT2	down	late_allcell_DPN_vs_diabetes
original_late_allcell	55764	IFT122	up	late_allcell_DPN_vs_diabetes
original_late_allcell	55771	PRR11	down	late_allcell_DPN_vs_diabetes
original_late_allcell	55778	ZNF839	up	late_allcell_DPN_vs_diabetes
original_late_allcell	55783	CMTR2	down	late_allcell_DPN_vs_diabetes
original_late_allcell	55791	LRIF1	down	late_allcell_DPN_vs_diabetes
original_late_allcell	55796	MBNL3	down	late_allcell_DPN_vs_diabetes
original_late_allcell	55799	CACNA2D3	down	late_allcell_DPN_vs_diabetes
original_late_allcell	55800	SCN3B	down	late_allcell_DPN_vs_diabetes
original_late_allcell	55803	ADAP2	up	late_allcell_DPN_vs_diabetes
original_late_allcell	55806	HR	up	late_allcell_DPN_vs_diabetes
original_late_allcell	55815	TSNAXIP1	up	late_allcell_DPN_vs_diabetes
original_late_allcell	55824	PAG1	down	late_allcell_DPN_vs_diabetes
original_late_allcell	55832	CAND1	down	late_allcell_DPN_vs_diabetes
original_late_allcell	55846	ITFG2	up	late_allcell_DPN_vs_diabetes
original_late_allcell	5585	PKN1	up	late_allcell_DPN_vs_diabetes
original_late_allcell	55860	ACTR10	down	late_allcell_DPN_vs_diabetes
original_late_allcell	55876	GSDMB	up	late_allcell_DPN_vs_diabetes
original_late_allcell	55890	GPRC5C	down	late_allcell_DPN_vs_diabetes
original_late_allcell	55897	MESP1	up	late_allcell_DPN_vs_diabetes
original_late_allcell	55909	BIN3	down	late_allcell_DPN_vs_diabetes
original_late_allcell	55916	NXT2	down	late_allcell_DPN_vs_diabetes
original_late_allcell	5592	PRKG1	up	late_allcell_DPN_vs_diabetes
original_late_allcell	55957	LIN37	up	late_allcell_DPN_vs_diabetes
original_late_allcell	55958	KLHL9	down	late_allcell_DPN_vs_diabetes
original_late_allcell	5596	MAPK4	down	late_allcell_DPN_vs_diabetes
original_late_allcell	55966	AJAP1	down	late_allcell_DPN_vs_diabetes
original_late_allcell	55975	KLHL7	down	late_allcell_DPN_vs_diabetes
original_late_allcell	56000	NXF3	up	late_allcell_DPN_vs_diabetes
original_late_allcell	56006	SMG9	up	late_allcell_DPN_vs_diabetes
original_late_allcell	5604	MAP2K1	down	late_allcell_DPN_vs_diabetes
original_late_allcell	5606	MAP2K3	up	late_allcell_DPN_vs_diabetes
original_late_allcell	56062	KLHL4	up	late_allcell_DPN_vs_diabetes
original_late_allcell	5612	THAP12	down	late_allcell_DPN_vs_diabetes
original_late_allcell	56129	PCDHB7	down	late_allcell_DPN_vs_diabetes
original_late_allcell	56139	PCDHA10	down	late_allcell_DPN_vs_diabetes
original_late_allcell	56142	PCDHA6	down	late_allcell_DPN_vs_diabetes
original_late_allcell	56147	PCDHA1	down	late_allcell_DPN_vs_diabetes
original_late_allcell	5616	PRKY	up	late_allcell_DPN_vs_diabetes
original_late_allcell	5624	PROC	up	late_allcell_DPN_vs_diabetes
original_late_allcell	56246	MRAP	up	late_allcell_DPN_vs_diabetes
original_late_allcell	56255	TMX4	down	late_allcell_DPN_vs_diabetes
original_late_allcell	5627	PROS1	down	late_allcell_DPN_vs_diabetes
original_late_allcell	56271	BEX4	down	late_allcell_DPN_vs_diabetes
original_late_allcell	56301	SLC7A10	up	late_allcell_DPN_vs_diabetes
original_late_allcell	56341	PRMT8	down	late_allcell_DPN_vs_diabetes
original_late_allcell	5646	PRSS3	down	late_allcell_DPN_vs_diabetes
original_late_allcell	56475	RPRM	down	late_allcell_DPN_vs_diabetes
original_late_allcell	56479	KCNQ5	down	late_allcell_DPN_vs_diabetes
original_late_allcell	5653	KLK6	down	late_allcell_DPN_vs_diabetes
original_late_allcell	5654	HTRA1	down	late_allcell_DPN_vs_diabetes
original_late_allcell	5655	KLK10	down	late_allcell_DPN_vs_diabetes
original_late_allcell	566	AZU1	up	late_allcell_DPN_vs_diabetes
original_late_allcell	56603	CYP26B1	up	late_allcell_DPN_vs_diabetes
original_late_allcell	56623	INPP5E	up	late_allcell_DPN_vs_diabetes
original_late_allcell	56674	TMEM9B	down	late_allcell_DPN_vs_diabetes
original_late_allcell	56681	SAR1A	down	late_allcell_DPN_vs_diabetes
original_late_allcell	56731	SLC2A4RG	up	late_allcell_DPN_vs_diabetes
original_late_allcell	5682	PSMA1	down	late_allcell_DPN_vs_diabetes
original_late_allcell	5683	PSMA2	down	late_allcell_DPN_vs_diabetes
original_late_allcell	56848	SPHK2	down	late_allcell_DPN_vs_diabetes
original_late_allcell	56850	GRIPAP1	up	late_allcell_DPN_vs_diabetes
original_late_allcell	56851	EMC7	down	late_allcell_DPN_vs_diabetes
original_late_allcell	56884	FSTL5	down	late_allcell_DPN_vs_diabetes
original_late_allcell	56889	TM9SF3	down	late_allcell_DPN_vs_diabetes
original_late_allcell	56892	TCIM	up	late_allcell_DPN_vs_diabetes
original_late_allcell	56896	DPYSL5	down	late_allcell_DPN_vs_diabetes
original_late_allcell	56898	BDH2	down	late_allcell_DPN_vs_diabetes
original_late_allcell	56899	ANKS1B	down	late_allcell_DPN_vs_diabetes
original_late_allcell	5690	PSMB2	down	late_allcell_DPN_vs_diabetes
original_late_allcell	56904	SH3GLB2	up	late_allcell_DPN_vs_diabetes
original_late_allcell	56906	THAP10	down	late_allcell_DPN_vs_diabetes
original_late_allcell	5691	PSMB3	down	late_allcell_DPN_vs_diabetes
original_late_allcell	56910	STARD7	down	late_allcell_DPN_vs_diabetes
original_late_allcell	56918	SLC19A4P	up	late_allcell_DPN_vs_diabetes
original_late_allcell	56920	SEMA3G	up	late_allcell_DPN_vs_diabetes
original_late_allcell	56925	LXN	down	late_allcell_DPN_vs_diabetes
original_late_allcell	5693	PSMB5	down	late_allcell_DPN_vs_diabetes
original_late_allcell	56934	CA10	down	late_allcell_DPN_vs_diabetes
original_late_allcell	56936	CCDC177	down	late_allcell_DPN_vs_diabetes
original_late_allcell	5694	PSMB6	down	late_allcell_DPN_vs_diabetes
original_late_allcell	56942	CMC2	down	late_allcell_DPN_vs_diabetes
original_late_allcell	56952	PRTFDC1	up	late_allcell_DPN_vs_diabetes
original_late_allcell	56967	C14orf132	down	late_allcell_DPN_vs_diabetes
original_late_allcell	56978	PRDM8	up	late_allcell_DPN_vs_diabetes
original_late_allcell	56997	COQ8A	up	late_allcell_DPN_vs_diabetes
original_late_allcell	56999	ADAMTS9	up	late_allcell_DPN_vs_diabetes
original_late_allcell	5700	PSMC1	down	late_allcell_DPN_vs_diabetes
original_late_allcell	57001	SDHAF3	down	late_allcell_DPN_vs_diabetes
original_late_allcell	57003	CCDC47	down	late_allcell_DPN_vs_diabetes
original_late_allcell	57016	AKR1B10	up	late_allcell_DPN_vs_diabetes
original_late_allcell	57030	SLC17A7	down	late_allcell_DPN_vs_diabetes
original_late_allcell	57084	SLC17A6	down	late_allcell_DPN_vs_diabetes
original_late_allcell	57101	ANO2	up	late_allcell_DPN_vs_diabetes
original_late_allcell	57103	TIGAR	down	late_allcell_DPN_vs_diabetes
original_late_allcell	57104	PNPLA2	up	late_allcell_DPN_vs_diabetes
original_late_allcell	57105	CYSLTR2	down	late_allcell_DPN_vs_diabetes
original_late_allcell	57110	PLAAT1	down	late_allcell_DPN_vs_diabetes
original_late_allcell	57124	CD248	up	late_allcell_DPN_vs_diabetes
original_late_allcell	57125	PLXDC1	up	late_allcell_DPN_vs_diabetes
original_late_allcell	57139	RGL3	up	late_allcell_DPN_vs_diabetes
original_late_allcell	57144	PAK5	down	late_allcell_DPN_vs_diabetes
original_late_allcell	57156	TMEM63C	down	late_allcell_DPN_vs_diabetes
original_late_allcell	57158	JPH2	up	late_allcell_DPN_vs_diabetes
original_late_allcell	57162	PELI1	down	late_allcell_DPN_vs_diabetes
original_late_allcell	57168	ASPHD2	down	late_allcell_DPN_vs_diabetes
original_late_allcell	57171	DOLPP1	down	late_allcell_DPN_vs_diabetes
original_late_allcell	57176	VARS2	up	late_allcell_DPN_vs_diabetes
original_late_allcell	57185	NIPAL3	down	late_allcell_DPN_vs_diabetes
original_late_allcell	57186	RALGAPA2	up	late_allcell_DPN_vs_diabetes
original_late_allcell	5721	PSME2	down	late_allcell_DPN_vs_diabetes
original_late_allcell	57214	CEMIP	down	late_allcell_DPN_vs_diabetes
original_late_allcell	57221	ARFGEF3	down	late_allcell_DPN_vs_diabetes
original_late_allcell	57224	NHSL1	up	late_allcell_DPN_vs_diabetes
original_late_allcell	5728	PTEN	down	late_allcell_DPN_vs_diabetes
original_late_allcell	57282	SLC4A10	down	late_allcell_DPN_vs_diabetes
original_late_allcell	5732	PTGER2	down	late_allcell_DPN_vs_diabetes
original_late_allcell	5733	PTGER3	up	late_allcell_DPN_vs_diabetes
original_late_allcell	57332	CBX8	up	late_allcell_DPN_vs_diabetes
original_late_allcell	57333	RCN3	up	late_allcell_DPN_vs_diabetes
original_late_allcell	57348	TTYH1	down	late_allcell_DPN_vs_diabetes
original_late_allcell	5737	PTGFR	up	late_allcell_DPN_vs_diabetes
original_late_allcell	5740	PTGIS	up	late_allcell_DPN_vs_diabetes
original_late_allcell	57405	SPC25	down	late_allcell_DPN_vs_diabetes
original_late_allcell	57414	RHBDD2	down	late_allcell_DPN_vs_diabetes
original_late_allcell	57415	CEP15	down	late_allcell_DPN_vs_diabetes
original_late_allcell	57449	PLEKHG5	up	late_allcell_DPN_vs_diabetes
original_late_allcell	5745	PTH1R	up	late_allcell_DPN_vs_diabetes
original_late_allcell	57452	GALNT16	up	late_allcell_DPN_vs_diabetes
original_late_allcell	57456	KIAA1143	down	late_allcell_DPN_vs_diabetes
original_late_allcell	57462	MYORG	down	late_allcell_DPN_vs_diabetes
original_late_allcell	57475	PLEKHH1	down	late_allcell_DPN_vs_diabetes
original_late_allcell	57477	SHROOM4	up	late_allcell_DPN_vs_diabetes
original_late_allcell	57480	PLEKHG1	up	late_allcell_DPN_vs_diabetes
original_late_allcell	57489	ODF2L	up	late_allcell_DPN_vs_diabetes
original_late_allcell	57496	MRTFB	up	late_allcell_DPN_vs_diabetes
original_late_allcell	57502	NLGN4X	down	late_allcell_DPN_vs_diabetes
original_late_allcell	57512	GPR158	down	late_allcell_DPN_vs_diabetes
original_late_allcell	57520	HECW2	up	late_allcell_DPN_vs_diabetes
original_late_allcell	5753	PTK6	up	late_allcell_DPN_vs_diabetes
original_late_allcell	57535	ELAPOR1	down	late_allcell_DPN_vs_diabetes
original_late_allcell	57538	ALPK3	up	late_allcell_DPN_vs_diabetes
original_late_allcell	57555	NLGN2	up	late_allcell_DPN_vs_diabetes
original_late_allcell	57572	DOCK6	up	late_allcell_DPN_vs_diabetes
original_late_allcell	57575	PCDH10	down	late_allcell_DPN_vs_diabetes
original_late_allcell	57576	KIF17	up	late_allcell_DPN_vs_diabetes
original_late_allcell	57578	UNC79	down	late_allcell_DPN_vs_diabetes
original_late_allcell	57579	FAM135A	down	late_allcell_DPN_vs_diabetes
original_late_allcell	57582	KCNT1	down	late_allcell_DPN_vs_diabetes
original_late_allcell	57584	ARHGAP21	down	late_allcell_DPN_vs_diabetes
original_late_allcell	57597	BAHCC1	up	late_allcell_DPN_vs_diabetes
original_late_allcell	576	ADGRB2	down	late_allcell_DPN_vs_diabetes
original_late_allcell	57602	USP36	up	late_allcell_DPN_vs_diabetes
original_late_allcell	57604	TRMT9B	up	late_allcell_DPN_vs_diabetes
original_late_allcell	57619	SHROOM3	up	late_allcell_DPN_vs_diabetes
original_late_allcell	57628	DPP10	down	late_allcell_DPN_vs_diabetes
original_late_allcell	57633	LRRN1	down	late_allcell_DPN_vs_diabetes
original_late_allcell	57634	EP400	up	late_allcell_DPN_vs_diabetes
original_late_allcell	57647	DHX37	up	late_allcell_DPN_vs_diabetes
original_late_allcell	57655	GRAMD1A	up	late_allcell_DPN_vs_diabetes
original_late_allcell	57662	CAMSAP3	down	late_allcell_DPN_vs_diabetes
original_late_allcell	57678	GPAM	up	late_allcell_DPN_vs_diabetes
original_late_allcell	57685	CACHD1	up	late_allcell_DPN_vs_diabetes
original_late_allcell	57688	ZSWIM6	down	late_allcell_DPN_vs_diabetes
original_late_allcell	57691	KIAA1586	down	late_allcell_DPN_vs_diabetes
original_late_allcell	57692	MAGEE1	down	late_allcell_DPN_vs_diabetes
original_late_allcell	57693	ZNF317	up	late_allcell_DPN_vs_diabetes
original_late_allcell	57697	FANCM	down	late_allcell_DPN_vs_diabetes
original_late_allcell	57699	CPNE5	down	late_allcell_DPN_vs_diabetes
original_late_allcell	577	ADGRB3	down	late_allcell_DPN_vs_diabetes
original_late_allcell	57700	FHIP2A	up	late_allcell_DPN_vs_diabetes
original_late_allcell	57706	DENND1A	up	late_allcell_DPN_vs_diabetes
original_late_allcell	57709	SLC7A14	down	late_allcell_DPN_vs_diabetes
original_late_allcell	57710	KIAA1614	up	late_allcell_DPN_vs_diabetes
original_late_allcell	57718	PPP4R4	down	late_allcell_DPN_vs_diabetes
original_late_allcell	57795	BRINP2	down	late_allcell_DPN_vs_diabetes
original_late_allcell	57863	CADM3	down	late_allcell_DPN_vs_diabetes
original_late_allcell	5787	PTPRB	up	late_allcell_DPN_vs_diabetes
original_late_allcell	5788	PTPRC	down	late_allcell_DPN_vs_diabetes
original_late_allcell	5789	PTPRD	down	late_allcell_DPN_vs_diabetes
original_late_allcell	5795	PTPRJ	down	late_allcell_DPN_vs_diabetes
original_late_allcell	5796	PTPRK	up	late_allcell_DPN_vs_diabetes
original_late_allcell	58	ACTA1	up	late_allcell_DPN_vs_diabetes
original_late_allcell	5801	PTPRR	down	late_allcell_DPN_vs_diabetes
original_late_allcell	5803	PTPRZ1	down	late_allcell_DPN_vs_diabetes
original_late_allcell	5806	PTX3	up	late_allcell_DPN_vs_diabetes
original_late_allcell	581	BAX	up	late_allcell_DPN_vs_diabetes
original_late_allcell	5816	PVALB	down	late_allcell_DPN_vs_diabetes
original_late_allcell	5818	NECTIN1	down	late_allcell_DPN_vs_diabetes
original_late_allcell	582	BBS1	up	late_allcell_DPN_vs_diabetes
original_late_allcell	5828	PEX2	down	late_allcell_DPN_vs_diabetes
original_late_allcell	583	BBS2	down	late_allcell_DPN_vs_diabetes
original_late_allcell	5832	ALDH18A1	down	late_allcell_DPN_vs_diabetes
original_late_allcell	5837	PYGM	up	late_allcell_DPN_vs_diabetes
original_late_allcell	58485	TRAPPC1	down	late_allcell_DPN_vs_diabetes
original_late_allcell	58512	DLGAP3	down	late_allcell_DPN_vs_diabetes
original_late_allcell	58538	MPP4	down	late_allcell_DPN_vs_diabetes
original_late_allcell	5863	RGL2	up	late_allcell_DPN_vs_diabetes
original_late_allcell	5866	RAB3IL1	up	late_allcell_DPN_vs_diabetes
original_late_allcell	5878	RAB5C	up	late_allcell_DPN_vs_diabetes
original_late_allcell	5883	RAD9A	up	late_allcell_DPN_vs_diabetes
original_late_allcell	5892	RAD51D	up	late_allcell_DPN_vs_diabetes
original_late_allcell	590	BCHE	down	late_allcell_DPN_vs_diabetes
original_late_allcell	59084	ENPP5	down	late_allcell_DPN_vs_diabetes
original_late_allcell	5909	RAP1GAP	down	late_allcell_DPN_vs_diabetes
original_late_allcell	5910	RAP1GDS1	down	late_allcell_DPN_vs_diabetes
original_late_allcell	5918	RARRES1	down	late_allcell_DPN_vs_diabetes
original_late_allcell	5919	RARRES2	down	late_allcell_DPN_vs_diabetes
original_late_allcell	59271	EVA1C	down	late_allcell_DPN_vs_diabetes
original_late_allcell	5928	RBBP4	up	late_allcell_DPN_vs_diabetes
original_late_allcell	59284	CACNG7	down	late_allcell_DPN_vs_diabetes
original_late_allcell	59286	UBL5	down	late_allcell_DPN_vs_diabetes
original_late_allcell	59341	TRPV4	up	late_allcell_DPN_vs_diabetes
original_late_allcell	59353	TMEM35A	down	late_allcell_DPN_vs_diabetes
original_late_allcell	5954	RCN1	down	late_allcell_DPN_vs_diabetes
original_late_allcell	5955	RCN2	down	late_allcell_DPN_vs_diabetes
original_late_allcell	5973	RENBP	up	late_allcell_DPN_vs_diabetes
original_late_allcell	5979	RET	down	late_allcell_DPN_vs_diabetes
original_late_allcell	5994	RFXAP	up	late_allcell_DPN_vs_diabetes
original_late_allcell	6000	RGS7	down	late_allcell_DPN_vs_diabetes
original_late_allcell	6010	RHO	up	late_allcell_DPN_vs_diabetes
original_late_allcell	6014	RIT2	down	late_allcell_DPN_vs_diabetes
original_late_allcell	60314	MYG1	down	late_allcell_DPN_vs_diabetes
original_late_allcell	60385	TSKS	up	late_allcell_DPN_vs_diabetes
original_late_allcell	60401	EDA2R	up	late_allcell_DPN_vs_diabetes
original_late_allcell	6047	RNF4	up	late_allcell_DPN_vs_diabetes
original_late_allcell	60481	ELOVL5	down	late_allcell_DPN_vs_diabetes
original_late_allcell	6049	RNF6	down	late_allcell_DPN_vs_diabetes
original_late_allcell	60598	KCNK15	up	late_allcell_DPN_vs_diabetes
original_late_allcell	60677	CELF6	up	late_allcell_DPN_vs_diabetes
original_late_allcell	6092	ROBO2	down	late_allcell_DPN_vs_diabetes
original_late_allcell	610	HCN2	down	late_allcell_DPN_vs_diabetes
original_late_allcell	6103	RPGR	up	late_allcell_DPN_vs_diabetes
original_late_allcell	6121	RPE65	down	late_allcell_DPN_vs_diabetes
original_late_allcell	6184	RPN1	down	late_allcell_DPN_vs_diabetes
original_late_allcell	6185	RPN2	down	late_allcell_DPN_vs_diabetes
original_late_allcell	619279	ZNF704	up	late_allcell_DPN_vs_diabetes
original_late_allcell	622	BDH1	down	late_allcell_DPN_vs_diabetes
original_late_allcell	6239	RREB1	up	late_allcell_DPN_vs_diabetes
original_late_allcell	624	BDKRB2	down	late_allcell_DPN_vs_diabetes
original_late_allcell	6252	RTN1	down	late_allcell_DPN_vs_diabetes
original_late_allcell	627	BDNF	down	late_allcell_DPN_vs_diabetes
original_late_allcell	6272	SORT1	down	late_allcell_DPN_vs_diabetes
original_late_allcell	6273	S100A2	up	late_allcell_DPN_vs_diabetes
original_late_allcell	6282	S100A11	down	late_allcell_DPN_vs_diabetes
original_late_allcell	629	CFB	down	late_allcell_DPN_vs_diabetes
original_late_allcell	6297	SALL2	down	late_allcell_DPN_vs_diabetes
original_late_allcell	6299	SALL1	down	late_allcell_DPN_vs_diabetes
original_late_allcell	6300	MAPK12	up	late_allcell_DPN_vs_diabetes
original_late_allcell	6307	MSMO1	down	late_allcell_DPN_vs_diabetes
original_late_allcell	6309	SC5D	down	late_allcell_DPN_vs_diabetes
original_late_allcell	6323	SCN1A	down	late_allcell_DPN_vs_diabetes
original_late_allcell	6327	SCN2B	down	late_allcell_DPN_vs_diabetes
original_late_allcell	6329	SCN4A	up	late_allcell_DPN_vs_diabetes
original_late_allcell	6330	SCN4B	down	late_allcell_DPN_vs_diabetes
original_late_allcell	6332	SCN7A	down	late_allcell_DPN_vs_diabetes
original_late_allcell	6336	SCN10A	down	late_allcell_DPN_vs_diabetes
original_late_allcell	6339	SCNN1D	up	late_allcell_DPN_vs_diabetes
original_late_allcell	6340	SCNN1G	down	late_allcell_DPN_vs_diabetes
original_late_allcell	6347	CCL2	down	late_allcell_DPN_vs_diabetes
original_late_allcell	6357	CCL13	down	late_allcell_DPN_vs_diabetes
original_late_allcell	6360	CCL16	up	late_allcell_DPN_vs_diabetes
original_late_allcell	6376	CX3CL1	up	late_allcell_DPN_vs_diabetes
original_late_allcell	63827	BCAN	down	late_allcell_DPN_vs_diabetes
original_late_allcell	6383	SDC2	down	late_allcell_DPN_vs_diabetes
original_late_allcell	6385	SDC4	down	late_allcell_DPN_vs_diabetes
original_late_allcell	6386	SDCBP	down	late_allcell_DPN_vs_diabetes
original_late_allcell	6387	CXCL12	up	late_allcell_DPN_vs_diabetes
original_late_allcell	6389	SDHA	down	late_allcell_DPN_vs_diabetes
original_late_allcell	63895	PIEZO2	down	late_allcell_DPN_vs_diabetes
original_late_allcell	63898	SH2D4A	up	late_allcell_DPN_vs_diabetes
original_late_allcell	639	PRDM1	up	late_allcell_DPN_vs_diabetes
original_late_allcell	63910	SLC17A9	up	late_allcell_DPN_vs_diabetes
original_late_allcell	63924	CIDEC	up	late_allcell_DPN_vs_diabetes
original_late_allcell	63928	CHP2	down	late_allcell_DPN_vs_diabetes
original_late_allcell	63976	PRDM16	up	late_allcell_DPN_vs_diabetes
original_late_allcell	63977	PRDM15	up	late_allcell_DPN_vs_diabetes
original_late_allcell	63982	ANO3	down	late_allcell_DPN_vs_diabetes
original_late_allcell	64005	MYO1G	up	late_allcell_DPN_vs_diabetes
original_late_allcell	6403	SELP	up	late_allcell_DPN_vs_diabetes
original_late_allcell	64065	PERP	down	late_allcell_DPN_vs_diabetes
original_late_allcell	64073	C19orf33	down	late_allcell_DPN_vs_diabetes
original_late_allcell	64091	POPDC2	up	late_allcell_DPN_vs_diabetes
original_late_allcell	64093	SMOC1	down	late_allcell_DPN_vs_diabetes
original_late_allcell	64108	RTP4	down	late_allcell_DPN_vs_diabetes
original_late_allcell	64121	RRAGC	down	late_allcell_DPN_vs_diabetes
original_late_allcell	64129	TINAGL1	up	late_allcell_DPN_vs_diabetes
original_late_allcell	641339	ZNF674	down	late_allcell_DPN_vs_diabetes
original_late_allcell	64137	ABCG4	down	late_allcell_DPN_vs_diabetes
original_late_allcell	64145	RBSN	down	late_allcell_DPN_vs_diabetes
original_late_allcell	6416	MAP2K4	down	late_allcell_DPN_vs_diabetes
original_late_allcell	641700	ECSCR	up	late_allcell_DPN_vs_diabetes
original_late_allcell	6418	SET	down	late_allcell_DPN_vs_diabetes
original_late_allcell	64208	POPDC3	down	late_allcell_DPN_vs_diabetes
original_late_allcell	6422	SFRP1	down	late_allcell_DPN_vs_diabetes
original_late_allcell	6424	SFRP4	down	late_allcell_DPN_vs_diabetes
original_late_allcell	642475	MROH6	up	late_allcell_DPN_vs_diabetes
original_late_allcell	642597	AKAIN1	down	late_allcell_DPN_vs_diabetes
original_late_allcell	6426	SRSF1	up	late_allcell_DPN_vs_diabetes
original_late_allcell	643008	SMIM5	up	late_allcell_DPN_vs_diabetes
original_late_allcell	64321	SOX17	up	late_allcell_DPN_vs_diabetes
original_late_allcell	643236	TMEM72	down	late_allcell_DPN_vs_diabetes
original_late_allcell	64377	CHST8	down	late_allcell_DPN_vs_diabetes
original_late_allcell	643853	TMPPE	down	late_allcell_DPN_vs_diabetes
original_late_allcell	643866	CBLN3	up	late_allcell_DPN_vs_diabetes
original_late_allcell	64388	GREM2	down	late_allcell_DPN_vs_diabetes
original_late_allcell	64395	GMCL1	down	late_allcell_DPN_vs_diabetes
original_late_allcell	643988	FNDC10	down	late_allcell_DPN_vs_diabetes
original_late_allcell	64399	HHIP	up	late_allcell_DPN_vs_diabetes
original_late_allcell	6440	SFTPC	down	late_allcell_DPN_vs_diabetes
original_late_allcell	64400	AKTIP	down	late_allcell_DPN_vs_diabetes
original_late_allcell	64403	CDH24	up	late_allcell_DPN_vs_diabetes
original_late_allcell	64411	ARAP3	up	late_allcell_DPN_vs_diabetes
original_late_allcell	644139	PIRT	down	late_allcell_DPN_vs_diabetes
original_late_allcell	644145	EXOC1L	down	late_allcell_DPN_vs_diabetes
original_late_allcell	644150	WIPF3	down	late_allcell_DPN_vs_diabetes
original_late_allcell	644168	DRGX	down	late_allcell_DPN_vs_diabetes
original_late_allcell	64417	TMEM267	down	late_allcell_DPN_vs_diabetes
original_late_allcell	64418	TMEM168	down	late_allcell_DPN_vs_diabetes
original_late_allcell	6442	SGCA	up	late_allcell_DPN_vs_diabetes
original_late_allcell	64422	ATG3	down	late_allcell_DPN_vs_diabetes
original_late_allcell	6445	SGCG	up	late_allcell_DPN_vs_diabetes
original_late_allcell	644538	SMIM10	down	late_allcell_DPN_vs_diabetes
original_late_allcell	6447	SCG5	down	late_allcell_DPN_vs_diabetes
original_late_allcell	64478	CSMD1	down	late_allcell_DPN_vs_diabetes
original_late_allcell	6450	SH3BGR	up	late_allcell_DPN_vs_diabetes
original_late_allcell	6452	SH3BP2	up	late_allcell_DPN_vs_diabetes
original_late_allcell	6453	ITSN1	up	late_allcell_DPN_vs_diabetes
original_late_allcell	645369	TMEM200C	down	late_allcell_DPN_vs_diabetes
original_late_allcell	6457	SH3GL3	down	late_allcell_DPN_vs_diabetes
original_late_allcell	64581	CLEC7A	down	late_allcell_DPN_vs_diabetes
original_late_allcell	64582	GPR135	up	late_allcell_DPN_vs_diabetes
original_late_allcell	64599	GIGYF1	up	late_allcell_DPN_vs_diabetes
original_late_allcell	6461	SHB	up	late_allcell_DPN_vs_diabetes
original_late_allcell	64645	SLC71A1	down	late_allcell_DPN_vs_diabetes
original_late_allcell	64651	CSRNP1	up	late_allcell_DPN_vs_diabetes
original_late_allcell	646658	SYNDIG1L	up	late_allcell_DPN_vs_diabetes
original_late_allcell	646962	HRCT1	up	late_allcell_DPN_vs_diabetes
original_late_allcell	647024	C6orf132	up	late_allcell_DPN_vs_diabetes
original_late_allcell	64743	WDR13	up	late_allcell_DPN_vs_diabetes
original_late_allcell	64754	SMYD3	down	late_allcell_DPN_vs_diabetes
original_late_allcell	64762	GAREM1	down	late_allcell_DPN_vs_diabetes
original_late_allcell	64764	CREB3L2	up	late_allcell_DPN_vs_diabetes
original_late_allcell	64770	CCDC14	down	late_allcell_DPN_vs_diabetes
original_late_allcell	64773	PCED1A	up	late_allcell_DPN_vs_diabetes
original_late_allcell	64778	FNDC3B	up	late_allcell_DPN_vs_diabetes
original_late_allcell	64782	AEN	up	late_allcell_DPN_vs_diabetes
original_late_allcell	64783	RBM15	up	late_allcell_DPN_vs_diabetes
original_late_allcell	64785	GINS3	down	late_allcell_DPN_vs_diabetes
original_late_allcell	64787	EPS8L2	up	late_allcell_DPN_vs_diabetes
original_late_allcell	64798	DEPTOR	up	late_allcell_DPN_vs_diabetes
original_late_allcell	64801	ARV1	down	late_allcell_DPN_vs_diabetes
original_late_allcell	64805	P2RY12	down	late_allcell_DPN_vs_diabetes
original_late_allcell	6483	ST3GAL2	up	late_allcell_DPN_vs_diabetes
original_late_allcell	64843	ISL2	down	late_allcell_DPN_vs_diabetes
original_late_allcell	64860	ARMCX5	down	late_allcell_DPN_vs_diabetes
original_late_allcell	649	BMP1	up	late_allcell_DPN_vs_diabetes
original_late_allcell	64900	LPIN3	up	late_allcell_DPN_vs_diabetes
original_late_allcell	6494	SIPA1	up	late_allcell_DPN_vs_diabetes
original_late_allcell	6495	SIX1	down	late_allcell_DPN_vs_diabetes
original_late_allcell	6498	SKIL	down	late_allcell_DPN_vs_diabetes
original_late_allcell	6499	SKIC2	up	late_allcell_DPN_vs_diabetes
original_late_allcell	6502	SKP2	up	late_allcell_DPN_vs_diabetes
original_late_allcell	6504	SLAMF1	up	late_allcell_DPN_vs_diabetes
original_late_allcell	65055	REEP1	down	late_allcell_DPN_vs_diabetes
original_late_allcell	65078	RTN4R	down	late_allcell_DPN_vs_diabetes
original_late_allcell	65082	VPS33A	down	late_allcell_DPN_vs_diabetes
original_late_allcell	6509	SLC1A4	down	late_allcell_DPN_vs_diabetes
original_late_allcell	65095	KRI1	up	late_allcell_DPN_vs_diabetes
original_late_allcell	651	BMP3	down	late_allcell_DPN_vs_diabetes
original_late_allcell	6517	SLC2A4	up	late_allcell_DPN_vs_diabetes
original_late_allcell	652	BMP4	up	late_allcell_DPN_vs_diabetes
original_late_allcell	65217	PCDH15	up	late_allcell_DPN_vs_diabetes
original_late_allcell	6525	SMTN	up	late_allcell_DPN_vs_diabetes
original_late_allcell	65267	WNK3	down	late_allcell_DPN_vs_diabetes
original_late_allcell	6529	SLC6A1	down	late_allcell_DPN_vs_diabetes
original_late_allcell	652968	CASTOR1	down	late_allcell_DPN_vs_diabetes
original_late_allcell	652991	SKOR2	down	late_allcell_DPN_vs_diabetes
original_late_allcell	653	BMP5	up	late_allcell_DPN_vs_diabetes
original_late_allcell	653140	FAM228A	down	late_allcell_DPN_vs_diabetes
original_late_allcell	6533	SLC6A6	up	late_allcell_DPN_vs_diabetes
original_late_allcell	653720	GOLGA8M	up	late_allcell_DPN_vs_diabetes
original_late_allcell	6538	SLC6A11	up	late_allcell_DPN_vs_diabetes
original_late_allcell	654	BMP6	up	late_allcell_DPN_vs_diabetes
original_late_allcell	6540	SLC6A13	down	late_allcell_DPN_vs_diabetes
original_late_allcell	6541	SLC7A1	down	late_allcell_DPN_vs_diabetes
original_late_allcell	6545	SLC7A4	down	late_allcell_DPN_vs_diabetes
original_late_allcell	6547	SLC8A3	down	late_allcell_DPN_vs_diabetes
original_late_allcell	6549	SLC9A2	down	late_allcell_DPN_vs_diabetes
original_late_allcell	6550	SLC9A3	up	late_allcell_DPN_vs_diabetes
original_late_allcell	6553	SLC9A5	up	late_allcell_DPN_vs_diabetes
original_late_allcell	6566	SLC16A1	down	late_allcell_DPN_vs_diabetes
original_late_allcell	6578	SLCO2A1	up	late_allcell_DPN_vs_diabetes
original_late_allcell	6591	SNAI2	up	late_allcell_DPN_vs_diabetes
original_late_allcell	65975	STK33	down	late_allcell_DPN_vs_diabetes
original_late_allcell	65980	BRD9	up	late_allcell_DPN_vs_diabetes
original_late_allcell	65989	DLK2	down	late_allcell_DPN_vs_diabetes
original_late_allcell	65991	FUNDC2	down	late_allcell_DPN_vs_diabetes
original_late_allcell	660	BMX	up	late_allcell_DPN_vs_diabetes
original_late_allcell	66000	TMEM108	down	late_allcell_DPN_vs_diabetes
original_late_allcell	6610	SMPD2	up	late_allcell_DPN_vs_diabetes
original_late_allcell	6614	SIGLEC1	up	late_allcell_DPN_vs_diabetes
original_late_allcell	6618	SNAPC2	down	late_allcell_DPN_vs_diabetes
original_late_allcell	6619	SNAPC3	down	late_allcell_DPN_vs_diabetes
original_late_allcell	6620	SNCB	down	late_allcell_DPN_vs_diabetes
original_late_allcell	6626	SNRPA	up	late_allcell_DPN_vs_diabetes
original_late_allcell	6632	SNRPD1	down	late_allcell_DPN_vs_diabetes
original_late_allcell	6633	SNRPD2	down	late_allcell_DPN_vs_diabetes
original_late_allcell	6636	SNRPF	down	late_allcell_DPN_vs_diabetes
original_late_allcell	6649	SOD3	down	late_allcell_DPN_vs_diabetes
original_late_allcell	6650	CAPN15	up	late_allcell_DPN_vs_diabetes
original_late_allcell	6653	SORL1	down	late_allcell_DPN_vs_diabetes
original_late_allcell	6658	SOX3	down	late_allcell_DPN_vs_diabetes
original_late_allcell	666	BOK	up	late_allcell_DPN_vs_diabetes
original_late_allcell	6660	SOX5	up	late_allcell_DPN_vs_diabetes
original_late_allcell	6662	SOX9	down	late_allcell_DPN_vs_diabetes
original_late_allcell	6663	SOX10	down	late_allcell_DPN_vs_diabetes
original_late_allcell	667	DST	down	late_allcell_DPN_vs_diabetes
original_late_allcell	6675	UAP1	up	late_allcell_DPN_vs_diabetes
original_late_allcell	6683	SPAST	down	late_allcell_DPN_vs_diabetes
original_late_allcell	6689	SPIB	down	late_allcell_DPN_vs_diabetes
original_late_allcell	6692	SPINT1	down	late_allcell_DPN_vs_diabetes
original_late_allcell	6693	SPN	down	late_allcell_DPN_vs_diabetes
original_late_allcell	6695	SPOCK1	down	late_allcell_DPN_vs_diabetes
original_late_allcell	670	BPHL	up	late_allcell_DPN_vs_diabetes
original_late_allcell	6712	SPTBN2	down	late_allcell_DPN_vs_diabetes
original_late_allcell	6713	SQLE	down	late_allcell_DPN_vs_diabetes
original_late_allcell	6715	SRD5A1	down	late_allcell_DPN_vs_diabetes
original_late_allcell	672	BRCA1	up	late_allcell_DPN_vs_diabetes
original_late_allcell	673	BRAF	down	late_allcell_DPN_vs_diabetes
original_late_allcell	6745	SSR1	down	late_allcell_DPN_vs_diabetes
original_late_allcell	6748	SSR4	down	late_allcell_DPN_vs_diabetes
original_late_allcell	6750	SST	down	late_allcell_DPN_vs_diabetes
original_late_allcell	6769	STAC	down	late_allcell_DPN_vs_diabetes
original_late_allcell	6770	STAR	up	late_allcell_DPN_vs_diabetes
original_late_allcell	6775	STAT4	up	late_allcell_DPN_vs_diabetes
original_late_allcell	6782	HSPA13	down	late_allcell_DPN_vs_diabetes
original_late_allcell	6785	ELOVL4	down	late_allcell_DPN_vs_diabetes
original_late_allcell	6810	STX4	up	late_allcell_DPN_vs_diabetes
original_late_allcell	6833	ABCC8	down	late_allcell_DPN_vs_diabetes
original_late_allcell	6836	SURF4	down	late_allcell_DPN_vs_diabetes
original_late_allcell	6837	MED22	up	late_allcell_DPN_vs_diabetes
original_late_allcell	6840	SVIL	up	late_allcell_DPN_vs_diabetes
original_late_allcell	685	BTC	up	late_allcell_DPN_vs_diabetes
original_late_allcell	6855	SYP	down	late_allcell_DPN_vs_diabetes
original_late_allcell	6856	SYPL1	down	late_allcell_DPN_vs_diabetes
original_late_allcell	6857	SYT1	down	late_allcell_DPN_vs_diabetes
original_late_allcell	6860	SYT4	down	late_allcell_DPN_vs_diabetes
original_late_allcell	6863	TAC1	down	late_allcell_DPN_vs_diabetes
original_late_allcell	6874	TAF4	up	late_allcell_DPN_vs_diabetes
original_late_allcell	688	KLF5	down	late_allcell_DPN_vs_diabetes
original_late_allcell	6886	TAL1	up	late_allcell_DPN_vs_diabetes
original_late_allcell	6895	TARBP2	up	late_allcell_DPN_vs_diabetes
original_late_allcell	6899	TBX1	up	late_allcell_DPN_vs_diabetes
original_late_allcell	6900	CNTN2	down	late_allcell_DPN_vs_diabetes
original_late_allcell	6911	TBX6	up	late_allcell_DPN_vs_diabetes
original_late_allcell	6915	TBXA2R	up	late_allcell_DPN_vs_diabetes
original_late_allcell	6920	TCEA3	up	late_allcell_DPN_vs_diabetes
original_late_allcell	6925	TCF4	up	late_allcell_DPN_vs_diabetes
original_late_allcell	6929	TCF3	up	late_allcell_DPN_vs_diabetes
original_late_allcell	6932	TCF7	up	late_allcell_DPN_vs_diabetes
original_late_allcell	6934	TCF7L2	up	late_allcell_DPN_vs_diabetes
original_late_allcell	6949	TCOF1	up	late_allcell_DPN_vs_diabetes
original_late_allcell	699	BUB1	down	late_allcell_DPN_vs_diabetes
original_late_allcell	6991	DYNLT2	up	late_allcell_DPN_vs_diabetes
original_late_allcell	7003	TEAD1	up	late_allcell_DPN_vs_diabetes
original_late_allcell	7010	TEK	up	late_allcell_DPN_vs_diabetes
original_late_allcell	7018	TF	down	late_allcell_DPN_vs_diabetes
original_late_allcell	7027	TFDP1	down	late_allcell_DPN_vs_diabetes
original_late_allcell	7038	TG	up	late_allcell_DPN_vs_diabetes
original_late_allcell	7039	TGFA	down	late_allcell_DPN_vs_diabetes
original_late_allcell	7042	TGFB2	down	late_allcell_DPN_vs_diabetes
original_late_allcell	7043	TGFB3	up	late_allcell_DPN_vs_diabetes
original_late_allcell	7057	THBS1	down	late_allcell_DPN_vs_diabetes
original_late_allcell	7060	THBS4	down	late_allcell_DPN_vs_diabetes
original_late_allcell	7066	THPO	up	late_allcell_DPN_vs_diabetes
original_late_allcell	7068	THRB	up	late_allcell_DPN_vs_diabetes
original_late_allcell	7069	THRSP	up	late_allcell_DPN_vs_diabetes
original_late_allcell	7070	THY1	down	late_allcell_DPN_vs_diabetes
original_late_allcell	7071	KLF10	up	late_allcell_DPN_vs_diabetes
original_late_allcell	7075	TIE1	up	late_allcell_DPN_vs_diabetes
original_late_allcell	7076	TIMP1	down	late_allcell_DPN_vs_diabetes
original_late_allcell	7079	TIMP4	down	late_allcell_DPN_vs_diabetes
original_late_allcell	708	C1QBP	down	late_allcell_DPN_vs_diabetes
original_late_allcell	7092	TLL1	up	late_allcell_DPN_vs_diabetes
original_late_allcell	7096	TLR1	down	late_allcell_DPN_vs_diabetes
original_late_allcell	7097	TLR2	down	late_allcell_DPN_vs_diabetes
original_late_allcell	7098	TLR3	down	late_allcell_DPN_vs_diabetes
original_late_allcell	7099	TLR4	down	late_allcell_DPN_vs_diabetes
original_late_allcell	7100	TLR5	down	late_allcell_DPN_vs_diabetes
original_late_allcell	7102	TSPAN7	down	late_allcell_DPN_vs_diabetes
original_late_allcell	7105	TSPAN6	down	late_allcell_DPN_vs_diabetes
original_late_allcell	7111	TMOD1	down	late_allcell_DPN_vs_diabetes
original_late_allcell	7113	TMPRSS2	down	late_allcell_DPN_vs_diabetes
original_late_allcell	7124	TNF	down	late_allcell_DPN_vs_diabetes
original_late_allcell	7125	TNNC2	up	late_allcell_DPN_vs_diabetes
original_late_allcell	7128	TNFAIP3	up	late_allcell_DPN_vs_diabetes
original_late_allcell	713	C1QB	down	late_allcell_DPN_vs_diabetes
original_late_allcell	7134	TNNC1	down	late_allcell_DPN_vs_diabetes
original_late_allcell	7138	TNNT1	up	late_allcell_DPN_vs_diabetes
original_late_allcell	714	C1QC	down	late_allcell_DPN_vs_diabetes
original_late_allcell	7140	TNNT3	up	late_allcell_DPN_vs_diabetes
original_late_allcell	7143	TNR	down	late_allcell_DPN_vs_diabetes
original_late_allcell	7163	TPD52	down	late_allcell_DPN_vs_diabetes
original_late_allcell	7169	TPM2	up	late_allcell_DPN_vs_diabetes
original_late_allcell	7171	TPM4	down	late_allcell_DPN_vs_diabetes
original_late_allcell	718	C3	down	late_allcell_DPN_vs_diabetes
original_late_allcell	7185	TRAF1	up	late_allcell_DPN_vs_diabetes
original_late_allcell	7186	TRAF2	up	late_allcell_DPN_vs_diabetes
original_late_allcell	7187	TRAF3	up	late_allcell_DPN_vs_diabetes
original_late_allcell	72	ACTG2	up	late_allcell_DPN_vs_diabetes
original_late_allcell	721	C4B	down	late_allcell_DPN_vs_diabetes
original_late_allcell	7224	TRPC5	down	late_allcell_DPN_vs_diabetes
original_late_allcell	7267	TTC3	down	late_allcell_DPN_vs_diabetes
original_late_allcell	7274	TTPA	down	late_allcell_DPN_vs_diabetes
original_late_allcell	727897	MUC5B	up	late_allcell_DPN_vs_diabetes
original_late_allcell	727910	TLCD2	up	late_allcell_DPN_vs_diabetes
original_late_allcell	727957	MROH1	up	late_allcell_DPN_vs_diabetes
original_late_allcell	728	C5AR1	up	late_allcell_DPN_vs_diabetes
original_late_allcell	728489	DNLZ	up	late_allcell_DPN_vs_diabetes
original_late_allcell	728577	CNTNAP3B	down	late_allcell_DPN_vs_diabetes
original_late_allcell	7286	TUFT1	up	late_allcell_DPN_vs_diabetes
original_late_allcell	728763	CROCC2	up	late_allcell_DPN_vs_diabetes
original_late_allcell	7289	TULP3	up	late_allcell_DPN_vs_diabetes
original_late_allcell	729	C6	up	late_allcell_DPN_vs_diabetes
original_late_allcell	729085	GASK1A	down	late_allcell_DPN_vs_diabetes
original_late_allcell	729359	PLIN4	up	late_allcell_DPN_vs_diabetes
original_late_allcell	7294	TXK	down	late_allcell_DPN_vs_diabetes
original_late_allcell	730	C7	down	late_allcell_DPN_vs_diabetes
original_late_allcell	730130	TMEM229A	down	late_allcell_DPN_vs_diabetes
original_late_allcell	7306	TYRP1	down	late_allcell_DPN_vs_diabetes
original_late_allcell	7314	UBB	down	late_allcell_DPN_vs_diabetes
original_late_allcell	7316	UBC	down	late_allcell_DPN_vs_diabetes
original_late_allcell	7321	UBE2D1	down	late_allcell_DPN_vs_diabetes
original_late_allcell	7332	UBE2L3	down	late_allcell_DPN_vs_diabetes
original_late_allcell	7334	UBE2N	down	late_allcell_DPN_vs_diabetes
original_late_allcell	7335	UBE2V1	down	late_allcell_DPN_vs_diabetes
original_late_allcell	734	OSGIN2	down	late_allcell_DPN_vs_diabetes
original_late_allcell	7355	SLC35A2	down	late_allcell_DPN_vs_diabetes
original_late_allcell	7388	UQCRH	down	late_allcell_DPN_vs_diabetes
original_late_allcell	7410	VAV2	up	late_allcell_DPN_vs_diabetes
original_late_allcell	7416	VDAC1	down	late_allcell_DPN_vs_diabetes
original_late_allcell	7425	VGF	down	late_allcell_DPN_vs_diabetes
original_late_allcell	7432	VIP	up	late_allcell_DPN_vs_diabetes
original_late_allcell	7434	VIPR2	up	late_allcell_DPN_vs_diabetes
original_late_allcell	7447	VSNL1	down	late_allcell_DPN_vs_diabetes
original_late_allcell	7450	VWF	up	late_allcell_DPN_vs_diabetes
original_late_allcell	7476	WNT7A	down	late_allcell_DPN_vs_diabetes
original_late_allcell	7477	WNT7B	down	late_allcell_DPN_vs_diabetes
original_late_allcell	7504	XK	down	late_allcell_DPN_vs_diabetes
original_late_allcell	751071	CSKMT	up	late_allcell_DPN_vs_diabetes
original_late_allcell	7512	XPNPEP2	up	late_allcell_DPN_vs_diabetes
original_late_allcell	7535	ZAP70	up	late_allcell_DPN_vs_diabetes
original_late_allcell	7544	ZFY	down	late_allcell_DPN_vs_diabetes
original_late_allcell	7552	ZNF711	down	late_allcell_DPN_vs_diabetes
original_late_allcell	7582	ZNF33B	down	late_allcell_DPN_vs_diabetes
original_late_allcell	7593	MZF1	up	late_allcell_DPN_vs_diabetes
original_late_allcell	760	CA2	down	late_allcell_DPN_vs_diabetes
original_late_allcell	7621	ZNF70	up	late_allcell_DPN_vs_diabetes
original_late_allcell	7625	ZNF74	up	late_allcell_DPN_vs_diabetes
original_late_allcell	7637	ZNF84	up	late_allcell_DPN_vs_diabetes
original_late_allcell	7638	ZNF221	up	late_allcell_DPN_vs_diabetes
original_late_allcell	7678	ZNF124	down	late_allcell_DPN_vs_diabetes
original_late_allcell	768206	PRCD	up	late_allcell_DPN_vs_diabetes
original_late_allcell	7704	ZBTB16	up	late_allcell_DPN_vs_diabetes
original_late_allcell	7710	ZNF154	down	late_allcell_DPN_vs_diabetes
original_late_allcell	7716	VEZF1	down	late_allcell_DPN_vs_diabetes
original_late_allcell	7739	ZNF185	down	late_allcell_DPN_vs_diabetes
original_late_allcell	774	CACNA1B	down	late_allcell_DPN_vs_diabetes
original_late_allcell	7750	ZMYM2	down	late_allcell_DPN_vs_diabetes
original_late_allcell	7755	ZNF205	up	late_allcell_DPN_vs_diabetes
original_late_allcell	776	CACNA1D	down	late_allcell_DPN_vs_diabetes
original_late_allcell	7762	ZNF215	up	late_allcell_DPN_vs_diabetes
original_late_allcell	777	CACNA1E	down	late_allcell_DPN_vs_diabetes
original_late_allcell	7773	ZNF230	up	late_allcell_DPN_vs_diabetes
original_late_allcell	7779	SLC30A1	down	late_allcell_DPN_vs_diabetes
original_late_allcell	7781	SLC30A3	up	late_allcell_DPN_vs_diabetes
original_late_allcell	7805	LAPTM5	down	late_allcell_DPN_vs_diabetes
original_late_allcell	780776	TVP23A	up	late_allcell_DPN_vs_diabetes
original_late_allcell	783	CACNB2	down	late_allcell_DPN_vs_diabetes
original_late_allcell	7846	TUBA1A	down	late_allcell_DPN_vs_diabetes
original_late_allcell	7849	PAX8	down	late_allcell_DPN_vs_diabetes
original_late_allcell	7857	SCG2	down	late_allcell_DPN_vs_diabetes
original_late_allcell	78995	HROB	down	late_allcell_DPN_vs_diabetes
original_late_allcell	78997	GDAP1L1	down	late_allcell_DPN_vs_diabetes
original_late_allcell	79006	METRN	down	late_allcell_DPN_vs_diabetes
original_late_allcell	79007	DBNDD1	down	late_allcell_DPN_vs_diabetes
original_late_allcell	79036	KXD1	up	late_allcell_DPN_vs_diabetes
original_late_allcell	79041	TMEM38A	down	late_allcell_DPN_vs_diabetes
original_late_allcell	79047	KCTD15	up	late_allcell_DPN_vs_diabetes
original_late_allcell	7905	REEP5	down	late_allcell_DPN_vs_diabetes
original_late_allcell	79053	ALG8	down	late_allcell_DPN_vs_diabetes
original_late_allcell	79054	TRPM8	down	late_allcell_DPN_vs_diabetes
original_late_allcell	79071	ELOVL6	down	late_allcell_DPN_vs_diabetes
original_late_allcell	79083	MLPH	up	late_allcell_DPN_vs_diabetes
original_late_allcell	79091	METTL22	up	late_allcell_DPN_vs_diabetes
original_late_allcell	79095	BBLN	down	late_allcell_DPN_vs_diabetes
original_late_allcell	79153	GDPD3	up	late_allcell_DPN_vs_diabetes
original_late_allcell	79155	TNIP2	up	late_allcell_DPN_vs_diabetes
original_late_allcell	79156	PLEKHF1	up	late_allcell_DPN_vs_diabetes
original_late_allcell	79159	NOL12	up	late_allcell_DPN_vs_diabetes
original_late_allcell	79165	LENG1	up	late_allcell_DPN_vs_diabetes
original_late_allcell	79168	LILRA6	up	late_allcell_DPN_vs_diabetes
original_late_allcell	79173	BRME1	up	late_allcell_DPN_vs_diabetes
original_late_allcell	7918	GPANK1	up	late_allcell_DPN_vs_diabetes
original_late_allcell	79190	IRX6	up	late_allcell_DPN_vs_diabetes
original_late_allcell	79442	LRRC2	up	late_allcell_DPN_vs_diabetes
original_late_allcell	79567	RIPOR1	up	late_allcell_DPN_vs_diabetes
original_late_allcell	79586	CHPF	down	late_allcell_DPN_vs_diabetes
original_late_allcell	79589	RNF128	down	late_allcell_DPN_vs_diabetes
original_late_allcell	796	CALCA	down	late_allcell_DPN_vs_diabetes
original_late_allcell	79602	ADIPOR2	down	late_allcell_DPN_vs_diabetes
original_late_allcell	79608	RIC3	down	late_allcell_DPN_vs_diabetes
original_late_allcell	79623	GALNT14	down	late_allcell_DPN_vs_diabetes
original_late_allcell	79624	DCPH1	down	late_allcell_DPN_vs_diabetes
original_late_allcell	79627	OGFRL1	down	late_allcell_DPN_vs_diabetes
original_late_allcell	79639	TMEM53	down	late_allcell_DPN_vs_diabetes
original_late_allcell	79643	CHMP6	up	late_allcell_DPN_vs_diabetes
original_late_allcell	79647	AKIRIN1	down	late_allcell_DPN_vs_diabetes
original_late_allcell	79652	TMEM204	up	late_allcell_DPN_vs_diabetes
original_late_allcell	79654	HECTD3	up	late_allcell_DPN_vs_diabetes
original_late_allcell	79656	BEND5	down	late_allcell_DPN_vs_diabetes
original_late_allcell	79671	NLRX1	up	late_allcell_DPN_vs_diabetes
original_late_allcell	79689	STEAP4	down	late_allcell_DPN_vs_diabetes
original_late_allcell	79695	GALNT12	down	late_allcell_DPN_vs_diabetes
original_late_allcell	797	CALCB	down	late_allcell_DPN_vs_diabetes
original_late_allcell	79705	LRRK1	up	late_allcell_DPN_vs_diabetes
original_late_allcell	79709	COLGALT1	up	late_allcell_DPN_vs_diabetes
original_late_allcell	79714	CCDC51	down	late_allcell_DPN_vs_diabetes
original_late_allcell	79738	BBS10	down	late_allcell_DPN_vs_diabetes
original_late_allcell	79744	ZNF419	down	late_allcell_DPN_vs_diabetes
original_late_allcell	7975	MAFK	up	late_allcell_DPN_vs_diabetes
original_late_allcell	79772	MCTP1	up	late_allcell_DPN_vs_diabetes
original_late_allcell	79776	ZFHX4	down	late_allcell_DPN_vs_diabetes
original_late_allcell	79781	DRC11	down	late_allcell_DPN_vs_diabetes
original_late_allcell	79792	GSDMD	up	late_allcell_DPN_vs_diabetes
original_late_allcell	79794	SPRING1	down	late_allcell_DPN_vs_diabetes
original_late_allcell	79805	VASH2	down	late_allcell_DPN_vs_diabetes
original_late_allcell	79819	DNAI4	down	late_allcell_DPN_vs_diabetes
original_late_allcell	79822	ARHGAP28	up	late_allcell_DPN_vs_diabetes
original_late_allcell	79827	CLMP	up	late_allcell_DPN_vs_diabetes
original_late_allcell	79829	NAA40	up	late_allcell_DPN_vs_diabetes
original_late_allcell	79839	CCDC102B	up	late_allcell_DPN_vs_diabetes
original_late_allcell	79845	RNF122	up	late_allcell_DPN_vs_diabetes
original_late_allcell	79849	NHERF4	up	late_allcell_DPN_vs_diabetes
original_late_allcell	79856	SNX22	down	late_allcell_DPN_vs_diabetes
original_late_allcell	79862	ZNF669	down	late_allcell_DPN_vs_diabetes
original_late_allcell	79874	RABEP2	up	late_allcell_DPN_vs_diabetes
original_late_allcell	79875	THSD4	down	late_allcell_DPN_vs_diabetes
original_late_allcell	79883	PODNL1	up	late_allcell_DPN_vs_diabetes
original_late_allcell	79895	ATP8B4	down	late_allcell_DPN_vs_diabetes
original_late_allcell	79896	THNSL1	down	late_allcell_DPN_vs_diabetes
original_late_allcell	79899	PRR5L	up	late_allcell_DPN_vs_diabetes
original_late_allcell	79901	CYBRD1	down	late_allcell_DPN_vs_diabetes
original_late_allcell	79922	MRM1	up	late_allcell_DPN_vs_diabetes
original_late_allcell	79927	FAM110D	up	late_allcell_DPN_vs_diabetes
original_late_allcell	79947	DHDDS	up	late_allcell_DPN_vs_diabetes
original_late_allcell	79956	ERMP1	down	late_allcell_DPN_vs_diabetes
original_late_allcell	79990	PLEKHH3	up	late_allcell_DPN_vs_diabetes
original_late_allcell	79993	ELOVL7	down	late_allcell_DPN_vs_diabetes
original_late_allcell	79998	ANKRD53	up	late_allcell_DPN_vs_diabetes
original_late_allcell	80000	GREB1L	up	late_allcell_DPN_vs_diabetes
original_late_allcell	80008	TMEM156	down	late_allcell_DPN_vs_diabetes
original_late_allcell	80036	TRPM3	down	late_allcell_DPN_vs_diabetes
original_late_allcell	80059	LRRTM4	down	late_allcell_DPN_vs_diabetes
original_late_allcell	80070	ADAMTS20	down	late_allcell_DPN_vs_diabetes
original_late_allcell	80114	BICC1	up	late_allcell_DPN_vs_diabetes
original_late_allcell	80127	BBOF1	up	late_allcell_DPN_vs_diabetes
original_late_allcell	80142	PTGES2	up	late_allcell_DPN_vs_diabetes
original_late_allcell	80149	ZC3H12A	up	late_allcell_DPN_vs_diabetes
original_late_allcell	80176	SPSB1	up	late_allcell_DPN_vs_diabetes
original_late_allcell	80177	MYCT1	up	late_allcell_DPN_vs_diabetes
original_late_allcell	80213	TM2D3	down	late_allcell_DPN_vs_diabetes
original_late_allcell	80216	ALPK1	down	late_allcell_DPN_vs_diabetes
original_late_allcell	80219	COQ10B	down	late_allcell_DPN_vs_diabetes
original_late_allcell	80221	ACSF2	up	late_allcell_DPN_vs_diabetes
original_late_allcell	80231	TASL	down	late_allcell_DPN_vs_diabetes
original_late_allcell	80243	PREX2	up	late_allcell_DPN_vs_diabetes
original_late_allcell	80270	HSD3B7	up	late_allcell_DPN_vs_diabetes
original_late_allcell	80305	TRABD	up	late_allcell_DPN_vs_diabetes
original_late_allcell	80309	SPHKAP	down	late_allcell_DPN_vs_diabetes
original_late_allcell	80310	PDGFD	down	late_allcell_DPN_vs_diabetes
original_late_allcell	80313	LRRC27	up	late_allcell_DPN_vs_diabetes
original_late_allcell	80324	PUS1	up	late_allcell_DPN_vs_diabetes
original_late_allcell	80325	ABTB1	up	late_allcell_DPN_vs_diabetes
original_late_allcell	80335	WDR82	down	late_allcell_DPN_vs_diabetes
original_late_allcell	80339	PNPLA3	down	late_allcell_DPN_vs_diabetes
original_late_allcell	80351	TNKS2	down	late_allcell_DPN_vs_diabetes
original_late_allcell	80380	PDCD1LG2	up	late_allcell_DPN_vs_diabetes
original_late_allcell	8061	FOSL1	up	late_allcell_DPN_vs_diabetes
original_late_allcell	80704	SLC19A3	up	late_allcell_DPN_vs_diabetes
original_late_allcell	80714	PBX4	up	late_allcell_DPN_vs_diabetes
original_late_allcell	80737	VWA7	down	late_allcell_DPN_vs_diabetes
original_late_allcell	80746	TSEN2	down	late_allcell_DPN_vs_diabetes
original_late_allcell	80758	PRR7	down	late_allcell_DPN_vs_diabetes
original_late_allcell	80765	STARD5	up	late_allcell_DPN_vs_diabetes
original_late_allcell	80830	APOL6	up	late_allcell_DPN_vs_diabetes
original_late_allcell	80833	APOL3	up	late_allcell_DPN_vs_diabetes
original_late_allcell	80852	GRIP2	up	late_allcell_DPN_vs_diabetes
original_late_allcell	80856	LNPK	down	late_allcell_DPN_vs_diabetes
original_late_allcell	80896	NPL	up	late_allcell_DPN_vs_diabetes
original_late_allcell	81030	ZBP1	up	late_allcell_DPN_vs_diabetes
original_late_allcell	81033	KCNH6	down	late_allcell_DPN_vs_diabetes
original_late_allcell	81034	SLC25A32	down	late_allcell_DPN_vs_diabetes
original_late_allcell	8120	AP3B2	down	late_allcell_DPN_vs_diabetes
original_late_allcell	81466	OR2L5	down	late_allcell_DPN_vs_diabetes
original_late_allcell	815	CAMK2A	down	late_allcell_DPN_vs_diabetes
original_late_allcell	8153	RND2	down	late_allcell_DPN_vs_diabetes
original_late_allcell	81532	MOB2	up	late_allcell_DPN_vs_diabetes
original_late_allcell	81542	TMX1	down	late_allcell_DPN_vs_diabetes
original_late_allcell	81553	CYRIA	up	late_allcell_DPN_vs_diabetes
original_late_allcell	81578	COL21A1	up	late_allcell_DPN_vs_diabetes
original_late_allcell	81614	NIPA2	down	late_allcell_DPN_vs_diabetes
original_late_allcell	81615	TMEM163	down	late_allcell_DPN_vs_diabetes
original_late_allcell	81618	ITM2C	down	late_allcell_DPN_vs_diabetes
original_late_allcell	81620	CDT1	up	late_allcell_DPN_vs_diabetes
original_late_allcell	81631	MAP1LC3B	down	late_allcell_DPN_vs_diabetes
original_late_allcell	81689	ISCA1	down	late_allcell_DPN_vs_diabetes
original_late_allcell	81693	AMN	up	late_allcell_DPN_vs_diabetes
original_late_allcell	8174	MADCAM1	up	late_allcell_DPN_vs_diabetes
original_late_allcell	8178	ELL	up	late_allcell_DPN_vs_diabetes
original_late_allcell	81786	TRIM7	up	late_allcell_DPN_vs_diabetes
original_late_allcell	81788	NUAK2	up	late_allcell_DPN_vs_diabetes
original_late_allcell	81792	ADAMTS12	up	late_allcell_DPN_vs_diabetes
original_late_allcell	81794	ADAMTS10	up	late_allcell_DPN_vs_diabetes
original_late_allcell	81796	SLCO5A1	down	late_allcell_DPN_vs_diabetes
original_late_allcell	81831	NETO2	down	late_allcell_DPN_vs_diabetes
original_late_allcell	81848	SPRY4	up	late_allcell_DPN_vs_diabetes
original_late_allcell	81855	SFXN3	up	late_allcell_DPN_vs_diabetes
original_late_allcell	81858	SHARPIN	up	late_allcell_DPN_vs_diabetes
original_late_allcell	81890	QTRT1	up	late_allcell_DPN_vs_diabetes
original_late_allcell	819	CAMLG	down	late_allcell_DPN_vs_diabetes
original_late_allcell	8190	MIA	down	late_allcell_DPN_vs_diabetes
original_late_allcell	821	CANX	down	late_allcell_DPN_vs_diabetes
original_late_allcell	8225	GTPBP6	up	late_allcell_DPN_vs_diabetes
original_late_allcell	8228	PNPLA4	down	late_allcell_DPN_vs_diabetes
original_late_allcell	824	CAPN2	up	late_allcell_DPN_vs_diabetes
original_late_allcell	8260	NAA10	up	late_allcell_DPN_vs_diabetes
original_late_allcell	8269	TMEM187	down	late_allcell_DPN_vs_diabetes
original_late_allcell	828	CAPS	up	late_allcell_DPN_vs_diabetes
original_late_allcell	8287	USP9Y	down	late_allcell_DPN_vs_diabetes
original_late_allcell	8315	BRAP	down	late_allcell_DPN_vs_diabetes
original_late_allcell	8317	CDC7	down	late_allcell_DPN_vs_diabetes
original_late_allcell	8321	FZD1	down	late_allcell_DPN_vs_diabetes
original_late_allcell	8322	FZD4	up	late_allcell_DPN_vs_diabetes
original_late_allcell	8324	FZD7	down	late_allcell_DPN_vs_diabetes
original_late_allcell	8325	FZD8	down	late_allcell_DPN_vs_diabetes
original_late_allcell	83259	PCDH11Y	down	late_allcell_DPN_vs_diabetes
original_late_allcell	833	CARS1	up	late_allcell_DPN_vs_diabetes
original_late_allcell	8334	H2AC6	up	late_allcell_DPN_vs_diabetes
original_late_allcell	83442	SH3BGRL3	down	late_allcell_DPN_vs_diabetes
original_late_allcell	83444	INO80B	up	late_allcell_DPN_vs_diabetes
original_late_allcell	8345	H2BC9	down	late_allcell_DPN_vs_diabetes
original_late_allcell	83450	DRC3	up	late_allcell_DPN_vs_diabetes
original_late_allcell	83480	PUS3	down	late_allcell_DPN_vs_diabetes
original_late_allcell	83481	EPPK1	down	late_allcell_DPN_vs_diabetes
original_late_allcell	83538	ODAD4	up	late_allcell_DPN_vs_diabetes
original_late_allcell	83539	CHST9	down	late_allcell_DPN_vs_diabetes
original_late_allcell	83546	RTBDN	down	late_allcell_DPN_vs_diabetes
original_late_allcell	83547	RILP	up	late_allcell_DPN_vs_diabetes
original_late_allcell	836	CASP3	down	late_allcell_DPN_vs_diabetes
original_late_allcell	83604	TMEM47	down	late_allcell_DPN_vs_diabetes
original_late_allcell	8364	H4C3	down	late_allcell_DPN_vs_diabetes
original_late_allcell	83640	RAMAC	down	late_allcell_DPN_vs_diabetes
original_late_allcell	83643	CCDC3	down	late_allcell_DPN_vs_diabetes
original_late_allcell	83648	FAM167A	down	late_allcell_DPN_vs_diabetes
original_late_allcell	83658	DYNLRB1	down	late_allcell_DPN_vs_diabetes
original_late_allcell	83690	CRISPLD1	down	late_allcell_DPN_vs_diabetes
original_late_allcell	83700	JAM3	down	late_allcell_DPN_vs_diabetes
original_late_allcell	83706	FERMT3	up	late_allcell_DPN_vs_diabetes
original_late_allcell	83716	CRISPLD2	up	late_allcell_DPN_vs_diabetes
original_late_allcell	83723	TLCD3B	down	late_allcell_DPN_vs_diabetes
original_late_allcell	83759	RBM4B	up	late_allcell_DPN_vs_diabetes
original_late_allcell	83786	FRMD8	up	late_allcell_DPN_vs_diabetes
original_late_allcell	83787	ARMC10	down	late_allcell_DPN_vs_diabetes
original_late_allcell	8382	NME5	down	late_allcell_DPN_vs_diabetes
original_late_allcell	83850	ESYT3	up	late_allcell_DPN_vs_diabetes
original_late_allcell	83854	ANGPTL6	down	late_allcell_DPN_vs_diabetes
original_late_allcell	83856	FSD1L	down	late_allcell_DPN_vs_diabetes
original_late_allcell	83872	HMCN1	up	late_allcell_DPN_vs_diabetes
original_late_allcell	83878	USHBP1	up	late_allcell_DPN_vs_diabetes
original_late_allcell	83888	FGFBP2	up	late_allcell_DPN_vs_diabetes
original_late_allcell	83890	SPATA9	up	late_allcell_DPN_vs_diabetes
original_late_allcell	83933	HDAC10	up	late_allcell_DPN_vs_diabetes
original_late_allcell	83942	TSSK1B	up	late_allcell_DPN_vs_diabetes
original_late_allcell	8398	PLA2G6	up	late_allcell_DPN_vs_diabetes
original_late_allcell	84000	TMPRSS13	up	late_allcell_DPN_vs_diabetes
original_late_allcell	84002	B3GNT5	down	late_allcell_DPN_vs_diabetes
original_late_allcell	84033	OBSCN	up	late_allcell_DPN_vs_diabetes
original_late_allcell	84034	EMILIN2	up	late_allcell_DPN_vs_diabetes
original_late_allcell	84059	ADGRV1	down	late_allcell_DPN_vs_diabetes
original_late_allcell	84060	RBM48	down	late_allcell_DPN_vs_diabetes
original_late_allcell	84061	MAGT1	down	late_allcell_DPN_vs_diabetes
original_late_allcell	84065	TMEM222	down	late_allcell_DPN_vs_diabetes
original_late_allcell	84072	HORMAD1	up	late_allcell_DPN_vs_diabetes
original_late_allcell	84074	QRICH2	up	late_allcell_DPN_vs_diabetes
original_late_allcell	84078	KBTBD7	down	late_allcell_DPN_vs_diabetes
original_late_allcell	8408	ULK1	up	late_allcell_DPN_vs_diabetes
original_late_allcell	84083	ZRANB3	down	late_allcell_DPN_vs_diabetes
original_late_allcell	84084	RAB6C	down	late_allcell_DPN_vs_diabetes
original_late_allcell	84085	FBXO30	down	late_allcell_DPN_vs_diabetes
original_late_allcell	84107	ZIC4	up	late_allcell_DPN_vs_diabetes
original_late_allcell	84109	QRFPR	down	late_allcell_DPN_vs_diabetes
original_late_allcell	84144	SYDE2	down	late_allcell_DPN_vs_diabetes
original_late_allcell	84166	NLRC5	up	late_allcell_DPN_vs_diabetes
original_late_allcell	84179	SLC49A3	up	late_allcell_DPN_vs_diabetes
original_late_allcell	84182	MINDY4	up	late_allcell_DPN_vs_diabetes
original_late_allcell	84186	ZCCHC7	up	late_allcell_DPN_vs_diabetes
original_late_allcell	842	CASP9	up	late_allcell_DPN_vs_diabetes
original_late_allcell	84219	WDR24	up	late_allcell_DPN_vs_diabetes
original_late_allcell	84221	SPATC1L	down	late_allcell_DPN_vs_diabetes
original_late_allcell	84231	TRAF7	up	late_allcell_DPN_vs_diabetes
original_late_allcell	84245	MRI1	up	late_allcell_DPN_vs_diabetes
original_late_allcell	84249	PSD2	down	late_allcell_DPN_vs_diabetes
original_late_allcell	84251	SGIP1	down	late_allcell_DPN_vs_diabetes
original_late_allcell	84260	TCHP	up	late_allcell_DPN_vs_diabetes
original_late_allcell	84275	SLC25A33	down	late_allcell_DPN_vs_diabetes
original_late_allcell	84288	DRC8	up	late_allcell_DPN_vs_diabetes
original_late_allcell	84289	ING5	up	late_allcell_DPN_vs_diabetes
original_late_allcell	84296	GINS4	up	late_allcell_DPN_vs_diabetes
original_late_allcell	84302	PGAP4	down	late_allcell_DPN_vs_diabetes
original_late_allcell	84333	PCGF5	down	late_allcell_DPN_vs_diabetes
original_late_allcell	84417	ECRG4	down	late_allcell_DPN_vs_diabetes
original_late_allcell	84439	HHIPL1	up	late_allcell_DPN_vs_diabetes
original_late_allcell	84457	PHYHIPL	down	late_allcell_DPN_vs_diabetes
original_late_allcell	84460	ZMAT1	down	late_allcell_DPN_vs_diabetes
original_late_allcell	84466	MEGF10	down	late_allcell_DPN_vs_diabetes
original_late_allcell	8448	DOC2A	up	late_allcell_DPN_vs_diabetes
original_late_allcell	84518	CNFN	down	late_allcell_DPN_vs_diabetes
original_late_allcell	84522	JAGN1	down	late_allcell_DPN_vs_diabetes
original_late_allcell	84541	KBTBD8	down	late_allcell_DPN_vs_diabetes
original_late_allcell	84553	FAXC	down	late_allcell_DPN_vs_diabetes
original_late_allcell	84570	COL25A1	down	late_allcell_DPN_vs_diabetes
original_late_allcell	8462	KLF11	up	late_allcell_DPN_vs_diabetes
original_late_allcell	84622	ZNF594	up	late_allcell_DPN_vs_diabetes
original_late_allcell	84623	KIRREL3	down	late_allcell_DPN_vs_diabetes
original_late_allcell	84628	NTNG2	down	late_allcell_DPN_vs_diabetes
original_late_allcell	8463	TEAD2	up	late_allcell_DPN_vs_diabetes
original_late_allcell	84631	SLITRK2	down	late_allcell_DPN_vs_diabetes
original_late_allcell	84649	DGAT2	up	late_allcell_DPN_vs_diabetes
original_late_allcell	84667	HES7	up	late_allcell_DPN_vs_diabetes
original_late_allcell	84668	HYCC1	down	late_allcell_DPN_vs_diabetes
original_late_allcell	84679	SLC9A7	down	late_allcell_DPN_vs_diabetes
original_late_allcell	84684	INSM2	down	late_allcell_DPN_vs_diabetes
original_late_allcell	84690	SPATA22	down	late_allcell_DPN_vs_diabetes
original_late_allcell	84722	PSRC1	up	late_allcell_DPN_vs_diabetes
original_late_allcell	84735	CNDP1	down	late_allcell_DPN_vs_diabetes
original_late_allcell	8476	CDC42BPA	down	late_allcell_DPN_vs_diabetes
original_late_allcell	84766	CRACR2A	up	late_allcell_DPN_vs_diabetes
original_late_allcell	84787	KMT5C	up	late_allcell_DPN_vs_diabetes
original_late_allcell	84795	PYROXD2	up	late_allcell_DPN_vs_diabetes
original_late_allcell	84803	GPAT3	up	late_allcell_DPN_vs_diabetes
original_late_allcell	84807	NFKBID	up	late_allcell_DPN_vs_diabetes
original_late_allcell	84818	IL17RC	up	late_allcell_DPN_vs_diabetes
original_late_allcell	84824	FCRLA	down	late_allcell_DPN_vs_diabetes
original_late_allcell	84833	ATP5MK	down	late_allcell_DPN_vs_diabetes
original_late_allcell	84842	HPDL	down	late_allcell_DPN_vs_diabetes
original_late_allcell	84865	CCDC142	up	late_allcell_DPN_vs_diabetes
original_late_allcell	84867	PTPN5	down	late_allcell_DPN_vs_diabetes
original_late_allcell	84879	MFSD2A	down	late_allcell_DPN_vs_diabetes
original_late_allcell	84888	SPPL2A	down	late_allcell_DPN_vs_diabetes
original_late_allcell	84892	POMGNT2	down	late_allcell_DPN_vs_diabetes
original_late_allcell	84894	LINGO1	down	late_allcell_DPN_vs_diabetes
original_late_allcell	84895	MIGA2	up	late_allcell_DPN_vs_diabetes
original_late_allcell	84896	ATAD1	down	late_allcell_DPN_vs_diabetes
original_late_allcell	84905	ZNF341	up	late_allcell_DPN_vs_diabetes
original_late_allcell	84913	ATOH8	up	late_allcell_DPN_vs_diabetes
original_late_allcell	8492	PRSS12	down	late_allcell_DPN_vs_diabetes
original_late_allcell	8493	PPM1D	up	late_allcell_DPN_vs_diabetes
original_late_allcell	84936	ZFYVE19	up	late_allcell_DPN_vs_diabetes
original_late_allcell	84944	MAEL	down	late_allcell_DPN_vs_diabetes
original_late_allcell	84945	ABHD13	down	late_allcell_DPN_vs_diabetes
original_late_allcell	84952	CGNL1	up	late_allcell_DPN_vs_diabetes
original_late_allcell	84957	RELT	up	late_allcell_DPN_vs_diabetes
original_late_allcell	84958	SYTL1	up	late_allcell_DPN_vs_diabetes
original_late_allcell	8497	PPFIA4	up	late_allcell_DPN_vs_diabetes
original_late_allcell	84976	DISP1	down	late_allcell_DPN_vs_diabetes
original_late_allcell	84986	ARHGAP19	down	late_allcell_DPN_vs_diabetes
original_late_allcell	84988	PPP1R16A	up	late_allcell_DPN_vs_diabetes
original_late_allcell	85013	TMEM128	down	late_allcell_DPN_vs_diabetes
original_late_allcell	85025	TMEM60	down	late_allcell_DPN_vs_diabetes
original_late_allcell	8516	ITGA8	up	late_allcell_DPN_vs_diabetes
original_late_allcell	8527	DGKD	up	late_allcell_DPN_vs_diabetes
original_late_allcell	85300	ATCAY	down	late_allcell_DPN_vs_diabetes
original_late_allcell	85313	PPIL4	down	late_allcell_DPN_vs_diabetes
original_late_allcell	85315	PAQR8	down	late_allcell_DPN_vs_diabetes
original_late_allcell	85329	LGALS12	up	late_allcell_DPN_vs_diabetes
original_late_allcell	85352	SHISAL1	down	late_allcell_DPN_vs_diabetes
original_late_allcell	85358	SHANK3	up	late_allcell_DPN_vs_diabetes
original_late_allcell	85378	TUBGCP6	up	late_allcell_DPN_vs_diabetes
original_late_allcell	85395	SLX9	up	late_allcell_DPN_vs_diabetes
original_late_allcell	85397	RGS8	up	late_allcell_DPN_vs_diabetes
original_late_allcell	85407	NKD1	up	late_allcell_DPN_vs_diabetes
original_late_allcell	85409	NKD2	up	late_allcell_DPN_vs_diabetes
original_late_allcell	85416	ZIC5	down	late_allcell_DPN_vs_diabetes
original_late_allcell	8544	PIR	up	late_allcell_DPN_vs_diabetes
original_late_allcell	85443	DCLK3	up	late_allcell_DPN_vs_diabetes
original_late_allcell	85450	ITPRIP	up	late_allcell_DPN_vs_diabetes
original_late_allcell	85451	UNK	up	late_allcell_DPN_vs_diabetes
original_late_allcell	85462	FHDC1	down	late_allcell_DPN_vs_diabetes
original_late_allcell	85465	SELENOI	down	late_allcell_DPN_vs_diabetes
original_late_allcell	8547	FCN3	up	late_allcell_DPN_vs_diabetes
original_late_allcell	85474	LBX2	up	late_allcell_DPN_vs_diabetes
original_late_allcell	8549	LGR5	down	late_allcell_DPN_vs_diabetes
original_late_allcell	85508	SCRT2	down	late_allcell_DPN_vs_diabetes
original_late_allcell	8553	BHLHE40	up	late_allcell_DPN_vs_diabetes
original_late_allcell	8557	TCAP	up	late_allcell_DPN_vs_diabetes
original_late_allcell	8560	DEGS1	down	late_allcell_DPN_vs_diabetes
original_late_allcell	8565	YARS1	down	late_allcell_DPN_vs_diabetes
original_late_allcell	8568	RRP1	up	late_allcell_DPN_vs_diabetes
original_late_allcell	8569	MKNK1	up	late_allcell_DPN_vs_diabetes
original_late_allcell	8601	RGS20	up	late_allcell_DPN_vs_diabetes
original_late_allcell	8605	PLA2G4C	up	late_allcell_DPN_vs_diabetes
original_late_allcell	861	RUNX1	up	late_allcell_DPN_vs_diabetes
original_late_allcell	8612	PLPP2	up	late_allcell_DPN_vs_diabetes
original_late_allcell	8613	PLPP3	up	late_allcell_DPN_vs_diabetes
original_late_allcell	8618	CADPS	down	late_allcell_DPN_vs_diabetes
original_late_allcell	862	RUNX1T1	up	late_allcell_DPN_vs_diabetes
original_late_allcell	8629	JRK	up	late_allcell_DPN_vs_diabetes
original_late_allcell	863	CBFA2T3	up	late_allcell_DPN_vs_diabetes
original_late_allcell	8637	EIF4EBP3	down	late_allcell_DPN_vs_diabetes
original_late_allcell	8639	AOC3	up	late_allcell_DPN_vs_diabetes
original_late_allcell	8642	DCHS1	up	late_allcell_DPN_vs_diabetes
original_late_allcell	8646	CHRD	up	late_allcell_DPN_vs_diabetes
original_late_allcell	8647	ABCB11	up	late_allcell_DPN_vs_diabetes
original_late_allcell	8649	LAMTOR3	down	late_allcell_DPN_vs_diabetes
original_late_allcell	8651	SOCS1	up	late_allcell_DPN_vs_diabetes
original_late_allcell	8659	ALDH4A1	down	late_allcell_DPN_vs_diabetes
original_late_allcell	8660	IRS2	up	late_allcell_DPN_vs_diabetes
original_late_allcell	8671	SLC4A4	down	late_allcell_DPN_vs_diabetes
original_late_allcell	8676	STX11	up	late_allcell_DPN_vs_diabetes
original_late_allcell	868	CBLB	up	late_allcell_DPN_vs_diabetes
original_late_allcell	8694	DGAT1	up	late_allcell_DPN_vs_diabetes
original_late_allcell	8698	S1PR4	up	late_allcell_DPN_vs_diabetes
original_late_allcell	8706	B3GALNT1	down	late_allcell_DPN_vs_diabetes
original_late_allcell	8707	B3GALT2	down	late_allcell_DPN_vs_diabetes
original_late_allcell	8708	B3GALT1	down	late_allcell_DPN_vs_diabetes
original_late_allcell	8711	TNK1	up	late_allcell_DPN_vs_diabetes
original_late_allcell	8714	ABCC3	up	late_allcell_DPN_vs_diabetes
original_late_allcell	8718	TNFRSF25	up	late_allcell_DPN_vs_diabetes
original_late_allcell	8736	MYOM1	up	late_allcell_DPN_vs_diabetes
original_late_allcell	8739	HRK	up	late_allcell_DPN_vs_diabetes
original_late_allcell	87769	GGACT	up	late_allcell_DPN_vs_diabetes
original_late_allcell	8786	RGS11	up	late_allcell_DPN_vs_diabetes
original_late_allcell	8792	TNFRSF11A	down	late_allcell_DPN_vs_diabetes
original_late_allcell	8793	TNFRSF10D	up	late_allcell_DPN_vs_diabetes
original_late_allcell	8795	TNFRSF10B	up	late_allcell_DPN_vs_diabetes
original_late_allcell	8796	SCEL	up	late_allcell_DPN_vs_diabetes
original_late_allcell	8803	SUCLA2	down	late_allcell_DPN_vs_diabetes
original_late_allcell	8807	IL18RAP	up	late_allcell_DPN_vs_diabetes
original_late_allcell	881	CCIN	up	late_allcell_DPN_vs_diabetes
original_late_allcell	8829	NRP1	up	late_allcell_DPN_vs_diabetes
original_late_allcell	883	KYAT1	up	late_allcell_DPN_vs_diabetes
original_late_allcell	8831	SYNGAP1	up	late_allcell_DPN_vs_diabetes
original_late_allcell	8836	GGH	down	late_allcell_DPN_vs_diabetes
original_late_allcell	8839	CCN5	up	late_allcell_DPN_vs_diabetes
original_late_allcell	8843	HCAR3	up	late_allcell_DPN_vs_diabetes
original_late_allcell	8844	KSR1	up	late_allcell_DPN_vs_diabetes
original_late_allcell	8848	TSC22D1	down	late_allcell_DPN_vs_diabetes
original_late_allcell	885	CCK	down	late_allcell_DPN_vs_diabetes
original_late_allcell	8859	WHR1	up	late_allcell_DPN_vs_diabetes
original_late_allcell	886	CCKAR	down	late_allcell_DPN_vs_diabetes
original_late_allcell	8877	SPHK1	up	late_allcell_DPN_vs_diabetes
original_late_allcell	8891	EIF2B3	up	late_allcell_DPN_vs_diabetes
original_late_allcell	8900	CCNA1	down	late_allcell_DPN_vs_diabetes
original_late_allcell	8905	AP1S2	down	late_allcell_DPN_vs_diabetes
original_late_allcell	8906	AP1G2	up	late_allcell_DPN_vs_diabetes
original_late_allcell	891	CCNB1	down	late_allcell_DPN_vs_diabetes
original_late_allcell	8910	SGCE	down	late_allcell_DPN_vs_diabetes
original_late_allcell	8912	CACNA1H	up	late_allcell_DPN_vs_diabetes
original_late_allcell	8927	BSN	down	late_allcell_DPN_vs_diabetes
original_late_allcell	8929	PHOX2B	down	late_allcell_DPN_vs_diabetes
original_late_allcell	8936	WASF1	down	late_allcell_DPN_vs_diabetes
original_late_allcell	8941	CDK5R2	down	late_allcell_DPN_vs_diabetes
original_late_allcell	8973	CHRNA6	down	late_allcell_DPN_vs_diabetes
original_late_allcell	89846	FGD3	up	late_allcell_DPN_vs_diabetes
original_late_allcell	89848	FCHSD1	up	late_allcell_DPN_vs_diabetes
original_late_allcell	89849	ATG16L2	up	late_allcell_DPN_vs_diabetes
original_late_allcell	8989	TRPA1	down	late_allcell_DPN_vs_diabetes
original_late_allcell	89890	KBTBD6	down	late_allcell_DPN_vs_diabetes
original_late_allcell	89891	DYNC2I2	up	late_allcell_DPN_vs_diabetes
original_late_allcell	899	CCNF	up	late_allcell_DPN_vs_diabetes
original_late_allcell	8991	SELENBP1	up	late_allcell_DPN_vs_diabetes
original_late_allcell	8992	ATP6V0E1	down	late_allcell_DPN_vs_diabetes
original_late_allcell	8994	LIMD1	up	late_allcell_DPN_vs_diabetes
original_late_allcell	89958	SAPCD2	down	late_allcell_DPN_vs_diabetes
original_late_allcell	8996	NOL3	up	late_allcell_DPN_vs_diabetes
original_late_allcell	8999	CDKL2	down	late_allcell_DPN_vs_diabetes
original_late_allcell	90007	MIDN	up	late_allcell_DPN_vs_diabetes
original_late_allcell	9001	HAP1	up	late_allcell_DPN_vs_diabetes
original_late_allcell	90113	VWA5B2	down	late_allcell_DPN_vs_diabetes
original_late_allcell	90134	KCNH7	down	late_allcell_DPN_vs_diabetes
original_late_allcell	90139	TSPAN18	down	late_allcell_DPN_vs_diabetes
original_late_allcell	90161	HS6ST2	down	late_allcell_DPN_vs_diabetes
original_late_allcell	90203	SNX21	up	late_allcell_DPN_vs_diabetes
original_late_allcell	9024	BRSK2	down	late_allcell_DPN_vs_diabetes
original_late_allcell	9026	HIP1R	up	late_allcell_DPN_vs_diabetes
original_late_allcell	90273	CEACAM21	down	late_allcell_DPN_vs_diabetes
original_late_allcell	90355	MACIR	down	late_allcell_DPN_vs_diabetes
original_late_allcell	90362	FAM110B	up	late_allcell_DPN_vs_diabetes
original_late_allcell	9040	UBE2M	down	late_allcell_DPN_vs_diabetes
original_late_allcell	90427	BMF	up	late_allcell_DPN_vs_diabetes
original_late_allcell	9046	DOK2	up	late_allcell_DPN_vs_diabetes
original_late_allcell	9047	SH2D2A	up	late_allcell_DPN_vs_diabetes
original_late_allcell	90507	SCRN2	up	late_allcell_DPN_vs_diabetes
original_late_allcell	9051	PSTPIP1	up	late_allcell_DPN_vs_diabetes
original_late_allcell	90525	SHF	up	late_allcell_DPN_vs_diabetes
original_late_allcell	90527	DUOXA1	up	late_allcell_DPN_vs_diabetes
original_late_allcell	90592	ZNF700	down	late_allcell_DPN_vs_diabetes
original_late_allcell	90594	ZNF439	down	late_allcell_DPN_vs_diabetes
original_late_allcell	9061	PAPSS1	down	late_allcell_DPN_vs_diabetes
original_late_allcell	90634	N4BP2L1	down	late_allcell_DPN_vs_diabetes
original_late_allcell	9066	SYT7	down	late_allcell_DPN_vs_diabetes
original_late_allcell	90665	TBL1Y	up	late_allcell_DPN_vs_diabetes
original_late_allcell	90668	CARMIL3	down	late_allcell_DPN_vs_diabetes
original_late_allcell	9068	ANGPTL1	up	late_allcell_DPN_vs_diabetes
original_late_allcell	9069	CLDN12	down	late_allcell_DPN_vs_diabetes
original_late_allcell	90693	CCDC126	down	late_allcell_DPN_vs_diabetes
original_late_allcell	9076	CLDN1	down	late_allcell_DPN_vs_diabetes
original_late_allcell	90780	PYGO2	up	late_allcell_DPN_vs_diabetes
original_late_allcell	90806	ANGEL2	down	late_allcell_DPN_vs_diabetes
original_late_allcell	90835	CFAP119	down	late_allcell_DPN_vs_diabetes
original_late_allcell	9087	TMSB4Y	down	late_allcell_DPN_vs_diabetes
original_late_allcell	90874	ZNF697	up	late_allcell_DPN_vs_diabetes
original_late_allcell	90952	ESAM	up	late_allcell_DPN_vs_diabetes
original_late_allcell	9096	TBX18	up	late_allcell_DPN_vs_diabetes
original_late_allcell	91039	DPP9	up	late_allcell_DPN_vs_diabetes
original_late_allcell	9108	MTMR7	down	late_allcell_DPN_vs_diabetes
original_late_allcell	91137	SLC25A46	down	late_allcell_DPN_vs_diabetes
original_late_allcell	91156	IGFN1	up	late_allcell_DPN_vs_diabetes
original_late_allcell	9118	INA	down	late_allcell_DPN_vs_diabetes
original_late_allcell	912	CD1D	down	late_allcell_DPN_vs_diabetes
original_late_allcell	9121	SLC16A5	up	late_allcell_DPN_vs_diabetes
original_late_allcell	9122	SLC16A4	down	late_allcell_DPN_vs_diabetes
original_late_allcell	9130	FAM50A	up	late_allcell_DPN_vs_diabetes
original_late_allcell	9135	RABEP1	up	late_allcell_DPN_vs_diabetes
original_late_allcell	9136	RRP9	up	late_allcell_DPN_vs_diabetes
original_late_allcell	91368	XTBD1	down	late_allcell_DPN_vs_diabetes
original_late_allcell	9140	ATG12	down	late_allcell_DPN_vs_diabetes
original_late_allcell	9143	SYNGR3	down	late_allcell_DPN_vs_diabetes
original_late_allcell	91433	RCCD1	up	late_allcell_DPN_vs_diabetes
original_late_allcell	91461	PKDCC	up	late_allcell_DPN_vs_diabetes
original_late_allcell	91574	MTRFR	up	late_allcell_DPN_vs_diabetes
original_late_allcell	9159	PCSK7	up	late_allcell_DPN_vs_diabetes
original_late_allcell	91608	RASL10B	up	late_allcell_DPN_vs_diabetes
original_late_allcell	91614	DEPDC7	down	late_allcell_DPN_vs_diabetes
original_late_allcell	91653	BOC	up	late_allcell_DPN_vs_diabetes
original_late_allcell	91752	ZNF804A	down	late_allcell_DPN_vs_diabetes
original_late_allcell	91862	MARVELD3	down	late_allcell_DPN_vs_diabetes
original_late_allcell	91894	C11orf52	up	late_allcell_DPN_vs_diabetes
original_late_allcell	9196	KCNAB3	up	late_allcell_DPN_vs_diabetes
original_late_allcell	920	CD4	down	late_allcell_DPN_vs_diabetes
original_late_allcell	92002	CCNQ	down	late_allcell_DPN_vs_diabetes
original_late_allcell	9211	LGI1	down	late_allcell_DPN_vs_diabetes
original_late_allcell	92270	ATP6AP1L	down	late_allcell_DPN_vs_diabetes
original_late_allcell	9228	DLGAP2	down	late_allcell_DPN_vs_diabetes
original_late_allcell	9229	DLGAP1	down	late_allcell_DPN_vs_diabetes
original_late_allcell	92291	CAPN13	down	late_allcell_DPN_vs_diabetes
original_late_allcell	92293	TMEM132C	up	late_allcell_DPN_vs_diabetes
original_late_allcell	92304	SCGB3A1	down	late_allcell_DPN_vs_diabetes
original_late_allcell	9232	PTTG1	down	late_allcell_DPN_vs_diabetes
original_late_allcell	9235	IL32	up	late_allcell_DPN_vs_diabetes
original_late_allcell	9244	CRLF1	up	late_allcell_DPN_vs_diabetes
original_late_allcell	92482	BBIP1	down	late_allcell_DPN_vs_diabetes
original_late_allcell	9254	CACNA2D2	down	late_allcell_DPN_vs_diabetes
original_late_allcell	92597	MOB1B	down	late_allcell_DPN_vs_diabetes
original_late_allcell	92610	TIFA	down	late_allcell_DPN_vs_diabetes
original_late_allcell	92689	FAM114A1	up	late_allcell_DPN_vs_diabetes
original_late_allcell	92703	TMEM183A	down	late_allcell_DPN_vs_diabetes
original_late_allcell	92737	DNER	down	late_allcell_DPN_vs_diabetes
original_late_allcell	92822	ZNF276	up	late_allcell_DPN_vs_diabetes
original_late_allcell	92840	REEP6	down	late_allcell_DPN_vs_diabetes
original_late_allcell	929	CD14	down	late_allcell_DPN_vs_diabetes
original_late_allcell	9296	ATP6V1F	down	late_allcell_DPN_vs_diabetes
original_late_allcell	9308	CD83	up	late_allcell_DPN_vs_diabetes
original_late_allcell	93109	TMEM44	up	late_allcell_DPN_vs_diabetes
original_late_allcell	9312	KCNB2	down	late_allcell_DPN_vs_diabetes
original_late_allcell	9319	TRIP13	down	late_allcell_DPN_vs_diabetes
original_late_allcell	9322	TRIP10	up	late_allcell_DPN_vs_diabetes
original_late_allcell	93233	ODAD1	up	late_allcell_DPN_vs_diabetes
original_late_allcell	9328	GTF3C5	up	late_allcell_DPN_vs_diabetes
original_late_allcell	9331	B4GALT6	down	late_allcell_DPN_vs_diabetes
original_late_allcell	93380	MMGT1	down	late_allcell_DPN_vs_diabetes
original_late_allcell	93426	SYCE1	up	late_allcell_DPN_vs_diabetes
original_late_allcell	93432	MGAM2	down	late_allcell_DPN_vs_diabetes
original_late_allcell	93487	MAPK1IP1L	down	late_allcell_DPN_vs_diabetes
original_late_allcell	9356	SLC22A6	down	late_allcell_DPN_vs_diabetes
original_late_allcell	9362	CPNE6	down	late_allcell_DPN_vs_diabetes
original_late_allcell	93621	MRFAP1	down	late_allcell_DPN_vs_diabetes
original_late_allcell	9363	RAB33A	down	late_allcell_DPN_vs_diabetes
original_late_allcell	93649	MYOCD	up	late_allcell_DPN_vs_diabetes
original_late_allcell	9368	NHERF1	down	late_allcell_DPN_vs_diabetes
original_late_allcell	9370	ADIPOQ	up	late_allcell_DPN_vs_diabetes
original_late_allcell	9375	TM9SF2	down	late_allcell_DPN_vs_diabetes
original_late_allcell	9378	NRXN1	up	late_allcell_DPN_vs_diabetes
original_late_allcell	9388	LIPG	down	late_allcell_DPN_vs_diabetes
original_late_allcell	94	ACVRL1	up	late_allcell_DPN_vs_diabetes
original_late_allcell	9401	RECQL4	up	late_allcell_DPN_vs_diabetes
original_late_allcell	94031	HTRA3	up	late_allcell_DPN_vs_diabetes
original_late_allcell	94032	CAMK2N2	down	late_allcell_DPN_vs_diabetes
original_late_allcell	94059	LENG9	up	late_allcell_DPN_vs_diabetes
original_late_allcell	94103	ORMDL3	up	late_allcell_DPN_vs_diabetes
original_late_allcell	9420	CYP7B1	down	late_allcell_DPN_vs_diabetes
original_late_allcell	94234	FOXQ1	down	late_allcell_DPN_vs_diabetes
original_late_allcell	9427	ECEL1	down	late_allcell_DPN_vs_diabetes
original_late_allcell	94274	PPP1R14A	up	late_allcell_DPN_vs_diabetes
original_late_allcell	9429	ABCG2	down	late_allcell_DPN_vs_diabetes
original_late_allcell	9447	AIM2	down	late_allcell_DPN_vs_diabetes
original_late_allcell	9453	GGPS1	down	late_allcell_DPN_vs_diabetes
original_late_allcell	9457	FHL5	up	late_allcell_DPN_vs_diabetes
original_late_allcell	9465	AKAP7	down	late_allcell_DPN_vs_diabetes
original_late_allcell	9468	PCYT1B	down	late_allcell_DPN_vs_diabetes
original_late_allcell	9469	CHST3	up	late_allcell_DPN_vs_diabetes
original_late_allcell	9476	NAPSA	up	late_allcell_DPN_vs_diabetes
original_late_allcell	9479	MAPK8IP1	down	late_allcell_DPN_vs_diabetes
original_late_allcell	948	CD36	up	late_allcell_DPN_vs_diabetes
original_late_allcell	9482	STX8	up	late_allcell_DPN_vs_diabetes
original_late_allcell	9489	PGS1	up	late_allcell_DPN_vs_diabetes
original_late_allcell	9493	KIF23	down	late_allcell_DPN_vs_diabetes
original_late_allcell	9507	ADAMTS4	up	late_allcell_DPN_vs_diabetes
original_late_allcell	9509	ADAMTS2	up	late_allcell_DPN_vs_diabetes
original_late_allcell	9514	GAL3ST1	down	late_allcell_DPN_vs_diabetes
original_late_allcell	9515	STXBP5L	down	late_allcell_DPN_vs_diabetes
original_late_allcell	9522	SCAMP1	down	late_allcell_DPN_vs_diabetes
original_late_allcell	9524	TECR	down	late_allcell_DPN_vs_diabetes
original_late_allcell	9528	TMEM59	down	late_allcell_DPN_vs_diabetes
original_late_allcell	9530	BAG4	down	late_allcell_DPN_vs_diabetes
original_late_allcell	9545	RAB3D	down	late_allcell_DPN_vs_diabetes
original_late_allcell	9550	ATP6V1G1	down	late_allcell_DPN_vs_diabetes
original_late_allcell	9551	ATP5MF	down	late_allcell_DPN_vs_diabetes
original_late_allcell	9555	MACROH2A1	up	late_allcell_DPN_vs_diabetes
original_late_allcell	956	ENTPD3	down	late_allcell_DPN_vs_diabetes
original_late_allcell	9562	MINPP1	down	late_allcell_DPN_vs_diabetes
original_late_allcell	9564	BCAR1	up	late_allcell_DPN_vs_diabetes
original_late_allcell	9567	GTPBP1	up	late_allcell_DPN_vs_diabetes
original_late_allcell	9568	GABBR2	down	late_allcell_DPN_vs_diabetes
original_late_allcell	9572	NR1D1	up	late_allcell_DPN_vs_diabetes
original_late_allcell	9584	RBM39	up	late_allcell_DPN_vs_diabetes
original_late_allcell	9586	CREB5	up	late_allcell_DPN_vs_diabetes
original_late_allcell	961	CD47	down	late_allcell_DPN_vs_diabetes
original_late_allcell	9615	GDA	down	late_allcell_DPN_vs_diabetes
original_late_allcell	9628	RGS6	up	late_allcell_DPN_vs_diabetes
original_late_allcell	9630	GNA14	up	late_allcell_DPN_vs_diabetes
original_late_allcell	9641	IKBKE	up	late_allcell_DPN_vs_diabetes
original_late_allcell	9644	SH3PXD2A	up	late_allcell_DPN_vs_diabetes
original_late_allcell	9647	PPM1F	up	late_allcell_DPN_vs_diabetes
original_late_allcell	965	CD58	down	late_allcell_DPN_vs_diabetes
original_late_allcell	9650	MTFR1	up	late_allcell_DPN_vs_diabetes
original_late_allcell	9653	HS2ST1	down	late_allcell_DPN_vs_diabetes
original_late_allcell	9655	SOCS5	down	late_allcell_DPN_vs_diabetes
original_late_allcell	9666	DZIP3	down	late_allcell_DPN_vs_diabetes
original_late_allcell	9667	SAFB2	up	late_allcell_DPN_vs_diabetes
original_late_allcell	9671	WSCD2	up	late_allcell_DPN_vs_diabetes
original_late_allcell	9674	KIAA0040	up	late_allcell_DPN_vs_diabetes
original_late_allcell	9679	FAM53B	up	late_allcell_DPN_vs_diabetes
original_late_allcell	9690	UBE3C	down	late_allcell_DPN_vs_diabetes
original_late_allcell	9696	CROCC	up	late_allcell_DPN_vs_diabetes
original_late_allcell	9697	TRAM2	up	late_allcell_DPN_vs_diabetes
original_late_allcell	9699	RIMS2	down	late_allcell_DPN_vs_diabetes
original_late_allcell	9704	DHX34	up	late_allcell_DPN_vs_diabetes
original_late_allcell	9711	RUBCN	up	late_allcell_DPN_vs_diabetes
original_late_allcell	9718	ECE2	down	late_allcell_DPN_vs_diabetes
original_late_allcell	9723	SEMA3E	down	late_allcell_DPN_vs_diabetes
original_late_allcell	9727	RAB11FIP3	up	late_allcell_DPN_vs_diabetes
original_late_allcell	9741	LAPTM4A	down	late_allcell_DPN_vs_diabetes
original_late_allcell	9744	ACAP1	up	late_allcell_DPN_vs_diabetes
original_late_allcell	975	CD81	down	late_allcell_DPN_vs_diabetes
original_late_allcell	9755	TBKBP1	up	late_allcell_DPN_vs_diabetes
original_late_allcell	9758	FRMPD4	down	late_allcell_DPN_vs_diabetes
original_late_allcell	976	ADGRE5	up	late_allcell_DPN_vs_diabetes
original_late_allcell	9781	RNF144A	up	late_allcell_DPN_vs_diabetes
original_late_allcell	9788	MTSS1	up	late_allcell_DPN_vs_diabetes
original_late_allcell	9791	PTDSS1	down	late_allcell_DPN_vs_diabetes
original_late_allcell	9797	TATDN2	up	late_allcell_DPN_vs_diabetes
original_late_allcell	9802	DAZAP2	down	late_allcell_DPN_vs_diabetes
original_late_allcell	9804	TOMM20	down	late_allcell_DPN_vs_diabetes
original_late_allcell	9806	SPOCK2	down	late_allcell_DPN_vs_diabetes
original_late_allcell	9810	RNF40	up	late_allcell_DPN_vs_diabetes
original_late_allcell	9814	SFI1	up	late_allcell_DPN_vs_diabetes
original_late_allcell	9846	GAB2	up	late_allcell_DPN_vs_diabetes
original_late_allcell	9848	MFAP3L	down	late_allcell_DPN_vs_diabetes
original_late_allcell	9863	MAGI2	down	late_allcell_DPN_vs_diabetes
original_late_allcell	9868	TOMM70	down	late_allcell_DPN_vs_diabetes
original_late_allcell	9880	ZBTB39	up	late_allcell_DPN_vs_diabetes
original_late_allcell	9881	TRANK1	up	late_allcell_DPN_vs_diabetes
original_late_allcell	9885	OSBPL2	up	late_allcell_DPN_vs_diabetes
original_late_allcell	989	SEPTIN7	down	late_allcell_DPN_vs_diabetes
original_late_allcell	9891	NUAK1	up	late_allcell_DPN_vs_diabetes
original_late_allcell	9892	SNAP91	down	late_allcell_DPN_vs_diabetes
original_late_allcell	9894	TELO2	up	late_allcell_DPN_vs_diabetes
original_late_allcell	9899	SV2B	down	late_allcell_DPN_vs_diabetes
original_late_allcell	9901	SRGAP3	down	late_allcell_DPN_vs_diabetes
original_late_allcell	9904	RBM19	up	late_allcell_DPN_vs_diabetes
original_late_allcell	9907	AP5Z1	up	late_allcell_DPN_vs_diabetes
original_late_allcell	9909	DENND4B	up	late_allcell_DPN_vs_diabetes
original_late_allcell	9915	ARNT2	down	late_allcell_DPN_vs_diabetes
original_late_allcell	9917	FAM20B	down	late_allcell_DPN_vs_diabetes
original_late_allcell	9922	IQSEC1	up	late_allcell_DPN_vs_diabetes
original_late_allcell	9935	MAFB	up	late_allcell_DPN_vs_diabetes
original_late_allcell	9936	CD302	down	late_allcell_DPN_vs_diabetes
original_late_allcell	9946	CRYZL1	up	late_allcell_DPN_vs_diabetes
original_late_allcell	9951	HS3ST4	down	late_allcell_DPN_vs_diabetes
original_late_allcell	996	CDC27	down	late_allcell_DPN_vs_diabetes
original_late_allcell	9968	MED12	up	late_allcell_DPN_vs_diabetes
original_late_allcell	9978	RBX1	down	late_allcell_DPN_vs_diabetes
original_late_allcell	9986	RCE1	up	late_allcell_DPN_vs_diabetes
original_late_neuron	100128569	TEKTIP1	down	late_neuron_DPN_vs_diabetes
original_late_neuron	100130539	LINC02881	down	late_neuron_DPN_vs_diabetes
original_late_neuron	100288142	NBPF20	up	late_neuron_DPN_vs_diabetes
original_late_neuron	100293516	ZNF587B	up	late_neuron_DPN_vs_diabetes
original_late_neuron	100316904	SAP25	down	late_neuron_DPN_vs_diabetes
original_late_neuron	100421372	MSANTD7	up	late_neuron_DPN_vs_diabetes
original_late_neuron	100506012	PPP5D1P	down	late_neuron_DPN_vs_diabetes
original_late_neuron	10058	ABCB6	down	late_neuron_DPN_vs_diabetes
original_late_neuron	100996693	SPEGNB	down	late_neuron_DPN_vs_diabetes
original_late_neuron	101060226	NBPF19	up	late_neuron_DPN_vs_diabetes
original_late_neuron	10116	FEM1B	down	late_neuron_DPN_vs_diabetes
original_late_neuron	10157	AASS	down	late_neuron_DPN_vs_diabetes
original_late_neuron	10162	LPCAT3	down	late_neuron_DPN_vs_diabetes
original_late_neuron	10163	WASF2	down	late_neuron_DPN_vs_diabetes
original_late_neuron	10184	LHFPL2	down	late_neuron_DPN_vs_diabetes
original_late_neuron	10217	CTDSPL	down	late_neuron_DPN_vs_diabetes
original_late_neuron	102723859	TBC1D3E	up	late_neuron_DPN_vs_diabetes
original_late_neuron	10365	KLF2	down	late_neuron_DPN_vs_diabetes
original_late_neuron	10376	TUBA1B	up	late_neuron_DPN_vs_diabetes
original_late_neuron	10395	DLC1	down	late_neuron_DPN_vs_diabetes
original_late_neuron	10475	TRIM38	up	late_neuron_DPN_vs_diabetes
original_late_neuron	10516	FBLN5	down	late_neuron_DPN_vs_diabetes
original_late_neuron	1052	CEBPD	up	late_neuron_DPN_vs_diabetes
original_late_neuron	10594	PRPF8	down	late_neuron_DPN_vs_diabetes
original_late_neuron	10673	TNFSF13B	up	late_neuron_DPN_vs_diabetes
original_late_neuron	10682	EBP	up	late_neuron_DPN_vs_diabetes
original_late_neuron	107075310	MTCO2P12	up	late_neuron_DPN_vs_diabetes
original_late_neuron	10766	TOB2	down	late_neuron_DPN_vs_diabetes
original_late_neuron	10791	VAMP5	up	late_neuron_DPN_vs_diabetes
original_late_neuron	10800	CYSLTR1	down	late_neuron_DPN_vs_diabetes
original_late_neuron	10818	FRS2	down	late_neuron_DPN_vs_diabetes
original_late_neuron	10894	LYVE1	up	late_neuron_DPN_vs_diabetes
original_late_neuron	10924	SMPDL3A	down	late_neuron_DPN_vs_diabetes
original_late_neuron	10973	ASCC3	down	late_neuron_DPN_vs_diabetes
original_late_neuron	1102	RCBTB2	down	late_neuron_DPN_vs_diabetes
original_late_neuron	11065	UBE2C	down	late_neuron_DPN_vs_diabetes
original_late_neuron	11067	DEPP1	down	late_neuron_DPN_vs_diabetes
original_late_neuron	11116	CEP43	up	late_neuron_DPN_vs_diabetes
original_late_neuron	11149	POPDC1	down	late_neuron_DPN_vs_diabetes
original_late_neuron	11190	CEP250	up	late_neuron_DPN_vs_diabetes
original_late_neuron	11228	RASSF8	down	late_neuron_DPN_vs_diabetes
original_late_neuron	11238	CA5B	down	late_neuron_DPN_vs_diabetes
original_late_neuron	112441430	SCYGR4	up	late_neuron_DPN_vs_diabetes
original_late_neuron	112577462	OOSP4A	up	late_neuron_DPN_vs_diabetes
original_late_neuron	112703	GARIN5A	up	late_neuron_DPN_vs_diabetes
original_late_neuron	11278	KLF12	down	late_neuron_DPN_vs_diabetes
original_late_neuron	113277	TMEM106A	down	late_neuron_DPN_vs_diabetes
original_late_neuron	113402	SFT2D1	down	late_neuron_DPN_vs_diabetes
original_late_neuron	113763	ZBED10P	down	late_neuron_DPN_vs_diabetes
original_late_neuron	114897	C1QTNF1	down	late_neuron_DPN_vs_diabetes
original_late_neuron	114898	C1QTNF2	down	late_neuron_DPN_vs_diabetes
original_late_neuron	115123	MARCHF3	down	late_neuron_DPN_vs_diabetes
original_late_neuron	115207	KCTD12	up	late_neuron_DPN_vs_diabetes
original_late_neuron	115825	WDFY2	down	late_neuron_DPN_vs_diabetes
original_late_neuron	115948	ODAD3	up	late_neuron_DPN_vs_diabetes
original_late_neuron	116135	LRRC3B	down	late_neuron_DPN_vs_diabetes
original_late_neuron	116224	PABIR1	down	late_neuron_DPN_vs_diabetes
original_late_neuron	116444	GRIN3B	up	late_neuron_DPN_vs_diabetes
original_late_neuron	116984	ARAP2	down	late_neuron_DPN_vs_diabetes
original_late_neuron	118460	EXOSC6	up	late_neuron_DPN_vs_diabetes
original_late_neuron	120356739	LRRC51	up	late_neuron_DPN_vs_diabetes
original_late_neuron	120376	POU2AF3	down	late_neuron_DPN_vs_diabetes
original_late_neuron	121512	FGD4	down	late_neuron_DPN_vs_diabetes
original_late_neuron	123283	TARS3	up	late_neuron_DPN_vs_diabetes
original_late_neuron	124274	GPR139	down	late_neuron_DPN_vs_diabetes
original_late_neuron	124411	KRABD5	down	late_neuron_DPN_vs_diabetes
original_late_neuron	125476	INO80C	up	late_neuron_DPN_vs_diabetes
original_late_neuron	126820	DNAI3	down	late_neuron_DPN_vs_diabetes
original_late_neuron	129881	CFAP210	down	late_neuron_DPN_vs_diabetes
original_late_neuron	130576	LYPD6B	down	late_neuron_DPN_vs_diabetes
original_late_neuron	133396	IL31RA	down	late_neuron_DPN_vs_diabetes
original_late_neuron	134121	CFAP90	up	late_neuron_DPN_vs_diabetes
original_late_neuron	134147	CMBL	down	late_neuron_DPN_vs_diabetes
original_late_neuron	135152	B3GAT2	down	late_neuron_DPN_vs_diabetes
original_late_neuron	1368	CPM	down	late_neuron_DPN_vs_diabetes
original_late_neuron	138162	PIERCE1	down	late_neuron_DPN_vs_diabetes
original_late_neuron	1410	CRYAB	down	late_neuron_DPN_vs_diabetes
original_late_neuron	143888	POGLUT3	down	late_neuron_DPN_vs_diabetes
original_late_neuron	144347	RFLNA	down	late_neuron_DPN_vs_diabetes
original_late_neuron	1465	CSRP1	down	late_neuron_DPN_vs_diabetes
original_late_neuron	146562	DNAAF8	up	late_neuron_DPN_vs_diabetes
original_late_neuron	147991	DPY19L3	down	late_neuron_DPN_vs_diabetes
original_late_neuron	1490	CCN2	down	late_neuron_DPN_vs_diabetes
original_late_neuron	149478	BTBD19	down	late_neuron_DPN_vs_diabetes
original_late_neuron	1512	CTSH	down	late_neuron_DPN_vs_diabetes
original_late_neuron	152078	SLC66A1LP	down	late_neuron_DPN_vs_diabetes
original_late_neuron	152503	SH3D19	down	late_neuron_DPN_vs_diabetes
original_late_neuron	154	ADRB2	up	late_neuron_DPN_vs_diabetes
original_late_neuron	1562	CYP2C18	up	late_neuron_DPN_vs_diabetes
original_late_neuron	157657	CFAP418	up	late_neuron_DPN_vs_diabetes
original_late_neuron	157680	VPS13B	down	late_neuron_DPN_vs_diabetes
original_late_neuron	159090	PABIR2	down	late_neuron_DPN_vs_diabetes
original_late_neuron	159091	PABIR3	up	late_neuron_DPN_vs_diabetes
original_late_neuron	159195	USP54	down	late_neuron_DPN_vs_diabetes
original_late_neuron	1601	DAB2	up	late_neuron_DPN_vs_diabetes
original_late_neuron	160851	DGKH	down	late_neuron_DPN_vs_diabetes
original_late_neuron	1620	BRINP1	down	late_neuron_DPN_vs_diabetes
original_late_neuron	1647	GADD45A	up	late_neuron_DPN_vs_diabetes
original_late_neuron	170691	ADAMTS17	up	late_neuron_DPN_vs_diabetes
original_late_neuron	1728	NQO1	down	late_neuron_DPN_vs_diabetes
original_late_neuron	1730	DIAPH2	down	late_neuron_DPN_vs_diabetes
original_late_neuron	1739	DLG1	down	late_neuron_DPN_vs_diabetes
original_late_neuron	177	AGER	down	late_neuron_DPN_vs_diabetes
original_late_neuron	1806	DPYD	down	late_neuron_DPN_vs_diabetes
original_late_neuron	1909	EDNRA	down	late_neuron_DPN_vs_diabetes
original_late_neuron	200424	TET3	up	late_neuron_DPN_vs_diabetes
original_late_neuron	200576	PIKFYVE	down	late_neuron_DPN_vs_diabetes
original_late_neuron	200810	ALG1L1P	down	late_neuron_DPN_vs_diabetes
original_late_neuron	200844	CFAP20DC	down	late_neuron_DPN_vs_diabetes
original_late_neuron	201163	FLCN	up	late_neuron_DPN_vs_diabetes
original_late_neuron	202151	RANBP3L	down	late_neuron_DPN_vs_diabetes
original_late_neuron	203100	HTRA4	up	late_neuron_DPN_vs_diabetes
original_late_neuron	2045	EPHA7	down	late_neuron_DPN_vs_diabetes
original_late_neuron	214	ALCAM	down	late_neuron_DPN_vs_diabetes
original_late_neuron	2189	FANCG	up	late_neuron_DPN_vs_diabetes
original_late_neuron	219854	TMEM218	up	late_neuron_DPN_vs_diabetes
original_late_neuron	220108	FAM124A	up	late_neuron_DPN_vs_diabetes
original_late_neuron	220441	RNF152	down	late_neuron_DPN_vs_diabetes
original_late_neuron	221395	ADGRF5	up	late_neuron_DPN_vs_diabetes
original_late_neuron	221416	LINC03040	up	late_neuron_DPN_vs_diabetes
original_late_neuron	22858	CILK1	down	late_neuron_DPN_vs_diabetes
original_late_neuron	2289	FKBP5	down	late_neuron_DPN_vs_diabetes
original_late_neuron	22890	ZBTB1	down	late_neuron_DPN_vs_diabetes
original_late_neuron	23024	PDZRN3	down	late_neuron_DPN_vs_diabetes
original_late_neuron	23041	MON2	down	late_neuron_DPN_vs_diabetes
original_late_neuron	23155	CLCC1	down	late_neuron_DPN_vs_diabetes
original_late_neuron	23179	RGL1	down	late_neuron_DPN_vs_diabetes
original_late_neuron	23187	PHLDB1	down	late_neuron_DPN_vs_diabetes
original_late_neuron	23247	KATNIP	down	late_neuron_DPN_vs_diabetes
original_late_neuron	23347	SMCHD1	down	late_neuron_DPN_vs_diabetes
original_late_neuron	2335	FN1	up	late_neuron_DPN_vs_diabetes
original_late_neuron	23462	HEY1	down	late_neuron_DPN_vs_diabetes
original_late_neuron	2355	FOSL2	down	late_neuron_DPN_vs_diabetes
original_late_neuron	23555	TSPAN15	down	late_neuron_DPN_vs_diabetes
original_late_neuron	23639	DNAAF11	up	late_neuron_DPN_vs_diabetes
original_late_neuron	23768	FLRT2	down	late_neuron_DPN_vs_diabetes
original_late_neuron	2487	FRZB	down	late_neuron_DPN_vs_diabetes
original_late_neuron	25903	OLFML2B	down	late_neuron_DPN_vs_diabetes
original_late_neuron	259293	TAS2R30	down	late_neuron_DPN_vs_diabetes
original_late_neuron	25932	CLIC4	down	late_neuron_DPN_vs_diabetes
original_late_neuron	25960	ADGRA2	down	late_neuron_DPN_vs_diabetes
original_late_neuron	26009	ZZZ3	up	late_neuron_DPN_vs_diabetes
original_late_neuron	26032	SUSD5	down	late_neuron_DPN_vs_diabetes
original_late_neuron	26033	ATRNL1	down	late_neuron_DPN_vs_diabetes
original_late_neuron	2617	GARS1	up	late_neuron_DPN_vs_diabetes
original_late_neuron	2619	GAS1	down	late_neuron_DPN_vs_diabetes
original_late_neuron	26231	FBXL9P	down	late_neuron_DPN_vs_diabetes
original_late_neuron	2634	GBP2	up	late_neuron_DPN_vs_diabetes
original_late_neuron	26469	PTPN18	up	late_neuron_DPN_vs_diabetes
original_late_neuron	2650	GCNT1	up	late_neuron_DPN_vs_diabetes
original_late_neuron	2678	GGT1	up	late_neuron_DPN_vs_diabetes
original_late_neuron	27087	B3GAT1	down	late_neuron_DPN_vs_diabetes
original_late_neuron	27091	CACNG5	down	late_neuron_DPN_vs_diabetes
original_late_neuron	27112	NALF2	up	late_neuron_DPN_vs_diabetes
original_late_neuron	27250	PDCD4	down	late_neuron_DPN_vs_diabetes
original_late_neuron	27346	TMEM97	up	late_neuron_DPN_vs_diabetes
original_late_neuron	284325	ACTMAP	up	late_neuron_DPN_vs_diabetes
original_late_neuron	28514	DLL1	up	late_neuron_DPN_vs_diabetes
original_late_neuron	2899	GRIK3	down	late_neuron_DPN_vs_diabetes
original_late_neuron	29761	USP25	down	late_neuron_DPN_vs_diabetes
original_late_neuron	29775	CARD10	up	late_neuron_DPN_vs_diabetes
original_late_neuron	29923	HILPDA	down	late_neuron_DPN_vs_diabetes
original_late_neuron	29940	DSE	down	late_neuron_DPN_vs_diabetes
original_late_neuron	30061	SLC40A1	down	late_neuron_DPN_vs_diabetes
original_late_neuron	3065	HDAC1	down	late_neuron_DPN_vs_diabetes
original_late_neuron	30820	KCNIP1	down	late_neuron_DPN_vs_diabetes
original_late_neuron	3162	HMOX1	up	late_neuron_DPN_vs_diabetes
original_late_neuron	317	APAF1	down	late_neuron_DPN_vs_diabetes
original_late_neuron	3199	HOXA2	up	late_neuron_DPN_vs_diabetes
original_late_neuron	3202	HOXA5	down	late_neuron_DPN_vs_diabetes
original_late_neuron	3213	HOXB3	down	late_neuron_DPN_vs_diabetes
original_late_neuron	3316	HSPB2	down	late_neuron_DPN_vs_diabetes
original_late_neuron	3359	HTR3A	down	late_neuron_DPN_vs_diabetes
original_late_neuron	338657	CENATAC	up	late_neuron_DPN_vs_diabetes
original_late_neuron	338707	B4GALNT4	down	late_neuron_DPN_vs_diabetes
original_late_neuron	339287	MSL1	down	late_neuron_DPN_vs_diabetes
original_late_neuron	339834	IHO1	down	late_neuron_DPN_vs_diabetes
original_late_neuron	340061	STING1	down	late_neuron_DPN_vs_diabetes
original_late_neuron	340811	AKR1C8	up	late_neuron_DPN_vs_diabetes
original_late_neuron	342035	GLDN	down	late_neuron_DPN_vs_diabetes
original_late_neuron	343450	KCNT2	down	late_neuron_DPN_vs_diabetes
original_late_neuron	3437	IFIT3	up	late_neuron_DPN_vs_diabetes
original_late_neuron	344148	NCKAP5	down	late_neuron_DPN_vs_diabetes
original_late_neuron	346653	GARIN1A	up	late_neuron_DPN_vs_diabetes
original_late_neuron	349565	NMNAT3	down	late_neuron_DPN_vs_diabetes
original_late_neuron	3500	IGHG1	up	late_neuron_DPN_vs_diabetes
original_late_neuron	352954	CASTOR3P	down	late_neuron_DPN_vs_diabetes
original_late_neuron	353267	RAMACL	up	late_neuron_DPN_vs_diabetes
original_late_neuron	358	AQP1	down	late_neuron_DPN_vs_diabetes
original_late_neuron	3636	INPPL1	down	late_neuron_DPN_vs_diabetes
original_late_neuron	3687	ITGAX	up	late_neuron_DPN_vs_diabetes
original_late_neuron	3726	JUNB	down	late_neuron_DPN_vs_diabetes
original_late_neuron	3732	CD82	down	late_neuron_DPN_vs_diabetes
original_late_neuron	374286	FBXW10B	down	late_neuron_DPN_vs_diabetes
original_late_neuron	3747	KCNC2	down	late_neuron_DPN_vs_diabetes
original_late_neuron	375387	NRROS	up	late_neuron_DPN_vs_diabetes
original_late_neuron	375790	AGRN	down	late_neuron_DPN_vs_diabetes
original_late_neuron	387119	CEP85L	down	late_neuron_DPN_vs_diabetes
original_late_neuron	387694	SH2D4B	up	late_neuron_DPN_vs_diabetes
original_late_neuron	388228	SBK1	down	late_neuron_DPN_vs_diabetes
original_late_neuron	389289	ANXA2R	down	late_neuron_DPN_vs_diabetes
original_late_neuron	3903	LAIR1	up	late_neuron_DPN_vs_diabetes
original_late_neuron	399665	EEIG1	down	late_neuron_DPN_vs_diabetes
original_late_neuron	399687	MYO18A	down	late_neuron_DPN_vs_diabetes
original_late_neuron	401494	HACD4	down	late_neuron_DPN_vs_diabetes
original_late_neuron	402573	SPACDR	up	late_neuron_DPN_vs_diabetes
original_late_neuron	4040	LRP6	down	late_neuron_DPN_vs_diabetes
original_late_neuron	4072	EPCAM	down	late_neuron_DPN_vs_diabetes
original_late_neuron	4094	MAF	up	late_neuron_DPN_vs_diabetes
original_late_neuron	414059	TBC1D3B	up	late_neuron_DPN_vs_diabetes
original_late_neuron	4141	MARS1	up	late_neuron_DPN_vs_diabetes
original_late_neuron	4192	MDK	up	late_neuron_DPN_vs_diabetes
original_late_neuron	4216	MAP3K4	down	late_neuron_DPN_vs_diabetes
original_late_neuron	4233	MET	up	late_neuron_DPN_vs_diabetes
original_late_neuron	4281	MID1	down	late_neuron_DPN_vs_diabetes
original_late_neuron	4289	MKLN1	down	late_neuron_DPN_vs_diabetes
original_late_neuron	4296	MAP3K11	down	late_neuron_DPN_vs_diabetes
original_late_neuron	4306	NR3C2	down	late_neuron_DPN_vs_diabetes
original_late_neuron	4360	MRC1	up	late_neuron_DPN_vs_diabetes
original_late_neuron	440270	GOLGA8B	down	late_neuron_DPN_vs_diabetes
original_late_neuron	445577	FAM120A2P	down	late_neuron_DPN_vs_diabetes
original_late_neuron	4494	MT1F	down	late_neuron_DPN_vs_diabetes
original_late_neuron	467	ATF3	up	late_neuron_DPN_vs_diabetes
original_late_neuron	474344	GIMAP6	up	late_neuron_DPN_vs_diabetes
original_late_neuron	4774	NFIA	down	late_neuron_DPN_vs_diabetes
original_late_neuron	4775	NFATC3	down	late_neuron_DPN_vs_diabetes
original_late_neuron	4879	NPPB	down	late_neuron_DPN_vs_diabetes
original_late_neuron	4919	ROR1	down	late_neuron_DPN_vs_diabetes
original_late_neuron	4926	NUMA1	down	late_neuron_DPN_vs_diabetes
original_late_neuron	4986	OPRK1	down	late_neuron_DPN_vs_diabetes
original_late_neuron	4988	OPRM1	down	late_neuron_DPN_vs_diabetes
original_late_neuron	5055	SERPINB2	up	late_neuron_DPN_vs_diabetes
original_late_neuron	50848	F11R	up	late_neuron_DPN_vs_diabetes
original_late_neuron	50940	PDE11A	down	late_neuron_DPN_vs_diabetes
original_late_neuron	50944	SHANK1	up	late_neuron_DPN_vs_diabetes
original_late_neuron	51000	SLC35B3	down	late_neuron_DPN_vs_diabetes
original_late_neuron	51083	GAL	down	late_neuron_DPN_vs_diabetes
original_late_neuron	51177	PLEKHO1	up	late_neuron_DPN_vs_diabetes
original_late_neuron	51324	SPG21	down	late_neuron_DPN_vs_diabetes
original_late_neuron	51421	AMOTL2	down	late_neuron_DPN_vs_diabetes
original_late_neuron	51566	ARMCX3	down	late_neuron_DPN_vs_diabetes
original_late_neuron	51668	IFT25	down	late_neuron_DPN_vs_diabetes
original_late_neuron	51678	PALS2	up	late_neuron_DPN_vs_diabetes
original_late_neuron	51699	VPS29	down	late_neuron_DPN_vs_diabetes
original_late_neuron	5175	PECAM1	up	late_neuron_DPN_vs_diabetes
original_late_neuron	5187	PER1	down	late_neuron_DPN_vs_diabetes
original_late_neuron	5230	PGK1	up	late_neuron_DPN_vs_diabetes
original_late_neuron	5281	PIGF	down	late_neuron_DPN_vs_diabetes
original_late_neuron	5329	PLAUR	up	late_neuron_DPN_vs_diabetes
original_late_neuron	5347	PLK1	up	late_neuron_DPN_vs_diabetes
original_late_neuron	54413	NLGN3	down	late_neuron_DPN_vs_diabetes
original_late_neuron	54498	SMOX	down	late_neuron_DPN_vs_diabetes
original_late_neuron	54504	CPVL	down	late_neuron_DPN_vs_diabetes
original_late_neuron	54510	PCDH18	down	late_neuron_DPN_vs_diabetes
original_late_neuron	54514	DDX4	down	late_neuron_DPN_vs_diabetes
original_late_neuron	54532	USP53	down	late_neuron_DPN_vs_diabetes
original_late_neuron	54625	PARP14	down	late_neuron_DPN_vs_diabetes
original_late_neuron	54676	GTPBP2	up	late_neuron_DPN_vs_diabetes
original_late_neuron	5478	PPIA	down	late_neuron_DPN_vs_diabetes
original_late_neuron	54785	BORCS6	up	late_neuron_DPN_vs_diabetes
original_late_neuron	54882	ANKHD1	down	late_neuron_DPN_vs_diabetes
original_late_neuron	54885	TBC1D8B	down	late_neuron_DPN_vs_diabetes
original_late_neuron	54904	NSD3	down	late_neuron_DPN_vs_diabetes
original_late_neuron	54976	ADISSP	down	late_neuron_DPN_vs_diabetes
original_late_neuron	54996	MTARC2	down	late_neuron_DPN_vs_diabetes
original_late_neuron	55026	TMEM255A	down	late_neuron_DPN_vs_diabetes
original_late_neuron	55034	MOCOS	up	late_neuron_DPN_vs_diabetes
original_late_neuron	55038	CDCA4	down	late_neuron_DPN_vs_diabetes
original_late_neuron	55054	ATG16L1	up	late_neuron_DPN_vs_diabetes
original_late_neuron	55064	SPATA6L	up	late_neuron_DPN_vs_diabetes
original_late_neuron	55075	UACA	down	late_neuron_DPN_vs_diabetes
original_late_neuron	55112	DYNC2I1	up	late_neuron_DPN_vs_diabetes
original_late_neuron	55130	ODAD2	down	late_neuron_DPN_vs_diabetes
original_late_neuron	55254	TMEM39A	down	late_neuron_DPN_vs_diabetes
original_late_neuron	55320	MIS18BP1	down	late_neuron_DPN_vs_diabetes
original_late_neuron	55504	TNFRSF19	down	late_neuron_DPN_vs_diabetes
original_late_neuron	55558	PLXNA3	down	late_neuron_DPN_vs_diabetes
original_late_neuron	55713	ZNF334	down	late_neuron_DPN_vs_diabetes
original_late_neuron	55732	FIRRM	up	late_neuron_DPN_vs_diabetes
original_late_neuron	55757	UGGT2	down	late_neuron_DPN_vs_diabetes
original_late_neuron	55803	ADAP2	down	late_neuron_DPN_vs_diabetes
original_late_neuron	5606	MAP2K3	up	late_neuron_DPN_vs_diabetes
original_late_neuron	5616	PRKY	up	late_neuron_DPN_vs_diabetes
original_late_neuron	56204	ATOSA	down	late_neuron_DPN_vs_diabetes
original_late_neuron	5627	PROS1	down	late_neuron_DPN_vs_diabetes
original_late_neuron	5649	RELN	down	late_neuron_DPN_vs_diabetes
original_late_neuron	56925	LXN	down	late_neuron_DPN_vs_diabetes
original_late_neuron	57018	CCNL1	down	late_neuron_DPN_vs_diabetes
original_late_neuron	57186	RALGAPA2	up	late_neuron_DPN_vs_diabetes
original_late_neuron	57211	ADGRG6	down	late_neuron_DPN_vs_diabetes
original_late_neuron	5727	PTCH1	down	late_neuron_DPN_vs_diabetes
original_late_neuron	57447	NDRG2	down	late_neuron_DPN_vs_diabetes
original_late_neuron	57489	ODF2L	up	late_neuron_DPN_vs_diabetes
original_late_neuron	57501	CFAP92	up	late_neuron_DPN_vs_diabetes
original_late_neuron	57519	STARD9	down	late_neuron_DPN_vs_diabetes
original_late_neuron	57575	PCDH10	down	late_neuron_DPN_vs_diabetes
original_late_neuron	57582	KCNT1	down	late_neuron_DPN_vs_diabetes
original_late_neuron	57594	HOMEZ	down	late_neuron_DPN_vs_diabetes
original_late_neuron	57600	FNIP2	up	late_neuron_DPN_vs_diabetes
original_late_neuron	57611	ISLR2	down	late_neuron_DPN_vs_diabetes
original_late_neuron	57830	KRTAP5-8	up	late_neuron_DPN_vs_diabetes
original_late_neuron	5793	PTPRG	down	late_neuron_DPN_vs_diabetes
original_late_neuron	5859	QARS1	up	late_neuron_DPN_vs_diabetes
original_late_neuron	58986	PGAP6	down	late_neuron_DPN_vs_diabetes
original_late_neuron	5900	RALGDS	up	late_neuron_DPN_vs_diabetes
original_late_neuron	5912	RAP2B	up	late_neuron_DPN_vs_diabetes
original_late_neuron	59283	CACNG8	up	late_neuron_DPN_vs_diabetes
original_late_neuron	5947	RBP1	up	late_neuron_DPN_vs_diabetes
original_late_neuron	596	BCL2	down	late_neuron_DPN_vs_diabetes
original_late_neuron	6038	RNASE4	down	late_neuron_DPN_vs_diabetes
original_late_neuron	60489	APOBEC3G	down	late_neuron_DPN_vs_diabetes
original_late_neuron	6102	RP2	down	late_neuron_DPN_vs_diabetes
original_late_neuron	6301	SARS1	up	late_neuron_DPN_vs_diabetes
original_late_neuron	6322	SCML1	down	late_neuron_DPN_vs_diabetes
original_late_neuron	63827	BCAN	down	late_neuron_DPN_vs_diabetes
original_late_neuron	63901	FAM111A	down	late_neuron_DPN_vs_diabetes
original_late_neuron	63928	CHP2	down	late_neuron_DPN_vs_diabetes
original_late_neuron	64114	TMBIM1	down	late_neuron_DPN_vs_diabetes
original_late_neuron	6414	SELENOP	down	late_neuron_DPN_vs_diabetes
original_late_neuron	64410	KLHL25	down	late_neuron_DPN_vs_diabetes
original_late_neuron	644186	SYCE3	up	late_neuron_DPN_vs_diabetes
original_late_neuron	644538	SMIM10	down	late_neuron_DPN_vs_diabetes
original_late_neuron	6446	SGK1	down	late_neuron_DPN_vs_diabetes
original_late_neuron	64757	MTARC1	up	late_neuron_DPN_vs_diabetes
original_late_neuron	64760	FHIP2B	down	late_neuron_DPN_vs_diabetes
original_late_neuron	64764	CREB3L2	down	late_neuron_DPN_vs_diabetes
original_late_neuron	64766	S100PBP	down	late_neuron_DPN_vs_diabetes
original_late_neuron	64778	FNDC3B	down	late_neuron_DPN_vs_diabetes
original_late_neuron	64805	P2RY12	down	late_neuron_DPN_vs_diabetes
original_late_neuron	64848	YTHDC2	down	late_neuron_DPN_vs_diabetes
original_late_neuron	64855	NIBAN2	down	late_neuron_DPN_vs_diabetes
original_late_neuron	65012	SLC26A10P	down	late_neuron_DPN_vs_diabetes
original_late_neuron	65251	ZNF649	up	late_neuron_DPN_vs_diabetes
original_late_neuron	652968	CASTOR1	down	late_neuron_DPN_vs_diabetes
original_late_neuron	653319	MATCAP1	up	late_neuron_DPN_vs_diabetes
original_late_neuron	653689	GSTT2B	up	late_neuron_DPN_vs_diabetes
original_late_neuron	6546	SLC8A1	down	late_neuron_DPN_vs_diabetes
original_late_neuron	6563	SLC14A1	down	late_neuron_DPN_vs_diabetes
original_late_neuron	6648	SOD2	down	late_neuron_DPN_vs_diabetes
original_late_neuron	6667	SP1	down	late_neuron_DPN_vs_diabetes
original_late_neuron	6683	SPAST	down	late_neuron_DPN_vs_diabetes
original_late_neuron	6750	SST	down	late_neuron_DPN_vs_diabetes
original_late_neuron	6770	STAR	up	late_neuron_DPN_vs_diabetes
original_late_neuron	6773	STAT2	down	late_neuron_DPN_vs_diabetes
original_late_neuron	6804	STX1A	up	late_neuron_DPN_vs_diabetes
original_late_neuron	6820	SULT2B1	up	late_neuron_DPN_vs_diabetes
original_late_neuron	6840	SVIL	up	late_neuron_DPN_vs_diabetes
original_late_neuron	687	KLF9	down	late_neuron_DPN_vs_diabetes
original_late_neuron	6901	TAFAZZIN	up	late_neuron_DPN_vs_diabetes
original_late_neuron	7037	TFRC	down	late_neuron_DPN_vs_diabetes
original_late_neuron	7060	THBS4	down	late_neuron_DPN_vs_diabetes
original_late_neuron	7082	TJP1	down	late_neuron_DPN_vs_diabetes
original_late_neuron	7107	GPR137B	down	late_neuron_DPN_vs_diabetes
original_late_neuron	712	C1QA	up	late_neuron_DPN_vs_diabetes
original_late_neuron	7128	TNFAIP3	up	late_neuron_DPN_vs_diabetes
original_late_neuron	7174	TPP2	down	late_neuron_DPN_vs_diabetes
original_late_neuron	7224	TRPC5	down	late_neuron_DPN_vs_diabetes
original_late_neuron	7227	TRPS1	down	late_neuron_DPN_vs_diabetes
original_late_neuron	7318	UBA7	down	late_neuron_DPN_vs_diabetes
original_late_neuron	7378	UPP1	up	late_neuron_DPN_vs_diabetes
original_late_neuron	7388	UQCRH	down	late_neuron_DPN_vs_diabetes
original_late_neuron	7637	ZNF84	up	late_neuron_DPN_vs_diabetes
original_late_neuron	7675	ZNF121	down	late_neuron_DPN_vs_diabetes
original_late_neuron	7705	ZNF146	down	late_neuron_DPN_vs_diabetes
original_late_neuron	7779	SLC30A1	down	late_neuron_DPN_vs_diabetes
original_late_neuron	78995	HROB	down	late_neuron_DPN_vs_diabetes
original_late_neuron	79026	AHNAK	down	late_neuron_DPN_vs_diabetes
original_late_neuron	79627	OGFRL1	down	late_neuron_DPN_vs_diabetes
original_late_neuron	79658	ARHGAP10	down	late_neuron_DPN_vs_diabetes
original_late_neuron	79695	GALNT12	up	late_neuron_DPN_vs_diabetes
original_late_neuron	79714	CCDC51	down	late_neuron_DPN_vs_diabetes
original_late_neuron	79745	CLIP4	down	late_neuron_DPN_vs_diabetes
original_late_neuron	79792	GSDMD	up	late_neuron_DPN_vs_diabetes
original_late_neuron	79819	DNAI4	down	late_neuron_DPN_vs_diabetes
original_late_neuron	800	CALD1	down	late_neuron_DPN_vs_diabetes
original_late_neuron	801	CALM1	up	late_neuron_DPN_vs_diabetes
original_late_neuron	80216	ALPK1	down	late_neuron_DPN_vs_diabetes
original_late_neuron	80271	ITPKC	down	late_neuron_DPN_vs_diabetes
original_late_neuron	80349	SKIC8	up	late_neuron_DPN_vs_diabetes
original_late_neuron	8065	CUL5	down	late_neuron_DPN_vs_diabetes
original_late_neuron	80709	AKNA	down	late_neuron_DPN_vs_diabetes
original_late_neuron	80726	IQCN	up	late_neuron_DPN_vs_diabetes
original_late_neuron	81628	TSC22D4	down	late_neuron_DPN_vs_diabetes
original_late_neuron	81848	SPRY4	up	late_neuron_DPN_vs_diabetes
original_late_neuron	8322	FZD4	down	late_neuron_DPN_vs_diabetes
original_late_neuron	8325	FZD8	down	late_neuron_DPN_vs_diabetes
original_late_neuron	8334	H2AC6	up	late_neuron_DPN_vs_diabetes
original_late_neuron	83643	CCDC3	down	late_neuron_DPN_vs_diabetes
original_late_neuron	8404	SPARCL1	down	late_neuron_DPN_vs_diabetes
original_late_neuron	84059	ADGRV1	down	late_neuron_DPN_vs_diabetes
original_late_neuron	84067	FHIP1B	up	late_neuron_DPN_vs_diabetes
original_late_neuron	84168	ANTXR1	down	late_neuron_DPN_vs_diabetes
original_late_neuron	84445	LZTS2	down	late_neuron_DPN_vs_diabetes
original_late_neuron	84525	HOPX	up	late_neuron_DPN_vs_diabetes
original_late_neuron	84532	ACSS1	down	late_neuron_DPN_vs_diabetes
original_late_neuron	84691	GARIN1B	down	late_neuron_DPN_vs_diabetes
original_late_neuron	84695	LOXL3	down	late_neuron_DPN_vs_diabetes
original_late_neuron	84722	PSRC1	up	late_neuron_DPN_vs_diabetes
original_late_neuron	84726	PRRC2B	down	late_neuron_DPN_vs_diabetes
original_late_neuron	84752	B3GNT9	down	late_neuron_DPN_vs_diabetes
original_late_neuron	84798	C19orf48P	down	late_neuron_DPN_vs_diabetes
original_late_neuron	84876	ORAI1	down	late_neuron_DPN_vs_diabetes
original_late_neuron	84913	ATOH8	up	late_neuron_DPN_vs_diabetes
original_late_neuron	8501	SLC43A1	down	late_neuron_DPN_vs_diabetes
original_late_neuron	85363	TRIM5	down	late_neuron_DPN_vs_diabetes
original_late_neuron	8693	GALNT4	down	late_neuron_DPN_vs_diabetes
original_late_neuron	871	SERPINH1	down	late_neuron_DPN_vs_diabetes
original_late_neuron	8751	ADAM15	down	late_neuron_DPN_vs_diabetes
original_late_neuron	885	CCK	down	late_neuron_DPN_vs_diabetes
original_late_neuron	8850	KAT2B	down	late_neuron_DPN_vs_diabetes
original_late_neuron	8857	FCGBP	up	late_neuron_DPN_vs_diabetes
original_late_neuron	8880	FUBP1	down	late_neuron_DPN_vs_diabetes
original_late_neuron	8906	AP1G2	up	late_neuron_DPN_vs_diabetes
original_late_neuron	89876	CFAP91	down	late_neuron_DPN_vs_diabetes
original_late_neuron	8989	TRPA1	down	late_neuron_DPN_vs_diabetes
original_late_neuron	89891	DYNC2I2	down	late_neuron_DPN_vs_diabetes
original_late_neuron	899	CCNF	up	late_neuron_DPN_vs_diabetes
original_late_neuron	9022	CLIC3	up	late_neuron_DPN_vs_diabetes
original_late_neuron	90313	TP53I13	down	late_neuron_DPN_vs_diabetes
original_late_neuron	9057	SLC7A6	down	late_neuron_DPN_vs_diabetes
original_late_neuron	9060	PAPSS2	down	late_neuron_DPN_vs_diabetes
original_late_neuron	90634	N4BP2L1	down	late_neuron_DPN_vs_diabetes
original_late_neuron	91543	RSAD2	up	late_neuron_DPN_vs_diabetes
original_late_neuron	9211	LGI1	down	late_neuron_DPN_vs_diabetes
original_late_neuron	92270	ATP6AP1L	down	late_neuron_DPN_vs_diabetes
original_late_neuron	92806	CENPBD1P	down	late_neuron_DPN_vs_diabetes
original_late_neuron	9388	LIPG	down	late_neuron_DPN_vs_diabetes
original_late_neuron	93974	ATP5IF1	up	late_neuron_DPN_vs_diabetes
original_late_neuron	9420	CYP7B1	down	late_neuron_DPN_vs_diabetes
original_late_neuron	956	ENTPD3	down	late_neuron_DPN_vs_diabetes
original_late_neuron	9636	ISG15	up	late_neuron_DPN_vs_diabetes
original_late_neuron	9654	TTLL4	down	late_neuron_DPN_vs_diabetes
original_late_neuron	9674	KIAA0040	up	late_neuron_DPN_vs_diabetes
original_late_neuron	9710	GARRE1	up	late_neuron_DPN_vs_diabetes
original_late_neuron	9719	ADAMTSL2	down	late_neuron_DPN_vs_diabetes
original_late_neuron	9732	DOCK4	down	late_neuron_DPN_vs_diabetes
original_late_neuron	9771	RAPGEF5	down	late_neuron_DPN_vs_diabetes
original_late_neuron	9839	ZEB2	down	late_neuron_DPN_vs_diabetes
original_late_neuron	9866	TRIM66	down	late_neuron_DPN_vs_diabetes
original_late_neuron	9948	WDR1	up	late_neuron_DPN_vs_diabetes
original_late_neuron	9960	USP3	down	late_neuron_DPN_vs_diabetes
original_late_neuron	9986	RCE1	up	late_neuron_DPN_vs_diabetes
original_late_neuron	999	CDH1	down	late_neuron_DPN_vs_diabetes
original_severity	10000	AKT3	up	severity_neuron_modhigh_vs_low_nageotte
original_severity	10006	ABI1	up	severity_neuron_modhigh_vs_low_nageotte
original_severity	100289635	ZNF605	up	severity_neuron_modhigh_vs_low_nageotte
original_severity	100505576	LASP1NB	up	severity_neuron_modhigh_vs_low_nageotte
original_severity	10067	SCAMP3	down	severity_neuron_modhigh_vs_low_nageotte
original_severity	10085	EDIL3	down	severity_neuron_modhigh_vs_low_nageotte
original_severity	10116	FEM1B	up	severity_neuron_modhigh_vs_low_nageotte
original_severity	1012	CDH13	down	severity_neuron_modhigh_vs_low_nageotte
original_severity	10181	RBM5	up	severity_neuron_modhigh_vs_low_nageotte
original_severity	10236	HNRNPR	up	severity_neuron_modhigh_vs_low_nageotte
original_severity	10299	MARCHF6	up	severity_neuron_modhigh_vs_low_nageotte
original_severity	1033	CDKN3	up	severity_neuron_modhigh_vs_low_nageotte
original_severity	10397	NDRG1	up	severity_neuron_modhigh_vs_low_nageotte
original_severity	10443	N4BP2L2	up	severity_neuron_modhigh_vs_low_nageotte
original_severity	10487	CAP1	up	severity_neuron_modhigh_vs_low_nageotte
original_severity	10499	NCOA2	up	severity_neuron_modhigh_vs_low_nageotte
original_severity	10525	HYOU1	down	severity_neuron_modhigh_vs_low_nageotte
original_severity	10531	PITRM1	up	severity_neuron_modhigh_vs_low_nageotte
original_severity	10549	PRDX4	down	severity_neuron_modhigh_vs_low_nageotte
original_severity	10552	ARPC1A	up	severity_neuron_modhigh_vs_low_nageotte
original_severity	10564	ARFGEF2	up	severity_neuron_modhigh_vs_low_nageotte
original_severity	10565	ARFGEF1	up	severity_neuron_modhigh_vs_low_nageotte
original_severity	10567	RABAC1	down	severity_neuron_modhigh_vs_low_nageotte
original_severity	10577	NPC2	down	severity_neuron_modhigh_vs_low_nageotte
original_severity	10580	SORBS1	up	severity_neuron_modhigh_vs_low_nageotte
original_severity	10605	PAIP1	up	severity_neuron_modhigh_vs_low_nageotte
original_severity	10612	TRIM3	down	severity_neuron_modhigh_vs_low_nageotte
original_severity	10672	GNA13	up	severity_neuron_modhigh_vs_low_nageotte
original_severity	1072	CFL1	down	severity_neuron_modhigh_vs_low_nageotte
original_severity	10732	TCFL5	up	severity_neuron_modhigh_vs_low_nageotte
original_severity	10746	MAP3K2	up	severity_neuron_modhigh_vs_low_nageotte
original_severity	10776	ARPP19	up	severity_neuron_modhigh_vs_low_nageotte
original_severity	10810	WASF3	up	severity_neuron_modhigh_vs_low_nageotte
original_severity	10935	PRDX3	up	severity_neuron_modhigh_vs_low_nageotte
original_severity	10956	OS9	down	severity_neuron_modhigh_vs_low_nageotte
original_severity	10960	LMAN2	down	severity_neuron_modhigh_vs_low_nageotte
original_severity	10972	TMED10	down	severity_neuron_modhigh_vs_low_nageotte
original_severity	10994	HACL2	down	severity_neuron_modhigh_vs_low_nageotte
original_severity	11069	RAPGEF4	up	severity_neuron_modhigh_vs_low_nageotte
original_severity	11092	SPACA9	up	severity_neuron_modhigh_vs_low_nageotte
original_severity	11116	CEP43	up	severity_neuron_modhigh_vs_low_nageotte
original_severity	11183	MAP4K5	up	severity_neuron_modhigh_vs_low_nageotte
original_severity	112703	GARIN5A	up	severity_neuron_modhigh_vs_low_nageotte
original_severity	11344	TWF2	down	severity_neuron_modhigh_vs_low_nageotte
original_severity	114793	FMNL2	up	severity_neuron_modhigh_vs_low_nageotte
original_severity	115294	PCMTD1	up	severity_neuron_modhigh_vs_low_nageotte
original_severity	119710	IFTAP	up	severity_neuron_modhigh_vs_low_nageotte
original_severity	121551	ABTB3	up	severity_neuron_modhigh_vs_low_nageotte
original_severity	122809	SOCS4	up	severity_neuron_modhigh_vs_low_nageotte
original_severity	123283	TARS3	up	severity_neuron_modhigh_vs_low_nageotte
original_severity	126003	TRAPPC5	down	severity_neuron_modhigh_vs_low_nageotte
original_severity	1267	CNP	down	severity_neuron_modhigh_vs_low_nageotte
original_severity	126820	DNAI3	up	severity_neuron_modhigh_vs_low_nageotte
original_severity	128312	H2BC26	up	severity_neuron_modhigh_vs_low_nageotte
original_severity	134829	CLVS2	up	severity_neuron_modhigh_vs_low_nageotte
original_severity	1389	CREBL2	up	severity_neuron_modhigh_vs_low_nageotte
original_severity	139411	PTCHD1	down	severity_neuron_modhigh_vs_low_nageotte
original_severity	1410	CRYAB	down	severity_neuron_modhigh_vs_low_nageotte
original_severity	143879	KBTBD3	up	severity_neuron_modhigh_vs_low_nageotte
original_severity	144406	CFAP251	up	severity_neuron_modhigh_vs_low_nageotte
original_severity	145376	PPP1R36	up	severity_neuron_modhigh_vs_low_nageotte
original_severity	145407	ARMH4	down	severity_neuron_modhigh_vs_low_nageotte
original_severity	1455	CSNK1G2	up	severity_neuron_modhigh_vs_low_nageotte
original_severity	1456	CSNK1G3	up	severity_neuron_modhigh_vs_low_nageotte
original_severity	145788	PIERCE2	up	severity_neuron_modhigh_vs_low_nageotte
original_severity	159	ADSS2	up	severity_neuron_modhigh_vs_low_nageotte
original_severity	159090	PABIR2	up	severity_neuron_modhigh_vs_low_nageotte
original_severity	16	AARS1	up	severity_neuron_modhigh_vs_low_nageotte
original_severity	1615	DARS1	up	severity_neuron_modhigh_vs_low_nageotte
original_severity	163486	DENND1B	up	severity_neuron_modhigh_vs_low_nageotte
original_severity	1639	DCTN1	down	severity_neuron_modhigh_vs_low_nageotte
original_severity	1655	DDX5	up	severity_neuron_modhigh_vs_low_nageotte
original_severity	1657	DMXL1	up	severity_neuron_modhigh_vs_low_nageotte
original_severity	168850	ZNF800	up	severity_neuron_modhigh_vs_low_nageotte
original_severity	171586	ABHD3	up	severity_neuron_modhigh_vs_low_nageotte
original_severity	1727	CYB5R3	down	severity_neuron_modhigh_vs_low_nageotte
original_severity	178	AGL	up	severity_neuron_modhigh_vs_low_nageotte
original_severity	1859	DYRK1A	up	severity_neuron_modhigh_vs_low_nageotte
original_severity	1964	EIF1AX	up	severity_neuron_modhigh_vs_low_nageotte
original_severity	196441	ZFC3H1	up	severity_neuron_modhigh_vs_low_nageotte
original_severity	200879	LIPH	down	severity_neuron_modhigh_vs_low_nageotte
original_severity	2052	EPHX1	down	severity_neuron_modhigh_vs_low_nageotte
original_severity	205717	USF3	up	severity_neuron_modhigh_vs_low_nageotte
original_severity	2058	EPRS1	up	severity_neuron_modhigh_vs_low_nageotte
original_severity	21	ABCA3	down	severity_neuron_modhigh_vs_low_nageotte
original_severity	220972	MARCHF8	up	severity_neuron_modhigh_vs_low_nageotte
original_severity	221037	JMJD1C	up	severity_neuron_modhigh_vs_low_nageotte
original_severity	222223	ELAPOR2	up	severity_neuron_modhigh_vs_low_nageotte
original_severity	22858	CILK1	up	severity_neuron_modhigh_vs_low_nageotte
original_severity	22878	TRAPPC8	up	severity_neuron_modhigh_vs_low_nageotte
original_severity	22884	WDR37	up	severity_neuron_modhigh_vs_low_nageotte
original_severity	22887	FOXJ3	up	severity_neuron_modhigh_vs_low_nageotte
original_severity	22955	SCMH1	up	severity_neuron_modhigh_vs_low_nageotte
original_severity	23017	FAIM2	down	severity_neuron_modhigh_vs_low_nageotte
original_severity	23023	TMCC1	up	severity_neuron_modhigh_vs_low_nageotte
original_severity	23031	MAST3	down	severity_neuron_modhigh_vs_low_nageotte
original_severity	23033	DOP1A	up	severity_neuron_modhigh_vs_low_nageotte
original_severity	23034	SAMD4A	up	severity_neuron_modhigh_vs_low_nageotte
original_severity	23039	XPO7	up	severity_neuron_modhigh_vs_low_nageotte
original_severity	23047	PDS5B	up	severity_neuron_modhigh_vs_low_nageotte
original_severity	23051	ZHX3	up	severity_neuron_modhigh_vs_low_nageotte
original_severity	23074	BLTP3B	up	severity_neuron_modhigh_vs_low_nageotte
original_severity	23077	MYCBP2	up	severity_neuron_modhigh_vs_low_nageotte
original_severity	23122	CLASP2	up	severity_neuron_modhigh_vs_low_nageotte
original_severity	23154	NCDN	down	severity_neuron_modhigh_vs_low_nageotte
original_severity	23167	EFR3A	up	severity_neuron_modhigh_vs_low_nageotte
original_severity	23214	XPO6	up	severity_neuron_modhigh_vs_low_nageotte
original_severity	23215	PRRC2C	up	severity_neuron_modhigh_vs_low_nageotte
original_severity	23247	KATNIP	up	severity_neuron_modhigh_vs_low_nageotte
original_severity	23253	ANKRD12	up	severity_neuron_modhigh_vs_low_nageotte
original_severity	23270	TSPYL4	down	severity_neuron_modhigh_vs_low_nageotte
original_severity	23321	TRIM2	up	severity_neuron_modhigh_vs_low_nageotte
original_severity	23332	CLASP1	up	severity_neuron_modhigh_vs_low_nageotte
original_severity	23344	ESYT1	down	severity_neuron_modhigh_vs_low_nageotte
original_severity	23359	ENTREP2	up	severity_neuron_modhigh_vs_low_nageotte
original_severity	23362	PSD3	up	severity_neuron_modhigh_vs_low_nageotte
original_severity	23365	ARHGEF12	up	severity_neuron_modhigh_vs_low_nageotte
original_severity	23392	ECPAS	up	severity_neuron_modhigh_vs_low_nageotte
original_severity	23423	TMED3	down	severity_neuron_modhigh_vs_low_nageotte
original_severity	23505	TMEM131	up	severity_neuron_modhigh_vs_low_nageotte
original_severity	23512	SUZ12	up	severity_neuron_modhigh_vs_low_nageotte
original_severity	23558	WBP2	up	severity_neuron_modhigh_vs_low_nageotte
original_severity	23586	RIGI	up	severity_neuron_modhigh_vs_low_nageotte
original_severity	23650	TRIM29	up	severity_neuron_modhigh_vs_low_nageotte
original_severity	23768	FLRT2	up	severity_neuron_modhigh_vs_low_nageotte
original_severity	253143	PRR14L	up	severity_neuron_modhigh_vs_low_nageotte
original_severity	253461	ZBTB38	up	severity_neuron_modhigh_vs_low_nageotte
original_severity	2537	IFI6	down	severity_neuron_modhigh_vs_low_nageotte
original_severity	2547	XRCC6	up	severity_neuron_modhigh_vs_low_nageotte
original_severity	255758	DYNLT2B	down	severity_neuron_modhigh_vs_low_nageotte
original_severity	255928	SYT14	up	severity_neuron_modhigh_vs_low_nageotte
original_severity	25932	CLIC4	down	severity_neuron_modhigh_vs_low_nageotte
original_severity	25943	DNAAF9	up	severity_neuron_modhigh_vs_low_nageotte
original_severity	26009	ZZZ3	up	severity_neuron_modhigh_vs_low_nageotte
original_severity	26033	ATRNL1	up	severity_neuron_modhigh_vs_low_nageotte
original_severity	26071	RTL8A	up	severity_neuron_modhigh_vs_low_nageotte
original_severity	26118	WSB1	up	severity_neuron_modhigh_vs_low_nageotte
original_severity	2617	GARS1	up	severity_neuron_modhigh_vs_low_nageotte
original_severity	262	AMD1	up	severity_neuron_modhigh_vs_low_nageotte
original_severity	27013	CNPPD1	down	severity_neuron_modhigh_vs_low_nageotte
original_severity	27125	AFF4	up	severity_neuron_modhigh_vs_low_nageotte
original_severity	27255	CNTN6	up	severity_neuron_modhigh_vs_low_nageotte
original_severity	2774	GNAL	up	severity_neuron_modhigh_vs_low_nageotte
original_severity	283951	UQCC4	up	severity_neuron_modhigh_vs_low_nageotte
original_severity	284207	METRNL	down	severity_neuron_modhigh_vs_low_nageotte
original_severity	284273	PTGR3	up	severity_neuron_modhigh_vs_low_nageotte
original_severity	284325	ACTMAP	up	severity_neuron_modhigh_vs_low_nageotte
original_severity	284361	EMC10	down	severity_neuron_modhigh_vs_low_nageotte
original_severity	284611	EEIG2	up	severity_neuron_modhigh_vs_low_nageotte
original_severity	284697	BTBD8	up	severity_neuron_modhigh_vs_low_nageotte
original_severity	285172	HYCC2	up	severity_neuron_modhigh_vs_low_nageotte
original_severity	285636	RIMOC1	up	severity_neuron_modhigh_vs_low_nageotte
original_severity	2885	GRB2	down	severity_neuron_modhigh_vs_low_nageotte
original_severity	2890	GRIA1	down	severity_neuron_modhigh_vs_low_nageotte
original_severity	2896	GRN	down	severity_neuron_modhigh_vs_low_nageotte
original_severity	28978	TMEM14A	down	severity_neuron_modhigh_vs_low_nageotte
original_severity	29035	HAPSTR1	up	severity_neuron_modhigh_vs_low_nageotte
original_severity	291	SLC25A4	down	severity_neuron_modhigh_vs_low_nageotte
original_severity	29883	CNOT7	up	severity_neuron_modhigh_vs_low_nageotte
original_severity	29982	NRBF2	up	severity_neuron_modhigh_vs_low_nageotte
original_severity	29990	PILRB	up	severity_neuron_modhigh_vs_low_nageotte
original_severity	3014	H2AX	up	severity_neuron_modhigh_vs_low_nageotte
original_severity	3206	HOXA10	up	severity_neuron_modhigh_vs_low_nageotte
original_severity	3215	HOXB5	up	severity_neuron_modhigh_vs_low_nageotte
original_severity	3221	HOXC4	up	severity_neuron_modhigh_vs_low_nageotte
original_severity	3300	DNAJB2	down	severity_neuron_modhigh_vs_low_nageotte
original_severity	3376	IARS1	up	severity_neuron_modhigh_vs_low_nageotte
original_severity	339479	BRINP3	up	severity_neuron_modhigh_vs_low_nageotte
original_severity	343990	CRACDL	up	severity_neuron_modhigh_vs_low_nageotte
original_severity	347733	TUBB2B	down	severity_neuron_modhigh_vs_low_nageotte
original_severity	3489	IGFBP6	down	severity_neuron_modhigh_vs_low_nageotte
original_severity	353189	SLCO4C1	up	severity_neuron_modhigh_vs_low_nageotte
original_severity	360023	ZBTB41	up	severity_neuron_modhigh_vs_low_nageotte
original_severity	3728	JUP	down	severity_neuron_modhigh_vs_low_nageotte
original_severity	3735	KARS1	up	severity_neuron_modhigh_vs_low_nageotte
original_severity	3736	KCNA1	up	severity_neuron_modhigh_vs_low_nageotte
original_severity	3747	KCNC2	down	severity_neuron_modhigh_vs_low_nageotte
original_severity	384	ARG2	up	severity_neuron_modhigh_vs_low_nageotte
original_severity	388662	SLC6A17	down	severity_neuron_modhigh_vs_low_nageotte
original_severity	388962	BOLA3	up	severity_neuron_modhigh_vs_low_nageotte
original_severity	389072	PLEKHM3	up	severity_neuron_modhigh_vs_low_nageotte
original_severity	3897	L1CAM	down	severity_neuron_modhigh_vs_low_nageotte
original_severity	3910	LAMA4	up	severity_neuron_modhigh_vs_low_nageotte
original_severity	3937	LCP2	up	severity_neuron_modhigh_vs_low_nageotte
original_severity	3949	LDLR	down	severity_neuron_modhigh_vs_low_nageotte
original_severity	3956	LGALS1	down	severity_neuron_modhigh_vs_low_nageotte
original_severity	3959	LGALS3BP	down	severity_neuron_modhigh_vs_low_nageotte
original_severity	399665	EEIG1	up	severity_neuron_modhigh_vs_low_nageotte
original_severity	399687	MYO18A	down	severity_neuron_modhigh_vs_low_nageotte
original_severity	4000	LMNA	down	severity_neuron_modhigh_vs_low_nageotte
original_severity	400120	SERTM1	up	severity_neuron_modhigh_vs_low_nageotte
original_severity	401505	TOMM5	up	severity_neuron_modhigh_vs_low_nageotte
original_severity	402055	SRRD	up	severity_neuron_modhigh_vs_low_nageotte
original_severity	4045	LSAMP	down	severity_neuron_modhigh_vs_low_nageotte
original_severity	4093	SMAD9	up	severity_neuron_modhigh_vs_low_nageotte
original_severity	4129	MAOB	down	severity_neuron_modhigh_vs_low_nageotte
original_severity	4130	MAP1A	up	severity_neuron_modhigh_vs_low_nageotte
original_severity	4217	MAP3K5	up	severity_neuron_modhigh_vs_low_nageotte
original_severity	4282	MIF	down	severity_neuron_modhigh_vs_low_nageotte
original_severity	440574	MICOS10	up	severity_neuron_modhigh_vs_low_nageotte
original_severity	441061	MARCHF11	down	severity_neuron_modhigh_vs_low_nageotte
original_severity	444882	IGFL4	up	severity_neuron_modhigh_vs_low_nageotte
original_severity	445815	PALM2AKAP2	up	severity_neuron_modhigh_vs_low_nageotte
original_severity	4502	MT2A	up	severity_neuron_modhigh_vs_low_nageotte
original_severity	4677	NARS1	up	severity_neuron_modhigh_vs_low_nageotte
original_severity	4683	NBN	up	severity_neuron_modhigh_vs_low_nageotte
original_severity	472	ATM	up	severity_neuron_modhigh_vs_low_nageotte
original_severity	4914	NTRK1	down	severity_neuron_modhigh_vs_low_nageotte
original_severity	492311	IGIP	up	severity_neuron_modhigh_vs_low_nageotte
original_severity	5024	P2RX3	down	severity_neuron_modhigh_vs_low_nageotte
original_severity	50626	ZFTRAF1	up	severity_neuron_modhigh_vs_low_nageotte
original_severity	50632	CALY	down	severity_neuron_modhigh_vs_low_nageotte
original_severity	5095	PCCA	up	severity_neuron_modhigh_vs_low_nageotte
original_severity	5097	PCDH1	down	severity_neuron_modhigh_vs_low_nageotte
original_severity	5121	PCP4	down	severity_neuron_modhigh_vs_low_nageotte
original_severity	51255	RNF181	up	severity_neuron_modhigh_vs_low_nageotte
original_severity	51257	MARCHF2	up	severity_neuron_modhigh_vs_low_nageotte
original_severity	51286	CEND1	up	severity_neuron_modhigh_vs_low_nageotte
original_severity	51320	MEX3C	up	severity_neuron_modhigh_vs_low_nageotte
original_severity	51422	PRKAG2	up	severity_neuron_modhigh_vs_low_nageotte
original_severity	51449	PCYOX1	down	severity_neuron_modhigh_vs_low_nageotte
original_severity	51520	LARS1	up	severity_neuron_modhigh_vs_low_nageotte
original_severity	51526	OSER1	up	severity_neuron_modhigh_vs_low_nageotte
original_severity	51559	NT5DC3	down	severity_neuron_modhigh_vs_low_nageotte
original_severity	51571	CYRIB	up	severity_neuron_modhigh_vs_low_nageotte
original_severity	51637	RTRAF	up	severity_neuron_modhigh_vs_low_nageotte
original_severity	51668	IFT25	up	severity_neuron_modhigh_vs_low_nageotte
original_severity	51678	PALS2	up	severity_neuron_modhigh_vs_low_nageotte
original_severity	51706	CYB5R1	down	severity_neuron_modhigh_vs_low_nageotte
original_severity	51719	CAB39	up	severity_neuron_modhigh_vs_low_nageotte
original_severity	51729	WBP11	up	severity_neuron_modhigh_vs_low_nageotte
original_severity	51747	LUC7L3	up	severity_neuron_modhigh_vs_low_nageotte
original_severity	51776	MAP3K20	up	severity_neuron_modhigh_vs_low_nageotte
original_severity	5216	PFN1	down	severity_neuron_modhigh_vs_low_nageotte
original_severity	5230	PGK1	down	severity_neuron_modhigh_vs_low_nageotte
original_severity	5245	PHB1	up	severity_neuron_modhigh_vs_low_nageotte
original_severity	53335	BCL11A	up	severity_neuron_modhigh_vs_low_nageotte
original_severity	5376	PMP22	down	severity_neuron_modhigh_vs_low_nageotte
original_severity	5413	SEPTIN5	down	severity_neuron_modhigh_vs_low_nageotte
original_severity	54462	CCSER2	up	severity_neuron_modhigh_vs_low_nageotte
original_severity	54542	RC3H2	up	severity_neuron_modhigh_vs_low_nageotte
original_severity	54545	MTMR12	up	severity_neuron_modhigh_vs_low_nageotte
original_severity	54708	MARCHF5	up	severity_neuron_modhigh_vs_low_nageotte
original_severity	54732	TMED9	down	severity_neuron_modhigh_vs_low_nageotte
original_severity	54776	PPP1R12C	up	severity_neuron_modhigh_vs_low_nageotte
original_severity	5478	PPIA	up	severity_neuron_modhigh_vs_low_nageotte
original_severity	54859	ELP6	down	severity_neuron_modhigh_vs_low_nageotte
original_severity	54876	DCAF16	up	severity_neuron_modhigh_vs_low_nageotte
original_severity	54887	BLTP3A	up	severity_neuron_modhigh_vs_low_nageotte
original_severity	54904	NSD3	up	severity_neuron_modhigh_vs_low_nageotte
original_severity	54928	BPNT2	up	severity_neuron_modhigh_vs_low_nageotte
original_severity	54972	TMEM132A	down	severity_neuron_modhigh_vs_low_nageotte
original_severity	54976	ADISSP	up	severity_neuron_modhigh_vs_low_nageotte
original_severity	54996	MTARC2	up	severity_neuron_modhigh_vs_low_nageotte
original_severity	55016	MARCHF1	down	severity_neuron_modhigh_vs_low_nageotte
original_severity	55041	PLEKHB2	down	severity_neuron_modhigh_vs_low_nageotte
original_severity	55048	VPS37C	up	severity_neuron_modhigh_vs_low_nageotte
original_severity	55063	ZCWPW1	up	severity_neuron_modhigh_vs_low_nageotte
original_severity	55093	NTAQ1	up	severity_neuron_modhigh_vs_low_nageotte
original_severity	55240	STEAP3	down	severity_neuron_modhigh_vs_low_nageotte
original_severity	55258	THNSL2	down	severity_neuron_modhigh_vs_low_nageotte
original_severity	55577	NAGK	down	severity_neuron_modhigh_vs_low_nageotte
original_severity	55668	GPATCH2L	up	severity_neuron_modhigh_vs_low_nageotte
original_severity	55681	SCYL2	up	severity_neuron_modhigh_vs_low_nageotte
original_severity	55702	YJU2	down	severity_neuron_modhigh_vs_low_nageotte
original_severity	55760	DHX32	up	severity_neuron_modhigh_vs_low_nageotte
original_severity	55840	EAF2	up	severity_neuron_modhigh_vs_low_nageotte
original_severity	5585	PKN1	down	severity_neuron_modhigh_vs_low_nageotte
original_severity	55870	ASH1L	up	severity_neuron_modhigh_vs_low_nageotte
original_severity	55920	RCC2	up	severity_neuron_modhigh_vs_low_nageotte
original_severity	5597	MAPK6	up	severity_neuron_modhigh_vs_low_nageotte
original_severity	56005	MYDGF	down	severity_neuron_modhigh_vs_low_nageotte
original_severity	5602	MAPK10	up	severity_neuron_modhigh_vs_low_nageotte
original_severity	56204	ATOSA	up	severity_neuron_modhigh_vs_low_nageotte
original_severity	5635	PRPSAP1	up	severity_neuron_modhigh_vs_low_nageotte
original_severity	5660	PSAP	down	severity_neuron_modhigh_vs_low_nageotte
original_severity	567	B2M	down	severity_neuron_modhigh_vs_low_nageotte
original_severity	56910	STARD7	up	severity_neuron_modhigh_vs_low_nageotte
original_severity	56938	BMAL2	up	severity_neuron_modhigh_vs_low_nageotte
original_severity	57019	CIAPIN1	down	severity_neuron_modhigh_vs_low_nageotte
original_severity	57179	KIAA1191	up	severity_neuron_modhigh_vs_low_nageotte
original_severity	57403	RAB22A	up	severity_neuron_modhigh_vs_low_nageotte
original_severity	57482	CRACD	up	severity_neuron_modhigh_vs_low_nageotte
original_severity	57532	NUFIP2	up	severity_neuron_modhigh_vs_low_nageotte
original_severity	57574	MARCHF4	down	severity_neuron_modhigh_vs_low_nageotte
original_severity	57578	UNC79	up	severity_neuron_modhigh_vs_low_nageotte
original_severity	57613	FAM234B	down	severity_neuron_modhigh_vs_low_nageotte
original_severity	5763	PTMS	down	severity_neuron_modhigh_vs_low_nageotte
original_severity	57683	ZDBF2	up	severity_neuron_modhigh_vs_low_nageotte
original_severity	57700	FHIP2A	up	severity_neuron_modhigh_vs_low_nageotte
original_severity	57763	ANKRA2	up	severity_neuron_modhigh_vs_low_nageotte
original_severity	57786	RBAK	up	severity_neuron_modhigh_vs_low_nageotte
original_severity	57804	POLD4	up	severity_neuron_modhigh_vs_low_nageotte
original_severity	5786	PTPRA	up	severity_neuron_modhigh_vs_low_nageotte
original_severity	5818	NECTIN1	down	severity_neuron_modhigh_vs_low_nageotte
original_severity	5829	PXN	up	severity_neuron_modhigh_vs_low_nageotte
original_severity	58487	CREBZF	up	severity_neuron_modhigh_vs_low_nageotte
original_severity	5859	QARS1	up	severity_neuron_modhigh_vs_low_nageotte
original_severity	5878	RAB5C	down	severity_neuron_modhigh_vs_low_nageotte
original_severity	5900	RALGDS	up	severity_neuron_modhigh_vs_low_nageotte
original_severity	5927	KDM5A	up	severity_neuron_modhigh_vs_low_nageotte
original_severity	5932	RBBP8	up	severity_neuron_modhigh_vs_low_nageotte
original_severity	60	ACTB	down	severity_neuron_modhigh_vs_low_nageotte
original_severity	6004	RGS16	down	severity_neuron_modhigh_vs_low_nageotte
original_severity	60314	MYG1	up	severity_neuron_modhigh_vs_low_nageotte
original_severity	60481	ELOVL5	down	severity_neuron_modhigh_vs_low_nageotte
original_severity	6049	RNF6	up	severity_neuron_modhigh_vs_low_nageotte
original_severity	6050	RNH1	down	severity_neuron_modhigh_vs_low_nageotte
original_severity	6275	S100A4	down	severity_neuron_modhigh_vs_low_nageotte
original_severity	6301	SARS1	up	severity_neuron_modhigh_vs_low_nageotte
original_severity	6389	SDHA	up	severity_neuron_modhigh_vs_low_nageotte
original_severity	63932	STEEP1	down	severity_neuron_modhigh_vs_low_nageotte
original_severity	63939	FAM217B	up	severity_neuron_modhigh_vs_low_nageotte
original_severity	64121	RRAGC	up	severity_neuron_modhigh_vs_low_nageotte
original_severity	6416	MAP2K4	up	severity_neuron_modhigh_vs_low_nageotte
original_severity	6430	SRSF5	up	severity_neuron_modhigh_vs_low_nageotte
original_severity	64376	IKZF5	up	severity_neuron_modhigh_vs_low_nageotte
original_severity	64398	PALS1	up	severity_neuron_modhigh_vs_low_nageotte
original_severity	64645	SLC71A1	up	severity_neuron_modhigh_vs_low_nageotte
original_severity	64757	MTARC1	up	severity_neuron_modhigh_vs_low_nageotte
original_severity	64760	FHIP2B	up	severity_neuron_modhigh_vs_low_nageotte
original_severity	64762	GAREM1	up	severity_neuron_modhigh_vs_low_nageotte
original_severity	64776	CFAP68	up	severity_neuron_modhigh_vs_low_nageotte
original_severity	64805	P2RY12	down	severity_neuron_modhigh_vs_low_nageotte
original_severity	64844	MARCHF7	up	severity_neuron_modhigh_vs_low_nageotte
original_severity	65056	GPBP1	up	severity_neuron_modhigh_vs_low_nageotte
original_severity	653319	MATCAP1	up	severity_neuron_modhigh_vs_low_nageotte
original_severity	6654	SOS1	up	severity_neuron_modhigh_vs_low_nageotte
original_severity	667	DST	up	severity_neuron_modhigh_vs_low_nageotte
original_severity	6695	SPOCK1	down	severity_neuron_modhigh_vs_low_nageotte
original_severity	6786	STIM1	down	severity_neuron_modhigh_vs_low_nageotte
original_severity	6853	SYN1	down	severity_neuron_modhigh_vs_low_nageotte
original_severity	6855	SYP	down	severity_neuron_modhigh_vs_low_nageotte
original_severity	6857	SYT1	down	severity_neuron_modhigh_vs_low_nageotte
original_severity	687	KLF9	up	severity_neuron_modhigh_vs_low_nageotte
original_severity	6901	TAFAZZIN	up	severity_neuron_modhigh_vs_low_nageotte
original_severity	6935	ZEB1	up	severity_neuron_modhigh_vs_low_nageotte
original_severity	7009	TMBIM6	down	severity_neuron_modhigh_vs_low_nageotte
original_severity	7037	TFRC	down	severity_neuron_modhigh_vs_low_nageotte
original_severity	7076	TIMP1	down	severity_neuron_modhigh_vs_low_nageotte
original_severity	7082	TJP1	up	severity_neuron_modhigh_vs_low_nageotte
original_severity	710	SERPING1	down	severity_neuron_modhigh_vs_low_nageotte
original_severity	7109	TRAPPC10	up	severity_neuron_modhigh_vs_low_nageotte
original_severity	715	C1R	down	severity_neuron_modhigh_vs_low_nageotte
original_severity	7182	NR2C2	up	severity_neuron_modhigh_vs_low_nageotte
original_severity	7184	HSP90B1	down	severity_neuron_modhigh_vs_low_nageotte
original_severity	7267	TTC3	up	severity_neuron_modhigh_vs_low_nageotte
original_severity	728568	UQCC6	up	severity_neuron_modhigh_vs_low_nageotte
original_severity	7335	UBE2V1	up	severity_neuron_modhigh_vs_low_nageotte
original_severity	7388	UQCRH	up	severity_neuron_modhigh_vs_low_nageotte
original_severity	7425	VGF	up	severity_neuron_modhigh_vs_low_nageotte
original_severity	7431	VIM	down	severity_neuron_modhigh_vs_low_nageotte
original_severity	7442	TRPV1	down	severity_neuron_modhigh_vs_low_nageotte
original_severity	7529	YWHAB	down	severity_neuron_modhigh_vs_low_nageotte
original_severity	7707	ZNF148	up	severity_neuron_modhigh_vs_low_nageotte
original_severity	7750	ZMYM2	up	severity_neuron_modhigh_vs_low_nageotte
original_severity	7798	LUZP1	up	severity_neuron_modhigh_vs_low_nageotte
original_severity	783	CACNB2	up	severity_neuron_modhigh_vs_low_nageotte
original_severity	7846	TUBA1A	up	severity_neuron_modhigh_vs_low_nageotte
original_severity	79073	TMEM109	down	severity_neuron_modhigh_vs_low_nageotte
original_severity	79095	BBLN	up	severity_neuron_modhigh_vs_low_nageotte
original_severity	79096	CSTPP1	up	severity_neuron_modhigh_vs_low_nageotte
original_severity	79567	RIPOR1	down	severity_neuron_modhigh_vs_low_nageotte
original_severity	79750	ZNF385D	up	severity_neuron_modhigh_vs_low_nageotte
original_severity	79780	CCDC82	up	severity_neuron_modhigh_vs_low_nageotte
original_severity	79794	SPRING1	up	severity_neuron_modhigh_vs_low_nageotte
original_severity	79924	ADM2	up	severity_neuron_modhigh_vs_low_nageotte
original_severity	79954	NOL10	up	severity_neuron_modhigh_vs_low_nageotte
original_severity	79966	SCD5	down	severity_neuron_modhigh_vs_low_nageotte
original_severity	80011	PSME3IP1	up	severity_neuron_modhigh_vs_low_nageotte
original_severity	80067	DCAF17	up	severity_neuron_modhigh_vs_low_nageotte
original_severity	80256	ATOSB	up	severity_neuron_modhigh_vs_low_nageotte
original_severity	80262	PHAF1	up	severity_neuron_modhigh_vs_low_nageotte
original_severity	80279	CDK5RAP3	up	severity_neuron_modhigh_vs_low_nageotte
original_severity	80349	SKIC8	up	severity_neuron_modhigh_vs_low_nageotte
original_severity	81533	ITFG1	down	severity_neuron_modhigh_vs_low_nageotte
original_severity	81551	STMN4	down	severity_neuron_modhigh_vs_low_nageotte
original_severity	81553	CYRIA	up	severity_neuron_modhigh_vs_low_nageotte
original_severity	81576	YJU2B	up	severity_neuron_modhigh_vs_low_nageotte
original_severity	81618	ITM2C	down	severity_neuron_modhigh_vs_low_nageotte
original_severity	81669	CCNL2	up	severity_neuron_modhigh_vs_low_nageotte
original_severity	81688	C6orf62	up	severity_neuron_modhigh_vs_low_nageotte
original_severity	81894	SLC25A28	up	severity_neuron_modhigh_vs_low_nageotte
original_severity	81928	CABLES2	up	severity_neuron_modhigh_vs_low_nageotte
original_severity	833	CARS1	up	severity_neuron_modhigh_vs_low_nageotte
original_severity	8334	H2AC6	up	severity_neuron_modhigh_vs_low_nageotte
original_severity	83698	CALN1	up	severity_neuron_modhigh_vs_low_nageotte
original_severity	837	CASP4	up	severity_neuron_modhigh_vs_low_nageotte
original_severity	83719	YPEL3	up	severity_neuron_modhigh_vs_low_nageotte
original_severity	84033	OBSCN	down	severity_neuron_modhigh_vs_low_nageotte
original_severity	8404	SPARCL1	up	severity_neuron_modhigh_vs_low_nageotte
original_severity	84067	FHIP1B	up	severity_neuron_modhigh_vs_low_nageotte
original_severity	84085	FBXO30	up	severity_neuron_modhigh_vs_low_nageotte
original_severity	84129	ACAD11	up	severity_neuron_modhigh_vs_low_nageotte
original_severity	84162	BLTP1	up	severity_neuron_modhigh_vs_low_nageotte
original_severity	84293	PRXL2A	down	severity_neuron_modhigh_vs_low_nageotte
original_severity	8450	CUL4B	up	severity_neuron_modhigh_vs_low_nageotte
original_severity	84529	CDIN1	up	severity_neuron_modhigh_vs_low_nageotte
original_severity	8454	CUL1	up	severity_neuron_modhigh_vs_low_nageotte
original_severity	84542	SANBR	up	severity_neuron_modhigh_vs_low_nageotte
original_severity	84668	HYCC1	up	severity_neuron_modhigh_vs_low_nageotte
original_severity	8473	OGT	up	severity_neuron_modhigh_vs_low_nageotte
original_severity	8476	CDC42BPA	up	severity_neuron_modhigh_vs_low_nageotte
original_severity	84926	SPRYD3	down	severity_neuron_modhigh_vs_low_nageotte
original_severity	84930	MASTL	up	severity_neuron_modhigh_vs_low_nageotte
original_severity	8525	DGKZ	up	severity_neuron_modhigh_vs_low_nageotte
original_severity	8545	CGGBP1	up	severity_neuron_modhigh_vs_low_nageotte
original_severity	85457	CIPC	up	severity_neuron_modhigh_vs_low_nageotte
original_severity	85460	ZNF518B	up	severity_neuron_modhigh_vs_low_nageotte
original_severity	8565	YARS1	up	severity_neuron_modhigh_vs_low_nageotte
original_severity	8567	MADD	up	severity_neuron_modhigh_vs_low_nageotte
original_severity	8615	USO1	up	severity_neuron_modhigh_vs_low_nageotte
original_severity	8907	AP1M1	down	severity_neuron_modhigh_vs_low_nageotte
original_severity	8936	WASF1	up	severity_neuron_modhigh_vs_low_nageotte
original_severity	8974	P4HA2	down	severity_neuron_modhigh_vs_low_nageotte
original_severity	8989	TRPA1	down	severity_neuron_modhigh_vs_low_nageotte
original_severity	9019	MPZL1	down	severity_neuron_modhigh_vs_low_nageotte
original_severity	90355	MACIR	up	severity_neuron_modhigh_vs_low_nageotte
original_severity	9040	UBE2M	up	severity_neuron_modhigh_vs_low_nageotte
original_severity	90701	SEC11C	down	severity_neuron_modhigh_vs_low_nageotte
original_severity	90835	CFAP119	up	severity_neuron_modhigh_vs_low_nageotte
original_severity	9123	SLC16A3	down	severity_neuron_modhigh_vs_low_nageotte
original_severity	91748	MIDEAS	down	severity_neuron_modhigh_vs_low_nageotte
original_severity	91966	EOLA1	up	severity_neuron_modhigh_vs_low_nageotte
original_severity	91978	TPGS1	down	severity_neuron_modhigh_vs_low_nageotte
original_severity	9202	ZMYM4	up	severity_neuron_modhigh_vs_low_nageotte
original_severity	9240	PNMA1	down	severity_neuron_modhigh_vs_low_nageotte
original_severity	9253	NUMBL	down	severity_neuron_modhigh_vs_low_nageotte
original_severity	92815	H2AC25	up	severity_neuron_modhigh_vs_low_nageotte
original_severity	9296	ATP6V1F	up	severity_neuron_modhigh_vs_low_nageotte
original_severity	92979	MARCHF9	up	severity_neuron_modhigh_vs_low_nageotte
original_severity	9371	KIF3B	up	severity_neuron_modhigh_vs_low_nageotte
original_severity	9413	ENTREP1	up	severity_neuron_modhigh_vs_low_nageotte
original_severity	9530	BAG4	up	severity_neuron_modhigh_vs_low_nageotte
original_severity	9536	PTGES	down	severity_neuron_modhigh_vs_low_nageotte
original_severity	9555	MACROH2A1	down	severity_neuron_modhigh_vs_low_nageotte
original_severity	960	CD44	down	severity_neuron_modhigh_vs_low_nageotte
original_severity	9625	LMTK1	up	severity_neuron_modhigh_vs_low_nageotte
original_severity	9636	ISG15	down	severity_neuron_modhigh_vs_low_nageotte
original_severity	9648	GCC2	up	severity_neuron_modhigh_vs_low_nageotte
original_severity	9652	SKIC3	up	severity_neuron_modhigh_vs_low_nageotte
original_severity	9703	BLTP2	up	severity_neuron_modhigh_vs_low_nageotte
original_severity	9706	ULK2	up	severity_neuron_modhigh_vs_low_nageotte
original_severity	9736	USP34	up	severity_neuron_modhigh_vs_low_nageotte
original_severity	9762	LZTS3	down	severity_neuron_modhigh_vs_low_nageotte
original_severity	9765	ZFYVE16	up	severity_neuron_modhigh_vs_low_nageotte
original_severity	9818	NUP58	up	severity_neuron_modhigh_vs_low_nageotte
original_severity	9821	RB1CC1	up	severity_neuron_modhigh_vs_low_nageotte
original_severity	9839	ZEB2	up	severity_neuron_modhigh_vs_low_nageotte
original_severity	9857	CEP350	up	severity_neuron_modhigh_vs_low_nageotte
original_severity	9897	WASHC5	up	severity_neuron_modhigh_vs_low_nageotte
original_severity	9920	KBTBD11	down	severity_neuron_modhigh_vs_low_nageotte
original_severity	9931	HELZ	up	severity_neuron_modhigh_vs_low_nageotte
original_severity	9969	MED13	up	severity_neuron_modhigh_vs_low_nageotte
original_severity	9988	DMTF1	up	severity_neuron_modhigh_vs_low_nageotte
original_xenium	10202	DHRS2	up	xenium_DPN_vs_control
original_xenium	10268	RAMP3	down	xenium_DPN_vs_control
original_xenium	11280	SCN11A	down	xenium_DPN_vs_control
original_xenium	1143	CHRNB4	down	xenium_DPN_vs_control
original_xenium	116512	MRGPRD	down	xenium_DPN_vs_control
original_xenium	117195	MRGPRX3	down	xenium_DPN_vs_control
original_xenium	122618	PLD4	down	xenium_DPN_vs_control
original_xenium	133396	IL31RA	down	xenium_DPN_vs_control
original_xenium	140803	TRPM6	down	xenium_DPN_vs_control
original_xenium	151254	CATSPERT	down	xenium_DPN_vs_control
original_xenium	1524	CX3CR1	down	xenium_DPN_vs_control
original_xenium	170850	KCNG3	down	xenium_DPN_vs_control
original_xenium	1909	EDNRA	down	xenium_DPN_vs_control
original_xenium	1969	EPHA2	down	xenium_DPN_vs_control
original_xenium	2066	ERBB4	down	xenium_DPN_vs_control
original_xenium	26508	HEYL	down	xenium_DPN_vs_control
original_xenium	2675	GFRA2	down	xenium_DPN_vs_control
original_xenium	26996	GPR160	down	xenium_DPN_vs_control
original_xenium	3002	GZMB	up	xenium_DPN_vs_control
original_xenium	306	ANXA3	down	xenium_DPN_vs_control
original_xenium	30819	KCNIP2	down	xenium_DPN_vs_control
original_xenium	3479	IGF1	down	xenium_DPN_vs_control
original_xenium	3603	IL16	down	xenium_DPN_vs_control
original_xenium	375061	FAM89A	down	xenium_DPN_vs_control
original_xenium	3781	KCNN2	down	xenium_DPN_vs_control
original_xenium	3786	KCNQ3	up	xenium_DPN_vs_control
original_xenium	4744	NEFH	up	xenium_DPN_vs_control
original_xenium	4879	NPPB	down	xenium_DPN_vs_control
original_xenium	4986	OPRK1	down	xenium_DPN_vs_control
original_xenium	5008	OSM	up	xenium_DPN_vs_control
original_xenium	51083	GAL	up	xenium_DPN_vs_control
original_xenium	5143	PDE4C	down	xenium_DPN_vs_control
original_xenium	54739	XAF1	down	xenium_DPN_vs_control
original_xenium	56920	SEMA3G	down	xenium_DPN_vs_control
original_xenium	56978	PRDM8	down	xenium_DPN_vs_control
original_xenium	57214	CEMIP	down	xenium_DPN_vs_control
original_xenium	5733	PTGER3	up	xenium_DPN_vs_control
original_xenium	5999	RGS4	down	xenium_DPN_vs_control
original_xenium	6279	S100A8	down	xenium_DPN_vs_control
original_xenium	6280	S100A9	down	xenium_DPN_vs_control
original_xenium	6348	CCL3	up	xenium_DPN_vs_control
original_xenium	6349	CCL3L1	up	xenium_DPN_vs_control
original_xenium	6351	CCL4	up	xenium_DPN_vs_control
original_xenium	6382	SDC1	up	xenium_DPN_vs_control
original_xenium	6387	CXCL12	down	xenium_DPN_vs_control
original_xenium	63895	PIEZO2	down	xenium_DPN_vs_control
original_xenium	653689	GSTT2B	up	xenium_DPN_vs_control
original_xenium	6750	SST	down	xenium_DPN_vs_control
original_xenium	6751	SSTR1	up	xenium_DPN_vs_control
original_xenium	7033	TFF3	down	xenium_DPN_vs_control
original_xenium	7222	TRPC3	down	xenium_DPN_vs_control
original_xenium	7349	UCN	up	xenium_DPN_vs_control
original_xenium	8448	DOC2A	up	xenium_DPN_vs_control
original_xenium	9079	LDB2	down	xenium_DPN_vs_control
original_xenium	90853	SPOCD1	up	xenium_DPN_vs_control
original_xenium	9180	OSMR	down	xenium_DPN_vs_control
original_xenium	9311	ASIC3	down	xenium_DPN_vs_control
original_xenium	942	CD86	down	xenium_DPN_vs_control
original_xenium	944	TNFSF8	down	xenium_DPN_vs_control
original_xenium	9607	CARTPT	up	xenium_DPN_vs_control
severity_neuron_residual	10000	AKT3	up	severity_neuron_modhigh_vs_low_nageotte
severity_neuron_residual	10006	ABI1	up	severity_neuron_modhigh_vs_low_nageotte
severity_neuron_residual	100289635	ZNF605	up	severity_neuron_modhigh_vs_low_nageotte
severity_neuron_residual	10067	SCAMP3	down	severity_neuron_modhigh_vs_low_nageotte
severity_neuron_residual	10085	EDIL3	down	severity_neuron_modhigh_vs_low_nageotte
severity_neuron_residual	1012	CDH13	down	severity_neuron_modhigh_vs_low_nageotte
severity_neuron_residual	10181	RBM5	up	severity_neuron_modhigh_vs_low_nageotte
severity_neuron_residual	10236	HNRNPR	up	severity_neuron_modhigh_vs_low_nageotte
severity_neuron_residual	1033	CDKN3	up	severity_neuron_modhigh_vs_low_nageotte
severity_neuron_residual	10397	NDRG1	up	severity_neuron_modhigh_vs_low_nageotte
severity_neuron_residual	10443	N4BP2L2	up	severity_neuron_modhigh_vs_low_nageotte
severity_neuron_residual	10487	CAP1	up	severity_neuron_modhigh_vs_low_nageotte
severity_neuron_residual	10499	NCOA2	up	severity_neuron_modhigh_vs_low_nageotte
severity_neuron_residual	10525	HYOU1	down	severity_neuron_modhigh_vs_low_nageotte
severity_neuron_residual	10531	PITRM1	up	severity_neuron_modhigh_vs_low_nageotte
severity_neuron_residual	10549	PRDX4	down	severity_neuron_modhigh_vs_low_nageotte
severity_neuron_residual	10552	ARPC1A	up	severity_neuron_modhigh_vs_low_nageotte
severity_neuron_residual	10564	ARFGEF2	up	severity_neuron_modhigh_vs_low_nageotte
severity_neuron_residual	10565	ARFGEF1	up	severity_neuron_modhigh_vs_low_nageotte
severity_neuron_residual	10567	RABAC1	down	severity_neuron_modhigh_vs_low_nageotte
severity_neuron_residual	10577	NPC2	down	severity_neuron_modhigh_vs_low_nageotte
severity_neuron_residual	10580	SORBS1	up	severity_neuron_modhigh_vs_low_nageotte
severity_neuron_residual	10605	PAIP1	up	severity_neuron_modhigh_vs_low_nageotte
severity_neuron_residual	10612	TRIM3	down	severity_neuron_modhigh_vs_low_nageotte
severity_neuron_residual	10672	GNA13	up	severity_neuron_modhigh_vs_low_nageotte
severity_neuron_residual	1072	CFL1	down	severity_neuron_modhigh_vs_low_nageotte
severity_neuron_residual	10732	TCFL5	up	severity_neuron_modhigh_vs_low_nageotte
severity_neuron_residual	10746	MAP3K2	up	severity_neuron_modhigh_vs_low_nageotte
severity_neuron_residual	10776	ARPP19	up	severity_neuron_modhigh_vs_low_nageotte
severity_neuron_residual	10810	WASF3	up	severity_neuron_modhigh_vs_low_nageotte
severity_neuron_residual	10935	PRDX3	up	severity_neuron_modhigh_vs_low_nageotte
severity_neuron_residual	10956	OS9	down	severity_neuron_modhigh_vs_low_nageotte
severity_neuron_residual	10960	LMAN2	down	severity_neuron_modhigh_vs_low_nageotte
severity_neuron_residual	10972	TMED10	down	severity_neuron_modhigh_vs_low_nageotte
severity_neuron_residual	10994	HACL2	down	severity_neuron_modhigh_vs_low_nageotte
severity_neuron_residual	11069	RAPGEF4	up	severity_neuron_modhigh_vs_low_nageotte
severity_neuron_residual	11092	SPACA9	up	severity_neuron_modhigh_vs_low_nageotte
severity_neuron_residual	11183	MAP4K5	up	severity_neuron_modhigh_vs_low_nageotte
severity_neuron_residual	11344	TWF2	down	severity_neuron_modhigh_vs_low_nageotte
severity_neuron_residual	114793	FMNL2	up	severity_neuron_modhigh_vs_low_nageotte
severity_neuron_residual	115294	PCMTD1	up	severity_neuron_modhigh_vs_low_nageotte
severity_neuron_residual	122809	SOCS4	up	severity_neuron_modhigh_vs_low_nageotte
severity_neuron_residual	126003	TRAPPC5	down	severity_neuron_modhigh_vs_low_nageotte
severity_neuron_residual	1267	CNP	down	severity_neuron_modhigh_vs_low_nageotte
severity_neuron_residual	134829	CLVS2	up	severity_neuron_modhigh_vs_low_nageotte
severity_neuron_residual	1389	CREBL2	up	severity_neuron_modhigh_vs_low_nageotte
severity_neuron_residual	139411	PTCHD1	down	severity_neuron_modhigh_vs_low_nageotte
severity_neuron_residual	143879	KBTBD3	up	severity_neuron_modhigh_vs_low_nageotte
severity_neuron_residual	145376	PPP1R36	up	severity_neuron_modhigh_vs_low_nageotte
severity_neuron_residual	145407	ARMH4	down	severity_neuron_modhigh_vs_low_nageotte
severity_neuron_residual	1455	CSNK1G2	up	severity_neuron_modhigh_vs_low_nageotte
severity_neuron_residual	1456	CSNK1G3	up	severity_neuron_modhigh_vs_low_nageotte
severity_neuron_residual	163486	DENND1B	up	severity_neuron_modhigh_vs_low_nageotte
severity_neuron_residual	1639	DCTN1	down	severity_neuron_modhigh_vs_low_nageotte
severity_neuron_residual	1655	DDX5	up	severity_neuron_modhigh_vs_low_nageotte
severity_neuron_residual	1657	DMXL1	up	severity_neuron_modhigh_vs_low_nageotte
severity_neuron_residual	168850	ZNF800	up	severity_neuron_modhigh_vs_low_nageotte
severity_neuron_residual	171586	ABHD3	up	severity_neuron_modhigh_vs_low_nageotte
severity_neuron_residual	1727	CYB5R3	down	severity_neuron_modhigh_vs_low_nageotte
severity_neuron_residual	178	AGL	up	severity_neuron_modhigh_vs_low_nageotte
severity_neuron_residual	1859	DYRK1A	up	severity_neuron_modhigh_vs_low_nageotte
severity_neuron_residual	1964	EIF1AX	up	severity_neuron_modhigh_vs_low_nageotte
severity_neuron_residual	196441	ZFC3H1	up	severity_neuron_modhigh_vs_low_nageotte
severity_neuron_residual	200879	LIPH	down	severity_neuron_modhigh_vs_low_nageotte
severity_neuron_residual	2052	EPHX1	down	severity_neuron_modhigh_vs_low_nageotte
severity_neuron_residual	205717	USF3	up	severity_neuron_modhigh_vs_low_nageotte
severity_neuron_residual	21	ABCA3	down	severity_neuron_modhigh_vs_low_nageotte
severity_neuron_residual	221037	JMJD1C	up	severity_neuron_modhigh_vs_low_nageotte
severity_neuron_residual	22878	TRAPPC8	up	severity_neuron_modhigh_vs_low_nageotte
severity_neuron_residual	22884	WDR37	up	severity_neuron_modhigh_vs_low_nageotte
severity_neuron_residual	22887	FOXJ3	up	severity_neuron_modhigh_vs_low_nageotte
severity_neuron_residual	22955	SCMH1	up	severity_neuron_modhigh_vs_low_nageotte
severity_neuron_residual	23017	FAIM2	down	severity_neuron_modhigh_vs_low_nageotte
severity_neuron_residual	23023	TMCC1	up	severity_neuron_modhigh_vs_low_nageotte
severity_neuron_residual	23031	MAST3	down	severity_neuron_modhigh_vs_low_nageotte
severity_neuron_residual	23033	DOP1A	up	severity_neuron_modhigh_vs_low_nageotte
severity_neuron_residual	23034	SAMD4A	up	severity_neuron_modhigh_vs_low_nageotte
severity_neuron_residual	23039	XPO7	up	severity_neuron_modhigh_vs_low_nageotte
severity_neuron_residual	23047	PDS5B	up	severity_neuron_modhigh_vs_low_nageotte
severity_neuron_residual	23051	ZHX3	up	severity_neuron_modhigh_vs_low_nageotte
severity_neuron_residual	23077	MYCBP2	up	severity_neuron_modhigh_vs_low_nageotte
severity_neuron_residual	23122	CLASP2	up	severity_neuron_modhigh_vs_low_nageotte
severity_neuron_residual	23154	NCDN	down	severity_neuron_modhigh_vs_low_nageotte
severity_neuron_residual	23167	EFR3A	up	severity_neuron_modhigh_vs_low_nageotte
severity_neuron_residual	23214	XPO6	up	severity_neuron_modhigh_vs_low_nageotte
severity_neuron_residual	23215	PRRC2C	up	severity_neuron_modhigh_vs_low_nageotte
severity_neuron_residual	23253	ANKRD12	up	severity_neuron_modhigh_vs_low_nageotte
severity_neuron_residual	23270	TSPYL4	down	severity_neuron_modhigh_vs_low_nageotte
severity_neuron_residual	23321	TRIM2	up	severity_neuron_modhigh_vs_low_nageotte
severity_neuron_residual	23332	CLASP1	up	severity_neuron_modhigh_vs_low_nageotte
severity_neuron_residual	23344	ESYT1	down	severity_neuron_modhigh_vs_low_nageotte
severity_neuron_residual	23362	PSD3	up	severity_neuron_modhigh_vs_low_nageotte
severity_neuron_residual	23365	ARHGEF12	up	severity_neuron_modhigh_vs_low_nageotte
severity_neuron_residual	23392	ECPAS	up	severity_neuron_modhigh_vs_low_nageotte
severity_neuron_residual	23423	TMED3	down	severity_neuron_modhigh_vs_low_nageotte
severity_neuron_residual	23505	TMEM131	up	severity_neuron_modhigh_vs_low_nageotte
severity_neuron_residual	23512	SUZ12	up	severity_neuron_modhigh_vs_low_nageotte
severity_neuron_residual	23558	WBP2	up	severity_neuron_modhigh_vs_low_nageotte
severity_neuron_residual	23650	TRIM29	up	severity_neuron_modhigh_vs_low_nageotte
severity_neuron_residual	253143	PRR14L	up	severity_neuron_modhigh_vs_low_nageotte
severity_neuron_residual	253461	ZBTB38	up	severity_neuron_modhigh_vs_low_nageotte
severity_neuron_residual	2537	IFI6	down	severity_neuron_modhigh_vs_low_nageotte
severity_neuron_residual	2547	XRCC6	up	severity_neuron_modhigh_vs_low_nageotte
severity_neuron_residual	255928	SYT14	up	severity_neuron_modhigh_vs_low_nageotte
severity_neuron_residual	26071	RTL8A	up	severity_neuron_modhigh_vs_low_nageotte
severity_neuron_residual	26118	WSB1	up	severity_neuron_modhigh_vs_low_nageotte
severity_neuron_residual	262	AMD1	up	severity_neuron_modhigh_vs_low_nageotte
severity_neuron_residual	27013	CNPPD1	down	severity_neuron_modhigh_vs_low_nageotte
severity_neuron_residual	27125	AFF4	up	severity_neuron_modhigh_vs_low_nageotte
severity_neuron_residual	27255	CNTN6	up	severity_neuron_modhigh_vs_low_nageotte
severity_neuron_residual	2774	GNAL	up	severity_neuron_modhigh_vs_low_nageotte
severity_neuron_residual	284207	METRNL	down	severity_neuron_modhigh_vs_low_nageotte
severity_neuron_residual	284361	EMC10	down	severity_neuron_modhigh_vs_low_nageotte
severity_neuron_residual	284697	BTBD8	up	severity_neuron_modhigh_vs_low_nageotte
severity_neuron_residual	2885	GRB2	down	severity_neuron_modhigh_vs_low_nageotte
severity_neuron_residual	2890	GRIA1	down	severity_neuron_modhigh_vs_low_nageotte
severity_neuron_residual	2896	GRN	down	severity_neuron_modhigh_vs_low_nageotte
severity_neuron_residual	28978	TMEM14A	down	severity_neuron_modhigh_vs_low_nageotte
severity_neuron_residual	291	SLC25A4	down	severity_neuron_modhigh_vs_low_nageotte
severity_neuron_residual	29883	CNOT7	up	severity_neuron_modhigh_vs_low_nageotte
severity_neuron_residual	29982	NRBF2	up	severity_neuron_modhigh_vs_low_nageotte
severity_neuron_residual	29990	PILRB	up	severity_neuron_modhigh_vs_low_nageotte
severity_neuron_residual	3206	HOXA10	up	severity_neuron_modhigh_vs_low_nageotte
severity_neuron_residual	3215	HOXB5	up	severity_neuron_modhigh_vs_low_nageotte
severity_neuron_residual	3221	HOXC4	up	severity_neuron_modhigh_vs_low_nageotte
severity_neuron_residual	3300	DNAJB2	down	severity_neuron_modhigh_vs_low_nageotte
severity_neuron_residual	339479	BRINP3	up	severity_neuron_modhigh_vs_low_nageotte
severity_neuron_residual	347733	TUBB2B	down	severity_neuron_modhigh_vs_low_nageotte
severity_neuron_residual	3489	IGFBP6	down	severity_neuron_modhigh_vs_low_nageotte
severity_neuron_residual	353189	SLCO4C1	up	severity_neuron_modhigh_vs_low_nageotte
severity_neuron_residual	360023	ZBTB41	up	severity_neuron_modhigh_vs_low_nageotte
severity_neuron_residual	3728	JUP	down	severity_neuron_modhigh_vs_low_nageotte
severity_neuron_residual	3736	KCNA1	up	severity_neuron_modhigh_vs_low_nageotte
severity_neuron_residual	384	ARG2	up	severity_neuron_modhigh_vs_low_nageotte
severity_neuron_residual	388662	SLC6A17	down	severity_neuron_modhigh_vs_low_nageotte
severity_neuron_residual	388962	BOLA3	up	severity_neuron_modhigh_vs_low_nageotte
severity_neuron_residual	389072	PLEKHM3	up	severity_neuron_modhigh_vs_low_nageotte
severity_neuron_residual	3897	L1CAM	down	severity_neuron_modhigh_vs_low_nageotte
severity_neuron_residual	3910	LAMA4	up	severity_neuron_modhigh_vs_low_nageotte
severity_neuron_residual	3937	LCP2	up	severity_neuron_modhigh_vs_low_nageotte
severity_neuron_residual	3949	LDLR	down	severity_neuron_modhigh_vs_low_nageotte
severity_neuron_residual	3956	LGALS1	down	severity_neuron_modhigh_vs_low_nageotte
severity_neuron_residual	3959	LGALS3BP	down	severity_neuron_modhigh_vs_low_nageotte
severity_neuron_residual	4000	LMNA	down	severity_neuron_modhigh_vs_low_nageotte
severity_neuron_residual	400120	SERTM1	up	severity_neuron_modhigh_vs_low_nageotte
severity_neuron_residual	401505	TOMM5	up	severity_neuron_modhigh_vs_low_nageotte
severity_neuron_residual	402055	SRRD	up	severity_neuron_modhigh_vs_low_nageotte
severity_neuron_residual	4045	LSAMP	down	severity_neuron_modhigh_vs_low_nageotte
severity_neuron_residual	4093	SMAD9	up	severity_neuron_modhigh_vs_low_nageotte
severity_neuron_residual	4129	MAOB	down	severity_neuron_modhigh_vs_low_nageotte
severity_neuron_residual	4130	MAP1A	up	severity_neuron_modhigh_vs_low_nageotte
severity_neuron_residual	4217	MAP3K5	up	severity_neuron_modhigh_vs_low_nageotte
severity_neuron_residual	4282	MIF	down	severity_neuron_modhigh_vs_low_nageotte
severity_neuron_residual	440574	MICOS10	up	severity_neuron_modhigh_vs_low_nageotte
severity_neuron_residual	444882	IGFL4	up	severity_neuron_modhigh_vs_low_nageotte
severity_neuron_residual	4502	MT2A	up	severity_neuron_modhigh_vs_low_nageotte
severity_neuron_residual	4683	NBN	up	severity_neuron_modhigh_vs_low_nageotte
severity_neuron_residual	472	ATM	up	severity_neuron_modhigh_vs_low_nageotte
severity_neuron_residual	4914	NTRK1	down	severity_neuron_modhigh_vs_low_nageotte
severity_neuron_residual	492311	IGIP	up	severity_neuron_modhigh_vs_low_nageotte
severity_neuron_residual	5024	P2RX3	down	severity_neuron_modhigh_vs_low_nageotte
severity_neuron_residual	50632	CALY	down	severity_neuron_modhigh_vs_low_nageotte
severity_neuron_residual	5095	PCCA	up	severity_neuron_modhigh_vs_low_nageotte
severity_neuron_residual	5097	PCDH1	down	severity_neuron_modhigh_vs_low_nageotte
severity_neuron_residual	5121	PCP4	down	severity_neuron_modhigh_vs_low_nageotte
severity_neuron_residual	51255	RNF181	up	severity_neuron_modhigh_vs_low_nageotte
severity_neuron_residual	51286	CEND1	up	severity_neuron_modhigh_vs_low_nageotte
severity_neuron_residual	51320	MEX3C	up	severity_neuron_modhigh_vs_low_nageotte
severity_neuron_residual	51422	PRKAG2	up	severity_neuron_modhigh_vs_low_nageotte
severity_neuron_residual	51449	PCYOX1	down	severity_neuron_modhigh_vs_low_nageotte
severity_neuron_residual	51526	OSER1	up	severity_neuron_modhigh_vs_low_nageotte
severity_neuron_residual	51559	NT5DC3	down	severity_neuron_modhigh_vs_low_nageotte
severity_neuron_residual	51637	RTRAF	up	severity_neuron_modhigh_vs_low_nageotte
severity_neuron_residual	51706	CYB5R1	down	severity_neuron_modhigh_vs_low_nageotte
severity_neuron_residual	51719	CAB39	up	severity_neuron_modhigh_vs_low_nageotte
severity_neuron_residual	51729	WBP11	up	severity_neuron_modhigh_vs_low_nageotte
severity_neuron_residual	51747	LUC7L3	up	severity_neuron_modhigh_vs_low_nageotte
severity_neuron_residual	51776	MAP3K20	up	severity_neuron_modhigh_vs_low_nageotte
severity_neuron_residual	5216	PFN1	down	severity_neuron_modhigh_vs_low_nageotte
severity_neuron_residual	53335	BCL11A	up	severity_neuron_modhigh_vs_low_nageotte
severity_neuron_residual	5376	PMP22	down	severity_neuron_modhigh_vs_low_nageotte
severity_neuron_residual	5413	SEPTIN5	down	severity_neuron_modhigh_vs_low_nageotte
severity_neuron_residual	54462	CCSER2	up	severity_neuron_modhigh_vs_low_nageotte
severity_neuron_residual	54542	RC3H2	up	severity_neuron_modhigh_vs_low_nageotte
severity_neuron_residual	54545	MTMR12	up	severity_neuron_modhigh_vs_low_nageotte
severity_neuron_residual	54732	TMED9	down	severity_neuron_modhigh_vs_low_nageotte
severity_neuron_residual	54776	PPP1R12C	up	severity_neuron_modhigh_vs_low_nageotte
severity_neuron_residual	54859	ELP6	down	severity_neuron_modhigh_vs_low_nageotte
severity_neuron_residual	54876	DCAF16	up	severity_neuron_modhigh_vs_low_nageotte
severity_neuron_residual	54972	TMEM132A	down	severity_neuron_modhigh_vs_low_nageotte
severity_neuron_residual	55041	PLEKHB2	down	severity_neuron_modhigh_vs_low_nageotte
severity_neuron_residual	55048	VPS37C	up	severity_neuron_modhigh_vs_low_nageotte
severity_neuron_residual	55063	ZCWPW1	up	severity_neuron_modhigh_vs_low_nageotte
severity_neuron_residual	55240	STEAP3	down	severity_neuron_modhigh_vs_low_nageotte
severity_neuron_residual	55258	THNSL2	down	severity_neuron_modhigh_vs_low_nageotte
severity_neuron_residual	55577	NAGK	down	severity_neuron_modhigh_vs_low_nageotte
severity_neuron_residual	55668	GPATCH2L	up	severity_neuron_modhigh_vs_low_nageotte
severity_neuron_residual	55681	SCYL2	up	severity_neuron_modhigh_vs_low_nageotte
severity_neuron_residual	55702	YJU2	down	severity_neuron_modhigh_vs_low_nageotte
severity_neuron_residual	55760	DHX32	up	severity_neuron_modhigh_vs_low_nageotte
severity_neuron_residual	55840	EAF2	up	severity_neuron_modhigh_vs_low_nageotte
severity_neuron_residual	5585	PKN1	down	severity_neuron_modhigh_vs_low_nageotte
severity_neuron_residual	55870	ASH1L	up	severity_neuron_modhigh_vs_low_nageotte
severity_neuron_residual	55920	RCC2	up	severity_neuron_modhigh_vs_low_nageotte
severity_neuron_residual	5597	MAPK6	up	severity_neuron_modhigh_vs_low_nageotte
severity_neuron_residual	56005	MYDGF	down	severity_neuron_modhigh_vs_low_nageotte
severity_neuron_residual	5602	MAPK10	up	severity_neuron_modhigh_vs_low_nageotte
severity_neuron_residual	5635	PRPSAP1	up	severity_neuron_modhigh_vs_low_nageotte
severity_neuron_residual	5660	PSAP	down	severity_neuron_modhigh_vs_low_nageotte
severity_neuron_residual	567	B2M	down	severity_neuron_modhigh_vs_low_nageotte
severity_neuron_residual	56910	STARD7	up	severity_neuron_modhigh_vs_low_nageotte
severity_neuron_residual	57019	CIAPIN1	down	severity_neuron_modhigh_vs_low_nageotte
severity_neuron_residual	57179	KIAA1191	up	severity_neuron_modhigh_vs_low_nageotte
severity_neuron_residual	57403	RAB22A	up	severity_neuron_modhigh_vs_low_nageotte
severity_neuron_residual	57532	NUFIP2	up	severity_neuron_modhigh_vs_low_nageotte
severity_neuron_residual	57578	UNC79	up	severity_neuron_modhigh_vs_low_nageotte
severity_neuron_residual	57613	FAM234B	down	severity_neuron_modhigh_vs_low_nageotte
severity_neuron_residual	5763	PTMS	down	severity_neuron_modhigh_vs_low_nageotte
severity_neuron_residual	57683	ZDBF2	up	severity_neuron_modhigh_vs_low_nageotte
severity_neuron_residual	57763	ANKRA2	up	severity_neuron_modhigh_vs_low_nageotte
severity_neuron_residual	57786	RBAK	up	severity_neuron_modhigh_vs_low_nageotte
severity_neuron_residual	57804	POLD4	up	severity_neuron_modhigh_vs_low_nageotte
severity_neuron_residual	5786	PTPRA	up	severity_neuron_modhigh_vs_low_nageotte
severity_neuron_residual	5818	NECTIN1	down	severity_neuron_modhigh_vs_low_nageotte
severity_neuron_residual	5829	PXN	up	severity_neuron_modhigh_vs_low_nageotte
severity_neuron_residual	58487	CREBZF	up	severity_neuron_modhigh_vs_low_nageotte
severity_neuron_residual	5878	RAB5C	down	severity_neuron_modhigh_vs_low_nageotte
severity_neuron_residual	5927	KDM5A	up	severity_neuron_modhigh_vs_low_nageotte
severity_neuron_residual	5932	RBBP8	up	severity_neuron_modhigh_vs_low_nageotte
severity_neuron_residual	60	ACTB	down	severity_neuron_modhigh_vs_low_nageotte
severity_neuron_residual	6004	RGS16	down	severity_neuron_modhigh_vs_low_nageotte
severity_neuron_residual	60481	ELOVL5	down	severity_neuron_modhigh_vs_low_nageotte
severity_neuron_residual	6049	RNF6	up	severity_neuron_modhigh_vs_low_nageotte
severity_neuron_residual	6050	RNH1	down	severity_neuron_modhigh_vs_low_nageotte
severity_neuron_residual	6275	S100A4	down	severity_neuron_modhigh_vs_low_nageotte
severity_neuron_residual	6389	SDHA	up	severity_neuron_modhigh_vs_low_nageotte
severity_neuron_residual	63939	FAM217B	up	severity_neuron_modhigh_vs_low_nageotte
severity_neuron_residual	64121	RRAGC	up	severity_neuron_modhigh_vs_low_nageotte
severity_neuron_residual	6416	MAP2K4	up	severity_neuron_modhigh_vs_low_nageotte
severity_neuron_residual	6430	SRSF5	up	severity_neuron_modhigh_vs_low_nageotte
severity_neuron_residual	64376	IKZF5	up	severity_neuron_modhigh_vs_low_nageotte
severity_neuron_residual	64645	SLC71A1	up	severity_neuron_modhigh_vs_low_nageotte
severity_neuron_residual	64762	GAREM1	up	severity_neuron_modhigh_vs_low_nageotte
severity_neuron_residual	65056	GPBP1	up	severity_neuron_modhigh_vs_low_nageotte
severity_neuron_residual	6654	SOS1	up	severity_neuron_modhigh_vs_low_nageotte
severity_neuron_residual	667	DST	up	severity_neuron_modhigh_vs_low_nageotte
severity_neuron_residual	6695	SPOCK1	down	severity_neuron_modhigh_vs_low_nageotte
severity_neuron_residual	6786	STIM1	down	severity_neuron_modhigh_vs_low_nageotte
severity_neuron_residual	6853	SYN1	down	severity_neuron_modhigh_vs_low_nageotte
severity_neuron_residual	6855	SYP	down	severity_neuron_modhigh_vs_low_nageotte
severity_neuron_residual	6857	SYT1	down	severity_neuron_modhigh_vs_low_nageotte
severity_neuron_residual	6935	ZEB1	up	severity_neuron_modhigh_vs_low_nageotte
severity_neuron_residual	7009	TMBIM6	down	severity_neuron_modhigh_vs_low_nageotte
severity_neuron_residual	7076	TIMP1	down	severity_neuron_modhigh_vs_low_nageotte
severity_neuron_residual	710	SERPING1	down	severity_neuron_modhigh_vs_low_nageotte
severity_neuron_residual	7109	TRAPPC10	up	severity_neuron_modhigh_vs_low_nageotte
severity_neuron_residual	715	C1R	down	severity_neuron_modhigh_vs_low_nageotte
severity_neuron_residual	7182	NR2C2	up	severity_neuron_modhigh_vs_low_nageotte
severity_neuron_residual	7184	HSP90B1	down	severity_neuron_modhigh_vs_low_nageotte
severity_neuron_residual	7267	TTC3	up	severity_neuron_modhigh_vs_low_nageotte
severity_neuron_residual	728568	UQCC6	up	severity_neuron_modhigh_vs_low_nageotte
severity_neuron_residual	7335	UBE2V1	up	severity_neuron_modhigh_vs_low_nageotte
severity_neuron_residual	7425	VGF	up	severity_neuron_modhigh_vs_low_nageotte
severity_neuron_residual	7431	VIM	down	severity_neuron_modhigh_vs_low_nageotte
severity_neuron_residual	7442	TRPV1	down	severity_neuron_modhigh_vs_low_nageotte
severity_neuron_residual	7529	YWHAB	down	severity_neuron_modhigh_vs_low_nageotte
severity_neuron_residual	7707	ZNF148	up	severity_neuron_modhigh_vs_low_nageotte
severity_neuron_residual	7750	ZMYM2	up	severity_neuron_modhigh_vs_low_nageotte
severity_neuron_residual	7798	LUZP1	up	severity_neuron_modhigh_vs_low_nageotte
severity_neuron_residual	783	CACNB2	up	severity_neuron_modhigh_vs_low_nageotte
severity_neuron_residual	7846	TUBA1A	up	severity_neuron_modhigh_vs_low_nageotte
severity_neuron_residual	79073	TMEM109	down	severity_neuron_modhigh_vs_low_nageotte
severity_neuron_residual	79567	RIPOR1	down	severity_neuron_modhigh_vs_low_nageotte
severity_neuron_residual	79750	ZNF385D	up	severity_neuron_modhigh_vs_low_nageotte
severity_neuron_residual	79780	CCDC82	up	severity_neuron_modhigh_vs_low_nageotte
severity_neuron_residual	79924	ADM2	up	severity_neuron_modhigh_vs_low_nageotte
severity_neuron_residual	79954	NOL10	up	severity_neuron_modhigh_vs_low_nageotte
severity_neuron_residual	79966	SCD5	down	severity_neuron_modhigh_vs_low_nageotte
severity_neuron_residual	80067	DCAF17	up	severity_neuron_modhigh_vs_low_nageotte
severity_neuron_residual	80279	CDK5RAP3	up	severity_neuron_modhigh_vs_low_nageotte
severity_neuron_residual	81533	ITFG1	down	severity_neuron_modhigh_vs_low_nageotte
severity_neuron_residual	81551	STMN4	down	severity_neuron_modhigh_vs_low_nageotte
severity_neuron_residual	81576	YJU2B	up	severity_neuron_modhigh_vs_low_nageotte
severity_neuron_residual	81618	ITM2C	down	severity_neuron_modhigh_vs_low_nageotte
severity_neuron_residual	81669	CCNL2	up	severity_neuron_modhigh_vs_low_nageotte
severity_neuron_residual	81688	C6orf62	up	severity_neuron_modhigh_vs_low_nageotte
severity_neuron_residual	81894	SLC25A28	up	severity_neuron_modhigh_vs_low_nageotte
severity_neuron_residual	81928	CABLES2	up	severity_neuron_modhigh_vs_low_nageotte
severity_neuron_residual	83698	CALN1	up	severity_neuron_modhigh_vs_low_nageotte
severity_neuron_residual	837	CASP4	up	severity_neuron_modhigh_vs_low_nageotte
severity_neuron_residual	83719	YPEL3	up	severity_neuron_modhigh_vs_low_nageotte
severity_neuron_residual	84033	OBSCN	down	severity_neuron_modhigh_vs_low_nageotte
severity_neuron_residual	84085	FBXO30	up	severity_neuron_modhigh_vs_low_nageotte
severity_neuron_residual	84129	ACAD11	up	severity_neuron_modhigh_vs_low_nageotte
severity_neuron_residual	84293	PRXL2A	down	severity_neuron_modhigh_vs_low_nageotte
severity_neuron_residual	8450	CUL4B	up	severity_neuron_modhigh_vs_low_nageotte
severity_neuron_residual	8454	CUL1	up	severity_neuron_modhigh_vs_low_nageotte
severity_neuron_residual	8473	OGT	up	severity_neuron_modhigh_vs_low_nageotte
severity_neuron_residual	8476	CDC42BPA	up	severity_neuron_modhigh_vs_low_nageotte
severity_neuron_residual	84926	SPRYD3	down	severity_neuron_modhigh_vs_low_nageotte
severity_neuron_residual	84930	MASTL	up	severity_neuron_modhigh_vs_low_nageotte
severity_neuron_residual	8525	DGKZ	up	severity_neuron_modhigh_vs_low_nageotte
severity_neuron_residual	8545	CGGBP1	up	severity_neuron_modhigh_vs_low_nageotte
severity_neuron_residual	85457	CIPC	up	severity_neuron_modhigh_vs_low_nageotte
severity_neuron_residual	85460	ZNF518B	up	severity_neuron_modhigh_vs_low_nageotte
severity_neuron_residual	8567	MADD	up	severity_neuron_modhigh_vs_low_nageotte
severity_neuron_residual	8615	USO1	up	severity_neuron_modhigh_vs_low_nageotte
severity_neuron_residual	8907	AP1M1	down	severity_neuron_modhigh_vs_low_nageotte
severity_neuron_residual	8936	WASF1	up	severity_neuron_modhigh_vs_low_nageotte
severity_neuron_residual	8974	P4HA2	down	severity_neuron_modhigh_vs_low_nageotte
severity_neuron_residual	9019	MPZL1	down	severity_neuron_modhigh_vs_low_nageotte
severity_neuron_residual	9040	UBE2M	up	severity_neuron_modhigh_vs_low_nageotte
severity_neuron_residual	90701	SEC11C	down	severity_neuron_modhigh_vs_low_nageotte
severity_neuron_residual	9123	SLC16A3	down	severity_neuron_modhigh_vs_low_nageotte
severity_neuron_residual	91978	TPGS1	down	severity_neuron_modhigh_vs_low_nageotte
severity_neuron_residual	9202	ZMYM4	up	severity_neuron_modhigh_vs_low_nageotte
severity_neuron_residual	9240	PNMA1	down	severity_neuron_modhigh_vs_low_nageotte
severity_neuron_residual	9253	NUMBL	down	severity_neuron_modhigh_vs_low_nageotte
severity_neuron_residual	9296	ATP6V1F	up	severity_neuron_modhigh_vs_low_nageotte
severity_neuron_residual	9371	KIF3B	up	severity_neuron_modhigh_vs_low_nageotte
severity_neuron_residual	9530	BAG4	up	severity_neuron_modhigh_vs_low_nageotte
severity_neuron_residual	9536	PTGES	down	severity_neuron_modhigh_vs_low_nageotte
severity_neuron_residual	960	CD44	down	severity_neuron_modhigh_vs_low_nageotte
severity_neuron_residual	9625	LMTK1	up	severity_neuron_modhigh_vs_low_nageotte
severity_neuron_residual	9648	GCC2	up	severity_neuron_modhigh_vs_low_nageotte
severity_neuron_residual	9706	ULK2	up	severity_neuron_modhigh_vs_low_nageotte
severity_neuron_residual	9736	USP34	up	severity_neuron_modhigh_vs_low_nageotte
severity_neuron_residual	9762	LZTS3	down	severity_neuron_modhigh_vs_low_nageotte
severity_neuron_residual	9765	ZFYVE16	up	severity_neuron_modhigh_vs_low_nageotte
severity_neuron_residual	9818	NUP58	up	severity_neuron_modhigh_vs_low_nageotte
severity_neuron_residual	9821	RB1CC1	up	severity_neuron_modhigh_vs_low_nageotte
severity_neuron_residual	9857	CEP350	up	severity_neuron_modhigh_vs_low_nageotte
severity_neuron_residual	9897	WASHC5	up	severity_neuron_modhigh_vs_low_nageotte
severity_neuron_residual	9920	KBTBD11	down	severity_neuron_modhigh_vs_low_nageotte
severity_neuron_residual	9931	HELZ	up	severity_neuron_modhigh_vs_low_nageotte
severity_neuron_residual	9969	MED13	up	severity_neuron_modhigh_vs_low_nageotte
severity_neuron_residual	9988	DMTF1	up	severity_neuron_modhigh_vs_low_nageotte
severity_neuron_shared_concordant_core	11116	CEP43	up	severity_neuron_modhigh_vs_low_nageotte
severity_neuron_shared_concordant_core	112703	GARIN5A	up	severity_neuron_modhigh_vs_low_nageotte
severity_neuron_shared_concordant_core	123283	TARS3	up	severity_neuron_modhigh_vs_low_nageotte
severity_neuron_shared_concordant_core	1410	CRYAB	down	severity_neuron_modhigh_vs_low_nageotte
severity_neuron_shared_concordant_core	25932	CLIC4	down	severity_neuron_modhigh_vs_low_nageotte
severity_neuron_shared_concordant_core	26009	ZZZ3	up	severity_neuron_modhigh_vs_low_nageotte
severity_neuron_shared_concordant_core	2617	GARS1	up	severity_neuron_modhigh_vs_low_nageotte
severity_neuron_shared_concordant_core	284325	ACTMAP	up	severity_neuron_modhigh_vs_low_nageotte
severity_neuron_shared_concordant_core	3747	KCNC2	down	severity_neuron_modhigh_vs_low_nageotte
severity_neuron_shared_concordant_core	399687	MYO18A	down	severity_neuron_modhigh_vs_low_nageotte
severity_neuron_shared_concordant_core	51678	PALS2	up	severity_neuron_modhigh_vs_low_nageotte
severity_neuron_shared_concordant_core	5859	QARS1	up	severity_neuron_modhigh_vs_low_nageotte
severity_neuron_shared_concordant_core	5900	RALGDS	up	severity_neuron_modhigh_vs_low_nageotte
severity_neuron_shared_concordant_core	6301	SARS1	up	severity_neuron_modhigh_vs_low_nageotte
severity_neuron_shared_concordant_core	64757	MTARC1	up	severity_neuron_modhigh_vs_low_nageotte
severity_neuron_shared_concordant_core	64805	P2RY12	down	severity_neuron_modhigh_vs_low_nageotte
severity_neuron_shared_concordant_core	653319	MATCAP1	up	severity_neuron_modhigh_vs_low_nageotte
severity_neuron_shared_concordant_core	6901	TAFAZZIN	up	severity_neuron_modhigh_vs_low_nageotte
severity_neuron_shared_concordant_core	7037	TFRC	down	severity_neuron_modhigh_vs_low_nageotte
severity_neuron_shared_concordant_core	80349	SKIC8	up	severity_neuron_modhigh_vs_low_nageotte
severity_neuron_shared_concordant_core	8334	H2AC6	up	severity_neuron_modhigh_vs_low_nageotte
severity_neuron_shared_concordant_core	84067	FHIP1B	up	severity_neuron_modhigh_vs_low_nageotte
severity_neuron_shared_concordant_core	8989	TRPA1	down	severity_neuron_modhigh_vs_low_nageotte
