family	parent	gene_id	symbol	direction	bin	partner_direction	partner_status
late_allcell	original_late_allcell	100	ADA	up	residual	absent	absent
late_allcell	original_late_allcell	1000	CDH2	down	residual	absent	absent
late_allcell	original_late_allcell	100037417	DDTL	up	residual	absent	absent
late_allcell	original_late_allcell	10009	ZBTB33	down	residual	absent	absent
late_allcell	original_late_allcell	100101267	POM121C	down	residual	absent	absent
late_allcell	original_late_allcell	100125288	ZGLP1	up	residual	absent	absent
late_allcell	original_late_allcell	100127983	C8orf88	up	residual	absent	absent
late_allcell	original_late_allcell	100128327	TRAPPC3L	down	residual	absent	absent
late_allcell	original_late_allcell	100128731	OST4	up	residual	absent	absent
late_allcell	original_late_allcell	100128908	CIROP	down	residual	absent	absent
late_allcell	original_late_allcell	100128927	ZBTB42	up	residual	absent	absent
late_allcell	original_late_allcell	100129250	TZMP1	down	residual	absent	absent
late_allcell	original_late_allcell	100129361	SMIM10L1	down	residual	absent	absent
late_allcell	original_late_allcell	100130311	C17orf107	up	residual	absent	absent
late_allcell	original_late_allcell	100130539	LINC02881	up	excluded_cross_source_opposed	down	eligible
late_allcell	original_late_allcell	100131378	C11orf91	up	residual	absent	absent
late_allcell	original_late_allcell	100133315	XNDC1N	up	residual	absent	absent
late_allcell	original_late_allcell	100134444	KCNJ18	up	residual	absent	absent
late_allcell	original_late_allcell	100170229	SRRM5	up	residual	absent	absent
late_allcell	original_late_allcell	10019	SH2B3	up	residual	absent	absent
late_allcell	original_late_allcell	1002	CDH4	down	residual	absent	absent
late_allcell	original_late_allcell	10026	PIGK	down	residual	absent	absent
late_allcell	original_late_allcell	100271849	MEF2B	up	residual	absent	absent
late_allcell	original_late_allcell	100287482	SMKR1	down	residual	absent	absent
late_allcell	original_late_allcell	100289255	TMEM238L	down	residual	absent	absent
late_allcell	original_late_allcell	100289678	ZNF783	up	residual	absent	absent
late_allcell	original_late_allcell	10036	CHAF1A	up	residual	absent	absent
late_allcell	original_late_allcell	10038	PARP2	down	residual	absent	absent
late_allcell	original_late_allcell	10039	PARP3	up	residual	absent	absent
late_allcell	original_late_allcell	10044	SH2D3C	up	residual	absent	absent
late_allcell	original_late_allcell	1005	CDH7	down	residual	absent	absent
late_allcell	original_late_allcell	100506127	GVQW3	up	residual	absent	absent
late_allcell	original_late_allcell	100506540	MISFA	up	excluded_partner_unresolved	conflict	within_source_direction_conflict
late_allcell	original_late_allcell	100507050	TPBGL	down	residual	absent	absent
late_allcell	original_late_allcell	100507588	TGFBR3L	down	residual	absent	absent
late_allcell	original_late_allcell	10051	SMC4	down	residual	absent	absent
late_allcell	original_late_allcell	10052	GJC1	up	residual	absent	absent
late_allcell	original_late_allcell	10057	ABCC5	up	residual	absent	absent
late_allcell	original_late_allcell	1006	CDH8	down	residual	absent	absent
late_allcell	original_late_allcell	10062	NR1H3	up	residual	absent	absent
late_allcell	original_late_allcell	100653515	CEP295NL	up	residual	absent	absent
late_allcell	original_late_allcell	1007	CDH9	up	residual	absent	absent
late_allcell	original_late_allcell	1008	CDH10	down	residual	absent	absent
late_allcell	original_late_allcell	10082	GPC6	down	residual	absent	absent
late_allcell	original_late_allcell	1009	CDH11	down	residual	absent	absent
late_allcell	original_late_allcell	10092	ARPC5	down	residual	absent	absent
late_allcell	original_late_allcell	10098	TSPAN5	down	residual	absent	absent
late_allcell	original_late_allcell	100996693	SPEGNB	down	core	down	eligible
late_allcell	original_late_allcell	10110	SGK2	up	residual	absent	absent
late_allcell	original_late_allcell	10116	FEM1B	down	core	down	eligible
late_allcell	original_late_allcell	10124	ARL4A	down	residual	absent	absent
late_allcell	original_late_allcell	10140	TOB1	down	residual	absent	absent
late_allcell	original_late_allcell	10159	ATP6AP2	down	residual	absent	absent
late_allcell	original_late_allcell	1016	CDH18	down	residual	absent	absent
late_allcell	original_late_allcell	10160	FARP1	up	residual	absent	absent
late_allcell	original_late_allcell	10161	LPAR6	down	residual	absent	absent
late_allcell	original_late_allcell	10174	SORBS3	up	residual	absent	absent
late_allcell	original_late_allcell	10175	CNIH1	down	residual	absent	absent
late_allcell	original_late_allcell	10178	TENM1	down	residual	absent	absent
late_allcell	original_late_allcell	1018	CDK3	up	residual	absent	absent
late_allcell	original_late_allcell	10190	TXNDC9	up	residual	absent	absent
late_allcell	original_late_allcell	10205	MPZL2	up	residual	absent	absent
late_allcell	original_late_allcell	10206	TRIM13	down	residual	absent	absent
late_allcell	original_late_allcell	10210	TOPORS	down	residual	absent	absent
late_allcell	original_late_allcell	10212	DDX39A	up	residual	absent	absent
late_allcell	original_late_allcell	102157402	AK6	down	residual	absent	absent
late_allcell	original_late_allcell	10235	RASGRP2	up	residual	absent	absent
late_allcell	original_late_allcell	10242	KCNMB2	down	residual	absent	absent
late_allcell	original_late_allcell	10256	CNKSR1	up	residual	absent	absent
late_allcell	original_late_allcell	10267	RAMP1	up	residual	absent	absent
late_allcell	original_late_allcell	10269	ZMPSTE24	down	residual	absent	absent
late_allcell	original_late_allcell	102723859	TBC1D3E	up	core	up	eligible
late_allcell	original_late_allcell	10284	SAP18	down	residual	absent	absent
late_allcell	original_late_allcell	10288	LILRB2	up	residual	absent	absent
late_allcell	original_late_allcell	10290	SPEG	up	residual	absent	absent
late_allcell	original_late_allcell	10293	TRAIP	up	residual	absent	absent
late_allcell	original_late_allcell	1030	CDKN2B	up	residual	absent	absent
late_allcell	original_late_allcell	10302	SNAPC5	down	residual	absent	absent
late_allcell	original_late_allcell	10307	APBB3	up	residual	absent	absent
late_allcell	original_late_allcell	10313	RTN3	down	residual	absent	absent
late_allcell	original_late_allcell	10317	B3GALT5	down	residual	absent	absent
late_allcell	original_late_allcell	1032	CDKN2D	down	residual	absent	absent
late_allcell	original_late_allcell	1033	CDKN3	down	residual	absent	absent
late_allcell	original_late_allcell	10333	TLR6	down	residual	absent	absent
late_allcell	original_late_allcell	10335	IRAG1	up	residual	absent	absent
late_allcell	original_late_allcell	10345	TRDN	down	residual	absent	absent
late_allcell	original_late_allcell	10362	HMG20B	up	residual	absent	absent
late_allcell	original_late_allcell	10368	CACNG3	down	residual	absent	absent
late_allcell	original_late_allcell	10369	CACNG2	down	residual	absent	absent
late_allcell	original_late_allcell	10370	CITED2	down	residual	absent	absent
late_allcell	original_late_allcell	10383	TUBB4B	down	residual	absent	absent
late_allcell	original_late_allcell	10385	BTN2A2	up	residual	absent	absent
late_allcell	original_late_allcell	10391	CORO2B	down	residual	absent	absent
late_allcell	original_late_allcell	10392	NOD1	up	residual	absent	absent
late_allcell	original_late_allcell	10393	ANAPC10	down	residual	absent	absent
late_allcell	original_late_allcell	10395	DLC1	up	excluded_cross_source_opposed	down	eligible
late_allcell	original_late_allcell	1040	CDS1	down	residual	absent	absent
late_allcell	original_late_allcell	10406	WFDC2	down	residual	absent	absent
late_allcell	original_late_allcell	10411	RAPGEF3	up	residual	absent	absent
late_allcell	original_late_allcell	10412	NSA2	down	residual	absent	absent
late_allcell	original_late_allcell	10417	SPON2	up	residual	absent	absent
late_allcell	original_late_allcell	10418	SPON1	down	residual	absent	absent
late_allcell	original_late_allcell	10427	SEC24B	down	residual	absent	absent
late_allcell	original_late_allcell	10432	RBM14	up	residual	absent	absent
late_allcell	original_late_allcell	10447	FAM3C	down	residual	absent	absent
late_allcell	original_late_allcell	10450	PPIE	up	residual	absent	absent
late_allcell	original_late_allcell	10457	GPNMB	up	residual	absent	absent
late_allcell	original_late_allcell	10462	CLEC10A	up	residual	absent	absent
late_allcell	original_late_allcell	10469	TIMM44	up	residual	absent	absent
late_allcell	original_late_allcell	1047	CLGN	down	residual	absent	absent
late_allcell	original_late_allcell	10476	ATP5PD	down	residual	absent	absent
late_allcell	original_late_allcell	10477	UBE2E3	down	residual	absent	absent
late_allcell	original_late_allcell	10479	SLC9A6	down	residual	absent	absent
late_allcell	original_late_allcell	10480	EIF3M	down	residual	absent	absent
late_allcell	original_late_allcell	10485	MIR9-1HG	down	residual	absent	absent
late_allcell	original_late_allcell	10487	CAP1	down	residual	absent	absent
late_allcell	original_late_allcell	10492	SYNCRIP	up	residual	absent	absent
late_allcell	original_late_allcell	10494	STK25	up	residual	absent	absent
late_allcell	original_late_allcell	1050	CEBPA	up	residual	absent	absent
late_allcell	original_late_allcell	10500	SEMA6C	up	residual	absent	absent
late_allcell	original_late_allcell	10513	APPBP2	down	residual	absent	absent
late_allcell	original_late_allcell	10514	MYBBP1A	up	residual	absent	absent
late_allcell	original_late_allcell	10516	FBLN5	down	core	down	eligible
late_allcell	original_late_allcell	10529	NEBL	down	residual	absent	absent
late_allcell	original_late_allcell	10537	UBD	down	residual	absent	absent
late_allcell	original_late_allcell	105372481	ERVK3-1	down	residual	absent	absent
late_allcell	original_late_allcell	105378803	LRRC53	down	residual	absent	absent
late_allcell	original_late_allcell	10541	ANP32B	down	residual	absent	absent
late_allcell	original_late_allcell	10550	ARL6IP5	down	residual	absent	absent
late_allcell	original_late_allcell	10552	ARPC1A	down	residual	absent	absent
late_allcell	original_late_allcell	1056	CEL	up	residual	absent	absent
late_allcell	original_late_allcell	10560	SLC19A2	down	residual	absent	absent
late_allcell	original_late_allcell	10561	IFI44	down	residual	absent	absent
late_allcell	original_late_allcell	10563	CXCL13	down	residual	absent	absent
late_allcell	original_late_allcell	10576	CCT2	down	residual	absent	absent
late_allcell	original_late_allcell	10577	NPC2	down	residual	absent	absent
late_allcell	original_late_allcell	10587	TXNRD2	up	residual	absent	absent
late_allcell	original_late_allcell	10588	MTHFS	up	residual	absent	absent
late_allcell	original_late_allcell	10590	SCGN	down	residual	absent	absent
late_allcell	original_late_allcell	10605	PAIP1	down	residual	absent	absent
late_allcell	original_late_allcell	10606	PAICS	down	residual	absent	absent
late_allcell	original_late_allcell	10612	TRIM3	up	residual	absent	absent
late_allcell	original_late_allcell	10627	MYL12A	down	residual	absent	absent
late_allcell	original_late_allcell	10628	TXNIP	up	residual	absent	absent
late_allcell	original_late_allcell	10630	PDPN	down	residual	absent	absent
late_allcell	original_late_allcell	10631	POSTN	up	residual	absent	absent
late_allcell	original_late_allcell	10644	IGF2BP2	up	residual	absent	absent
late_allcell	original_late_allcell	10653	SPINT2	down	residual	absent	absent
late_allcell	original_late_allcell	10655	DMRT2	up	residual	absent	absent
late_allcell	original_late_allcell	10667	FARS2	up	residual	absent	absent
late_allcell	original_late_allcell	10675	CSPG5	down	residual	absent	absent
late_allcell	original_late_allcell	10677	AVIL	down	residual	absent	absent
late_allcell	original_late_allcell	10678	B3GNT2	down	residual	absent	absent
late_allcell	original_late_allcell	10687	PNMA2	down	residual	absent	absent
late_allcell	original_late_allcell	10690	FUT9	down	residual	absent	absent
late_allcell	original_late_allcell	10712	ENTREP3	down	excluded_partner_unresolved	conflict	within_source_direction_conflict
late_allcell	original_late_allcell	10718	NRG3	down	residual	absent	absent
late_allcell	original_late_allcell	10736	SIX2	down	residual	absent	absent
late_allcell	original_late_allcell	10772	SRSF10	up	residual	absent	absent
late_allcell	original_late_allcell	10773	ZBTB6	down	residual	absent	absent
late_allcell	original_late_allcell	10776	ARPP19	down	residual	absent	absent
late_allcell	original_late_allcell	10777	ARPP21	up	residual	absent	absent
late_allcell	original_late_allcell	10788	IQGAP2	up	residual	absent	absent
late_allcell	original_late_allcell	10793	ZNF273	up	residual	absent	absent
late_allcell	original_late_allcell	10794	ZNF460	down	residual	absent	absent
late_allcell	original_late_allcell	10800	CYSLTR1	down	core	down	eligible
late_allcell	original_late_allcell	10801	SEPTIN9	up	residual	absent	absent
late_allcell	original_late_allcell	10814	CPLX2	down	residual	absent	absent
late_allcell	original_late_allcell	10840	ALDH1L1	up	residual	absent	absent
late_allcell	original_late_allcell	10846	PDE10A	up	residual	absent	absent
late_allcell	original_late_allcell	10848	PPP1R13L	up	residual	absent	absent
late_allcell	original_late_allcell	10857	PGRMC1	down	residual	absent	absent
late_allcell	original_late_allcell	10863	ADAM28	down	residual	absent	absent
late_allcell	original_late_allcell	10865	ARID5A	up	residual	absent	absent
late_allcell	original_late_allcell	10873	ME3	up	residual	absent	absent
late_allcell	original_late_allcell	10874	NMU	up	residual	absent	absent
late_allcell	original_late_allcell	10875	FGL2	down	residual	absent	absent
late_allcell	original_late_allcell	10888	GPR83	down	residual	absent	absent
late_allcell	original_late_allcell	10892	MALT1	down	residual	absent	absent
late_allcell	original_late_allcell	10893	MMP24	down	residual	absent	absent
late_allcell	original_late_allcell	10900	RUNDC3A	down	residual	absent	absent
late_allcell	original_late_allcell	10903	MTMR11	up	residual	absent	absent
late_allcell	original_late_allcell	10905	MAN1A2	down	residual	absent	absent
late_allcell	original_late_allcell	10907	TXNL4A	down	residual	absent	absent
late_allcell	original_late_allcell	10924	SMPDL3A	down	core	down	eligible
late_allcell	original_late_allcell	10933	MORF4L1	down	residual	absent	absent
late_allcell	original_late_allcell	10948	STARD3	up	residual	absent	absent
late_allcell	original_late_allcell	10952	SEC61B	down	residual	absent	absent
late_allcell	original_late_allcell	10953	TOMM34	down	residual	absent	absent
late_allcell	original_late_allcell	10957	PNRC1	down	residual	absent	absent
late_allcell	original_late_allcell	10959	TMED2	down	residual	absent	absent
late_allcell	original_late_allcell	10989	IMMT	down	residual	absent	absent
late_allcell	original_late_allcell	10990	LILRB5	up	residual	absent	absent
late_allcell	original_late_allcell	11000	SLC27A3	up	residual	absent	absent
late_allcell	original_late_allcell	11006	LILRB4	down	residual	absent	absent
late_allcell	original_late_allcell	11014	KDELR2	down	residual	absent	absent
late_allcell	original_late_allcell	11015	KDELR3	down	residual	absent	absent
late_allcell	original_late_allcell	11027	LILRA2	down	residual	absent	absent
late_allcell	original_late_allcell	11030	RBPMS	up	residual	absent	absent
late_allcell	original_late_allcell	11037	STON1	down	residual	absent	absent
late_allcell	original_late_allcell	1104	RCC1	up	residual	absent	absent
late_allcell	original_late_allcell	11041	B4GAT1	down	residual	absent	absent
late_allcell	original_late_allcell	11045	UPK1A	up	residual	absent	absent
late_allcell	original_late_allcell	11054	OGFR	up	residual	absent	absent
late_allcell	original_late_allcell	11057	ABHD2	down	residual	absent	absent
late_allcell	original_late_allcell	11061	CNMD	down	residual	absent	absent
late_allcell	original_late_allcell	11062	DUS4L	down	residual	absent	absent
late_allcell	original_late_allcell	11067	DEPP1	up	excluded_cross_source_opposed	down	eligible
late_allcell	original_late_allcell	11078	TRIOBP	up	residual	absent	absent
late_allcell	original_late_allcell	110806277	PNMA8C	down	residual	absent	absent
late_allcell	original_late_allcell	110806279	SMIM28	down	residual	absent	absent
late_allcell	original_late_allcell	110806280	CCDC194	up	residual	absent	absent
late_allcell	original_late_allcell	11092	SPACA9	down	residual	absent	absent
late_allcell	original_late_allcell	11122	PTPRT	down	residual	absent	absent
late_allcell	original_late_allcell	11127	KIF3A	down	residual	absent	absent
late_allcell	original_late_allcell	11135	CDC42EP1	up	residual	absent	absent
late_allcell	original_late_allcell	11136	SLC7A9	up	residual	absent	absent
late_allcell	original_late_allcell	1114	CHGB	down	residual	absent	absent
late_allcell	original_late_allcell	11141	IL1RAPL1	down	residual	absent	absent
late_allcell	original_late_allcell	11149	POPDC1	down	core	down	eligible
late_allcell	original_late_allcell	11154	AP4S1	down	residual	absent	absent
late_allcell	original_late_allcell	11155	LDB3	up	residual	absent	absent
late_allcell	original_late_allcell	1116	CHI3L1	down	residual	absent	absent
late_allcell	original_late_allcell	11161	ERG28	down	residual	absent	absent
late_allcell	original_late_allcell	11167	FSTL1	down	residual	absent	absent
late_allcell	original_late_allcell	11186	RASSF1	up	residual	absent	absent
late_allcell	original_late_allcell	11187	PKP3	up	residual	absent	absent
late_allcell	original_late_allcell	11190	CEP250	up	core	up	eligible
late_allcell	original_late_allcell	112	ADCY6	up	residual	absent	absent
late_allcell	original_late_allcell	11215	AKAP11	down	residual	absent	absent
late_allcell	original_late_allcell	11221	DUSP10	up	residual	absent	absent
late_allcell	original_late_allcell	112399	EGLN3	up	residual	absent	absent
late_allcell	original_late_allcell	11243	PMF1	up	residual	absent	absent
late_allcell	original_late_allcell	112441426	TMEM271	down	residual	absent	absent
late_allcell	original_late_allcell	112441434	SHLD3	down	residual	absent	absent
late_allcell	original_late_allcell	112476	PRRT2	up	residual	absent	absent
late_allcell	original_late_allcell	11248	NXPH3	up	residual	absent	absent
late_allcell	original_late_allcell	112487	DTD2	down	residual	absent	absent
late_allcell	original_late_allcell	112703	GARIN5A	down	excluded_cross_source_opposed	up	eligible
late_allcell	original_late_allcell	112724	RDH13	up	residual	absent	absent
late_allcell	original_late_allcell	11280	SCN11A	down	residual	absent	absent
late_allcell	original_late_allcell	112817	HOGA1	up	residual	absent	absent
late_allcell	original_late_allcell	112858	TP53RK	down	residual	absent	absent
late_allcell	original_late_allcell	113146	AHNAK2	down	residual	absent	absent
late_allcell	original_late_allcell	113177	IZUMO4	up	residual	absent	absent
late_allcell	original_late_allcell	113246	C12orf57	down	residual	absent	absent
late_allcell	original_late_allcell	11334	TUSC2	down	residual	absent	absent
late_allcell	original_late_allcell	11335	CBX3	down	residual	absent	absent
late_allcell	original_late_allcell	11342	RNF13	down	residual	absent	absent
late_allcell	original_late_allcell	1136	CHRNA3	down	residual	absent	absent
late_allcell	original_late_allcell	113612	CYP2U1	down	residual	absent	absent
late_allcell	original_late_allcell	113802	HENMT1	down	residual	absent	absent
late_allcell	original_late_allcell	113828	SACK1F	up	residual	absent	absent
late_allcell	original_late_allcell	1139	CHRNA7	down	residual	absent	absent
late_allcell	original_late_allcell	1141	CHRNB2	down	residual	absent	absent
late_allcell	original_late_allcell	114132	SIGLEC11	up	residual	absent	absent
late_allcell	original_late_allcell	1142	CHRNB3	down	residual	absent	absent
late_allcell	original_late_allcell	114294	LACTB	down	residual	absent	absent
late_allcell	original_late_allcell	114757	CYGB	up	residual	absent	absent
late_allcell	original_late_allcell	114798	SLITRK1	down	residual	absent	absent
late_allcell	original_late_allcell	114805	GALNT13	down	residual	absent	absent
late_allcell	original_late_allcell	114818	KLHL29	up	residual	absent	absent
late_allcell	original_late_allcell	114821	SCAND3	up	excluded_partner_unresolved	conflict	within_source_direction_conflict
late_allcell	original_late_allcell	114822	RHPN1	up	residual	absent	absent
late_allcell	original_late_allcell	114879	OSBPL5	up	residual	absent	absent
late_allcell	original_late_allcell	114897	C1QTNF1	up	excluded_cross_source_opposed	down	eligible
late_allcell	original_late_allcell	1149	CIDEA	up	residual	absent	absent
late_allcell	original_late_allcell	114904	C1QTNF6	up	residual	absent	absent
late_allcell	original_late_allcell	114905	C1QTNF7	up	residual	absent	absent
late_allcell	original_late_allcell	114908	TMEM123	down	residual	absent	absent
late_allcell	original_late_allcell	115123	MARCHF3	up	excluded_cross_source_opposed	down	eligible
late_allcell	original_late_allcell	115209	OMA1	down	residual	absent	absent
late_allcell	original_late_allcell	115399	LRRC56	up	residual	absent	absent
late_allcell	original_late_allcell	1154	CISH	up	residual	absent	absent
late_allcell	original_late_allcell	115548	FCHO2	up	residual	absent	absent
late_allcell	original_late_allcell	115861	NXNL1	up	residual	absent	absent
late_allcell	original_late_allcell	115948	ODAD3	up	core	up	eligible
late_allcell	original_late_allcell	116039	OSR2	up	residual	absent	absent
late_allcell	original_late_allcell	116115	ZNF526	up	residual	absent	absent
late_allcell	original_late_allcell	116135	LRRC3B	down	core	down	eligible
late_allcell	original_late_allcell	116151	MIMS2	down	residual	absent	absent
late_allcell	original_late_allcell	116224	PABIR1	down	core	down	eligible
late_allcell	original_late_allcell	116255	MOGAT1	up	residual	absent	absent
late_allcell	original_late_allcell	116328	C8orf34	down	residual	absent	absent
late_allcell	original_late_allcell	116362	RBP7	up	residual	absent	absent
late_allcell	original_late_allcell	116372	LYPD1	down	residual	absent	absent
late_allcell	original_late_allcell	1164	CKS2	down	residual	absent	absent
late_allcell	original_late_allcell	116442	RAB39B	down	residual	absent	absent
late_allcell	original_late_allcell	116447	TOP1MT	up	residual	absent	absent
late_allcell	original_late_allcell	116534	MRGPRE	down	residual	absent	absent
late_allcell	original_late_allcell	116535	MRGPRF	up	residual	absent	absent
late_allcell	original_late_allcell	116835	HSPA12B	up	residual	absent	absent
late_allcell	original_late_allcell	117166	WFIKKN1	up	residual	absent	absent
late_allcell	original_late_allcell	117178	SSX2IP	down	residual	absent	absent
late_allcell	original_late_allcell	117247	SLC16A10	down	residual	absent	absent
late_allcell	original_late_allcell	117248	GALNT15	up	residual	absent	absent
late_allcell	original_late_allcell	1182	CLCN3	down	residual	absent	absent
late_allcell	original_late_allcell	1183	CLCN4	down	residual	absent	absent
late_allcell	original_late_allcell	118424	UBE2J2	up	residual	absent	absent
late_allcell	original_late_allcell	118427	OLFM3	down	residual	absent	absent
late_allcell	original_late_allcell	118461	C10orf71	up	residual	absent	absent
late_allcell	original_late_allcell	118738	ZNF488	up	residual	absent	absent
late_allcell	original_late_allcell	118924	FRA10AC1	up	residual	absent	absent
late_allcell	original_late_allcell	118987	PDZD8	down	residual	absent	absent
late_allcell	original_late_allcell	119	ADD2	down	residual	absent	absent
late_allcell	original_late_allcell	1195	CLK1	down	residual	absent	absent
late_allcell	original_late_allcell	119774	OR52K2	down	residual	absent	absent
late_allcell	original_late_allcell	120114	FAT3	down	residual	absent	absent
late_allcell	original_late_allcell	120224	TMEM45B	down	residual	absent	absent
late_allcell	original_late_allcell	120376	POU2AF3	up	excluded_cross_source_opposed	down	eligible
late_allcell	original_late_allcell	1207	CLNS1A	down	residual	absent	absent
late_allcell	original_late_allcell	120863	DEPDC4	down	residual	absent	absent
late_allcell	original_late_allcell	1211	CLTA	down	residual	absent	absent
late_allcell	original_late_allcell	121256	TMEM132D	down	residual	absent	absent
late_allcell	original_late_allcell	1213	CLTC	down	residual	absent	absent
late_allcell	original_late_allcell	121504	H4C16	up	residual	absent	absent
late_allcell	original_late_allcell	121601	ANO4	down	residual	absent	absent
late_allcell	original_late_allcell	121665	SPPL3	down	residual	absent	absent
late_allcell	original_late_allcell	122394733	TMSB15C	up	residual	absent	absent
late_allcell	original_late_allcell	122525	DORIP1	down	residual	absent	absent
late_allcell	original_late_allcell	122622	ADSS1	up	excluded_partner_unresolved	conflict	within_source_direction_conflict
late_allcell	original_late_allcell	123036	TC2N	down	residual	absent	absent
late_allcell	original_late_allcell	123041	SLC24A4	down	residual	absent	absent
late_allcell	original_late_allcell	123355	LRRC28	down	residual	absent	absent
late_allcell	original_late_allcell	1235	CCR6	down	residual	absent	absent
late_allcell	original_late_allcell	124	ADH1A	up	residual	absent	absent
late_allcell	original_late_allcell	124093	CCDC78	up	residual	absent	absent
late_allcell	original_late_allcell	124152	IQCK	up	residual	absent	absent
late_allcell	original_late_allcell	124274	GPR139	down	core	down	eligible
late_allcell	original_late_allcell	1244	ABCC2	up	residual	absent	absent
late_allcell	original_late_allcell	124842	TMEM132E	down	residual	absent	absent
late_allcell	original_late_allcell	124925	SEZ6	down	residual	absent	absent
late_allcell	original_late_allcell	125	ADH1B	up	residual	absent	absent
late_allcell	original_late_allcell	125113	KRT222	up	residual	absent	absent
late_allcell	original_late_allcell	125704	DIPK1C	down	residual	absent	absent
late_allcell	original_late_allcell	126133	ALDH16A1	up	residual	absent	absent
late_allcell	original_late_allcell	1263	PLK3	up	residual	absent	absent
late_allcell	original_late_allcell	126306	JSRP1	up	residual	absent	absent
late_allcell	original_late_allcell	1264	CNN1	up	residual	absent	absent
late_allcell	original_late_allcell	126661	CCDC163	up	residual	absent	absent
late_allcell	original_late_allcell	126668	TDRD10	up	residual	absent	absent
late_allcell	original_late_allcell	126669	SHE	up	residual	absent	absent
late_allcell	original_late_allcell	126789	PUSL1	up	residual	absent	absent
late_allcell	original_late_allcell	1268	CNR1	up	residual	absent	absent
late_allcell	original_late_allcell	126820	DNAI3	down	core	down	eligible
late_allcell	original_late_allcell	127059	OR2M5	down	residual	absent	absent
late_allcell	original_late_allcell	1272	CNTN1	down	residual	absent	absent
late_allcell	original_late_allcell	127435	PODN	up	residual	absent	absent
late_allcell	original_late_allcell	127495	LRRC39	down	residual	absent	absent
late_allcell	original_late_allcell	127579	DCST2	up	residual	absent	absent
late_allcell	original_late_allcell	127665	ZNF648	up	residual	absent	absent
late_allcell	original_late_allcell	1277	COL1A1	up	residual	absent	absent
late_allcell	original_late_allcell	127733	UBXN10	down	residual	absent	absent
late_allcell	original_late_allcell	127833	SYT2	down	residual	absent	absent
late_allcell	original_late_allcell	127845	GOLT1A	down	residual	absent	absent
late_allcell	original_late_allcell	128	ADH5	down	residual	absent	absent
late_allcell	original_late_allcell	1281	COL3A1	up	residual	absent	absent
late_allcell	original_late_allcell	128312	H2BC26	up	excluded_partner_unresolved	conflict	within_source_direction_conflict
late_allcell	original_late_allcell	128346	C1orf162	down	residual	absent	absent
late_allcell	original_late_allcell	128414	NKAIN4	down	residual	absent	absent
late_allcell	original_late_allcell	128434	VSTM2L	down	residual	absent	absent
late_allcell	original_late_allcell	1285	COL4A3	up	residual	absent	absent
late_allcell	original_late_allcell	1286	COL4A4	up	residual	absent	absent
late_allcell	original_late_allcell	1289	COL5A1	up	residual	absent	absent
late_allcell	original_late_allcell	129080	EMID1	up	residual	absent	absent
late_allcell	original_late_allcell	1291	COL6A1	up	residual	absent	absent
late_allcell	original_late_allcell	1292	COL6A2	up	residual	absent	absent
late_allcell	original_late_allcell	129293	TRABD2A	up	residual	absent	absent
late_allcell	original_late_allcell	1293	COL6A3	up	residual	absent	absent
late_allcell	original_late_allcell	1294	COL7A1	up	residual	absent	absent
late_allcell	original_late_allcell	129607	CMPK2	down	residual	absent	absent
late_allcell	original_late_allcell	129642	MBOAT2	down	residual	absent	absent
late_allcell	original_late_allcell	129684	CNTNAP5	down	residual	absent	absent
late_allcell	original_late_allcell	1297	COL9A1	down	residual	absent	absent
late_allcell	original_late_allcell	129807	NEU4	down	residual	absent	absent
late_allcell	original_late_allcell	129880	BBS5	down	residual	absent	absent
late_allcell	original_late_allcell	129881	CFAP210	down	core	down	eligible
late_allcell	original_late_allcell	1301	COL11A1	down	residual	absent	absent
late_allcell	original_late_allcell	130271	PLEKHH2	up	residual	absent	absent
late_allcell	original_late_allcell	130367	SGPP2	down	residual	absent	absent
late_allcell	original_late_allcell	130399	ACVR1C	up	residual	absent	absent
late_allcell	original_late_allcell	130576	LYPD6B	down	core	down	eligible
late_allcell	original_late_allcell	130888	FBXO36	down	residual	absent	absent
late_allcell	original_late_allcell	131034	CPNE4	down	residual	absent	absent
late_allcell	original_late_allcell	131096	KCNH8	down	residual	absent	absent
late_allcell	original_late_allcell	131368	ZPLD1	down	residual	absent	absent
late_allcell	original_late_allcell	131583	FAM43A	up	residual	absent	absent
late_allcell	original_late_allcell	1316	KLF6	up	residual	absent	absent
late_allcell	original_late_allcell	1317	SLC31A1	down	residual	absent	absent
late_allcell	original_late_allcell	131873	COL6A6	down	residual	absent	absent
late_allcell	original_late_allcell	132158	GLYCTK	up	residual	absent	absent
late_allcell	original_late_allcell	132160	PPM1M	up	residual	absent	absent
late_allcell	original_late_allcell	132204	SYNPR	up	residual	absent	absent
late_allcell	original_late_allcell	132228	LSMEM2	up	residual	absent	absent
late_allcell	original_late_allcell	132660	LIN54	down	residual	absent	absent
late_allcell	original_late_allcell	132851	SPATA4	down	residual	absent	absent
late_allcell	original_late_allcell	1329	COX5B	down	residual	absent	absent
late_allcell	original_late_allcell	133	ADM	up	residual	absent	absent
late_allcell	original_late_allcell	133022	TRAM1L1	down	residual	absent	absent
late_allcell	original_late_allcell	133308	SLC9B2	down	residual	absent	absent
late_allcell	original_late_allcell	133396	IL31RA	down	core	down	eligible
late_allcell	original_late_allcell	133619	PRRC1	down	residual	absent	absent
late_allcell	original_late_allcell	1337	COX6A1	down	residual	absent	absent
late_allcell	original_late_allcell	133746	JMY	up	residual	absent	absent
late_allcell	original_late_allcell	134	ADORA1	down	residual	absent	absent
late_allcell	original_late_allcell	134111	UBE2QL1	down	residual	absent	absent
late_allcell	original_late_allcell	134187	POU5F2	up	residual	absent	absent
late_allcell	original_late_allcell	134429	STARD4	down	residual	absent	absent
late_allcell	original_late_allcell	1345	COX6C	down	residual	absent	absent
late_allcell	original_late_allcell	134549	SHROOM1	up	residual	absent	absent
late_allcell	original_late_allcell	1349	COX7B	down	residual	absent	absent
late_allcell	original_late_allcell	1350	COX7C	down	residual	absent	absent
late_allcell	original_late_allcell	135152	B3GAT2	down	core	down	eligible
late_allcell	original_late_allcell	135295	SRSF12	down	residual	absent	absent
late_allcell	original_late_allcell	135398	C6orf141	up	residual	absent	absent
late_allcell	original_late_allcell	1356	CP	up	residual	absent	absent
late_allcell	original_late_allcell	135892	TRIM50	up	residual	absent	absent
late_allcell	original_late_allcell	136	ADORA2B	down	residual	absent	absent
late_allcell	original_late_allcell	1362	CPD	down	residual	absent	absent
late_allcell	original_late_allcell	136227	COL26A1	down	residual	absent	absent
late_allcell	original_late_allcell	136319	MTPN	down	residual	absent	absent
late_allcell	original_late_allcell	1365	CLDN3	down	residual	absent	absent
late_allcell	original_late_allcell	136853	SSC4D	down	residual	absent	absent
late_allcell	original_late_allcell	137075	CLDN23	up	residual	absent	absent
late_allcell	original_late_allcell	137868	SGCZ	down	residual	absent	absent
late_allcell	original_late_allcell	138046	RALYL	down	residual	absent	absent
late_allcell	original_late_allcell	138162	PIERCE1	down	core	down	eligible
late_allcell	original_late_allcell	139065	SLITRK4	down	residual	absent	absent
late_allcell	original_late_allcell	1394	CRHR1	up	residual	absent	absent
late_allcell	original_late_allcell	140290	TCP10L	up	residual	absent	absent
late_allcell	original_late_allcell	140461	ASB8	down	residual	absent	absent
late_allcell	original_late_allcell	140462	ASB9	up	residual	absent	absent
late_allcell	original_late_allcell	140469	MYO3B	up	residual	absent	absent
late_allcell	original_late_allcell	140685	ZBTB46	up	residual	absent	absent
late_allcell	original_late_allcell	140689	CBLN4	down	residual	absent	absent
late_allcell	original_late_allcell	140706	CCM2L	up	residual	absent	absent
late_allcell	original_late_allcell	140733	MACROD2	down	residual	absent	absent
late_allcell	original_late_allcell	140738	TMEM37	up	residual	absent	absent
late_allcell	original_late_allcell	140767	NRSN1	down	residual	absent	absent
late_allcell	original_late_allcell	140825	NEURL2	up	residual	absent	absent
late_allcell	original_late_allcell	140838	NANP	down	residual	absent	absent
late_allcell	original_late_allcell	140876	RIPOR3	up	residual	absent	absent
late_allcell	original_late_allcell	140883	ZNF280B	down	residual	absent	absent
late_allcell	original_late_allcell	140901	STK35	up	residual	absent	absent
late_allcell	original_late_allcell	1417	CRYBB3	up	residual	absent	absent
late_allcell	original_late_allcell	142689	ASB12	down	residual	absent	absent
late_allcell	original_late_allcell	1428	CRYM	up	residual	absent	absent
late_allcell	original_late_allcell	143282	FGFBP3	down	residual	absent	absent
late_allcell	original_late_allcell	143425	SYT9	down	residual	absent	absent
late_allcell	original_late_allcell	143458	LDLRAD3	up	residual	absent	absent
late_allcell	original_late_allcell	143686	SESN3	up	residual	absent	absent
late_allcell	original_late_allcell	143872	ARHGAP42	down	residual	absent	absent
late_allcell	original_late_allcell	143879	KBTBD3	down	residual	absent	absent
late_allcell	original_late_allcell	143888	POGLUT3	down	core	down	eligible
late_allcell	original_late_allcell	1439	CSF2RB	up	residual	absent	absent
late_allcell	original_late_allcell	143941	TTC36	up	residual	absent	absent
late_allcell	original_late_allcell	144448	TSPAN19	up	residual	absent	absent
late_allcell	original_late_allcell	144577	KICS2	up	excluded_partner_unresolved	conflict	within_source_direction_conflict
late_allcell	original_late_allcell	144608	C12orf60	down	residual	absent	absent
late_allcell	original_late_allcell	145258	GSC	up	residual	absent	absent
late_allcell	original_late_allcell	145282	MIPOL1	up	residual	absent	absent
late_allcell	original_late_allcell	1454	CSNK1E	up	residual	absent	absent
late_allcell	original_late_allcell	145407	ARMH4	down	residual	absent	absent
late_allcell	original_late_allcell	145581	LRFN5	down	residual	absent	absent
late_allcell	original_late_allcell	145788	PIERCE2	down	excluded_partner_unresolved	conflict	within_source_direction_conflict
late_allcell	original_late_allcell	145853	C15orf61	down	residual	absent	absent
late_allcell	original_late_allcell	146	ADRA1D	up	residual	absent	absent
late_allcell	original_late_allcell	146059	CDAN1	up	residual	absent	absent
late_allcell	original_late_allcell	1462	VCAN	up	residual	absent	absent
late_allcell	original_late_allcell	1463	NCAN	down	residual	absent	absent
late_allcell	original_late_allcell	146330	FBXL16	down	residual	absent	absent
late_allcell	original_late_allcell	1464	CSPG4	up	residual	absent	absent
late_allcell	original_late_allcell	146456	TMED6	down	residual	absent	absent
late_allcell	original_late_allcell	146540	ZNF785	up	residual	absent	absent
late_allcell	original_late_allcell	146547	PRSS36	up	residual	absent	absent
late_allcell	original_late_allcell	146713	RBFOX3	down	residual	absent	absent
late_allcell	original_late_allcell	146760	RTN4RL1	down	residual	absent	absent
late_allcell	original_late_allcell	146857	SLFN13	up	residual	absent	absent
late_allcell	original_late_allcell	147166	TRIM16L	down	residual	absent	absent
late_allcell	original_late_allcell	1473	CST5	down	residual	absent	absent
late_allcell	original_late_allcell	147372	CCBE1	up	residual	absent	absent
late_allcell	original_late_allcell	147381	CBLN2	down	residual	absent	absent
late_allcell	original_late_allcell	147746	HIPK4	up	residual	absent	absent
late_allcell	original_late_allcell	147798	TMC4	up	residual	absent	absent
late_allcell	original_late_allcell	147912	SIX5	up	residual	absent	absent
late_allcell	original_late_allcell	148	ADRA1A	up	residual	absent	absent
late_allcell	original_late_allcell	148203	ZNF738	up	residual	absent	absent
late_allcell	original_late_allcell	148213	ZNF681	down	residual	absent	absent
late_allcell	original_late_allcell	148252	DIRAS1	down	residual	absent	absent
late_allcell	original_late_allcell	148254	ZNF555	down	residual	absent	absent
late_allcell	original_late_allcell	148534	TLCD4	down	residual	absent	absent
late_allcell	original_late_allcell	148641	SLC35F3	down	residual	absent	absent
late_allcell	original_late_allcell	148808	SLC60A1	down	residual	absent	absent
late_allcell	original_late_allcell	148811	PM20D1	down	residual	absent	absent
late_allcell	original_late_allcell	148932	MOB3C	up	residual	absent	absent
late_allcell	original_late_allcell	148979	GLIS1	up	residual	absent	absent
late_allcell	original_late_allcell	1490	CCN2	down	core	down	eligible
late_allcell	original_late_allcell	149111	CNIH3	up	residual	absent	absent
late_allcell	original_late_allcell	149175	MANEAL	down	residual	absent	absent
late_allcell	original_late_allcell	1493	CTLA4	up	residual	absent	absent
late_allcell	original_late_allcell	149420	PDIK1L	down	residual	absent	absent
late_allcell	original_late_allcell	149428	BNIPL	up	residual	absent	absent
late_allcell	original_late_allcell	149499	LRRC71	up	residual	absent	absent
late_allcell	original_late_allcell	1496	CTNNA2	down	residual	absent	absent
late_allcell	original_late_allcell	149628	PYHIN1	up	residual	absent	absent
late_allcell	original_late_allcell	1499	CTNNB1	down	residual	absent	absent
late_allcell	original_late_allcell	1501	CTNND2	down	residual	absent	absent
late_allcell	original_late_allcell	150350	ENTHD1	up	residual	absent	absent
late_allcell	original_late_allcell	150356	CHADL	down	residual	absent	absent
late_allcell	original_late_allcell	150368	PHETA2	up	residual	absent	absent
late_allcell	original_late_allcell	150678	COPS9	down	residual	absent	absent
late_allcell	original_late_allcell	150709	ANKAR	down	residual	absent	absent
late_allcell	original_late_allcell	150763	GPAT2	up	residual	absent	absent
late_allcell	original_late_allcell	1509	CTSD	down	residual	absent	absent
late_allcell	original_late_allcell	151295	SLC23A3	up	residual	absent	absent
late_allcell	original_late_allcell	1515	CTSV	down	residual	absent	absent
late_allcell	original_late_allcell	151556	GPR155	down	residual	absent	absent
late_allcell	original_late_allcell	151835	CPNE9	down	residual	absent	absent
late_allcell	original_late_allcell	1519	CTSO	down	residual	absent	absent
late_allcell	original_late_allcell	152078	SLC66A1LP	up	excluded_cross_source_opposed	down	eligible
late_allcell	original_late_allcell	152110	NEK10	up	residual	absent	absent
late_allcell	original_late_allcell	152206	CCDC13	up	residual	absent	absent
late_allcell	original_late_allcell	152273	FGD5	up	residual	absent	absent
late_allcell	original_late_allcell	1524	CX3CR1	down	residual	absent	absent
late_allcell	original_late_allcell	152404	IGSF11	down	residual	absent	absent
late_allcell	original_late_allcell	152485	ZNF827	up	residual	absent	absent
late_allcell	original_late_allcell	1525	CXADR	down	residual	absent	absent
late_allcell	original_late_allcell	152519	NIPAL1	down	residual	absent	absent
late_allcell	original_late_allcell	1528	CYB5A	up	residual	absent	absent
late_allcell	original_late_allcell	152831	KLB	up	residual	absent	absent
late_allcell	original_late_allcell	153768	PRELID2	up	residual	absent	absent
late_allcell	original_late_allcell	153769	SH3RF2	up	residual	absent	absent
late_allcell	original_late_allcell	154	ADRB2	up	core	up	eligible
late_allcell	original_late_allcell	154197	PNLDC1	up	residual	absent	absent
late_allcell	original_late_allcell	154215	NKAIN2	down	residual	absent	absent
late_allcell	original_late_allcell	154743	SAMTOR	down	residual	absent	absent
late_allcell	original_late_allcell	154790	CLEC2L	down	residual	absent	absent
late_allcell	original_late_allcell	154807	VKORC1L1	down	residual	absent	absent
late_allcell	original_late_allcell	155066	ATP6V0E2	down	residual	absent	absent
late_allcell	original_late_allcell	155368	METTL27	up	residual	absent	absent
late_allcell	original_late_allcell	1573	CYP2J2	down	residual	absent	absent
late_allcell	original_late_allcell	157567	ANKRD46	down	residual	absent	absent
late_allcell	original_late_allcell	157657	CFAP418	up	core	up	eligible
late_allcell	original_late_allcell	1577	CYP3A5	down	residual	absent	absent
late_allcell	original_late_allcell	158038	LINGO2	down	residual	absent	absent
late_allcell	original_late_allcell	158062	LCN6	up	residual	absent	absent
late_allcell	original_late_allcell	158326	FREM1	up	residual	absent	absent
late_allcell	original_late_allcell	158471	PRUNE2	down	residual	absent	absent
late_allcell	original_late_allcell	158586	ZXDB	down	residual	absent	absent
late_allcell	original_late_allcell	158931	TCEAL6	down	residual	absent	absent
late_allcell	original_late_allcell	159	ADSS2	down	excluded_partner_unresolved	conflict	within_source_direction_conflict
late_allcell	original_late_allcell	159371	SLC35G1	down	residual	absent	absent
late_allcell	original_late_allcell	1602	DACH1	up	residual	absent	absent
late_allcell	original_late_allcell	1603	DAD1	down	residual	absent	absent
late_allcell	original_late_allcell	160364	CLEC12A	down	residual	absent	absent
late_allcell	original_late_allcell	160365	CLECL1	down	residual	absent	absent
late_allcell	original_late_allcell	160418	TMTC3	down	residual	absent	absent
late_allcell	original_late_allcell	160851	DGKH	down	core	down	eligible
late_allcell	original_late_allcell	161142	GARIN2	down	residual	absent	absent
late_allcell	original_late_allcell	161176	SYNE3	up	residual	absent	absent
late_allcell	original_late_allcell	161253	REM2	up	residual	absent	absent
late_allcell	original_late_allcell	161357	MDGA2	down	residual	absent	absent
late_allcell	original_late_allcell	161742	SPRED1	down	residual	absent	absent
late_allcell	original_late_allcell	1620	BRINP1	down	core	down	eligible
late_allcell	original_late_allcell	162333	MARCHF10	up	residual	absent	absent
late_allcell	original_late_allcell	1629	DBT	down	residual	absent	absent
late_allcell	original_late_allcell	162968	ZNF497	up	residual	absent	absent
late_allcell	original_late_allcell	163126	EID2	down	residual	absent	absent
late_allcell	original_late_allcell	1636	ACE	up	residual	absent	absent
late_allcell	original_late_allcell	163688	CALML6	up	residual	absent	absent
late_allcell	original_late_allcell	1641	DCX	down	residual	absent	absent
late_allcell	original_late_allcell	1643	DDB2	up	residual	absent	absent
late_allcell	original_late_allcell	1646	AKR1C2	up	residual	absent	absent
late_allcell	original_late_allcell	1649	DDIT3	up	residual	absent	absent
late_allcell	original_late_allcell	165	AEBP1	up	residual	absent	absent
late_allcell	original_late_allcell	1654	DDX3X	down	residual	absent	absent
late_allcell	original_late_allcell	1663	DDX11	up	residual	absent	absent
late_allcell	original_late_allcell	166336	PRICKLE2	up	residual	absent	absent
late_allcell	original_late_allcell	166379	BBS12	down	residual	absent	absent
late_allcell	original_late_allcell	166647	ADGRA3	down	residual	absent	absent
late_allcell	original_late_allcell	166815	TIGD2	down	residual	absent	absent
late_allcell	original_late_allcell	166929	SGMS2	down	residual	absent	absent
late_allcell	original_late_allcell	1674	DES	up	residual	absent	absent
late_allcell	original_late_allcell	1675	CFD	up	residual	absent	absent
late_allcell	original_late_allcell	167681	PRSS35	down	residual	absent	absent
late_allcell	original_late_allcell	167838	TXLNB	up	residual	absent	absent
late_allcell	original_late_allcell	168374	ZNF92	down	residual	absent	absent
late_allcell	original_late_allcell	168451	THAP5	down	residual	absent	absent
late_allcell	original_late_allcell	168975	CNBD1	down	residual	absent	absent
late_allcell	original_late_allcell	169044	COL22A1	down	residual	absent	absent
late_allcell	original_late_allcell	169200	TMEM64	down	residual	absent	absent
late_allcell	original_late_allcell	169270	ZNF596	down	residual	absent	absent
late_allcell	original_late_allcell	169714	QSOX2	up	residual	absent	absent
late_allcell	original_late_allcell	169792	GLIS3	up	residual	absent	absent
late_allcell	original_late_allcell	170394	PWWP2B	up	residual	absent	absent
late_allcell	original_late_allcell	170463	SSBP4	up	residual	absent	absent
late_allcell	original_late_allcell	170622	COMMD6	down	residual	absent	absent
late_allcell	original_late_allcell	170679	PSORS1C1	up	residual	absent	absent
late_allcell	original_late_allcell	170685	NUDT10	down	residual	absent	absent
late_allcell	original_late_allcell	170689	ADAMTS15	up	residual	absent	absent
late_allcell	original_late_allcell	170690	ADAMTS16	down	residual	absent	absent
late_allcell	original_late_allcell	170691	ADAMTS17	up	core	up	eligible
late_allcell	original_late_allcell	170959	ZNF431	down	residual	absent	absent
late_allcell	original_late_allcell	1717	DHCR7	down	residual	absent	absent
late_allcell	original_late_allcell	1723	DHODH	up	residual	absent	absent
late_allcell	original_late_allcell	1725	DHPS	up	residual	absent	absent
late_allcell	original_late_allcell	1728	NQO1	up	excluded_cross_source_opposed	down	eligible
late_allcell	original_late_allcell	1730	DIAPH2	down	core	down	eligible
late_allcell	original_late_allcell	1757	SARDH	up	residual	absent	absent
late_allcell	original_late_allcell	176	ACAN	up	residual	absent	absent
late_allcell	original_late_allcell	1770	DNAH9	up	residual	absent	absent
late_allcell	original_late_allcell	1773	DNASE1	up	residual	absent	absent
late_allcell	original_late_allcell	1776	DNASE1L3	up	residual	absent	absent
late_allcell	original_late_allcell	1797	DXO	up	residual	absent	absent
late_allcell	original_late_allcell	1804	DPP6	down	residual	absent	absent
late_allcell	original_late_allcell	1805	DPT	up	residual	absent	absent
late_allcell	original_late_allcell	1809	DPYSL3	down	residual	absent	absent
late_allcell	original_late_allcell	1813	DRD2	up	residual	absent	absent
late_allcell	original_late_allcell	1815	DRD4	up	residual	absent	absent
late_allcell	original_late_allcell	1820	ARID3A	up	residual	absent	absent
late_allcell	original_late_allcell	1827	RCAN1	up	residual	absent	absent
late_allcell	original_late_allcell	1829	DSG2	down	residual	absent	absent
late_allcell	original_late_allcell	1836	SLC26A2	down	residual	absent	absent
late_allcell	original_late_allcell	1839	HBEGF	up	residual	absent	absent
late_allcell	original_late_allcell	1850	DUSP8	up	residual	absent	absent
late_allcell	original_late_allcell	187	APLNR	down	residual	absent	absent
late_allcell	original_late_allcell	1879	EBF1	up	residual	absent	absent
late_allcell	original_late_allcell	1890	TYMP	up	residual	absent	absent
late_allcell	original_late_allcell	19	ABCA1	up	residual	absent	absent
late_allcell	original_late_allcell	1903	S1PR3	up	residual	absent	absent
late_allcell	original_late_allcell	1909	EDNRA	down	core	down	eligible
late_allcell	original_late_allcell	192286	HIGD2A	down	residual	absent	absent
late_allcell	original_late_allcell	192669	AGO3	down	residual	absent	absent
late_allcell	original_late_allcell	1955	MEGF9	down	residual	absent	absent
late_allcell	original_late_allcell	195814	SDR16C5	down	residual	absent	absent
late_allcell	original_late_allcell	195827	PRXL2C	down	residual	absent	absent
late_allcell	original_late_allcell	1960	EGR3	up	residual	absent	absent
late_allcell	original_late_allcell	196051	PLPP4	up	residual	absent	absent
late_allcell	original_late_allcell	1964	EIF1AX	down	residual	absent	absent
late_allcell	original_late_allcell	196740	VSTM4	up	residual	absent	absent
late_allcell	original_late_allcell	196883	ADCY4	up	residual	absent	absent
late_allcell	original_late_allcell	197259	MLKL	up	residual	absent	absent
late_allcell	original_late_allcell	197358	NLRC3	up	residual	absent	absent
late_allcell	original_late_allcell	1991	ELANE	up	residual	absent	absent
late_allcell	original_late_allcell	199221	DZIP1L	up	residual	absent	absent
late_allcell	original_late_allcell	199223	TTC21A	up	residual	absent	absent
late_allcell	original_late_allcell	1993	ELAVL2	down	residual	absent	absent
late_allcell	original_late_allcell	1995	ELAVL3	down	residual	absent	absent
late_allcell	original_late_allcell	1996	ELAVL4	down	residual	absent	absent
late_allcell	original_late_allcell	199786	NIBAN3	up	residual	absent	absent
late_allcell	original_late_allcell	199953	TMEM201	up	residual	absent	absent
late_allcell	original_late_allcell	200132	DYNLT5	up	residual	absent	absent
late_allcell	original_late_allcell	200185	KRTCAP2	down	residual	absent	absent
late_allcell	original_late_allcell	200424	TET3	up	core	up	eligible
late_allcell	original_late_allcell	2006	ELN	up	residual	absent	absent
late_allcell	original_late_allcell	200728	TMEM17	down	residual	absent	absent
late_allcell	original_late_allcell	200845	KCTD6	down	residual	absent	absent
late_allcell	original_late_allcell	200879	LIPH	down	residual	absent	absent
late_allcell	original_late_allcell	201158	TVP23C	up	residual	absent	absent
late_allcell	original_late_allcell	201163	FLCN	up	core	up	eligible
late_allcell	original_late_allcell	201191	SAMD14	down	residual	absent	absent
late_allcell	original_late_allcell	201255	LRRC45	up	residual	absent	absent
late_allcell	original_late_allcell	201292	TRIM65	up	residual	absent	absent
late_allcell	original_late_allcell	201294	UNC13D	up	residual	absent	absent
late_allcell	original_late_allcell	2015	ADGRE1	down	residual	absent	absent
late_allcell	original_late_allcell	2017	CTTN	up	residual	absent	absent
late_allcell	original_late_allcell	201725	C4orf46	down	residual	absent	absent
late_allcell	original_late_allcell	201780	SLC10A4	down	residual	absent	absent
late_allcell	original_late_allcell	201931	TMEM192	down	residual	absent	absent
late_allcell	original_late_allcell	201965	RWDD4	down	residual	absent	absent
late_allcell	original_late_allcell	202333	CMYA5	down	residual	absent	absent
late_allcell	original_late_allcell	202374	STK32A	up	residual	absent	absent
late_allcell	original_late_allcell	202559	KHDRBS2	down	residual	absent	absent
late_allcell	original_late_allcell	2027	ENO3	up	residual	absent	absent
late_allcell	original_late_allcell	2028	ENPEP	down	residual	absent	absent
late_allcell	original_late_allcell	203	AK1	up	residual	absent	absent
late_allcell	original_late_allcell	203068	TUBB	down	residual	absent	absent
late_allcell	original_late_allcell	203111	ERICH5	down	residual	absent	absent
late_allcell	original_late_allcell	203190	LGI3	down	residual	absent	absent
late_allcell	original_late_allcell	203228	C9orf72	down	residual	absent	absent
late_allcell	original_late_allcell	203859	ANO5	down	residual	absent	absent
late_allcell	original_late_allcell	2042	EPHA3	up	residual	absent	absent
late_allcell	original_late_allcell	2043	EPHA4	up	residual	absent	absent
late_allcell	original_late_allcell	2047	EPHB1	down	residual	absent	absent
late_allcell	original_late_allcell	204962	SLC44A5	down	residual	absent	absent
late_allcell	original_late_allcell	2050	EPHB4	up	residual	absent	absent
late_allcell	original_late_allcell	205147	AMER3	down	residual	absent	absent
late_allcell	original_late_allcell	2053	EPHX2	up	residual	absent	absent
late_allcell	original_late_allcell	205428	DIPK2A	down	residual	absent	absent
late_allcell	original_late_allcell	206338	LVRN	up	residual	absent	absent
late_allcell	original_late_allcell	2065	ERBB3	down	residual	absent	absent
late_allcell	original_late_allcell	2066	ERBB4	down	residual	absent	absent
late_allcell	original_late_allcell	2070	EYA4	up	residual	absent	absent
late_allcell	original_late_allcell	207063	DHRSX	up	residual	absent	absent
late_allcell	original_late_allcell	2078	ERG	up	residual	absent	absent
late_allcell	original_late_allcell	208	AKT2	up	residual	absent	absent
late_allcell	original_late_allcell	2099	ESR1	up	residual	absent	absent
late_allcell	original_late_allcell	2114	ETS2	up	residual	absent	absent
late_allcell	original_late_allcell	2120	ETV6	up	residual	absent	absent
late_allcell	original_late_allcell	2121	EVC	up	residual	absent	absent
late_allcell	original_late_allcell	2122	MECOM	up	residual	absent	absent
late_allcell	original_late_allcell	214	ALCAM	down	core	down	eligible
late_allcell	original_late_allcell	215	ABCD1	up	residual	absent	absent
late_allcell	original_late_allcell	2157	F8	down	residual	absent	absent
late_allcell	original_late_allcell	2160	F11	down	residual	absent	absent
late_allcell	original_late_allcell	2167	FABP4	up	residual	absent	absent
late_allcell	original_late_allcell	2170	FABP3	down	residual	absent	absent
late_allcell	original_late_allcell	2171	FABP5	down	residual	absent	absent
late_allcell	original_late_allcell	2178	FANCE	up	residual	absent	absent
late_allcell	original_late_allcell	2180	ACSL1	up	residual	absent	absent
late_allcell	original_late_allcell	2181	ACSL3	down	residual	absent	absent
late_allcell	original_late_allcell	2189	FANCG	up	core	up	eligible
late_allcell	original_late_allcell	219285	SAMD9L	down	residual	absent	absent
late_allcell	original_late_allcell	219287	AMER2	down	residual	absent	absent
late_allcell	original_late_allcell	219654	ZCCHC24	up	residual	absent	absent
late_allcell	original_late_allcell	219770	GJD4	up	residual	absent	absent
late_allcell	original_late_allcell	219833	KCNJ5-AS1	up	residual	absent	absent
late_allcell	original_late_allcell	219972	MPEG1	up	residual	absent	absent
late_allcell	original_late_allcell	2200	FBN1	up	residual	absent	absent
late_allcell	original_late_allcell	220213	OTUD1	down	residual	absent	absent
late_allcell	original_late_allcell	220296	HEPACAM	down	residual	absent	absent
late_allcell	original_late_allcell	220388	CCDC89	up	residual	absent	absent
late_allcell	original_late_allcell	220441	RNF152	up	excluded_cross_source_opposed	down	eligible
late_allcell	original_late_allcell	220963	SLC16A9	down	residual	absent	absent
late_allcell	original_late_allcell	220965	FAM13C	up	residual	absent	absent
late_allcell	original_late_allcell	2210	FCGR1BP	down	residual	absent	absent
late_allcell	original_late_allcell	221002	RASGEF1A	up	residual	absent	absent
late_allcell	original_late_allcell	221074	SLC39A12	up	residual	absent	absent
late_allcell	original_late_allcell	221395	ADGRF5	up	core	up	eligible
late_allcell	original_late_allcell	221400	TDRD6	down	residual	absent	absent
late_allcell	original_late_allcell	221421	RSPH9	up	residual	absent	absent
late_allcell	original_late_allcell	221472	FGD2	up	residual	absent	absent
late_allcell	original_late_allcell	2215	FCGR3B	down	residual	absent	absent
late_allcell	original_late_allcell	221662	RBM24	up	residual	absent	absent
late_allcell	original_late_allcell	2217	FCGRT	up	residual	absent	absent
late_allcell	original_late_allcell	221710	SMIM13	down	residual	absent	absent
late_allcell	original_late_allcell	221785	ZSCAN25	up	residual	absent	absent
late_allcell	original_late_allcell	221830	POLR1F	down	excluded_partner_unresolved	conflict	within_source_direction_conflict
late_allcell	original_late_allcell	2220	FCN2	up	residual	absent	absent
late_allcell	original_late_allcell	222008	VSTM2A	down	residual	absent	absent
late_allcell	original_late_allcell	2222	FDFT1	down	residual	absent	absent
late_allcell	original_late_allcell	2224	FDPS	down	residual	absent	absent
late_allcell	original_late_allcell	222643	UNC5CL	up	residual	absent	absent
late_allcell	original_late_allcell	222663	SCUBE3	up	residual	absent	absent
late_allcell	original_late_allcell	222865	TMEM130	down	residual	absent	absent
late_allcell	original_late_allcell	222894	FERD3L	up	residual	absent	absent
late_allcell	original_late_allcell	2232	FDXR	up	residual	absent	absent
late_allcell	original_late_allcell	2237	FEN1	down	residual	absent	absent
late_allcell	original_late_allcell	2242	FES	up	residual	absent	absent
late_allcell	original_late_allcell	2247	FGF2	up	residual	absent	absent
late_allcell	original_late_allcell	2254	FGF9	down	residual	absent	absent
late_allcell	original_late_allcell	2257	FGF12	down	residual	absent	absent
late_allcell	original_late_allcell	2258	FGF13	down	residual	absent	absent
late_allcell	original_late_allcell	2263	FGFR2	up	residual	absent	absent
late_allcell	original_late_allcell	2275	FHL3	up	residual	absent	absent
late_allcell	original_late_allcell	22821	RASA3	up	residual	absent	absent
late_allcell	original_late_allcell	22829	NLGN4Y	down	residual	absent	absent
late_allcell	original_late_allcell	22836	RHOBTB3	up	residual	absent	absent
late_allcell	original_late_allcell	22843	PPM1E	down	residual	absent	absent
late_allcell	original_late_allcell	22844	FRMPD1	down	residual	absent	absent
late_allcell	original_late_allcell	22845	DOLK	down	residual	absent	absent
late_allcell	original_late_allcell	22861	NLRP1	up	residual	absent	absent
late_allcell	original_late_allcell	22865	SLITRK3	down	residual	absent	absent
late_allcell	original_late_allcell	22871	NLGN1	down	residual	absent	absent
late_allcell	original_late_allcell	22874	PLEKHA6	down	residual	absent	absent
late_allcell	original_late_allcell	22875	ENPP4	down	residual	absent	absent
late_allcell	original_late_allcell	22891	ZNF365	down	residual	absent	absent
late_allcell	original_late_allcell	22895	RPH3A	down	residual	absent	absent
late_allcell	original_late_allcell	22899	ARHGEF15	up	residual	absent	absent
late_allcell	original_late_allcell	22903	BTBD3	down	residual	absent	absent
late_allcell	original_late_allcell	22911	WDR47	down	residual	absent	absent
late_allcell	original_late_allcell	22918	CD93	up	residual	absent	absent
late_allcell	original_late_allcell	22920	KIFAP3	down	residual	absent	absent
late_allcell	original_late_allcell	22928	SEPHS2	down	residual	absent	absent
late_allcell	original_late_allcell	22929	SEPHS1	down	residual	absent	absent
late_allcell	original_late_allcell	22985	ACIN1	up	residual	absent	absent
late_allcell	original_late_allcell	22987	SV2C	down	residual	absent	absent
late_allcell	original_late_allcell	22994	CEP131	up	residual	absent	absent
late_allcell	original_late_allcell	22996	TTC39A	down	residual	absent	absent
late_allcell	original_late_allcell	22997	IGSF9B	up	residual	absent	absent
late_allcell	original_late_allcell	22998	LIMCH1	up	residual	absent	absent
late_allcell	original_late_allcell	22999	RIMS1	down	residual	absent	absent
late_allcell	original_late_allcell	2300	FOXL1	up	residual	absent	absent
late_allcell	original_late_allcell	23017	FAIM2	down	residual	absent	absent
late_allcell	original_late_allcell	23025	UNC13A	down	residual	absent	absent
late_allcell	original_late_allcell	23037	PDZD2	down	residual	absent	absent
late_allcell	original_late_allcell	23049	SMG1	down	residual	absent	absent
late_allcell	original_late_allcell	2305	FOXM1	down	residual	absent	absent
late_allcell	original_late_allcell	23057	NMNAT2	down	residual	absent	absent
late_allcell	original_late_allcell	2306	FOXD2	up	residual	absent	absent
late_allcell	original_late_allcell	2308	FOXO1	down	residual	absent	absent
late_allcell	original_late_allcell	23089	PEG10	down	residual	absent	absent
late_allcell	original_late_allcell	23090	ZNF423	up	residual	absent	absent
late_allcell	original_late_allcell	23099	ZBTB43	down	residual	absent	absent
late_allcell	original_late_allcell	23105	FSTL4	down	residual	absent	absent
late_allcell	original_late_allcell	23111	SPART	down	residual	absent	absent
late_allcell	original_late_allcell	23119	HIC2	up	residual	absent	absent
late_allcell	original_late_allcell	23125	CAMTA2	up	residual	absent	absent
late_allcell	original_late_allcell	23139	MAST2	up	residual	absent	absent
late_allcell	original_late_allcell	23166	STAB1	up	residual	absent	absent
late_allcell	original_late_allcell	2318	FLNC	up	residual	absent	absent
late_allcell	original_late_allcell	23199	GSE1	up	residual	absent	absent
late_allcell	original_late_allcell	23204	ARL6IP1	down	residual	absent	absent
late_allcell	original_late_allcell	23205	ACSBG1	down	residual	absent	absent
late_allcell	original_late_allcell	23209	MLC1	down	residual	absent	absent
late_allcell	original_late_allcell	23213	SULF1	down	residual	absent	absent
late_allcell	original_late_allcell	23217	ZFR2	down	residual	absent	absent
late_allcell	original_late_allcell	23218	NBEAL2	up	residual	absent	absent
late_allcell	original_late_allcell	2322	FLT3	down	residual	absent	absent
late_allcell	original_late_allcell	23223	RRP12	up	residual	absent	absent
late_allcell	original_late_allcell	2323	FLT3LG	up	residual	absent	absent
late_allcell	original_late_allcell	23239	PHLPP1	down	residual	absent	absent
late_allcell	original_late_allcell	2324	FLT4	up	residual	absent	absent
late_allcell	original_late_allcell	23245	ASTN2	down	residual	absent	absent
late_allcell	original_late_allcell	23253	ANKRD12	down	residual	absent	absent
late_allcell	original_late_allcell	23254	KAZN	up	residual	absent	absent
late_allcell	original_late_allcell	23265	EXOC7	up	residual	absent	absent
late_allcell	original_late_allcell	23270	TSPYL4	up	residual	absent	absent
late_allcell	original_late_allcell	23271	CAMSAP2	down	residual	absent	absent
late_allcell	original_late_allcell	23275	POFUT2	up	residual	absent	absent
late_allcell	original_late_allcell	23281	MTUS2	down	residual	absent	absent
late_allcell	original_late_allcell	23284	ADGRL3	down	residual	absent	absent
late_allcell	original_late_allcell	23286	WWC1	down	residual	absent	absent
late_allcell	original_late_allcell	23288	IQCE	up	residual	absent	absent
late_allcell	original_late_allcell	23299	BICD2	up	residual	absent	absent
late_allcell	original_late_allcell	2330	FMO5	up	residual	absent	absent
late_allcell	original_late_allcell	23300	ATMIN	down	residual	absent	absent
late_allcell	original_late_allcell	23305	ACSL6	down	residual	absent	absent
late_allcell	original_late_allcell	2331	FMOD	down	residual	absent	absent
late_allcell	original_late_allcell	23335	WDR7	down	residual	absent	absent
late_allcell	original_late_allcell	2334	AFF2	down	residual	absent	absent
late_allcell	original_late_allcell	23349	PHF24	down	residual	absent	absent
late_allcell	original_late_allcell	23351	KHNYN	up	residual	absent	absent
late_allcell	original_late_allcell	23354	HAUS5	up	residual	absent	absent
late_allcell	original_late_allcell	23366	MATCAP2	down	excluded_partner_unresolved	conflict	within_source_direction_conflict
late_allcell	original_late_allcell	23378	RRP8	up	residual	absent	absent
late_allcell	original_late_allcell	23394	ADNP	down	residual	absent	absent
late_allcell	original_late_allcell	23411	SIRT1	down	residual	absent	absent
late_allcell	original_late_allcell	23421	ITGB3BP	up	residual	absent	absent
late_allcell	original_late_allcell	23426	GRIP1	down	residual	absent	absent
late_allcell	original_late_allcell	23433	RHOQ	down	residual	absent	absent
late_allcell	original_late_allcell	2346	FOLH1	down	residual	absent	absent
late_allcell	original_late_allcell	23463	ICMT	down	residual	absent	absent
late_allcell	original_late_allcell	23471	TRAM1	down	residual	absent	absent
late_allcell	original_late_allcell	23493	HEY2	down	residual	absent	absent
late_allcell	original_late_allcell	23529	CLCF1	up	residual	absent	absent
late_allcell	original_late_allcell	2354	FOSB	up	residual	absent	absent
late_allcell	original_late_allcell	23542	MAPK8IP2	down	residual	absent	absent
late_allcell	original_late_allcell	23546	SYNGR4	down	residual	absent	absent
late_allcell	original_late_allcell	23566	LPAR3	down	residual	absent	absent
late_allcell	original_late_allcell	23568	ARL2BP	down	residual	absent	absent
late_allcell	original_late_allcell	23576	DDAH1	down	residual	absent	absent
late_allcell	original_late_allcell	23584	VSIG2	up	residual	absent	absent
late_allcell	original_late_allcell	23594	ORC6	down	residual	absent	absent
late_allcell	original_late_allcell	23596	OPN3	down	residual	absent	absent
late_allcell	original_late_allcell	23604	DAPK2	up	residual	absent	absent
late_allcell	original_late_allcell	23616	SH3BP1	up	residual	absent	absent
late_allcell	original_late_allcell	23620	NTSR2	down	residual	absent	absent
late_allcell	original_late_allcell	23645	PPP1R15A	up	residual	absent	absent
late_allcell	original_late_allcell	23654	PLXNB2	up	residual	absent	absent
late_allcell	original_late_allcell	23670	CEMIP2	up	residual	absent	absent
late_allcell	original_late_allcell	23729	SHPK	up	residual	absent	absent
late_allcell	original_late_allcell	23743	BHMT2	up	residual	absent	absent
late_allcell	original_late_allcell	23767	FLRT3	down	residual	absent	absent
late_allcell	original_late_allcell	2395	FXN	down	residual	absent	absent
late_allcell	original_late_allcell	24141	LAMP5	down	residual	absent	absent
late_allcell	original_late_allcell	24147	FJX1	down	residual	absent	absent
late_allcell	original_late_allcell	24149	ZNF318	up	residual	absent	absent
late_allcell	original_late_allcell	246329	STAC3	up	residual	absent	absent
late_allcell	original_late_allcell	249	ALPL	down	residual	absent	absent
late_allcell	original_late_allcell	2494	NR5A2	up	residual	absent	absent
late_allcell	original_late_allcell	2519	FUCA2	down	residual	absent	absent
late_allcell	original_late_allcell	2523	FUT1	up	residual	absent	absent
late_allcell	original_late_allcell	253152	EPHX4	down	residual	absent	absent
late_allcell	original_late_allcell	253190	SERHL2	up	residual	absent	absent
late_allcell	original_late_allcell	253430	IPMK	down	residual	absent	absent
late_allcell	original_late_allcell	253559	CADM2	down	residual	absent	absent
late_allcell	original_late_allcell	253738	EBF3	up	residual	absent	absent
late_allcell	original_late_allcell	253959	RALGAPA1	up	residual	absent	absent
late_allcell	original_late_allcell	254102	EHBP1L1	up	residual	absent	absent
late_allcell	original_late_allcell	254240	BPIFC	up	residual	absent	absent
late_allcell	original_late_allcell	2547	XRCC6	down	residual	absent	absent
late_allcell	original_late_allcell	254887	ZDHHC23	up	residual	absent	absent
late_allcell	original_late_allcell	255027	MPV17L	down	residual	absent	absent
late_allcell	original_late_allcell	2551	GABPA	down	residual	absent	absent
late_allcell	original_late_allcell	255104	TMCO4	up	residual	absent	absent
late_allcell	original_late_allcell	255231	MCOLN2	down	residual	absent	absent
late_allcell	original_late_allcell	255426	RASGEF1C	up	residual	absent	absent
late_allcell	original_late_allcell	2555	GABRA2	down	residual	absent	absent
late_allcell	original_late_allcell	255631	COL24A1	up	residual	absent	absent
late_allcell	original_late_allcell	255758	DYNLT2B	up	excluded_partner_unresolved	conflict	within_source_direction_conflict
late_allcell	original_late_allcell	255783	INAFM1	up	residual	absent	absent
late_allcell	original_late_allcell	2558	GABRA5	down	residual	absent	absent
late_allcell	original_late_allcell	255919	CNEP1R1	down	residual	absent	absent
late_allcell	original_late_allcell	255928	SYT14	down	residual	absent	absent
late_allcell	original_late_allcell	2560	GABRB1	down	residual	absent	absent
late_allcell	original_late_allcell	256158	HMCN2	up	residual	absent	absent
late_allcell	original_late_allcell	2562	GABRB3	down	residual	absent	absent
late_allcell	original_late_allcell	256227	STEAP1B	up	residual	absent	absent
late_allcell	original_late_allcell	2564	GABRE	up	residual	absent	absent
late_allcell	original_late_allcell	256471	MFSD8	down	residual	absent	absent
late_allcell	original_late_allcell	256472	TMEM151A	down	residual	absent	absent
late_allcell	original_late_allcell	2565	GABRG1	down	residual	absent	absent
late_allcell	original_late_allcell	2566	GABRG2	down	residual	absent	absent
late_allcell	original_late_allcell	256714	MAP7D2	down	residual	absent	absent
late_allcell	original_late_allcell	256949	KANK3	up	residual	absent	absent
late_allcell	original_late_allcell	2570	GABRR2	up	residual	absent	absent
late_allcell	original_late_allcell	257000	TINCR	down	residual	absent	absent
late_allcell	original_late_allcell	25758	KIAA1549L	down	residual	absent	absent
late_allcell	original_late_allcell	25769	SLC24A2	down	residual	absent	absent
late_allcell	original_late_allcell	25789	TMEM59L	down	residual	absent	absent
late_allcell	original_late_allcell	25800	SLC39A6	down	residual	absent	absent
late_allcell	original_late_allcell	258010	SVIP	down	residual	absent	absent
late_allcell	original_late_allcell	25802	LMOD1	up	residual	absent	absent
late_allcell	original_late_allcell	25806	VAX2	up	residual	absent	absent
late_allcell	original_late_allcell	25816	TNFAIP8	up	residual	absent	absent
late_allcell	original_late_allcell	25830	SULT4A1	down	residual	absent	absent
late_allcell	original_late_allcell	25833	POU2F3	down	residual	absent	absent
late_allcell	original_late_allcell	25847	ANAPC13	down	residual	absent	absent
late_allcell	original_late_allcell	25854	FAM149A	down	residual	absent	absent
late_allcell	original_late_allcell	25864	ABHD14A	down	residual	absent	absent
late_allcell	original_late_allcell	25878	MXRA5	down	residual	absent	absent
late_allcell	original_late_allcell	25894	PLEKHG4	up	residual	absent	absent
late_allcell	original_late_allcell	25914	RTTN	down	residual	absent	absent
late_allcell	original_late_allcell	259173	ALS2CL	up	residual	absent	absent
late_allcell	original_late_allcell	259249	MRGPRX1	down	residual	absent	absent
late_allcell	original_late_allcell	25925	ZNF521	up	residual	absent	absent
late_allcell	original_late_allcell	25928	SOSTDC1	down	residual	absent	absent
late_allcell	original_late_allcell	259282	BOD1L1	down	residual	absent	absent
late_allcell	original_late_allcell	25932	CLIC4	down	core	down	eligible
late_allcell	original_late_allcell	25938	HEATR5A	down	residual	absent	absent
late_allcell	original_late_allcell	25950	RWDD3	down	residual	absent	absent
late_allcell	original_late_allcell	25956	SEC31B	up	residual	absent	absent
late_allcell	original_late_allcell	25959	KANK2	up	residual	absent	absent
late_allcell	original_late_allcell	25962	VIRMA	down	residual	absent	absent
late_allcell	original_late_allcell	25987	TSKU	up	residual	absent	absent
late_allcell	original_late_allcell	25992	SNED1	up	residual	absent	absent
late_allcell	original_late_allcell	25999	CLIP3	down	residual	absent	absent
late_allcell	original_late_allcell	26011	TENM4	down	residual	absent	absent
late_allcell	original_late_allcell	26017	FAM32A	down	residual	absent	absent
late_allcell	original_late_allcell	26024	PTCD1	up	residual	absent	absent
late_allcell	original_late_allcell	26025	PCDHGA12	up	residual	absent	absent
late_allcell	original_late_allcell	26030	PLEKHG3	up	residual	absent	absent
late_allcell	original_late_allcell	26031	OSBPL3	down	residual	absent	absent
late_allcell	original_late_allcell	26033	ATRNL1	down	core	down	eligible
late_allcell	original_late_allcell	26035	GLCE	down	residual	absent	absent
late_allcell	original_late_allcell	26040	SETBP1	up	residual	absent	absent
late_allcell	original_late_allcell	26047	CNTNAP2	down	residual	absent	absent
late_allcell	original_late_allcell	26049	FAM169A	down	residual	absent	absent
late_allcell	original_late_allcell	26051	PPP1R16B	up	residual	absent	absent
late_allcell	original_late_allcell	26059	ERC2	down	residual	absent	absent
late_allcell	original_late_allcell	26074	CFAP61	up	residual	absent	absent
late_allcell	original_late_allcell	26086	GPSM1	up	residual	absent	absent
late_allcell	original_late_allcell	26093	CCDC9	up	residual	absent	absent
late_allcell	original_late_allcell	26112	CCDC69	up	residual	absent	absent
late_allcell	original_late_allcell	26128	KIFBP	down	excluded_partner_unresolved	conflict	within_source_direction_conflict
late_allcell	original_late_allcell	26140	TTLL3	up	residual	absent	absent
late_allcell	original_late_allcell	2615	LRRC32	up	residual	absent	absent
late_allcell	original_late_allcell	26150	RIBC2	up	residual	absent	absent
late_allcell	original_late_allcell	261729	STEAP2	down	residual	absent	absent
late_allcell	original_late_allcell	26173	INTS1	up	residual	absent	absent
late_allcell	original_late_allcell	2620	GAS2	down	residual	absent	absent
late_allcell	original_late_allcell	26205	GMEB2	up	residual	absent	absent
late_allcell	original_late_allcell	26228	STAP1	up	residual	absent	absent
late_allcell	original_late_allcell	26233	FBXL6	up	residual	absent	absent
late_allcell	original_late_allcell	2624	GATA2	up	residual	absent	absent
late_allcell	original_late_allcell	26245	OR2M4	down	residual	absent	absent
late_allcell	original_late_allcell	26246	OR2L2	down	residual	absent	absent
late_allcell	original_late_allcell	2625	GATA3	up	residual	absent	absent
late_allcell	original_late_allcell	26256	CABYR	down	residual	absent	absent
late_allcell	original_late_allcell	2627	GATA6	up	residual	absent	absent
late_allcell	original_late_allcell	2628	GATM	down	residual	absent	absent
late_allcell	original_late_allcell	26287	ANKRD2	up	residual	absent	absent
late_allcell	original_late_allcell	26289	AK5	down	residual	absent	absent
late_allcell	original_late_allcell	26292	MYCBP	down	residual	absent	absent
late_allcell	original_late_allcell	2634	GBP2	up	core	up	eligible
late_allcell	original_late_allcell	2642	GCGR	up	residual	absent	absent
late_allcell	original_late_allcell	2644	GCHFR	down	residual	absent	absent
late_allcell	original_late_allcell	2646	GCKR	up	residual	absent	absent
late_allcell	original_late_allcell	26469	PTPN18	up	core	up	eligible
late_allcell	original_late_allcell	26470	SEZ6L2	down	residual	absent	absent
late_allcell	original_late_allcell	26471	NUPR1	up	residual	absent	absent
late_allcell	original_late_allcell	2649	NR6A1	down	residual	absent	absent
late_allcell	original_late_allcell	26507	CNNM1	down	residual	absent	absent
late_allcell	original_late_allcell	26575	RGS17	down	residual	absent	absent
late_allcell	original_late_allcell	26577	PCOLCE2	up	residual	absent	absent
late_allcell	original_late_allcell	26580	BSCL2	down	residual	absent	absent
late_allcell	original_late_allcell	2662	GDF10	down	residual	absent	absent
late_allcell	original_late_allcell	26659	OR7A5	up	residual	absent	absent
late_allcell	original_late_allcell	266727	MDGA1	up	residual	absent	absent
late_allcell	original_late_allcell	2668	GDNF	up	residual	absent	absent
late_allcell	original_late_allcell	2670	GFAP	down	residual	absent	absent
late_allcell	original_late_allcell	2675	GFRA2	down	residual	absent	absent
late_allcell	original_late_allcell	2690	GHR	up	residual	absent	absent
late_allcell	original_late_allcell	26953	RANBP6	down	residual	absent	absent
late_allcell	original_late_allcell	2697	GJA1	down	residual	absent	absent
late_allcell	original_late_allcell	26999	CYFIP2	down	residual	absent	absent
late_allcell	original_late_allcell	27006	FGF22	up	residual	absent	absent
late_allcell	original_late_allcell	27012	KCNV1	down	residual	absent	absent
late_allcell	original_late_allcell	2702	GJA5	up	residual	absent	absent
late_allcell	original_late_allcell	2705	GJB1	down	residual	absent	absent
late_allcell	original_late_allcell	27069	GHITM	down	residual	absent	absent
late_allcell	original_late_allcell	27087	B3GAT1	down	core	down	eligible
late_allcell	original_late_allcell	27090	ST6GALNAC4	up	residual	absent	absent
late_allcell	original_late_allcell	27091	CACNG5	down	core	down	eligible
late_allcell	original_late_allcell	27092	CACNG4	down	residual	absent	absent
late_allcell	original_late_allcell	27094	KCNMB3	up	residual	absent	absent
late_allcell	original_late_allcell	27098	CLUL1	down	residual	absent	absent
late_allcell	original_late_allcell	27112	NALF2	up	core	up	eligible
late_allcell	original_late_allcell	27115	PDE7B	down	residual	absent	absent
late_allcell	original_late_allcell	27128	CYTH4	up	residual	absent	absent
late_allcell	original_late_allcell	27133	KCNH5	down	residual	absent	absent
late_allcell	original_late_allcell	27151	CPAMD8	down	residual	absent	absent
late_allcell	original_late_allcell	2719	GPC3	down	residual	absent	absent
late_allcell	original_late_allcell	27198	HCAR1	up	residual	absent	absent
late_allcell	original_late_allcell	27235	COQ2	down	residual	absent	absent
late_allcell	original_late_allcell	27239	GPR162	up	residual	absent	absent
late_allcell	original_late_allcell	27255	CNTN6	down	residual	absent	absent
late_allcell	original_late_allcell	27286	SRPX2	up	residual	absent	absent
late_allcell	original_late_allcell	27287	VENTX	down	residual	absent	absent
late_allcell	original_late_allcell	27289	RND1	down	residual	absent	absent
late_allcell	original_late_allcell	27291	R3HCC1L	up	residual	absent	absent
late_allcell	original_late_allcell	2730	GCLM	down	residual	absent	absent
late_allcell	original_late_allcell	27314	RAB30	up	residual	absent	absent
late_allcell	original_late_allcell	27344	PCSK1N	down	residual	absent	absent
late_allcell	original_late_allcell	27346	TMEM97	down	excluded_cross_source_opposed	up	eligible
late_allcell	original_late_allcell	2739	GLO1	down	residual	absent	absent
late_allcell	original_late_allcell	274	BIN1	up	residual	absent	absent
late_allcell	original_late_allcell	2743	GLRB	down	residual	absent	absent
late_allcell	original_late_allcell	27434	POLM	up	residual	absent	absent
late_allcell	original_late_allcell	27445	PCLO	down	residual	absent	absent
late_allcell	original_late_allcell	2746	GLUD1	down	residual	absent	absent
late_allcell	original_late_allcell	2760	GM2A	down	residual	absent	absent
late_allcell	original_late_allcell	2786	GNG4	down	residual	absent	absent
late_allcell	original_late_allcell	2796	GNRH1	up	residual	absent	absent
late_allcell	original_late_allcell	28	ABO	up	residual	absent	absent
late_allcell	original_late_allcell	2805	GOT1	down	residual	absent	absent
late_allcell	original_late_allcell	2806	GOT2	down	residual	absent	absent
late_allcell	original_late_allcell	2810	SFN	up	residual	absent	absent
late_allcell	original_late_allcell	2819	GPD1	up	residual	absent	absent
late_allcell	original_late_allcell	2821	GPI	down	residual	absent	absent
late_allcell	original_late_allcell	2823	GPM6A	down	residual	absent	absent
late_allcell	original_late_allcell	28231	SLCO4A1	up	residual	absent	absent
late_allcell	original_late_allcell	28232	SLCO3A1	up	residual	absent	absent
late_allcell	original_late_allcell	283130	SLC25A45	up	residual	absent	absent
late_allcell	original_late_allcell	28316	CDH20	down	residual	absent	absent
late_allcell	original_late_allcell	283208	P4HA3	up	residual	absent	absent
late_allcell	original_late_allcell	283229	CRACR2B	up	residual	absent	absent
late_allcell	original_late_allcell	283455	KSR2	down	residual	absent	absent
late_allcell	original_late_allcell	283518	KCNRG	down	residual	absent	absent
late_allcell	original_late_allcell	283521	TMEM272	down	residual	absent	absent
late_allcell	original_late_allcell	283537	SLC46A3	down	residual	absent	absent
late_allcell	original_late_allcell	283576	ZDHHC22	down	residual	absent	absent
late_allcell	original_late_allcell	283643	TEDC1	up	residual	absent	absent
late_allcell	original_late_allcell	283777	FAM169BP	up	residual	absent	absent
late_allcell	original_late_allcell	283807	FBXL22	up	residual	absent	absent
late_allcell	original_late_allcell	283870	BRICD5	down	residual	absent	absent
late_allcell	original_late_allcell	283899	INO80E	up	residual	absent	absent
late_allcell	original_late_allcell	283985	FADS6	down	residual	absent	absent
late_allcell	original_late_allcell	283991	UBALD2	up	residual	absent	absent
late_allcell	original_late_allcell	284	ANGPT1	up	residual	absent	absent
late_allcell	original_late_allcell	284004	HEXD	up	residual	absent	absent
late_allcell	original_late_allcell	284207	METRNL	up	residual	absent	absent
late_allcell	original_late_allcell	284217	LAMA1	down	residual	absent	absent
late_allcell	original_late_allcell	284252	KCTD1	down	residual	absent	absent
late_allcell	original_late_allcell	284297	SSC5D	up	residual	absent	absent
late_allcell	original_late_allcell	284306	ZNF547	down	residual	absent	absent
late_allcell	original_late_allcell	284312	ZSCAN1	down	residual	absent	absent
late_allcell	original_late_allcell	284338	PRR19	down	residual	absent	absent
late_allcell	original_late_allcell	284359	IZUMO1	up	residual	absent	absent
late_allcell	original_late_allcell	284417	TMEM150B	up	residual	absent	absent
late_allcell	original_late_allcell	284451	CIMAP1D	up	residual	absent	absent
late_allcell	original_late_allcell	284459	ZNF875	up	residual	absent	absent
late_allcell	original_late_allcell	284467	TAFA3	down	residual	absent	absent
late_allcell	original_late_allcell	284521	OR2L13	down	residual	absent	absent
late_allcell	original_late_allcell	284716	RIMKLA	down	residual	absent	absent
late_allcell	original_late_allcell	284723	SLC25A34	up	residual	absent	absent
late_allcell	original_late_allcell	284739	C20orf204	up	residual	absent	absent
late_allcell	original_late_allcell	2849	GPR26	down	residual	absent	absent
late_allcell	original_late_allcell	2850	GPR27	down	residual	absent	absent
late_allcell	original_late_allcell	285016	ALKAL2	down	residual	absent	absent
late_allcell	original_late_allcell	285025	CCDC141	up	residual	absent	absent
late_allcell	original_late_allcell	285093	RTP5	down	residual	absent	absent
late_allcell	original_late_allcell	28514	DLL1	up	core	up	eligible
late_allcell	original_late_allcell	285141	ERICH2	down	residual	absent	absent
late_allcell	original_late_allcell	285172	HYCC2	up	excluded_partner_unresolved	conflict	within_source_direction_conflict
late_allcell	original_late_allcell	285175	UNC80	down	residual	absent	absent
late_allcell	original_late_allcell	2852	GPER1	up	residual	absent	absent
late_allcell	original_late_allcell	285220	EPHA6	down	residual	absent	absent
late_allcell	original_late_allcell	285386	TPRG1	up	residual	absent	absent
late_allcell	original_late_allcell	285498	RNF212	up	residual	absent	absent
late_allcell	original_late_allcell	285600	KIAA0825	down	residual	absent	absent
late_allcell	original_late_allcell	285601	GPR150	up	residual	absent	absent
late_allcell	original_late_allcell	285605	DTWD2	down	residual	absent	absent
late_allcell	original_late_allcell	285613	RELL2	down	residual	absent	absent
late_allcell	original_late_allcell	285636	RIMOC1	down	excluded_partner_unresolved	conflict	within_source_direction_conflict
late_allcell	original_late_allcell	285672	SREK1IP1	down	residual	absent	absent
late_allcell	original_late_allcell	285852	TREML4	down	residual	absent	absent
late_allcell	original_late_allcell	286	ANK1	down	residual	absent	absent
late_allcell	original_late_allcell	2861	GPR37	down	residual	absent	absent
late_allcell	original_late_allcell	286183	NKAIN3	down	residual	absent	absent
late_allcell	original_late_allcell	286451	YIPF6	down	residual	absent	absent
late_allcell	original_late_allcell	2869	GRK5	up	residual	absent	absent
late_allcell	original_late_allcell	287	ANK2	down	residual	absent	absent
late_allcell	original_late_allcell	2877	GPX2	down	residual	absent	absent
late_allcell	original_late_allcell	2891	GRIA2	down	residual	absent	absent
late_allcell	original_late_allcell	2893	GRIA4	up	residual	absent	absent
late_allcell	original_late_allcell	28962	OSTM1	down	residual	absent	absent
late_allcell	original_late_allcell	2897	GRIK1	down	residual	absent	absent
late_allcell	original_late_allcell	28972	SPCS1	down	residual	absent	absent
late_allcell	original_late_allcell	28982	FLVCR1	down	residual	absent	absent
late_allcell	original_late_allcell	28986	MAGEH1	down	residual	absent	absent
late_allcell	original_late_allcell	28990	ASTE1	down	residual	absent	absent
late_allcell	original_late_allcell	28992	MACROD1	up	residual	absent	absent
late_allcell	original_late_allcell	29015	SLC43A3	up	residual	absent	absent
late_allcell	original_late_allcell	2902	GRIN1	down	residual	absent	absent
late_allcell	original_late_allcell	2904	GRIN2B	up	residual	absent	absent
late_allcell	original_late_allcell	2905	GRIN2C	up	residual	absent	absent
late_allcell	original_late_allcell	29071	C1GALT1C1	down	residual	absent	absent
late_allcell	original_late_allcell	29078	NDUFAF4	down	residual	absent	absent
late_allcell	original_late_allcell	29106	SCG3	down	residual	absent	absent
late_allcell	original_late_allcell	29109	FHOD1	up	residual	absent	absent
late_allcell	original_late_allcell	29114	TAGLN3	down	residual	absent	absent
late_allcell	original_late_allcell	2920	CXCL2	up	residual	absent	absent
late_allcell	original_late_allcell	2950	GSTP1	down	residual	absent	absent
late_allcell	original_late_allcell	2968	GTF2H4	up	residual	absent	absent
late_allcell	original_late_allcell	29775	CARD10	up	core	up	eligible
late_allcell	original_late_allcell	29796	UQCR10	down	residual	absent	absent
late_allcell	original_late_allcell	29880	ALG5	down	residual	absent	absent
late_allcell	original_late_allcell	29883	CNOT7	down	residual	absent	absent
late_allcell	original_late_allcell	29901	SAC3D1	down	residual	absent	absent
late_allcell	original_late_allcell	29906	ST8SIA5	down	residual	absent	absent
late_allcell	original_late_allcell	29911	HOOK2	up	residual	absent	absent
late_allcell	original_late_allcell	2992	GYG1	down	residual	absent	absent
late_allcell	original_late_allcell	29929	ALG6	down	residual	absent	absent
late_allcell	original_late_allcell	29933	GPR132	up	residual	absent	absent
late_allcell	original_late_allcell	29941	PKN3	up	residual	absent	absent
late_allcell	original_late_allcell	29944	PNMA3	down	residual	absent	absent
late_allcell	original_late_allcell	29948	OSGIN1	up	residual	absent	absent
late_allcell	original_late_allcell	29950	SERTAD1	up	residual	absent	absent
late_allcell	original_late_allcell	29951	PDZRN4	down	residual	absent	absent
late_allcell	original_late_allcell	29953	TRHDE	up	residual	absent	absent
late_allcell	original_late_allcell	29967	LRP12	down	residual	absent	absent
late_allcell	original_late_allcell	29968	PSAT1	down	residual	absent	absent
late_allcell	original_late_allcell	29978	UBQLN2	down	residual	absent	absent
late_allcell	original_late_allcell	29993	PACSIN1	down	residual	absent	absent
late_allcell	original_late_allcell	29995	LMCD1	up	residual	absent	absent
late_allcell	original_late_allcell	29998	BICRA	up	residual	absent	absent
late_allcell	original_late_allcell	30012	TLX3	down	residual	absent	absent
late_allcell	original_late_allcell	3005	H1-0	up	excluded_partner_unresolved	conflict	within_source_direction_conflict
late_allcell	original_late_allcell	3009	H1-5	up	residual	absent	absent
late_allcell	original_late_allcell	3015	H2AZ1	down	excluded_partner_unresolved	conflict	within_source_direction_conflict
late_allcell	original_late_allcell	3036	HAS1	down	residual	absent	absent
late_allcell	original_late_allcell	3037	HAS2	up	residual	absent	absent
late_allcell	original_late_allcell	3040	HBA2	down	residual	absent	absent
late_allcell	original_late_allcell	3055	HCK	up	residual	absent	absent
late_allcell	original_late_allcell	3066	HDAC2	down	residual	absent	absent
late_allcell	original_late_allcell	30815	ST6GALNAC6	up	residual	absent	absent
late_allcell	original_late_allcell	30819	KCNIP2	up	residual	absent	absent
late_allcell	original_late_allcell	30820	KCNIP1	down	core	down	eligible
late_allcell	original_late_allcell	30835	CD209	up	residual	absent	absent
late_allcell	original_late_allcell	3084	NRG1	down	residual	absent	absent
late_allcell	original_late_allcell	3090	HIC1	up	residual	absent	absent
late_allcell	original_late_allcell	3093	UBE2K	down	residual	absent	absent
late_allcell	original_late_allcell	3099	HK2	down	residual	absent	absent
late_allcell	original_late_allcell	31	ACACA	down	residual	absent	absent
late_allcell	original_late_allcell	3101	HK3	up	residual	absent	absent
late_allcell	original_late_allcell	3142	HLX	up	residual	absent	absent
late_allcell	original_late_allcell	3156	HMGCR	down	residual	absent	absent
late_allcell	original_late_allcell	3157	HMGCS1	down	residual	absent	absent
late_allcell	original_late_allcell	3162	HMOX1	up	core	up	eligible
late_allcell	original_late_allcell	3164	NR4A1	up	residual	absent	absent
late_allcell	original_late_allcell	317761	C14orf39	down	residual	absent	absent
late_allcell	original_late_allcell	317781	DDX51	up	residual	absent	absent
late_allcell	original_late_allcell	3191	HNRNPL	down	residual	absent	absent
late_allcell	original_late_allcell	3199	HOXA2	up	core	up	eligible
late_allcell	original_late_allcell	32	ACACB	up	residual	absent	absent
late_allcell	original_late_allcell	3201	HOXA4	up	residual	absent	absent
late_allcell	original_late_allcell	3202	HOXA5	up	excluded_cross_source_opposed	down	eligible
late_allcell	original_late_allcell	3203	HOXA6	up	residual	absent	absent
late_allcell	original_late_allcell	3205	HOXA9	up	residual	absent	absent
late_allcell	original_late_allcell	321	APBA2	down	residual	absent	absent
late_allcell	original_late_allcell	3212	HOXB2	up	residual	absent	absent
late_allcell	original_late_allcell	3214	HOXB4	up	residual	absent	absent
late_allcell	original_late_allcell	3215	HOXB5	up	residual	absent	absent
late_allcell	original_late_allcell	3216	HOXB6	up	residual	absent	absent
late_allcell	original_late_allcell	322	APBB1	down	residual	absent	absent
late_allcell	original_late_allcell	3231	HOXD1	down	residual	absent	absent
late_allcell	original_late_allcell	324	APC	down	residual	absent	absent
late_allcell	original_late_allcell	3248	HPGD	down	residual	absent	absent
late_allcell	original_late_allcell	3250	HPR	up	residual	absent	absent
late_allcell	original_late_allcell	326624	RAB37	down	residual	absent	absent
late_allcell	original_late_allcell	328	APEX1	down	residual	absent	absent
late_allcell	original_late_allcell	3280	HES1	up	residual	absent	absent
late_allcell	original_late_allcell	329	BIRC2	down	residual	absent	absent
late_allcell	original_late_allcell	3292	HSD17B1	up	residual	absent	absent
late_allcell	original_late_allcell	3299	HSF4	up	residual	absent	absent
late_allcell	original_late_allcell	3301	DNAJA1	down	residual	absent	absent
late_allcell	original_late_allcell	3303	HSPA1A	up	residual	absent	absent
late_allcell	original_late_allcell	3306	HSPA2	down	residual	absent	absent
late_allcell	original_late_allcell	333	APLP1	down	residual	absent	absent
late_allcell	original_late_allcell	3339	HSPG2	up	residual	absent	absent
late_allcell	original_late_allcell	333926	PPM1J	down	residual	absent	absent
late_allcell	original_late_allcell	333929	SNAI3	up	residual	absent	absent
late_allcell	original_late_allcell	3352	HTR1D	down	residual	absent	absent
late_allcell	original_late_allcell	3354	HTR1E	down	residual	absent	absent
late_allcell	original_late_allcell	3359	HTR3A	down	core	down	eligible
late_allcell	original_late_allcell	3371	TNC	up	residual	absent	absent
late_allcell	original_late_allcell	338322	NLRP10	up	residual	absent	absent
late_allcell	original_late_allcell	338382	RAB7B	up	residual	absent	absent
late_allcell	original_late_allcell	338557	FFAR4	down	residual	absent	absent
late_allcell	original_late_allcell	338567	KCNK18	down	residual	absent	absent
late_allcell	original_late_allcell	3386	ICAM4	up	residual	absent	absent
late_allcell	original_late_allcell	338645	LUZP2	down	residual	absent	absent
late_allcell	original_late_allcell	339168	TMEM95	up	residual	absent	absent
late_allcell	original_late_allcell	339318	ZNF181	down	residual	absent	absent
late_allcell	original_late_allcell	339390	CLEC4G	up	residual	absent	absent
late_allcell	original_late_allcell	339398	LINGO4	down	residual	absent	absent
late_allcell	original_late_allcell	339451	KLHL17	up	residual	absent	absent
late_allcell	original_late_allcell	3397	ID1	up	residual	absent	absent
late_allcell	original_late_allcell	339761	CYP27C1	down	residual	absent	absent
late_allcell	original_late_allcell	339834	IHO1	up	excluded_cross_source_opposed	down	eligible
late_allcell	original_late_allcell	339983	ASPNAT	down	residual	absent	absent
late_allcell	original_late_allcell	340205	TREML1	down	residual	absent	absent
late_allcell	original_late_allcell	340267	COL28A1	down	residual	absent	absent
late_allcell	original_late_allcell	340419	RSPO2	down	residual	absent	absent
late_allcell	original_late_allcell	340526	RTL5	up	residual	absent	absent
late_allcell	original_late_allcell	340542	BEX5	down	residual	absent	absent
late_allcell	original_late_allcell	340543	TCEAL5	down	residual	absent	absent
late_allcell	original_late_allcell	340578	DCAF12L2	down	residual	absent	absent
late_allcell	original_late_allcell	340596	LHFPL1	down	residual	absent	absent
late_allcell	original_late_allcell	340811	AKR1C8	up	core	up	eligible
late_allcell	original_late_allcell	341	APOC1	down	residual	absent	absent
late_allcell	original_late_allcell	341152	OR2AT4	down	residual	absent	absent
late_allcell	original_late_allcell	341359	SYT10	down	residual	absent	absent
late_allcell	original_late_allcell	342125	TMC3	down	residual	absent	absent
late_allcell	original_late_allcell	342132	ZNF774	down	residual	absent	absent
late_allcell	original_late_allcell	342372	PKD1L3	up	residual	absent	absent
late_allcell	original_late_allcell	342865	VSTM2B	down	residual	absent	absent
late_allcell	original_late_allcell	342908	ZNF404	up	residual	absent	absent
late_allcell	original_late_allcell	343521	DYNLT4	up	residual	absent	absent
late_allcell	original_late_allcell	3437	IFIT3	down	excluded_cross_source_opposed	up	eligible
late_allcell	original_late_allcell	344	APOC2	down	residual	absent	absent
late_allcell	original_late_allcell	344758	GPR149	down	residual	absent	absent
late_allcell	original_late_allcell	344838	PAQR9	down	residual	absent	absent
late_allcell	original_late_allcell	345051	REELD1	up	residual	absent	absent
late_allcell	original_late_allcell	346653	GARIN1A	up	core	up	eligible
late_allcell	original_late_allcell	347	APOD	down	residual	absent	absent
late_allcell	original_late_allcell	347404	LANCL3	down	residual	absent	absent
late_allcell	original_late_allcell	347475	CCDC160	down	residual	absent	absent
late_allcell	original_late_allcell	3475	IFRD1	up	residual	absent	absent
late_allcell	original_late_allcell	347688	TUBB8	up	residual	absent	absent
late_allcell	original_late_allcell	347730	LRRTM1	down	residual	absent	absent
late_allcell	original_late_allcell	347734	SLC35B2	down	residual	absent	absent
late_allcell	original_late_allcell	3479	IGF1	up	residual	absent	absent
late_allcell	original_late_allcell	3480	IGF1R	up	residual	absent	absent
late_allcell	original_late_allcell	348013	TMEM255B	up	residual	absent	absent
late_allcell	original_late_allcell	348378	SHISAL2A	down	residual	absent	absent
late_allcell	original_late_allcell	3488	IGFBP5	up	residual	absent	absent
late_allcell	original_late_allcell	348995	NUP43	down	residual	absent	absent
late_allcell	original_late_allcell	3491	CCN1	down	residual	absent	absent
late_allcell	original_late_allcell	349149	GJC3	down	residual	absent	absent
late_allcell	original_late_allcell	353116	RILPL1	up	residual	absent	absent
late_allcell	original_late_allcell	353189	SLCO4C1	down	residual	absent	absent
late_allcell	original_late_allcell	353267	RAMACL	up	core	up	eligible
late_allcell	original_late_allcell	353345	GPR141	down	residual	absent	absent
late_allcell	original_late_allcell	3553	IL1B	up	residual	absent	absent
late_allcell	original_late_allcell	3563	IL3RA	up	residual	absent	absent
late_allcell	original_late_allcell	3575	IL7R	up	residual	absent	absent
late_allcell	original_late_allcell	358	AQP1	down	core	down	eligible
late_allcell	original_late_allcell	3587	IL10RA	up	residual	absent	absent
late_allcell	original_late_allcell	3590	IL11RA	up	residual	absent	absent
late_allcell	original_late_allcell	3592	IL12A	down	residual	absent	absent
late_allcell	original_late_allcell	3601	IL15RA	up	residual	absent	absent
late_allcell	original_late_allcell	3603	IL16	up	residual	absent	absent
late_allcell	original_late_allcell	3606	IL18	down	residual	absent	absent
late_allcell	original_late_allcell	361	AQP4	down	residual	absent	absent
late_allcell	original_late_allcell	3621	ING1	up	residual	absent	absent
late_allcell	original_late_allcell	3638	INSIG1	down	residual	absent	absent
late_allcell	original_late_allcell	364	AQP7	up	residual	absent	absent
late_allcell	original_late_allcell	3645	INSRR	up	residual	absent	absent
late_allcell	original_late_allcell	3656	IRAK2	up	residual	absent	absent
late_allcell	original_late_allcell	3659	IRF1	up	residual	absent	absent
late_allcell	original_late_allcell	3661	IRF3	up	residual	absent	absent
late_allcell	original_late_allcell	3662	IRF4	up	residual	absent	absent
late_allcell	original_late_allcell	3669	ISG20	up	residual	absent	absent
late_allcell	original_late_allcell	367	AR	up	residual	absent	absent
late_allcell	original_late_allcell	3670	ISL1	down	residual	absent	absent
late_allcell	original_late_allcell	3674	ITGA2B	up	residual	absent	absent
late_allcell	original_late_allcell	3678	ITGA5	up	residual	absent	absent
late_allcell	original_late_allcell	3679	ITGA7	up	residual	absent	absent
late_allcell	original_late_allcell	3680	ITGA9	up	residual	absent	absent
late_allcell	original_late_allcell	3687	ITGAX	up	core	up	eligible
late_allcell	original_late_allcell	3688	ITGB1	down	residual	absent	absent
late_allcell	original_late_allcell	3690	ITGB3	up	residual	absent	absent
late_allcell	original_late_allcell	3691	ITGB4	up	residual	absent	absent
late_allcell	original_late_allcell	3696	ITGB8	up	residual	absent	absent
late_allcell	original_late_allcell	3699	ITIH3	up	residual	absent	absent
late_allcell	original_late_allcell	3702	ITK	up	residual	absent	absent
late_allcell	original_late_allcell	3707	ITPKB	up	residual	absent	absent
late_allcell	original_late_allcell	3710	ITPR3	up	residual	absent	absent
late_allcell	original_late_allcell	3730	ANOS1	down	residual	absent	absent
late_allcell	original_late_allcell	373509	USP50	down	residual	absent	absent
late_allcell	original_late_allcell	3736	KCNA1	down	residual	absent	absent
late_allcell	original_late_allcell	3737	KCNA2	down	residual	absent	absent
late_allcell	original_late_allcell	3739	KCNA4	down	residual	absent	absent
late_allcell	original_late_allcell	374286	FBXW10B	up	excluded_cross_source_opposed	down	eligible
late_allcell	original_late_allcell	374383	NCR3LG1	down	residual	absent	absent
late_allcell	original_late_allcell	3746	KCNC1	down	residual	absent	absent
late_allcell	original_late_allcell	3747	KCNC2	down	core	down	eligible
late_allcell	original_late_allcell	3748	KCNC3	down	residual	absent	absent
late_allcell	original_late_allcell	374928	ZNF773	down	residual	absent	absent
late_allcell	original_late_allcell	375057	STUM	up	residual	absent	absent
late_allcell	original_late_allcell	375189	PFN4	up	residual	absent	absent
late_allcell	original_late_allcell	375323	LHFPL4	down	residual	absent	absent
late_allcell	original_late_allcell	375387	NRROS	up	core	up	eligible
late_allcell	original_late_allcell	3755	KCNG1	down	residual	absent	absent
late_allcell	original_late_allcell	375567	VWC2	down	residual	absent	absent
late_allcell	original_late_allcell	375612	LHFPL3	down	residual	absent	absent
late_allcell	original_late_allcell	375704	ENHO	down	residual	absent	absent
late_allcell	original_late_allcell	375775	PNPLA7	up	residual	absent	absent
late_allcell	original_late_allcell	3760	KCNJ3	down	residual	absent	absent
late_allcell	original_late_allcell	3766	KCNJ10	down	residual	absent	absent
late_allcell	original_late_allcell	3769	KCNJ13	down	residual	absent	absent
late_allcell	original_late_allcell	3770	KCNJ14	up	residual	absent	absent
late_allcell	original_late_allcell	377047	PRSS45P	up	residual	absent	absent
late_allcell	original_late_allcell	3775	KCNK1	down	residual	absent	absent
late_allcell	original_late_allcell	3776	KCNK2	up	residual	absent	absent
late_allcell	original_late_allcell	3778	KCNMA1	down	residual	absent	absent
late_allcell	original_late_allcell	3781	KCNN2	down	residual	absent	absent
late_allcell	original_late_allcell	3785	KCNQ2	down	residual	absent	absent
late_allcell	original_late_allcell	3787	KCNS1	down	residual	absent	absent
late_allcell	original_late_allcell	3790	KCNS3	down	residual	absent	absent
late_allcell	original_late_allcell	38	ACAT1	down	residual	absent	absent
late_allcell	original_late_allcell	3815	KIT	down	residual	absent	absent
late_allcell	original_late_allcell	3824	KLRD1	up	residual	absent	absent
late_allcell	original_late_allcell	3832	KIF11	down	residual	absent	absent
late_allcell	original_late_allcell	384	ARG2	down	residual	absent	absent
late_allcell	original_late_allcell	3841	KPNA5	down	residual	absent	absent
late_allcell	original_late_allcell	3845	KRAS	down	residual	absent	absent
late_allcell	original_late_allcell	3856	KRT8	up	residual	absent	absent
late_allcell	original_late_allcell	386617	KCTD8	down	residual	absent	absent
late_allcell	original_late_allcell	386618	KCTD4	down	residual	absent	absent
late_allcell	original_late_allcell	387129	NPSR1	down	residual	absent	absent
late_allcell	original_late_allcell	387509	GPR153	up	residual	absent	absent
late_allcell	original_late_allcell	387700	SLC16A12	down	residual	absent	absent
late_allcell	original_late_allcell	387707	CC2D2B	down	residual	absent	absent
late_allcell	original_late_allcell	387758	FIBIN	down	residual	absent	absent
late_allcell	original_late_allcell	388021	TMEM179	down	residual	absent	absent
late_allcell	original_late_allcell	3881	KRT31	up	residual	absent	absent
late_allcell	original_late_allcell	388121	TIPE3	up	residual	absent	absent
late_allcell	original_late_allcell	388135	INSYN1	down	residual	absent	absent
late_allcell	original_late_allcell	388228	SBK1	down	core	down	eligible
late_allcell	original_late_allcell	388336	SHISA6	down	residual	absent	absent
late_allcell	original_late_allcell	3885	KRT34	up	residual	absent	absent
late_allcell	original_late_allcell	388552	BLOC1S3	up	residual	absent	absent
late_allcell	original_late_allcell	388558	ZNF808	down	residual	absent	absent
late_allcell	original_late_allcell	388585	HES5	down	residual	absent	absent
late_allcell	original_late_allcell	388630	TRABD2B	up	residual	absent	absent
late_allcell	original_late_allcell	388650	DIPK1A	down	residual	absent	absent
late_allcell	original_late_allcell	388722	C1orf53	down	residual	absent	absent
late_allcell	original_late_allcell	388789	SMIM26	down	residual	absent	absent
late_allcell	original_late_allcell	388795	EFCAB8	up	residual	absent	absent
late_allcell	original_late_allcell	388962	BOLA3	down	residual	absent	absent
late_allcell	original_late_allcell	388963	C2orf81	up	residual	absent	absent
late_allcell	original_late_allcell	389125	MUSTN1	up	residual	absent	absent
late_allcell	original_late_allcell	389203	SMIM20	down	residual	absent	absent
late_allcell	original_late_allcell	389289	ANXA2R	up	excluded_cross_source_opposed	down	eligible
late_allcell	original_late_allcell	389333	PROB1	up	residual	absent	absent
late_allcell	original_late_allcell	389337	ARHGEF37	up	residual	absent	absent
late_allcell	original_late_allcell	389816	LRRC26	up	residual	absent	absent
late_allcell	original_late_allcell	39	ACAT2	down	residual	absent	absent
late_allcell	original_late_allcell	390205	LRRC10B	up	residual	absent	absent
late_allcell	original_late_allcell	3903	LAIR1	up	core	up	eligible
late_allcell	original_late_allcell	3911	LAMA5	up	residual	absent	absent
late_allcell	original_late_allcell	391192	OR2L3	down	residual	absent	absent
late_allcell	original_late_allcell	391195	OR2T33	down	residual	absent	absent
late_allcell	original_late_allcell	3920	LAMP2	down	residual	absent	absent
late_allcell	original_late_allcell	392843	DRC11L	up	residual	absent	absent
late_allcell	original_late_allcell	3929	LBP	up	residual	absent	absent
late_allcell	original_late_allcell	393	ARHGAP4	up	residual	absent	absent
late_allcell	original_late_allcell	3930	LBR	down	residual	absent	absent
late_allcell	original_late_allcell	394	ARHGAP5	down	residual	absent	absent
late_allcell	original_late_allcell	3945	LDHB	down	residual	absent	absent
late_allcell	original_late_allcell	3949	LDLR	down	residual	absent	absent
late_allcell	original_late_allcell	3952	LEP	up	residual	absent	absent
late_allcell	original_late_allcell	3953	LEPR	down	residual	absent	absent
late_allcell	original_late_allcell	3965	LGALS9	down	residual	absent	absent
late_allcell	original_late_allcell	3977	LIFR	down	residual	absent	absent
late_allcell	original_late_allcell	3978	LIG1	up	residual	absent	absent
late_allcell	original_late_allcell	398	ARHGDIG	down	residual	absent	absent
late_allcell	original_late_allcell	3988	LIPA	down	residual	absent	absent
late_allcell	original_late_allcell	3991	LIPE	up	residual	absent	absent
late_allcell	original_late_allcell	3992	FADS1	down	residual	absent	absent
late_allcell	original_late_allcell	3993	LLGL2	up	residual	absent	absent
late_allcell	original_late_allcell	399473	SPRED3	up	residual	absent	absent
late_allcell	original_late_allcell	399697	CTXN2	down	residual	absent	absent
late_allcell	original_late_allcell	399947	C11orf87	down	residual	absent	absent
late_allcell	original_late_allcell	399967	PATE2	down	residual	absent	absent
late_allcell	original_late_allcell	399979	SNX19	up	residual	absent	absent
late_allcell	original_late_allcell	400120	SERTM1	down	residual	absent	absent
late_allcell	original_late_allcell	400224	PLEKHD1	down	residual	absent	absent
late_allcell	original_late_allcell	400258	C14orf180	up	residual	absent	absent
late_allcell	original_late_allcell	4004	LMO1	down	residual	absent	absent
late_allcell	original_late_allcell	400566	LIAT1	up	residual	absent	absent
late_allcell	original_late_allcell	400916	CHCHD10	down	residual	absent	absent
late_allcell	original_late_allcell	401097	C3orf80	down	residual	absent	absent
late_allcell	original_late_allcell	401115	NICOL1	down	residual	absent	absent
late_allcell	original_late_allcell	401399	PRRT4	up	residual	absent	absent
late_allcell	original_late_allcell	401466	RBIS	down	residual	absent	absent
late_allcell	original_late_allcell	401541	CENPP	up	residual	absent	absent
late_allcell	original_late_allcell	401562	LCNL1	down	residual	absent	absent
late_allcell	original_late_allcell	401612	SLC25A53	down	residual	absent	absent
late_allcell	original_late_allcell	401613	SERTM2	up	residual	absent	absent
late_allcell	original_late_allcell	402381	SOHLH1	down	residual	absent	absent
late_allcell	original_late_allcell	402573	SPACDR	down	excluded_cross_source_opposed	up	eligible
late_allcell	original_late_allcell	402778	IFITM10	up	residual	absent	absent
late_allcell	original_late_allcell	4041	LRP5	up	residual	absent	absent
late_allcell	original_late_allcell	4045	LSAMP	down	residual	absent	absent
late_allcell	original_late_allcell	4046	LSP1	up	residual	absent	absent
late_allcell	original_late_allcell	406	BMAL1	down	excluded_partner_unresolved	conflict	within_source_direction_conflict
late_allcell	original_late_allcell	4060	LUM	down	residual	absent	absent
late_allcell	original_late_allcell	4061	LY6E	down	residual	absent	absent
late_allcell	original_late_allcell	4062	LY6H	down	residual	absent	absent
late_allcell	original_late_allcell	407738	TAFA1	down	residual	absent	absent
late_allcell	original_late_allcell	408263	FNDC9	up	residual	absent	absent
late_allcell	original_late_allcell	4088	SMAD3	up	residual	absent	absent
late_allcell	original_late_allcell	4091	SMAD6	up	residual	absent	absent
late_allcell	original_late_allcell	411	ARSB	down	residual	absent	absent
late_allcell	original_late_allcell	412	STS	down	residual	absent	absent
late_allcell	original_late_allcell	4126	MANBA	down	residual	absent	absent
late_allcell	original_late_allcell	4128	MAOA	up	residual	absent	absent
late_allcell	original_late_allcell	4130	MAP1A	down	residual	absent	absent
late_allcell	original_late_allcell	4135	MAP6	down	residual	absent	absent
late_allcell	original_late_allcell	4137	MAPT	down	residual	absent	absent
late_allcell	original_late_allcell	414059	TBC1D3B	up	core	up	eligible
late_allcell	original_late_allcell	414157	C10orf62	up	residual	absent	absent
late_allcell	original_late_allcell	414332	LCN10	up	residual	absent	absent
late_allcell	original_late_allcell	4148	MATN3	down	residual	absent	absent
late_allcell	original_late_allcell	415	ARSL	down	residual	absent	absent
late_allcell	original_late_allcell	4155	MBP	down	residual	absent	absent
late_allcell	original_late_allcell	4163	MCC	up	residual	absent	absent
late_allcell	original_late_allcell	4174	MCM5	up	residual	absent	absent
late_allcell	original_late_allcell	4176	MCM7	up	residual	absent	absent
late_allcell	original_late_allcell	4189	DNAJB9	down	residual	absent	absent
late_allcell	original_late_allcell	4190	MDH1	down	residual	absent	absent
late_allcell	original_late_allcell	4200	ME2	down	residual	absent	absent
late_allcell	original_late_allcell	4212	MEIS2	up	residual	absent	absent
late_allcell	original_late_allcell	4233	MET	down	excluded_cross_source_opposed	up	eligible
late_allcell	original_late_allcell	4241	MELTF	up	residual	absent	absent
late_allcell	original_late_allcell	4242	MFNG	up	residual	absent	absent
late_allcell	original_late_allcell	4255	MGMT	up	residual	absent	absent
late_allcell	original_late_allcell	4256	MGP	down	residual	absent	absent
late_allcell	original_late_allcell	4261	CIITA	up	residual	absent	absent
late_allcell	original_late_allcell	4298	MLLT1	up	residual	absent	absent
late_allcell	original_late_allcell	4302	MLLT6	up	residual	absent	absent
late_allcell	original_late_allcell	4313	MMP2	up	residual	absent	absent
late_allcell	original_late_allcell	4314	MMP3	up	residual	absent	absent
late_allcell	original_late_allcell	4320	MMP11	up	residual	absent	absent
late_allcell	original_late_allcell	4327	MMP19	up	residual	absent	absent
late_allcell	original_late_allcell	4330	MN1	up	residual	absent	absent
late_allcell	original_late_allcell	4337	MOCS1	up	residual	absent	absent
late_allcell	original_late_allcell	4343	MOV10	up	residual	absent	absent
late_allcell	original_late_allcell	4360	MRC1	up	core	up	eligible
late_allcell	original_late_allcell	4363	ABCC1	up	residual	absent	absent
late_allcell	original_late_allcell	439	GET3	down	residual	absent	absent
late_allcell	original_late_allcell	440107	PLEKHG7	up	residual	absent	absent
late_allcell	original_late_allcell	440138	ALG11	down	residual	absent	absent
late_allcell	original_late_allcell	440193	CCDC88C	up	residual	absent	absent
late_allcell	original_late_allcell	440270	GOLGA8B	down	core	down	eligible
late_allcell	original_late_allcell	440400	RNASEK	down	residual	absent	absent
late_allcell	original_late_allcell	440503	PLIN5	up	residual	absent	absent
late_allcell	original_late_allcell	440699	LRRC52	down	residual	absent	absent
late_allcell	original_late_allcell	440730	TRIM67	down	residual	absent	absent
late_allcell	original_late_allcell	440738	MAP1LC3C	up	residual	absent	absent
late_allcell	original_late_allcell	440836	CIMAP1B	up	residual	absent	absent
late_allcell	original_late_allcell	441061	MARCHF11	down	excluded_partner_unresolved	conflict	within_source_direction_conflict
late_allcell	original_late_allcell	441151	TMEM151B	down	residual	absent	absent
late_allcell	original_late_allcell	441168	CALHM6	down	residual	absent	absent
late_allcell	original_late_allcell	441308	OR4F21	up	residual	absent	absent
late_allcell	original_late_allcell	441381	LRRC24	up	residual	absent	absent
late_allcell	original_late_allcell	441478	NRARP	up	residual	absent	absent
late_allcell	original_late_allcell	441631	TSPAN11	down	residual	absent	absent
late_allcell	original_late_allcell	4493	MT1E	down	residual	absent	absent
late_allcell	original_late_allcell	4504	MT3	down	residual	absent	absent
late_allcell	original_late_allcell	4585	MUC4	down	residual	absent	absent
late_allcell	original_late_allcell	4594	MMUT	down	residual	absent	absent
late_allcell	original_late_allcell	4598	MVK	down	residual	absent	absent
late_allcell	original_late_allcell	4599	MX1	down	residual	absent	absent
late_allcell	original_late_allcell	460	ASTN1	down	residual	absent	absent
late_allcell	original_late_allcell	4607	MYBPC3	up	residual	absent	absent
late_allcell	original_late_allcell	4625	MYH7	up	residual	absent	absent
late_allcell	original_late_allcell	4629	MYH11	up	residual	absent	absent
late_allcell	original_late_allcell	4634	MYL3	up	residual	absent	absent
late_allcell	original_late_allcell	4640	MYO1A	down	residual	absent	absent
late_allcell	original_late_allcell	4643	MYO1E	up	residual	absent	absent
late_allcell	original_late_allcell	4645	MYO5B	down	residual	absent	absent
late_allcell	original_late_allcell	4650	MYO9B	up	residual	absent	absent
late_allcell	original_late_allcell	4651	MYO10	down	residual	absent	absent
late_allcell	original_late_allcell	4653	MYOC	up	residual	absent	absent
late_allcell	original_late_allcell	4661	MYT1	down	residual	absent	absent
late_allcell	original_late_allcell	467	ATF3	up	core	up	eligible
late_allcell	original_late_allcell	4674	NAP1L2	down	residual	absent	absent
late_allcell	original_late_allcell	4675	NAP1L3	down	residual	absent	absent
late_allcell	original_late_allcell	4681	NBL1	down	residual	absent	absent
late_allcell	original_late_allcell	4683	NBN	down	residual	absent	absent
late_allcell	original_late_allcell	4684	NCAM1	down	residual	absent	absent
late_allcell	original_late_allcell	4685	NCAM2	down	residual	absent	absent
late_allcell	original_late_allcell	4692	NDN	down	residual	absent	absent
late_allcell	original_late_allcell	47	ACLY	down	residual	absent	absent
late_allcell	original_late_allcell	4708	NDUFB2	down	residual	absent	absent
late_allcell	original_late_allcell	4709	NDUFB3	down	residual	absent	absent
late_allcell	original_late_allcell	4710	NDUFB4	down	residual	absent	absent
late_allcell	original_late_allcell	4718	NDUFC2	down	residual	absent	absent
late_allcell	original_late_allcell	474344	GIMAP6	up	core	up	eligible
late_allcell	original_late_allcell	4745	NELL1	down	residual	absent	absent
late_allcell	original_late_allcell	475	ATOX1	down	residual	absent	absent
late_allcell	original_late_allcell	4756	NEO1	down	residual	absent	absent
late_allcell	original_late_allcell	476	ATP1A1	down	residual	absent	absent
late_allcell	original_late_allcell	477	ATP1A2	down	residual	absent	absent
late_allcell	original_late_allcell	4775	NFATC3	down	core	down	eligible
late_allcell	original_late_allcell	4776	NFATC4	up	residual	absent	absent
late_allcell	original_late_allcell	478	ATP1A3	down	residual	absent	absent
late_allcell	original_late_allcell	4783	NFIL3	up	residual	absent	absent
late_allcell	original_late_allcell	4784	NFIX	up	residual	absent	absent
late_allcell	original_late_allcell	4791	NFKB2	up	residual	absent	absent
late_allcell	original_late_allcell	4800	NFYA	up	residual	absent	absent
late_allcell	original_late_allcell	4804	NGFR	down	residual	absent	absent
late_allcell	original_late_allcell	481	ATP1B1	down	residual	absent	absent
late_allcell	original_late_allcell	4826	NNAT	down	residual	absent	absent
late_allcell	original_late_allcell	4828	NMB	down	residual	absent	absent
late_allcell	original_late_allcell	483	ATP1B3	down	residual	absent	absent
late_allcell	original_late_allcell	4831	NME2	down	residual	absent	absent
late_allcell	original_late_allcell	4835	NQO2	up	residual	absent	absent
late_allcell	original_late_allcell	4842	NOS1	down	residual	absent	absent
late_allcell	original_late_allcell	4846	NOS3	up	residual	absent	absent
late_allcell	original_late_allcell	4856	CCN3	down	residual	absent	absent
late_allcell	original_late_allcell	4858	NOVA2	up	residual	absent	absent
late_allcell	original_late_allcell	486	FXYD2	up	residual	absent	absent
late_allcell	original_late_allcell	4862	NPAS2	up	residual	absent	absent
late_allcell	original_late_allcell	4879	NPPB	down	core	down	eligible
late_allcell	original_late_allcell	4881	NPR1	up	residual	absent	absent
late_allcell	original_late_allcell	4884	NPTX1	down	residual	absent	absent
late_allcell	original_late_allcell	4887	NPY2R	up	residual	absent	absent
late_allcell	original_late_allcell	489	ATP2A3	up	residual	absent	absent
late_allcell	original_late_allcell	4897	NRCAM	down	residual	absent	absent
late_allcell	original_late_allcell	4905	NSF	down	residual	absent	absent
late_allcell	original_late_allcell	491	ATP2B2	down	residual	absent	absent
late_allcell	original_late_allcell	4914	NTRK1	down	residual	absent	absent
late_allcell	original_late_allcell	492	ATP2B3	down	residual	absent	absent
late_allcell	original_late_allcell	492311	IGIP	down	residual	absent	absent
late_allcell	original_late_allcell	4926	NUMA1	up	excluded_cross_source_opposed	down	eligible
late_allcell	original_late_allcell	493861	EID3	up	residual	absent	absent
late_allcell	original_late_allcell	494470	ARK2C	up	residual	absent	absent
late_allcell	original_late_allcell	4958	OMD	down	residual	absent	absent
late_allcell	original_late_allcell	4969	OGN	down	residual	absent	absent
late_allcell	original_late_allcell	4973	OLR1	up	residual	absent	absent
late_allcell	original_late_allcell	4974	OMG	down	residual	absent	absent
late_allcell	original_late_allcell	4978	OPCML	down	residual	absent	absent
late_allcell	original_late_allcell	498	ATP5F1A	down	residual	absent	absent
late_allcell	original_late_allcell	4985	OPRD1	down	residual	absent	absent
late_allcell	original_late_allcell	4986	OPRK1	down	core	down	eligible
late_allcell	original_late_allcell	4988	OPRM1	down	core	down	eligible
late_allcell	original_late_allcell	5003	SLC67A1-AS	down	residual	absent	absent
late_allcell	original_late_allcell	5024	P2RX3	down	residual	absent	absent
late_allcell	original_late_allcell	50486	G0S2	up	residual	absent	absent
late_allcell	original_late_allcell	50487	PLA2G3	down	residual	absent	absent
late_allcell	original_late_allcell	5050	PAFAH1B3	down	residual	absent	absent
late_allcell	original_late_allcell	50507	NOX4	up	residual	absent	absent
late_allcell	original_late_allcell	50512	PODXL2	down	residual	absent	absent
late_allcell	original_late_allcell	5052	PRDX1	down	residual	absent	absent
late_allcell	original_late_allcell	5054	SERPINE1	up	residual	absent	absent
late_allcell	original_late_allcell	50628	GEMIN4	up	residual	absent	absent
late_allcell	original_late_allcell	50632	CALY	down	residual	absent	absent
late_allcell	original_late_allcell	5066	PAM	down	residual	absent	absent
late_allcell	original_late_allcell	5067	CNTN3	up	residual	absent	absent
late_allcell	original_late_allcell	5069	PAPPA	up	residual	absent	absent
late_allcell	original_late_allcell	5077	PAX3	up	residual	absent	absent
late_allcell	original_late_allcell	50801	KCNK4	down	residual	absent	absent
late_allcell	original_late_allcell	50809	HP1BP3	up	residual	absent	absent
late_allcell	original_late_allcell	5083	PAX9	up	residual	absent	absent
late_allcell	original_late_allcell	50859	SPOCK3	down	residual	absent	absent
late_allcell	original_late_allcell	50861	STMN3	down	residual	absent	absent
late_allcell	original_late_allcell	50863	NTM	up	residual	absent	absent
late_allcell	original_late_allcell	5087	PBX1	up	residual	absent	absent
late_allcell	original_late_allcell	509	ATP5F1C	down	residual	absent	absent
late_allcell	original_late_allcell	5094	PCBP2	down	residual	absent	absent
late_allcell	original_late_allcell	50940	PDE11A	down	core	down	eligible
late_allcell	original_late_allcell	50944	SHANK1	up	core	up	eligible
late_allcell	original_late_allcell	5099	PCDH7	down	residual	absent	absent
late_allcell	original_late_allcell	5101	PCDH9	down	residual	absent	absent
late_allcell	original_late_allcell	51014	TMED7	down	residual	absent	absent
late_allcell	original_late_allcell	51020	HDDC2	down	residual	absent	absent
late_allcell	original_late_allcell	5104	SERPINA5	down	residual	absent	absent
late_allcell	original_late_allcell	5105	PCK1	up	residual	absent	absent
late_allcell	original_late_allcell	51059	FAM135B	down	residual	absent	absent
late_allcell	original_late_allcell	51062	ATL1	down	residual	absent	absent
late_allcell	original_late_allcell	51074	APIP	down	residual	absent	absent
late_allcell	original_late_allcell	51083	GAL	down	core	down	eligible
late_allcell	original_late_allcell	51085	MLXIPL	up	residual	absent	absent
late_allcell	original_late_allcell	51087	YBX2	up	residual	absent	absent
late_allcell	original_late_allcell	51090	PLLP	down	residual	absent	absent
late_allcell	original_late_allcell	5110	PCMT1	down	residual	absent	absent
late_allcell	original_late_allcell	51104	ABHD17B	down	residual	absent	absent
late_allcell	original_late_allcell	5111	PCNA	down	residual	absent	absent
late_allcell	original_late_allcell	51115	RMDN1	down	residual	absent	absent
late_allcell	original_late_allcell	51127	TRIM17	up	residual	absent	absent
late_allcell	original_late_allcell	51138	COPS4	down	residual	absent	absent
late_allcell	original_late_allcell	51144	HSD17B12	down	residual	absent	absent
late_allcell	original_late_allcell	51147	ING4	up	residual	absent	absent
late_allcell	original_late_allcell	51148	CERCAM	up	residual	absent	absent
late_allcell	original_late_allcell	51162	EGFL7	up	residual	absent	absent
late_allcell	original_late_allcell	51168	MYO15A	up	residual	absent	absent
late_allcell	original_late_allcell	51176	LEF1	down	residual	absent	absent
late_allcell	original_late_allcell	51186	TCEAL9	down	residual	absent	absent
late_allcell	original_late_allcell	51187	RSL24D1	down	residual	absent	absent
late_allcell	original_late_allcell	51193	ZNF639	down	residual	absent	absent
late_allcell	original_late_allcell	51196	PLCE1	down	residual	absent	absent
late_allcell	original_late_allcell	51201	ZDHHC2	down	residual	absent	absent
late_allcell	original_late_allcell	51205	ACP6	up	residual	absent	absent
late_allcell	original_late_allcell	5122	PCSK1	down	residual	absent	absent
late_allcell	original_late_allcell	51225	ABI3	down	residual	absent	absent
late_allcell	original_late_allcell	51247	PAIP2	down	residual	absent	absent
late_allcell	original_late_allcell	5126	PCSK2	down	residual	absent	absent
late_allcell	original_late_allcell	51280	GOLM1	down	residual	absent	absent
late_allcell	original_late_allcell	51286	CEND1	down	residual	absent	absent
late_allcell	original_late_allcell	51290	ERGIC2	down	residual	absent	absent
late_allcell	original_late_allcell	51308	REEP2	down	residual	absent	absent
late_allcell	original_late_allcell	51312	SLC25A37	up	residual	absent	absent
late_allcell	original_late_allcell	51320	MEX3C	down	residual	absent	absent
late_allcell	original_late_allcell	51324	SPG21	down	core	down	eligible
late_allcell	original_late_allcell	5136	PDE1A	up	residual	absent	absent
late_allcell	original_late_allcell	51360	MBTPS2	down	residual	absent	absent
late_allcell	original_late_allcell	51361	HOOK1	down	residual	absent	absent
late_allcell	original_late_allcell	51365	PLA1A	up	residual	absent	absent
late_allcell	original_late_allcell	51375	SNX7	down	residual	absent	absent
late_allcell	original_late_allcell	51378	ANGPT4	up	residual	absent	absent
late_allcell	original_late_allcell	5138	PDE2A	up	residual	absent	absent
late_allcell	original_late_allcell	51380	CSAD	up	residual	absent	absent
late_allcell	original_late_allcell	51397	COMMD10	up	residual	absent	absent
late_allcell	original_late_allcell	51400	PPME1	down	residual	absent	absent
late_allcell	original_late_allcell	51409	HEMK1	up	residual	absent	absent
late_allcell	original_late_allcell	51412	ACTL6B	down	residual	absent	absent
late_allcell	original_late_allcell	51430	SUCO	down	residual	absent	absent
late_allcell	original_late_allcell	51435	SCARA3	up	residual	absent	absent
late_allcell	original_late_allcell	51441	YTHDF2	down	residual	absent	absent
late_allcell	original_late_allcell	51447	IP6K2	up	residual	absent	absent
late_allcell	original_late_allcell	51474	LIMA1	up	residual	absent	absent
late_allcell	original_late_allcell	5149	PDE6H	down	residual	absent	absent
late_allcell	original_late_allcell	51495	HACD3	down	residual	absent	absent
late_allcell	original_late_allcell	515	ATP5PB	down	residual	absent	absent
late_allcell	original_late_allcell	51501	HIKESHI	up	residual	absent	absent
late_allcell	original_late_allcell	51522	TMEM14C	down	residual	absent	absent
late_allcell	original_late_allcell	51523	CXXC5	up	residual	absent	absent
late_allcell	original_late_allcell	5154	PDGFA	up	residual	absent	absent
late_allcell	original_late_allcell	51547	SIRT7	up	residual	absent	absent
late_allcell	original_late_allcell	5155	PDGFB	up	residual	absent	absent
late_allcell	original_late_allcell	51559	NT5DC3	up	residual	absent	absent
late_allcell	original_late_allcell	51564	HDAC7	up	residual	absent	absent
late_allcell	original_late_allcell	51566	ARMCX3	down	core	down	eligible
late_allcell	original_late_allcell	51569	UFM1	down	residual	absent	absent
late_allcell	original_late_allcell	51573	GDE1	down	residual	absent	absent
late_allcell	original_late_allcell	51582	AZIN1	down	residual	absent	absent
late_allcell	original_late_allcell	51596	CUTA	down	residual	absent	absent
late_allcell	original_late_allcell	516	ATP5MC1	down	residual	absent	absent
late_allcell	original_late_allcell	51619	UBE2D4	down	residual	absent	absent
late_allcell	original_late_allcell	51622	CCZ1	down	residual	absent	absent
late_allcell	original_late_allcell	51637	RTRAF	down	residual	absent	absent
late_allcell	original_late_allcell	51645	PPIL1	down	residual	absent	absent
late_allcell	original_late_allcell	51669	SARAF	down	residual	absent	absent
late_allcell	original_late_allcell	5168	ENPP2	down	residual	absent	absent
late_allcell	original_late_allcell	51699	VPS29	down	core	down	eligible
late_allcell	original_late_allcell	51700	CYB5R2	up	residual	absent	absent
late_allcell	original_late_allcell	51706	CYB5R1	down	residual	absent	absent
late_allcell	original_late_allcell	51738	GHRL	down	residual	absent	absent
late_allcell	original_late_allcell	5174	PDZK1	up	residual	absent	absent
late_allcell	original_late_allcell	5175	PECAM1	up	core	up	eligible
late_allcell	original_late_allcell	51750	RTEL1	up	residual	absent	absent
late_allcell	original_late_allcell	51760	SYT17	up	residual	absent	absent
late_allcell	original_late_allcell	51761	ATP8A2	down	residual	absent	absent
late_allcell	original_late_allcell	51768	TM7SF3	down	residual	absent	absent
late_allcell	original_late_allcell	5178	PEG3	down	residual	absent	absent
late_allcell	original_late_allcell	51804	SIX4	down	residual	absent	absent
late_allcell	original_late_allcell	5190	PEX6	up	residual	absent	absent
late_allcell	original_late_allcell	5191	PEX7	up	residual	absent	absent
late_allcell	original_late_allcell	5203	PFDN4	down	residual	absent	absent
late_allcell	original_late_allcell	5207	PFKFB1	up	residual	absent	absent
late_allcell	original_late_allcell	5209	PFKFB3	up	residual	absent	absent
late_allcell	original_late_allcell	522	ATP5PF	down	residual	absent	absent
late_allcell	original_late_allcell	523	ATP6V1A	down	residual	absent	absent
late_allcell	original_late_allcell	5243	ABCB1	down	residual	absent	absent
late_allcell	original_late_allcell	5260	PHKG1	up	residual	absent	absent
late_allcell	original_late_allcell	527	ATP6V0C	down	residual	absent	absent
late_allcell	original_late_allcell	5274	SERPINI1	down	residual	absent	absent
late_allcell	original_late_allcell	5279	PIGC	down	residual	absent	absent
late_allcell	original_late_allcell	5286	PIK3C2A	down	residual	absent	absent
late_allcell	original_late_allcell	529	ATP6V1E1	down	residual	absent	absent
late_allcell	original_late_allcell	5320	PLA2G2A	up	residual	absent	absent
late_allcell	original_late_allcell	5322	PLA2G5	up	residual	absent	absent
late_allcell	original_late_allcell	5324	PLAG1	down	residual	absent	absent
late_allcell	original_late_allcell	5328	PLAU	up	residual	absent	absent
late_allcell	original_late_allcell	5329	PLAUR	up	core	up	eligible
late_allcell	original_late_allcell	533	ATP6V0B	down	residual	absent	absent
late_allcell	original_late_allcell	5333	PLCD1	up	residual	absent	absent
late_allcell	original_late_allcell	53346	TM6SF1	down	residual	absent	absent
late_allcell	original_late_allcell	5335	PLCG1	up	residual	absent	absent
late_allcell	original_late_allcell	53353	LRP1B	down	residual	absent	absent
late_allcell	original_late_allcell	53354	PANK1	down	residual	absent	absent
late_allcell	original_late_allcell	534	ATP6V1G2	down	residual	absent	absent
late_allcell	original_late_allcell	5341	PLEK	up	residual	absent	absent
late_allcell	original_late_allcell	5346	PLIN1	up	residual	absent	absent
late_allcell	original_late_allcell	535	ATP6V0A1	down	residual	absent	absent
late_allcell	original_late_allcell	5350	PLN	up	residual	absent	absent
late_allcell	original_late_allcell	5357	PLS1	down	residual	absent	absent
late_allcell	original_late_allcell	5360	PLTP	up	residual	absent	absent
late_allcell	original_late_allcell	53630	BCO1	down	residual	absent	absent
late_allcell	original_late_allcell	5371	PML	up	residual	absent	absent
late_allcell	original_late_allcell	5373	PMM2	up	residual	absent	absent
late_allcell	original_late_allcell	53822	FXYD7	down	residual	absent	absent
late_allcell	original_late_allcell	53838	C11orf24	down	residual	absent	absent
late_allcell	original_late_allcell	53942	CNTN5	down	residual	absent	absent
late_allcell	original_late_allcell	5396	PRRX1	up	residual	absent	absent
late_allcell	original_late_allcell	54033	RBM11	down	residual	absent	absent
late_allcell	original_late_allcell	5409	PNMT	up	residual	absent	absent
late_allcell	original_late_allcell	54102	CLIC6	up	residual	absent	absent
late_allcell	original_late_allcell	54106	TLR9	up	residual	absent	absent
late_allcell	original_late_allcell	5412	UBL3	down	residual	absent	absent
late_allcell	original_late_allcell	54205	CYCS	down	residual	absent	absent
late_allcell	original_late_allcell	54206	ERRFI1	up	residual	absent	absent
late_allcell	original_late_allcell	54207	KCNK10	down	residual	absent	absent
late_allcell	original_late_allcell	5424	POLD1	up	residual	absent	absent
late_allcell	original_late_allcell	5426	POLE	up	residual	absent	absent
late_allcell	original_late_allcell	54332	GDAP1	down	residual	absent	absent
late_allcell	original_late_allcell	54344	DPM3	down	residual	absent	absent
late_allcell	original_late_allcell	54345	SOX18	up	residual	absent	absent
late_allcell	original_late_allcell	5438	POLR2I	down	residual	absent	absent
late_allcell	original_late_allcell	54407	SLC38A2	down	residual	absent	absent
late_allcell	original_late_allcell	54413	NLGN3	down	core	down	eligible
late_allcell	original_late_allcell	54443	ANLN	down	residual	absent	absent
late_allcell	original_late_allcell	54462	CCSER2	down	residual	absent	absent
late_allcell	original_late_allcell	54468	MIOS	down	residual	absent	absent
late_allcell	original_late_allcell	54487	DGCR8	up	residual	absent	absent
late_allcell	original_late_allcell	54491	OTULINL	down	residual	absent	absent
late_allcell	original_late_allcell	54496	PRMT7	up	residual	absent	absent
late_allcell	original_late_allcell	54502	RBM47	up	residual	absent	absent
late_allcell	original_late_allcell	54507	ADAMTSL4	up	residual	absent	absent
late_allcell	original_late_allcell	54510	PCDH18	up	excluded_cross_source_opposed	down	eligible
late_allcell	original_late_allcell	54518	APBB1IP	down	residual	absent	absent
late_allcell	original_late_allcell	54531	MIER2	up	residual	absent	absent
late_allcell	original_late_allcell	54535	CCHCR1	up	residual	absent	absent
late_allcell	original_late_allcell	54538	ROBO4	up	residual	absent	absent
late_allcell	original_late_allcell	5454	POU3F2	down	residual	absent	absent
late_allcell	original_late_allcell	54543	TOMM7	down	residual	absent	absent
late_allcell	original_late_allcell	54551	MAGEL2	down	residual	absent	absent
late_allcell	original_late_allcell	54558	SPATA6	down	residual	absent	absent
late_allcell	original_late_allcell	54566	EPB41L4B	up	residual	absent	absent
late_allcell	original_late_allcell	54567	DLL4	up	residual	absent	absent
late_allcell	original_late_allcell	5457	POU4F1	down	residual	absent	absent
late_allcell	original_late_allcell	54575	UGT1A10	up	residual	absent	absent
late_allcell	original_late_allcell	5458	POU4F2	down	residual	absent	absent
late_allcell	original_late_allcell	5459	POU4F3	down	residual	absent	absent
late_allcell	original_late_allcell	54596	L1TD1	up	residual	absent	absent
late_allcell	original_late_allcell	54600	UGT1A9	up	residual	absent	absent
late_allcell	original_late_allcell	54620	FBXL19	up	residual	absent	absent
late_allcell	original_late_allcell	54621	VSIG10	up	residual	absent	absent
late_allcell	original_late_allcell	54625	PARP14	down	core	down	eligible
late_allcell	original_late_allcell	54629	MINDY2	up	residual	absent	absent
late_allcell	original_late_allcell	5463	POU6F1	up	residual	absent	absent
late_allcell	original_late_allcell	54658	UGT1A1	up	residual	absent	absent
late_allcell	original_late_allcell	54662	TBC1D13	up	residual	absent	absent
late_allcell	original_late_allcell	54664	TMEM106B	down	residual	absent	absent
late_allcell	original_late_allcell	54676	GTPBP2	up	core	up	eligible
late_allcell	original_late_allcell	5468	PPARG	up	residual	absent	absent
late_allcell	original_late_allcell	54682	MANSC1	down	residual	absent	absent
late_allcell	original_late_allcell	547	KIF1A	down	residual	absent	absent
late_allcell	original_late_allcell	54715	RBFOX1	down	residual	absent	absent
late_allcell	original_late_allcell	54742	LY6K	up	residual	absent	absent
late_allcell	original_late_allcell	54749	EPDR1	down	residual	absent	absent
late_allcell	original_late_allcell	54753	ZNF853	down	residual	absent	absent
late_allcell	original_late_allcell	54769	DIRAS2	down	residual	absent	absent
late_allcell	original_late_allcell	5478	PPIA	down	core	down	eligible
late_allcell	original_late_allcell	54798	DCHS2	down	residual	absent	absent
late_allcell	original_late_allcell	54810	GIPC2	up	residual	absent	absent
late_allcell	original_late_allcell	54811	ZNF562	down	residual	absent	absent
late_allcell	original_late_allcell	54829	ASPN	down	residual	absent	absent
late_allcell	original_late_allcell	54836	BSPRY	down	residual	absent	absent
late_allcell	original_late_allcell	54839	LRRC49	down	residual	absent	absent
late_allcell	original_late_allcell	54847	SIDT1	up	residual	absent	absent
late_allcell	original_late_allcell	54852	PAQR5	down	residual	absent	absent
late_allcell	original_late_allcell	54857	GDPD2	down	residual	absent	absent
late_allcell	original_late_allcell	54862	CC2D1A	up	residual	absent	absent
late_allcell	original_late_allcell	54876	DCAF16	down	residual	absent	absent
late_allcell	original_late_allcell	54886	PLPPR1	down	residual	absent	absent
late_allcell	original_late_allcell	54898	ELOVL2	down	residual	absent	absent
late_allcell	original_late_allcell	54904	NSD3	down	core	down	eligible
late_allcell	original_late_allcell	54918	CMTM6	down	residual	absent	absent
late_allcell	original_late_allcell	54922	RASIP1	up	residual	absent	absent
late_allcell	original_late_allcell	54928	BPNT2	down	excluded_partner_unresolved	conflict	within_source_direction_conflict
late_allcell	original_late_allcell	54941	RNF125	up	residual	absent	absent
late_allcell	original_late_allcell	54951	COMMD8	down	residual	absent	absent
late_allcell	original_late_allcell	54957	TXNL4B	up	residual	absent	absent
late_allcell	original_late_allcell	54963	UCKL1	up	residual	absent	absent
late_allcell	original_late_allcell	54968	TMEM70	down	residual	absent	absent
late_allcell	original_late_allcell	54969	HPF1	down	residual	absent	absent
late_allcell	original_late_allcell	54970	TTC12	up	residual	absent	absent
late_allcell	original_late_allcell	54973	INTS11	up	residual	absent	absent
late_allcell	original_late_allcell	54976	ADISSP	down	core	down	eligible
late_allcell	original_late_allcell	55	ACP3	down	residual	absent	absent
late_allcell	original_late_allcell	550	AUP1	up	residual	absent	absent
late_allcell	original_late_allcell	55007	SIRAL2	up	residual	absent	absent
late_allcell	original_late_allcell	55010	PARPBP	down	residual	absent	absent
late_allcell	original_late_allcell	55016	MARCHF1	down	excluded_partner_unresolved	conflict	within_source_direction_conflict
late_allcell	original_late_allcell	5502	PPP1R1A	up	residual	absent	absent
late_allcell	original_late_allcell	55026	TMEM255A	down	core	down	eligible
late_allcell	original_late_allcell	55040	EPN3	down	residual	absent	absent
late_allcell	original_late_allcell	55061	SUSD4	down	residual	absent	absent
late_allcell	original_late_allcell	55070	DET1	down	residual	absent	absent
late_allcell	original_late_allcell	55086	RADX	down	residual	absent	absent
late_allcell	original_late_allcell	5509	PPP1R3D	up	residual	absent	absent
late_allcell	original_late_allcell	55092	TMEM51	down	residual	absent	absent
late_allcell	original_late_allcell	55117	SLC6A15	down	residual	absent	absent
late_allcell	original_late_allcell	55118	CRTAC1	down	residual	absent	absent
late_allcell	original_late_allcell	55139	ANKZF1	up	residual	absent	absent
late_allcell	original_late_allcell	55144	LRRC8D	down	residual	absent	absent
late_allcell	original_late_allcell	55151	TMEM38B	down	residual	absent	absent
late_allcell	original_late_allcell	5516	PPP2CB	down	residual	absent	absent
late_allcell	original_late_allcell	55160	ARHGEF10L	up	residual	absent	absent
late_allcell	original_late_allcell	55161	TMEM33	down	residual	absent	absent
late_allcell	original_late_allcell	55175	KLHL11	down	residual	absent	absent
late_allcell	original_late_allcell	5518	PPP2R1A	down	residual	absent	absent
late_allcell	original_late_allcell	5519	PPP2R1B	up	residual	absent	absent
late_allcell	original_late_allcell	55200	PLEKHG6	up	residual	absent	absent
late_allcell	original_late_allcell	55234	SMU1	down	residual	absent	absent
late_allcell	original_late_allcell	55240	STEAP3	down	residual	absent	absent
late_allcell	original_late_allcell	55244	SLC47A1	down	residual	absent	absent
late_allcell	original_late_allcell	55252	ASXL2	down	residual	absent	absent
late_allcell	original_late_allcell	55253	TYW1	down	residual	absent	absent
late_allcell	original_late_allcell	55254	TMEM39A	down	core	down	eligible
late_allcell	original_late_allcell	55258	THNSL2	up	residual	absent	absent
late_allcell	original_late_allcell	55266	TMEM19	down	residual	absent	absent
late_allcell	original_late_allcell	55273	TMEM100	down	residual	absent	absent
late_allcell	original_late_allcell	55277	FGGY	down	residual	absent	absent
late_allcell	original_late_allcell	55283	MCOLN3	down	residual	absent	absent
late_allcell	original_late_allcell	55286	PGCKA1	down	residual	absent	absent
late_allcell	original_late_allcell	55321	TMEM74B	up	residual	absent	absent
late_allcell	original_late_allcell	55325	UFSP2	down	residual	absent	absent
late_allcell	original_late_allcell	55328	RNLS	up	residual	absent	absent
late_allcell	original_late_allcell	55329	MNS1	up	residual	absent	absent
late_allcell	original_late_allcell	55331	ACER3	down	residual	absent	absent
late_allcell	original_late_allcell	55335	NIPSNAP3B	up	residual	absent	absent
late_allcell	original_late_allcell	55336	FBXL8	up	residual	absent	absent
late_allcell	original_late_allcell	55340	GIMAP5	up	residual	absent	absent
late_allcell	original_late_allcell	55342	STRBP	down	residual	absent	absent
late_allcell	original_late_allcell	55344	PLCXD1	up	residual	absent	absent
late_allcell	original_late_allcell	55352	COPRS	down	residual	absent	absent
late_allcell	original_late_allcell	55353	LAPTM4B	down	residual	absent	absent
late_allcell	original_late_allcell	55359	STYK1	down	residual	absent	absent
late_allcell	original_late_allcell	55365	TMEM176A	down	residual	absent	absent
late_allcell	original_late_allcell	55367	PIDD1	up	residual	absent	absent
late_allcell	original_late_allcell	5538	PPT1	down	residual	absent	absent
late_allcell	original_late_allcell	55421	NCBP3	up	residual	absent	absent
late_allcell	original_late_allcell	55422	ZNF331	up	residual	absent	absent
late_allcell	original_late_allcell	554235	ASPDH	down	residual	absent	absent
late_allcell	original_late_allcell	5550	PREP	down	residual	absent	absent
late_allcell	original_late_allcell	55502	HES6	down	residual	absent	absent
late_allcell	original_late_allcell	55506	MACROH2A2	down	excluded_partner_unresolved	conflict	within_source_direction_conflict
late_allcell	original_late_allcell	55512	SMPD3	up	residual	absent	absent
late_allcell	original_late_allcell	5552	SRGN	up	residual	absent	absent
late_allcell	original_late_allcell	55521	TRIM36	down	residual	absent	absent
late_allcell	original_late_allcell	5553	PRG2	up	residual	absent	absent
late_allcell	original_late_allcell	55530	SVOP	down	residual	absent	absent
late_allcell	original_late_allcell	55558	PLXNA3	up	excluded_cross_source_opposed	down	eligible
late_allcell	original_late_allcell	55589	BMP2K	down	residual	absent	absent
late_allcell	original_late_allcell	55601	DDX60	down	residual	absent	absent
late_allcell	original_late_allcell	55605	KIF21A	down	residual	absent	absent
late_allcell	original_late_allcell	55612	FERMT1	up	residual	absent	absent
late_allcell	original_late_allcell	55619	DOCK10	down	residual	absent	absent
late_allcell	original_late_allcell	55621	TRMT1	up	residual	absent	absent
late_allcell	original_late_allcell	55622	TTC27	up	residual	absent	absent
late_allcell	original_late_allcell	55640	FLVCR2	down	residual	absent	absent
late_allcell	original_late_allcell	55651	NHP2	down	residual	absent	absent
late_allcell	original_late_allcell	55661	DDX27	up	residual	absent	absent
late_allcell	original_late_allcell	55672	NBPF1	up	residual	absent	absent
late_allcell	original_late_allcell	55676	SLC30A6	down	residual	absent	absent
late_allcell	original_late_allcell	55677	IWS1	up	residual	absent	absent
late_allcell	original_late_allcell	55679	LIMS2	up	residual	absent	absent
late_allcell	original_late_allcell	55681	SCYL2	down	residual	absent	absent
late_allcell	original_late_allcell	55698	RADIL	up	residual	absent	absent
late_allcell	original_late_allcell	55702	YJU2	up	residual	absent	absent
late_allcell	original_late_allcell	55726	INTS13	down	residual	absent	absent
late_allcell	original_late_allcell	55745	AP5M1	down	residual	absent	absent
late_allcell	original_late_allcell	55749	CCAR1	down	residual	absent	absent
late_allcell	original_late_allcell	55751	TMEM184C	down	residual	absent	absent
late_allcell	original_late_allcell	55753	OGDHL	down	residual	absent	absent
late_allcell	original_late_allcell	55754	CDC50A	down	residual	absent	absent
late_allcell	original_late_allcell	55756	INTS9	up	residual	absent	absent
late_allcell	original_late_allcell	55757	UGGT2	down	core	down	eligible
late_allcell	original_late_allcell	55764	IFT122	up	residual	absent	absent
late_allcell	original_late_allcell	55771	PRR11	down	residual	absent	absent
late_allcell	original_late_allcell	55778	ZNF839	up	residual	absent	absent
late_allcell	original_late_allcell	55783	CMTR2	down	residual	absent	absent
late_allcell	original_late_allcell	55791	LRIF1	down	residual	absent	absent
late_allcell	original_late_allcell	55796	MBNL3	down	residual	absent	absent
late_allcell	original_late_allcell	55799	CACNA2D3	down	residual	absent	absent
late_allcell	original_late_allcell	55800	SCN3B	down	residual	absent	absent
late_allcell	original_late_allcell	55803	ADAP2	up	excluded_cross_source_opposed	down	eligible
late_allcell	original_late_allcell	55806	HR	up	residual	absent	absent
late_allcell	original_late_allcell	55815	TSNAXIP1	up	residual	absent	absent
late_allcell	original_late_allcell	55824	PAG1	down	residual	absent	absent
late_allcell	original_late_allcell	55832	CAND1	down	residual	absent	absent
late_allcell	original_late_allcell	55846	ITFG2	up	residual	absent	absent
late_allcell	original_late_allcell	5585	PKN1	up	residual	absent	absent
late_allcell	original_late_allcell	55860	ACTR10	down	residual	absent	absent
late_allcell	original_late_allcell	55876	GSDMB	up	residual	absent	absent
late_allcell	original_late_allcell	55890	GPRC5C	down	residual	absent	absent
late_allcell	original_late_allcell	55897	MESP1	up	residual	absent	absent
late_allcell	original_late_allcell	55909	BIN3	down	residual	absent	absent
late_allcell	original_late_allcell	55916	NXT2	down	residual	absent	absent
late_allcell	original_late_allcell	5592	PRKG1	up	residual	absent	absent
late_allcell	original_late_allcell	55957	LIN37	up	residual	absent	absent
late_allcell	original_late_allcell	55958	KLHL9	down	residual	absent	absent
late_allcell	original_late_allcell	5596	MAPK4	down	residual	absent	absent
late_allcell	original_late_allcell	55966	AJAP1	down	residual	absent	absent
late_allcell	original_late_allcell	55975	KLHL7	down	residual	absent	absent
late_allcell	original_late_allcell	56000	NXF3	up	residual	absent	absent
late_allcell	original_late_allcell	56006	SMG9	up	residual	absent	absent
late_allcell	original_late_allcell	5604	MAP2K1	down	residual	absent	absent
late_allcell	original_late_allcell	5606	MAP2K3	up	core	up	eligible
late_allcell	original_late_allcell	56062	KLHL4	up	residual	absent	absent
late_allcell	original_late_allcell	5612	THAP12	down	residual	absent	absent
late_allcell	original_late_allcell	56129	PCDHB7	down	residual	absent	absent
late_allcell	original_late_allcell	56139	PCDHA10	down	residual	absent	absent
late_allcell	original_late_allcell	56142	PCDHA6	down	residual	absent	absent
late_allcell	original_late_allcell	56147	PCDHA1	down	residual	absent	absent
late_allcell	original_late_allcell	5616	PRKY	up	core	up	eligible
late_allcell	original_late_allcell	5624	PROC	up	residual	absent	absent
late_allcell	original_late_allcell	56246	MRAP	up	residual	absent	absent
late_allcell	original_late_allcell	56255	TMX4	down	residual	absent	absent
late_allcell	original_late_allcell	5627	PROS1	down	core	down	eligible
late_allcell	original_late_allcell	56271	BEX4	down	residual	absent	absent
late_allcell	original_late_allcell	56301	SLC7A10	up	residual	absent	absent
late_allcell	original_late_allcell	56341	PRMT8	down	residual	absent	absent
late_allcell	original_late_allcell	5646	PRSS3	down	residual	absent	absent
late_allcell	original_late_allcell	56475	RPRM	down	residual	absent	absent
late_allcell	original_late_allcell	56479	KCNQ5	down	residual	absent	absent
late_allcell	original_late_allcell	5653	KLK6	down	residual	absent	absent
late_allcell	original_late_allcell	5654	HTRA1	down	residual	absent	absent
late_allcell	original_late_allcell	5655	KLK10	down	residual	absent	absent
late_allcell	original_late_allcell	566	AZU1	up	residual	absent	absent
late_allcell	original_late_allcell	56603	CYP26B1	up	residual	absent	absent
late_allcell	original_late_allcell	56623	INPP5E	up	residual	absent	absent
late_allcell	original_late_allcell	56674	TMEM9B	down	residual	absent	absent
late_allcell	original_late_allcell	56681	SAR1A	down	residual	absent	absent
late_allcell	original_late_allcell	56731	SLC2A4RG	up	residual	absent	absent
late_allcell	original_late_allcell	5682	PSMA1	down	residual	absent	absent
late_allcell	original_late_allcell	5683	PSMA2	down	residual	absent	absent
late_allcell	original_late_allcell	56848	SPHK2	down	residual	absent	absent
late_allcell	original_late_allcell	56850	GRIPAP1	up	residual	absent	absent
late_allcell	original_late_allcell	56851	EMC7	down	residual	absent	absent
late_allcell	original_late_allcell	56884	FSTL5	down	residual	absent	absent
late_allcell	original_late_allcell	56889	TM9SF3	down	residual	absent	absent
late_allcell	original_late_allcell	56892	TCIM	up	residual	absent	absent
late_allcell	original_late_allcell	56896	DPYSL5	down	residual	absent	absent
late_allcell	original_late_allcell	56898	BDH2	down	residual	absent	absent
late_allcell	original_late_allcell	56899	ANKS1B	down	residual	absent	absent
late_allcell	original_late_allcell	5690	PSMB2	down	residual	absent	absent
late_allcell	original_late_allcell	56904	SH3GLB2	up	residual	absent	absent
late_allcell	original_late_allcell	56906	THAP10	down	residual	absent	absent
late_allcell	original_late_allcell	5691	PSMB3	down	residual	absent	absent
late_allcell	original_late_allcell	56910	STARD7	down	residual	absent	absent
late_allcell	original_late_allcell	56918	SLC19A4P	up	residual	absent	absent
late_allcell	original_late_allcell	56920	SEMA3G	up	residual	absent	absent
late_allcell	original_late_allcell	56925	LXN	down	core	down	eligible
late_allcell	original_late_allcell	5693	PSMB5	down	residual	absent	absent
late_allcell	original_late_allcell	56934	CA10	down	residual	absent	absent
late_allcell	original_late_allcell	56936	CCDC177	down	residual	absent	absent
late_allcell	original_late_allcell	5694	PSMB6	down	residual	absent	absent
late_allcell	original_late_allcell	56942	CMC2	down	residual	absent	absent
late_allcell	original_late_allcell	56952	PRTFDC1	up	residual	absent	absent
late_allcell	original_late_allcell	56967	C14orf132	down	residual	absent	absent
late_allcell	original_late_allcell	56978	PRDM8	up	residual	absent	absent
late_allcell	original_late_allcell	56997	COQ8A	up	residual	absent	absent
late_allcell	original_late_allcell	56999	ADAMTS9	up	residual	absent	absent
late_allcell	original_late_allcell	5700	PSMC1	down	residual	absent	absent
late_allcell	original_late_allcell	57001	SDHAF3	down	residual	absent	absent
late_allcell	original_late_allcell	57003	CCDC47	down	residual	absent	absent
late_allcell	original_late_allcell	57016	AKR1B10	up	residual	absent	absent
late_allcell	original_late_allcell	57030	SLC17A7	down	residual	absent	absent
late_allcell	original_late_allcell	57084	SLC17A6	down	residual	absent	absent
late_allcell	original_late_allcell	57101	ANO2	up	residual	absent	absent
late_allcell	original_late_allcell	57103	TIGAR	down	residual	absent	absent
late_allcell	original_late_allcell	57104	PNPLA2	up	residual	absent	absent
late_allcell	original_late_allcell	57105	CYSLTR2	down	residual	absent	absent
late_allcell	original_late_allcell	57110	PLAAT1	down	residual	absent	absent
late_allcell	original_late_allcell	57124	CD248	up	residual	absent	absent
late_allcell	original_late_allcell	57125	PLXDC1	up	residual	absent	absent
late_allcell	original_late_allcell	57139	RGL3	up	residual	absent	absent
late_allcell	original_late_allcell	57144	PAK5	down	residual	absent	absent
late_allcell	original_late_allcell	57156	TMEM63C	down	residual	absent	absent
late_allcell	original_late_allcell	57158	JPH2	up	residual	absent	absent
late_allcell	original_late_allcell	57162	PELI1	down	residual	absent	absent
late_allcell	original_late_allcell	57168	ASPHD2	down	residual	absent	absent
late_allcell	original_late_allcell	57171	DOLPP1	down	residual	absent	absent
late_allcell	original_late_allcell	57176	VARS2	up	residual	absent	absent
late_allcell	original_late_allcell	57185	NIPAL3	down	residual	absent	absent
late_allcell	original_late_allcell	57186	RALGAPA2	up	core	up	eligible
late_allcell	original_late_allcell	5721	PSME2	down	residual	absent	absent
late_allcell	original_late_allcell	57214	CEMIP	down	residual	absent	absent
late_allcell	original_late_allcell	57221	ARFGEF3	down	residual	absent	absent
late_allcell	original_late_allcell	57224	NHSL1	up	residual	absent	absent
late_allcell	original_late_allcell	5728	PTEN	down	residual	absent	absent
late_allcell	original_late_allcell	57282	SLC4A10	down	residual	absent	absent
late_allcell	original_late_allcell	5732	PTGER2	down	residual	absent	absent
late_allcell	original_late_allcell	5733	PTGER3	up	residual	absent	absent
late_allcell	original_late_allcell	57332	CBX8	up	residual	absent	absent
late_allcell	original_late_allcell	57333	RCN3	up	residual	absent	absent
late_allcell	original_late_allcell	57348	TTYH1	down	residual	absent	absent
late_allcell	original_late_allcell	5737	PTGFR	up	residual	absent	absent
late_allcell	original_late_allcell	5740	PTGIS	up	residual	absent	absent
late_allcell	original_late_allcell	57405	SPC25	down	residual	absent	absent
late_allcell	original_late_allcell	57414	RHBDD2	down	residual	absent	absent
late_allcell	original_late_allcell	57415	CEP15	down	residual	absent	absent
late_allcell	original_late_allcell	57449	PLEKHG5	up	residual	absent	absent
late_allcell	original_late_allcell	5745	PTH1R	up	residual	absent	absent
late_allcell	original_late_allcell	57452	GALNT16	up	residual	absent	absent
late_allcell	original_late_allcell	57456	KIAA1143	down	residual	absent	absent
late_allcell	original_late_allcell	57462	MYORG	down	residual	absent	absent
late_allcell	original_late_allcell	57475	PLEKHH1	down	residual	absent	absent
late_allcell	original_late_allcell	57477	SHROOM4	up	residual	absent	absent
late_allcell	original_late_allcell	57480	PLEKHG1	up	residual	absent	absent
late_allcell	original_late_allcell	57489	ODF2L	up	core	up	eligible
late_allcell	original_late_allcell	57496	MRTFB	up	residual	absent	absent
late_allcell	original_late_allcell	57502	NLGN4X	down	residual	absent	absent
late_allcell	original_late_allcell	57512	GPR158	down	residual	absent	absent
late_allcell	original_late_allcell	57520	HECW2	up	residual	absent	absent
late_allcell	original_late_allcell	5753	PTK6	up	residual	absent	absent
late_allcell	original_late_allcell	57535	ELAPOR1	down	excluded_partner_unresolved	conflict	within_source_direction_conflict
late_allcell	original_late_allcell	57538	ALPK3	up	residual	absent	absent
late_allcell	original_late_allcell	57555	NLGN2	up	residual	absent	absent
late_allcell	original_late_allcell	57572	DOCK6	up	residual	absent	absent
late_allcell	original_late_allcell	57575	PCDH10	down	core	down	eligible
late_allcell	original_late_allcell	57576	KIF17	up	residual	absent	absent
late_allcell	original_late_allcell	57578	UNC79	down	residual	absent	absent
late_allcell	original_late_allcell	57579	FAM135A	down	residual	absent	absent
late_allcell	original_late_allcell	57582	KCNT1	down	core	down	eligible
late_allcell	original_late_allcell	57584	ARHGAP21	down	residual	absent	absent
late_allcell	original_late_allcell	57597	BAHCC1	up	residual	absent	absent
late_allcell	original_late_allcell	576	ADGRB2	down	residual	absent	absent
late_allcell	original_late_allcell	57602	USP36	up	residual	absent	absent
late_allcell	original_late_allcell	57604	TRMT9B	up	residual	absent	absent
late_allcell	original_late_allcell	57619	SHROOM3	up	residual	absent	absent
late_allcell	original_late_allcell	57628	DPP10	down	residual	absent	absent
late_allcell	original_late_allcell	57633	LRRN1	down	residual	absent	absent
late_allcell	original_late_allcell	57634	EP400	up	residual	absent	absent
late_allcell	original_late_allcell	57647	DHX37	up	residual	absent	absent
late_allcell	original_late_allcell	57655	GRAMD1A	up	residual	absent	absent
late_allcell	original_late_allcell	57662	CAMSAP3	down	residual	absent	absent
late_allcell	original_late_allcell	57678	GPAM	up	residual	absent	absent
late_allcell	original_late_allcell	57685	CACHD1	up	residual	absent	absent
late_allcell	original_late_allcell	57688	ZSWIM6	down	residual	absent	absent
late_allcell	original_late_allcell	57691	KIAA1586	down	residual	absent	absent
late_allcell	original_late_allcell	57692	MAGEE1	down	residual	absent	absent
late_allcell	original_late_allcell	57693	ZNF317	up	residual	absent	absent
late_allcell	original_late_allcell	57697	FANCM	down	residual	absent	absent
late_allcell	original_late_allcell	57699	CPNE5	down	residual	absent	absent
late_allcell	original_late_allcell	577	ADGRB3	down	residual	absent	absent
late_allcell	original_late_allcell	57700	FHIP2A	up	excluded_partner_unresolved	conflict	within_source_direction_conflict
late_allcell	original_late_allcell	57706	DENND1A	up	residual	absent	absent
late_allcell	original_late_allcell	57709	SLC7A14	down	residual	absent	absent
late_allcell	original_late_allcell	57710	KIAA1614	up	residual	absent	absent
late_allcell	original_late_allcell	57718	PPP4R4	down	residual	absent	absent
late_allcell	original_late_allcell	57795	BRINP2	down	residual	absent	absent
late_allcell	original_late_allcell	57863	CADM3	down	residual	absent	absent
late_allcell	original_late_allcell	5787	PTPRB	up	residual	absent	absent
late_allcell	original_late_allcell	5788	PTPRC	down	residual	absent	absent
late_allcell	original_late_allcell	5789	PTPRD	down	residual	absent	absent
late_allcell	original_late_allcell	5795	PTPRJ	down	residual	absent	absent
late_allcell	original_late_allcell	5796	PTPRK	up	residual	absent	absent
late_allcell	original_late_allcell	58	ACTA1	up	residual	absent	absent
late_allcell	original_late_allcell	5801	PTPRR	down	residual	absent	absent
late_allcell	original_late_allcell	5803	PTPRZ1	down	residual	absent	absent
late_allcell	original_late_allcell	5806	PTX3	up	residual	absent	absent
late_allcell	original_late_allcell	581	BAX	up	residual	absent	absent
late_allcell	original_late_allcell	5816	PVALB	down	residual	absent	absent
late_allcell	original_late_allcell	5818	NECTIN1	down	residual	absent	absent
late_allcell	original_late_allcell	582	BBS1	up	residual	absent	absent
late_allcell	original_late_allcell	5828	PEX2	down	residual	absent	absent
late_allcell	original_late_allcell	583	BBS2	down	residual	absent	absent
late_allcell	original_late_allcell	5832	ALDH18A1	down	residual	absent	absent
late_allcell	original_late_allcell	5837	PYGM	up	residual	absent	absent
late_allcell	original_late_allcell	58485	TRAPPC1	down	residual	absent	absent
late_allcell	original_late_allcell	58512	DLGAP3	down	residual	absent	absent
late_allcell	original_late_allcell	58538	MPP4	down	residual	absent	absent
late_allcell	original_late_allcell	5863	RGL2	up	residual	absent	absent
late_allcell	original_late_allcell	5866	RAB3IL1	up	residual	absent	absent
late_allcell	original_late_allcell	5878	RAB5C	up	residual	absent	absent
late_allcell	original_late_allcell	5883	RAD9A	up	residual	absent	absent
late_allcell	original_late_allcell	5892	RAD51D	up	residual	absent	absent
late_allcell	original_late_allcell	590	BCHE	down	residual	absent	absent
late_allcell	original_late_allcell	59084	ENPP5	down	residual	absent	absent
late_allcell	original_late_allcell	5909	RAP1GAP	down	residual	absent	absent
late_allcell	original_late_allcell	5910	RAP1GDS1	down	residual	absent	absent
late_allcell	original_late_allcell	5918	RARRES1	down	residual	absent	absent
late_allcell	original_late_allcell	5919	RARRES2	down	residual	absent	absent
late_allcell	original_late_allcell	59271	EVA1C	down	residual	absent	absent
late_allcell	original_late_allcell	5928	RBBP4	up	residual	absent	absent
late_allcell	original_late_allcell	59284	CACNG7	down	residual	absent	absent
late_allcell	original_late_allcell	59286	UBL5	down	residual	absent	absent
late_allcell	original_late_allcell	59341	TRPV4	up	residual	absent	absent
late_allcell	original_late_allcell	59353	TMEM35A	down	residual	absent	absent
late_allcell	original_late_allcell	5954	RCN1	down	residual	absent	absent
late_allcell	original_late_allcell	5955	RCN2	down	residual	absent	absent
late_allcell	original_late_allcell	5973	RENBP	up	residual	absent	absent
late_allcell	original_late_allcell	5979	RET	down	residual	absent	absent
late_allcell	original_late_allcell	5994	RFXAP	up	residual	absent	absent
late_allcell	original_late_allcell	6000	RGS7	down	residual	absent	absent
late_allcell	original_late_allcell	6010	RHO	up	residual	absent	absent
late_allcell	original_late_allcell	6014	RIT2	down	residual	absent	absent
late_allcell	original_late_allcell	60314	MYG1	down	excluded_partner_unresolved	conflict	within_source_direction_conflict
late_allcell	original_late_allcell	60385	TSKS	up	residual	absent	absent
late_allcell	original_late_allcell	60401	EDA2R	up	residual	absent	absent
late_allcell	original_late_allcell	6047	RNF4	up	residual	absent	absent
late_allcell	original_late_allcell	60481	ELOVL5	down	residual	absent	absent
late_allcell	original_late_allcell	6049	RNF6	down	residual	absent	absent
late_allcell	original_late_allcell	60598	KCNK15	up	residual	absent	absent
late_allcell	original_late_allcell	60677	CELF6	up	residual	absent	absent
late_allcell	original_late_allcell	6092	ROBO2	down	residual	absent	absent
late_allcell	original_late_allcell	610	HCN2	down	residual	absent	absent
late_allcell	original_late_allcell	6103	RPGR	up	residual	absent	absent
late_allcell	original_late_allcell	6121	RPE65	down	residual	absent	absent
late_allcell	original_late_allcell	6184	RPN1	down	residual	absent	absent
late_allcell	original_late_allcell	6185	RPN2	down	residual	absent	absent
late_allcell	original_late_allcell	619279	ZNF704	up	residual	absent	absent
late_allcell	original_late_allcell	622	BDH1	down	residual	absent	absent
late_allcell	original_late_allcell	6239	RREB1	up	residual	absent	absent
late_allcell	original_late_allcell	624	BDKRB2	down	residual	absent	absent
late_allcell	original_late_allcell	6252	RTN1	down	residual	absent	absent
late_allcell	original_late_allcell	627	BDNF	down	residual	absent	absent
late_allcell	original_late_allcell	6272	SORT1	down	residual	absent	absent
late_allcell	original_late_allcell	6273	S100A2	up	residual	absent	absent
late_allcell	original_late_allcell	6282	S100A11	down	residual	absent	absent
late_allcell	original_late_allcell	629	CFB	down	residual	absent	absent
late_allcell	original_late_allcell	6297	SALL2	down	residual	absent	absent
late_allcell	original_late_allcell	6299	SALL1	down	residual	absent	absent
late_allcell	original_late_allcell	6300	MAPK12	up	residual	absent	absent
late_allcell	original_late_allcell	6307	MSMO1	down	residual	absent	absent
late_allcell	original_late_allcell	6309	SC5D	down	residual	absent	absent
late_allcell	original_late_allcell	6323	SCN1A	down	residual	absent	absent
late_allcell	original_late_allcell	6327	SCN2B	down	residual	absent	absent
late_allcell	original_late_allcell	6329	SCN4A	up	residual	absent	absent
late_allcell	original_late_allcell	6330	SCN4B	down	residual	absent	absent
late_allcell	original_late_allcell	6332	SCN7A	down	residual	absent	absent
late_allcell	original_late_allcell	6336	SCN10A	down	residual	absent	absent
late_allcell	original_late_allcell	6339	SCNN1D	up	residual	absent	absent
late_allcell	original_late_allcell	6340	SCNN1G	down	residual	absent	absent
late_allcell	original_late_allcell	6347	CCL2	down	residual	absent	absent
late_allcell	original_late_allcell	6357	CCL13	down	residual	absent	absent
late_allcell	original_late_allcell	6360	CCL16	up	residual	absent	absent
late_allcell	original_late_allcell	6376	CX3CL1	up	residual	absent	absent
late_allcell	original_late_allcell	63827	BCAN	down	core	down	eligible
late_allcell	original_late_allcell	6383	SDC2	down	residual	absent	absent
late_allcell	original_late_allcell	6385	SDC4	down	residual	absent	absent
late_allcell	original_late_allcell	6386	SDCBP	down	residual	absent	absent
late_allcell	original_late_allcell	6387	CXCL12	up	residual	absent	absent
late_allcell	original_late_allcell	6389	SDHA	down	residual	absent	absent
late_allcell	original_late_allcell	63895	PIEZO2	down	residual	absent	absent
late_allcell	original_late_allcell	63898	SH2D4A	up	residual	absent	absent
late_allcell	original_late_allcell	639	PRDM1	up	residual	absent	absent
late_allcell	original_late_allcell	63910	SLC17A9	up	residual	absent	absent
late_allcell	original_late_allcell	63924	CIDEC	up	residual	absent	absent
late_allcell	original_late_allcell	63928	CHP2	down	core	down	eligible
late_allcell	original_late_allcell	63976	PRDM16	up	residual	absent	absent
late_allcell	original_late_allcell	63977	PRDM15	up	residual	absent	absent
late_allcell	original_late_allcell	63982	ANO3	down	residual	absent	absent
late_allcell	original_late_allcell	64005	MYO1G	up	residual	absent	absent
late_allcell	original_late_allcell	6403	SELP	up	residual	absent	absent
late_allcell	original_late_allcell	64065	PERP	down	residual	absent	absent
late_allcell	original_late_allcell	64073	C19orf33	down	residual	absent	absent
late_allcell	original_late_allcell	64091	POPDC2	up	residual	absent	absent
late_allcell	original_late_allcell	64093	SMOC1	down	residual	absent	absent
late_allcell	original_late_allcell	64108	RTP4	down	residual	absent	absent
late_allcell	original_late_allcell	64121	RRAGC	down	residual	absent	absent
late_allcell	original_late_allcell	64129	TINAGL1	up	residual	absent	absent
late_allcell	original_late_allcell	641339	ZNF674	down	residual	absent	absent
late_allcell	original_late_allcell	64137	ABCG4	down	residual	absent	absent
late_allcell	original_late_allcell	64145	RBSN	down	residual	absent	absent
late_allcell	original_late_allcell	6416	MAP2K4	down	residual	absent	absent
late_allcell	original_late_allcell	641700	ECSCR	up	residual	absent	absent
late_allcell	original_late_allcell	6418	SET	down	residual	absent	absent
late_allcell	original_late_allcell	64208	POPDC3	down	residual	absent	absent
late_allcell	original_late_allcell	6422	SFRP1	down	residual	absent	absent
late_allcell	original_late_allcell	6424	SFRP4	down	residual	absent	absent
late_allcell	original_late_allcell	642475	MROH6	up	residual	absent	absent
late_allcell	original_late_allcell	642597	AKAIN1	down	residual	absent	absent
late_allcell	original_late_allcell	6426	SRSF1	up	residual	absent	absent
late_allcell	original_late_allcell	643008	SMIM5	up	residual	absent	absent
late_allcell	original_late_allcell	64321	SOX17	up	residual	absent	absent
late_allcell	original_late_allcell	643236	TMEM72	down	residual	absent	absent
late_allcell	original_late_allcell	64377	CHST8	down	residual	absent	absent
late_allcell	original_late_allcell	643853	TMPPE	down	residual	absent	absent
late_allcell	original_late_allcell	643866	CBLN3	up	residual	absent	absent
late_allcell	original_late_allcell	64388	GREM2	down	residual	absent	absent
late_allcell	original_late_allcell	64395	GMCL1	down	residual	absent	absent
late_allcell	original_late_allcell	643988	FNDC10	down	residual	absent	absent
late_allcell	original_late_allcell	64399	HHIP	up	residual	absent	absent
late_allcell	original_late_allcell	6440	SFTPC	down	residual	absent	absent
late_allcell	original_late_allcell	64400	AKTIP	down	residual	absent	absent
late_allcell	original_late_allcell	64403	CDH24	up	residual	absent	absent
late_allcell	original_late_allcell	64411	ARAP3	up	residual	absent	absent
late_allcell	original_late_allcell	644139	PIRT	down	residual	absent	absent
late_allcell	original_late_allcell	644145	EXOC1L	down	residual	absent	absent
late_allcell	original_late_allcell	644150	WIPF3	down	residual	absent	absent
late_allcell	original_late_allcell	644168	DRGX	down	residual	absent	absent
late_allcell	original_late_allcell	64417	TMEM267	down	residual	absent	absent
late_allcell	original_late_allcell	64418	TMEM168	down	residual	absent	absent
late_allcell	original_late_allcell	6442	SGCA	up	residual	absent	absent
late_allcell	original_late_allcell	64422	ATG3	down	residual	absent	absent
late_allcell	original_late_allcell	6445	SGCG	up	residual	absent	absent
late_allcell	original_late_allcell	644538	SMIM10	down	core	down	eligible
late_allcell	original_late_allcell	6447	SCG5	down	residual	absent	absent
late_allcell	original_late_allcell	64478	CSMD1	down	residual	absent	absent
late_allcell	original_late_allcell	6450	SH3BGR	up	residual	absent	absent
late_allcell	original_late_allcell	6452	SH3BP2	up	residual	absent	absent
late_allcell	original_late_allcell	6453	ITSN1	up	residual	absent	absent
late_allcell	original_late_allcell	645369	TMEM200C	down	residual	absent	absent
late_allcell	original_late_allcell	6457	SH3GL3	down	residual	absent	absent
late_allcell	original_late_allcell	64581	CLEC7A	down	residual	absent	absent
late_allcell	original_late_allcell	64582	GPR135	up	residual	absent	absent
late_allcell	original_late_allcell	64599	GIGYF1	up	residual	absent	absent
late_allcell	original_late_allcell	6461	SHB	up	residual	absent	absent
late_allcell	original_late_allcell	64645	SLC71A1	down	residual	absent	absent
late_allcell	original_late_allcell	64651	CSRNP1	up	residual	absent	absent
late_allcell	original_late_allcell	646658	SYNDIG1L	up	residual	absent	absent
late_allcell	original_late_allcell	646962	HRCT1	up	residual	absent	absent
late_allcell	original_late_allcell	647024	C6orf132	up	residual	absent	absent
late_allcell	original_late_allcell	64743	WDR13	up	residual	absent	absent
late_allcell	original_late_allcell	64754	SMYD3	down	residual	absent	absent
late_allcell	original_late_allcell	64762	GAREM1	down	residual	absent	absent
late_allcell	original_late_allcell	64764	CREB3L2	up	excluded_cross_source_opposed	down	eligible
late_allcell	original_late_allcell	64770	CCDC14	down	residual	absent	absent
late_allcell	original_late_allcell	64773	PCED1A	up	residual	absent	absent
late_allcell	original_late_allcell	64778	FNDC3B	up	excluded_cross_source_opposed	down	eligible
late_allcell	original_late_allcell	64782	AEN	up	residual	absent	absent
late_allcell	original_late_allcell	64783	RBM15	up	residual	absent	absent
late_allcell	original_late_allcell	64785	GINS3	down	residual	absent	absent
late_allcell	original_late_allcell	64787	EPS8L2	up	residual	absent	absent
late_allcell	original_late_allcell	64798	DEPTOR	up	residual	absent	absent
late_allcell	original_late_allcell	64801	ARV1	down	residual	absent	absent
late_allcell	original_late_allcell	64805	P2RY12	down	core	down	eligible
late_allcell	original_late_allcell	6483	ST3GAL2	up	residual	absent	absent
late_allcell	original_late_allcell	64843	ISL2	down	residual	absent	absent
late_allcell	original_late_allcell	64860	ARMCX5	down	residual	absent	absent
late_allcell	original_late_allcell	649	BMP1	up	residual	absent	absent
late_allcell	original_late_allcell	64900	LPIN3	up	residual	absent	absent
late_allcell	original_late_allcell	6494	SIPA1	up	residual	absent	absent
late_allcell	original_late_allcell	6495	SIX1	down	residual	absent	absent
late_allcell	original_late_allcell	6498	SKIL	down	residual	absent	absent
late_allcell	original_late_allcell	6499	SKIC2	up	excluded_partner_unresolved	conflict	within_source_direction_conflict
late_allcell	original_late_allcell	6502	SKP2	up	residual	absent	absent
late_allcell	original_late_allcell	6504	SLAMF1	up	residual	absent	absent
late_allcell	original_late_allcell	65055	REEP1	down	residual	absent	absent
late_allcell	original_late_allcell	65078	RTN4R	down	residual	absent	absent
late_allcell	original_late_allcell	65082	VPS33A	down	residual	absent	absent
late_allcell	original_late_allcell	6509	SLC1A4	down	residual	absent	absent
late_allcell	original_late_allcell	65095	KRI1	up	residual	absent	absent
late_allcell	original_late_allcell	651	BMP3	down	residual	absent	absent
late_allcell	original_late_allcell	6517	SLC2A4	up	residual	absent	absent
late_allcell	original_late_allcell	652	BMP4	up	residual	absent	absent
late_allcell	original_late_allcell	65217	PCDH15	up	residual	absent	absent
late_allcell	original_late_allcell	6525	SMTN	up	residual	absent	absent
late_allcell	original_late_allcell	65267	WNK3	down	residual	absent	absent
late_allcell	original_late_allcell	6529	SLC6A1	down	residual	absent	absent
late_allcell	original_late_allcell	652968	CASTOR1	down	core	down	eligible
late_allcell	original_late_allcell	652991	SKOR2	down	residual	absent	absent
late_allcell	original_late_allcell	653	BMP5	up	residual	absent	absent
late_allcell	original_late_allcell	653140	FAM228A	down	residual	absent	absent
late_allcell	original_late_allcell	6533	SLC6A6	up	residual	absent	absent
late_allcell	original_late_allcell	653720	GOLGA8M	up	residual	absent	absent
late_allcell	original_late_allcell	6538	SLC6A11	up	residual	absent	absent
late_allcell	original_late_allcell	654	BMP6	up	residual	absent	absent
late_allcell	original_late_allcell	6540	SLC6A13	down	residual	absent	absent
late_allcell	original_late_allcell	6541	SLC7A1	down	residual	absent	absent
late_allcell	original_late_allcell	6545	SLC7A4	down	residual	absent	absent
late_allcell	original_late_allcell	6547	SLC8A3	down	residual	absent	absent
late_allcell	original_late_allcell	6549	SLC9A2	down	residual	absent	absent
late_allcell	original_late_allcell	6550	SLC9A3	up	residual	absent	absent
late_allcell	original_late_allcell	6553	SLC9A5	up	residual	absent	absent
late_allcell	original_late_allcell	6566	SLC16A1	down	residual	absent	absent
late_allcell	original_late_allcell	6578	SLCO2A1	up	residual	absent	absent
late_allcell	original_late_allcell	6591	SNAI2	up	residual	absent	absent
late_allcell	original_late_allcell	65975	STK33	down	residual	absent	absent
late_allcell	original_late_allcell	65980	BRD9	up	residual	absent	absent
late_allcell	original_late_allcell	65989	DLK2	down	residual	absent	absent
late_allcell	original_late_allcell	65991	FUNDC2	down	residual	absent	absent
late_allcell	original_late_allcell	660	BMX	up	residual	absent	absent
late_allcell	original_late_allcell	66000	TMEM108	down	residual	absent	absent
late_allcell	original_late_allcell	6610	SMPD2	up	residual	absent	absent
late_allcell	original_late_allcell	6614	SIGLEC1	up	residual	absent	absent
late_allcell	original_late_allcell	6618	SNAPC2	down	residual	absent	absent
late_allcell	original_late_allcell	6619	SNAPC3	down	residual	absent	absent
late_allcell	original_late_allcell	6620	SNCB	down	residual	absent	absent
late_allcell	original_late_allcell	6626	SNRPA	up	residual	absent	absent
late_allcell	original_late_allcell	6632	SNRPD1	down	residual	absent	absent
late_allcell	original_late_allcell	6633	SNRPD2	down	residual	absent	absent
late_allcell	original_late_allcell	6636	SNRPF	down	residual	absent	absent
late_allcell	original_late_allcell	6649	SOD3	down	residual	absent	absent
late_allcell	original_late_allcell	6650	CAPN15	up	residual	absent	absent
late_allcell	original_late_allcell	6653	SORL1	down	residual	absent	absent
late_allcell	original_late_allcell	6658	SOX3	down	residual	absent	absent
late_allcell	original_late_allcell	666	BOK	up	residual	absent	absent
late_allcell	original_late_allcell	6660	SOX5	up	residual	absent	absent
late_allcell	original_late_allcell	6662	SOX9	down	residual	absent	absent
late_allcell	original_late_allcell	6663	SOX10	down	residual	absent	absent
late_allcell	original_late_allcell	667	DST	down	residual	absent	absent
late_allcell	original_late_allcell	6675	UAP1	up	residual	absent	absent
late_allcell	original_late_allcell	6683	SPAST	down	core	down	eligible
late_allcell	original_late_allcell	6689	SPIB	down	residual	absent	absent
late_allcell	original_late_allcell	6692	SPINT1	down	residual	absent	absent
late_allcell	original_late_allcell	6693	SPN	down	residual	absent	absent
late_allcell	original_late_allcell	6695	SPOCK1	down	residual	absent	absent
late_allcell	original_late_allcell	670	BPHL	up	residual	absent	absent
late_allcell	original_late_allcell	6712	SPTBN2	down	residual	absent	absent
late_allcell	original_late_allcell	6713	SQLE	down	residual	absent	absent
late_allcell	original_late_allcell	6715	SRD5A1	down	residual	absent	absent
late_allcell	original_late_allcell	672	BRCA1	up	residual	absent	absent
late_allcell	original_late_allcell	673	BRAF	down	residual	absent	absent
late_allcell	original_late_allcell	6745	SSR1	down	residual	absent	absent
late_allcell	original_late_allcell	6748	SSR4	down	residual	absent	absent
late_allcell	original_late_allcell	6750	SST	down	core	down	eligible
late_allcell	original_late_allcell	6769	STAC	down	residual	absent	absent
late_allcell	original_late_allcell	6770	STAR	up	core	up	eligible
late_allcell	original_late_allcell	6775	STAT4	up	residual	absent	absent
late_allcell	original_late_allcell	6782	HSPA13	down	residual	absent	absent
late_allcell	original_late_allcell	6785	ELOVL4	down	residual	absent	absent
late_allcell	original_late_allcell	6810	STX4	up	residual	absent	absent
late_allcell	original_late_allcell	6833	ABCC8	down	residual	absent	absent
late_allcell	original_late_allcell	6836	SURF4	down	residual	absent	absent
late_allcell	original_late_allcell	6837	MED22	up	residual	absent	absent
late_allcell	original_late_allcell	6840	SVIL	up	core	up	eligible
late_allcell	original_late_allcell	685	BTC	up	residual	absent	absent
late_allcell	original_late_allcell	6855	SYP	down	residual	absent	absent
late_allcell	original_late_allcell	6856	SYPL1	down	residual	absent	absent
late_allcell	original_late_allcell	6857	SYT1	down	residual	absent	absent
late_allcell	original_late_allcell	6860	SYT4	down	residual	absent	absent
late_allcell	original_late_allcell	6863	TAC1	down	residual	absent	absent
late_allcell	original_late_allcell	6874	TAF4	up	residual	absent	absent
late_allcell	original_late_allcell	688	KLF5	down	residual	absent	absent
late_allcell	original_late_allcell	6886	TAL1	up	residual	absent	absent
late_allcell	original_late_allcell	6895	TARBP2	up	residual	absent	absent
late_allcell	original_late_allcell	6899	TBX1	up	residual	absent	absent
late_allcell	original_late_allcell	6900	CNTN2	down	residual	absent	absent
late_allcell	original_late_allcell	6911	TBX6	up	residual	absent	absent
late_allcell	original_late_allcell	6915	TBXA2R	up	residual	absent	absent
late_allcell	original_late_allcell	6920	TCEA3	up	residual	absent	absent
late_allcell	original_late_allcell	6925	TCF4	up	residual	absent	absent
late_allcell	original_late_allcell	6929	TCF3	up	residual	absent	absent
late_allcell	original_late_allcell	6932	TCF7	up	residual	absent	absent
late_allcell	original_late_allcell	6934	TCF7L2	up	residual	absent	absent
late_allcell	original_late_allcell	6949	TCOF1	up	residual	absent	absent
late_allcell	original_late_allcell	699	BUB1	down	residual	absent	absent
late_allcell	original_late_allcell	6991	DYNLT2	up	residual	absent	absent
late_allcell	original_late_allcell	7003	TEAD1	up	residual	absent	absent
late_allcell	original_late_allcell	7010	TEK	up	residual	absent	absent
late_allcell	original_late_allcell	7018	TF	down	residual	absent	absent
late_allcell	original_late_allcell	7027	TFDP1	down	residual	absent	absent
late_allcell	original_late_allcell	7038	TG	up	residual	absent	absent
late_allcell	original_late_allcell	7039	TGFA	down	residual	absent	absent
late_allcell	original_late_allcell	7042	TGFB2	down	residual	absent	absent
late_allcell	original_late_allcell	7043	TGFB3	up	residual	absent	absent
late_allcell	original_late_allcell	7057	THBS1	down	residual	absent	absent
late_allcell	original_late_allcell	7060	THBS4	down	core	down	eligible
late_allcell	original_late_allcell	7066	THPO	up	residual	absent	absent
late_allcell	original_late_allcell	7068	THRB	up	residual	absent	absent
late_allcell	original_late_allcell	7069	THRSP	up	residual	absent	absent
late_allcell	original_late_allcell	7070	THY1	down	residual	absent	absent
late_allcell	original_late_allcell	7071	KLF10	up	residual	absent	absent
late_allcell	original_late_allcell	7075	TIE1	up	residual	absent	absent
late_allcell	original_late_allcell	7076	TIMP1	down	residual	absent	absent
late_allcell	original_late_allcell	7079	TIMP4	down	residual	absent	absent
late_allcell	original_late_allcell	708	C1QBP	down	residual	absent	absent
late_allcell	original_late_allcell	7092	TLL1	up	residual	absent	absent
late_allcell	original_late_allcell	7096	TLR1	down	residual	absent	absent
late_allcell	original_late_allcell	7097	TLR2	down	residual	absent	absent
late_allcell	original_late_allcell	7098	TLR3	down	residual	absent	absent
late_allcell	original_late_allcell	7099	TLR4	down	residual	absent	absent
late_allcell	original_late_allcell	7100	TLR5	down	residual	absent	absent
late_allcell	original_late_allcell	7102	TSPAN7	down	residual	absent	absent
late_allcell	original_late_allcell	7105	TSPAN6	down	residual	absent	absent
late_allcell	original_late_allcell	7111	TMOD1	down	residual	absent	absent
late_allcell	original_late_allcell	7113	TMPRSS2	down	residual	absent	absent
late_allcell	original_late_allcell	7124	TNF	down	residual	absent	absent
late_allcell	original_late_allcell	7125	TNNC2	up	residual	absent	absent
late_allcell	original_late_allcell	7128	TNFAIP3	up	core	up	eligible
late_allcell	original_late_allcell	713	C1QB	down	residual	absent	absent
late_allcell	original_late_allcell	7134	TNNC1	down	residual	absent	absent
late_allcell	original_late_allcell	7138	TNNT1	up	residual	absent	absent
late_allcell	original_late_allcell	714	C1QC	down	residual	absent	absent
late_allcell	original_late_allcell	7140	TNNT3	up	residual	absent	absent
late_allcell	original_late_allcell	7143	TNR	down	residual	absent	absent
late_allcell	original_late_allcell	7163	TPD52	down	residual	absent	absent
late_allcell	original_late_allcell	7169	TPM2	up	residual	absent	absent
late_allcell	original_late_allcell	7171	TPM4	down	residual	absent	absent
late_allcell	original_late_allcell	718	C3	down	residual	absent	absent
late_allcell	original_late_allcell	7185	TRAF1	up	residual	absent	absent
late_allcell	original_late_allcell	7186	TRAF2	up	residual	absent	absent
late_allcell	original_late_allcell	7187	TRAF3	up	residual	absent	absent
late_allcell	original_late_allcell	72	ACTG2	up	residual	absent	absent
late_allcell	original_late_allcell	721	C4B	down	residual	absent	absent
late_allcell	original_late_allcell	7224	TRPC5	down	core	down	eligible
late_allcell	original_late_allcell	7267	TTC3	down	residual	absent	absent
late_allcell	original_late_allcell	7274	TTPA	down	residual	absent	absent
late_allcell	original_late_allcell	727897	MUC5B	up	residual	absent	absent
late_allcell	original_late_allcell	727910	TLCD2	up	residual	absent	absent
late_allcell	original_late_allcell	727957	MROH1	up	residual	absent	absent
late_allcell	original_late_allcell	728	C5AR1	up	residual	absent	absent
late_allcell	original_late_allcell	728489	DNLZ	up	residual	absent	absent
late_allcell	original_late_allcell	728577	CNTNAP3B	down	residual	absent	absent
late_allcell	original_late_allcell	7286	TUFT1	up	residual	absent	absent
late_allcell	original_late_allcell	728763	CROCC2	up	residual	absent	absent
late_allcell	original_late_allcell	7289	TULP3	up	residual	absent	absent
late_allcell	original_late_allcell	729	C6	up	residual	absent	absent
late_allcell	original_late_allcell	729085	GASK1A	down	residual	absent	absent
late_allcell	original_late_allcell	729359	PLIN4	up	residual	absent	absent
late_allcell	original_late_allcell	7294	TXK	down	residual	absent	absent
late_allcell	original_late_allcell	730	C7	down	residual	absent	absent
late_allcell	original_late_allcell	730130	TMEM229A	down	residual	absent	absent
late_allcell	original_late_allcell	7306	TYRP1	down	residual	absent	absent
late_allcell	original_late_allcell	7314	UBB	down	residual	absent	absent
late_allcell	original_late_allcell	7316	UBC	down	residual	absent	absent
late_allcell	original_late_allcell	7321	UBE2D1	down	residual	absent	absent
late_allcell	original_late_allcell	7332	UBE2L3	down	residual	absent	absent
late_allcell	original_late_allcell	7334	UBE2N	down	residual	absent	absent
late_allcell	original_late_allcell	7335	UBE2V1	down	residual	absent	absent
late_allcell	original_late_allcell	734	OSGIN2	down	residual	absent	absent
late_allcell	original_late_allcell	7355	SLC35A2	down	residual	absent	absent
late_allcell	original_late_allcell	7388	UQCRH	down	core	down	eligible
late_allcell	original_late_allcell	7410	VAV2	up	residual	absent	absent
late_allcell	original_late_allcell	7416	VDAC1	down	residual	absent	absent
late_allcell	original_late_allcell	7425	VGF	down	residual	absent	absent
late_allcell	original_late_allcell	7432	VIP	up	residual	absent	absent
late_allcell	original_late_allcell	7434	VIPR2	up	residual	absent	absent
late_allcell	original_late_allcell	7447	VSNL1	down	residual	absent	absent
late_allcell	original_late_allcell	7450	VWF	up	residual	absent	absent
late_allcell	original_late_allcell	7476	WNT7A	down	residual	absent	absent
late_allcell	original_late_allcell	7477	WNT7B	down	residual	absent	absent
late_allcell	original_late_allcell	7504	XK	down	residual	absent	absent
late_allcell	original_late_allcell	751071	CSKMT	up	residual	absent	absent
late_allcell	original_late_allcell	7512	XPNPEP2	up	residual	absent	absent
late_allcell	original_late_allcell	7535	ZAP70	up	residual	absent	absent
late_allcell	original_late_allcell	7544	ZFY	down	residual	absent	absent
late_allcell	original_late_allcell	7552	ZNF711	down	residual	absent	absent
late_allcell	original_late_allcell	7582	ZNF33B	down	residual	absent	absent
late_allcell	original_late_allcell	7593	MZF1	up	residual	absent	absent
late_allcell	original_late_allcell	760	CA2	down	residual	absent	absent
late_allcell	original_late_allcell	7621	ZNF70	up	residual	absent	absent
late_allcell	original_late_allcell	7625	ZNF74	up	residual	absent	absent
late_allcell	original_late_allcell	7637	ZNF84	up	core	up	eligible
late_allcell	original_late_allcell	7638	ZNF221	up	residual	absent	absent
late_allcell	original_late_allcell	7678	ZNF124	down	residual	absent	absent
late_allcell	original_late_allcell	768206	PRCD	up	residual	absent	absent
late_allcell	original_late_allcell	7704	ZBTB16	up	residual	absent	absent
late_allcell	original_late_allcell	7710	ZNF154	down	residual	absent	absent
late_allcell	original_late_allcell	7716	VEZF1	down	residual	absent	absent
late_allcell	original_late_allcell	7739	ZNF185	down	residual	absent	absent
late_allcell	original_late_allcell	774	CACNA1B	down	residual	absent	absent
late_allcell	original_late_allcell	7750	ZMYM2	down	residual	absent	absent
late_allcell	original_late_allcell	7755	ZNF205	up	residual	absent	absent
late_allcell	original_late_allcell	776	CACNA1D	down	residual	absent	absent
late_allcell	original_late_allcell	7762	ZNF215	up	residual	absent	absent
late_allcell	original_late_allcell	777	CACNA1E	down	residual	absent	absent
late_allcell	original_late_allcell	7773	ZNF230	up	residual	absent	absent
late_allcell	original_late_allcell	7779	SLC30A1	down	core	down	eligible
late_allcell	original_late_allcell	7781	SLC30A3	up	residual	absent	absent
late_allcell	original_late_allcell	7805	LAPTM5	down	residual	absent	absent
late_allcell	original_late_allcell	780776	TVP23A	up	residual	absent	absent
late_allcell	original_late_allcell	783	CACNB2	down	residual	absent	absent
late_allcell	original_late_allcell	7846	TUBA1A	down	residual	absent	absent
late_allcell	original_late_allcell	7849	PAX8	down	residual	absent	absent
late_allcell	original_late_allcell	7857	SCG2	down	residual	absent	absent
late_allcell	original_late_allcell	78995	HROB	down	core	down	eligible
late_allcell	original_late_allcell	78997	GDAP1L1	down	residual	absent	absent
late_allcell	original_late_allcell	79006	METRN	down	residual	absent	absent
late_allcell	original_late_allcell	79007	DBNDD1	down	residual	absent	absent
late_allcell	original_late_allcell	79036	KXD1	up	residual	absent	absent
late_allcell	original_late_allcell	79041	TMEM38A	down	residual	absent	absent
late_allcell	original_late_allcell	79047	KCTD15	up	residual	absent	absent
late_allcell	original_late_allcell	7905	REEP5	down	residual	absent	absent
late_allcell	original_late_allcell	79053	ALG8	down	residual	absent	absent
late_allcell	original_late_allcell	79054	TRPM8	down	residual	absent	absent
late_allcell	original_late_allcell	79071	ELOVL6	down	residual	absent	absent
late_allcell	original_late_allcell	79083	MLPH	up	residual	absent	absent
late_allcell	original_late_allcell	79091	METTL22	up	residual	absent	absent
late_allcell	original_late_allcell	79095	BBLN	down	excluded_partner_unresolved	conflict	within_source_direction_conflict
late_allcell	original_late_allcell	79153	GDPD3	up	residual	absent	absent
late_allcell	original_late_allcell	79155	TNIP2	up	residual	absent	absent
late_allcell	original_late_allcell	79156	PLEKHF1	up	residual	absent	absent
late_allcell	original_late_allcell	79159	NOL12	up	residual	absent	absent
late_allcell	original_late_allcell	79165	LENG1	up	residual	absent	absent
late_allcell	original_late_allcell	79168	LILRA6	up	residual	absent	absent
late_allcell	original_late_allcell	79173	BRME1	up	residual	absent	absent
late_allcell	original_late_allcell	7918	GPANK1	up	residual	absent	absent
late_allcell	original_late_allcell	79190	IRX6	up	residual	absent	absent
late_allcell	original_late_allcell	79442	LRRC2	up	residual	absent	absent
late_allcell	original_late_allcell	79567	RIPOR1	up	residual	absent	absent
late_allcell	original_late_allcell	79586	CHPF	down	residual	absent	absent
late_allcell	original_late_allcell	79589	RNF128	down	residual	absent	absent
late_allcell	original_late_allcell	796	CALCA	down	residual	absent	absent
late_allcell	original_late_allcell	79602	ADIPOR2	down	residual	absent	absent
late_allcell	original_late_allcell	79608	RIC3	down	residual	absent	absent
late_allcell	original_late_allcell	79623	GALNT14	down	residual	absent	absent
late_allcell	original_late_allcell	79624	DCPH1	down	residual	absent	absent
late_allcell	original_late_allcell	79627	OGFRL1	down	core	down	eligible
late_allcell	original_late_allcell	79639	TMEM53	down	residual	absent	absent
late_allcell	original_late_allcell	79643	CHMP6	up	residual	absent	absent
late_allcell	original_late_allcell	79647	AKIRIN1	down	residual	absent	absent
late_allcell	original_late_allcell	79652	TMEM204	up	residual	absent	absent
late_allcell	original_late_allcell	79654	HECTD3	up	residual	absent	absent
late_allcell	original_late_allcell	79656	BEND5	down	residual	absent	absent
late_allcell	original_late_allcell	79671	NLRX1	up	residual	absent	absent
late_allcell	original_late_allcell	79689	STEAP4	down	residual	absent	absent
late_allcell	original_late_allcell	79695	GALNT12	down	excluded_cross_source_opposed	up	eligible
late_allcell	original_late_allcell	797	CALCB	down	residual	absent	absent
late_allcell	original_late_allcell	79705	LRRK1	up	residual	absent	absent
late_allcell	original_late_allcell	79709	COLGALT1	up	residual	absent	absent
late_allcell	original_late_allcell	79714	CCDC51	down	core	down	eligible
late_allcell	original_late_allcell	79738	BBS10	down	residual	absent	absent
late_allcell	original_late_allcell	79744	ZNF419	down	residual	absent	absent
late_allcell	original_late_allcell	7975	MAFK	up	residual	absent	absent
late_allcell	original_late_allcell	79772	MCTP1	up	residual	absent	absent
late_allcell	original_late_allcell	79776	ZFHX4	down	residual	absent	absent
late_allcell	original_late_allcell	79781	DRC11	down	residual	absent	absent
late_allcell	original_late_allcell	79792	GSDMD	up	core	up	eligible
late_allcell	original_late_allcell	79794	SPRING1	down	excluded_partner_unresolved	conflict	within_source_direction_conflict
late_allcell	original_late_allcell	79805	VASH2	down	residual	absent	absent
late_allcell	original_late_allcell	79819	DNAI4	down	core	down	eligible
late_allcell	original_late_allcell	79822	ARHGAP28	up	residual	absent	absent
late_allcell	original_late_allcell	79827	CLMP	up	residual	absent	absent
late_allcell	original_late_allcell	79829	NAA40	up	residual	absent	absent
late_allcell	original_late_allcell	79839	CCDC102B	up	residual	absent	absent
late_allcell	original_late_allcell	79845	RNF122	up	residual	absent	absent
late_allcell	original_late_allcell	79849	NHERF4	up	residual	absent	absent
late_allcell	original_late_allcell	79856	SNX22	down	residual	absent	absent
late_allcell	original_late_allcell	79862	ZNF669	down	residual	absent	absent
late_allcell	original_late_allcell	79874	RABEP2	up	residual	absent	absent
late_allcell	original_late_allcell	79875	THSD4	down	residual	absent	absent
late_allcell	original_late_allcell	79883	PODNL1	up	residual	absent	absent
late_allcell	original_late_allcell	79895	ATP8B4	down	residual	absent	absent
late_allcell	original_late_allcell	79896	THNSL1	down	residual	absent	absent
late_allcell	original_late_allcell	79899	PRR5L	up	residual	absent	absent
late_allcell	original_late_allcell	79901	CYBRD1	down	residual	absent	absent
late_allcell	original_late_allcell	79922	MRM1	up	residual	absent	absent
late_allcell	original_late_allcell	79927	FAM110D	up	residual	absent	absent
late_allcell	original_late_allcell	79947	DHDDS	up	residual	absent	absent
late_allcell	original_late_allcell	79956	ERMP1	down	residual	absent	absent
late_allcell	original_late_allcell	79990	PLEKHH3	up	residual	absent	absent
late_allcell	original_late_allcell	79993	ELOVL7	down	residual	absent	absent
late_allcell	original_late_allcell	79998	ANKRD53	up	residual	absent	absent
late_allcell	original_late_allcell	80000	GREB1L	up	residual	absent	absent
late_allcell	original_late_allcell	80008	TMEM156	down	residual	absent	absent
late_allcell	original_late_allcell	80036	TRPM3	down	residual	absent	absent
late_allcell	original_late_allcell	80059	LRRTM4	down	residual	absent	absent
late_allcell	original_late_allcell	80070	ADAMTS20	down	residual	absent	absent
late_allcell	original_late_allcell	80114	BICC1	up	residual	absent	absent
late_allcell	original_late_allcell	80127	BBOF1	up	residual	absent	absent
late_allcell	original_late_allcell	80142	PTGES2	up	residual	absent	absent
late_allcell	original_late_allcell	80149	ZC3H12A	up	residual	absent	absent
late_allcell	original_late_allcell	80176	SPSB1	up	residual	absent	absent
late_allcell	original_late_allcell	80177	MYCT1	up	residual	absent	absent
late_allcell	original_late_allcell	80213	TM2D3	down	residual	absent	absent
late_allcell	original_late_allcell	80216	ALPK1	down	core	down	eligible
late_allcell	original_late_allcell	80219	COQ10B	down	residual	absent	absent
late_allcell	original_late_allcell	80221	ACSF2	up	residual	absent	absent
late_allcell	original_late_allcell	80231	TASL	down	residual	absent	absent
late_allcell	original_late_allcell	80243	PREX2	up	residual	absent	absent
late_allcell	original_late_allcell	80270	HSD3B7	up	residual	absent	absent
late_allcell	original_late_allcell	80305	TRABD	up	residual	absent	absent
late_allcell	original_late_allcell	80309	SPHKAP	down	residual	absent	absent
late_allcell	original_late_allcell	80310	PDGFD	down	residual	absent	absent
late_allcell	original_late_allcell	80313	LRRC27	up	residual	absent	absent
late_allcell	original_late_allcell	80324	PUS1	up	residual	absent	absent
late_allcell	original_late_allcell	80325	ABTB1	up	residual	absent	absent
late_allcell	original_late_allcell	80335	WDR82	down	residual	absent	absent
late_allcell	original_late_allcell	80339	PNPLA3	down	residual	absent	absent
late_allcell	original_late_allcell	80351	TNKS2	down	residual	absent	absent
late_allcell	original_late_allcell	80380	PDCD1LG2	up	residual	absent	absent
late_allcell	original_late_allcell	8061	FOSL1	up	residual	absent	absent
late_allcell	original_late_allcell	80704	SLC19A3	up	residual	absent	absent
late_allcell	original_late_allcell	80714	PBX4	up	residual	absent	absent
late_allcell	original_late_allcell	80737	VWA7	down	residual	absent	absent
late_allcell	original_late_allcell	80746	TSEN2	down	residual	absent	absent
late_allcell	original_late_allcell	80758	PRR7	down	residual	absent	absent
late_allcell	original_late_allcell	80765	STARD5	up	residual	absent	absent
late_allcell	original_late_allcell	80830	APOL6	up	residual	absent	absent
late_allcell	original_late_allcell	80833	APOL3	up	residual	absent	absent
late_allcell	original_late_allcell	80852	GRIP2	up	residual	absent	absent
late_allcell	original_late_allcell	80856	LNPK	down	residual	absent	absent
late_allcell	original_late_allcell	80896	NPL	up	residual	absent	absent
late_allcell	original_late_allcell	81030	ZBP1	up	residual	absent	absent
late_allcell	original_late_allcell	81033	KCNH6	down	residual	absent	absent
late_allcell	original_late_allcell	81034	SLC25A32	down	residual	absent	absent
late_allcell	original_late_allcell	8120	AP3B2	down	residual	absent	absent
late_allcell	original_late_allcell	81466	OR2L5	down	residual	absent	absent
late_allcell	original_late_allcell	815	CAMK2A	down	residual	absent	absent
late_allcell	original_late_allcell	8153	RND2	down	residual	absent	absent
late_allcell	original_late_allcell	81532	MOB2	up	residual	absent	absent
late_allcell	original_late_allcell	81542	TMX1	down	residual	absent	absent
late_allcell	original_late_allcell	81553	CYRIA	up	excluded_partner_unresolved	conflict	within_source_direction_conflict
late_allcell	original_late_allcell	81578	COL21A1	up	residual	absent	absent
late_allcell	original_late_allcell	81614	NIPA2	down	residual	absent	absent
late_allcell	original_late_allcell	81615	TMEM163	down	residual	absent	absent
late_allcell	original_late_allcell	81618	ITM2C	down	residual	absent	absent
late_allcell	original_late_allcell	81620	CDT1	up	residual	absent	absent
late_allcell	original_late_allcell	81631	MAP1LC3B	down	residual	absent	absent
late_allcell	original_late_allcell	81689	ISCA1	down	residual	absent	absent
late_allcell	original_late_allcell	81693	AMN	up	residual	absent	absent
late_allcell	original_late_allcell	8174	MADCAM1	up	residual	absent	absent
late_allcell	original_late_allcell	8178	ELL	up	residual	absent	absent
late_allcell	original_late_allcell	81786	TRIM7	up	residual	absent	absent
late_allcell	original_late_allcell	81788	NUAK2	up	residual	absent	absent
late_allcell	original_late_allcell	81792	ADAMTS12	up	residual	absent	absent
late_allcell	original_late_allcell	81794	ADAMTS10	up	residual	absent	absent
late_allcell	original_late_allcell	81796	SLCO5A1	down	residual	absent	absent
late_allcell	original_late_allcell	81831	NETO2	down	residual	absent	absent
late_allcell	original_late_allcell	81848	SPRY4	up	core	up	eligible
late_allcell	original_late_allcell	81855	SFXN3	up	residual	absent	absent
late_allcell	original_late_allcell	81858	SHARPIN	up	residual	absent	absent
late_allcell	original_late_allcell	81890	QTRT1	up	residual	absent	absent
late_allcell	original_late_allcell	819	CAMLG	down	residual	absent	absent
late_allcell	original_late_allcell	8190	MIA	down	residual	absent	absent
late_allcell	original_late_allcell	821	CANX	down	residual	absent	absent
late_allcell	original_late_allcell	8225	GTPBP6	up	residual	absent	absent
late_allcell	original_late_allcell	8228	PNPLA4	down	residual	absent	absent
late_allcell	original_late_allcell	824	CAPN2	up	residual	absent	absent
late_allcell	original_late_allcell	8260	NAA10	up	residual	absent	absent
late_allcell	original_late_allcell	8269	TMEM187	down	residual	absent	absent
late_allcell	original_late_allcell	828	CAPS	up	residual	absent	absent
late_allcell	original_late_allcell	8287	USP9Y	down	residual	absent	absent
late_allcell	original_late_allcell	8315	BRAP	down	residual	absent	absent
late_allcell	original_late_allcell	8317	CDC7	down	residual	absent	absent
late_allcell	original_late_allcell	8321	FZD1	down	residual	absent	absent
late_allcell	original_late_allcell	8322	FZD4	up	excluded_cross_source_opposed	down	eligible
late_allcell	original_late_allcell	8324	FZD7	down	residual	absent	absent
late_allcell	original_late_allcell	8325	FZD8	down	core	down	eligible
late_allcell	original_late_allcell	83259	PCDH11Y	down	residual	absent	absent
late_allcell	original_late_allcell	833	CARS1	up	excluded_partner_unresolved	conflict	within_source_direction_conflict
late_allcell	original_late_allcell	8334	H2AC6	up	core	up	eligible
late_allcell	original_late_allcell	83442	SH3BGRL3	down	residual	absent	absent
late_allcell	original_late_allcell	83444	INO80B	up	residual	absent	absent
late_allcell	original_late_allcell	8345	H2BC9	down	residual	absent	absent
late_allcell	original_late_allcell	83450	DRC3	up	residual	absent	absent
late_allcell	original_late_allcell	83480	PUS3	down	residual	absent	absent
late_allcell	original_late_allcell	83481	EPPK1	down	residual	absent	absent
late_allcell	original_late_allcell	83538	ODAD4	up	residual	absent	absent
late_allcell	original_late_allcell	83539	CHST9	down	residual	absent	absent
late_allcell	original_late_allcell	83546	RTBDN	down	residual	absent	absent
late_allcell	original_late_allcell	83547	RILP	up	residual	absent	absent
late_allcell	original_late_allcell	836	CASP3	down	residual	absent	absent
late_allcell	original_late_allcell	83604	TMEM47	down	residual	absent	absent
late_allcell	original_late_allcell	8364	H4C3	down	excluded_partner_unresolved	conflict	within_source_direction_conflict
late_allcell	original_late_allcell	83640	RAMAC	down	residual	absent	absent
late_allcell	original_late_allcell	83643	CCDC3	down	core	down	eligible
late_allcell	original_late_allcell	83648	FAM167A	down	residual	absent	absent
late_allcell	original_late_allcell	83658	DYNLRB1	down	residual	absent	absent
late_allcell	original_late_allcell	83690	CRISPLD1	down	residual	absent	absent
late_allcell	original_late_allcell	83700	JAM3	down	residual	absent	absent
late_allcell	original_late_allcell	83706	FERMT3	up	residual	absent	absent
late_allcell	original_late_allcell	83716	CRISPLD2	up	residual	absent	absent
late_allcell	original_late_allcell	83723	TLCD3B	down	residual	absent	absent
late_allcell	original_late_allcell	83759	RBM4B	up	residual	absent	absent
late_allcell	original_late_allcell	83786	FRMD8	up	residual	absent	absent
late_allcell	original_late_allcell	83787	ARMC10	down	residual	absent	absent
late_allcell	original_late_allcell	8382	NME5	down	residual	absent	absent
late_allcell	original_late_allcell	83850	ESYT3	up	residual	absent	absent
late_allcell	original_late_allcell	83854	ANGPTL6	down	residual	absent	absent
late_allcell	original_late_allcell	83856	FSD1L	down	residual	absent	absent
late_allcell	original_late_allcell	83872	HMCN1	up	residual	absent	absent
late_allcell	original_late_allcell	83878	USHBP1	up	residual	absent	absent
late_allcell	original_late_allcell	83888	FGFBP2	up	residual	absent	absent
late_allcell	original_late_allcell	83890	SPATA9	up	residual	absent	absent
late_allcell	original_late_allcell	83933	HDAC10	up	residual	absent	absent
late_allcell	original_late_allcell	83942	TSSK1B	up	residual	absent	absent
late_allcell	original_late_allcell	8398	PLA2G6	up	residual	absent	absent
late_allcell	original_late_allcell	84000	TMPRSS13	up	residual	absent	absent
late_allcell	original_late_allcell	84002	B3GNT5	down	residual	absent	absent
late_allcell	original_late_allcell	84033	OBSCN	up	residual	absent	absent
late_allcell	original_late_allcell	84034	EMILIN2	up	residual	absent	absent
late_allcell	original_late_allcell	84059	ADGRV1	down	core	down	eligible
late_allcell	original_late_allcell	84060	RBM48	down	residual	absent	absent
late_allcell	original_late_allcell	84061	MAGT1	down	residual	absent	absent
late_allcell	original_late_allcell	84065	TMEM222	down	residual	absent	absent
late_allcell	original_late_allcell	84072	HORMAD1	up	residual	absent	absent
late_allcell	original_late_allcell	84074	QRICH2	up	residual	absent	absent
late_allcell	original_late_allcell	84078	KBTBD7	down	residual	absent	absent
late_allcell	original_late_allcell	8408	ULK1	up	residual	absent	absent
late_allcell	original_late_allcell	84083	ZRANB3	down	residual	absent	absent
late_allcell	original_late_allcell	84084	RAB6C	down	residual	absent	absent
late_allcell	original_late_allcell	84085	FBXO30	down	residual	absent	absent
late_allcell	original_late_allcell	84107	ZIC4	up	residual	absent	absent
late_allcell	original_late_allcell	84109	QRFPR	down	residual	absent	absent
late_allcell	original_late_allcell	84144	SYDE2	down	residual	absent	absent
late_allcell	original_late_allcell	84166	NLRC5	up	residual	absent	absent
late_allcell	original_late_allcell	84179	SLC49A3	up	residual	absent	absent
late_allcell	original_late_allcell	84182	MINDY4	up	residual	absent	absent
late_allcell	original_late_allcell	84186	ZCCHC7	up	residual	absent	absent
late_allcell	original_late_allcell	842	CASP9	up	residual	absent	absent
late_allcell	original_late_allcell	84219	WDR24	up	residual	absent	absent
late_allcell	original_late_allcell	84221	SPATC1L	down	residual	absent	absent
late_allcell	original_late_allcell	84231	TRAF7	up	residual	absent	absent
late_allcell	original_late_allcell	84245	MRI1	up	residual	absent	absent
late_allcell	original_late_allcell	84249	PSD2	down	residual	absent	absent
late_allcell	original_late_allcell	84251	SGIP1	down	residual	absent	absent
late_allcell	original_late_allcell	84260	TCHP	up	residual	absent	absent
late_allcell	original_late_allcell	84275	SLC25A33	down	residual	absent	absent
late_allcell	original_late_allcell	84288	DRC8	up	residual	absent	absent
late_allcell	original_late_allcell	84289	ING5	up	residual	absent	absent
late_allcell	original_late_allcell	84296	GINS4	up	residual	absent	absent
late_allcell	original_late_allcell	84302	PGAP4	down	excluded_partner_unresolved	conflict	within_source_direction_conflict
late_allcell	original_late_allcell	84333	PCGF5	down	residual	absent	absent
late_allcell	original_late_allcell	84417	ECRG4	down	residual	absent	absent
late_allcell	original_late_allcell	84439	HHIPL1	up	residual	absent	absent
late_allcell	original_late_allcell	84457	PHYHIPL	down	residual	absent	absent
late_allcell	original_late_allcell	84460	ZMAT1	down	residual	absent	absent
late_allcell	original_late_allcell	84466	MEGF10	down	residual	absent	absent
late_allcell	original_late_allcell	8448	DOC2A	up	residual	absent	absent
late_allcell	original_late_allcell	84518	CNFN	down	residual	absent	absent
late_allcell	original_late_allcell	84522	JAGN1	down	residual	absent	absent
late_allcell	original_late_allcell	84541	KBTBD8	down	residual	absent	absent
late_allcell	original_late_allcell	84553	FAXC	down	residual	absent	absent
late_allcell	original_late_allcell	84570	COL25A1	down	residual	absent	absent
late_allcell	original_late_allcell	8462	KLF11	up	residual	absent	absent
late_allcell	original_late_allcell	84622	ZNF594	up	residual	absent	absent
late_allcell	original_late_allcell	84623	KIRREL3	down	residual	absent	absent
late_allcell	original_late_allcell	84628	NTNG2	down	residual	absent	absent
late_allcell	original_late_allcell	8463	TEAD2	up	residual	absent	absent
late_allcell	original_late_allcell	84631	SLITRK2	down	residual	absent	absent
late_allcell	original_late_allcell	84649	DGAT2	up	residual	absent	absent
late_allcell	original_late_allcell	84667	HES7	up	residual	absent	absent
late_allcell	original_late_allcell	84668	HYCC1	down	excluded_partner_unresolved	conflict	within_source_direction_conflict
late_allcell	original_late_allcell	84679	SLC9A7	down	residual	absent	absent
late_allcell	original_late_allcell	84684	INSM2	down	residual	absent	absent
late_allcell	original_late_allcell	84690	SPATA22	down	residual	absent	absent
late_allcell	original_late_allcell	84722	PSRC1	up	core	up	eligible
late_allcell	original_late_allcell	84735	CNDP1	down	residual	absent	absent
late_allcell	original_late_allcell	8476	CDC42BPA	down	residual	absent	absent
late_allcell	original_late_allcell	84766	CRACR2A	up	residual	absent	absent
late_allcell	original_late_allcell	84787	KMT5C	up	residual	absent	absent
late_allcell	original_late_allcell	84795	PYROXD2	up	residual	absent	absent
late_allcell	original_late_allcell	84803	GPAT3	up	residual	absent	absent
late_allcell	original_late_allcell	84807	NFKBID	up	residual	absent	absent
late_allcell	original_late_allcell	84818	IL17RC	up	residual	absent	absent
late_allcell	original_late_allcell	84824	FCRLA	down	residual	absent	absent
late_allcell	original_late_allcell	84833	ATP5MK	down	excluded_partner_unresolved	conflict	within_source_direction_conflict
late_allcell	original_late_allcell	84842	HPDL	down	residual	absent	absent
late_allcell	original_late_allcell	84865	CCDC142	up	residual	absent	absent
late_allcell	original_late_allcell	84867	PTPN5	down	residual	absent	absent
late_allcell	original_late_allcell	84879	MFSD2A	down	residual	absent	absent
late_allcell	original_late_allcell	84888	SPPL2A	down	residual	absent	absent
late_allcell	original_late_allcell	84892	POMGNT2	down	residual	absent	absent
late_allcell	original_late_allcell	84894	LINGO1	down	residual	absent	absent
late_allcell	original_late_allcell	84895	MIGA2	up	residual	absent	absent
late_allcell	original_late_allcell	84896	ATAD1	down	residual	absent	absent
late_allcell	original_late_allcell	84905	ZNF341	up	residual	absent	absent
late_allcell	original_late_allcell	84913	ATOH8	up	core	up	eligible
late_allcell	original_late_allcell	8492	PRSS12	down	residual	absent	absent
late_allcell	original_late_allcell	8493	PPM1D	up	residual	absent	absent
late_allcell	original_late_allcell	84936	ZFYVE19	up	residual	absent	absent
late_allcell	original_late_allcell	84944	MAEL	down	residual	absent	absent
late_allcell	original_late_allcell	84945	ABHD13	down	residual	absent	absent
late_allcell	original_late_allcell	84952	CGNL1	up	residual	absent	absent
late_allcell	original_late_allcell	84957	RELT	up	residual	absent	absent
late_allcell	original_late_allcell	84958	SYTL1	up	residual	absent	absent
late_allcell	original_late_allcell	8497	PPFIA4	up	residual	absent	absent
late_allcell	original_late_allcell	84976	DISP1	down	residual	absent	absent
late_allcell	original_late_allcell	84986	ARHGAP19	down	residual	absent	absent
late_allcell	original_late_allcell	84988	PPP1R16A	up	residual	absent	absent
late_allcell	original_late_allcell	85013	TMEM128	down	residual	absent	absent
late_allcell	original_late_allcell	85025	TMEM60	down	residual	absent	absent
late_allcell	original_late_allcell	8516	ITGA8	up	residual	absent	absent
late_allcell	original_late_allcell	8527	DGKD	up	residual	absent	absent
late_allcell	original_late_allcell	85300	ATCAY	down	residual	absent	absent
late_allcell	original_late_allcell	85313	PPIL4	down	residual	absent	absent
late_allcell	original_late_allcell	85315	PAQR8	down	residual	absent	absent
late_allcell	original_late_allcell	85329	LGALS12	up	residual	absent	absent
late_allcell	original_late_allcell	85352	SHISAL1	down	residual	absent	absent
late_allcell	original_late_allcell	85358	SHANK3	up	residual	absent	absent
late_allcell	original_late_allcell	85378	TUBGCP6	up	residual	absent	absent
late_allcell	original_late_allcell	85395	SLX9	up	excluded_partner_unresolved	conflict	within_source_direction_conflict
late_allcell	original_late_allcell	85397	RGS8	up	residual	absent	absent
late_allcell	original_late_allcell	85407	NKD1	up	residual	absent	absent
late_allcell	original_late_allcell	85409	NKD2	up	residual	absent	absent
late_allcell	original_late_allcell	85416	ZIC5	down	residual	absent	absent
late_allcell	original_late_allcell	8544	PIR	up	residual	absent	absent
late_allcell	original_late_allcell	85443	DCLK3	up	residual	absent	absent
late_allcell	original_late_allcell	85450	ITPRIP	up	residual	absent	absent
late_allcell	original_late_allcell	85451	UNK	up	residual	absent	absent
late_allcell	original_late_allcell	85462	FHDC1	down	residual	absent	absent
late_allcell	original_late_allcell	85465	SELENOI	down	residual	absent	absent
late_allcell	original_late_allcell	8547	FCN3	up	residual	absent	absent
late_allcell	original_late_allcell	85474	LBX2	up	residual	absent	absent
late_allcell	original_late_allcell	8549	LGR5	down	residual	absent	absent
late_allcell	original_late_allcell	85508	SCRT2	down	residual	absent	absent
late_allcell	original_late_allcell	8553	BHLHE40	up	residual	absent	absent
late_allcell	original_late_allcell	8557	TCAP	up	residual	absent	absent
late_allcell	original_late_allcell	8560	DEGS1	down	residual	absent	absent
late_allcell	original_late_allcell	8565	YARS1	down	excluded_partner_unresolved	conflict	within_source_direction_conflict
late_allcell	original_late_allcell	8568	RRP1	up	residual	absent	absent
late_allcell	original_late_allcell	8569	MKNK1	up	residual	absent	absent
late_allcell	original_late_allcell	8601	RGS20	up	residual	absent	absent
late_allcell	original_late_allcell	8605	PLA2G4C	up	residual	absent	absent
late_allcell	original_late_allcell	861	RUNX1	up	residual	absent	absent
late_allcell	original_late_allcell	8612	PLPP2	up	residual	absent	absent
late_allcell	original_late_allcell	8613	PLPP3	up	residual	absent	absent
late_allcell	original_late_allcell	8618	CADPS	down	residual	absent	absent
late_allcell	original_late_allcell	862	RUNX1T1	up	residual	absent	absent
late_allcell	original_late_allcell	8629	JRK	up	residual	absent	absent
late_allcell	original_late_allcell	863	CBFA2T3	up	residual	absent	absent
late_allcell	original_late_allcell	8637	EIF4EBP3	down	residual	absent	absent
late_allcell	original_late_allcell	8639	AOC3	up	residual	absent	absent
late_allcell	original_late_allcell	8642	DCHS1	up	residual	absent	absent
late_allcell	original_late_allcell	8646	CHRD	up	residual	absent	absent
late_allcell	original_late_allcell	8647	ABCB11	up	residual	absent	absent
late_allcell	original_late_allcell	8649	LAMTOR3	down	residual	absent	absent
late_allcell	original_late_allcell	8651	SOCS1	up	residual	absent	absent
late_allcell	original_late_allcell	8659	ALDH4A1	down	residual	absent	absent
late_allcell	original_late_allcell	8660	IRS2	up	residual	absent	absent
late_allcell	original_late_allcell	8671	SLC4A4	down	residual	absent	absent
late_allcell	original_late_allcell	8676	STX11	up	residual	absent	absent
late_allcell	original_late_allcell	868	CBLB	up	residual	absent	absent
late_allcell	original_late_allcell	8694	DGAT1	up	residual	absent	absent
late_allcell	original_late_allcell	8698	S1PR4	up	residual	absent	absent
late_allcell	original_late_allcell	8706	B3GALNT1	down	residual	absent	absent
late_allcell	original_late_allcell	8707	B3GALT2	down	residual	absent	absent
late_allcell	original_late_allcell	8708	B3GALT1	down	residual	absent	absent
late_allcell	original_late_allcell	8711	TNK1	up	residual	absent	absent
late_allcell	original_late_allcell	8714	ABCC3	up	residual	absent	absent
late_allcell	original_late_allcell	8718	TNFRSF25	up	residual	absent	absent
late_allcell	original_late_allcell	8736	MYOM1	up	residual	absent	absent
late_allcell	original_late_allcell	8739	HRK	up	residual	absent	absent
late_allcell	original_late_allcell	87769	GGACT	up	residual	absent	absent
late_allcell	original_late_allcell	8786	RGS11	up	residual	absent	absent
late_allcell	original_late_allcell	8792	TNFRSF11A	down	residual	absent	absent
late_allcell	original_late_allcell	8793	TNFRSF10D	up	residual	absent	absent
late_allcell	original_late_allcell	8795	TNFRSF10B	up	residual	absent	absent
late_allcell	original_late_allcell	8796	SCEL	up	residual	absent	absent
late_allcell	original_late_allcell	8803	SUCLA2	down	residual	absent	absent
late_allcell	original_late_allcell	8807	IL18RAP	up	residual	absent	absent
late_allcell	original_late_allcell	881	CCIN	up	residual	absent	absent
late_allcell	original_late_allcell	8829	NRP1	up	residual	absent	absent
late_allcell	original_late_allcell	883	KYAT1	up	residual	absent	absent
late_allcell	original_late_allcell	8831	SYNGAP1	up	residual	absent	absent
late_allcell	original_late_allcell	8836	GGH	down	residual	absent	absent
late_allcell	original_late_allcell	8839	CCN5	up	residual	absent	absent
late_allcell	original_late_allcell	8843	HCAR3	up	residual	absent	absent
late_allcell	original_late_allcell	8844	KSR1	up	residual	absent	absent
late_allcell	original_late_allcell	8848	TSC22D1	down	residual	absent	absent
late_allcell	original_late_allcell	885	CCK	down	core	down	eligible
late_allcell	original_late_allcell	8859	WHR1	up	residual	absent	absent
late_allcell	original_late_allcell	886	CCKAR	down	residual	absent	absent
late_allcell	original_late_allcell	8877	SPHK1	up	residual	absent	absent
late_allcell	original_late_allcell	8891	EIF2B3	up	residual	absent	absent
late_allcell	original_late_allcell	8900	CCNA1	down	residual	absent	absent
late_allcell	original_late_allcell	8905	AP1S2	down	residual	absent	absent
late_allcell	original_late_allcell	8906	AP1G2	up	core	up	eligible
late_allcell	original_late_allcell	891	CCNB1	down	residual	absent	absent
late_allcell	original_late_allcell	8910	SGCE	down	residual	absent	absent
late_allcell	original_late_allcell	8912	CACNA1H	up	residual	absent	absent
late_allcell	original_late_allcell	8927	BSN	down	residual	absent	absent
late_allcell	original_late_allcell	8929	PHOX2B	down	residual	absent	absent
late_allcell	original_late_allcell	8936	WASF1	down	residual	absent	absent
late_allcell	original_late_allcell	8941	CDK5R2	down	residual	absent	absent
late_allcell	original_late_allcell	8973	CHRNA6	down	residual	absent	absent
late_allcell	original_late_allcell	89846	FGD3	up	residual	absent	absent
late_allcell	original_late_allcell	89848	FCHSD1	up	residual	absent	absent
late_allcell	original_late_allcell	89849	ATG16L2	up	residual	absent	absent
late_allcell	original_late_allcell	8989	TRPA1	down	core	down	eligible
late_allcell	original_late_allcell	89890	KBTBD6	down	residual	absent	absent
late_allcell	original_late_allcell	89891	DYNC2I2	up	excluded_cross_source_opposed	down	eligible
late_allcell	original_late_allcell	899	CCNF	up	core	up	eligible
late_allcell	original_late_allcell	8991	SELENBP1	up	residual	absent	absent
late_allcell	original_late_allcell	8992	ATP6V0E1	down	residual	absent	absent
late_allcell	original_late_allcell	8994	LIMD1	up	residual	absent	absent
late_allcell	original_late_allcell	89958	SAPCD2	down	residual	absent	absent
late_allcell	original_late_allcell	8996	NOL3	up	residual	absent	absent
late_allcell	original_late_allcell	8999	CDKL2	down	residual	absent	absent
late_allcell	original_late_allcell	90007	MIDN	up	residual	absent	absent
late_allcell	original_late_allcell	9001	HAP1	up	residual	absent	absent
late_allcell	original_late_allcell	90113	VWA5B2	down	residual	absent	absent
late_allcell	original_late_allcell	90134	KCNH7	down	residual	absent	absent
late_allcell	original_late_allcell	90139	TSPAN18	down	residual	absent	absent
late_allcell	original_late_allcell	90161	HS6ST2	down	residual	absent	absent
late_allcell	original_late_allcell	90203	SNX21	up	residual	absent	absent
late_allcell	original_late_allcell	9024	BRSK2	down	residual	absent	absent
late_allcell	original_late_allcell	9026	HIP1R	up	residual	absent	absent
late_allcell	original_late_allcell	90273	CEACAM21	down	residual	absent	absent
late_allcell	original_late_allcell	90355	MACIR	down	excluded_partner_unresolved	conflict	within_source_direction_conflict
late_allcell	original_late_allcell	90362	FAM110B	up	residual	absent	absent
late_allcell	original_late_allcell	9040	UBE2M	down	residual	absent	absent
late_allcell	original_late_allcell	90427	BMF	up	residual	absent	absent
late_allcell	original_late_allcell	9046	DOK2	up	residual	absent	absent
late_allcell	original_late_allcell	9047	SH2D2A	up	residual	absent	absent
late_allcell	original_late_allcell	90507	SCRN2	up	residual	absent	absent
late_allcell	original_late_allcell	9051	PSTPIP1	up	residual	absent	absent
late_allcell	original_late_allcell	90525	SHF	up	residual	absent	absent
late_allcell	original_late_allcell	90527	DUOXA1	up	residual	absent	absent
late_allcell	original_late_allcell	90592	ZNF700	down	residual	absent	absent
late_allcell	original_late_allcell	90594	ZNF439	down	residual	absent	absent
late_allcell	original_late_allcell	9061	PAPSS1	down	residual	absent	absent
late_allcell	original_late_allcell	90634	N4BP2L1	down	core	down	eligible
late_allcell	original_late_allcell	9066	SYT7	down	residual	absent	absent
late_allcell	original_late_allcell	90665	TBL1Y	up	residual	absent	absent
late_allcell	original_late_allcell	90668	CARMIL3	down	residual	absent	absent
late_allcell	original_late_allcell	9068	ANGPTL1	up	residual	absent	absent
late_allcell	original_late_allcell	9069	CLDN12	down	residual	absent	absent
late_allcell	original_late_allcell	90693	CCDC126	down	residual	absent	absent
late_allcell	original_late_allcell	9076	CLDN1	down	residual	absent	absent
late_allcell	original_late_allcell	90780	PYGO2	up	residual	absent	absent
late_allcell	original_late_allcell	90806	ANGEL2	down	residual	absent	absent
late_allcell	original_late_allcell	90835	CFAP119	down	excluded_partner_unresolved	conflict	within_source_direction_conflict
late_allcell	original_late_allcell	9087	TMSB4Y	down	residual	absent	absent
late_allcell	original_late_allcell	90874	ZNF697	up	residual	absent	absent
late_allcell	original_late_allcell	90952	ESAM	up	residual	absent	absent
late_allcell	original_late_allcell	9096	TBX18	up	residual	absent	absent
late_allcell	original_late_allcell	91039	DPP9	up	residual	absent	absent
late_allcell	original_late_allcell	9108	MTMR7	down	residual	absent	absent
late_allcell	original_late_allcell	91137	SLC25A46	down	residual	absent	absent
late_allcell	original_late_allcell	91156	IGFN1	up	residual	absent	absent
late_allcell	original_late_allcell	9118	INA	down	residual	absent	absent
late_allcell	original_late_allcell	912	CD1D	down	residual	absent	absent
late_allcell	original_late_allcell	9121	SLC16A5	up	residual	absent	absent
late_allcell	original_late_allcell	9122	SLC16A4	down	residual	absent	absent
late_allcell	original_late_allcell	9130	FAM50A	up	residual	absent	absent
late_allcell	original_late_allcell	9135	RABEP1	up	residual	absent	absent
late_allcell	original_late_allcell	9136	RRP9	up	residual	absent	absent
late_allcell	original_late_allcell	91368	XTBD1	down	residual	absent	absent
late_allcell	original_late_allcell	9140	ATG12	down	residual	absent	absent
late_allcell	original_late_allcell	9143	SYNGR3	down	residual	absent	absent
late_allcell	original_late_allcell	91433	RCCD1	up	residual	absent	absent
late_allcell	original_late_allcell	91461	PKDCC	up	residual	absent	absent
late_allcell	original_late_allcell	91574	MTRFR	up	excluded_partner_unresolved	conflict	within_source_direction_conflict
late_allcell	original_late_allcell	9159	PCSK7	up	residual	absent	absent
late_allcell	original_late_allcell	91608	RASL10B	up	residual	absent	absent
late_allcell	original_late_allcell	91614	DEPDC7	down	residual	absent	absent
late_allcell	original_late_allcell	91653	BOC	up	residual	absent	absent
late_allcell	original_late_allcell	91752	ZNF804A	down	residual	absent	absent
late_allcell	original_late_allcell	91862	MARVELD3	down	residual	absent	absent
late_allcell	original_late_allcell	91894	C11orf52	up	residual	absent	absent
late_allcell	original_late_allcell	9196	KCNAB3	up	residual	absent	absent
late_allcell	original_late_allcell	920	CD4	down	residual	absent	absent
late_allcell	original_late_allcell	92002	CCNQ	down	residual	absent	absent
late_allcell	original_late_allcell	9211	LGI1	down	core	down	eligible
late_allcell	original_late_allcell	92270	ATP6AP1L	down	core	down	eligible
late_allcell	original_late_allcell	9228	DLGAP2	down	residual	absent	absent
late_allcell	original_late_allcell	9229	DLGAP1	down	residual	absent	absent
late_allcell	original_late_allcell	92291	CAPN13	down	residual	absent	absent
late_allcell	original_late_allcell	92293	TMEM132C	up	residual	absent	absent
late_allcell	original_late_allcell	92304	SCGB3A1	down	residual	absent	absent
late_allcell	original_late_allcell	9232	PTTG1	down	residual	absent	absent
late_allcell	original_late_allcell	9235	IL32	up	residual	absent	absent
late_allcell	original_late_allcell	9244	CRLF1	up	residual	absent	absent
late_allcell	original_late_allcell	92482	BBIP1	down	residual	absent	absent
late_allcell	original_late_allcell	9254	CACNA2D2	down	residual	absent	absent
late_allcell	original_late_allcell	92597	MOB1B	down	residual	absent	absent
late_allcell	original_late_allcell	92610	TIFA	down	residual	absent	absent
late_allcell	original_late_allcell	92689	FAM114A1	up	residual	absent	absent
late_allcell	original_late_allcell	92703	TMEM183A	down	residual	absent	absent
late_allcell	original_late_allcell	92737	DNER	down	residual	absent	absent
late_allcell	original_late_allcell	92822	ZNF276	up	residual	absent	absent
late_allcell	original_late_allcell	92840	REEP6	down	residual	absent	absent
late_allcell	original_late_allcell	929	CD14	down	residual	absent	absent
late_allcell	original_late_allcell	9296	ATP6V1F	down	residual	absent	absent
late_allcell	original_late_allcell	9308	CD83	up	residual	absent	absent
late_allcell	original_late_allcell	93109	TMEM44	up	residual	absent	absent
late_allcell	original_late_allcell	9312	KCNB2	down	residual	absent	absent
late_allcell	original_late_allcell	9319	TRIP13	down	residual	absent	absent
late_allcell	original_late_allcell	9322	TRIP10	up	residual	absent	absent
late_allcell	original_late_allcell	93233	ODAD1	up	excluded_partner_unresolved	conflict	within_source_direction_conflict
late_allcell	original_late_allcell	9328	GTF3C5	up	residual	absent	absent
late_allcell	original_late_allcell	9331	B4GALT6	down	residual	absent	absent
late_allcell	original_late_allcell	93380	MMGT1	down	residual	absent	absent
late_allcell	original_late_allcell	93426	SYCE1	up	residual	absent	absent
late_allcell	original_late_allcell	93432	MGAM2	down	residual	absent	absent
late_allcell	original_late_allcell	93487	MAPK1IP1L	down	residual	absent	absent
late_allcell	original_late_allcell	9356	SLC22A6	down	residual	absent	absent
late_allcell	original_late_allcell	9362	CPNE6	down	residual	absent	absent
late_allcell	original_late_allcell	93621	MRFAP1	down	residual	absent	absent
late_allcell	original_late_allcell	9363	RAB33A	down	residual	absent	absent
late_allcell	original_late_allcell	93649	MYOCD	up	residual	absent	absent
late_allcell	original_late_allcell	9368	NHERF1	down	excluded_partner_unresolved	conflict	within_source_direction_conflict
late_allcell	original_late_allcell	9370	ADIPOQ	up	residual	absent	absent
late_allcell	original_late_allcell	9375	TM9SF2	down	residual	absent	absent
late_allcell	original_late_allcell	9378	NRXN1	up	residual	absent	absent
late_allcell	original_late_allcell	9388	LIPG	down	core	down	eligible
late_allcell	original_late_allcell	94	ACVRL1	up	residual	absent	absent
late_allcell	original_late_allcell	9401	RECQL4	up	residual	absent	absent
late_allcell	original_late_allcell	94031	HTRA3	up	residual	absent	absent
late_allcell	original_late_allcell	94032	CAMK2N2	down	residual	absent	absent
late_allcell	original_late_allcell	94059	LENG9	up	residual	absent	absent
late_allcell	original_late_allcell	94103	ORMDL3	up	residual	absent	absent
late_allcell	original_late_allcell	9420	CYP7B1	down	core	down	eligible
late_allcell	original_late_allcell	94234	FOXQ1	down	residual	absent	absent
late_allcell	original_late_allcell	9427	ECEL1	down	residual	absent	absent
late_allcell	original_late_allcell	94274	PPP1R14A	up	residual	absent	absent
late_allcell	original_late_allcell	9429	ABCG2	down	residual	absent	absent
late_allcell	original_late_allcell	9447	AIM2	down	residual	absent	absent
late_allcell	original_late_allcell	9453	GGPS1	down	residual	absent	absent
late_allcell	original_late_allcell	9457	FHL5	up	residual	absent	absent
late_allcell	original_late_allcell	9465	AKAP7	down	residual	absent	absent
late_allcell	original_late_allcell	9468	PCYT1B	down	residual	absent	absent
late_allcell	original_late_allcell	9469	CHST3	up	residual	absent	absent
late_allcell	original_late_allcell	9476	NAPSA	up	residual	absent	absent
late_allcell	original_late_allcell	9479	MAPK8IP1	down	residual	absent	absent
late_allcell	original_late_allcell	948	CD36	up	residual	absent	absent
late_allcell	original_late_allcell	9482	STX8	up	residual	absent	absent
late_allcell	original_late_allcell	9489	PGS1	up	residual	absent	absent
late_allcell	original_late_allcell	9493	KIF23	down	residual	absent	absent
late_allcell	original_late_allcell	9507	ADAMTS4	up	residual	absent	absent
late_allcell	original_late_allcell	9509	ADAMTS2	up	residual	absent	absent
late_allcell	original_late_allcell	9514	GAL3ST1	down	residual	absent	absent
late_allcell	original_late_allcell	9515	STXBP5L	down	residual	absent	absent
late_allcell	original_late_allcell	9522	SCAMP1	down	residual	absent	absent
late_allcell	original_late_allcell	9524	TECR	down	residual	absent	absent
late_allcell	original_late_allcell	9528	TMEM59	down	residual	absent	absent
late_allcell	original_late_allcell	9530	BAG4	down	residual	absent	absent
late_allcell	original_late_allcell	9545	RAB3D	down	residual	absent	absent
late_allcell	original_late_allcell	9550	ATP6V1G1	down	residual	absent	absent
late_allcell	original_late_allcell	9551	ATP5MF	down	residual	absent	absent
late_allcell	original_late_allcell	9555	MACROH2A1	up	excluded_partner_unresolved	conflict	within_source_direction_conflict
late_allcell	original_late_allcell	956	ENTPD3	down	core	down	eligible
late_allcell	original_late_allcell	9562	MINPP1	down	residual	absent	absent
late_allcell	original_late_allcell	9564	BCAR1	up	residual	absent	absent
late_allcell	original_late_allcell	9567	GTPBP1	up	residual	absent	absent
late_allcell	original_late_allcell	9568	GABBR2	down	residual	absent	absent
late_allcell	original_late_allcell	9572	NR1D1	up	residual	absent	absent
late_allcell	original_late_allcell	9584	RBM39	up	residual	absent	absent
late_allcell	original_late_allcell	9586	CREB5	up	residual	absent	absent
late_allcell	original_late_allcell	961	CD47	down	residual	absent	absent
late_allcell	original_late_allcell	9615	GDA	down	residual	absent	absent
late_allcell	original_late_allcell	9628	RGS6	up	residual	absent	absent
late_allcell	original_late_allcell	9630	GNA14	up	residual	absent	absent
late_allcell	original_late_allcell	9641	IKBKE	up	residual	absent	absent
late_allcell	original_late_allcell	9644	SH3PXD2A	up	residual	absent	absent
late_allcell	original_late_allcell	9647	PPM1F	up	residual	absent	absent
late_allcell	original_late_allcell	965	CD58	down	residual	absent	absent
late_allcell	original_late_allcell	9650	MTFR1	up	residual	absent	absent
late_allcell	original_late_allcell	9653	HS2ST1	down	residual	absent	absent
late_allcell	original_late_allcell	9655	SOCS5	down	residual	absent	absent
late_allcell	original_late_allcell	9666	DZIP3	down	residual	absent	absent
late_allcell	original_late_allcell	9667	SAFB2	up	residual	absent	absent
late_allcell	original_late_allcell	9671	WSCD2	up	residual	absent	absent
late_allcell	original_late_allcell	9674	KIAA0040	up	core	up	eligible
late_allcell	original_late_allcell	9679	FAM53B	up	residual	absent	absent
late_allcell	original_late_allcell	9690	UBE3C	down	residual	absent	absent
late_allcell	original_late_allcell	9696	CROCC	up	residual	absent	absent
late_allcell	original_late_allcell	9697	TRAM2	up	residual	absent	absent
late_allcell	original_late_allcell	9699	RIMS2	down	residual	absent	absent
late_allcell	original_late_allcell	9704	DHX34	up	residual	absent	absent
late_allcell	original_late_allcell	9711	RUBCN	up	residual	absent	absent
late_allcell	original_late_allcell	9718	ECE2	down	residual	absent	absent
late_allcell	original_late_allcell	9723	SEMA3E	down	residual	absent	absent
late_allcell	original_late_allcell	9727	RAB11FIP3	up	residual	absent	absent
late_allcell	original_late_allcell	9741	LAPTM4A	down	residual	absent	absent
late_allcell	original_late_allcell	9744	ACAP1	up	residual	absent	absent
late_allcell	original_late_allcell	975	CD81	down	residual	absent	absent
late_allcell	original_late_allcell	9755	TBKBP1	up	residual	absent	absent
late_allcell	original_late_allcell	9758	FRMPD4	down	residual	absent	absent
late_allcell	original_late_allcell	976	ADGRE5	up	residual	absent	absent
late_allcell	original_late_allcell	9781	RNF144A	up	residual	absent	absent
late_allcell	original_late_allcell	9788	MTSS1	up	residual	absent	absent
late_allcell	original_late_allcell	9791	PTDSS1	down	residual	absent	absent
late_allcell	original_late_allcell	9797	TATDN2	up	residual	absent	absent
late_allcell	original_late_allcell	9802	DAZAP2	down	residual	absent	absent
late_allcell	original_late_allcell	9804	TOMM20	down	residual	absent	absent
late_allcell	original_late_allcell	9806	SPOCK2	down	residual	absent	absent
late_allcell	original_late_allcell	9810	RNF40	up	residual	absent	absent
late_allcell	original_late_allcell	9814	SFI1	up	residual	absent	absent
late_allcell	original_late_allcell	9846	GAB2	up	residual	absent	absent
late_allcell	original_late_allcell	9848	MFAP3L	down	residual	absent	absent
late_allcell	original_late_allcell	9863	MAGI2	down	residual	absent	absent
late_allcell	original_late_allcell	9868	TOMM70	down	residual	absent	absent
late_allcell	original_late_allcell	9880	ZBTB39	up	residual	absent	absent
late_allcell	original_late_allcell	9881	TRANK1	up	residual	absent	absent
late_allcell	original_late_allcell	9885	OSBPL2	up	residual	absent	absent
late_allcell	original_late_allcell	989	SEPTIN7	down	residual	absent	absent
late_allcell	original_late_allcell	9891	NUAK1	up	residual	absent	absent
late_allcell	original_late_allcell	9892	SNAP91	down	residual	absent	absent
late_allcell	original_late_allcell	9894	TELO2	up	residual	absent	absent
late_allcell	original_late_allcell	9899	SV2B	down	residual	absent	absent
late_allcell	original_late_allcell	9901	SRGAP3	down	residual	absent	absent
late_allcell	original_late_allcell	9904	RBM19	up	residual	absent	absent
late_allcell	original_late_allcell	9907	AP5Z1	up	residual	absent	absent
late_allcell	original_late_allcell	9909	DENND4B	up	residual	absent	absent
late_allcell	original_late_allcell	9915	ARNT2	down	residual	absent	absent
late_allcell	original_late_allcell	9917	FAM20B	down	residual	absent	absent
late_allcell	original_late_allcell	9922	IQSEC1	up	residual	absent	absent
late_allcell	original_late_allcell	9935	MAFB	up	residual	absent	absent
late_allcell	original_late_allcell	9936	CD302	down	residual	absent	absent
late_allcell	original_late_allcell	9946	CRYZL1	up	residual	absent	absent
late_allcell	original_late_allcell	9951	HS3ST4	down	residual	absent	absent
late_allcell	original_late_allcell	996	CDC27	down	residual	absent	absent
late_allcell	original_late_allcell	9968	MED12	up	residual	absent	absent
late_allcell	original_late_allcell	9978	RBX1	down	residual	absent	absent
late_allcell	original_late_allcell	9986	RCE1	up	core	up	eligible
late_neuron	original_late_neuron	100128569	TEKTIP1	down	excluded_partner_unresolved	conflict	within_source_direction_conflict
late_neuron	original_late_neuron	100130539	LINC02881	down	excluded_cross_source_opposed	up	eligible
late_neuron	original_late_neuron	100288142	NBPF20	up	residual	absent	absent
late_neuron	original_late_neuron	100293516	ZNF587B	up	residual	absent	absent
late_neuron	original_late_neuron	100316904	SAP25	down	residual	absent	absent
late_neuron	original_late_neuron	100421372	MSANTD7	up	residual	absent	absent
late_neuron	original_late_neuron	100506012	PPP5D1P	down	residual	absent	absent
late_neuron	original_late_neuron	10058	ABCB6	down	residual	absent	absent
late_neuron	original_late_neuron	100996693	SPEGNB	down	core	down	eligible
late_neuron	original_late_neuron	101060226	NBPF19	up	residual	absent	absent
late_neuron	original_late_neuron	10116	FEM1B	down	core	down	eligible
late_neuron	original_late_neuron	10157	AASS	down	residual	absent	absent
late_neuron	original_late_neuron	10162	LPCAT3	down	residual	absent	absent
late_neuron	original_late_neuron	10163	WASF2	down	residual	absent	absent
late_neuron	original_late_neuron	10184	LHFPL2	down	residual	absent	absent
late_neuron	original_late_neuron	10217	CTDSPL	down	residual	absent	absent
late_neuron	original_late_neuron	102723859	TBC1D3E	up	core	up	eligible
late_neuron	original_late_neuron	10365	KLF2	down	residual	absent	absent
late_neuron	original_late_neuron	10376	TUBA1B	up	residual	absent	absent
late_neuron	original_late_neuron	10395	DLC1	down	excluded_cross_source_opposed	up	eligible
late_neuron	original_late_neuron	10475	TRIM38	up	residual	absent	absent
late_neuron	original_late_neuron	10516	FBLN5	down	core	down	eligible
late_neuron	original_late_neuron	1052	CEBPD	up	residual	absent	absent
late_neuron	original_late_neuron	10594	PRPF8	down	residual	absent	absent
late_neuron	original_late_neuron	10673	TNFSF13B	up	residual	absent	absent
late_neuron	original_late_neuron	10682	EBP	up	residual	absent	absent
late_neuron	original_late_neuron	107075310	MTCO2P12	up	residual	absent	absent
late_neuron	original_late_neuron	10766	TOB2	down	residual	absent	absent
late_neuron	original_late_neuron	10791	VAMP5	up	residual	absent	absent
late_neuron	original_late_neuron	10800	CYSLTR1	down	core	down	eligible
late_neuron	original_late_neuron	10818	FRS2	down	residual	absent	absent
late_neuron	original_late_neuron	10894	LYVE1	up	residual	absent	absent
late_neuron	original_late_neuron	10924	SMPDL3A	down	core	down	eligible
late_neuron	original_late_neuron	10973	ASCC3	down	residual	absent	absent
late_neuron	original_late_neuron	1102	RCBTB2	down	residual	absent	absent
late_neuron	original_late_neuron	11065	UBE2C	down	residual	absent	absent
late_neuron	original_late_neuron	11067	DEPP1	down	excluded_cross_source_opposed	up	eligible
late_neuron	original_late_neuron	11116	CEP43	up	residual	absent	absent
late_neuron	original_late_neuron	11149	POPDC1	down	core	down	eligible
late_neuron	original_late_neuron	11190	CEP250	up	core	up	eligible
late_neuron	original_late_neuron	11228	RASSF8	down	residual	absent	absent
late_neuron	original_late_neuron	11238	CA5B	down	residual	absent	absent
late_neuron	original_late_neuron	112441430	SCYGR4	up	residual	absent	absent
late_neuron	original_late_neuron	112577462	OOSP4A	up	residual	absent	absent
late_neuron	original_late_neuron	112703	GARIN5A	up	excluded_cross_source_opposed	down	eligible
late_neuron	original_late_neuron	11278	KLF12	down	residual	absent	absent
late_neuron	original_late_neuron	113277	TMEM106A	down	residual	absent	absent
late_neuron	original_late_neuron	113402	SFT2D1	down	residual	absent	absent
late_neuron	original_late_neuron	113763	ZBED10P	down	residual	absent	absent
late_neuron	original_late_neuron	114897	C1QTNF1	down	excluded_cross_source_opposed	up	eligible
late_neuron	original_late_neuron	114898	C1QTNF2	down	residual	absent	absent
late_neuron	original_late_neuron	115123	MARCHF3	down	excluded_cross_source_opposed	up	eligible
late_neuron	original_late_neuron	115207	KCTD12	up	residual	absent	absent
late_neuron	original_late_neuron	115825	WDFY2	down	residual	absent	absent
late_neuron	original_late_neuron	115948	ODAD3	up	core	up	eligible
late_neuron	original_late_neuron	116135	LRRC3B	down	core	down	eligible
late_neuron	original_late_neuron	116224	PABIR1	down	core	down	eligible
late_neuron	original_late_neuron	116444	GRIN3B	up	residual	absent	absent
late_neuron	original_late_neuron	116984	ARAP2	down	residual	absent	absent
late_neuron	original_late_neuron	118460	EXOSC6	up	residual	absent	absent
late_neuron	original_late_neuron	120356739	LRRC51	up	residual	absent	absent
late_neuron	original_late_neuron	120376	POU2AF3	down	excluded_cross_source_opposed	up	eligible
late_neuron	original_late_neuron	121512	FGD4	down	residual	absent	absent
late_neuron	original_late_neuron	123283	TARS3	up	residual	absent	absent
late_neuron	original_late_neuron	124274	GPR139	down	core	down	eligible
late_neuron	original_late_neuron	124411	KRABD5	down	excluded_partner_unresolved	conflict	within_source_direction_conflict
late_neuron	original_late_neuron	125476	INO80C	up	residual	absent	absent
late_neuron	original_late_neuron	126820	DNAI3	down	core	down	eligible
late_neuron	original_late_neuron	129881	CFAP210	down	core	down	eligible
late_neuron	original_late_neuron	130576	LYPD6B	down	core	down	eligible
late_neuron	original_late_neuron	133396	IL31RA	down	core	down	eligible
late_neuron	original_late_neuron	134121	CFAP90	up	residual	absent	absent
late_neuron	original_late_neuron	134147	CMBL	down	residual	absent	absent
late_neuron	original_late_neuron	135152	B3GAT2	down	core	down	eligible
late_neuron	original_late_neuron	1368	CPM	down	residual	absent	absent
late_neuron	original_late_neuron	138162	PIERCE1	down	core	down	eligible
late_neuron	original_late_neuron	1410	CRYAB	down	residual	absent	absent
late_neuron	original_late_neuron	143888	POGLUT3	down	core	down	eligible
late_neuron	original_late_neuron	144347	RFLNA	down	residual	absent	absent
late_neuron	original_late_neuron	1465	CSRP1	down	residual	absent	absent
late_neuron	original_late_neuron	146562	DNAAF8	up	residual	absent	absent
late_neuron	original_late_neuron	147991	DPY19L3	down	residual	absent	absent
late_neuron	original_late_neuron	1490	CCN2	down	core	down	eligible
late_neuron	original_late_neuron	149478	BTBD19	down	residual	absent	absent
late_neuron	original_late_neuron	1512	CTSH	down	residual	absent	absent
late_neuron	original_late_neuron	152078	SLC66A1LP	down	excluded_cross_source_opposed	up	eligible
late_neuron	original_late_neuron	152503	SH3D19	down	residual	absent	absent
late_neuron	original_late_neuron	154	ADRB2	up	core	up	eligible
late_neuron	original_late_neuron	1562	CYP2C18	up	residual	absent	absent
late_neuron	original_late_neuron	157657	CFAP418	up	core	up	eligible
late_neuron	original_late_neuron	157680	VPS13B	down	residual	absent	absent
late_neuron	original_late_neuron	159090	PABIR2	down	residual	absent	absent
late_neuron	original_late_neuron	159091	PABIR3	up	residual	absent	absent
late_neuron	original_late_neuron	159195	USP54	down	residual	absent	absent
late_neuron	original_late_neuron	1601	DAB2	up	residual	absent	absent
late_neuron	original_late_neuron	160851	DGKH	down	core	down	eligible
late_neuron	original_late_neuron	1620	BRINP1	down	core	down	eligible
late_neuron	original_late_neuron	1647	GADD45A	up	residual	absent	absent
late_neuron	original_late_neuron	170691	ADAMTS17	up	core	up	eligible
late_neuron	original_late_neuron	1728	NQO1	down	excluded_cross_source_opposed	up	eligible
late_neuron	original_late_neuron	1730	DIAPH2	down	core	down	eligible
late_neuron	original_late_neuron	1739	DLG1	down	residual	absent	absent
late_neuron	original_late_neuron	177	AGER	down	residual	absent	absent
late_neuron	original_late_neuron	1806	DPYD	down	residual	absent	absent
late_neuron	original_late_neuron	1909	EDNRA	down	core	down	eligible
late_neuron	original_late_neuron	200424	TET3	up	core	up	eligible
late_neuron	original_late_neuron	200576	PIKFYVE	down	residual	absent	absent
late_neuron	original_late_neuron	200810	ALG1L1P	down	residual	absent	absent
late_neuron	original_late_neuron	200844	CFAP20DC	down	residual	absent	absent
late_neuron	original_late_neuron	201163	FLCN	up	core	up	eligible
late_neuron	original_late_neuron	202151	RANBP3L	down	residual	absent	absent
late_neuron	original_late_neuron	203100	HTRA4	up	residual	absent	absent
late_neuron	original_late_neuron	2045	EPHA7	down	residual	absent	absent
late_neuron	original_late_neuron	214	ALCAM	down	core	down	eligible
late_neuron	original_late_neuron	2189	FANCG	up	core	up	eligible
late_neuron	original_late_neuron	219854	TMEM218	up	residual	absent	absent
late_neuron	original_late_neuron	220108	FAM124A	up	residual	absent	absent
late_neuron	original_late_neuron	220441	RNF152	down	excluded_cross_source_opposed	up	eligible
late_neuron	original_late_neuron	221395	ADGRF5	up	core	up	eligible
late_neuron	original_late_neuron	221416	LINC03040	up	excluded_partner_unresolved	conflict	within_source_direction_conflict
late_neuron	original_late_neuron	22858	CILK1	down	residual	absent	absent
late_neuron	original_late_neuron	2289	FKBP5	down	residual	absent	absent
late_neuron	original_late_neuron	22890	ZBTB1	down	residual	absent	absent
late_neuron	original_late_neuron	23024	PDZRN3	down	residual	absent	absent
late_neuron	original_late_neuron	23041	MON2	down	residual	absent	absent
late_neuron	original_late_neuron	23155	CLCC1	down	residual	absent	absent
late_neuron	original_late_neuron	23179	RGL1	down	residual	absent	absent
late_neuron	original_late_neuron	23187	PHLDB1	down	residual	absent	absent
late_neuron	original_late_neuron	23247	KATNIP	down	residual	absent	absent
late_neuron	original_late_neuron	23347	SMCHD1	down	residual	absent	absent
late_neuron	original_late_neuron	2335	FN1	up	residual	absent	absent
late_neuron	original_late_neuron	23462	HEY1	down	residual	absent	absent
late_neuron	original_late_neuron	2355	FOSL2	down	residual	absent	absent
late_neuron	original_late_neuron	23555	TSPAN15	down	residual	absent	absent
late_neuron	original_late_neuron	23639	DNAAF11	up	residual	absent	absent
late_neuron	original_late_neuron	23768	FLRT2	down	residual	absent	absent
late_neuron	original_late_neuron	2487	FRZB	down	residual	absent	absent
late_neuron	original_late_neuron	25903	OLFML2B	down	residual	absent	absent
late_neuron	original_late_neuron	259293	TAS2R30	down	residual	absent	absent
late_neuron	original_late_neuron	25932	CLIC4	down	core	down	eligible
late_neuron	original_late_neuron	25960	ADGRA2	down	residual	absent	absent
late_neuron	original_late_neuron	26009	ZZZ3	up	residual	absent	absent
late_neuron	original_late_neuron	26032	SUSD5	down	residual	absent	absent
late_neuron	original_late_neuron	26033	ATRNL1	down	core	down	eligible
late_neuron	original_late_neuron	2617	GARS1	up	residual	absent	absent
late_neuron	original_late_neuron	2619	GAS1	down	residual	absent	absent
late_neuron	original_late_neuron	26231	FBXL9P	down	residual	absent	absent
late_neuron	original_late_neuron	2634	GBP2	up	core	up	eligible
late_neuron	original_late_neuron	26469	PTPN18	up	core	up	eligible
late_neuron	original_late_neuron	2650	GCNT1	up	residual	absent	absent
late_neuron	original_late_neuron	2678	GGT1	up	residual	absent	absent
late_neuron	original_late_neuron	27087	B3GAT1	down	core	down	eligible
late_neuron	original_late_neuron	27091	CACNG5	down	core	down	eligible
late_neuron	original_late_neuron	27112	NALF2	up	core	up	eligible
late_neuron	original_late_neuron	27250	PDCD4	down	residual	absent	absent
late_neuron	original_late_neuron	27346	TMEM97	up	excluded_cross_source_opposed	down	eligible
late_neuron	original_late_neuron	284325	ACTMAP	up	residual	absent	absent
late_neuron	original_late_neuron	28514	DLL1	up	core	up	eligible
late_neuron	original_late_neuron	2899	GRIK3	down	residual	absent	absent
late_neuron	original_late_neuron	29761	USP25	down	residual	absent	absent
late_neuron	original_late_neuron	29775	CARD10	up	core	up	eligible
late_neuron	original_late_neuron	29923	HILPDA	down	residual	absent	absent
late_neuron	original_late_neuron	29940	DSE	down	residual	absent	absent
late_neuron	original_late_neuron	30061	SLC40A1	down	residual	absent	absent
late_neuron	original_late_neuron	3065	HDAC1	down	residual	absent	absent
late_neuron	original_late_neuron	30820	KCNIP1	down	core	down	eligible
late_neuron	original_late_neuron	3162	HMOX1	up	core	up	eligible
late_neuron	original_late_neuron	317	APAF1	down	residual	absent	absent
late_neuron	original_late_neuron	3199	HOXA2	up	core	up	eligible
late_neuron	original_late_neuron	3202	HOXA5	down	excluded_cross_source_opposed	up	eligible
late_neuron	original_late_neuron	3213	HOXB3	down	residual	absent	absent
late_neuron	original_late_neuron	3316	HSPB2	down	residual	absent	absent
late_neuron	original_late_neuron	3359	HTR3A	down	core	down	eligible
late_neuron	original_late_neuron	338657	CENATAC	up	residual	absent	absent
late_neuron	original_late_neuron	338707	B4GALNT4	down	residual	absent	absent
late_neuron	original_late_neuron	339287	MSL1	down	residual	absent	absent
late_neuron	original_late_neuron	339834	IHO1	down	excluded_cross_source_opposed	up	eligible
late_neuron	original_late_neuron	340061	STING1	down	residual	absent	absent
late_neuron	original_late_neuron	340811	AKR1C8	up	core	up	eligible
late_neuron	original_late_neuron	342035	GLDN	down	residual	absent	absent
late_neuron	original_late_neuron	343450	KCNT2	down	residual	absent	absent
late_neuron	original_late_neuron	3437	IFIT3	up	excluded_cross_source_opposed	down	eligible
late_neuron	original_late_neuron	344148	NCKAP5	down	residual	absent	absent
late_neuron	original_late_neuron	346653	GARIN1A	up	core	up	eligible
late_neuron	original_late_neuron	349565	NMNAT3	down	residual	absent	absent
late_neuron	original_late_neuron	3500	IGHG1	up	residual	absent	absent
late_neuron	original_late_neuron	352954	CASTOR3P	down	residual	absent	absent
late_neuron	original_late_neuron	353267	RAMACL	up	core	up	eligible
late_neuron	original_late_neuron	358	AQP1	down	core	down	eligible
late_neuron	original_late_neuron	3636	INPPL1	down	residual	absent	absent
late_neuron	original_late_neuron	3687	ITGAX	up	core	up	eligible
late_neuron	original_late_neuron	3726	JUNB	down	residual	absent	absent
late_neuron	original_late_neuron	3732	CD82	down	residual	absent	absent
late_neuron	original_late_neuron	374286	FBXW10B	down	excluded_cross_source_opposed	up	eligible
late_neuron	original_late_neuron	3747	KCNC2	down	core	down	eligible
late_neuron	original_late_neuron	375387	NRROS	up	core	up	eligible
late_neuron	original_late_neuron	375790	AGRN	down	residual	absent	absent
late_neuron	original_late_neuron	387119	CEP85L	down	residual	absent	absent
late_neuron	original_late_neuron	387694	SH2D4B	up	residual	absent	absent
late_neuron	original_late_neuron	388228	SBK1	down	core	down	eligible
late_neuron	original_late_neuron	389289	ANXA2R	down	excluded_cross_source_opposed	up	eligible
late_neuron	original_late_neuron	3903	LAIR1	up	core	up	eligible
late_neuron	original_late_neuron	399665	EEIG1	down	residual	absent	absent
late_neuron	original_late_neuron	399687	MYO18A	down	residual	absent	absent
late_neuron	original_late_neuron	401494	HACD4	down	residual	absent	absent
late_neuron	original_late_neuron	402573	SPACDR	up	excluded_cross_source_opposed	down	eligible
late_neuron	original_late_neuron	4040	LRP6	down	residual	absent	absent
late_neuron	original_late_neuron	4072	EPCAM	down	residual	absent	absent
late_neuron	original_late_neuron	4094	MAF	up	residual	absent	absent
late_neuron	original_late_neuron	414059	TBC1D3B	up	core	up	eligible
late_neuron	original_late_neuron	4141	MARS1	up	residual	absent	absent
late_neuron	original_late_neuron	4192	MDK	up	residual	absent	absent
late_neuron	original_late_neuron	4216	MAP3K4	down	residual	absent	absent
late_neuron	original_late_neuron	4233	MET	up	excluded_cross_source_opposed	down	eligible
late_neuron	original_late_neuron	4281	MID1	down	residual	absent	absent
late_neuron	original_late_neuron	4289	MKLN1	down	residual	absent	absent
late_neuron	original_late_neuron	4296	MAP3K11	down	residual	absent	absent
late_neuron	original_late_neuron	4306	NR3C2	down	residual	absent	absent
late_neuron	original_late_neuron	4360	MRC1	up	core	up	eligible
late_neuron	original_late_neuron	440270	GOLGA8B	down	core	down	eligible
late_neuron	original_late_neuron	445577	FAM120A2P	down	residual	absent	absent
late_neuron	original_late_neuron	4494	MT1F	down	residual	absent	absent
late_neuron	original_late_neuron	467	ATF3	up	core	up	eligible
late_neuron	original_late_neuron	474344	GIMAP6	up	core	up	eligible
late_neuron	original_late_neuron	4774	NFIA	down	residual	absent	absent
late_neuron	original_late_neuron	4775	NFATC3	down	core	down	eligible
late_neuron	original_late_neuron	4879	NPPB	down	core	down	eligible
late_neuron	original_late_neuron	4919	ROR1	down	residual	absent	absent
late_neuron	original_late_neuron	4926	NUMA1	down	excluded_cross_source_opposed	up	eligible
late_neuron	original_late_neuron	4986	OPRK1	down	core	down	eligible
late_neuron	original_late_neuron	4988	OPRM1	down	core	down	eligible
late_neuron	original_late_neuron	5055	SERPINB2	up	residual	absent	absent
late_neuron	original_late_neuron	50848	F11R	up	residual	absent	absent
late_neuron	original_late_neuron	50940	PDE11A	down	core	down	eligible
late_neuron	original_late_neuron	50944	SHANK1	up	core	up	eligible
late_neuron	original_late_neuron	51000	SLC35B3	down	residual	absent	absent
late_neuron	original_late_neuron	51083	GAL	down	core	down	eligible
late_neuron	original_late_neuron	51177	PLEKHO1	up	residual	absent	absent
late_neuron	original_late_neuron	51324	SPG21	down	core	down	eligible
late_neuron	original_late_neuron	51421	AMOTL2	down	residual	absent	absent
late_neuron	original_late_neuron	51566	ARMCX3	down	core	down	eligible
late_neuron	original_late_neuron	51668	IFT25	down	residual	absent	absent
late_neuron	original_late_neuron	51678	PALS2	up	residual	absent	absent
late_neuron	original_late_neuron	51699	VPS29	down	core	down	eligible
late_neuron	original_late_neuron	5175	PECAM1	up	core	up	eligible
late_neuron	original_late_neuron	5187	PER1	down	residual	absent	absent
late_neuron	original_late_neuron	5230	PGK1	up	residual	absent	absent
late_neuron	original_late_neuron	5281	PIGF	down	residual	absent	absent
late_neuron	original_late_neuron	5329	PLAUR	up	core	up	eligible
late_neuron	original_late_neuron	5347	PLK1	up	residual	absent	absent
late_neuron	original_late_neuron	54413	NLGN3	down	core	down	eligible
late_neuron	original_late_neuron	54498	SMOX	down	residual	absent	absent
late_neuron	original_late_neuron	54504	CPVL	down	residual	absent	absent
late_neuron	original_late_neuron	54510	PCDH18	down	excluded_cross_source_opposed	up	eligible
late_neuron	original_late_neuron	54514	DDX4	down	residual	absent	absent
late_neuron	original_late_neuron	54532	USP53	down	residual	absent	absent
late_neuron	original_late_neuron	54625	PARP14	down	core	down	eligible
late_neuron	original_late_neuron	54676	GTPBP2	up	core	up	eligible
late_neuron	original_late_neuron	5478	PPIA	down	core	down	eligible
late_neuron	original_late_neuron	54785	BORCS6	up	residual	absent	absent
late_neuron	original_late_neuron	54882	ANKHD1	down	residual	absent	absent
late_neuron	original_late_neuron	54885	TBC1D8B	down	residual	absent	absent
late_neuron	original_late_neuron	54904	NSD3	down	core	down	eligible
late_neuron	original_late_neuron	54976	ADISSP	down	core	down	eligible
late_neuron	original_late_neuron	54996	MTARC2	down	residual	absent	absent
late_neuron	original_late_neuron	55026	TMEM255A	down	core	down	eligible
late_neuron	original_late_neuron	55034	MOCOS	up	residual	absent	absent
late_neuron	original_late_neuron	55038	CDCA4	down	residual	absent	absent
late_neuron	original_late_neuron	55054	ATG16L1	up	residual	absent	absent
late_neuron	original_late_neuron	55064	SPATA6L	up	residual	absent	absent
late_neuron	original_late_neuron	55075	UACA	down	residual	absent	absent
late_neuron	original_late_neuron	55112	DYNC2I1	up	residual	absent	absent
late_neuron	original_late_neuron	55130	ODAD2	down	residual	absent	absent
late_neuron	original_late_neuron	55254	TMEM39A	down	core	down	eligible
late_neuron	original_late_neuron	55320	MIS18BP1	down	residual	absent	absent
late_neuron	original_late_neuron	55504	TNFRSF19	down	residual	absent	absent
late_neuron	original_late_neuron	55558	PLXNA3	down	excluded_cross_source_opposed	up	eligible
late_neuron	original_late_neuron	55713	ZNF334	down	residual	absent	absent
late_neuron	original_late_neuron	55732	FIRRM	up	residual	absent	absent
late_neuron	original_late_neuron	55757	UGGT2	down	core	down	eligible
late_neuron	original_late_neuron	55803	ADAP2	down	excluded_cross_source_opposed	up	eligible
late_neuron	original_late_neuron	5606	MAP2K3	up	core	up	eligible
late_neuron	original_late_neuron	5616	PRKY	up	core	up	eligible
late_neuron	original_late_neuron	56204	ATOSA	down	residual	absent	absent
late_neuron	original_late_neuron	5627	PROS1	down	core	down	eligible
late_neuron	original_late_neuron	5649	RELN	down	residual	absent	absent
late_neuron	original_late_neuron	56925	LXN	down	core	down	eligible
late_neuron	original_late_neuron	57018	CCNL1	down	residual	absent	absent
late_neuron	original_late_neuron	57186	RALGAPA2	up	core	up	eligible
late_neuron	original_late_neuron	57211	ADGRG6	down	residual	absent	absent
late_neuron	original_late_neuron	5727	PTCH1	down	residual	absent	absent
late_neuron	original_late_neuron	57447	NDRG2	down	residual	absent	absent
late_neuron	original_late_neuron	57489	ODF2L	up	core	up	eligible
late_neuron	original_late_neuron	57501	CFAP92	up	residual	absent	absent
late_neuron	original_late_neuron	57519	STARD9	down	residual	absent	absent
late_neuron	original_late_neuron	57575	PCDH10	down	core	down	eligible
late_neuron	original_late_neuron	57582	KCNT1	down	core	down	eligible
late_neuron	original_late_neuron	57594	HOMEZ	down	residual	absent	absent
late_neuron	original_late_neuron	57600	FNIP2	up	residual	absent	absent
late_neuron	original_late_neuron	57611	ISLR2	down	residual	absent	absent
late_neuron	original_late_neuron	57830	KRTAP5-8	up	residual	absent	absent
late_neuron	original_late_neuron	5793	PTPRG	down	residual	absent	absent
late_neuron	original_late_neuron	5859	QARS1	up	residual	absent	absent
late_neuron	original_late_neuron	58986	PGAP6	down	residual	absent	absent
late_neuron	original_late_neuron	5900	RALGDS	up	residual	absent	absent
late_neuron	original_late_neuron	5912	RAP2B	up	residual	absent	absent
late_neuron	original_late_neuron	59283	CACNG8	up	residual	absent	absent
late_neuron	original_late_neuron	5947	RBP1	up	residual	absent	absent
late_neuron	original_late_neuron	596	BCL2	down	residual	absent	absent
late_neuron	original_late_neuron	6038	RNASE4	down	residual	absent	absent
late_neuron	original_late_neuron	60489	APOBEC3G	down	residual	absent	absent
late_neuron	original_late_neuron	6102	RP2	down	residual	absent	absent
late_neuron	original_late_neuron	6301	SARS1	up	residual	absent	absent
late_neuron	original_late_neuron	6322	SCML1	down	residual	absent	absent
late_neuron	original_late_neuron	63827	BCAN	down	core	down	eligible
late_neuron	original_late_neuron	63901	FAM111A	down	residual	absent	absent
late_neuron	original_late_neuron	63928	CHP2	down	core	down	eligible
late_neuron	original_late_neuron	64114	TMBIM1	down	residual	absent	absent
late_neuron	original_late_neuron	6414	SELENOP	down	residual	absent	absent
late_neuron	original_late_neuron	64410	KLHL25	down	residual	absent	absent
late_neuron	original_late_neuron	644186	SYCE3	up	residual	absent	absent
late_neuron	original_late_neuron	644538	SMIM10	down	core	down	eligible
late_neuron	original_late_neuron	6446	SGK1	down	residual	absent	absent
late_neuron	original_late_neuron	64757	MTARC1	up	residual	absent	absent
late_neuron	original_late_neuron	64760	FHIP2B	down	residual	absent	absent
late_neuron	original_late_neuron	64764	CREB3L2	down	excluded_cross_source_opposed	up	eligible
late_neuron	original_late_neuron	64766	S100PBP	down	residual	absent	absent
late_neuron	original_late_neuron	64778	FNDC3B	down	excluded_cross_source_opposed	up	eligible
late_neuron	original_late_neuron	64805	P2RY12	down	core	down	eligible
late_neuron	original_late_neuron	64848	YTHDC2	down	residual	absent	absent
late_neuron	original_late_neuron	64855	NIBAN2	down	residual	absent	absent
late_neuron	original_late_neuron	65012	SLC26A10P	down	residual	absent	absent
late_neuron	original_late_neuron	65251	ZNF649	up	residual	absent	absent
late_neuron	original_late_neuron	652968	CASTOR1	down	core	down	eligible
late_neuron	original_late_neuron	653319	MATCAP1	up	residual	absent	absent
late_neuron	original_late_neuron	653689	GSTT2B	up	residual	absent	absent
late_neuron	original_late_neuron	6546	SLC8A1	down	residual	absent	absent
late_neuron	original_late_neuron	6563	SLC14A1	down	residual	absent	absent
late_neuron	original_late_neuron	6648	SOD2	down	residual	absent	absent
late_neuron	original_late_neuron	6667	SP1	down	residual	absent	absent
late_neuron	original_late_neuron	6683	SPAST	down	core	down	eligible
late_neuron	original_late_neuron	6750	SST	down	core	down	eligible
late_neuron	original_late_neuron	6770	STAR	up	core	up	eligible
late_neuron	original_late_neuron	6773	STAT2	down	residual	absent	absent
late_neuron	original_late_neuron	6804	STX1A	up	residual	absent	absent
late_neuron	original_late_neuron	6820	SULT2B1	up	residual	absent	absent
late_neuron	original_late_neuron	6840	SVIL	up	core	up	eligible
late_neuron	original_late_neuron	687	KLF9	down	residual	absent	absent
late_neuron	original_late_neuron	6901	TAFAZZIN	up	residual	absent	absent
late_neuron	original_late_neuron	7037	TFRC	down	residual	absent	absent
late_neuron	original_late_neuron	7060	THBS4	down	core	down	eligible
late_neuron	original_late_neuron	7082	TJP1	down	residual	absent	absent
late_neuron	original_late_neuron	7107	GPR137B	down	residual	absent	absent
late_neuron	original_late_neuron	712	C1QA	up	residual	absent	absent
late_neuron	original_late_neuron	7128	TNFAIP3	up	core	up	eligible
late_neuron	original_late_neuron	7174	TPP2	down	residual	absent	absent
late_neuron	original_late_neuron	7224	TRPC5	down	core	down	eligible
late_neuron	original_late_neuron	7227	TRPS1	down	residual	absent	absent
late_neuron	original_late_neuron	7318	UBA7	down	residual	absent	absent
late_neuron	original_late_neuron	7378	UPP1	up	residual	absent	absent
late_neuron	original_late_neuron	7388	UQCRH	down	core	down	eligible
late_neuron	original_late_neuron	7637	ZNF84	up	core	up	eligible
late_neuron	original_late_neuron	7675	ZNF121	down	residual	absent	absent
late_neuron	original_late_neuron	7705	ZNF146	down	residual	absent	absent
late_neuron	original_late_neuron	7779	SLC30A1	down	core	down	eligible
late_neuron	original_late_neuron	78995	HROB	down	core	down	eligible
late_neuron	original_late_neuron	79026	AHNAK	down	residual	absent	absent
late_neuron	original_late_neuron	79627	OGFRL1	down	core	down	eligible
late_neuron	original_late_neuron	79658	ARHGAP10	down	residual	absent	absent
late_neuron	original_late_neuron	79695	GALNT12	up	excluded_cross_source_opposed	down	eligible
late_neuron	original_late_neuron	79714	CCDC51	down	core	down	eligible
late_neuron	original_late_neuron	79745	CLIP4	down	residual	absent	absent
late_neuron	original_late_neuron	79792	GSDMD	up	core	up	eligible
late_neuron	original_late_neuron	79819	DNAI4	down	core	down	eligible
late_neuron	original_late_neuron	800	CALD1	down	residual	absent	absent
late_neuron	original_late_neuron	801	CALM1	up	residual	absent	absent
late_neuron	original_late_neuron	80216	ALPK1	down	core	down	eligible
late_neuron	original_late_neuron	80271	ITPKC	down	residual	absent	absent
late_neuron	original_late_neuron	80349	SKIC8	up	residual	absent	absent
late_neuron	original_late_neuron	8065	CUL5	down	residual	absent	absent
late_neuron	original_late_neuron	80709	AKNA	down	residual	absent	absent
late_neuron	original_late_neuron	80726	IQCN	up	residual	absent	absent
late_neuron	original_late_neuron	81628	TSC22D4	down	residual	absent	absent
late_neuron	original_late_neuron	81848	SPRY4	up	core	up	eligible
late_neuron	original_late_neuron	8322	FZD4	down	excluded_cross_source_opposed	up	eligible
late_neuron	original_late_neuron	8325	FZD8	down	core	down	eligible
late_neuron	original_late_neuron	8334	H2AC6	up	core	up	eligible
late_neuron	original_late_neuron	83643	CCDC3	down	core	down	eligible
late_neuron	original_late_neuron	8404	SPARCL1	down	residual	absent	absent
late_neuron	original_late_neuron	84059	ADGRV1	down	core	down	eligible
late_neuron	original_late_neuron	84067	FHIP1B	up	residual	absent	absent
late_neuron	original_late_neuron	84168	ANTXR1	down	residual	absent	absent
late_neuron	original_late_neuron	84445	LZTS2	down	residual	absent	absent
late_neuron	original_late_neuron	84525	HOPX	up	residual	absent	absent
late_neuron	original_late_neuron	84532	ACSS1	down	residual	absent	absent
late_neuron	original_late_neuron	84691	GARIN1B	down	residual	absent	absent
late_neuron	original_late_neuron	84695	LOXL3	down	residual	absent	absent
late_neuron	original_late_neuron	84722	PSRC1	up	core	up	eligible
late_neuron	original_late_neuron	84726	PRRC2B	down	residual	absent	absent
late_neuron	original_late_neuron	84752	B3GNT9	down	residual	absent	absent
late_neuron	original_late_neuron	84798	C19orf48P	down	residual	absent	absent
late_neuron	original_late_neuron	84876	ORAI1	down	residual	absent	absent
late_neuron	original_late_neuron	84913	ATOH8	up	core	up	eligible
late_neuron	original_late_neuron	8501	SLC43A1	down	residual	absent	absent
late_neuron	original_late_neuron	85363	TRIM5	down	residual	absent	absent
late_neuron	original_late_neuron	8693	GALNT4	down	residual	absent	absent
late_neuron	original_late_neuron	871	SERPINH1	down	residual	absent	absent
late_neuron	original_late_neuron	8751	ADAM15	down	residual	absent	absent
late_neuron	original_late_neuron	885	CCK	down	core	down	eligible
late_neuron	original_late_neuron	8850	KAT2B	down	residual	absent	absent
late_neuron	original_late_neuron	8857	FCGBP	up	residual	absent	absent
late_neuron	original_late_neuron	8880	FUBP1	down	residual	absent	absent
late_neuron	original_late_neuron	8906	AP1G2	up	core	up	eligible
late_neuron	original_late_neuron	89876	CFAP91	down	residual	absent	absent
late_neuron	original_late_neuron	8989	TRPA1	down	core	down	eligible
late_neuron	original_late_neuron	89891	DYNC2I2	down	excluded_cross_source_opposed	up	eligible
late_neuron	original_late_neuron	899	CCNF	up	core	up	eligible
late_neuron	original_late_neuron	9022	CLIC3	up	residual	absent	absent
late_neuron	original_late_neuron	90313	TP53I13	down	residual	absent	absent
late_neuron	original_late_neuron	9057	SLC7A6	down	residual	absent	absent
late_neuron	original_late_neuron	9060	PAPSS2	down	residual	absent	absent
late_neuron	original_late_neuron	90634	N4BP2L1	down	core	down	eligible
late_neuron	original_late_neuron	91543	RSAD2	up	residual	absent	absent
late_neuron	original_late_neuron	9211	LGI1	down	core	down	eligible
late_neuron	original_late_neuron	92270	ATP6AP1L	down	core	down	eligible
late_neuron	original_late_neuron	92806	CENPBD1P	down	residual	absent	absent
late_neuron	original_late_neuron	9388	LIPG	down	core	down	eligible
late_neuron	original_late_neuron	93974	ATP5IF1	up	residual	absent	absent
late_neuron	original_late_neuron	9420	CYP7B1	down	core	down	eligible
late_neuron	original_late_neuron	956	ENTPD3	down	core	down	eligible
late_neuron	original_late_neuron	9636	ISG15	up	residual	absent	absent
late_neuron	original_late_neuron	9654	TTLL4	down	residual	absent	absent
late_neuron	original_late_neuron	9674	KIAA0040	up	core	up	eligible
late_neuron	original_late_neuron	9710	GARRE1	up	residual	absent	absent
late_neuron	original_late_neuron	9719	ADAMTSL2	down	residual	absent	absent
late_neuron	original_late_neuron	9732	DOCK4	down	residual	absent	absent
late_neuron	original_late_neuron	9771	RAPGEF5	down	residual	absent	absent
late_neuron	original_late_neuron	9839	ZEB2	down	residual	absent	absent
late_neuron	original_late_neuron	9866	TRIM66	down	residual	absent	absent
late_neuron	original_late_neuron	9948	WDR1	up	residual	absent	absent
late_neuron	original_late_neuron	9960	USP3	down	residual	absent	absent
late_neuron	original_late_neuron	9986	RCE1	up	core	up	eligible
late_neuron	original_late_neuron	999	CDH1	down	residual	absent	absent
severity	original_severity	10000	AKT3	up	residual	absent	absent
severity	original_severity	10006	ABI1	up	residual	absent	absent
severity	original_severity	100289635	ZNF605	up	residual	absent	absent
severity	original_severity	100505576	LASP1NB	up	excluded_partner_unresolved	conflict	within_source_direction_conflict
severity	original_severity	10067	SCAMP3	down	residual	absent	absent
severity	original_severity	10085	EDIL3	down	residual	absent	absent
severity	original_severity	10116	FEM1B	up	excluded_cross_source_opposed	down	eligible
severity	original_severity	1012	CDH13	down	residual	absent	absent
severity	original_severity	10181	RBM5	up	residual	absent	absent
severity	original_severity	10236	HNRNPR	up	residual	absent	absent
severity	original_severity	10299	MARCHF6	up	excluded_partner_unresolved	conflict	within_source_direction_conflict
severity	original_severity	1033	CDKN3	up	residual	absent	absent
severity	original_severity	10397	NDRG1	up	residual	absent	absent
severity	original_severity	10443	N4BP2L2	up	residual	absent	absent
severity	original_severity	10487	CAP1	up	residual	absent	absent
severity	original_severity	10499	NCOA2	up	residual	absent	absent
severity	original_severity	10525	HYOU1	down	residual	absent	absent
severity	original_severity	10531	PITRM1	up	residual	absent	absent
severity	original_severity	10549	PRDX4	down	residual	absent	absent
severity	original_severity	10552	ARPC1A	up	residual	absent	absent
severity	original_severity	10564	ARFGEF2	up	residual	absent	absent
severity	original_severity	10565	ARFGEF1	up	residual	absent	absent
severity	original_severity	10567	RABAC1	down	residual	absent	absent
severity	original_severity	10577	NPC2	down	residual	absent	absent
severity	original_severity	10580	SORBS1	up	residual	absent	absent
severity	original_severity	10605	PAIP1	up	residual	absent	absent
severity	original_severity	10612	TRIM3	down	residual	absent	absent
severity	original_severity	10672	GNA13	up	residual	absent	absent
severity	original_severity	1072	CFL1	down	residual	absent	absent
severity	original_severity	10732	TCFL5	up	residual	absent	absent
severity	original_severity	10746	MAP3K2	up	residual	absent	absent
severity	original_severity	10776	ARPP19	up	residual	absent	absent
severity	original_severity	10810	WASF3	up	residual	absent	absent
severity	original_severity	10935	PRDX3	up	residual	absent	absent
severity	original_severity	10956	OS9	down	residual	absent	absent
severity	original_severity	10960	LMAN2	down	residual	absent	absent
severity	original_severity	10972	TMED10	down	residual	absent	absent
severity	original_severity	10994	HACL2	down	residual	absent	absent
severity	original_severity	11069	RAPGEF4	up	residual	absent	absent
severity	original_severity	11092	SPACA9	up	residual	absent	absent
severity	original_severity	11116	CEP43	up	core	up	eligible
severity	original_severity	11183	MAP4K5	up	residual	absent	absent
severity	original_severity	112703	GARIN5A	up	core	up	eligible
severity	original_severity	11344	TWF2	down	residual	absent	absent
severity	original_severity	114793	FMNL2	up	residual	absent	absent
severity	original_severity	115294	PCMTD1	up	residual	absent	absent
severity	original_severity	119710	IFTAP	up	excluded_partner_unresolved	conflict	within_source_direction_conflict
severity	original_severity	121551	ABTB3	up	excluded_partner_unresolved	conflict	within_source_direction_conflict
severity	original_severity	122809	SOCS4	up	residual	absent	absent
severity	original_severity	123283	TARS3	up	core	up	eligible
severity	original_severity	126003	TRAPPC5	down	residual	absent	absent
severity	original_severity	1267	CNP	down	residual	absent	absent
severity	original_severity	126820	DNAI3	up	excluded_cross_source_opposed	down	eligible
severity	original_severity	128312	H2BC26	up	excluded_partner_unresolved	conflict	within_source_direction_conflict
severity	original_severity	134829	CLVS2	up	residual	absent	absent
severity	original_severity	1389	CREBL2	up	residual	absent	absent
severity	original_severity	139411	PTCHD1	down	residual	absent	absent
severity	original_severity	1410	CRYAB	down	core	down	eligible
severity	original_severity	143879	KBTBD3	up	residual	absent	absent
severity	original_severity	144406	CFAP251	up	excluded_partner_unresolved	conflict	within_source_direction_conflict
severity	original_severity	145376	PPP1R36	up	residual	absent	absent
severity	original_severity	145407	ARMH4	down	residual	absent	absent
severity	original_severity	1455	CSNK1G2	up	residual	absent	absent
severity	original_severity	1456	CSNK1G3	up	residual	absent	absent
severity	original_severity	145788	PIERCE2	up	excluded_partner_unresolved	conflict	within_source_direction_conflict
severity	original_severity	159	ADSS2	up	excluded_partner_unresolved	conflict	within_source_direction_conflict
severity	original_severity	159090	PABIR2	up	excluded_cross_source_opposed	down	eligible
severity	original_severity	16	AARS1	up	excluded_partner_unresolved	conflict	within_source_direction_conflict
severity	original_severity	1615	DARS1	up	excluded_partner_unresolved	conflict	within_source_direction_conflict
severity	original_severity	163486	DENND1B	up	residual	absent	absent
severity	original_severity	1639	DCTN1	down	residual	absent	absent
severity	original_severity	1655	DDX5	up	residual	absent	absent
severity	original_severity	1657	DMXL1	up	residual	absent	absent
severity	original_severity	168850	ZNF800	up	residual	absent	absent
severity	original_severity	171586	ABHD3	up	residual	absent	absent
severity	original_severity	1727	CYB5R3	down	residual	absent	absent
severity	original_severity	178	AGL	up	residual	absent	absent
severity	original_severity	1859	DYRK1A	up	residual	absent	absent
severity	original_severity	1964	EIF1AX	up	residual	absent	absent
severity	original_severity	196441	ZFC3H1	up	residual	absent	absent
severity	original_severity	200879	LIPH	down	residual	absent	absent
severity	original_severity	2052	EPHX1	down	residual	absent	absent
severity	original_severity	205717	USF3	up	residual	absent	absent
severity	original_severity	2058	EPRS1	up	excluded_partner_unresolved	conflict	within_source_direction_conflict
severity	original_severity	21	ABCA3	down	residual	absent	absent
severity	original_severity	220972	MARCHF8	up	excluded_partner_unresolved	conflict	within_source_direction_conflict
severity	original_severity	221037	JMJD1C	up	residual	absent	absent
severity	original_severity	222223	ELAPOR2	up	excluded_partner_unresolved	conflict	within_source_direction_conflict
severity	original_severity	22858	CILK1	up	excluded_cross_source_opposed	down	eligible
severity	original_severity	22878	TRAPPC8	up	residual	absent	absent
severity	original_severity	22884	WDR37	up	residual	absent	absent
severity	original_severity	22887	FOXJ3	up	residual	absent	absent
severity	original_severity	22955	SCMH1	up	residual	absent	absent
severity	original_severity	23017	FAIM2	down	residual	absent	absent
severity	original_severity	23023	TMCC1	up	residual	absent	absent
severity	original_severity	23031	MAST3	down	residual	absent	absent
severity	original_severity	23033	DOP1A	up	residual	absent	absent
severity	original_severity	23034	SAMD4A	up	residual	absent	absent
severity	original_severity	23039	XPO7	up	residual	absent	absent
severity	original_severity	23047	PDS5B	up	residual	absent	absent
severity	original_severity	23051	ZHX3	up	residual	absent	absent
severity	original_severity	23074	BLTP3B	up	excluded_partner_unresolved	conflict	within_source_direction_conflict
severity	original_severity	23077	MYCBP2	up	residual	absent	absent
severity	original_severity	23122	CLASP2	up	residual	absent	absent
severity	original_severity	23154	NCDN	down	residual	absent	absent
severity	original_severity	23167	EFR3A	up	residual	absent	absent
severity	original_severity	23214	XPO6	up	residual	absent	absent
severity	original_severity	23215	PRRC2C	up	residual	absent	absent
severity	original_severity	23247	KATNIP	up	excluded_cross_source_opposed	down	eligible
severity	original_severity	23253	ANKRD12	up	residual	absent	absent
severity	original_severity	23270	TSPYL4	down	residual	absent	absent
severity	original_severity	23321	TRIM2	up	residual	absent	absent
severity	original_severity	23332	CLASP1	up	residual	absent	absent
severity	original_severity	23344	ESYT1	down	residual	absent	absent
severity	original_severity	23359	ENTREP2	up	excluded_partner_unresolved	conflict	within_source_direction_conflict
severity	original_severity	23362	PSD3	up	residual	absent	absent
severity	original_severity	23365	ARHGEF12	up	residual	absent	absent
severity	original_severity	23392	ECPAS	up	residual	absent	absent
severity	original_severity	23423	TMED3	down	residual	absent	absent
severity	original_severity	23505	TMEM131	up	residual	absent	absent
severity	original_severity	23512	SUZ12	up	residual	absent	absent
severity	original_severity	23558	WBP2	up	residual	absent	absent
severity	original_severity	23586	RIGI	up	excluded_partner_unresolved	conflict	within_source_direction_conflict
severity	original_severity	23650	TRIM29	up	residual	absent	absent
severity	original_severity	23768	FLRT2	up	excluded_cross_source_opposed	down	eligible
severity	original_severity	253143	PRR14L	up	residual	absent	absent
severity	original_severity	253461	ZBTB38	up	residual	absent	absent
severity	original_severity	2537	IFI6	down	residual	absent	absent
severity	original_severity	2547	XRCC6	up	residual	absent	absent
severity	original_severity	255758	DYNLT2B	down	excluded_partner_unresolved	conflict	within_source_direction_conflict
severity	original_severity	255928	SYT14	up	residual	absent	absent
severity	original_severity	25932	CLIC4	down	core	down	eligible
severity	original_severity	25943	DNAAF9	up	excluded_partner_unresolved	conflict	within_source_direction_conflict
severity	original_severity	26009	ZZZ3	up	core	up	eligible
severity	original_severity	26033	ATRNL1	up	excluded_cross_source_opposed	down	eligible
severity	original_severity	26071	RTL8A	up	residual	absent	absent
severity	original_severity	26118	WSB1	up	residual	absent	absent
severity	original_severity	2617	GARS1	up	core	up	eligible
severity	original_severity	262	AMD1	up	residual	absent	absent
severity	original_severity	27013	CNPPD1	down	residual	absent	absent
severity	original_severity	27125	AFF4	up	residual	absent	absent
severity	original_severity	27255	CNTN6	up	residual	absent	absent
severity	original_severity	2774	GNAL	up	residual	absent	absent
severity	original_severity	283951	UQCC4	up	excluded_partner_unresolved	conflict	within_source_direction_conflict
severity	original_severity	284207	METRNL	down	residual	absent	absent
severity	original_severity	284273	PTGR3	up	excluded_partner_unresolved	conflict	within_source_direction_conflict
severity	original_severity	284325	ACTMAP	up	core	up	eligible
severity	original_severity	284361	EMC10	down	residual	absent	absent
severity	original_severity	284611	EEIG2	up	excluded_partner_unresolved	conflict	within_source_direction_conflict
severity	original_severity	284697	BTBD8	up	residual	absent	absent
severity	original_severity	285172	HYCC2	up	excluded_partner_unresolved	conflict	within_source_direction_conflict
severity	original_severity	285636	RIMOC1	up	excluded_partner_unresolved	conflict	within_source_direction_conflict
severity	original_severity	2885	GRB2	down	residual	absent	absent
severity	original_severity	2890	GRIA1	down	residual	absent	absent
severity	original_severity	2896	GRN	down	residual	absent	absent
severity	original_severity	28978	TMEM14A	down	residual	absent	absent
severity	original_severity	29035	HAPSTR1	up	excluded_partner_unresolved	conflict	within_source_direction_conflict
severity	original_severity	291	SLC25A4	down	residual	absent	absent
severity	original_severity	29883	CNOT7	up	residual	absent	absent
severity	original_severity	29982	NRBF2	up	residual	absent	absent
severity	original_severity	29990	PILRB	up	residual	absent	absent
severity	original_severity	3014	H2AX	up	excluded_partner_unresolved	conflict	within_source_direction_conflict
severity	original_severity	3206	HOXA10	up	residual	absent	absent
severity	original_severity	3215	HOXB5	up	residual	absent	absent
severity	original_severity	3221	HOXC4	up	residual	absent	absent
severity	original_severity	3300	DNAJB2	down	residual	absent	absent
severity	original_severity	3376	IARS1	up	excluded_partner_unresolved	conflict	within_source_direction_conflict
severity	original_severity	339479	BRINP3	up	residual	absent	absent
severity	original_severity	343990	CRACDL	up	excluded_partner_unresolved	conflict	within_source_direction_conflict
severity	original_severity	347733	TUBB2B	down	residual	absent	absent
severity	original_severity	3489	IGFBP6	down	residual	absent	absent
severity	original_severity	353189	SLCO4C1	up	residual	absent	absent
severity	original_severity	360023	ZBTB41	up	residual	absent	absent
severity	original_severity	3728	JUP	down	residual	absent	absent
severity	original_severity	3735	KARS1	up	excluded_partner_unresolved	conflict	within_source_direction_conflict
severity	original_severity	3736	KCNA1	up	residual	absent	absent
severity	original_severity	3747	KCNC2	down	core	down	eligible
severity	original_severity	384	ARG2	up	residual	absent	absent
severity	original_severity	388662	SLC6A17	down	residual	absent	absent
severity	original_severity	388962	BOLA3	up	residual	absent	absent
severity	original_severity	389072	PLEKHM3	up	residual	absent	absent
severity	original_severity	3897	L1CAM	down	residual	absent	absent
severity	original_severity	3910	LAMA4	up	residual	absent	absent
severity	original_severity	3937	LCP2	up	residual	absent	absent
severity	original_severity	3949	LDLR	down	residual	absent	absent
severity	original_severity	3956	LGALS1	down	residual	absent	absent
severity	original_severity	3959	LGALS3BP	down	residual	absent	absent
severity	original_severity	399665	EEIG1	up	excluded_cross_source_opposed	down	eligible
severity	original_severity	399687	MYO18A	down	core	down	eligible
severity	original_severity	4000	LMNA	down	residual	absent	absent
severity	original_severity	400120	SERTM1	up	residual	absent	absent
severity	original_severity	401505	TOMM5	up	residual	absent	absent
severity	original_severity	402055	SRRD	up	residual	absent	absent
severity	original_severity	4045	LSAMP	down	residual	absent	absent
severity	original_severity	4093	SMAD9	up	residual	absent	absent
severity	original_severity	4129	MAOB	down	residual	absent	absent
severity	original_severity	4130	MAP1A	up	residual	absent	absent
severity	original_severity	4217	MAP3K5	up	residual	absent	absent
severity	original_severity	4282	MIF	down	residual	absent	absent
severity	original_severity	440574	MICOS10	up	residual	absent	absent
severity	original_severity	441061	MARCHF11	down	excluded_partner_unresolved	conflict	within_source_direction_conflict
severity	original_severity	444882	IGFL4	up	residual	absent	absent
severity	original_severity	445815	PALM2AKAP2	up	excluded_partner_unresolved	conflict	within_source_direction_conflict
severity	original_severity	4502	MT2A	up	residual	absent	absent
severity	original_severity	4677	NARS1	up	excluded_partner_unresolved	conflict	within_source_direction_conflict
severity	original_severity	4683	NBN	up	residual	absent	absent
severity	original_severity	472	ATM	up	residual	absent	absent
severity	original_severity	4914	NTRK1	down	residual	absent	absent
severity	original_severity	492311	IGIP	up	residual	absent	absent
severity	original_severity	5024	P2RX3	down	residual	absent	absent
severity	original_severity	50626	ZFTRAF1	up	excluded_partner_unresolved	conflict	within_source_direction_conflict
severity	original_severity	50632	CALY	down	residual	absent	absent
severity	original_severity	5095	PCCA	up	residual	absent	absent
severity	original_severity	5097	PCDH1	down	residual	absent	absent
severity	original_severity	5121	PCP4	down	residual	absent	absent
severity	original_severity	51255	RNF181	up	residual	absent	absent
severity	original_severity	51257	MARCHF2	up	excluded_partner_unresolved	conflict	within_source_direction_conflict
severity	original_severity	51286	CEND1	up	residual	absent	absent
severity	original_severity	51320	MEX3C	up	residual	absent	absent
severity	original_severity	51422	PRKAG2	up	residual	absent	absent
severity	original_severity	51449	PCYOX1	down	residual	absent	absent
severity	original_severity	51520	LARS1	up	excluded_partner_unresolved	conflict	within_source_direction_conflict
severity	original_severity	51526	OSER1	up	residual	absent	absent
severity	original_severity	51559	NT5DC3	down	residual	absent	absent
severity	original_severity	51571	CYRIB	up	excluded_partner_unresolved	conflict	within_source_direction_conflict
severity	original_severity	51637	RTRAF	up	residual	absent	absent
severity	original_severity	51668	IFT25	up	excluded_cross_source_opposed	down	eligible
severity	original_severity	51678	PALS2	up	core	up	eligible
severity	original_severity	51706	CYB5R1	down	residual	absent	absent
severity	original_severity	51719	CAB39	up	residual	absent	absent
severity	original_severity	51729	WBP11	up	residual	absent	absent
severity	original_severity	51747	LUC7L3	up	residual	absent	absent
severity	original_severity	51776	MAP3K20	up	residual	absent	absent
severity	original_severity	5216	PFN1	down	residual	absent	absent
severity	original_severity	5230	PGK1	down	excluded_cross_source_opposed	up	eligible
severity	original_severity	5245	PHB1	up	excluded_partner_unresolved	conflict	within_source_direction_conflict
severity	original_severity	53335	BCL11A	up	residual	absent	absent
severity	original_severity	5376	PMP22	down	residual	absent	absent
severity	original_severity	5413	SEPTIN5	down	residual	absent	absent
severity	original_severity	54462	CCSER2	up	residual	absent	absent
severity	original_severity	54542	RC3H2	up	residual	absent	absent
severity	original_severity	54545	MTMR12	up	residual	absent	absent
severity	original_severity	54708	MARCHF5	up	excluded_partner_unresolved	conflict	within_source_direction_conflict
severity	original_severity	54732	TMED9	down	residual	absent	absent
severity	original_severity	54776	PPP1R12C	up	residual	absent	absent
severity	original_severity	5478	PPIA	up	excluded_cross_source_opposed	down	eligible
severity	original_severity	54859	ELP6	down	residual	absent	absent
severity	original_severity	54876	DCAF16	up	residual	absent	absent
severity	original_severity	54887	BLTP3A	up	excluded_partner_unresolved	conflict	within_source_direction_conflict
severity	original_severity	54904	NSD3	up	excluded_cross_source_opposed	down	eligible
severity	original_severity	54928	BPNT2	up	excluded_partner_unresolved	conflict	within_source_direction_conflict
severity	original_severity	54972	TMEM132A	down	residual	absent	absent
severity	original_severity	54976	ADISSP	up	excluded_cross_source_opposed	down	eligible
severity	original_severity	54996	MTARC2	up	excluded_cross_source_opposed	down	eligible
severity	original_severity	55016	MARCHF1	down	excluded_partner_unresolved	conflict	within_source_direction_conflict
severity	original_severity	55041	PLEKHB2	down	residual	absent	absent
severity	original_severity	55048	VPS37C	up	residual	absent	absent
severity	original_severity	55063	ZCWPW1	up	residual	absent	absent
severity	original_severity	55093	NTAQ1	up	excluded_partner_unresolved	conflict	within_source_direction_conflict
severity	original_severity	55240	STEAP3	down	residual	absent	absent
severity	original_severity	55258	THNSL2	down	residual	absent	absent
severity	original_severity	55577	NAGK	down	residual	absent	absent
severity	original_severity	55668	GPATCH2L	up	residual	absent	absent
severity	original_severity	55681	SCYL2	up	residual	absent	absent
severity	original_severity	55702	YJU2	down	residual	absent	absent
severity	original_severity	55760	DHX32	up	residual	absent	absent
severity	original_severity	55840	EAF2	up	residual	absent	absent
severity	original_severity	5585	PKN1	down	residual	absent	absent
severity	original_severity	55870	ASH1L	up	residual	absent	absent
severity	original_severity	55920	RCC2	up	residual	absent	absent
severity	original_severity	5597	MAPK6	up	residual	absent	absent
severity	original_severity	56005	MYDGF	down	residual	absent	absent
severity	original_severity	5602	MAPK10	up	residual	absent	absent
severity	original_severity	56204	ATOSA	up	excluded_cross_source_opposed	down	eligible
severity	original_severity	5635	PRPSAP1	up	residual	absent	absent
severity	original_severity	5660	PSAP	down	residual	absent	absent
severity	original_severity	567	B2M	down	residual	absent	absent
severity	original_severity	56910	STARD7	up	residual	absent	absent
severity	original_severity	56938	BMAL2	up	excluded_partner_unresolved	conflict	within_source_direction_conflict
severity	original_severity	57019	CIAPIN1	down	residual	absent	absent
severity	original_severity	57179	KIAA1191	up	residual	absent	absent
severity	original_severity	57403	RAB22A	up	residual	absent	absent
severity	original_severity	57482	CRACD	up	excluded_partner_unresolved	conflict	within_source_direction_conflict
severity	original_severity	57532	NUFIP2	up	residual	absent	absent
severity	original_severity	57574	MARCHF4	down	excluded_partner_unresolved	conflict	within_source_direction_conflict
severity	original_severity	57578	UNC79	up	residual	absent	absent
severity	original_severity	57613	FAM234B	down	residual	absent	absent
severity	original_severity	5763	PTMS	down	residual	absent	absent
severity	original_severity	57683	ZDBF2	up	residual	absent	absent
severity	original_severity	57700	FHIP2A	up	excluded_partner_unresolved	conflict	within_source_direction_conflict
severity	original_severity	57763	ANKRA2	up	residual	absent	absent
severity	original_severity	57786	RBAK	up	residual	absent	absent
severity	original_severity	57804	POLD4	up	residual	absent	absent
severity	original_severity	5786	PTPRA	up	residual	absent	absent
severity	original_severity	5818	NECTIN1	down	residual	absent	absent
severity	original_severity	5829	PXN	up	residual	absent	absent
severity	original_severity	58487	CREBZF	up	residual	absent	absent
severity	original_severity	5859	QARS1	up	core	up	eligible
severity	original_severity	5878	RAB5C	down	residual	absent	absent
severity	original_severity	5900	RALGDS	up	core	up	eligible
severity	original_severity	5927	KDM5A	up	residual	absent	absent
severity	original_severity	5932	RBBP8	up	residual	absent	absent
severity	original_severity	60	ACTB	down	residual	absent	absent
severity	original_severity	6004	RGS16	down	residual	absent	absent
severity	original_severity	60314	MYG1	up	excluded_partner_unresolved	conflict	within_source_direction_conflict
severity	original_severity	60481	ELOVL5	down	residual	absent	absent
severity	original_severity	6049	RNF6	up	residual	absent	absent
severity	original_severity	6050	RNH1	down	residual	absent	absent
severity	original_severity	6275	S100A4	down	residual	absent	absent
severity	original_severity	6301	SARS1	up	core	up	eligible
severity	original_severity	6389	SDHA	up	residual	absent	absent
severity	original_severity	63932	STEEP1	down	excluded_partner_unresolved	conflict	within_source_direction_conflict
severity	original_severity	63939	FAM217B	up	residual	absent	absent
severity	original_severity	64121	RRAGC	up	residual	absent	absent
severity	original_severity	6416	MAP2K4	up	residual	absent	absent
severity	original_severity	6430	SRSF5	up	residual	absent	absent
severity	original_severity	64376	IKZF5	up	residual	absent	absent
severity	original_severity	64398	PALS1	up	excluded_partner_unresolved	conflict	within_source_direction_conflict
severity	original_severity	64645	SLC71A1	up	residual	absent	absent
severity	original_severity	64757	MTARC1	up	core	up	eligible
severity	original_severity	64760	FHIP2B	up	excluded_cross_source_opposed	down	eligible
severity	original_severity	64762	GAREM1	up	residual	absent	absent
severity	original_severity	64776	CFAP68	up	excluded_partner_unresolved	conflict	within_source_direction_conflict
severity	original_severity	64805	P2RY12	down	core	down	eligible
severity	original_severity	64844	MARCHF7	up	excluded_partner_unresolved	conflict	within_source_direction_conflict
severity	original_severity	65056	GPBP1	up	residual	absent	absent
severity	original_severity	653319	MATCAP1	up	core	up	eligible
severity	original_severity	6654	SOS1	up	residual	absent	absent
severity	original_severity	667	DST	up	residual	absent	absent
severity	original_severity	6695	SPOCK1	down	residual	absent	absent
severity	original_severity	6786	STIM1	down	residual	absent	absent
severity	original_severity	6853	SYN1	down	residual	absent	absent
severity	original_severity	6855	SYP	down	residual	absent	absent
severity	original_severity	6857	SYT1	down	residual	absent	absent
severity	original_severity	687	KLF9	up	excluded_cross_source_opposed	down	eligible
severity	original_severity	6901	TAFAZZIN	up	core	up	eligible
severity	original_severity	6935	ZEB1	up	residual	absent	absent
severity	original_severity	7009	TMBIM6	down	residual	absent	absent
severity	original_severity	7037	TFRC	down	core	down	eligible
severity	original_severity	7076	TIMP1	down	residual	absent	absent
severity	original_severity	7082	TJP1	up	excluded_cross_source_opposed	down	eligible
severity	original_severity	710	SERPING1	down	residual	absent	absent
severity	original_severity	7109	TRAPPC10	up	residual	absent	absent
severity	original_severity	715	C1R	down	residual	absent	absent
severity	original_severity	7182	NR2C2	up	residual	absent	absent
severity	original_severity	7184	HSP90B1	down	residual	absent	absent
severity	original_severity	7267	TTC3	up	residual	absent	absent
severity	original_severity	728568	UQCC6	up	residual	absent	absent
severity	original_severity	7335	UBE2V1	up	residual	absent	absent
severity	original_severity	7388	UQCRH	up	excluded_cross_source_opposed	down	eligible
severity	original_severity	7425	VGF	up	residual	absent	absent
severity	original_severity	7431	VIM	down	residual	absent	absent
severity	original_severity	7442	TRPV1	down	residual	absent	absent
severity	original_severity	7529	YWHAB	down	residual	absent	absent
severity	original_severity	7707	ZNF148	up	residual	absent	absent
severity	original_severity	7750	ZMYM2	up	residual	absent	absent
severity	original_severity	7798	LUZP1	up	residual	absent	absent
severity	original_severity	783	CACNB2	up	residual	absent	absent
severity	original_severity	7846	TUBA1A	up	residual	absent	absent
severity	original_severity	79073	TMEM109	down	residual	absent	absent
severity	original_severity	79095	BBLN	up	excluded_partner_unresolved	conflict	within_source_direction_conflict
severity	original_severity	79096	CSTPP1	up	excluded_partner_unresolved	conflict	within_source_direction_conflict
severity	original_severity	79567	RIPOR1	down	residual	absent	absent
severity	original_severity	79750	ZNF385D	up	residual	absent	absent
severity	original_severity	79780	CCDC82	up	residual	absent	absent
severity	original_severity	79794	SPRING1	up	excluded_partner_unresolved	conflict	within_source_direction_conflict
severity	original_severity	79924	ADM2	up	residual	absent	absent
severity	original_severity	79954	NOL10	up	residual	absent	absent
severity	original_severity	79966	SCD5	down	residual	absent	absent
severity	original_severity	80011	PSME3IP1	up	excluded_partner_unresolved	conflict	within_source_direction_conflict
severity	original_severity	80067	DCAF17	up	residual	absent	absent
severity	original_severity	80256	ATOSB	up	excluded_partner_unresolved	conflict	within_source_direction_conflict
severity	original_severity	80262	PHAF1	up	excluded_partner_unresolved	conflict	within_source_direction_conflict
severity	original_severity	80279	CDK5RAP3	up	residual	absent	absent
severity	original_severity	80349	SKIC8	up	core	up	eligible
severity	original_severity	81533	ITFG1	down	residual	absent	absent
severity	original_severity	81551	STMN4	down	residual	absent	absent
severity	original_severity	81553	CYRIA	up	excluded_partner_unresolved	conflict	within_source_direction_conflict
severity	original_severity	81576	YJU2B	up	residual	absent	absent
severity	original_severity	81618	ITM2C	down	residual	absent	absent
severity	original_severity	81669	CCNL2	up	residual	absent	absent
severity	original_severity	81688	C6orf62	up	residual	absent	absent
severity	original_severity	81894	SLC25A28	up	residual	absent	absent
severity	original_severity	81928	CABLES2	up	residual	absent	absent
severity	original_severity	833	CARS1	up	excluded_partner_unresolved	conflict	within_source_direction_conflict
severity	original_severity	8334	H2AC6	up	core	up	eligible
severity	original_severity	83698	CALN1	up	residual	absent	absent
severity	original_severity	837	CASP4	up	residual	absent	absent
severity	original_severity	83719	YPEL3	up	residual	absent	absent
severity	original_severity	84033	OBSCN	down	residual	absent	absent
severity	original_severity	8404	SPARCL1	up	excluded_cross_source_opposed	down	eligible
severity	original_severity	84067	FHIP1B	up	core	up	eligible
severity	original_severity	84085	FBXO30	up	residual	absent	absent
severity	original_severity	84129	ACAD11	up	residual	absent	absent
severity	original_severity	84162	BLTP1	up	excluded_partner_unresolved	conflict	within_source_direction_conflict
severity	original_severity	84293	PRXL2A	down	residual	absent	absent
severity	original_severity	8450	CUL4B	up	residual	absent	absent
severity	original_severity	84529	CDIN1	up	excluded_partner_unresolved	conflict	within_source_direction_conflict
severity	original_severity	8454	CUL1	up	residual	absent	absent
severity	original_severity	84542	SANBR	up	excluded_partner_unresolved	conflict	within_source_direction_conflict
severity	original_severity	84668	HYCC1	up	excluded_partner_unresolved	conflict	within_source_direction_conflict
severity	original_severity	8473	OGT	up	residual	absent	absent
severity	original_severity	8476	CDC42BPA	up	residual	absent	absent
severity	original_severity	84926	SPRYD3	down	residual	absent	absent
severity	original_severity	84930	MASTL	up	residual	absent	absent
severity	original_severity	8525	DGKZ	up	residual	absent	absent
severity	original_severity	8545	CGGBP1	up	residual	absent	absent
severity	original_severity	85457	CIPC	up	residual	absent	absent
severity	original_severity	85460	ZNF518B	up	residual	absent	absent
severity	original_severity	8565	YARS1	up	excluded_partner_unresolved	conflict	within_source_direction_conflict
severity	original_severity	8567	MADD	up	residual	absent	absent
severity	original_severity	8615	USO1	up	residual	absent	absent
severity	original_severity	8907	AP1M1	down	residual	absent	absent
severity	original_severity	8936	WASF1	up	residual	absent	absent
severity	original_severity	8974	P4HA2	down	residual	absent	absent
severity	original_severity	8989	TRPA1	down	core	down	eligible
severity	original_severity	9019	MPZL1	down	residual	absent	absent
severity	original_severity	90355	MACIR	up	excluded_partner_unresolved	conflict	within_source_direction_conflict
severity	original_severity	9040	UBE2M	up	residual	absent	absent
severity	original_severity	90701	SEC11C	down	residual	absent	absent
severity	original_severity	90835	CFAP119	up	excluded_partner_unresolved	conflict	within_source_direction_conflict
severity	original_severity	9123	SLC16A3	down	residual	absent	absent
severity	original_severity	91748	MIDEAS	down	excluded_partner_unresolved	conflict	within_source_direction_conflict
severity	original_severity	91966	EOLA1	up	excluded_partner_unresolved	conflict	within_source_direction_conflict
severity	original_severity	91978	TPGS1	down	residual	absent	absent
severity	original_severity	9202	ZMYM4	up	residual	absent	absent
severity	original_severity	9240	PNMA1	down	residual	absent	absent
severity	original_severity	9253	NUMBL	down	residual	absent	absent
severity	original_severity	92815	H2AC25	up	excluded_partner_unresolved	conflict	within_source_direction_conflict
severity	original_severity	9296	ATP6V1F	up	residual	absent	absent
severity	original_severity	92979	MARCHF9	up	excluded_partner_unresolved	conflict	within_source_direction_conflict
severity	original_severity	9371	KIF3B	up	residual	absent	absent
severity	original_severity	9413	ENTREP1	up	excluded_partner_unresolved	conflict	within_source_direction_conflict
severity	original_severity	9530	BAG4	up	residual	absent	absent
severity	original_severity	9536	PTGES	down	residual	absent	absent
severity	original_severity	9555	MACROH2A1	down	excluded_partner_unresolved	conflict	within_source_direction_conflict
severity	original_severity	960	CD44	down	residual	absent	absent
severity	original_severity	9625	LMTK1	up	residual	absent	absent
severity	original_severity	9636	ISG15	down	excluded_cross_source_opposed	up	eligible
severity	original_severity	9648	GCC2	up	residual	absent	absent
severity	original_severity	9652	SKIC3	up	excluded_partner_unresolved	conflict	within_source_direction_conflict
severity	original_severity	9703	BLTP2	up	excluded_partner_unresolved	conflict	within_source_direction_conflict
severity	original_severity	9706	ULK2	up	residual	absent	absent
severity	original_severity	9736	USP34	up	residual	absent	absent
severity	original_severity	9762	LZTS3	down	residual	absent	absent
severity	original_severity	9765	ZFYVE16	up	residual	absent	absent
severity	original_severity	9818	NUP58	up	residual	absent	absent
severity	original_severity	9821	RB1CC1	up	residual	absent	absent
severity	original_severity	9839	ZEB2	up	excluded_cross_source_opposed	down	eligible
severity	original_severity	9857	CEP350	up	residual	absent	absent
severity	original_severity	9897	WASHC5	up	residual	absent	absent
severity	original_severity	9920	KBTBD11	down	residual	absent	absent
severity	original_severity	9931	HELZ	up	residual	absent	absent
severity	original_severity	9969	MED13	up	residual	absent	absent
severity	original_severity	9988	DMTF1	up	residual	absent	absent
